apk,dex_files,wrappers,arity_pairs,arity_wrappers,arity_call_sites,arity_inline_hooks,arity_detail,subtype_unwoven,subtype_targets,subtype_detail,before_hooks,branch_target_hooks,branch_detail,keystore_entry_calls,keystore_entry_woven,error
app.eduroam.geteduroam_2685.apk,18,135,13,8,2,0,javax_net_ssl_TrustManagerFactory_getInstance>TrustManagerFactorySpec_g2Event:2|java_security_SecureRandom_getInstance>SecureRandomSpec_g2Event:0|java_security_SecureRandom_getInstance>SecureRandomSpec_g5Event:0|java_security_SecureRandom_getInstance_1>SecureRandomSpec_g4Event:0|java_security_SecureRandom_getInstance_2>SecureRandomSpec_g4Event:0|java_security_SecureRandom_getInstance_3>SecureRandomSpec_g4Event:0|java_security_SecureRandom_getInstance_4>SecureRandomSpec_g2Event:0|java_security_SecureRandom_getInstance_4>SecureRandomSpec_g4Event:0|java_security_SecureRandom_getInstance_4>SecureRandomSpec_g5Event:0|java_security_SecureRandom_getInstance_5>SecureRandomSpec_g2Event:0|java_security_SecureRandom_getInstance_5>SecureRandomSpec_g4Event:0|java_security_SecureRandom_getInstance_5>SecureRandomSpec_g5Event:0|javax_net_ssl_KeyManagerFactory_getInstance>KeyManagerFactorySpec_g2Event:0,2,1,Ljava/security/PublicKey;.getEncoded:()[B:2,14,0,,0,0,
app.maskan.chat_90.apk,13,135,13,8,2,0,javax_net_ssl_TrustManagerFactory_getInstance>TrustManagerFactorySpec_g2Event:2|java_security_SecureRandom_getInstance>SecureRandomSpec_g2Event:0|java_security_SecureRandom_getInstance>SecureRandomSpec_g5Event:0|java_security_SecureRandom_getInstance_1>SecureRandomSpec_g4Event:0|java_security_SecureRandom_getInstance_2>SecureRandomSpec_g4Event:0|java_security_SecureRandom_getInstance_3>SecureRandomSpec_g4Event:0|java_security_SecureRandom_getInstance_4>SecureRandomSpec_g2Event:0|java_security_SecureRandom_getInstance_4>SecureRandomSpec_g4Event:0|java_security_SecureRandom_getInstance_4>SecureRandomSpec_g5Event:0|java_security_SecureRandom_getInstance_5>SecureRandomSpec_g2Event:0|java_security_SecureRandom_getInstance_5>SecureRandomSpec_g4Event:0|java_security_SecureRandom_getInstance_5>SecureRandomSpec_g5Event:0|javax_net_ssl_KeyManagerFactory_getInstance>KeyManagerFactorySpec_g2Event:0,2,1,Ljava/security/PublicKey;.getEncoded:()[B:2,73,0,,0,0,
app.michaelwuensch.bitbanana_79.apk,21,135,13,8,17,0,javax_net_ssl_TrustManagerFactory_getInstance>TrustManagerFactorySpec_g2Event:10|java_security_SecureRandom_getInstance>SecureRandomSpec_g2Event:4|java_security_SecureRandom_getInstance>SecureRandomSpec_g5Event:4|javax_net_ssl_KeyManagerFactory_getInstance>KeyManagerFactorySpec_g2Event:3|java_security_SecureRandom_getInstance_1>SecureRandomSpec_g4Event:0|java_security_SecureRandom_getInstance_2>SecureRandomSpec_g4Event:0|java_security_SecureRandom_getInstance_3>SecureRandomSpec_g4Event:0|java_security_SecureRandom_getInstance_4>SecureRandomSpec_g2Event:0|java_security_SecureRandom_getInstance_4>SecureRandomSpec_g4Event:0|java_security_SecureRandom_getInstance_4>SecureRandomSpec_g5Event:0|java_security_SecureRandom_getInstance_5>SecureRandomSpec_g2Event:0|java_security_SecureRandom_getInstance_5>SecureRandomSpec_g4Event:0|java_security_SecureRandom_getInstance_5>SecureRandomSpec_g5Event:0,6,2,Ljava/security/PublicKey;.getEncoded:()[B:4|Ljavax/crypto/SecretKey;.getEncoded:()[B:2,132,0,,0,0,
app.pachli_50.apk,24,135,13,8,10,0,javax_net_ssl_TrustManagerFactory_getInstance>TrustManagerFactorySpec_g2Event:4|javax_net_ssl_KeyManagerFactory_getInstance>KeyManagerFactorySpec_g2Event:3|java_security_SecureRandom_getInstance_2>SecureRandomSpec_g4Event:2|java_security_SecureRandom_getInstance>SecureRandomSpec_g2Event:1|java_security_SecureRandom_getInstance>SecureRandomSpec_g5Event:1|java_security_SecureRandom_getInstance_1>SecureRandomSpec_g4Event:0|java_security_SecureRandom_getInstance_3>SecureRandomSpec_g4Event:0|java_security_SecureRandom_getInstance_4>SecureRandomSpec_g2Event:0|java_security_SecureRandom_getInstance_4>SecureRandomSpec_g4Event:0|java_security_SecureRandom_getInstance_4>SecureRandomSpec_g5Event:0|java_security_SecureRandom_getInstance_5>SecureRandomSpec_g2Event:0|java_security_SecureRandom_getInstance_5>SecureRandomSpec_g4Event:0|java_security_SecureRandom_getInstance_5>SecureRandomSpec_g5Event:0,26,4,Ljava/security/PublicKey;.getEncoded:()[B:10|Ljava/security/PrivateKey;.getEncoded:()[B:9|Ljavax/crypto/SecretKey;.getEncoded:()[B:6|Ljavax/crypto/spec/SecretKeySpec;.getEncoded:()[B:1,142,4,SignatureSpec_i4Event:3|SignatureSpec_updateEvent:1,3,0,
app.plugbrain.android_154.apk,20,135,13,8,0,0,java_security_SecureRandom_getInstance>SecureRandomSpec_g2Event:0|java_security_SecureRandom_getInstance>SecureRandomSpec_g5Event:0|java_security_SecureRandom_getInstance_1>SecureRandomSpec_g4Event:0|java_security_SecureRandom_getInstance_2>SecureRandomSpec_g4Event:0|java_security_SecureRandom_getInstance_3>SecureRandomSpec_g4Event:0|java_security_SecureRandom_getInstance_4>SecureRandomSpec_g2Event:0|java_security_SecureRandom_getInstance_4>SecureRandomSpec_g4Event:0|java_security_SecureRandom_getInstance_4>SecureRandomSpec_g5Event:0|java_security_SecureRandom_getInstance_5>SecureRandomSpec_g2Event:0|java_security_SecureRandom_getInstance_5>SecureRandomSpec_g4Event:0|java_security_SecureRandom_getInstance_5>SecureRandomSpec_g5Event:0|javax_net_ssl_KeyManagerFactory_getInstance>KeyManagerFactorySpec_g2Event:0|javax_net_ssl_TrustManagerFactory_getInstance>TrustManagerFactorySpec_g2Event:0,0,0,,6,0,,0,0,
app.pwhs.universalinstaller_24.apk,25,135,13,8,7,0,java_security_SecureRandom_getInstance>SecureRandomSpec_g2Event:3|java_security_SecureRandom_getInstance>SecureRandomSpec_g5Event:3|javax_net_ssl_KeyManagerFactory_getInstance>KeyManagerFactorySpec_g2Event:2|javax_net_ssl_TrustManagerFactory_getInstance>TrustManagerFactorySpec_g2Event:2|java_security_SecureRandom_getInstance_1>SecureRandomSpec_g4Event:0|java_security_SecureRandom_getInstance_2>SecureRandomSpec_g4Event:0|java_security_SecureRandom_getInstance_3>SecureRandomSpec_g4Event:0|java_security_SecureRandom_getInstance_4>SecureRandomSpec_g2Event:0|java_security_SecureRandom_getInstance_4>SecureRandomSpec_g4Event:0|java_security_SecureRandom_getInstance_4>SecureRandomSpec_g5Event:0|java_security_SecureRandom_getInstance_5>SecureRandomSpec_g2Event:0|java_security_SecureRandom_getInstance_5>SecureRandomSpec_g4Event:0|java_security_SecureRandom_getInstance_5>SecureRandomSpec_g5Event:0,6,1,Ljava/security/PublicKey;.getEncoded:()[B:6,57,4,SignatureSpec_updateEvent:4,0,0,
at.techbee.jtx_216000015.apk,22,135,13,8,4,0,java_security_SecureRandom_getInstance>SecureRandomSpec_g2Event:2|java_security_SecureRandom_getInstance>SecureRandomSpec_g5Event:2|javax_net_ssl_TrustManagerFactory_getInstance>TrustManagerFactorySpec_g2Event:2|java_security_SecureRandom_getInstance_1>SecureRandomSpec_g4Event:0|java_security_SecureRandom_getInstance_2>SecureRandomSpec_g4Event:0|java_security_SecureRandom_getInstance_3>SecureRandomSpec_g4Event:0|java_security_SecureRandom_getInstance_4>SecureRandomSpec_g2Event:0|java_security_SecureRandom_getInstance_4>SecureRandomSpec_g4Event:0|java_security_SecureRandom_getInstance_4>SecureRandomSpec_g5Event:0|java_security_SecureRandom_getInstance_5>SecureRandomSpec_g2Event:0|java_security_SecureRandom_getInstance_5>SecureRandomSpec_g4Event:0|java_security_SecureRandom_getInstance_5>SecureRandomSpec_g5Event:0|javax_net_ssl_KeyManagerFactory_getInstance>KeyManagerFactorySpec_g2Event:0,2,1,Ljava/security/PublicKey;.getEncoded:()[B:2,20,0,,0,0,
be.digitalia.fosdem_2300230.apk,17,135,13,8,3,0,javax_net_ssl_TrustManagerFactory_getInstance>TrustManagerFactorySpec_g2Event:2|javax_net_ssl_KeyManagerFactory_getInstance>KeyManagerFactorySpec_g2Event:1|java_security_SecureRandom_getInstance>SecureRandomSpec_g2Event:0|java_security_SecureRandom_getInstance>SecureRandomSpec_g5Event:0|java_security_SecureRandom_getInstance_1>SecureRandomSpec_g4Event:0|java_security_SecureRandom_getInstance_2>SecureRandomSpec_g4Event:0|java_security_SecureRandom_getInstance_3>SecureRandomSpec_g4Event:0|java_security_SecureRandom_getInstance_4>SecureRandomSpec_g2Event:0|java_security_SecureRandom_getInstance_4>SecureRandomSpec_g4Event:0|java_security_SecureRandom_getInstance_4>SecureRandomSpec_g5Event:0|java_security_SecureRandom_getInstance_5>SecureRandomSpec_g2Event:0|java_security_SecureRandom_getInstance_5>SecureRandomSpec_g4Event:0|java_security_SecureRandom_getInstance_5>SecureRandomSpec_g5Event:0,5,2,Ljava/security/PublicKey;.getEncoded:()[B:3|Ljava/security/PrivateKey;.getEncoded:()[B:2,14,0,,0,0,
br.com.colman.petals_3040000.apk,19,135,13,8,0,0,java_security_SecureRandom_getInstance>SecureRandomSpec_g2Event:0|java_security_SecureRandom_getInstance>SecureRandomSpec_g5Event:0|java_security_SecureRandom_getInstance_1>SecureRandomSpec_g4Event:0|java_security_SecureRandom_getInstance_2>SecureRandomSpec_g4Event:0|java_security_SecureRandom_getInstance_3>SecureRandomSpec_g4Event:0|java_security_SecureRandom_getInstance_4>SecureRandomSpec_g2Event:0|java_security_SecureRandom_getInstance_4>SecureRandomSpec_g4Event:0|java_security_SecureRandom_getInstance_4>SecureRandomSpec_g5Event:0|java_security_SecureRandom_getInstance_5>SecureRandomSpec_g2Event:0|java_security_SecureRandom_getInstance_5>SecureRandomSpec_g4Event:0|java_security_SecureRandom_getInstance_5>SecureRandomSpec_g5Event:0|javax_net_ssl_KeyManagerFactory_getInstance>KeyManagerFactorySpec_g2Event:0|javax_net_ssl_TrustManagerFactory_getInstance>TrustManagerFactorySpec_g2Event:0,0,0,,6,0,,0,0,
cc.sovellus.vrcaa_300007.apk,22,135,13,8,1,0,javax_net_ssl_TrustManagerFactory_getInstance>TrustManagerFactorySpec_g2Event:1|java_security_SecureRandom_getInstance>SecureRandomSpec_g2Event:0|java_security_SecureRandom_getInstance>SecureRandomSpec_g5Event:0|java_security_SecureRandom_getInstance_1>SecureRandomSpec_g4Event:0|java_security_SecureRandom_getInstance_2>SecureRandomSpec_g4Event:0|java_security_SecureRandom_getInstance_3>SecureRandomSpec_g4Event:0|java_security_SecureRandom_getInstance_4>SecureRandomSpec_g2Event:0|java_security_SecureRandom_getInstance_4>SecureRandomSpec_g4Event:0|java_security_SecureRandom_getInstance_4>SecureRandomSpec_g5Event:0|java_security_SecureRandom_getInstance_5>SecureRandomSpec_g2Event:0|java_security_SecureRandom_getInstance_5>SecureRandomSpec_g4Event:0|java_security_SecureRandom_getInstance_5>SecureRandomSpec_g5Event:0|javax_net_ssl_KeyManagerFactory_getInstance>KeyManagerFactorySpec_g2Event:0,2,1,Ljava/security/PublicKey;.getEncoded:()[B:2,7,0,,0,0,
ch.joshuah.bibleverseapp_8.apk,11,135,13,8,2,0,javax_net_ssl_TrustManagerFactory_getInstance>TrustManagerFactorySpec_g2Event:2|java_security_SecureRandom_getInstance>SecureRandomSpec_g2Event:0|java_security_SecureRandom_getInstance>SecureRandomSpec_g5Event:0|java_security_SecureRandom_getInstance_1>SecureRandomSpec_g4Event:0|java_security_SecureRandom_getInstance_2>SecureRandomSpec_g4Event:0|java_security_SecureRandom_getInstance_3>SecureRandomSpec_g4Event:0|java_security_SecureRandom_getInstance_4>SecureRandomSpec_g2Event:0|java_security_SecureRandom_getInstance_4>SecureRandomSpec_g4Event:0|java_security_SecureRandom_getInstance_4>SecureRandomSpec_g5Event:0|java_security_SecureRandom_getInstance_5>SecureRandomSpec_g2Event:0|java_security_SecureRandom_getInstance_5>SecureRandomSpec_g4Event:0|java_security_SecureRandom_getInstance_5>SecureRandomSpec_g5Event:0|javax_net_ssl_KeyManagerFactory_getInstance>KeyManagerFactorySpec_g2Event:0,2,1,Ljava/security/PublicKey;.getEncoded:()[B:2,9,0,,0,0,
ch.rmy.android.http_shortcuts_1104060001.apk,32,135,13,8,8,0,javax_net_ssl_KeyManagerFactory_getInstance>KeyManagerFactorySpec_g2Event:4|javax_net_ssl_TrustManagerFactory_getInstance>TrustManagerFactorySpec_g2Event:4|java_security_SecureRandom_getInstance>SecureRandomSpec_g2Event:0|java_security_SecureRandom_getInstance>SecureRandomSpec_g5Event:0|java_security_SecureRandom_getInstance_1>SecureRandomSpec_g4Event:0|java_security_SecureRandom_getInstance_2>SecureRandomSpec_g4Event:0|java_security_SecureRandom_getInstance_3>SecureRandomSpec_g4Event:0|java_security_SecureRandom_getInstance_4>SecureRandomSpec_g2Event:0|java_security_SecureRandom_getInstance_4>SecureRandomSpec_g4Event:0|java_security_SecureRandom_getInstance_4>SecureRandomSpec_g5Event:0|java_security_SecureRandom_getInstance_5>SecureRandomSpec_g2Event:0|java_security_SecureRandom_getInstance_5>SecureRandomSpec_g4Event:0|java_security_SecureRandom_getInstance_5>SecureRandomSpec_g5Event:0,18,4,Ljava/security/PublicKey;.getEncoded:()[B:8|Ljavax/crypto/SecretKey;.getEncoded:()[B:6|Ljava/security/PrivateKey;.getEncoded:()[B:3|Ljavax/crypto/spec/SecretKeySpec;.getEncoded:()[B:1,54,5,SignatureSpec_i4Event:3|KeyManagerFactorySpec_initEvent:1|SignatureSpec_updateEvent:1,1,0,
co.epitre.aelf_lectures_86.apk,16,135,13,8,4,0,javax_net_ssl_TrustManagerFactory_getInstance>TrustManagerFactorySpec_g2Event:3|javax_net_ssl_KeyManagerFactory_getInstance>KeyManagerFactorySpec_g2Event:1|java_security_SecureRandom_getInstance>SecureRandomSpec_g2Event:0|java_security_SecureRandom_getInstance>SecureRandomSpec_g5Event:0|java_security_SecureRandom_getInstance_1>SecureRandomSpec_g4Event:0|java_security_SecureRandom_getInstance_2>SecureRandomSpec_g4Event:0|java_security_SecureRandom_getInstance_3>SecureRandomSpec_g4Event:0|java_security_SecureRandom_getInstance_4>SecureRandomSpec_g2Event:0|java_security_SecureRandom_getInstance_4>SecureRandomSpec_g4Event:0|java_security_SecureRandom_getInstance_4>SecureRandomSpec_g5Event:0|java_security_SecureRandom_getInstance_5>SecureRandomSpec_g2Event:0|java_security_SecureRandom_getInstance_5>SecureRandomSpec_g4Event:0|java_security_SecureRandom_getInstance_5>SecureRandomSpec_g5Event:0,5,2,Ljava/security/PublicKey;.getEncoded:()[B:3|Ljava/security/PrivateKey;.getEncoded:()[B:2,17,0,,0,0,
com.a4a.g8invoicing_50.apk,22,135,13,8,1,0,java_security_SecureRandom_getInstance>SecureRandomSpec_g2Event:1|java_security_SecureRandom_getInstance>SecureRandomSpec_g5Event:1|java_security_SecureRandom_getInstance_1>SecureRandomSpec_g4Event:0|java_security_SecureRandom_getInstance_2>SecureRandomSpec_g4Event:0|java_security_SecureRandom_getInstance_3>SecureRandomSpec_g4Event:0|java_security_SecureRandom_getInstance_4>SecureRandomSpec_g2Event:0|java_security_SecureRandom_getInstance_4>SecureRandomSpec_g4Event:0|java_security_SecureRandom_getInstance_4>SecureRandomSpec_g5Event:0|java_security_SecureRandom_getInstance_5>SecureRandomSpec_g2Event:0|java_security_SecureRandom_getInstance_5>SecureRandomSpec_g4Event:0|java_security_SecureRandom_getInstance_5>SecureRandomSpec_g5Event:0|javax_net_ssl_KeyManagerFactory_getInstance>KeyManagerFactorySpec_g2Event:0|javax_net_ssl_TrustManagerFactory_getInstance>TrustManagerFactorySpec_g2Event:0,3,2,Ljavax/crypto/SecretKey;.getEncoded:()[B:2|Ljava/security/PublicKey;.getEncoded:()[B:1,80,3,IvChainJunctionSpec_useEvent+CipherSpec_i2Event:2|IvChainJunctionSpec_useRandomSpecEvent+IvChainJunctionSpec_useEvent+CipherSpec_i2Event:1,0,0,
com.absinthe.libchecker_2671.apk,21,135,13,8,1,0,javax_net_ssl_TrustManagerFactory_getInstance>TrustManagerFactorySpec_g2Event:1|java_security_SecureRandom_getInstance>SecureRandomSpec_g2Event:0|java_security_SecureRandom_getInstance>SecureRandomSpec_g5Event:0|java_security_SecureRandom_getInstance_1>SecureRandomSpec_g4Event:0|java_security_SecureRandom_getInstance_2>SecureRandomSpec_g4Event:0|java_security_SecureRandom_getInstance_3>SecureRandomSpec_g4Event:0|java_security_SecureRandom_getInstance_4>SecureRandomSpec_g2Event:0|java_security_SecureRandom_getInstance_4>SecureRandomSpec_g4Event:0|java_security_SecureRandom_getInstance_4>SecureRandomSpec_g5Event:0|java_security_SecureRandom_getInstance_5>SecureRandomSpec_g2Event:0|java_security_SecureRandom_getInstance_5>SecureRandomSpec_g4Event:0|java_security_SecureRandom_getInstance_5>SecureRandomSpec_g5Event:0|javax_net_ssl_KeyManagerFactory_getInstance>KeyManagerFactorySpec_g2Event:0,3,2,Ljava/security/PublicKey;.getEncoded:()[B:2|Ljavax/crypto/SecretKey;.getEncoded:()[B:1,73,0,,0,0,
com.afkanerd.deku_83.apk,3,135,13,8,7,0,javax_net_ssl_TrustManagerFactory_getInstance>TrustManagerFactorySpec_g2Event:5|javax_net_ssl_KeyManagerFactory_getInstance>KeyManagerFactorySpec_g2Event:2|java_security_SecureRandom_getInstance>SecureRandomSpec_g2Event:0|java_security_SecureRandom_getInstance>SecureRandomSpec_g5Event:0|java_security_SecureRandom_getInstance_1>SecureRandomSpec_g4Event:0|java_security_SecureRandom_getInstance_2>SecureRandomSpec_g4Event:0|java_security_SecureRandom_getInstance_3>SecureRandomSpec_g4Event:0|java_security_SecureRandom_getInstance_4>SecureRandomSpec_g2Event:0|java_security_SecureRandom_getInstance_4>SecureRandomSpec_g4Event:0|java_security_SecureRandom_getInstance_4>SecureRandomSpec_g5Event:0|java_security_SecureRandom_getInstance_5>SecureRandomSpec_g2Event:0|java_security_SecureRandom_getInstance_5>SecureRandomSpec_g4Event:0|java_security_SecureRandom_getInstance_5>SecureRandomSpec_g5Event:0,1,1,Ljavax/crypto/spec/SecretKeySpec;.getEncoded:()[B:1,77,5,SignatureSpec_i4Event:3|CipherSpec_i2Event:1|SignatureSpec_updateEvent:1,4,0,
com.antony.muzei.pixiv_327.apk,2,135,13,8,2,0,javax_net_ssl_TrustManagerFactory_getInstance>TrustManagerFactorySpec_g2Event:2|java_security_SecureRandom_getInstance>SecureRandomSpec_g2Event:0|java_security_SecureRandom_getInstance>SecureRandomSpec_g5Event:0|java_security_SecureRandom_getInstance_1>SecureRandomSpec_g4Event:0|java_security_SecureRandom_getInstance_2>SecureRandomSpec_g4Event:0|java_security_SecureRandom_getInstance_3>SecureRandomSpec_g4Event:0|java_security_SecureRandom_getInstance_4>SecureRandomSpec_g2Event:0|java_security_SecureRandom_getInstance_4>SecureRandomSpec_g4Event:0|java_security_SecureRandom_getInstance_4>SecureRandomSpec_g5Event:0|java_security_SecureRandom_getInstance_5>SecureRandomSpec_g2Event:0|java_security_SecureRandom_getInstance_5>SecureRandomSpec_g4Event:0|java_security_SecureRandom_getInstance_5>SecureRandomSpec_g5Event:0|javax_net_ssl_KeyManagerFactory_getInstance>KeyManagerFactorySpec_g2Event:0,0,0,,5,0,,0,0,
com.apps.adrcotfas.goodtime_348.apk,20,135,13,8,0,0,java_security_SecureRandom_getInstance>SecureRandomSpec_g2Event:0|java_security_SecureRandom_getInstance>SecureRandomSpec_g5Event:0|java_security_SecureRandom_getInstance_1>SecureRandomSpec_g4Event:0|java_security_SecureRandom_getInstance_2>SecureRandomSpec_g4Event:0|java_security_SecureRandom_getInstance_3>SecureRandomSpec_g4Event:0|java_security_SecureRandom_getInstance_4>SecureRandomSpec_g2Event:0|java_security_SecureRandom_getInstance_4>SecureRandomSpec_g4Event:0|java_security_SecureRandom_getInstance_4>SecureRandomSpec_g5Event:0|java_security_SecureRandom_getInstance_5>SecureRandomSpec_g2Event:0|java_security_SecureRandom_getInstance_5>SecureRandomSpec_g4Event:0|java_security_SecureRandom_getInstance_5>SecureRandomSpec_g5Event:0|javax_net_ssl_KeyManagerFactory_getInstance>KeyManagerFactorySpec_g2Event:0|javax_net_ssl_TrustManagerFactory_getInstance>TrustManagerFactorySpec_g2Event:0,0,0,,7,0,,0,0,
com.arslan.shizuwall_40.apk,16,135,13,8,8,0,javax_net_ssl_KeyManagerFactory_getInstance>KeyManagerFactorySpec_g2Event:3|javax_net_ssl_TrustManagerFactory_getInstance>TrustManagerFactorySpec_g2Event:2|java_security_SecureRandom_getInstance>SecureRandomSpec_g2Event:1|java_security_SecureRandom_getInstance>SecureRandomSpec_g5Event:1|java_security_SecureRandom_getInstance_1>SecureRandomSpec_g4Event:1|java_security_SecureRandom_getInstance_2>SecureRandomSpec_g4Event:1|java_security_SecureRandom_getInstance_3>SecureRandomSpec_g4Event:0|java_security_SecureRandom_getInstance_4>SecureRandomSpec_g2Event:0|java_security_SecureRandom_getInstance_4>SecureRandomSpec_g4Event:0|java_security_SecureRandom_getInstance_4>SecureRandomSpec_g5Event:0|java_security_SecureRandom_getInstance_5>SecureRandomSpec_g2Event:0|java_security_SecureRandom_getInstance_5>SecureRandomSpec_g4Event:0|java_security_SecureRandom_getInstance_5>SecureRandomSpec_g5Event:0,123,7,Ljava/security/PublicKey;.getEncoded:()[B:61|Ljavax/crypto/SecretKey;.getEncoded:()[B:31|Ljava/security/PrivateKey;.getEncoded:()[B:22|Ljava/security/interfaces/ECPublicKey;.getEncoded:()[B:4|Ljava/security/interfaces/ECPrivateKey;.getEncoded:()[B:2|Ljavax/crypto/spec/SecretKeySpec;.getEncoded:()[B:2|Ljavax/crypto/interfaces/PBEKey;.getEncoded:()[B:1,362,31,SecureRandomSpec_next2Event:13|SignatureSpec_i1Event:5|IvChainJunctionSpec_useEvent+CipherSpec_i2Event:3|KeyGeneratorSpec_initRandomSizeEvent:3|SignatureSpec_i4Event:3|CipherSpec_i2Event:2|KeyManagerFactorySpec_initEvent:1|SignatureSpec_updateEvent:1,1,0,
com.beemdevelopment.aegis_81.apk,20,135,13,8,3,0,java_security_SecureRandom_getInstance>SecureRandomSpec_g2Event:1|java_security_SecureRandom_getInstance>SecureRandomSpec_g5Event:1|java_security_SecureRandom_getInstance_1>SecureRandomSpec_g4Event:1|java_security_SecureRandom_getInstance_2>SecureRandomSpec_g4Event:1|java_security_SecureRandom_getInstance_3>SecureRandomSpec_g4Event:0|java_security_SecureRandom_getInstance_4>SecureRandomSpec_g2Event:0|java_security_SecureRandom_getInstance_4>SecureRandomSpec_g4Event:0|java_security_SecureRandom_getInstance_4>SecureRandomSpec_g5Event:0|java_security_SecureRandom_getInstance_5>SecureRandomSpec_g2Event:0|java_security_SecureRandom_getInstance_5>SecureRandomSpec_g4Event:0|java_security_SecureRandom_getInstance_5>SecureRandomSpec_g5Event:0|javax_net_ssl_KeyManagerFactory_getInstance>KeyManagerFactorySpec_g2Event:0|javax_net_ssl_TrustManagerFactory_getInstance>TrustManagerFactorySpec_g2Event:0,57,7,Ljava/security/PublicKey;.getEncoded:()[B:28|Ljavax/crypto/SecretKey;.getEncoded:()[B:16|Ljava/security/PrivateKey;.getEncoded:()[B:8|Ljava/security/interfaces/ECPublicKey;.getEncoded:()[B:2|Ljava/security/interfaces/ECPrivateKey;.getEncoded:()[B:1|Ljavax/crypto/interfaces/PBEKey;.getEncoded:()[B:1|Ljavax/crypto/spec/SecretKeySpec;.getEncoded:()[B:1,240,19,SecureRandomSpec_next2Event:13|SignatureSpec_i1Event:4|CipherSpec_i2Event:1|IvChainJunctionSpec_useEvent+CipherSpec_i2Event:1,0,0,
com.blacksquircle.ui_10028.apk,29,135,13,8,5,0,javax_net_ssl_TrustManagerFactory_getInstance>TrustManagerFactorySpec_g2Event:2|java_security_SecureRandom_getInstance>SecureRandomSpec_g2Event:1|java_security_SecureRandom_getInstance>SecureRandomSpec_g5Event:1|java_security_SecureRandom_getInstance_1>SecureRandomSpec_g4Event:1|java_security_SecureRandom_getInstance_2>SecureRandomSpec_g4Event:1|java_security_SecureRandom_getInstance_3>SecureRandomSpec_g4Event:0|java_security_SecureRandom_getInstance_4>SecureRandomSpec_g2Event:0|java_security_SecureRandom_getInstance_4>SecureRandomSpec_g4Event:0|java_security_SecureRandom_getInstance_4>SecureRandomSpec_g5Event:0|java_security_SecureRandom_getInstance_5>SecureRandomSpec_g2Event:0|java_security_SecureRandom_getInstance_5>SecureRandomSpec_g4Event:0|java_security_SecureRandom_getInstance_5>SecureRandomSpec_g5Event:0|javax_net_ssl_KeyManagerFactory_getInstance>KeyManagerFactorySpec_g2Event:0,62,7,Ljava/security/PublicKey;.getEncoded:()[B:34|Ljavax/crypto/SecretKey;.getEncoded:()[B:14|Ljava/security/PrivateKey;.getEncoded:()[B:9|Ljava/security/interfaces/ECPublicKey;.getEncoded:()[B:2|Ljava/security/interfaces/ECPrivateKey;.getEncoded:()[B:1|Ljavax/crypto/interfaces/PBEKey;.getEncoded:()[B:1|Ljavax/crypto/spec/SecretKeySpec;.getEncoded:()[B:1,262,22,SecureRandomSpec_next2Event:13|SignatureSpec_i1Event:4|CipherSpec_i2Event:3|IvChainJunctionSpec_useEvent+CipherSpec_i2Event:1|SignatureSpec_updateEvent:1,0,0,
com.celzero.bravedns_619.apk,20,135,13,8,1,0,javax_net_ssl_TrustManagerFactory_getInstance>TrustManagerFactorySpec_g2Event:1|java_security_SecureRandom_getInstance>SecureRandomSpec_g2Event:0|java_security_SecureRandom_getInstance>SecureRandomSpec_g5Event:0|java_security_SecureRandom_getInstance_1>SecureRandomSpec_g4Event:0|java_security_SecureRandom_getInstance_2>SecureRandomSpec_g4Event:0|java_security_SecureRandom_getInstance_3>SecureRandomSpec_g4Event:0|java_security_SecureRandom_getInstance_4>SecureRandomSpec_g2Event:0|java_security_SecureRandom_getInstance_4>SecureRandomSpec_g4Event:0|java_security_SecureRandom_getInstance_4>SecureRandomSpec_g5Event:0|java_security_SecureRandom_getInstance_5>SecureRandomSpec_g2Event:0|java_security_SecureRandom_getInstance_5>SecureRandomSpec_g4Event:0|java_security_SecureRandom_getInstance_5>SecureRandomSpec_g5Event:0|javax_net_ssl_KeyManagerFactory_getInstance>KeyManagerFactorySpec_g2Event:0,2,1,Ljava/security/PublicKey;.getEncoded:()[B:2,75,0,,0,0,
com.cointrend_10304.apk,11,135,13,8,1,0,javax_net_ssl_TrustManagerFactory_getInstance>TrustManagerFactorySpec_g2Event:1|java_security_SecureRandom_getInstance>SecureRandomSpec_g2Event:0|java_security_SecureRandom_getInstance>SecureRandomSpec_g5Event:0|java_security_SecureRandom_getInstance_1>SecureRandomSpec_g4Event:0|java_security_SecureRandom_getInstance_2>SecureRandomSpec_g4Event:0|java_security_SecureRandom_getInstance_3>SecureRandomSpec_g4Event:0|java_security_SecureRandom_getInstance_4>SecureRandomSpec_g2Event:0|java_security_SecureRandom_getInstance_4>SecureRandomSpec_g4Event:0|java_security_SecureRandom_getInstance_4>SecureRandomSpec_g5Event:0|java_security_SecureRandom_getInstance_5>SecureRandomSpec_g2Event:0|java_security_SecureRandom_getInstance_5>SecureRandomSpec_g4Event:0|java_security_SecureRandom_getInstance_5>SecureRandomSpec_g5Event:0|javax_net_ssl_KeyManagerFactory_getInstance>KeyManagerFactorySpec_g2Event:0,2,1,Ljava/security/PublicKey;.getEncoded:()[B:2,7,0,,0,0,
com.craxiom.networksurvey_114.apk,24,135,13,8,18,0,javax_net_ssl_TrustManagerFactory_getInstance>TrustManagerFactorySpec_g2Event:11|javax_net_ssl_KeyManagerFactory_getInstance>KeyManagerFactorySpec_g2Event:7|java_security_SecureRandom_getInstance>SecureRandomSpec_g2Event:0|java_security_SecureRandom_getInstance>SecureRandomSpec_g5Event:0|java_security_SecureRandom_getInstance_1>SecureRandomSpec_g4Event:0|java_security_SecureRandom_getInstance_2>SecureRandomSpec_g4Event:0|java_security_SecureRandom_getInstance_3>SecureRandomSpec_g4Event:0|java_security_SecureRandom_getInstance_4>SecureRandomSpec_g2Event:0|java_security_SecureRandom_getInstance_4>SecureRandomSpec_g4Event:0|java_security_SecureRandom_getInstance_4>SecureRandomSpec_g5Event:0|java_security_SecureRandom_getInstance_5>SecureRandomSpec_g2Event:0|java_security_SecureRandom_getInstance_5>SecureRandomSpec_g4Event:0|java_security_SecureRandom_getInstance_5>SecureRandomSpec_g5Event:0,7,3,Ljava/security/PublicKey;.getEncoded:()[B:3|Ljava/security/PrivateKey;.getEncoded:()[B:2|Ljavax/crypto/SecretKey;.getEncoded:()[B:2,53,5,KeyManagerFactorySpec_initEvent:3|SecureRandomSpec_next1Event:1|TrustManagerFactorySpec_initEvent:1,2,0,
com.daniebeler.pfpixelix_40.apk,24,135,13,8,3,0,java_security_SecureRandom_getInstance>SecureRandomSpec_g2Event:2|java_security_SecureRandom_getInstance>SecureRandomSpec_g5Event:2|javax_net_ssl_TrustManagerFactory_getInstance>TrustManagerFactorySpec_g2Event:1|java_security_SecureRandom_getInstance_1>SecureRandomSpec_g4Event:0|java_security_SecureRandom_getInstance_2>SecureRandomSpec_g4Event:0|java_security_SecureRandom_getInstance_3>SecureRandomSpec_g4Event:0|java_security_SecureRandom_getInstance_4>SecureRandomSpec_g2Event:0|java_security_SecureRandom_getInstance_4>SecureRandomSpec_g4Event:0|java_security_SecureRandom_getInstance_4>SecureRandomSpec_g5Event:0|java_security_SecureRandom_getInstance_5>SecureRandomSpec_g2Event:0|java_security_SecureRandom_getInstance_5>SecureRandomSpec_g4Event:0|java_security_SecureRandom_getInstance_5>SecureRandomSpec_g5Event:0|javax_net_ssl_KeyManagerFactory_getInstance>KeyManagerFactorySpec_g2Event:0,2,1,Ljava/security/PublicKey;.getEncoded:()[B:2,17,0,,0,0,
com.darkrockstudios.app.securecamera_31.apk,16,135,13,8,0,0,java_security_SecureRandom_getInstance>SecureRandomSpec_g2Event:0|java_security_SecureRandom_getInstance>SecureRandomSpec_g5Event:0|java_security_SecureRandom_getInstance_1>SecureRandomSpec_g4Event:0|java_security_SecureRandom_getInstance_2>SecureRandomSpec_g4Event:0|java_security_SecureRandom_getInstance_3>SecureRandomSpec_g4Event:0|java_security_SecureRandom_getInstance_4>SecureRandomSpec_g2Event:0|java_security_SecureRandom_getInstance_4>SecureRandomSpec_g4Event:0|java_security_SecureRandom_getInstance_4>SecureRandomSpec_g5Event:0|java_security_SecureRandom_getInstance_5>SecureRandomSpec_g2Event:0|java_security_SecureRandom_getInstance_5>SecureRandomSpec_g4Event:0|java_security_SecureRandom_getInstance_5>SecureRandomSpec_g5Event:0|javax_net_ssl_KeyManagerFactory_getInstance>KeyManagerFactorySpec_g2Event:0|javax_net_ssl_TrustManagerFactory_getInstance>TrustManagerFactorySpec_g2Event:0,1,1,Ljavax/crypto/SecretKey;.getEncoded:()[B:1,58,0,,1,0,
com.darkrockstudios.apps.fasttrack_40.apk,18,135,13,8,2,0,javax_net_ssl_TrustManagerFactory_getInstance>TrustManagerFactorySpec_g2Event:2|java_security_SecureRandom_getInstance>SecureRandomSpec_g2Event:0|java_security_SecureRandom_getInstance>SecureRandomSpec_g5Event:0|java_security_SecureRandom_getInstance_1>SecureRandomSpec_g4Event:0|java_security_SecureRandom_getInstance_2>SecureRandomSpec_g4Event:0|java_security_SecureRandom_getInstance_3>SecureRandomSpec_g4Event:0|java_security_SecureRandom_getInstance_4>SecureRandomSpec_g2Event:0|java_security_SecureRandom_getInstance_4>SecureRandomSpec_g4Event:0|java_security_SecureRandom_getInstance_4>SecureRandomSpec_g5Event:0|java_security_SecureRandom_getInstance_5>SecureRandomSpec_g2Event:0|java_security_SecureRandom_getInstance_5>SecureRandomSpec_g4Event:0|java_security_SecureRandom_getInstance_5>SecureRandomSpec_g5Event:0|javax_net_ssl_KeyManagerFactory_getInstance>KeyManagerFactorySpec_g2Event:0,2,1,Ljava/security/PublicKey;.getEncoded:()[B:2,61,0,,0,0,
com.defname.localshare_14.apk,17,135,13,8,14,0,javax_net_ssl_TrustManagerFactory_getInstance>TrustManagerFactorySpec_g2Event:8|javax_net_ssl_KeyManagerFactory_getInstance>KeyManagerFactorySpec_g2Event:4|java_security_SecureRandom_getInstance>SecureRandomSpec_g2Event:2|java_security_SecureRandom_getInstance>SecureRandomSpec_g5Event:2|java_security_SecureRandom_getInstance_1>SecureRandomSpec_g4Event:0|java_security_SecureRandom_getInstance_2>SecureRandomSpec_g4Event:0|java_security_SecureRandom_getInstance_3>SecureRandomSpec_g4Event:0|java_security_SecureRandom_getInstance_4>SecureRandomSpec_g2Event:0|java_security_SecureRandom_getInstance_4>SecureRandomSpec_g4Event:0|java_security_SecureRandom_getInstance_4>SecureRandomSpec_g5Event:0|java_security_SecureRandom_getInstance_5>SecureRandomSpec_g2Event:0|java_security_SecureRandom_getInstance_5>SecureRandomSpec_g4Event:0|java_security_SecureRandom_getInstance_5>SecureRandomSpec_g5Event:0,9,3,Ljava/security/PrivateKey;.getEncoded:()[B:5|Ljava/security/PublicKey;.getEncoded:()[B:2|Ljavax/crypto/SecretKey;.getEncoded:()[B:2,40,4,KeyManagerFactorySpec_initEvent:2|KeyStoreSpec_loadEvent:1|TrustManagerFactorySpec_initEvent:1,1,0,
com.dessalines.habitmaker_5501.apk,16,135,13,8,2,0,javax_net_ssl_TrustManagerFactory_getInstance>TrustManagerFactorySpec_g2Event:2|java_security_SecureRandom_getInstance>SecureRandomSpec_g2Event:0|java_security_SecureRandom_getInstance>SecureRandomSpec_g5Event:0|java_security_SecureRandom_getInstance_1>SecureRandomSpec_g4Event:0|java_security_SecureRandom_getInstance_2>SecureRandomSpec_g4Event:0|java_security_SecureRandom_getInstance_3>SecureRandomSpec_g4Event:0|java_security_SecureRandom_getInstance_4>SecureRandomSpec_g2Event:0|java_security_SecureRandom_getInstance_4>SecureRandomSpec_g4Event:0|java_security_SecureRandom_getInstance_4>SecureRandomSpec_g5Event:0|java_security_SecureRandom_getInstance_5>SecureRandomSpec_g2Event:0|java_security_SecureRandom_getInstance_5>SecureRandomSpec_g4Event:0|java_security_SecureRandom_getInstance_5>SecureRandomSpec_g5Event:0|javax_net_ssl_KeyManagerFactory_getInstance>KeyManagerFactorySpec_g2Event:0,2,1,Ljava/security/PublicKey;.getEncoded:()[B:2,15,0,,0,0,
com.dessalines.rankmyfavs_44.apk,15,135,13,8,2,0,javax_net_ssl_TrustManagerFactory_getInstance>TrustManagerFactorySpec_g2Event:2|java_security_SecureRandom_getInstance>SecureRandomSpec_g2Event:0|java_security_SecureRandom_getInstance>SecureRandomSpec_g5Event:0|java_security_SecureRandom_getInstance_1>SecureRandomSpec_g4Event:0|java_security_SecureRandom_getInstance_2>SecureRandomSpec_g4Event:0|java_security_SecureRandom_getInstance_3>SecureRandomSpec_g4Event:0|java_security_SecureRandom_getInstance_4>SecureRandomSpec_g2Event:0|java_security_SecureRandom_getInstance_4>SecureRandomSpec_g4Event:0|java_security_SecureRandom_getInstance_4>SecureRandomSpec_g5Event:0|java_security_SecureRandom_getInstance_5>SecureRandomSpec_g2Event:0|java_security_SecureRandom_getInstance_5>SecureRandomSpec_g4Event:0|java_security_SecureRandom_getInstance_5>SecureRandomSpec_g5Event:0|javax_net_ssl_KeyManagerFactory_getInstance>KeyManagerFactorySpec_g2Event:0,2,1,Ljava/security/PublicKey;.getEncoded:()[B:2,14,0,,0,0,
com.dessalines.thumbkey_179.apk,17,135,13,8,2,0,javax_net_ssl_TrustManagerFactory_getInstance>TrustManagerFactorySpec_g2Event:2|java_security_SecureRandom_getInstance>SecureRandomSpec_g2Event:0|java_security_SecureRandom_getInstance>SecureRandomSpec_g5Event:0|java_security_SecureRandom_getInstance_1>SecureRandomSpec_g4Event:0|java_security_SecureRandom_getInstance_2>SecureRandomSpec_g4Event:0|java_security_SecureRandom_getInstance_3>SecureRandomSpec_g4Event:0|java_security_SecureRandom_getInstance_4>SecureRandomSpec_g2Event:0|java_security_SecureRandom_getInstance_4>SecureRandomSpec_g4Event:0|java_security_SecureRandom_getInstance_4>SecureRandomSpec_g5Event:0|java_security_SecureRandom_getInstance_5>SecureRandomSpec_g2Event:0|java_security_SecureRandom_getInstance_5>SecureRandomSpec_g4Event:0|java_security_SecureRandom_getInstance_5>SecureRandomSpec_g5Event:0|javax_net_ssl_KeyManagerFactory_getInstance>KeyManagerFactorySpec_g2Event:0,2,1,Ljava/security/PublicKey;.getEncoded:()[B:2,15,0,,0,0,
com.ds.avare_404.apk,21,135,13,8,4,0,java_security_SecureRandom_getInstance_2>SecureRandomSpec_g4Event:2|javax_net_ssl_TrustManagerFactory_getInstance>TrustManagerFactorySpec_g2Event:2|java_security_SecureRandom_getInstance>SecureRandomSpec_g2Event:0|java_security_SecureRandom_getInstance>SecureRandomSpec_g5Event:0|java_security_SecureRandom_getInstance_1>SecureRandomSpec_g4Event:0|java_security_SecureRandom_getInstance_3>SecureRandomSpec_g4Event:0|java_security_SecureRandom_getInstance_4>SecureRandomSpec_g2Event:0|java_security_SecureRandom_getInstance_4>SecureRandomSpec_g4Event:0|java_security_SecureRandom_getInstance_4>SecureRandomSpec_g5Event:0|java_security_SecureRandom_getInstance_5>SecureRandomSpec_g2Event:0|java_security_SecureRandom_getInstance_5>SecureRandomSpec_g4Event:0|java_security_SecureRandom_getInstance_5>SecureRandomSpec_g5Event:0|javax_net_ssl_KeyManagerFactory_getInstance>KeyManagerFactorySpec_g2Event:0,5,2,Ljava/security/PublicKey;.getEncoded:()[B:4|Ljava/security/PrivateKey;.getEncoded:()[B:1,113,1,SecureRandomSpec_next1Event:1,0,0,
com.etesync.syncadapter_20700.apk,3,135,13,8,9,0,javax_net_ssl_TrustManagerFactory_getInstance>TrustManagerFactorySpec_g2Event:7|javax_net_ssl_KeyManagerFactory_getInstance>KeyManagerFactorySpec_g2Event:2|java_security_SecureRandom_getInstance>SecureRandomSpec_g2Event:0|java_security_SecureRandom_getInstance>SecureRandomSpec_g5Event:0|java_security_SecureRandom_getInstance_1>SecureRandomSpec_g4Event:0|java_security_SecureRandom_getInstance_2>SecureRandomSpec_g4Event:0|java_security_SecureRandom_getInstance_3>SecureRandomSpec_g4Event:0|java_security_SecureRandom_getInstance_4>SecureRandomSpec_g2Event:0|java_security_SecureRandom_getInstance_4>SecureRandomSpec_g4Event:0|java_security_SecureRandom_getInstance_4>SecureRandomSpec_g5Event:0|java_security_SecureRandom_getInstance_5>SecureRandomSpec_g2Event:0|java_security_SecureRandom_getInstance_5>SecureRandomSpec_g4Event:0|java_security_SecureRandom_getInstance_5>SecureRandomSpec_g5Event:0,1,1,Ljavax/crypto/spec/SecretKeySpec;.getEncoded:()[B:1,42,4,SignatureSpec_i4Event:3|SignatureSpec_updateEvent:1,1,0,
com.faltenreich.diaguard_68.apk,21,135,13,8,1,0,javax_net_ssl_TrustManagerFactory_getInstance>TrustManagerFactorySpec_g2Event:1|java_security_SecureRandom_getInstance>SecureRandomSpec_g2Event:0|java_security_SecureRandom_getInstance>SecureRandomSpec_g5Event:0|java_security_SecureRandom_getInstance_1>SecureRandomSpec_g4Event:0|java_security_SecureRandom_getInstance_2>SecureRandomSpec_g4Event:0|java_security_SecureRandom_getInstance_3>SecureRandomSpec_g4Event:0|java_security_SecureRandom_getInstance_4>SecureRandomSpec_g2Event:0|java_security_SecureRandom_getInstance_4>SecureRandomSpec_g4Event:0|java_security_SecureRandom_getInstance_4>SecureRandomSpec_g5Event:0|java_security_SecureRandom_getInstance_5>SecureRandomSpec_g2Event:0|java_security_SecureRandom_getInstance_5>SecureRandomSpec_g4Event:0|java_security_SecureRandom_getInstance_5>SecureRandomSpec_g5Event:0|javax_net_ssl_KeyManagerFactory_getInstance>KeyManagerFactorySpec_g2Event:0,2,1,Ljava/security/PublicKey;.getEncoded:()[B:2,6,0,,0,0,
com.flauschcode.broccoli_1040400.apk,17,135,13,8,0,0,java_security_SecureRandom_getInstance>SecureRandomSpec_g2Event:0|java_security_SecureRandom_getInstance>SecureRandomSpec_g5Event:0|java_security_SecureRandom_getInstance_1>SecureRandomSpec_g4Event:0|java_security_SecureRandom_getInstance_2>SecureRandomSpec_g4Event:0|java_security_SecureRandom_getInstance_3>SecureRandomSpec_g4Event:0|java_security_SecureRandom_getInstance_4>SecureRandomSpec_g2Event:0|java_security_SecureRandom_getInstance_4>SecureRandomSpec_g4Event:0|java_security_SecureRandom_getInstance_4>SecureRandomSpec_g5Event:0|java_security_SecureRandom_getInstance_5>SecureRandomSpec_g2Event:0|java_security_SecureRandom_getInstance_5>SecureRandomSpec_g4Event:0|java_security_SecureRandom_getInstance_5>SecureRandomSpec_g5Event:0|javax_net_ssl_KeyManagerFactory_getInstance>KeyManagerFactorySpec_g2Event:0|javax_net_ssl_TrustManagerFactory_getInstance>TrustManagerFactorySpec_g2Event:0,0,0,,1,0,,0,0,
com.floflacards.app_14.apk,18,135,13,8,2,0,javax_net_ssl_TrustManagerFactory_getInstance>TrustManagerFactorySpec_g2Event:2|java_security_SecureRandom_getInstance>SecureRandomSpec_g2Event:0|java_security_SecureRandom_getInstance>SecureRandomSpec_g5Event:0|java_security_SecureRandom_getInstance_1>SecureRandomSpec_g4Event:0|java_security_SecureRandom_getInstance_2>SecureRandomSpec_g4Event:0|java_security_SecureRandom_getInstance_3>SecureRandomSpec_g4Event:0|java_security_SecureRandom_getInstance_4>SecureRandomSpec_g2Event:0|java_security_SecureRandom_getInstance_4>SecureRandomSpec_g4Event:0|java_security_SecureRandom_getInstance_4>SecureRandomSpec_g5Event:0|java_security_SecureRandom_getInstance_5>SecureRandomSpec_g2Event:0|java_security_SecureRandom_getInstance_5>SecureRandomSpec_g4Event:0|java_security_SecureRandom_getInstance_5>SecureRandomSpec_g5Event:0|javax_net_ssl_KeyManagerFactory_getInstance>KeyManagerFactorySpec_g2Event:0,2,1,Ljava/security/PublicKey;.getEncoded:()[B:2,10,0,,0,0,
com.flxrs.dankchat_40038.apk,23,135,13,8,7,0,java_security_SecureRandom_getInstance>SecureRandomSpec_g2Event:3|java_security_SecureRandom_getInstance>SecureRandomSpec_g5Event:3|javax_net_ssl_TrustManagerFactory_getInstance>TrustManagerFactorySpec_g2Event:2|java_security_SecureRandom_getInstance_1>SecureRandomSpec_g4Event:1|javax_net_ssl_KeyManagerFactory_getInstance>KeyManagerFactorySpec_g2Event:1|java_security_SecureRandom_getInstance_2>SecureRandomSpec_g4Event:0|java_security_SecureRandom_getInstance_3>SecureRandomSpec_g4Event:0|java_security_SecureRandom_getInstance_4>SecureRandomSpec_g2Event:0|java_security_SecureRandom_getInstance_4>SecureRandomSpec_g4Event:0|java_security_SecureRandom_getInstance_4>SecureRandomSpec_g5Event:0|java_security_SecureRandom_getInstance_5>SecureRandomSpec_g2Event:0|java_security_SecureRandom_getInstance_5>SecureRandomSpec_g4Event:0|java_security_SecureRandom_getInstance_5>SecureRandomSpec_g5Event:0,2,1,Ljava/security/PublicKey;.getEncoded:()[B:2,15,0,,0,0,
com.fredhappyface.ewesticker_20250217.apk,9,135,13,8,2,0,javax_net_ssl_TrustManagerFactory_getInstance>TrustManagerFactorySpec_g2Event:2|java_security_SecureRandom_getInstance>SecureRandomSpec_g2Event:0|java_security_SecureRandom_getInstance>SecureRandomSpec_g5Event:0|java_security_SecureRandom_getInstance_1>SecureRandomSpec_g4Event:0|java_security_SecureRandom_getInstance_2>SecureRandomSpec_g4Event:0|java_security_SecureRandom_getInstance_3>SecureRandomSpec_g4Event:0|java_security_SecureRandom_getInstance_4>SecureRandomSpec_g2Event:0|java_security_SecureRandom_getInstance_4>SecureRandomSpec_g4Event:0|java_security_SecureRandom_getInstance_4>SecureRandomSpec_g5Event:0|java_security_SecureRandom_getInstance_5>SecureRandomSpec_g2Event:0|java_security_SecureRandom_getInstance_5>SecureRandomSpec_g4Event:0|java_security_SecureRandom_getInstance_5>SecureRandomSpec_g5Event:0|javax_net_ssl_KeyManagerFactory_getInstance>KeyManagerFactorySpec_g2Event:0,2,1,Ljava/security/PublicKey;.getEncoded:()[B:2,10,0,,0,0,
com.gasperpintar.smokingtracker_12.apk,18,135,13,8,0,0,java_security_SecureRandom_getInstance>SecureRandomSpec_g2Event:0|java_security_SecureRandom_getInstance>SecureRandomSpec_g5Event:0|java_security_SecureRandom_getInstance_1>SecureRandomSpec_g4Event:0|java_security_SecureRandom_getInstance_2>SecureRandomSpec_g4Event:0|java_security_SecureRandom_getInstance_3>SecureRandomSpec_g4Event:0|java_security_SecureRandom_getInstance_4>SecureRandomSpec_g2Event:0|java_security_SecureRandom_getInstance_4>SecureRandomSpec_g4Event:0|java_security_SecureRandom_getInstance_4>SecureRandomSpec_g5Event:0|java_security_SecureRandom_getInstance_5>SecureRandomSpec_g2Event:0|java_security_SecureRandom_getInstance_5>SecureRandomSpec_g4Event:0|java_security_SecureRandom_getInstance_5>SecureRandomSpec_g5Event:0|javax_net_ssl_KeyManagerFactory_getInstance>KeyManagerFactorySpec_g2Event:0|javax_net_ssl_TrustManagerFactory_getInstance>TrustManagerFactorySpec_g2Event:0,5,1,Ljavax/crypto/SecretKey;.getEncoded:()[B:5,28,4,CipherSpec_i2Event:2|IvChainJunctionSpec_useEvent+CipherSpec_i2Event:2,0,0,
com.gaurav.avnc_51.apk,15,135,13,8,2,0,java_security_SecureRandom_getInstance_2>SecureRandomSpec_g4Event:2|java_security_SecureRandom_getInstance>SecureRandomSpec_g2Event:0|java_security_SecureRandom_getInstance>SecureRandomSpec_g5Event:0|java_security_SecureRandom_getInstance_1>SecureRandomSpec_g4Event:0|java_security_SecureRandom_getInstance_3>SecureRandomSpec_g4Event:0|java_security_SecureRandom_getInstance_4>SecureRandomSpec_g2Event:0|java_security_SecureRandom_getInstance_4>SecureRandomSpec_g4Event:0|java_security_SecureRandom_getInstance_4>SecureRandomSpec_g5Event:0|java_security_SecureRandom_getInstance_5>SecureRandomSpec_g2Event:0|java_security_SecureRandom_getInstance_5>SecureRandomSpec_g4Event:0|java_security_SecureRandom_getInstance_5>SecureRandomSpec_g5Event:0|javax_net_ssl_KeyManagerFactory_getInstance>KeyManagerFactorySpec_g2Event:0|javax_net_ssl_TrustManagerFactory_getInstance>TrustManagerFactorySpec_g2Event:0,7,3,Ljava/security/PrivateKey;.getEncoded:()[B:3|Ljava/security/PublicKey;.getEncoded:()[B:2|Ljavax/crypto/SecretKey;.getEncoded:()[B:2,145,0,,0,0,
com.gelakinetic.mtgfam_99.apk,15,135,13,8,0,0,java_security_SecureRandom_getInstance>SecureRandomSpec_g2Event:0|java_security_SecureRandom_getInstance>SecureRandomSpec_g5Event:0|java_security_SecureRandom_getInstance_1>SecureRandomSpec_g4Event:0|java_security_SecureRandom_getInstance_2>SecureRandomSpec_g4Event:0|java_security_SecureRandom_getInstance_3>SecureRandomSpec_g4Event:0|java_security_SecureRandom_getInstance_4>SecureRandomSpec_g2Event:0|java_security_SecureRandom_getInstance_4>SecureRandomSpec_g4Event:0|java_security_SecureRandom_getInstance_4>SecureRandomSpec_g5Event:0|java_security_SecureRandom_getInstance_5>SecureRandomSpec_g2Event:0|java_security_SecureRandom_getInstance_5>SecureRandomSpec_g4Event:0|java_security_SecureRandom_getInstance_5>SecureRandomSpec_g5Event:0|javax_net_ssl_KeyManagerFactory_getInstance>KeyManagerFactorySpec_g2Event:0|javax_net_ssl_TrustManagerFactory_getInstance>TrustManagerFactorySpec_g2Event:0,1,1,Ljavax/crypto/SecretKey;.getEncoded:()[B:1,1,0,,0,0,
com.github.cvzi.screenshottile_148.apk,16,135,13,8,0,0,java_security_SecureRandom_getInstance>SecureRandomSpec_g2Event:0|java_security_SecureRandom_getInstance>SecureRandomSpec_g5Event:0|java_security_SecureRandom_getInstance_1>SecureRandomSpec_g4Event:0|java_security_SecureRandom_getInstance_2>SecureRandomSpec_g4Event:0|java_security_SecureRandom_getInstance_3>SecureRandomSpec_g4Event:0|java_security_SecureRandom_getInstance_4>SecureRandomSpec_g2Event:0|java_security_SecureRandom_getInstance_4>SecureRandomSpec_g4Event:0|java_security_SecureRandom_getInstance_4>SecureRandomSpec_g5Event:0|java_security_SecureRandom_getInstance_5>SecureRandomSpec_g2Event:0|java_security_SecureRandom_getInstance_5>SecureRandomSpec_g4Event:0|java_security_SecureRandom_getInstance_5>SecureRandomSpec_g5Event:0|javax_net_ssl_KeyManagerFactory_getInstance>KeyManagerFactorySpec_g2Event:0|javax_net_ssl_TrustManagerFactory_getInstance>TrustManagerFactorySpec_g2Event:0,0,0,,2,0,,0,0,
com.github.gotify_35.apk,17,135,13,8,5,0,javax_net_ssl_TrustManagerFactory_getInstance>TrustManagerFactorySpec_g2Event:4|javax_net_ssl_KeyManagerFactory_getInstance>KeyManagerFactorySpec_g2Event:1|java_security_SecureRandom_getInstance>SecureRandomSpec_g2Event:0|java_security_SecureRandom_getInstance>SecureRandomSpec_g5Event:0|java_security_SecureRandom_getInstance_1>SecureRandomSpec_g4Event:0|java_security_SecureRandom_getInstance_2>SecureRandomSpec_g4Event:0|java_security_SecureRandom_getInstance_3>SecureRandomSpec_g4Event:0|java_security_SecureRandom_getInstance_4>SecureRandomSpec_g2Event:0|java_security_SecureRandom_getInstance_4>SecureRandomSpec_g4Event:0|java_security_SecureRandom_getInstance_4>SecureRandomSpec_g5Event:0|java_security_SecureRandom_getInstance_5>SecureRandomSpec_g2Event:0|java_security_SecureRandom_getInstance_5>SecureRandomSpec_g4Event:0|java_security_SecureRandom_getInstance_5>SecureRandomSpec_g5Event:0,2,1,Ljava/security/PublicKey;.getEncoded:()[B:2,16,0,,0,0,
com.github.livingwithhippos.unchained_60.apk,21,135,13,8,2,0,javax_net_ssl_TrustManagerFactory_getInstance>TrustManagerFactorySpec_g2Event:2|java_security_SecureRandom_getInstance>SecureRandomSpec_g2Event:0|java_security_SecureRandom_getInstance>SecureRandomSpec_g5Event:0|java_security_SecureRandom_getInstance_1>SecureRandomSpec_g4Event:0|java_security_SecureRandom_getInstance_2>SecureRandomSpec_g4Event:0|java_security_SecureRandom_getInstance_3>SecureRandomSpec_g4Event:0|java_security_SecureRandom_getInstance_4>SecureRandomSpec_g2Event:0|java_security_SecureRandom_getInstance_4>SecureRandomSpec_g4Event:0|java_security_SecureRandom_getInstance_4>SecureRandomSpec_g5Event:0|java_security_SecureRandom_getInstance_5>SecureRandomSpec_g2Event:0|java_security_SecureRandom_getInstance_5>SecureRandomSpec_g4Event:0|java_security_SecureRandom_getInstance_5>SecureRandomSpec_g5Event:0|javax_net_ssl_KeyManagerFactory_getInstance>KeyManagerFactorySpec_g2Event:0,4,1,Ljava/security/PublicKey;.getEncoded:()[B:4,9,0,,0,0,
com.hegocre.nextcloudpasswords_38.apk,18,135,13,8,3,0,java_security_SecureRandom_getInstance_2>SecureRandomSpec_g4Event:2|javax_net_ssl_TrustManagerFactory_getInstance>TrustManagerFactorySpec_g2Event:1|java_security_SecureRandom_getInstance>SecureRandomSpec_g2Event:0|java_security_SecureRandom_getInstance>SecureRandomSpec_g5Event:0|java_security_SecureRandom_getInstance_1>SecureRandomSpec_g4Event:0|java_security_SecureRandom_getInstance_3>SecureRandomSpec_g4Event:0|java_security_SecureRandom_getInstance_4>SecureRandomSpec_g2Event:0|java_security_SecureRandom_getInstance_4>SecureRandomSpec_g4Event:0|java_security_SecureRandom_getInstance_4>SecureRandomSpec_g5Event:0|java_security_SecureRandom_getInstance_5>SecureRandomSpec_g2Event:0|java_security_SecureRandom_getInstance_5>SecureRandomSpec_g4Event:0|java_security_SecureRandom_getInstance_5>SecureRandomSpec_g5Event:0|javax_net_ssl_KeyManagerFactory_getInstance>KeyManagerFactorySpec_g2Event:0,4,2,Ljava/security/PublicKey;.getEncoded:()[B:3|Ljava/security/PrivateKey;.getEncoded:()[B:1,97,0,,0,0,
com.hwloc.lstopo_80283.apk,5,135,13,8,0,0,java_security_SecureRandom_getInstance>SecureRandomSpec_g2Event:0|java_security_SecureRandom_getInstance>SecureRandomSpec_g5Event:0|java_security_SecureRandom_getInstance_1>SecureRandomSpec_g4Event:0|java_security_SecureRandom_getInstance_2>SecureRandomSpec_g4Event:0|java_security_SecureRandom_getInstance_3>SecureRandomSpec_g4Event:0|java_security_SecureRandom_getInstance_4>SecureRandomSpec_g2Event:0|java_security_SecureRandom_getInstance_4>SecureRandomSpec_g4Event:0|java_security_SecureRandom_getInstance_4>SecureRandomSpec_g5Event:0|java_security_SecureRandom_getInstance_5>SecureRandomSpec_g2Event:0|java_security_SecureRandom_getInstance_5>SecureRandomSpec_g4Event:0|java_security_SecureRandom_getInstance_5>SecureRandomSpec_g5Event:0|javax_net_ssl_KeyManagerFactory_getInstance>KeyManagerFactorySpec_g2Event:0|javax_net_ssl_TrustManagerFactory_getInstance>TrustManagerFactorySpec_g2Event:0,0,0,,0,0,,0,0,
com.ivanovsky.passnotes_11700.apk,22,135,13,8,2,0,javax_net_ssl_TrustManagerFactory_getInstance>TrustManagerFactorySpec_g2Event:2|java_security_SecureRandom_getInstance>SecureRandomSpec_g2Event:0|java_security_SecureRandom_getInstance>SecureRandomSpec_g5Event:0|java_security_SecureRandom_getInstance_1>SecureRandomSpec_g4Event:0|java_security_SecureRandom_getInstance_2>SecureRandomSpec_g4Event:0|java_security_SecureRandom_getInstance_3>SecureRandomSpec_g4Event:0|java_security_SecureRandom_getInstance_4>SecureRandomSpec_g2Event:0|java_security_SecureRandom_getInstance_4>SecureRandomSpec_g4Event:0|java_security_SecureRandom_getInstance_4>SecureRandomSpec_g5Event:0|java_security_SecureRandom_getInstance_5>SecureRandomSpec_g2Event:0|java_security_SecureRandom_getInstance_5>SecureRandomSpec_g4Event:0|java_security_SecureRandom_getInstance_5>SecureRandomSpec_g5Event:0|javax_net_ssl_KeyManagerFactory_getInstance>KeyManagerFactorySpec_g2Event:0,4,2,Ljava/security/PublicKey;.getEncoded:()[B:2|Ljavax/crypto/SecretKey;.getEncoded:()[B:2,65,4,CipherSpec_i2Event:3|SecureRandomSpec_next1Event:1,3,0,
com.iyps_158.apk,16,135,13,8,0,0,java_security_SecureRandom_getInstance>SecureRandomSpec_g2Event:0|java_security_SecureRandom_getInstance>SecureRandomSpec_g5Event:0|java_security_SecureRandom_getInstance_1>SecureRandomSpec_g4Event:0|java_security_SecureRandom_getInstance_2>SecureRandomSpec_g4Event:0|java_security_SecureRandom_getInstance_3>SecureRandomSpec_g4Event:0|java_security_SecureRandom_getInstance_4>SecureRandomSpec_g2Event:0|java_security_SecureRandom_getInstance_4>SecureRandomSpec_g4Event:0|java_security_SecureRandom_getInstance_4>SecureRandomSpec_g5Event:0|java_security_SecureRandom_getInstance_5>SecureRandomSpec_g2Event:0|java_security_SecureRandom_getInstance_5>SecureRandomSpec_g4Event:0|java_security_SecureRandom_getInstance_5>SecureRandomSpec_g5Event:0|javax_net_ssl_KeyManagerFactory_getInstance>KeyManagerFactorySpec_g2Event:0|javax_net_ssl_TrustManagerFactory_getInstance>TrustManagerFactorySpec_g2Event:0,0,0,,8,0,,0,0,
com.jerboa_87.apk,22,135,13,8,4,0,java_security_SecureRandom_getInstance>SecureRandomSpec_g2Event:2|java_security_SecureRandom_getInstance>SecureRandomSpec_g5Event:2|javax_net_ssl_TrustManagerFactory_getInstance>TrustManagerFactorySpec_g2Event:2|java_security_SecureRandom_getInstance_1>SecureRandomSpec_g4Event:0|java_security_SecureRandom_getInstance_2>SecureRandomSpec_g4Event:0|java_security_SecureRandom_getInstance_3>SecureRandomSpec_g4Event:0|java_security_SecureRandom_getInstance_4>SecureRandomSpec_g2Event:0|java_security_SecureRandom_getInstance_4>SecureRandomSpec_g4Event:0|java_security_SecureRandom_getInstance_4>SecureRandomSpec_g5Event:0|java_security_SecureRandom_getInstance_5>SecureRandomSpec_g2Event:0|java_security_SecureRandom_getInstance_5>SecureRandomSpec_g4Event:0|java_security_SecureRandom_getInstance_5>SecureRandomSpec_g5Event:0|javax_net_ssl_KeyManagerFactory_getInstance>KeyManagerFactorySpec_g2Event:0,2,1,Ljava/security/PublicKey;.getEncoded:()[B:2,25,0,,0,0,
com.js.nowakelock_87.apk,18,135,13,8,2,0,javax_net_ssl_TrustManagerFactory_getInstance>TrustManagerFactorySpec_g2Event:2|java_security_SecureRandom_getInstance>SecureRandomSpec_g2Event:0|java_security_SecureRandom_getInstance>SecureRandomSpec_g5Event:0|java_security_SecureRandom_getInstance_1>SecureRandomSpec_g4Event:0|java_security_SecureRandom_getInstance_2>SecureRandomSpec_g4Event:0|java_security_SecureRandom_getInstance_3>SecureRandomSpec_g4Event:0|java_security_SecureRandom_getInstance_4>SecureRandomSpec_g2Event:0|java_security_SecureRandom_getInstance_4>SecureRandomSpec_g4Event:0|java_security_SecureRandom_getInstance_4>SecureRandomSpec_g5Event:0|java_security_SecureRandom_getInstance_5>SecureRandomSpec_g2Event:0|java_security_SecureRandom_getInstance_5>SecureRandomSpec_g4Event:0|java_security_SecureRandom_getInstance_5>SecureRandomSpec_g5Event:0|javax_net_ssl_KeyManagerFactory_getInstance>KeyManagerFactorySpec_g2Event:0,2,1,Ljava/security/PublicKey;.getEncoded:()[B:2,10,0,,0,0,
com.kin.easynotes_14.apk,19,135,13,8,2,0,javax_net_ssl_TrustManagerFactory_getInstance>TrustManagerFactorySpec_g2Event:2|java_security_SecureRandom_getInstance>SecureRandomSpec_g2Event:0|java_security_SecureRandom_getInstance>SecureRandomSpec_g5Event:0|java_security_SecureRandom_getInstance_1>SecureRandomSpec_g4Event:0|java_security_SecureRandom_getInstance_2>SecureRandomSpec_g4Event:0|java_security_SecureRandom_getInstance_3>SecureRandomSpec_g4Event:0|java_security_SecureRandom_getInstance_4>SecureRandomSpec_g2Event:0|java_security_SecureRandom_getInstance_4>SecureRandomSpec_g4Event:0|java_security_SecureRandom_getInstance_4>SecureRandomSpec_g5Event:0|java_security_SecureRandom_getInstance_5>SecureRandomSpec_g2Event:0|java_security_SecureRandom_getInstance_5>SecureRandomSpec_g4Event:0|java_security_SecureRandom_getInstance_5>SecureRandomSpec_g5Event:0|javax_net_ssl_KeyManagerFactory_getInstance>KeyManagerFactorySpec_g2Event:0,4,3,Ljava/security/PublicKey;.getEncoded:()[B:2|Ljavax/crypto/SecretKey;.getEncoded:()[B:1|Ljavax/crypto/spec/SecretKeySpec;.getEncoded:()[B:1,19,0,,0,0,
com.kolktech.linxshare_22.apk,7,135,13,8,1,0,javax_net_ssl_TrustManagerFactory_getInstance>TrustManagerFactorySpec_g2Event:1|java_security_SecureRandom_getInstance>SecureRandomSpec_g2Event:0|java_security_SecureRandom_getInstance>SecureRandomSpec_g5Event:0|java_security_SecureRandom_getInstance_1>SecureRandomSpec_g4Event:0|java_security_SecureRandom_getInstance_2>SecureRandomSpec_g4Event:0|java_security_SecureRandom_getInstance_3>SecureRandomSpec_g4Event:0|java_security_SecureRandom_getInstance_4>SecureRandomSpec_g2Event:0|java_security_SecureRandom_getInstance_4>SecureRandomSpec_g4Event:0|java_security_SecureRandom_getInstance_4>SecureRandomSpec_g5Event:0|java_security_SecureRandom_getInstance_5>SecureRandomSpec_g2Event:0|java_security_SecureRandom_getInstance_5>SecureRandomSpec_g4Event:0|java_security_SecureRandom_getInstance_5>SecureRandomSpec_g5Event:0|javax_net_ssl_KeyManagerFactory_getInstance>KeyManagerFactorySpec_g2Event:0,2,1,Ljava/security/PublicKey;.getEncoded:()[B:2,7,0,,0,0,
com.kwasow.musekit_1721768604.apk,20,135,13,8,0,0,java_security_SecureRandom_getInstance>SecureRandomSpec_g2Event:0|java_security_SecureRandom_getInstance>SecureRandomSpec_g5Event:0|java_security_SecureRandom_getInstance_1>SecureRandomSpec_g4Event:0|java_security_SecureRandom_getInstance_2>SecureRandomSpec_g4Event:0|java_security_SecureRandom_getInstance_3>SecureRandomSpec_g4Event:0|java_security_SecureRandom_getInstance_4>SecureRandomSpec_g2Event:0|java_security_SecureRandom_getInstance_4>SecureRandomSpec_g4Event:0|java_security_SecureRandom_getInstance_4>SecureRandomSpec_g5Event:0|java_security_SecureRandom_getInstance_5>SecureRandomSpec_g2Event:0|java_security_SecureRandom_getInstance_5>SecureRandomSpec_g4Event:0|java_security_SecureRandom_getInstance_5>SecureRandomSpec_g5Event:0|javax_net_ssl_KeyManagerFactory_getInstance>KeyManagerFactorySpec_g2Event:0|javax_net_ssl_TrustManagerFactory_getInstance>TrustManagerFactorySpec_g2Event:0,0,0,,6,0,,0,0,
com.kylecorry.trail_sense_145.apk,22,135,13,8,0,0,java_security_SecureRandom_getInstance>SecureRandomSpec_g2Event:0|java_security_SecureRandom_getInstance>SecureRandomSpec_g5Event:0|java_security_SecureRandom_getInstance_1>SecureRandomSpec_g4Event:0|java_security_SecureRandom_getInstance_2>SecureRandomSpec_g4Event:0|java_security_SecureRandom_getInstance_3>SecureRandomSpec_g4Event:0|java_security_SecureRandom_getInstance_4>SecureRandomSpec_g2Event:0|java_security_SecureRandom_getInstance_4>SecureRandomSpec_g4Event:0|java_security_SecureRandom_getInstance_4>SecureRandomSpec_g5Event:0|java_security_SecureRandom_getInstance_5>SecureRandomSpec_g2Event:0|java_security_SecureRandom_getInstance_5>SecureRandomSpec_g4Event:0|java_security_SecureRandom_getInstance_5>SecureRandomSpec_g5Event:0|javax_net_ssl_KeyManagerFactory_getInstance>KeyManagerFactorySpec_g2Event:0|javax_net_ssl_TrustManagerFactory_getInstance>TrustManagerFactorySpec_g2Event:0,0,0,,7,0,,0,0,
com.leekleak.trafficlight_38.apk,19,135,13,8,4,0,java_security_SecureRandom_getInstance_2>SecureRandomSpec_g4Event:2|javax_net_ssl_TrustManagerFactory_getInstance>TrustManagerFactorySpec_g2Event:2|java_security_SecureRandom_getInstance>SecureRandomSpec_g2Event:0|java_security_SecureRandom_getInstance>SecureRandomSpec_g5Event:0|java_security_SecureRandom_getInstance_1>SecureRandomSpec_g4Event:0|java_security_SecureRandom_getInstance_3>SecureRandomSpec_g4Event:0|java_security_SecureRandom_getInstance_4>SecureRandomSpec_g2Event:0|java_security_SecureRandom_getInstance_4>SecureRandomSpec_g4Event:0|java_security_SecureRandom_getInstance_4>SecureRandomSpec_g5Event:0|java_security_SecureRandom_getInstance_5>SecureRandomSpec_g2Event:0|java_security_SecureRandom_getInstance_5>SecureRandomSpec_g4Event:0|java_security_SecureRandom_getInstance_5>SecureRandomSpec_g5Event:0|javax_net_ssl_KeyManagerFactory_getInstance>KeyManagerFactorySpec_g2Event:0,4,2,Ljava/security/PublicKey;.getEncoded:()[B:3|Ljava/security/PrivateKey;.getEncoded:()[B:1,117,1,SignatureSpec_updateEvent:1,1,0,
com.luk.saucenao_27.apk,10,135,13,8,2,0,javax_net_ssl_TrustManagerFactory_getInstance>TrustManagerFactorySpec_g2Event:2|java_security_SecureRandom_getInstance>SecureRandomSpec_g2Event:0|java_security_SecureRandom_getInstance>SecureRandomSpec_g5Event:0|java_security_SecureRandom_getInstance_1>SecureRandomSpec_g4Event:0|java_security_SecureRandom_getInstance_2>SecureRandomSpec_g4Event:0|java_security_SecureRandom_getInstance_3>SecureRandomSpec_g4Event:0|java_security_SecureRandom_getInstance_4>SecureRandomSpec_g2Event:0|java_security_SecureRandom_getInstance_4>SecureRandomSpec_g4Event:0|java_security_SecureRandom_getInstance_4>SecureRandomSpec_g5Event:0|java_security_SecureRandom_getInstance_5>SecureRandomSpec_g2Event:0|java_security_SecureRandom_getInstance_5>SecureRandomSpec_g4Event:0|java_security_SecureRandom_getInstance_5>SecureRandomSpec_g5Event:0|javax_net_ssl_KeyManagerFactory_getInstance>KeyManagerFactorySpec_g2Event:0,2,1,Ljava/security/PublicKey;.getEncoded:()[B:2,10,0,,0,0,
com.manimarank.spell4wiki_21.apk,17,135,13,8,2,0,javax_net_ssl_TrustManagerFactory_getInstance>TrustManagerFactorySpec_g2Event:2|java_security_SecureRandom_getInstance>SecureRandomSpec_g2Event:0|java_security_SecureRandom_getInstance>SecureRandomSpec_g5Event:0|java_security_SecureRandom_getInstance_1>SecureRandomSpec_g4Event:0|java_security_SecureRandom_getInstance_2>SecureRandomSpec_g4Event:0|java_security_SecureRandom_getInstance_3>SecureRandomSpec_g4Event:0|java_security_SecureRandom_getInstance_4>SecureRandomSpec_g2Event:0|java_security_SecureRandom_getInstance_4>SecureRandomSpec_g4Event:0|java_security_SecureRandom_getInstance_4>SecureRandomSpec_g5Event:0|java_security_SecureRandom_getInstance_5>SecureRandomSpec_g2Event:0|java_security_SecureRandom_getInstance_5>SecureRandomSpec_g4Event:0|java_security_SecureRandom_getInstance_5>SecureRandomSpec_g5Event:0|javax_net_ssl_KeyManagerFactory_getInstance>KeyManagerFactorySpec_g2Event:0,2,1,Ljava/security/PublicKey;.getEncoded:()[B:2,9,0,,0,0,
com.matedroid_178120864.apk,19,135,13,8,1,0,javax_net_ssl_TrustManagerFactory_getInstance>TrustManagerFactorySpec_g2Event:1|java_security_SecureRandom_getInstance>SecureRandomSpec_g2Event:0|java_security_SecureRandom_getInstance>SecureRandomSpec_g5Event:0|java_security_SecureRandom_getInstance_1>SecureRandomSpec_g4Event:0|java_security_SecureRandom_getInstance_2>SecureRandomSpec_g4Event:0|java_security_SecureRandom_getInstance_3>SecureRandomSpec_g4Event:0|java_security_SecureRandom_getInstance_4>SecureRandomSpec_g2Event:0|java_security_SecureRandom_getInstance_4>SecureRandomSpec_g4Event:0|java_security_SecureRandom_getInstance_4>SecureRandomSpec_g5Event:0|java_security_SecureRandom_getInstance_5>SecureRandomSpec_g2Event:0|java_security_SecureRandom_getInstance_5>SecureRandomSpec_g4Event:0|java_security_SecureRandom_getInstance_5>SecureRandomSpec_g5Event:0|javax_net_ssl_KeyManagerFactory_getInstance>KeyManagerFactorySpec_g2Event:0,2,1,Ljava/security/PublicKey;.getEncoded:()[B:2,7,0,,0,0,
com.mateusrodcosta.apps.share2storage_34.apk,22,135,13,8,0,0,java_security_SecureRandom_getInstance>SecureRandomSpec_g2Event:0|java_security_SecureRandom_getInstance>SecureRandomSpec_g5Event:0|java_security_SecureRandom_getInstance_1>SecureRandomSpec_g4Event:0|java_security_SecureRandom_getInstance_2>SecureRandomSpec_g4Event:0|java_security_SecureRandom_getInstance_3>SecureRandomSpec_g4Event:0|java_security_SecureRandom_getInstance_4>SecureRandomSpec_g2Event:0|java_security_SecureRandom_getInstance_4>SecureRandomSpec_g4Event:0|java_security_SecureRandom_getInstance_4>SecureRandomSpec_g5Event:0|java_security_SecureRandom_getInstance_5>SecureRandomSpec_g2Event:0|java_security_SecureRandom_getInstance_5>SecureRandomSpec_g4Event:0|java_security_SecureRandom_getInstance_5>SecureRandomSpec_g5Event:0|javax_net_ssl_KeyManagerFactory_getInstance>KeyManagerFactorySpec_g2Event:0|javax_net_ssl_TrustManagerFactory_getInstance>TrustManagerFactorySpec_g2Event:0,0,0,,6,0,,0,0,
com.mateusrodcosta.apps.vidyamusic_2200.apk,22,135,13,8,5,0,java_security_SecureRandom_getInstance>SecureRandomSpec_g2Event:3|java_security_SecureRandom_getInstance>SecureRandomSpec_g5Event:3|javax_net_ssl_KeyManagerFactory_getInstance>KeyManagerFactorySpec_g2Event:1|javax_net_ssl_TrustManagerFactory_getInstance>TrustManagerFactorySpec_g2Event:1|java_security_SecureRandom_getInstance_1>SecureRandomSpec_g4Event:0|java_security_SecureRandom_getInstance_2>SecureRandomSpec_g4Event:0|java_security_SecureRandom_getInstance_3>SecureRandomSpec_g4Event:0|java_security_SecureRandom_getInstance_4>SecureRandomSpec_g2Event:0|java_security_SecureRandom_getInstance_4>SecureRandomSpec_g4Event:0|java_security_SecureRandom_getInstance_4>SecureRandomSpec_g5Event:0|java_security_SecureRandom_getInstance_5>SecureRandomSpec_g2Event:0|java_security_SecureRandom_getInstance_5>SecureRandomSpec_g4Event:0|java_security_SecureRandom_getInstance_5>SecureRandomSpec_g5Event:0,0,0,,33,0,,0,0,
com.mensinator.app_24.apk,14,135,13,8,0,0,java_security_SecureRandom_getInstance>SecureRandomSpec_g2Event:0|java_security_SecureRandom_getInstance>SecureRandomSpec_g5Event:0|java_security_SecureRandom_getInstance_1>SecureRandomSpec_g4Event:0|java_security_SecureRandom_getInstance_2>SecureRandomSpec_g4Event:0|java_security_SecureRandom_getInstance_3>SecureRandomSpec_g4Event:0|java_security_SecureRandom_getInstance_4>SecureRandomSpec_g2Event:0|java_security_SecureRandom_getInstance_4>SecureRandomSpec_g4Event:0|java_security_SecureRandom_getInstance_4>SecureRandomSpec_g5Event:0|java_security_SecureRandom_getInstance_5>SecureRandomSpec_g2Event:0|java_security_SecureRandom_getInstance_5>SecureRandomSpec_g4Event:0|java_security_SecureRandom_getInstance_5>SecureRandomSpec_g5Event:0|javax_net_ssl_KeyManagerFactory_getInstance>KeyManagerFactorySpec_g2Event:0|javax_net_ssl_TrustManagerFactory_getInstance>TrustManagerFactorySpec_g2Event:0,0,0,,1,0,,0,0,
com.micoyc.speakthat_58.apk,12,135,13,8,2,0,javax_net_ssl_TrustManagerFactory_getInstance>TrustManagerFactorySpec_g2Event:2|java_security_SecureRandom_getInstance>SecureRandomSpec_g2Event:0|java_security_SecureRandom_getInstance>SecureRandomSpec_g5Event:0|java_security_SecureRandom_getInstance_1>SecureRandomSpec_g4Event:0|java_security_SecureRandom_getInstance_2>SecureRandomSpec_g4Event:0|java_security_SecureRandom_getInstance_3>SecureRandomSpec_g4Event:0|java_security_SecureRandom_getInstance_4>SecureRandomSpec_g2Event:0|java_security_SecureRandom_getInstance_4>SecureRandomSpec_g4Event:0|java_security_SecureRandom_getInstance_4>SecureRandomSpec_g5Event:0|java_security_SecureRandom_getInstance_5>SecureRandomSpec_g2Event:0|java_security_SecureRandom_getInstance_5>SecureRandomSpec_g4Event:0|java_security_SecureRandom_getInstance_5>SecureRandomSpec_g5Event:0|javax_net_ssl_KeyManagerFactory_getInstance>KeyManagerFactorySpec_g2Event:0,2,1,Ljava/security/PublicKey;.getEncoded:()[B:2,10,0,,0,0,
com.nononsenseapps.feeder.play_4025.apk,22,135,13,8,3,0,java_security_SecureRandom_getInstance>SecureRandomSpec_g2Event:2|java_security_SecureRandom_getInstance>SecureRandomSpec_g5Event:2|javax_net_ssl_TrustManagerFactory_getInstance>TrustManagerFactorySpec_g2Event:1|java_security_SecureRandom_getInstance_1>SecureRandomSpec_g4Event:0|java_security_SecureRandom_getInstance_2>SecureRandomSpec_g4Event:0|java_security_SecureRandom_getInstance_3>SecureRandomSpec_g4Event:0|java_security_SecureRandom_getInstance_4>SecureRandomSpec_g2Event:0|java_security_SecureRandom_getInstance_4>SecureRandomSpec_g4Event:0|java_security_SecureRandom_getInstance_4>SecureRandomSpec_g5Event:0|java_security_SecureRandom_getInstance_5>SecureRandomSpec_g2Event:0|java_security_SecureRandom_getInstance_5>SecureRandomSpec_g4Event:0|java_security_SecureRandom_getInstance_5>SecureRandomSpec_g5Event:0|javax_net_ssl_KeyManagerFactory_getInstance>KeyManagerFactorySpec_g2Event:0,5,2,Ljavax/crypto/SecretKey;.getEncoded:()[B:3|Ljava/security/PublicKey;.getEncoded:()[B:2,17,0,,0,0,
com.ominous.quickweather_112.apk,17,135,13,8,3,0,javax_net_ssl_TrustManagerFactory_getInstance>TrustManagerFactorySpec_g2Event:3|java_security_SecureRandom_getInstance>SecureRandomSpec_g2Event:0|java_security_SecureRandom_getInstance>SecureRandomSpec_g5Event:0|java_security_SecureRandom_getInstance_1>SecureRandomSpec_g4Event:0|java_security_SecureRandom_getInstance_2>SecureRandomSpec_g4Event:0|java_security_SecureRandom_getInstance_3>SecureRandomSpec_g4Event:0|java_security_SecureRandom_getInstance_4>SecureRandomSpec_g2Event:0|java_security_SecureRandom_getInstance_4>SecureRandomSpec_g4Event:0|java_security_SecureRandom_getInstance_4>SecureRandomSpec_g5Event:0|java_security_SecureRandom_getInstance_5>SecureRandomSpec_g2Event:0|java_security_SecureRandom_getInstance_5>SecureRandomSpec_g4Event:0|java_security_SecureRandom_getInstance_5>SecureRandomSpec_g5Event:0|javax_net_ssl_KeyManagerFactory_getInstance>KeyManagerFactorySpec_g2Event:0,2,1,Ljava/security/PublicKey;.getEncoded:()[B:2,13,0,,0,0,
com.owncloud.android_48000100.apk,34,135,13,8,3,0,javax_net_ssl_TrustManagerFactory_getInstance>TrustManagerFactorySpec_g2Event:3|java_security_SecureRandom_getInstance>SecureRandomSpec_g2Event:0|java_security_SecureRandom_getInstance>SecureRandomSpec_g5Event:0|java_security_SecureRandom_getInstance_1>SecureRandomSpec_g4Event:0|java_security_SecureRandom_getInstance_2>SecureRandomSpec_g4Event:0|java_security_SecureRandom_getInstance_3>SecureRandomSpec_g4Event:0|java_security_SecureRandom_getInstance_4>SecureRandomSpec_g2Event:0|java_security_SecureRandom_getInstance_4>SecureRandomSpec_g4Event:0|java_security_SecureRandom_getInstance_4>SecureRandomSpec_g5Event:0|java_security_SecureRandom_getInstance_5>SecureRandomSpec_g2Event:0|java_security_SecureRandom_getInstance_5>SecureRandomSpec_g4Event:0|java_security_SecureRandom_getInstance_5>SecureRandomSpec_g5Event:0|javax_net_ssl_KeyManagerFactory_getInstance>KeyManagerFactorySpec_g2Event:0,2,1,Ljava/security/PublicKey;.getEncoded:()[B:2,34,2,KeyStoreSpec_loadEvent:2,0,0,
com.password.monitor_102.apk,17,135,13,8,3,0,java_security_SecureRandom_getInstance>SecureRandomSpec_g2Event:2|java_security_SecureRandom_getInstance>SecureRandomSpec_g5Event:2|javax_net_ssl_TrustManagerFactory_getInstance>TrustManagerFactorySpec_g2Event:1|java_security_SecureRandom_getInstance_1>SecureRandomSpec_g4Event:0|java_security_SecureRandom_getInstance_2>SecureRandomSpec_g4Event:0|java_security_SecureRandom_getInstance_3>SecureRandomSpec_g4Event:0|java_security_SecureRandom_getInstance_4>SecureRandomSpec_g2Event:0|java_security_SecureRandom_getInstance_4>SecureRandomSpec_g4Event:0|java_security_SecureRandom_getInstance_4>SecureRandomSpec_g5Event:0|java_security_SecureRandom_getInstance_5>SecureRandomSpec_g2Event:0|java_security_SecureRandom_getInstance_5>SecureRandomSpec_g4Event:0|java_security_SecureRandom_getInstance_5>SecureRandomSpec_g5Event:0|javax_net_ssl_KeyManagerFactory_getInstance>KeyManagerFactorySpec_g2Event:0,2,1,Ljava/security/PublicKey;.getEncoded:()[B:2,12,0,,0,0,
com.quantum_prof.phantalandwaittimes_5.apk,13,135,13,8,2,0,javax_net_ssl_TrustManagerFactory_getInstance>TrustManagerFactorySpec_g2Event:2|java_security_SecureRandom_getInstance>SecureRandomSpec_g2Event:0|java_security_SecureRandom_getInstance>SecureRandomSpec_g5Event:0|java_security_SecureRandom_getInstance_1>SecureRandomSpec_g4Event:0|java_security_SecureRandom_getInstance_2>SecureRandomSpec_g4Event:0|java_security_SecureRandom_getInstance_3>SecureRandomSpec_g4Event:0|java_security_SecureRandom_getInstance_4>SecureRandomSpec_g2Event:0|java_security_SecureRandom_getInstance_4>SecureRandomSpec_g4Event:0|java_security_SecureRandom_getInstance_4>SecureRandomSpec_g5Event:0|java_security_SecureRandom_getInstance_5>SecureRandomSpec_g2Event:0|java_security_SecureRandom_getInstance_5>SecureRandomSpec_g4Event:0|java_security_SecureRandom_getInstance_5>SecureRandomSpec_g5Event:0|javax_net_ssl_KeyManagerFactory_getInstance>KeyManagerFactorySpec_g2Event:0,2,1,Ljava/security/PublicKey;.getEncoded:()[B:2,10,0,,0,0,
com.rastislavkish.vscan_24.apk,14,135,13,8,5,0,java_security_SecureRandom_getInstance>SecureRandomSpec_g2Event:3|java_security_SecureRandom_getInstance>SecureRandomSpec_g5Event:3|javax_net_ssl_KeyManagerFactory_getInstance>KeyManagerFactorySpec_g2Event:1|javax_net_ssl_TrustManagerFactory_getInstance>TrustManagerFactorySpec_g2Event:1|java_security_SecureRandom_getInstance_1>SecureRandomSpec_g4Event:0|java_security_SecureRandom_getInstance_2>SecureRandomSpec_g4Event:0|java_security_SecureRandom_getInstance_3>SecureRandomSpec_g4Event:0|java_security_SecureRandom_getInstance_4>SecureRandomSpec_g2Event:0|java_security_SecureRandom_getInstance_4>SecureRandomSpec_g4Event:0|java_security_SecureRandom_getInstance_4>SecureRandomSpec_g5Event:0|java_security_SecureRandom_getInstance_5>SecureRandomSpec_g2Event:0|java_security_SecureRandom_getInstance_5>SecureRandomSpec_g4Event:0|java_security_SecureRandom_getInstance_5>SecureRandomSpec_g5Event:0,0,0,,22,0,,0,0,
com.rtbishop.look4sat_410.apk,19,135,13,8,1,0,javax_net_ssl_TrustManagerFactory_getInstance>TrustManagerFactorySpec_g2Event:1|java_security_SecureRandom_getInstance>SecureRandomSpec_g2Event:0|java_security_SecureRandom_getInstance>SecureRandomSpec_g5Event:0|java_security_SecureRandom_getInstance_1>SecureRandomSpec_g4Event:0|java_security_SecureRandom_getInstance_2>SecureRandomSpec_g4Event:0|java_security_SecureRandom_getInstance_3>SecureRandomSpec_g4Event:0|java_security_SecureRandom_getInstance_4>SecureRandomSpec_g2Event:0|java_security_SecureRandom_getInstance_4>SecureRandomSpec_g4Event:0|java_security_SecureRandom_getInstance_4>SecureRandomSpec_g5Event:0|java_security_SecureRandom_getInstance_5>SecureRandomSpec_g2Event:0|java_security_SecureRandom_getInstance_5>SecureRandomSpec_g4Event:0|java_security_SecureRandom_getInstance_5>SecureRandomSpec_g5Event:0|javax_net_ssl_KeyManagerFactory_getInstance>KeyManagerFactorySpec_g2Event:0,2,1,Ljava/security/PublicKey;.getEncoded:()[B:2,7,0,,0,0,
com.sakethh.linkora_50.apk,21,135,13,8,6,0,java_security_SecureRandom_getInstance>SecureRandomSpec_g2Event:3|java_security_SecureRandom_getInstance>SecureRandomSpec_g5Event:3|javax_net_ssl_TrustManagerFactory_getInstance>TrustManagerFactorySpec_g2Event:2|javax_net_ssl_KeyManagerFactory_getInstance>KeyManagerFactorySpec_g2Event:1|java_security_SecureRandom_getInstance_1>SecureRandomSpec_g4Event:0|java_security_SecureRandom_getInstance_2>SecureRandomSpec_g4Event:0|java_security_SecureRandom_getInstance_3>SecureRandomSpec_g4Event:0|java_security_SecureRandom_getInstance_4>SecureRandomSpec_g2Event:0|java_security_SecureRandom_getInstance_4>SecureRandomSpec_g4Event:0|java_security_SecureRandom_getInstance_4>SecureRandomSpec_g5Event:0|java_security_SecureRandom_getInstance_5>SecureRandomSpec_g2Event:0|java_security_SecureRandom_getInstance_5>SecureRandomSpec_g4Event:0|java_security_SecureRandom_getInstance_5>SecureRandomSpec_g5Event:0,2,1,Ljava/security/PublicKey;.getEncoded:()[B:2,29,0,,0,0,
com.sapuseven.untis_29198884.apk,22,135,13,8,8,0,javax_net_ssl_TrustManagerFactory_getInstance>TrustManagerFactorySpec_g2Event:4|java_security_SecureRandom_getInstance>SecureRandomSpec_g2Event:3|java_security_SecureRandom_getInstance>SecureRandomSpec_g5Event:3|javax_net_ssl_KeyManagerFactory_getInstance>KeyManagerFactorySpec_g2Event:1|java_security_SecureRandom_getInstance_1>SecureRandomSpec_g4Event:0|java_security_SecureRandom_getInstance_2>SecureRandomSpec_g4Event:0|java_security_SecureRandom_getInstance_3>SecureRandomSpec_g4Event:0|java_security_SecureRandom_getInstance_4>SecureRandomSpec_g2Event:0|java_security_SecureRandom_getInstance_4>SecureRandomSpec_g4Event:0|java_security_SecureRandom_getInstance_4>SecureRandomSpec_g5Event:0|java_security_SecureRandom_getInstance_5>SecureRandomSpec_g2Event:0|java_security_SecureRandom_getInstance_5>SecureRandomSpec_g4Event:0|java_security_SecureRandom_getInstance_5>SecureRandomSpec_g5Event:0,2,1,Ljava/security/PublicKey;.getEncoded:()[B:2,35,0,,0,0,
com.schwegelbin.openbible_46.apk,10,135,13,8,0,0,java_security_SecureRandom_getInstance>SecureRandomSpec_g2Event:0|java_security_SecureRandom_getInstance>SecureRandomSpec_g5Event:0|java_security_SecureRandom_getInstance_1>SecureRandomSpec_g4Event:0|java_security_SecureRandom_getInstance_2>SecureRandomSpec_g4Event:0|java_security_SecureRandom_getInstance_3>SecureRandomSpec_g4Event:0|java_security_SecureRandom_getInstance_4>SecureRandomSpec_g2Event:0|java_security_SecureRandom_getInstance_4>SecureRandomSpec_g4Event:0|java_security_SecureRandom_getInstance_4>SecureRandomSpec_g5Event:0|java_security_SecureRandom_getInstance_5>SecureRandomSpec_g2Event:0|java_security_SecureRandom_getInstance_5>SecureRandomSpec_g4Event:0|java_security_SecureRandom_getInstance_5>SecureRandomSpec_g5Event:0|javax_net_ssl_KeyManagerFactory_getInstance>KeyManagerFactorySpec_g2Event:0|javax_net_ssl_TrustManagerFactory_getInstance>TrustManagerFactorySpec_g2Event:0,0,0,,5,0,,0,0,
com.serwylo.beatgame_35.apk,2,135,13,8,3,0,java_security_SecureRandom_getInstance>SecureRandomSpec_g2Event:2|java_security_SecureRandom_getInstance>SecureRandomSpec_g5Event:2|javax_net_ssl_TrustManagerFactory_getInstance>TrustManagerFactorySpec_g2Event:1|java_security_SecureRandom_getInstance_1>SecureRandomSpec_g4Event:0|java_security_SecureRandom_getInstance_2>SecureRandomSpec_g4Event:0|java_security_SecureRandom_getInstance_3>SecureRandomSpec_g4Event:0|java_security_SecureRandom_getInstance_4>SecureRandomSpec_g2Event:0|java_security_SecureRandom_getInstance_4>SecureRandomSpec_g4Event:0|java_security_SecureRandom_getInstance_4>SecureRandomSpec_g5Event:0|java_security_SecureRandom_getInstance_5>SecureRandomSpec_g2Event:0|java_security_SecureRandom_getInstance_5>SecureRandomSpec_g4Event:0|java_security_SecureRandom_getInstance_5>SecureRandomSpec_g5Event:0|javax_net_ssl_KeyManagerFactory_getInstance>KeyManagerFactorySpec_g2Event:0,0,0,,18,0,,0,0,
com.serwylo.retrowars_70.apk,4,135,13,8,16,0,javax_net_ssl_KeyManagerFactory_getInstance>KeyManagerFactorySpec_g2Event:6|javax_net_ssl_TrustManagerFactory_getInstance>TrustManagerFactorySpec_g2Event:5|java_security_SecureRandom_getInstance>SecureRandomSpec_g2Event:4|java_security_SecureRandom_getInstance>SecureRandomSpec_g5Event:4|java_security_SecureRandom_getInstance_1>SecureRandomSpec_g4Event:1|java_security_SecureRandom_getInstance_2>SecureRandomSpec_g4Event:0|java_security_SecureRandom_getInstance_3>SecureRandomSpec_g4Event:0|java_security_SecureRandom_getInstance_4>SecureRandomSpec_g2Event:0|java_security_SecureRandom_getInstance_4>SecureRandomSpec_g4Event:0|java_security_SecureRandom_getInstance_4>SecureRandomSpec_g5Event:0|java_security_SecureRandom_getInstance_5>SecureRandomSpec_g2Event:0|java_security_SecureRandom_getInstance_5>SecureRandomSpec_g4Event:0|java_security_SecureRandom_getInstance_5>SecureRandomSpec_g5Event:0,5,3,Ljava/security/PrivateKey;.getEncoded:()[B:2|Ljavax/crypto/SecretKey;.getEncoded:()[B:2|Ljavax/crypto/spec/SecretKeySpec;.getEncoded:()[B:1,46,4,KeyManagerFactorySpec_initEvent:3|TrustManagerFactorySpec_initEvent:1,0,0,
com.shatteredpixel.shatteredpixeldungeon_896.apk,5,135,13,8,0,0,java_security_SecureRandom_getInstance>SecureRandomSpec_g2Event:0|java_security_SecureRandom_getInstance>SecureRandomSpec_g5Event:0|java_security_SecureRandom_getInstance_1>SecureRandomSpec_g4Event:0|java_security_SecureRandom_getInstance_2>SecureRandomSpec_g4Event:0|java_security_SecureRandom_getInstance_3>SecureRandomSpec_g4Event:0|java_security_SecureRandom_getInstance_4>SecureRandomSpec_g2Event:0|java_security_SecureRandom_getInstance_4>SecureRandomSpec_g4Event:0|java_security_SecureRandom_getInstance_4>SecureRandomSpec_g5Event:0|java_security_SecureRandom_getInstance_5>SecureRandomSpec_g2Event:0|java_security_SecureRandom_getInstance_5>SecureRandomSpec_g4Event:0|java_security_SecureRandom_getInstance_5>SecureRandomSpec_g5Event:0|javax_net_ssl_KeyManagerFactory_getInstance>KeyManagerFactorySpec_g2Event:0|javax_net_ssl_TrustManagerFactory_getInstance>TrustManagerFactorySpec_g2Event:0,0,0,,1,0,,0,0,
com.smartpack.packagemanager_79.apk,14,135,13,8,0,0,java_security_SecureRandom_getInstance>SecureRandomSpec_g2Event:0|java_security_SecureRandom_getInstance>SecureRandomSpec_g5Event:0|java_security_SecureRandom_getInstance_1>SecureRandomSpec_g4Event:0|java_security_SecureRandom_getInstance_2>SecureRandomSpec_g4Event:0|java_security_SecureRandom_getInstance_3>SecureRandomSpec_g4Event:0|java_security_SecureRandom_getInstance_4>SecureRandomSpec_g2Event:0|java_security_SecureRandom_getInstance_4>SecureRandomSpec_g4Event:0|java_security_SecureRandom_getInstance_4>SecureRandomSpec_g5Event:0|java_security_SecureRandom_getInstance_5>SecureRandomSpec_g2Event:0|java_security_SecureRandom_getInstance_5>SecureRandomSpec_g4Event:0|java_security_SecureRandom_getInstance_5>SecureRandomSpec_g5Event:0|javax_net_ssl_KeyManagerFactory_getInstance>KeyManagerFactorySpec_g2Event:0|javax_net_ssl_TrustManagerFactory_getInstance>TrustManagerFactorySpec_g2Event:0,1,1,Ljava/security/PublicKey;.getEncoded:()[B:1,5,0,,0,0,
com.sshborg_18.apk,15,135,13,8,3,0,java_security_SecureRandom_getInstance>SecureRandomSpec_g2Event:1|java_security_SecureRandom_getInstance>SecureRandomSpec_g5Event:1|java_security_SecureRandom_getInstance_1>SecureRandomSpec_g4Event:1|java_security_SecureRandom_getInstance_2>SecureRandomSpec_g4Event:1|java_security_SecureRandom_getInstance_3>SecureRandomSpec_g4Event:0|java_security_SecureRandom_getInstance_4>SecureRandomSpec_g2Event:0|java_security_SecureRandom_getInstance_4>SecureRandomSpec_g4Event:0|java_security_SecureRandom_getInstance_4>SecureRandomSpec_g5Event:0|java_security_SecureRandom_getInstance_5>SecureRandomSpec_g2Event:0|java_security_SecureRandom_getInstance_5>SecureRandomSpec_g4Event:0|java_security_SecureRandom_getInstance_5>SecureRandomSpec_g5Event:0|javax_net_ssl_KeyManagerFactory_getInstance>KeyManagerFactorySpec_g2Event:0|javax_net_ssl_TrustManagerFactory_getInstance>TrustManagerFactorySpec_g2Event:0,53,7,Ljava/security/PublicKey;.getEncoded:()[B:28|Ljavax/crypto/SecretKey;.getEncoded:()[B:13|Ljava/security/PrivateKey;.getEncoded:()[B:7|Ljava/security/interfaces/ECPublicKey;.getEncoded:()[B:2|Ljava/security/interfaces/ECPrivateKey;.getEncoded:()[B:1|Ljavax/crypto/interfaces/PBEKey;.getEncoded:()[B:1|Ljavax/crypto/spec/SecretKeySpec;.getEncoded:()[B:1,243,21,SecureRandomSpec_next2Event:13|SignatureSpec_i1Event:4|CipherSpec_i2Event:3|IvChainJunctionSpec_useEvent+CipherSpec_i2Event:1,0,0,
com.starry.greenstash_440.apk,20,135,13,8,2,0,javax_net_ssl_TrustManagerFactory_getInstance>TrustManagerFactorySpec_g2Event:2|java_security_SecureRandom_getInstance>SecureRandomSpec_g2Event:0|java_security_SecureRandom_getInstance>SecureRandomSpec_g5Event:0|java_security_SecureRandom_getInstance_1>SecureRandomSpec_g4Event:0|java_security_SecureRandom_getInstance_2>SecureRandomSpec_g4Event:0|java_security_SecureRandom_getInstance_3>SecureRandomSpec_g4Event:0|java_security_SecureRandom_getInstance_4>SecureRandomSpec_g2Event:0|java_security_SecureRandom_getInstance_4>SecureRandomSpec_g4Event:0|java_security_SecureRandom_getInstance_4>SecureRandomSpec_g5Event:0|java_security_SecureRandom_getInstance_5>SecureRandomSpec_g2Event:0|java_security_SecureRandom_getInstance_5>SecureRandomSpec_g4Event:0|java_security_SecureRandom_getInstance_5>SecureRandomSpec_g5Event:0|javax_net_ssl_KeyManagerFactory_getInstance>KeyManagerFactorySpec_g2Event:0,2,1,Ljava/security/PublicKey;.getEncoded:()[B:2,13,0,,0,0,
com.starry.myne_500.apk,21,135,13,8,1,0,javax_net_ssl_TrustManagerFactory_getInstance>TrustManagerFactorySpec_g2Event:1|java_security_SecureRandom_getInstance>SecureRandomSpec_g2Event:0|java_security_SecureRandom_getInstance>SecureRandomSpec_g5Event:0|java_security_SecureRandom_getInstance_1>SecureRandomSpec_g4Event:0|java_security_SecureRandom_getInstance_2>SecureRandomSpec_g4Event:0|java_security_SecureRandom_getInstance_3>SecureRandomSpec_g4Event:0|java_security_SecureRandom_getInstance_4>SecureRandomSpec_g2Event:0|java_security_SecureRandom_getInstance_4>SecureRandomSpec_g4Event:0|java_security_SecureRandom_getInstance_4>SecureRandomSpec_g5Event:0|java_security_SecureRandom_getInstance_5>SecureRandomSpec_g2Event:0|java_security_SecureRandom_getInstance_5>SecureRandomSpec_g4Event:0|java_security_SecureRandom_getInstance_5>SecureRandomSpec_g5Event:0|javax_net_ssl_KeyManagerFactory_getInstance>KeyManagerFactorySpec_g2Event:0,2,1,Ljava/security/PublicKey;.getEncoded:()[B:2,7,0,,0,0,
com.surfaceocean.nexttraceroute_16.apk,8,135,13,8,1,0,javax_net_ssl_TrustManagerFactory_getInstance>TrustManagerFactorySpec_g2Event:1|java_security_SecureRandom_getInstance>SecureRandomSpec_g2Event:0|java_security_SecureRandom_getInstance>SecureRandomSpec_g5Event:0|java_security_SecureRandom_getInstance_1>SecureRandomSpec_g4Event:0|java_security_SecureRandom_getInstance_2>SecureRandomSpec_g4Event:0|java_security_SecureRandom_getInstance_3>SecureRandomSpec_g4Event:0|java_security_SecureRandom_getInstance_4>SecureRandomSpec_g2Event:0|java_security_SecureRandom_getInstance_4>SecureRandomSpec_g4Event:0|java_security_SecureRandom_getInstance_4>SecureRandomSpec_g5Event:0|java_security_SecureRandom_getInstance_5>SecureRandomSpec_g2Event:0|java_security_SecureRandom_getInstance_5>SecureRandomSpec_g4Event:0|java_security_SecureRandom_getInstance_5>SecureRandomSpec_g5Event:0|javax_net_ssl_KeyManagerFactory_getInstance>KeyManagerFactorySpec_g2Event:0,3,1,Ljava/security/PublicKey;.getEncoded:()[B:3,14,1,SignatureSpec_i1Event:1,0,0,
com.tananaev.passportreader_22.apk,7,135,13,8,9,0,java_security_SecureRandom_getInstance_2>SecureRandomSpec_g4Event:4|java_security_SecureRandom_getInstance>SecureRandomSpec_g2Event:2|java_security_SecureRandom_getInstance>SecureRandomSpec_g5Event:2|java_security_SecureRandom_getInstance_1>SecureRandomSpec_g4Event:2|javax_net_ssl_KeyManagerFactory_getInstance>KeyManagerFactorySpec_g2Event:1|java_security_SecureRandom_getInstance_3>SecureRandomSpec_g4Event:0|java_security_SecureRandom_getInstance_4>SecureRandomSpec_g2Event:0|java_security_SecureRandom_getInstance_4>SecureRandomSpec_g4Event:0|java_security_SecureRandom_getInstance_4>SecureRandomSpec_g5Event:0|java_security_SecureRandom_getInstance_5>SecureRandomSpec_g2Event:0|java_security_SecureRandom_getInstance_5>SecureRandomSpec_g4Event:0|java_security_SecureRandom_getInstance_5>SecureRandomSpec_g5Event:0|javax_net_ssl_TrustManagerFactory_getInstance>TrustManagerFactorySpec_g2Event:0,112,5,Ljava/security/PublicKey;.getEncoded:()[B:63|Ljavax/crypto/SecretKey;.getEncoded:()[B:32|Ljava/security/PrivateKey;.getEncoded:()[B:13|Ljavax/crypto/interfaces/PBEKey;.getEncoded:()[B:2|Ljavax/crypto/spec/SecretKeySpec;.getEncoded:()[B:2,401,21,SignatureSpec_i1Event:10|IvChainJunctionSpec_useEvent+CipherSpec_i2Event:3|KeyGeneratorSpec_initRandomSizeEvent:3|CipherSpec_i2Event:1|KeyManagerFactorySpec_initEvent:1|SecureRandomSpec_next1Event:1|SignatureSpec_i4Event:1|SignatureSpec_updateEvent:1,0,0,
com.tk.quicksearch_65.apk,21,135,13,8,2,0,javax_net_ssl_TrustManagerFactory_getInstance>TrustManagerFactorySpec_g2Event:2|java_security_SecureRandom_getInstance>SecureRandomSpec_g2Event:0|java_security_SecureRandom_getInstance>SecureRandomSpec_g5Event:0|java_security_SecureRandom_getInstance_1>SecureRandomSpec_g4Event:0|java_security_SecureRandom_getInstance_2>SecureRandomSpec_g4Event:0|java_security_SecureRandom_getInstance_3>SecureRandomSpec_g4Event:0|java_security_SecureRandom_getInstance_4>SecureRandomSpec_g2Event:0|java_security_SecureRandom_getInstance_4>SecureRandomSpec_g4Event:0|java_security_SecureRandom_getInstance_4>SecureRandomSpec_g5Event:0|java_security_SecureRandom_getInstance_5>SecureRandomSpec_g2Event:0|java_security_SecureRandom_getInstance_5>SecureRandomSpec_g4Event:0|java_security_SecureRandom_getInstance_5>SecureRandomSpec_g5Event:0|javax_net_ssl_KeyManagerFactory_getInstance>KeyManagerFactorySpec_g2Event:0,2,1,Ljava/security/PublicKey;.getEncoded:()[B:2,72,0,,0,0,
com.trianguloy.urlchecker_47.apk,2,135,13,8,0,0,java_security_SecureRandom_getInstance>SecureRandomSpec_g2Event:0|java_security_SecureRandom_getInstance>SecureRandomSpec_g5Event:0|java_security_SecureRandom_getInstance_1>SecureRandomSpec_g4Event:0|java_security_SecureRandom_getInstance_2>SecureRandomSpec_g4Event:0|java_security_SecureRandom_getInstance_3>SecureRandomSpec_g4Event:0|java_security_SecureRandom_getInstance_4>SecureRandomSpec_g2Event:0|java_security_SecureRandom_getInstance_4>SecureRandomSpec_g4Event:0|java_security_SecureRandom_getInstance_4>SecureRandomSpec_g5Event:0|java_security_SecureRandom_getInstance_5>SecureRandomSpec_g2Event:0|java_security_SecureRandom_getInstance_5>SecureRandomSpec_g4Event:0|java_security_SecureRandom_getInstance_5>SecureRandomSpec_g5Event:0|javax_net_ssl_KeyManagerFactory_getInstance>KeyManagerFactorySpec_g2Event:0|javax_net_ssl_TrustManagerFactory_getInstance>TrustManagerFactorySpec_g2Event:0,0,0,,1,0,,0,0,
com.vermont.possin_8.apk,14,135,13,8,9,0,javax_net_ssl_TrustManagerFactory_getInstance>TrustManagerFactorySpec_g2Event:3|java_security_SecureRandom_getInstance>SecureRandomSpec_g2Event:2|java_security_SecureRandom_getInstance>SecureRandomSpec_g5Event:2|java_security_SecureRandom_getInstance_1>SecureRandomSpec_g4Event:2|java_security_SecureRandom_getInstance_2>SecureRandomSpec_g4Event:1|javax_net_ssl_KeyManagerFactory_getInstance>KeyManagerFactorySpec_g2Event:1|java_security_SecureRandom_getInstance_3>SecureRandomSpec_g4Event:0|java_security_SecureRandom_getInstance_4>SecureRandomSpec_g2Event:0|java_security_SecureRandom_getInstance_4>SecureRandomSpec_g4Event:0|java_security_SecureRandom_getInstance_4>SecureRandomSpec_g5Event:0|java_security_SecureRandom_getInstance_5>SecureRandomSpec_g2Event:0|java_security_SecureRandom_getInstance_5>SecureRandomSpec_g4Event:0|java_security_SecureRandom_getInstance_5>SecureRandomSpec_g5Event:0,44,6,Ljava/security/PublicKey;.getEncoded:()[B:24|Ljavax/crypto/SecretKey;.getEncoded:()[B:11|Ljava/security/PrivateKey;.getEncoded:()[B:6|Ljava/security/interfaces/ECPublicKey;.getEncoded:()[B:1|Ljavax/crypto/interfaces/PBEKey;.getEncoded:()[B:1|Ljavax/crypto/spec/SecretKeySpec;.getEncoded:()[B:1,173,20,SecureRandomSpec_next2Event:13|SignatureSpec_i1Event:4|IvChainJunctionSpec_useEvent+CipherSpec_i2Event:1|KeyStoreSpec_loadEvent:1|SignatureSpec_i4Event:1,0,0,
com.vishaltelangre.nerdcalci_490.apk,13,135,13,8,0,0,java_security_SecureRandom_getInstance>SecureRandomSpec_g2Event:0|java_security_SecureRandom_getInstance>SecureRandomSpec_g5Event:0|java_security_SecureRandom_getInstance_1>SecureRandomSpec_g4Event:0|java_security_SecureRandom_getInstance_2>SecureRandomSpec_g4Event:0|java_security_SecureRandom_getInstance_3>SecureRandomSpec_g4Event:0|java_security_SecureRandom_getInstance_4>SecureRandomSpec_g2Event:0|java_security_SecureRandom_getInstance_4>SecureRandomSpec_g4Event:0|java_security_SecureRandom_getInstance_4>SecureRandomSpec_g5Event:0|java_security_SecureRandom_getInstance_5>SecureRandomSpec_g2Event:0|java_security_SecureRandom_getInstance_5>SecureRandomSpec_g4Event:0|java_security_SecureRandom_getInstance_5>SecureRandomSpec_g5Event:0|javax_net_ssl_KeyManagerFactory_getInstance>KeyManagerFactorySpec_g2Event:0|javax_net_ssl_TrustManagerFactory_getInstance>TrustManagerFactorySpec_g2Event:0,0,0,,1,0,,0,0,
com.vrem.wifianalyzer_71.apk,18,135,13,8,0,0,java_security_SecureRandom_getInstance>SecureRandomSpec_g2Event:0|java_security_SecureRandom_getInstance>SecureRandomSpec_g5Event:0|java_security_SecureRandom_getInstance_1>SecureRandomSpec_g4Event:0|java_security_SecureRandom_getInstance_2>SecureRandomSpec_g4Event:0|java_security_SecureRandom_getInstance_3>SecureRandomSpec_g4Event:0|java_security_SecureRandom_getInstance_4>SecureRandomSpec_g2Event:0|java_security_SecureRandom_getInstance_4>SecureRandomSpec_g4Event:0|java_security_SecureRandom_getInstance_4>SecureRandomSpec_g5Event:0|java_security_SecureRandom_getInstance_5>SecureRandomSpec_g2Event:0|java_security_SecureRandom_getInstance_5>SecureRandomSpec_g4Event:0|java_security_SecureRandom_getInstance_5>SecureRandomSpec_g5Event:0|javax_net_ssl_KeyManagerFactory_getInstance>KeyManagerFactorySpec_g2Event:0|javax_net_ssl_TrustManagerFactory_getInstance>TrustManagerFactorySpec_g2Event:0,0,0,,1,0,,0,0,
com.yogeshpaliyal.deepr_28.apk,18,135,13,8,5,0,java_security_SecureRandom_getInstance>SecureRandomSpec_g2Event:3|java_security_SecureRandom_getInstance>SecureRandomSpec_g5Event:3|javax_net_ssl_KeyManagerFactory_getInstance>KeyManagerFactorySpec_g2Event:1|javax_net_ssl_TrustManagerFactory_getInstance>TrustManagerFactorySpec_g2Event:1|java_security_SecureRandom_getInstance_1>SecureRandomSpec_g4Event:0|java_security_SecureRandom_getInstance_2>SecureRandomSpec_g4Event:0|java_security_SecureRandom_getInstance_3>SecureRandomSpec_g4Event:0|java_security_SecureRandom_getInstance_4>SecureRandomSpec_g2Event:0|java_security_SecureRandom_getInstance_4>SecureRandomSpec_g4Event:0|java_security_SecureRandom_getInstance_4>SecureRandomSpec_g5Event:0|java_security_SecureRandom_getInstance_5>SecureRandomSpec_g2Event:0|java_security_SecureRandom_getInstance_5>SecureRandomSpec_g4Event:0|java_security_SecureRandom_getInstance_5>SecureRandomSpec_g5Event:0,1,1,Ljava/security/PublicKey;.getEncoded:()[B:1,35,1,SecureRandomSpec_next1Event:1,0,0,
de.luhmer.owncloudnewsreader_196.apk,18,135,13,8,3,0,javax_net_ssl_TrustManagerFactory_getInstance>TrustManagerFactorySpec_g2Event:3|java_security_SecureRandom_getInstance>SecureRandomSpec_g2Event:0|java_security_SecureRandom_getInstance>SecureRandomSpec_g5Event:0|java_security_SecureRandom_getInstance_1>SecureRandomSpec_g4Event:0|java_security_SecureRandom_getInstance_2>SecureRandomSpec_g4Event:0|java_security_SecureRandom_getInstance_3>SecureRandomSpec_g4Event:0|java_security_SecureRandom_getInstance_4>SecureRandomSpec_g2Event:0|java_security_SecureRandom_getInstance_4>SecureRandomSpec_g4Event:0|java_security_SecureRandom_getInstance_4>SecureRandomSpec_g5Event:0|java_security_SecureRandom_getInstance_5>SecureRandomSpec_g2Event:0|java_security_SecureRandom_getInstance_5>SecureRandomSpec_g4Event:0|java_security_SecureRandom_getInstance_5>SecureRandomSpec_g5Event:0|javax_net_ssl_KeyManagerFactory_getInstance>KeyManagerFactorySpec_g2Event:0,2,1,Ljava/security/PublicKey;.getEncoded:()[B:2,13,0,,0,0,
de.lukasneugebauer.nextcloudcookbook_62.apk,22,135,13,8,2,0,javax_net_ssl_TrustManagerFactory_getInstance>TrustManagerFactorySpec_g2Event:2|java_security_SecureRandom_getInstance>SecureRandomSpec_g2Event:0|java_security_SecureRandom_getInstance>SecureRandomSpec_g5Event:0|java_security_SecureRandom_getInstance_1>SecureRandomSpec_g4Event:0|java_security_SecureRandom_getInstance_2>SecureRandomSpec_g4Event:0|java_security_SecureRandom_getInstance_3>SecureRandomSpec_g4Event:0|java_security_SecureRandom_getInstance_4>SecureRandomSpec_g2Event:0|java_security_SecureRandom_getInstance_4>SecureRandomSpec_g4Event:0|java_security_SecureRandom_getInstance_4>SecureRandomSpec_g5Event:0|java_security_SecureRandom_getInstance_5>SecureRandomSpec_g2Event:0|java_security_SecureRandom_getInstance_5>SecureRandomSpec_g4Event:0|java_security_SecureRandom_getInstance_5>SecureRandomSpec_g5Event:0|javax_net_ssl_KeyManagerFactory_getInstance>KeyManagerFactorySpec_g2Event:0,2,1,Ljava/security/PublicKey;.getEncoded:()[B:2,11,0,,0,0,
de.markusfisch.android.binaryeye_174.apk,19,135,13,8,4,0,java_security_SecureRandom_getInstance>SecureRandomSpec_g2Event:1|java_security_SecureRandom_getInstance>SecureRandomSpec_g5Event:1|java_security_SecureRandom_getInstance_1>SecureRandomSpec_g4Event:1|java_security_SecureRandom_getInstance_2>SecureRandomSpec_g4Event:1|javax_net_ssl_KeyManagerFactory_getInstance>KeyManagerFactorySpec_g2Event:1|java_security_SecureRandom_getInstance_3>SecureRandomSpec_g4Event:0|java_security_SecureRandom_getInstance_4>SecureRandomSpec_g2Event:0|java_security_SecureRandom_getInstance_4>SecureRandomSpec_g4Event:0|java_security_SecureRandom_getInstance_4>SecureRandomSpec_g5Event:0|java_security_SecureRandom_getInstance_5>SecureRandomSpec_g2Event:0|java_security_SecureRandom_getInstance_5>SecureRandomSpec_g4Event:0|java_security_SecureRandom_getInstance_5>SecureRandomSpec_g5Event:0|javax_net_ssl_TrustManagerFactory_getInstance>TrustManagerFactorySpec_g2Event:0,112,7,Ljava/security/PublicKey;.getEncoded:()[B:59|Ljavax/crypto/SecretKey;.getEncoded:()[B:26|Ljava/security/PrivateKey;.getEncoded:()[B:19|Ljava/security/interfaces/ECPublicKey;.getEncoded:()[B:4|Ljava/security/interfaces/ECPrivateKey;.getEncoded:()[B:2|Ljavax/crypto/interfaces/PBEKey;.getEncoded:()[B:1|Ljavax/crypto/spec/SecretKeySpec;.getEncoded:()[B:1,379,28,SecureRandomSpec_next2Event:13|SignatureSpec_i1Event:5|IvChainJunctionSpec_useEvent+CipherSpec_i2Event:4|CipherSpec_i2Event:2|KeyGeneratorSpec_initRandomSizeEvent:2|KeyManagerFactorySpec_initEvent:1|SignatureSpec_updateEvent:1,0,0,
de.markusfisch.android.shadereditor_93.apk,17,135,13,8,0,0,java_security_SecureRandom_getInstance>SecureRandomSpec_g2Event:0|java_security_SecureRandom_getInstance>SecureRandomSpec_g5Event:0|java_security_SecureRandom_getInstance_1>SecureRandomSpec_g4Event:0|java_security_SecureRandom_getInstance_2>SecureRandomSpec_g4Event:0|java_security_SecureRandom_getInstance_3>SecureRandomSpec_g4Event:0|java_security_SecureRandom_getInstance_4>SecureRandomSpec_g2Event:0|java_security_SecureRandom_getInstance_4>SecureRandomSpec_g4Event:0|java_security_SecureRandom_getInstance_4>SecureRandomSpec_g5Event:0|java_security_SecureRandom_getInstance_5>SecureRandomSpec_g2Event:0|java_security_SecureRandom_getInstance_5>SecureRandomSpec_g4Event:0|java_security_SecureRandom_getInstance_5>SecureRandomSpec_g5Event:0|javax_net_ssl_KeyManagerFactory_getInstance>KeyManagerFactorySpec_g2Event:0|javax_net_ssl_TrustManagerFactory_getInstance>TrustManagerFactorySpec_g2Event:0,0,0,,6,0,,0,0,
de.stephanlindauer.criticalmaps_104.apk,16,135,13,8,1,0,javax_net_ssl_TrustManagerFactory_getInstance>TrustManagerFactorySpec_g2Event:1|java_security_SecureRandom_getInstance>SecureRandomSpec_g2Event:0|java_security_SecureRandom_getInstance>SecureRandomSpec_g5Event:0|java_security_SecureRandom_getInstance_1>SecureRandomSpec_g4Event:0|java_security_SecureRandom_getInstance_2>SecureRandomSpec_g4Event:0|java_security_SecureRandom_getInstance_3>SecureRandomSpec_g4Event:0|java_security_SecureRandom_getInstance_4>SecureRandomSpec_g2Event:0|java_security_SecureRandom_getInstance_4>SecureRandomSpec_g4Event:0|java_security_SecureRandom_getInstance_4>SecureRandomSpec_g5Event:0|java_security_SecureRandom_getInstance_5>SecureRandomSpec_g2Event:0|java_security_SecureRandom_getInstance_5>SecureRandomSpec_g4Event:0|java_security_SecureRandom_getInstance_5>SecureRandomSpec_g5Event:0|javax_net_ssl_KeyManagerFactory_getInstance>KeyManagerFactorySpec_g2Event:0,2,1,Ljava/security/PublicKey;.getEncoded:()[B:2,7,0,,0,0,
dev.anilbeesetti.nextplayer_42.apk,12,135,13,8,0,0,java_security_SecureRandom_getInstance>SecureRandomSpec_g2Event:0|java_security_SecureRandom_getInstance>SecureRandomSpec_g5Event:0|java_security_SecureRandom_getInstance_1>SecureRandomSpec_g4Event:0|java_security_SecureRandom_getInstance_2>SecureRandomSpec_g4Event:0|java_security_SecureRandom_getInstance_3>SecureRandomSpec_g4Event:0|java_security_SecureRandom_getInstance_4>SecureRandomSpec_g2Event:0|java_security_SecureRandom_getInstance_4>SecureRandomSpec_g4Event:0|java_security_SecureRandom_getInstance_4>SecureRandomSpec_g5Event:0|java_security_SecureRandom_getInstance_5>SecureRandomSpec_g2Event:0|java_security_SecureRandom_getInstance_5>SecureRandomSpec_g4Event:0|java_security_SecureRandom_getInstance_5>SecureRandomSpec_g5Event:0|javax_net_ssl_KeyManagerFactory_getInstance>KeyManagerFactorySpec_g2Event:0|javax_net_ssl_TrustManagerFactory_getInstance>TrustManagerFactorySpec_g2Event:0,0,0,,12,0,,0,0,
dev.dettmer.simplenotes_41.apk,20,135,13,8,2,0,javax_net_ssl_TrustManagerFactory_getInstance>TrustManagerFactorySpec_g2Event:2|java_security_SecureRandom_getInstance>SecureRandomSpec_g2Event:0|java_security_SecureRandom_getInstance>SecureRandomSpec_g5Event:0|java_security_SecureRandom_getInstance_1>SecureRandomSpec_g4Event:0|java_security_SecureRandom_getInstance_2>SecureRandomSpec_g4Event:0|java_security_SecureRandom_getInstance_3>SecureRandomSpec_g4Event:0|java_security_SecureRandom_getInstance_4>SecureRandomSpec_g2Event:0|java_security_SecureRandom_getInstance_4>SecureRandomSpec_g4Event:0|java_security_SecureRandom_getInstance_4>SecureRandomSpec_g5Event:0|java_security_SecureRandom_getInstance_5>SecureRandomSpec_g2Event:0|java_security_SecureRandom_getInstance_5>SecureRandomSpec_g4Event:0|java_security_SecureRandom_getInstance_5>SecureRandomSpec_g5Event:0|javax_net_ssl_KeyManagerFactory_getInstance>KeyManagerFactorySpec_g2Event:0,3,2,Ljava/security/PublicKey;.getEncoded:()[B:2|Ljavax/crypto/SecretKey;.getEncoded:()[B:1,76,0,,0,0,
dev.itsvic.parceltracker_10501000.apk,10,135,13,8,2,0,javax_net_ssl_TrustManagerFactory_getInstance>TrustManagerFactorySpec_g2Event:2|java_security_SecureRandom_getInstance>SecureRandomSpec_g2Event:0|java_security_SecureRandom_getInstance>SecureRandomSpec_g5Event:0|java_security_SecureRandom_getInstance_1>SecureRandomSpec_g4Event:0|java_security_SecureRandom_getInstance_2>SecureRandomSpec_g4Event:0|java_security_SecureRandom_getInstance_3>SecureRandomSpec_g4Event:0|java_security_SecureRandom_getInstance_4>SecureRandomSpec_g2Event:0|java_security_SecureRandom_getInstance_4>SecureRandomSpec_g4Event:0|java_security_SecureRandom_getInstance_4>SecureRandomSpec_g5Event:0|java_security_SecureRandom_getInstance_5>SecureRandomSpec_g2Event:0|java_security_SecureRandom_getInstance_5>SecureRandomSpec_g4Event:0|java_security_SecureRandom_getInstance_5>SecureRandomSpec_g5Event:0|javax_net_ssl_KeyManagerFactory_getInstance>KeyManagerFactorySpec_g2Event:0,2,1,Ljava/security/PublicKey;.getEncoded:()[B:2,11,0,,0,0,
dev.leonlatsch.photok_62.apk,21,135,13,8,4,0,java_security_SecureRandom_getInstance>SecureRandomSpec_g2Event:2|java_security_SecureRandom_getInstance>SecureRandomSpec_g5Event:2|javax_net_ssl_TrustManagerFactory_getInstance>TrustManagerFactorySpec_g2Event:2|java_security_SecureRandom_getInstance_1>SecureRandomSpec_g4Event:0|java_security_SecureRandom_getInstance_2>SecureRandomSpec_g4Event:0|java_security_SecureRandom_getInstance_3>SecureRandomSpec_g4Event:0|java_security_SecureRandom_getInstance_4>SecureRandomSpec_g2Event:0|java_security_SecureRandom_getInstance_4>SecureRandomSpec_g4Event:0|java_security_SecureRandom_getInstance_4>SecureRandomSpec_g5Event:0|java_security_SecureRandom_getInstance_5>SecureRandomSpec_g2Event:0|java_security_SecureRandom_getInstance_5>SecureRandomSpec_g4Event:0|java_security_SecureRandom_getInstance_5>SecureRandomSpec_g5Event:0|javax_net_ssl_KeyManagerFactory_getInstance>KeyManagerFactorySpec_g2Event:0,7,2,Ljavax/crypto/SecretKey;.getEncoded:()[B:5|Ljava/security/PublicKey;.getEncoded:()[B:2,45,0,,0,0,
dev.patri9ck.a2ln_25.apk,12,135,13,8,0,0,java_security_SecureRandom_getInstance>SecureRandomSpec_g2Event:0|java_security_SecureRandom_getInstance>SecureRandomSpec_g5Event:0|java_security_SecureRandom_getInstance_1>SecureRandomSpec_g4Event:0|java_security_SecureRandom_getInstance_2>SecureRandomSpec_g4Event:0|java_security_SecureRandom_getInstance_3>SecureRandomSpec_g4Event:0|java_security_SecureRandom_getInstance_4>SecureRandomSpec_g2Event:0|java_security_SecureRandom_getInstance_4>SecureRandomSpec_g4Event:0|java_security_SecureRandom_getInstance_4>SecureRandomSpec_g5Event:0|java_security_SecureRandom_getInstance_5>SecureRandomSpec_g2Event:0|java_security_SecureRandom_getInstance_5>SecureRandomSpec_g4Event:0|java_security_SecureRandom_getInstance_5>SecureRandomSpec_g5Event:0|javax_net_ssl_KeyManagerFactory_getInstance>KeyManagerFactorySpec_g2Event:0|javax_net_ssl_TrustManagerFactory_getInstance>TrustManagerFactorySpec_g2Event:0,0,0,,3,0,,0,0,
dev.sebaubuntu.athena_17.apk,14,135,13,8,1,0,javax_net_ssl_TrustManagerFactory_getInstance>TrustManagerFactorySpec_g2Event:1|java_security_SecureRandom_getInstance>SecureRandomSpec_g2Event:0|java_security_SecureRandom_getInstance>SecureRandomSpec_g5Event:0|java_security_SecureRandom_getInstance_1>SecureRandomSpec_g4Event:0|java_security_SecureRandom_getInstance_2>SecureRandomSpec_g4Event:0|java_security_SecureRandom_getInstance_3>SecureRandomSpec_g4Event:0|java_security_SecureRandom_getInstance_4>SecureRandomSpec_g2Event:0|java_security_SecureRandom_getInstance_4>SecureRandomSpec_g4Event:0|java_security_SecureRandom_getInstance_4>SecureRandomSpec_g5Event:0|java_security_SecureRandom_getInstance_5>SecureRandomSpec_g2Event:0|java_security_SecureRandom_getInstance_5>SecureRandomSpec_g4Event:0|java_security_SecureRandom_getInstance_5>SecureRandomSpec_g5Event:0|javax_net_ssl_KeyManagerFactory_getInstance>KeyManagerFactorySpec_g2Event:0,2,1,Ljava/security/PublicKey;.getEncoded:()[B:2,10,0,,0,0,
dev.spiegl.flyingcarpet_21.apk,5,135,13,8,0,0,java_security_SecureRandom_getInstance>SecureRandomSpec_g2Event:0|java_security_SecureRandom_getInstance>SecureRandomSpec_g5Event:0|java_security_SecureRandom_getInstance_1>SecureRandomSpec_g4Event:0|java_security_SecureRandom_getInstance_2>SecureRandomSpec_g4Event:0|java_security_SecureRandom_getInstance_3>SecureRandomSpec_g4Event:0|java_security_SecureRandom_getInstance_4>SecureRandomSpec_g2Event:0|java_security_SecureRandom_getInstance_4>SecureRandomSpec_g4Event:0|java_security_SecureRandom_getInstance_4>SecureRandomSpec_g5Event:0|java_security_SecureRandom_getInstance_5>SecureRandomSpec_g2Event:0|java_security_SecureRandom_getInstance_5>SecureRandomSpec_g4Event:0|java_security_SecureRandom_getInstance_5>SecureRandomSpec_g5Event:0|javax_net_ssl_KeyManagerFactory_getInstance>KeyManagerFactorySpec_g2Event:0|javax_net_ssl_TrustManagerFactory_getInstance>TrustManagerFactorySpec_g2Event:0,0,0,,3,0,,0,0,
dev.ukanth.ufirewall_20260301.apk,15,135,13,8,0,0,java_security_SecureRandom_getInstance>SecureRandomSpec_g2Event:0|java_security_SecureRandom_getInstance>SecureRandomSpec_g5Event:0|java_security_SecureRandom_getInstance_1>SecureRandomSpec_g4Event:0|java_security_SecureRandom_getInstance_2>SecureRandomSpec_g4Event:0|java_security_SecureRandom_getInstance_3>SecureRandomSpec_g4Event:0|java_security_SecureRandom_getInstance_4>SecureRandomSpec_g2Event:0|java_security_SecureRandom_getInstance_4>SecureRandomSpec_g4Event:0|java_security_SecureRandom_getInstance_4>SecureRandomSpec_g5Event:0|java_security_SecureRandom_getInstance_5>SecureRandomSpec_g2Event:0|java_security_SecureRandom_getInstance_5>SecureRandomSpec_g4Event:0|java_security_SecureRandom_getInstance_5>SecureRandomSpec_g5Event:0|javax_net_ssl_KeyManagerFactory_getInstance>KeyManagerFactorySpec_g2Event:0|javax_net_ssl_TrustManagerFactory_getInstance>TrustManagerFactorySpec_g2Event:0,3,2,Ljavax/crypto/SecretKey;.getEncoded:()[B:2|Ljava/security/PublicKey;.getEncoded:()[B:1,24,1,SignatureSpec_i1Event:1,0,0,
eu.darken.myperm_20101000.apk,23,135,13,8,2,0,javax_net_ssl_TrustManagerFactory_getInstance>TrustManagerFactorySpec_g2Event:2|java_security_SecureRandom_getInstance>SecureRandomSpec_g2Event:0|java_security_SecureRandom_getInstance>SecureRandomSpec_g5Event:0|java_security_SecureRandom_getInstance_1>SecureRandomSpec_g4Event:0|java_security_SecureRandom_getInstance_2>SecureRandomSpec_g4Event:0|java_security_SecureRandom_getInstance_3>SecureRandomSpec_g4Event:0|java_security_SecureRandom_getInstance_4>SecureRandomSpec_g2Event:0|java_security_SecureRandom_getInstance_4>SecureRandomSpec_g4Event:0|java_security_SecureRandom_getInstance_4>SecureRandomSpec_g5Event:0|java_security_SecureRandom_getInstance_5>SecureRandomSpec_g2Event:0|java_security_SecureRandom_getInstance_5>SecureRandomSpec_g4Event:0|java_security_SecureRandom_getInstance_5>SecureRandomSpec_g5Event:0|javax_net_ssl_KeyManagerFactory_getInstance>KeyManagerFactorySpec_g2Event:0,2,1,Ljava/security/PublicKey;.getEncoded:()[B:2,10,0,,0,0,
eu.darken.sdmse_10705000.apk,38,135,13,8,2,0,javax_net_ssl_TrustManagerFactory_getInstance>TrustManagerFactorySpec_g2Event:2|java_security_SecureRandom_getInstance>SecureRandomSpec_g2Event:0|java_security_SecureRandom_getInstance>SecureRandomSpec_g5Event:0|java_security_SecureRandom_getInstance_1>SecureRandomSpec_g4Event:0|java_security_SecureRandom_getInstance_2>SecureRandomSpec_g4Event:0|java_security_SecureRandom_getInstance_3>SecureRandomSpec_g4Event:0|java_security_SecureRandom_getInstance_4>SecureRandomSpec_g2Event:0|java_security_SecureRandom_getInstance_4>SecureRandomSpec_g4Event:0|java_security_SecureRandom_getInstance_4>SecureRandomSpec_g5Event:0|java_security_SecureRandom_getInstance_5>SecureRandomSpec_g2Event:0|java_security_SecureRandom_getInstance_5>SecureRandomSpec_g4Event:0|java_security_SecureRandom_getInstance_5>SecureRandomSpec_g5Event:0|javax_net_ssl_KeyManagerFactory_getInstance>KeyManagerFactorySpec_g2Event:0,2,1,Ljava/security/PublicKey;.getEncoded:()[B:2,15,0,,0,0,
eu.faircode.email_2322.apk,24,135,13,8,19,0,javax_net_ssl_TrustManagerFactory_getInstance>TrustManagerFactorySpec_g2Event:10|java_security_SecureRandom_getInstance>SecureRandomSpec_g2Event:3|java_security_SecureRandom_getInstance>SecureRandomSpec_g5Event:3|javax_net_ssl_KeyManagerFactory_getInstance>KeyManagerFactorySpec_g2Event:3|java_security_SecureRandom_getInstance_2>SecureRandomSpec_g4Event:2|java_security_SecureRandom_getInstance_1>SecureRandomSpec_g4Event:1|java_security_SecureRandom_getInstance_3>SecureRandomSpec_g4Event:0|java_security_SecureRandom_getInstance_4>SecureRandomSpec_g2Event:0|java_security_SecureRandom_getInstance_4>SecureRandomSpec_g4Event:0|java_security_SecureRandom_getInstance_4>SecureRandomSpec_g5Event:0|java_security_SecureRandom_getInstance_5>SecureRandomSpec_g2Event:0|java_security_SecureRandom_getInstance_5>SecureRandomSpec_g4Event:0|java_security_SecureRandom_getInstance_5>SecureRandomSpec_g5Event:0,130,7,Ljava/security/PublicKey;.getEncoded:()[B:68|Ljavax/crypto/SecretKey;.getEncoded:()[B:34|Ljava/security/PrivateKey;.getEncoded:()[B:20|Ljava/security/interfaces/ECPublicKey;.getEncoded:()[B:4|Ljava/security/interfaces/ECPrivateKey;.getEncoded:()[B:2|Ljavax/crypto/interfaces/PBEKey;.getEncoded:()[B:1|Ljavax/crypto/spec/SecretKeySpec;.getEncoded:()[B:1,450,37,SecureRandomSpec_next2Event:13|IvChainJunctionSpec_useEvent+CipherSpec_i2Event:5|SignatureSpec_i1Event:5|CipherSpec_i2Event:4|KeyGeneratorSpec_initRandomSizeEvent:2|KeyStoreSpec_loadEvent:2|SignatureSpec_i2Event:2|SignatureSpec_i4Event:2|KeyManagerFactorySpec_initEvent:1|SignatureSpec_updateEvent:1,1,0,
eu.opencloud.android_9.apk,34,135,13,8,3,0,javax_net_ssl_TrustManagerFactory_getInstance>TrustManagerFactorySpec_g2Event:3|java_security_SecureRandom_getInstance>SecureRandomSpec_g2Event:0|java_security_SecureRandom_getInstance>SecureRandomSpec_g5Event:0|java_security_SecureRandom_getInstance_1>SecureRandomSpec_g4Event:0|java_security_SecureRandom_getInstance_2>SecureRandomSpec_g4Event:0|java_security_SecureRandom_getInstance_3>SecureRandomSpec_g4Event:0|java_security_SecureRandom_getInstance_4>SecureRandomSpec_g2Event:0|java_security_SecureRandom_getInstance_4>SecureRandomSpec_g4Event:0|java_security_SecureRandom_getInstance_4>SecureRandomSpec_g5Event:0|java_security_SecureRandom_getInstance_5>SecureRandomSpec_g2Event:0|java_security_SecureRandom_getInstance_5>SecureRandomSpec_g4Event:0|java_security_SecureRandom_getInstance_5>SecureRandomSpec_g5Event:0|javax_net_ssl_KeyManagerFactory_getInstance>KeyManagerFactorySpec_g2Event:0,2,1,Ljava/security/PublicKey;.getEncoded:()[B:2,33,2,KeyStoreSpec_loadEvent:2,0,0,
fr.corenting.traficparis_34.apk,9,135,13,8,3,0,java_security_SecureRandom_getInstance>SecureRandomSpec_g2Event:2|java_security_SecureRandom_getInstance>SecureRandomSpec_g5Event:2|javax_net_ssl_TrustManagerFactory_getInstance>TrustManagerFactorySpec_g2Event:1|java_security_SecureRandom_getInstance_1>SecureRandomSpec_g4Event:0|java_security_SecureRandom_getInstance_2>SecureRandomSpec_g4Event:0|java_security_SecureRandom_getInstance_3>SecureRandomSpec_g4Event:0|java_security_SecureRandom_getInstance_4>SecureRandomSpec_g2Event:0|java_security_SecureRandom_getInstance_4>SecureRandomSpec_g4Event:0|java_security_SecureRandom_getInstance_4>SecureRandomSpec_g5Event:0|java_security_SecureRandom_getInstance_5>SecureRandomSpec_g2Event:0|java_security_SecureRandom_getInstance_5>SecureRandomSpec_g4Event:0|java_security_SecureRandom_getInstance_5>SecureRandomSpec_g5Event:0|javax_net_ssl_KeyManagerFactory_getInstance>KeyManagerFactorySpec_g2Event:0,2,1,Ljava/security/PublicKey;.getEncoded:()[B:2,12,0,,0,0,
github.paroj.dsub2000_217.apk,15,135,13,8,5,0,java_security_SecureRandom_getInstance>SecureRandomSpec_g2Event:2|java_security_SecureRandom_getInstance>SecureRandomSpec_g5Event:2|javax_net_ssl_TrustManagerFactory_getInstance>TrustManagerFactorySpec_g2Event:2|javax_net_ssl_KeyManagerFactory_getInstance>KeyManagerFactorySpec_g2Event:1|java_security_SecureRandom_getInstance_1>SecureRandomSpec_g4Event:0|java_security_SecureRandom_getInstance_2>SecureRandomSpec_g4Event:0|java_security_SecureRandom_getInstance_3>SecureRandomSpec_g4Event:0|java_security_SecureRandom_getInstance_4>SecureRandomSpec_g2Event:0|java_security_SecureRandom_getInstance_4>SecureRandomSpec_g4Event:0|java_security_SecureRandom_getInstance_4>SecureRandomSpec_g5Event:0|java_security_SecureRandom_getInstance_5>SecureRandomSpec_g2Event:0|java_security_SecureRandom_getInstance_5>SecureRandomSpec_g4Event:0|java_security_SecureRandom_getInstance_5>SecureRandomSpec_g5Event:0,0,0,,16,2,KeyManagerFactorySpec_initEvent:1|KeyStoreSpec_loadEvent:1,0,0,
io.github.garemat.lunachron_23201.apk,10,135,13,8,4,0,java_security_SecureRandom_getInstance>SecureRandomSpec_g2Event:2|java_security_SecureRandom_getInstance>SecureRandomSpec_g5Event:2|javax_net_ssl_TrustManagerFactory_getInstance>TrustManagerFactorySpec_g2Event:2|java_security_SecureRandom_getInstance_1>SecureRandomSpec_g4Event:0|java_security_SecureRandom_getInstance_2>SecureRandomSpec_g4Event:0|java_security_SecureRandom_getInstance_3>SecureRandomSpec_g4Event:0|java_security_SecureRandom_getInstance_4>SecureRandomSpec_g2Event:0|java_security_SecureRandom_getInstance_4>SecureRandomSpec_g4Event:0|java_security_SecureRandom_getInstance_4>SecureRandomSpec_g5Event:0|java_security_SecureRandom_getInstance_5>SecureRandomSpec_g2Event:0|java_security_SecureRandom_getInstance_5>SecureRandomSpec_g4Event:0|java_security_SecureRandom_getInstance_5>SecureRandomSpec_g5Event:0|javax_net_ssl_KeyManagerFactory_getInstance>KeyManagerFactorySpec_g2Event:0,2,1,Ljava/security/PublicKey;.getEncoded:()[B:2,16,0,,0,0,
io.github.jd1378.otphelper_52000.apk,17,135,13,8,0,0,java_security_SecureRandom_getInstance>SecureRandomSpec_g2Event:0|java_security_SecureRandom_getInstance>SecureRandomSpec_g5Event:0|java_security_SecureRandom_getInstance_1>SecureRandomSpec_g4Event:0|java_security_SecureRandom_getInstance_2>SecureRandomSpec_g4Event:0|java_security_SecureRandom_getInstance_3>SecureRandomSpec_g4Event:0|java_security_SecureRandom_getInstance_4>SecureRandomSpec_g2Event:0|java_security_SecureRandom_getInstance_4>SecureRandomSpec_g4Event:0|java_security_SecureRandom_getInstance_4>SecureRandomSpec_g5Event:0|java_security_SecureRandom_getInstance_5>SecureRandomSpec_g2Event:0|java_security_SecureRandom_getInstance_5>SecureRandomSpec_g4Event:0|java_security_SecureRandom_getInstance_5>SecureRandomSpec_g5Event:0|javax_net_ssl_KeyManagerFactory_getInstance>KeyManagerFactorySpec_g2Event:0|javax_net_ssl_TrustManagerFactory_getInstance>TrustManagerFactorySpec_g2Event:0,0,0,,6,0,,0,0,
io.github.samolego.canta_225.apk,17,135,13,8,0,0,java_security_SecureRandom_getInstance>SecureRandomSpec_g2Event:0|java_security_SecureRandom_getInstance>SecureRandomSpec_g5Event:0|java_security_SecureRandom_getInstance_1>SecureRandomSpec_g4Event:0|java_security_SecureRandom_getInstance_2>SecureRandomSpec_g4Event:0|java_security_SecureRandom_getInstance_3>SecureRandomSpec_g4Event:0|java_security_SecureRandom_getInstance_4>SecureRandomSpec_g2Event:0|java_security_SecureRandom_getInstance_4>SecureRandomSpec_g4Event:0|java_security_SecureRandom_getInstance_4>SecureRandomSpec_g5Event:0|java_security_SecureRandom_getInstance_5>SecureRandomSpec_g2Event:0|java_security_SecureRandom_getInstance_5>SecureRandomSpec_g4Event:0|java_security_SecureRandom_getInstance_5>SecureRandomSpec_g5Event:0|javax_net_ssl_KeyManagerFactory_getInstance>KeyManagerFactorySpec_g2Event:0|javax_net_ssl_TrustManagerFactory_getInstance>TrustManagerFactorySpec_g2Event:0,0,0,,9,0,,0,0,
io.keepalive.android_133.apk,8,135,13,8,1,0,javax_net_ssl_TrustManagerFactory_getInstance>TrustManagerFactorySpec_g2Event:1|java_security_SecureRandom_getInstance>SecureRandomSpec_g2Event:0|java_security_SecureRandom_getInstance>SecureRandomSpec_g5Event:0|java_security_SecureRandom_getInstance_1>SecureRandomSpec_g4Event:0|java_security_SecureRandom_getInstance_2>SecureRandomSpec_g4Event:0|java_security_SecureRandom_getInstance_3>SecureRandomSpec_g4Event:0|java_security_SecureRandom_getInstance_4>SecureRandomSpec_g2Event:0|java_security_SecureRandom_getInstance_4>SecureRandomSpec_g4Event:0|java_security_SecureRandom_getInstance_4>SecureRandomSpec_g5Event:0|java_security_SecureRandom_getInstance_5>SecureRandomSpec_g2Event:0|java_security_SecureRandom_getInstance_5>SecureRandomSpec_g4Event:0|java_security_SecureRandom_getInstance_5>SecureRandomSpec_g5Event:0|javax_net_ssl_KeyManagerFactory_getInstance>KeyManagerFactorySpec_g2Event:0,2,1,Ljava/security/PublicKey;.getEncoded:()[B:2,7,0,,0,0,
io.treehouses.remote_6098.apk,18,135,13,8,3,0,javax_net_ssl_TrustManagerFactory_getInstance>TrustManagerFactorySpec_g2Event:2|java_security_SecureRandom_getInstance>SecureRandomSpec_g2Event:1|java_security_SecureRandom_getInstance>SecureRandomSpec_g5Event:1|java_security_SecureRandom_getInstance_1>SecureRandomSpec_g4Event:0|java_security_SecureRandom_getInstance_2>SecureRandomSpec_g4Event:0|java_security_SecureRandom_getInstance_3>SecureRandomSpec_g4Event:0|java_security_SecureRandom_getInstance_4>SecureRandomSpec_g2Event:0|java_security_SecureRandom_getInstance_4>SecureRandomSpec_g4Event:0|java_security_SecureRandom_getInstance_4>SecureRandomSpec_g5Event:0|java_security_SecureRandom_getInstance_5>SecureRandomSpec_g2Event:0|java_security_SecureRandom_getInstance_5>SecureRandomSpec_g4Event:0|java_security_SecureRandom_getInstance_5>SecureRandomSpec_g5Event:0|javax_net_ssl_KeyManagerFactory_getInstance>KeyManagerFactorySpec_g2Event:0,6,2,Ljava/security/PublicKey;.getEncoded:()[B:4|Ljava/security/PrivateKey;.getEncoded:()[B:2,44,0,,0,0,
it.danieleverducci.nextcloudmaps_9.apk,14,135,13,8,1,0,javax_net_ssl_TrustManagerFactory_getInstance>TrustManagerFactorySpec_g2Event:1|java_security_SecureRandom_getInstance>SecureRandomSpec_g2Event:0|java_security_SecureRandom_getInstance>SecureRandomSpec_g5Event:0|java_security_SecureRandom_getInstance_1>SecureRandomSpec_g4Event:0|java_security_SecureRandom_getInstance_2>SecureRandomSpec_g4Event:0|java_security_SecureRandom_getInstance_3>SecureRandomSpec_g4Event:0|java_security_SecureRandom_getInstance_4>SecureRandomSpec_g2Event:0|java_security_SecureRandom_getInstance_4>SecureRandomSpec_g4Event:0|java_security_SecureRandom_getInstance_4>SecureRandomSpec_g5Event:0|java_security_SecureRandom_getInstance_5>SecureRandomSpec_g2Event:0|java_security_SecureRandom_getInstance_5>SecureRandomSpec_g4Event:0|java_security_SecureRandom_getInstance_5>SecureRandomSpec_g5Event:0|javax_net_ssl_KeyManagerFactory_getInstance>KeyManagerFactorySpec_g2Event:0,2,1,Ljava/security/PublicKey;.getEncoded:()[B:2,5,0,,0,0,
it.niedermann.owncloud.notes_340000090.apk,22,135,13,8,7,0,javax_net_ssl_KeyManagerFactory_getInstance>KeyManagerFactorySpec_g2Event:2|javax_net_ssl_TrustManagerFactory_getInstance>TrustManagerFactorySpec_g2Event:2|java_security_SecureRandom_getInstance>SecureRandomSpec_g2Event:1|java_security_SecureRandom_getInstance>SecureRandomSpec_g5Event:1|java_security_SecureRandom_getInstance_1>SecureRandomSpec_g4Event:1|java_security_SecureRandom_getInstance_2>SecureRandomSpec_g4Event:1|java_security_SecureRandom_getInstance_3>SecureRandomSpec_g4Event:0|java_security_SecureRandom_getInstance_4>SecureRandomSpec_g2Event:0|java_security_SecureRandom_getInstance_4>SecureRandomSpec_g4Event:0|java_security_SecureRandom_getInstance_4>SecureRandomSpec_g5Event:0|java_security_SecureRandom_getInstance_5>SecureRandomSpec_g2Event:0|java_security_SecureRandom_getInstance_5>SecureRandomSpec_g4Event:0|java_security_SecureRandom_getInstance_5>SecureRandomSpec_g5Event:0,112,7,Ljava/security/PublicKey;.getEncoded:()[B:59|Ljavax/crypto/SecretKey;.getEncoded:()[B:25|Ljava/security/PrivateKey;.getEncoded:()[B:20|Ljava/security/interfaces/ECPublicKey;.getEncoded:()[B:4|Ljava/security/interfaces/ECPrivateKey;.getEncoded:()[B:2|Ljavax/crypto/interfaces/PBEKey;.getEncoded:()[B:1|Ljavax/crypto/spec/SecretKeySpec;.getEncoded:()[B:1,362,25,SecureRandomSpec_next2Event:13|SignatureSpec_i1Event:5|KeyGeneratorSpec_initRandomSizeEvent:2|CipherSpec_i2Event:1|IvChainJunctionSpec_useEvent+CipherSpec_i2Event:1|KeyManagerFactorySpec_initEvent:1|SignatureSpec_i4Event:1|SignatureSpec_updateEvent:1,0,0,
jwtc.android.chess_283.apk,14,135,13,8,1,0,javax_net_ssl_TrustManagerFactory_getInstance>TrustManagerFactorySpec_g2Event:1|java_security_SecureRandom_getInstance>SecureRandomSpec_g2Event:0|java_security_SecureRandom_getInstance>SecureRandomSpec_g5Event:0|java_security_SecureRandom_getInstance_1>SecureRandomSpec_g4Event:0|java_security_SecureRandom_getInstance_2>SecureRandomSpec_g4Event:0|java_security_SecureRandom_getInstance_3>SecureRandomSpec_g4Event:0|java_security_SecureRandom_getInstance_4>SecureRandomSpec_g2Event:0|java_security_SecureRandom_getInstance_4>SecureRandomSpec_g4Event:0|java_security_SecureRandom_getInstance_4>SecureRandomSpec_g5Event:0|java_security_SecureRandom_getInstance_5>SecureRandomSpec_g2Event:0|java_security_SecureRandom_getInstance_5>SecureRandomSpec_g4Event:0|java_security_SecureRandom_getInstance_5>SecureRandomSpec_g5Event:0|javax_net_ssl_KeyManagerFactory_getInstance>KeyManagerFactorySpec_g2Event:0,2,1,Ljava/security/PublicKey;.getEncoded:()[B:2,9,0,,0,0,
me.diamondforge.tokn_19.apk,28,135,13,8,5,0,javax_net_ssl_TrustManagerFactory_getInstance>TrustManagerFactorySpec_g2Event:2|java_security_SecureRandom_getInstance>SecureRandomSpec_g2Event:1|java_security_SecureRandom_getInstance>SecureRandomSpec_g5Event:1|java_security_SecureRandom_getInstance_1>SecureRandomSpec_g4Event:1|java_security_SecureRandom_getInstance_2>SecureRandomSpec_g4Event:1|java_security_SecureRandom_getInstance_3>SecureRandomSpec_g4Event:0|java_security_SecureRandom_getInstance_4>SecureRandomSpec_g2Event:0|java_security_SecureRandom_getInstance_4>SecureRandomSpec_g4Event:0|java_security_SecureRandom_getInstance_4>SecureRandomSpec_g5Event:0|java_security_SecureRandom_getInstance_5>SecureRandomSpec_g2Event:0|java_security_SecureRandom_getInstance_5>SecureRandomSpec_g4Event:0|java_security_SecureRandom_getInstance_5>SecureRandomSpec_g5Event:0|javax_net_ssl_KeyManagerFactory_getInstance>KeyManagerFactorySpec_g2Event:0,64,7,Ljava/security/PublicKey;.getEncoded:()[B:34|Ljavax/crypto/SecretKey;.getEncoded:()[B:16|Ljava/security/PrivateKey;.getEncoded:()[B:9|Ljava/security/interfaces/ECPublicKey;.getEncoded:()[B:2|Ljava/security/interfaces/ECPrivateKey;.getEncoded:()[B:1|Ljavax/crypto/interfaces/PBEKey;.getEncoded:()[B:1|Ljavax/crypto/spec/SecretKeySpec;.getEncoded:()[B:1,277,20,SecureRandomSpec_next2Event:13|SignatureSpec_i1Event:4|IvChainJunctionSpec_useEvent+CipherSpec_i2Event:2|SignatureSpec_updateEvent:1,1,0,
me.hackerchick.sharetoinputstick_26.apk,11,135,13,8,0,0,java_security_SecureRandom_getInstance>SecureRandomSpec_g2Event:0|java_security_SecureRandom_getInstance>SecureRandomSpec_g5Event:0|java_security_SecureRandom_getInstance_1>SecureRandomSpec_g4Event:0|java_security_SecureRandom_getInstance_2>SecureRandomSpec_g4Event:0|java_security_SecureRandom_getInstance_3>SecureRandomSpec_g4Event:0|java_security_SecureRandom_getInstance_4>SecureRandomSpec_g2Event:0|java_security_SecureRandom_getInstance_4>SecureRandomSpec_g4Event:0|java_security_SecureRandom_getInstance_4>SecureRandomSpec_g5Event:0|java_security_SecureRandom_getInstance_5>SecureRandomSpec_g2Event:0|java_security_SecureRandom_getInstance_5>SecureRandomSpec_g4Event:0|java_security_SecureRandom_getInstance_5>SecureRandomSpec_g5Event:0|javax_net_ssl_KeyManagerFactory_getInstance>KeyManagerFactorySpec_g2Event:0|javax_net_ssl_TrustManagerFactory_getInstance>TrustManagerFactorySpec_g2Event:0,0,0,,4,0,,0,0,
me.mudkip.moememos_48.apk,20,135,13,8,1,0,javax_net_ssl_TrustManagerFactory_getInstance>TrustManagerFactorySpec_g2Event:1|java_security_SecureRandom_getInstance>SecureRandomSpec_g2Event:0|java_security_SecureRandom_getInstance>SecureRandomSpec_g5Event:0|java_security_SecureRandom_getInstance_1>SecureRandomSpec_g4Event:0|java_security_SecureRandom_getInstance_2>SecureRandomSpec_g4Event:0|java_security_SecureRandom_getInstance_3>SecureRandomSpec_g4Event:0|java_security_SecureRandom_getInstance_4>SecureRandomSpec_g2Event:0|java_security_SecureRandom_getInstance_4>SecureRandomSpec_g4Event:0|java_security_SecureRandom_getInstance_4>SecureRandomSpec_g5Event:0|java_security_SecureRandom_getInstance_5>SecureRandomSpec_g2Event:0|java_security_SecureRandom_getInstance_5>SecureRandomSpec_g4Event:0|java_security_SecureRandom_getInstance_5>SecureRandomSpec_g5Event:0|javax_net_ssl_KeyManagerFactory_getInstance>KeyManagerFactorySpec_g2Event:0,2,1,Ljava/security/PublicKey;.getEncoded:()[B:2,14,0,,0,0,
me.rosuh.easywatermark_21000.apk,16,135,13,8,2,0,javax_net_ssl_TrustManagerFactory_getInstance>TrustManagerFactorySpec_g2Event:2|java_security_SecureRandom_getInstance>SecureRandomSpec_g2Event:0|java_security_SecureRandom_getInstance>SecureRandomSpec_g5Event:0|java_security_SecureRandom_getInstance_1>SecureRandomSpec_g4Event:0|java_security_SecureRandom_getInstance_2>SecureRandomSpec_g4Event:0|java_security_SecureRandom_getInstance_3>SecureRandomSpec_g4Event:0|java_security_SecureRandom_getInstance_4>SecureRandomSpec_g2Event:0|java_security_SecureRandom_getInstance_4>SecureRandomSpec_g4Event:0|java_security_SecureRandom_getInstance_4>SecureRandomSpec_g5Event:0|java_security_SecureRandom_getInstance_5>SecureRandomSpec_g2Event:0|java_security_SecureRandom_getInstance_5>SecureRandomSpec_g4Event:0|java_security_SecureRandom_getInstance_5>SecureRandomSpec_g5Event:0|javax_net_ssl_KeyManagerFactory_getInstance>KeyManagerFactorySpec_g2Event:0,2,1,Ljava/security/PublicKey;.getEncoded:()[B:2,9,0,,0,0,
me.testcase.ognarviewer_25.apk,13,135,13,8,0,0,java_security_SecureRandom_getInstance>SecureRandomSpec_g2Event:0|java_security_SecureRandom_getInstance>SecureRandomSpec_g5Event:0|java_security_SecureRandom_getInstance_1>SecureRandomSpec_g4Event:0|java_security_SecureRandom_getInstance_2>SecureRandomSpec_g4Event:0|java_security_SecureRandom_getInstance_3>SecureRandomSpec_g4Event:0|java_security_SecureRandom_getInstance_4>SecureRandomSpec_g2Event:0|java_security_SecureRandom_getInstance_4>SecureRandomSpec_g4Event:0|java_security_SecureRandom_getInstance_4>SecureRandomSpec_g5Event:0|java_security_SecureRandom_getInstance_5>SecureRandomSpec_g2Event:0|java_security_SecureRandom_getInstance_5>SecureRandomSpec_g4Event:0|java_security_SecureRandom_getInstance_5>SecureRandomSpec_g5Event:0|javax_net_ssl_KeyManagerFactory_getInstance>KeyManagerFactorySpec_g2Event:0|javax_net_ssl_TrustManagerFactory_getInstance>TrustManagerFactorySpec_g2Event:0,0,0,,5,0,,0,0,
me.timschneeberger.rootlessjamesdsp_51.apk,20,135,13,8,2,0,javax_net_ssl_TrustManagerFactory_getInstance>TrustManagerFactorySpec_g2Event:2|java_security_SecureRandom_getInstance>SecureRandomSpec_g2Event:0|java_security_SecureRandom_getInstance>SecureRandomSpec_g5Event:0|java_security_SecureRandom_getInstance_1>SecureRandomSpec_g4Event:0|java_security_SecureRandom_getInstance_2>SecureRandomSpec_g4Event:0|java_security_SecureRandom_getInstance_3>SecureRandomSpec_g4Event:0|java_security_SecureRandom_getInstance_4>SecureRandomSpec_g2Event:0|java_security_SecureRandom_getInstance_4>SecureRandomSpec_g4Event:0|java_security_SecureRandom_getInstance_4>SecureRandomSpec_g5Event:0|java_security_SecureRandom_getInstance_5>SecureRandomSpec_g2Event:0|java_security_SecureRandom_getInstance_5>SecureRandomSpec_g4Event:0|java_security_SecureRandom_getInstance_5>SecureRandomSpec_g5Event:0|javax_net_ssl_KeyManagerFactory_getInstance>KeyManagerFactorySpec_g2Event:0,2,1,Ljava/security/PublicKey;.getEncoded:()[B:2,10,0,,0,0,
me.zhanghai.android.untracker_9.apk,16,135,13,8,1,0,javax_net_ssl_TrustManagerFactory_getInstance>TrustManagerFactorySpec_g2Event:1|java_security_SecureRandom_getInstance>SecureRandomSpec_g2Event:0|java_security_SecureRandom_getInstance>SecureRandomSpec_g5Event:0|java_security_SecureRandom_getInstance_1>SecureRandomSpec_g4Event:0|java_security_SecureRandom_getInstance_2>SecureRandomSpec_g4Event:0|java_security_SecureRandom_getInstance_3>SecureRandomSpec_g4Event:0|java_security_SecureRandom_getInstance_4>SecureRandomSpec_g2Event:0|java_security_SecureRandom_getInstance_4>SecureRandomSpec_g4Event:0|java_security_SecureRandom_getInstance_4>SecureRandomSpec_g5Event:0|java_security_SecureRandom_getInstance_5>SecureRandomSpec_g2Event:0|java_security_SecureRandom_getInstance_5>SecureRandomSpec_g4Event:0|java_security_SecureRandom_getInstance_5>SecureRandomSpec_g5Event:0|javax_net_ssl_KeyManagerFactory_getInstance>KeyManagerFactorySpec_g2Event:0,2,1,Ljava/security/PublicKey;.getEncoded:()[B:2,7,0,,0,0,
net.adhikary.mrtbuddy_24.apk,17,135,13,8,0,0,java_security_SecureRandom_getInstance>SecureRandomSpec_g2Event:0|java_security_SecureRandom_getInstance>SecureRandomSpec_g5Event:0|java_security_SecureRandom_getInstance_1>SecureRandomSpec_g4Event:0|java_security_SecureRandom_getInstance_2>SecureRandomSpec_g4Event:0|java_security_SecureRandom_getInstance_3>SecureRandomSpec_g4Event:0|java_security_SecureRandom_getInstance_4>SecureRandomSpec_g2Event:0|java_security_SecureRandom_getInstance_4>SecureRandomSpec_g4Event:0|java_security_SecureRandom_getInstance_4>SecureRandomSpec_g5Event:0|java_security_SecureRandom_getInstance_5>SecureRandomSpec_g2Event:0|java_security_SecureRandom_getInstance_5>SecureRandomSpec_g4Event:0|java_security_SecureRandom_getInstance_5>SecureRandomSpec_g5Event:0|javax_net_ssl_KeyManagerFactory_getInstance>KeyManagerFactorySpec_g2Event:0|javax_net_ssl_TrustManagerFactory_getInstance>TrustManagerFactorySpec_g2Event:0,0,0,,6,0,,0,0,
net.christianbeier.droidvnc_ng_60.apk,6,135,13,8,0,0,java_security_SecureRandom_getInstance>SecureRandomSpec_g2Event:0|java_security_SecureRandom_getInstance>SecureRandomSpec_g5Event:0|java_security_SecureRandom_getInstance_1>SecureRandomSpec_g4Event:0|java_security_SecureRandom_getInstance_2>SecureRandomSpec_g4Event:0|java_security_SecureRandom_getInstance_3>SecureRandomSpec_g4Event:0|java_security_SecureRandom_getInstance_4>SecureRandomSpec_g2Event:0|java_security_SecureRandom_getInstance_4>SecureRandomSpec_g4Event:0|java_security_SecureRandom_getInstance_4>SecureRandomSpec_g5Event:0|java_security_SecureRandom_getInstance_5>SecureRandomSpec_g2Event:0|java_security_SecureRandom_getInstance_5>SecureRandomSpec_g4Event:0|java_security_SecureRandom_getInstance_5>SecureRandomSpec_g5Event:0|javax_net_ssl_KeyManagerFactory_getInstance>KeyManagerFactorySpec_g2Event:0|javax_net_ssl_TrustManagerFactory_getInstance>TrustManagerFactorySpec_g2Event:0,0,0,,1,0,,0,0,
net.gaast.giggity_769.apk,4,135,13,8,0,0,java_security_SecureRandom_getInstance>SecureRandomSpec_g2Event:0|java_security_SecureRandom_getInstance>SecureRandomSpec_g5Event:0|java_security_SecureRandom_getInstance_1>SecureRandomSpec_g4Event:0|java_security_SecureRandom_getInstance_2>SecureRandomSpec_g4Event:0|java_security_SecureRandom_getInstance_3>SecureRandomSpec_g4Event:0|java_security_SecureRandom_getInstance_4>SecureRandomSpec_g2Event:0|java_security_SecureRandom_getInstance_4>SecureRandomSpec_g4Event:0|java_security_SecureRandom_getInstance_4>SecureRandomSpec_g5Event:0|java_security_SecureRandom_getInstance_5>SecureRandomSpec_g2Event:0|java_security_SecureRandom_getInstance_5>SecureRandomSpec_g4Event:0|java_security_SecureRandom_getInstance_5>SecureRandomSpec_g5Event:0|javax_net_ssl_KeyManagerFactory_getInstance>KeyManagerFactorySpec_g2Event:0|javax_net_ssl_TrustManagerFactory_getInstance>TrustManagerFactorySpec_g2Event:0,0,0,,0,0,,0,0,
net.osmtracker_73.apk,15,135,13,8,0,0,java_security_SecureRandom_getInstance>SecureRandomSpec_g2Event:0|java_security_SecureRandom_getInstance>SecureRandomSpec_g5Event:0|java_security_SecureRandom_getInstance_1>SecureRandomSpec_g4Event:0|java_security_SecureRandom_getInstance_2>SecureRandomSpec_g4Event:0|java_security_SecureRandom_getInstance_3>SecureRandomSpec_g4Event:0|java_security_SecureRandom_getInstance_4>SecureRandomSpec_g2Event:0|java_security_SecureRandom_getInstance_4>SecureRandomSpec_g4Event:0|java_security_SecureRandom_getInstance_4>SecureRandomSpec_g5Event:0|java_security_SecureRandom_getInstance_5>SecureRandomSpec_g2Event:0|java_security_SecureRandom_getInstance_5>SecureRandomSpec_g4Event:0|java_security_SecureRandom_getInstance_5>SecureRandomSpec_g5Event:0|javax_net_ssl_KeyManagerFactory_getInstance>KeyManagerFactorySpec_g2Event:0|javax_net_ssl_TrustManagerFactory_getInstance>TrustManagerFactorySpec_g2Event:0,0,0,,3,0,,0,0,
net.pfiers.osmfocus_1009013.apk,20,135,13,8,3,0,javax_net_ssl_TrustManagerFactory_getInstance>TrustManagerFactorySpec_g2Event:3|java_security_SecureRandom_getInstance>SecureRandomSpec_g2Event:0|java_security_SecureRandom_getInstance>SecureRandomSpec_g5Event:0|java_security_SecureRandom_getInstance_1>SecureRandomSpec_g4Event:0|java_security_SecureRandom_getInstance_2>SecureRandomSpec_g4Event:0|java_security_SecureRandom_getInstance_3>SecureRandomSpec_g4Event:0|java_security_SecureRandom_getInstance_4>SecureRandomSpec_g2Event:0|java_security_SecureRandom_getInstance_4>SecureRandomSpec_g4Event:0|java_security_SecureRandom_getInstance_4>SecureRandomSpec_g5Event:0|java_security_SecureRandom_getInstance_5>SecureRandomSpec_g2Event:0|java_security_SecureRandom_getInstance_5>SecureRandomSpec_g4Event:0|java_security_SecureRandom_getInstance_5>SecureRandomSpec_g5Event:0|javax_net_ssl_KeyManagerFactory_getInstance>KeyManagerFactorySpec_g2Event:0,2,1,Ljava/security/PublicKey;.getEncoded:()[B:2,13,0,,0,0,
net.phbwt.paperwork_1003007.apk,17,135,13,8,3,0,javax_net_ssl_TrustManagerFactory_getInstance>TrustManagerFactorySpec_g2Event:2|javax_net_ssl_KeyManagerFactory_getInstance>KeyManagerFactorySpec_g2Event:1|java_security_SecureRandom_getInstance>SecureRandomSpec_g2Event:0|java_security_SecureRandom_getInstance>SecureRandomSpec_g5Event:0|java_security_SecureRandom_getInstance_1>SecureRandomSpec_g4Event:0|java_security_SecureRandom_getInstance_2>SecureRandomSpec_g4Event:0|java_security_SecureRandom_getInstance_3>SecureRandomSpec_g4Event:0|java_security_SecureRandom_getInstance_4>SecureRandomSpec_g2Event:0|java_security_SecureRandom_getInstance_4>SecureRandomSpec_g4Event:0|java_security_SecureRandom_getInstance_4>SecureRandomSpec_g5Event:0|java_security_SecureRandom_getInstance_5>SecureRandomSpec_g2Event:0|java_security_SecureRandom_getInstance_5>SecureRandomSpec_g4Event:0|java_security_SecureRandom_getInstance_5>SecureRandomSpec_g5Event:0,5,2,Ljava/security/PublicKey;.getEncoded:()[B:3|Ljava/security/PrivateKey;.getEncoded:()[B:2,14,0,,0,0,
nz.eloque.foss_wallet_111.apk,20,135,13,8,1,0,javax_net_ssl_TrustManagerFactory_getInstance>TrustManagerFactorySpec_g2Event:1|java_security_SecureRandom_getInstance>SecureRandomSpec_g2Event:0|java_security_SecureRandom_getInstance>SecureRandomSpec_g5Event:0|java_security_SecureRandom_getInstance_1>SecureRandomSpec_g4Event:0|java_security_SecureRandom_getInstance_2>SecureRandomSpec_g4Event:0|java_security_SecureRandom_getInstance_3>SecureRandomSpec_g4Event:0|java_security_SecureRandom_getInstance_4>SecureRandomSpec_g2Event:0|java_security_SecureRandom_getInstance_4>SecureRandomSpec_g4Event:0|java_security_SecureRandom_getInstance_4>SecureRandomSpec_g5Event:0|java_security_SecureRandom_getInstance_5>SecureRandomSpec_g2Event:0|java_security_SecureRandom_getInstance_5>SecureRandomSpec_g4Event:0|java_security_SecureRandom_getInstance_5>SecureRandomSpec_g5Event:0|javax_net_ssl_KeyManagerFactory_getInstance>KeyManagerFactorySpec_g2Event:0,2,1,Ljava/security/PublicKey;.getEncoded:()[B:2,8,0,,0,0,
org.cry.otp_31.apk,4,135,13,8,0,0,java_security_SecureRandom_getInstance>SecureRandomSpec_g2Event:0|java_security_SecureRandom_getInstance>SecureRandomSpec_g5Event:0|java_security_SecureRandom_getInstance_1>SecureRandomSpec_g4Event:0|java_security_SecureRandom_getInstance_2>SecureRandomSpec_g4Event:0|java_security_SecureRandom_getInstance_3>SecureRandomSpec_g4Event:0|java_security_SecureRandom_getInstance_4>SecureRandomSpec_g2Event:0|java_security_SecureRandom_getInstance_4>SecureRandomSpec_g4Event:0|java_security_SecureRandom_getInstance_4>SecureRandomSpec_g5Event:0|java_security_SecureRandom_getInstance_5>SecureRandomSpec_g2Event:0|java_security_SecureRandom_getInstance_5>SecureRandomSpec_g4Event:0|java_security_SecureRandom_getInstance_5>SecureRandomSpec_g5Event:0|javax_net_ssl_KeyManagerFactory_getInstance>KeyManagerFactorySpec_g2Event:0|javax_net_ssl_TrustManagerFactory_getInstance>TrustManagerFactorySpec_g2Event:0,0,0,,3,0,,0,0,
org.css_apps_m3.password_manager_16.apk,11,135,13,8,2,0,javax_net_ssl_KeyManagerFactory_getInstance>KeyManagerFactorySpec_g2Event:1|javax_net_ssl_TrustManagerFactory_getInstance>TrustManagerFactorySpec_g2Event:1|java_security_SecureRandom_getInstance>SecureRandomSpec_g2Event:0|java_security_SecureRandom_getInstance>SecureRandomSpec_g5Event:0|java_security_SecureRandom_getInstance_1>SecureRandomSpec_g4Event:0|java_security_SecureRandom_getInstance_2>SecureRandomSpec_g4Event:0|java_security_SecureRandom_getInstance_3>SecureRandomSpec_g4Event:0|java_security_SecureRandom_getInstance_4>SecureRandomSpec_g2Event:0|java_security_SecureRandom_getInstance_4>SecureRandomSpec_g4Event:0|java_security_SecureRandom_getInstance_4>SecureRandomSpec_g5Event:0|java_security_SecureRandom_getInstance_5>SecureRandomSpec_g2Event:0|java_security_SecureRandom_getInstance_5>SecureRandomSpec_g4Event:0|java_security_SecureRandom_getInstance_5>SecureRandomSpec_g5Event:0,1,1,Ljavax/crypto/SecretKey;.getEncoded:()[B:1,79,1,TrustManagerFactorySpec_initEvent:1,0,0,
org.fedorahosted.freeotp_48.apk,10,135,13,8,1,0,javax_net_ssl_TrustManagerFactory_getInstance>TrustManagerFactorySpec_g2Event:1|java_security_SecureRandom_getInstance>SecureRandomSpec_g2Event:0|java_security_SecureRandom_getInstance>SecureRandomSpec_g5Event:0|java_security_SecureRandom_getInstance_1>SecureRandomSpec_g4Event:0|java_security_SecureRandom_getInstance_2>SecureRandomSpec_g4Event:0|java_security_SecureRandom_getInstance_3>SecureRandomSpec_g4Event:0|java_security_SecureRandom_getInstance_4>SecureRandomSpec_g2Event:0|java_security_SecureRandom_getInstance_4>SecureRandomSpec_g4Event:0|java_security_SecureRandom_getInstance_4>SecureRandomSpec_g5Event:0|java_security_SecureRandom_getInstance_5>SecureRandomSpec_g2Event:0|java_security_SecureRandom_getInstance_5>SecureRandomSpec_g4Event:0|java_security_SecureRandom_getInstance_5>SecureRandomSpec_g5Event:0|javax_net_ssl_KeyManagerFactory_getInstance>KeyManagerFactorySpec_g2Event:0,6,2,Ljavax/crypto/SecretKey;.getEncoded:()[B:4|Ljava/security/PublicKey;.getEncoded:()[B:2,17,1,MacSpec_i1Event:1,3,0,
org.fossify.calendar_20.apk,18,135,13,8,0,0,java_security_SecureRandom_getInstance>SecureRandomSpec_g2Event:0|java_security_SecureRandom_getInstance>SecureRandomSpec_g5Event:0|java_security_SecureRandom_getInstance_1>SecureRandomSpec_g4Event:0|java_security_SecureRandom_getInstance_2>SecureRandomSpec_g4Event:0|java_security_SecureRandom_getInstance_3>SecureRandomSpec_g4Event:0|java_security_SecureRandom_getInstance_4>SecureRandomSpec_g2Event:0|java_security_SecureRandom_getInstance_4>SecureRandomSpec_g4Event:0|java_security_SecureRandom_getInstance_4>SecureRandomSpec_g5Event:0|java_security_SecureRandom_getInstance_5>SecureRandomSpec_g2Event:0|java_security_SecureRandom_getInstance_5>SecureRandomSpec_g4Event:0|java_security_SecureRandom_getInstance_5>SecureRandomSpec_g5Event:0|javax_net_ssl_KeyManagerFactory_getInstance>KeyManagerFactorySpec_g2Event:0|javax_net_ssl_TrustManagerFactory_getInstance>TrustManagerFactorySpec_g2Event:0,0,0,,4,0,,0,0,
org.fossify.keyboard_14.apk,15,135,13,8,0,0,java_security_SecureRandom_getInstance>SecureRandomSpec_g2Event:0|java_security_SecureRandom_getInstance>SecureRandomSpec_g5Event:0|java_security_SecureRandom_getInstance_1>SecureRandomSpec_g4Event:0|java_security_SecureRandom_getInstance_2>SecureRandomSpec_g4Event:0|java_security_SecureRandom_getInstance_3>SecureRandomSpec_g4Event:0|java_security_SecureRandom_getInstance_4>SecureRandomSpec_g2Event:0|java_security_SecureRandom_getInstance_4>SecureRandomSpec_g4Event:0|java_security_SecureRandom_getInstance_4>SecureRandomSpec_g5Event:0|java_security_SecureRandom_getInstance_5>SecureRandomSpec_g2Event:0|java_security_SecureRandom_getInstance_5>SecureRandomSpec_g4Event:0|java_security_SecureRandom_getInstance_5>SecureRandomSpec_g5Event:0|javax_net_ssl_KeyManagerFactory_getInstance>KeyManagerFactorySpec_g2Event:0|javax_net_ssl_TrustManagerFactory_getInstance>TrustManagerFactorySpec_g2Event:0,0,0,,4,0,,0,0,
org.fossify.math_10.apk,17,135,13,8,0,0,java_security_SecureRandom_getInstance>SecureRandomSpec_g2Event:0|java_security_SecureRandom_getInstance>SecureRandomSpec_g5Event:0|java_security_SecureRandom_getInstance_1>SecureRandomSpec_g4Event:0|java_security_SecureRandom_getInstance_2>SecureRandomSpec_g4Event:0|java_security_SecureRandom_getInstance_3>SecureRandomSpec_g4Event:0|java_security_SecureRandom_getInstance_4>SecureRandomSpec_g2Event:0|java_security_SecureRandom_getInstance_4>SecureRandomSpec_g4Event:0|java_security_SecureRandom_getInstance_4>SecureRandomSpec_g5Event:0|java_security_SecureRandom_getInstance_5>SecureRandomSpec_g2Event:0|java_security_SecureRandom_getInstance_5>SecureRandomSpec_g4Event:0|java_security_SecureRandom_getInstance_5>SecureRandomSpec_g5Event:0|javax_net_ssl_KeyManagerFactory_getInstance>KeyManagerFactorySpec_g2Event:0|javax_net_ssl_TrustManagerFactory_getInstance>TrustManagerFactorySpec_g2Event:0,0,0,,4,0,,0,0,
org.fossify.messages_20.apk,13,135,13,8,0,0,java_security_SecureRandom_getInstance>SecureRandomSpec_g2Event:0|java_security_SecureRandom_getInstance>SecureRandomSpec_g5Event:0|java_security_SecureRandom_getInstance_1>SecureRandomSpec_g4Event:0|java_security_SecureRandom_getInstance_2>SecureRandomSpec_g4Event:0|java_security_SecureRandom_getInstance_3>SecureRandomSpec_g4Event:0|java_security_SecureRandom_getInstance_4>SecureRandomSpec_g2Event:0|java_security_SecureRandom_getInstance_4>SecureRandomSpec_g4Event:0|java_security_SecureRandom_getInstance_4>SecureRandomSpec_g5Event:0|java_security_SecureRandom_getInstance_5>SecureRandomSpec_g2Event:0|java_security_SecureRandom_getInstance_5>SecureRandomSpec_g4Event:0|java_security_SecureRandom_getInstance_5>SecureRandomSpec_g5Event:0|javax_net_ssl_KeyManagerFactory_getInstance>KeyManagerFactorySpec_g2Event:0|javax_net_ssl_TrustManagerFactory_getInstance>TrustManagerFactorySpec_g2Event:0,1,1,Ljava/security/PublicKey;.getEncoded:()[B:1,4,0,,0,0,
org.fossify.musicplayer_14.apk,19,135,13,8,0,0,java_security_SecureRandom_getInstance>SecureRandomSpec_g2Event:0|java_security_SecureRandom_getInstance>SecureRandomSpec_g5Event:0|java_security_SecureRandom_getInstance_1>SecureRandomSpec_g4Event:0|java_security_SecureRandom_getInstance_2>SecureRandomSpec_g4Event:0|java_security_SecureRandom_getInstance_3>SecureRandomSpec_g4Event:0|java_security_SecureRandom_getInstance_4>SecureRandomSpec_g2Event:0|java_security_SecureRandom_getInstance_4>SecureRandomSpec_g4Event:0|java_security_SecureRandom_getInstance_4>SecureRandomSpec_g5Event:0|java_security_SecureRandom_getInstance_5>SecureRandomSpec_g2Event:0|java_security_SecureRandom_getInstance_5>SecureRandomSpec_g4Event:0|java_security_SecureRandom_getInstance_5>SecureRandomSpec_g5Event:0|javax_net_ssl_KeyManagerFactory_getInstance>KeyManagerFactorySpec_g2Event:0|javax_net_ssl_TrustManagerFactory_getInstance>TrustManagerFactorySpec_g2Event:0,0,0,,13,0,,0,0,
org.fossify.notes_13.apk,15,135,13,8,0,0,java_security_SecureRandom_getInstance>SecureRandomSpec_g2Event:0|java_security_SecureRandom_getInstance>SecureRandomSpec_g5Event:0|java_security_SecureRandom_getInstance_1>SecureRandomSpec_g4Event:0|java_security_SecureRandom_getInstance_2>SecureRandomSpec_g4Event:0|java_security_SecureRandom_getInstance_3>SecureRandomSpec_g4Event:0|java_security_SecureRandom_getInstance_4>SecureRandomSpec_g2Event:0|java_security_SecureRandom_getInstance_4>SecureRandomSpec_g4Event:0|java_security_SecureRandom_getInstance_4>SecureRandomSpec_g5Event:0|java_security_SecureRandom_getInstance_5>SecureRandomSpec_g2Event:0|java_security_SecureRandom_getInstance_5>SecureRandomSpec_g4Event:0|java_security_SecureRandom_getInstance_5>SecureRandomSpec_g5Event:0|javax_net_ssl_KeyManagerFactory_getInstance>KeyManagerFactorySpec_g2Event:0|javax_net_ssl_TrustManagerFactory_getInstance>TrustManagerFactorySpec_g2Event:0,0,0,,4,0,,0,0,
org.fossify.paint_7.apk,15,135,13,8,0,0,java_security_SecureRandom_getInstance>SecureRandomSpec_g2Event:0|java_security_SecureRandom_getInstance>SecureRandomSpec_g5Event:0|java_security_SecureRandom_getInstance_1>SecureRandomSpec_g4Event:0|java_security_SecureRandom_getInstance_2>SecureRandomSpec_g4Event:0|java_security_SecureRandom_getInstance_3>SecureRandomSpec_g4Event:0|java_security_SecureRandom_getInstance_4>SecureRandomSpec_g2Event:0|java_security_SecureRandom_getInstance_4>SecureRandomSpec_g4Event:0|java_security_SecureRandom_getInstance_4>SecureRandomSpec_g5Event:0|java_security_SecureRandom_getInstance_5>SecureRandomSpec_g2Event:0|java_security_SecureRandom_getInstance_5>SecureRandomSpec_g4Event:0|java_security_SecureRandom_getInstance_5>SecureRandomSpec_g5Event:0|javax_net_ssl_KeyManagerFactory_getInstance>KeyManagerFactorySpec_g2Event:0|javax_net_ssl_TrustManagerFactory_getInstance>TrustManagerFactorySpec_g2Event:0,0,0,,4,0,,0,0,
org.fossify.voicerecorder_18.apk,16,135,13,8,0,0,java_security_SecureRandom_getInstance>SecureRandomSpec_g2Event:0|java_security_SecureRandom_getInstance>SecureRandomSpec_g5Event:0|java_security_SecureRandom_getInstance_1>SecureRandomSpec_g4Event:0|java_security_SecureRandom_getInstance_2>SecureRandomSpec_g4Event:0|java_security_SecureRandom_getInstance_3>SecureRandomSpec_g4Event:0|java_security_SecureRandom_getInstance_4>SecureRandomSpec_g2Event:0|java_security_SecureRandom_getInstance_4>SecureRandomSpec_g4Event:0|java_security_SecureRandom_getInstance_4>SecureRandomSpec_g5Event:0|java_security_SecureRandom_getInstance_5>SecureRandomSpec_g2Event:0|java_security_SecureRandom_getInstance_5>SecureRandomSpec_g4Event:0|java_security_SecureRandom_getInstance_5>SecureRandomSpec_g5Event:0|javax_net_ssl_KeyManagerFactory_getInstance>KeyManagerFactorySpec_g2Event:0|javax_net_ssl_TrustManagerFactory_getInstance>TrustManagerFactorySpec_g2Event:0,0,0,,4,0,,0,0,
org.glpi.inventory.agent_39469.apk,15,135,13,8,1,0,javax_net_ssl_TrustManagerFactory_getInstance>TrustManagerFactorySpec_g2Event:1|java_security_SecureRandom_getInstance>SecureRandomSpec_g2Event:0|java_security_SecureRandom_getInstance>SecureRandomSpec_g5Event:0|java_security_SecureRandom_getInstance_1>SecureRandomSpec_g4Event:0|java_security_SecureRandom_getInstance_2>SecureRandomSpec_g4Event:0|java_security_SecureRandom_getInstance_3>SecureRandomSpec_g4Event:0|java_security_SecureRandom_getInstance_4>SecureRandomSpec_g2Event:0|java_security_SecureRandom_getInstance_4>SecureRandomSpec_g4Event:0|java_security_SecureRandom_getInstance_4>SecureRandomSpec_g5Event:0|java_security_SecureRandom_getInstance_5>SecureRandomSpec_g2Event:0|java_security_SecureRandom_getInstance_5>SecureRandomSpec_g4Event:0|java_security_SecureRandom_getInstance_5>SecureRandomSpec_g5Event:0|javax_net_ssl_KeyManagerFactory_getInstance>KeyManagerFactorySpec_g2Event:0,3,2,Ljava/security/PublicKey;.getEncoded:()[B:2|Ljava/security/PrivateKey;.getEncoded:()[B:1,9,1,SecureRandomSpec_next1Event:1,0,0,
org.hwyl.sexytopo_93.apk,19,135,13,8,0,0,java_security_SecureRandom_getInstance>SecureRandomSpec_g2Event:0|java_security_SecureRandom_getInstance>SecureRandomSpec_g5Event:0|java_security_SecureRandom_getInstance_1>SecureRandomSpec_g4Event:0|java_security_SecureRandom_getInstance_2>SecureRandomSpec_g4Event:0|java_security_SecureRandom_getInstance_3>SecureRandomSpec_g4Event:0|java_security_SecureRandom_getInstance_4>SecureRandomSpec_g2Event:0|java_security_SecureRandom_getInstance_4>SecureRandomSpec_g4Event:0|java_security_SecureRandom_getInstance_4>SecureRandomSpec_g5Event:0|java_security_SecureRandom_getInstance_5>SecureRandomSpec_g2Event:0|java_security_SecureRandom_getInstance_5>SecureRandomSpec_g4Event:0|java_security_SecureRandom_getInstance_5>SecureRandomSpec_g5Event:0|javax_net_ssl_KeyManagerFactory_getInstance>KeyManagerFactorySpec_g2Event:0|javax_net_ssl_TrustManagerFactory_getInstance>TrustManagerFactorySpec_g2Event:0,1,1,Ljava/security/PublicKey;.getEncoded:()[B:1,12,1,SecureRandomSpec_next1Event:1,0,0,
org.isoron.uhabits_20301.apk,21,135,13,8,2,0,java_security_SecureRandom_getInstance>SecureRandomSpec_g2Event:2|java_security_SecureRandom_getInstance>SecureRandomSpec_g5Event:2|java_security_SecureRandom_getInstance_1>SecureRandomSpec_g4Event:0|java_security_SecureRandom_getInstance_2>SecureRandomSpec_g4Event:0|java_security_SecureRandom_getInstance_3>SecureRandomSpec_g4Event:0|java_security_SecureRandom_getInstance_4>SecureRandomSpec_g2Event:0|java_security_SecureRandom_getInstance_4>SecureRandomSpec_g4Event:0|java_security_SecureRandom_getInstance_4>SecureRandomSpec_g5Event:0|java_security_SecureRandom_getInstance_5>SecureRandomSpec_g2Event:0|java_security_SecureRandom_getInstance_5>SecureRandomSpec_g4Event:0|java_security_SecureRandom_getInstance_5>SecureRandomSpec_g5Event:0|javax_net_ssl_KeyManagerFactory_getInstance>KeyManagerFactorySpec_g2Event:0|javax_net_ssl_TrustManagerFactory_getInstance>TrustManagerFactorySpec_g2Event:0,0,0,,7,0,,0,0,
org.jellyfin.mobile_2060499.apk,21,135,13,8,2,0,javax_net_ssl_TrustManagerFactory_getInstance>TrustManagerFactorySpec_g2Event:2|java_security_SecureRandom_getInstance>SecureRandomSpec_g2Event:0|java_security_SecureRandom_getInstance>SecureRandomSpec_g5Event:0|java_security_SecureRandom_getInstance_1>SecureRandomSpec_g4Event:0|java_security_SecureRandom_getInstance_2>SecureRandomSpec_g4Event:0|java_security_SecureRandom_getInstance_3>SecureRandomSpec_g4Event:0|java_security_SecureRandom_getInstance_4>SecureRandomSpec_g2Event:0|java_security_SecureRandom_getInstance_4>SecureRandomSpec_g4Event:0|java_security_SecureRandom_getInstance_4>SecureRandomSpec_g5Event:0|java_security_SecureRandom_getInstance_5>SecureRandomSpec_g2Event:0|java_security_SecureRandom_getInstance_5>SecureRandomSpec_g4Event:0|java_security_SecureRandom_getInstance_5>SecureRandomSpec_g5Event:0|javax_net_ssl_KeyManagerFactory_getInstance>KeyManagerFactorySpec_g2Event:0,2,1,Ljava/security/PublicKey;.getEncoded:()[B:2,16,0,,0,0,
org.liberty.android.fantastischmemo_241.apk,20,135,13,8,2,0,javax_net_ssl_TrustManagerFactory_getInstance>TrustManagerFactorySpec_g2Event:2|java_security_SecureRandom_getInstance>SecureRandomSpec_g2Event:0|java_security_SecureRandom_getInstance>SecureRandomSpec_g5Event:0|java_security_SecureRandom_getInstance_1>SecureRandomSpec_g4Event:0|java_security_SecureRandom_getInstance_2>SecureRandomSpec_g4Event:0|java_security_SecureRandom_getInstance_3>SecureRandomSpec_g4Event:0|java_security_SecureRandom_getInstance_4>SecureRandomSpec_g2Event:0|java_security_SecureRandom_getInstance_4>SecureRandomSpec_g4Event:0|java_security_SecureRandom_getInstance_4>SecureRandomSpec_g5Event:0|java_security_SecureRandom_getInstance_5>SecureRandomSpec_g2Event:0|java_security_SecureRandom_getInstance_5>SecureRandomSpec_g4Event:0|java_security_SecureRandom_getInstance_5>SecureRandomSpec_g5Event:0|javax_net_ssl_KeyManagerFactory_getInstance>KeyManagerFactorySpec_g2Event:0,2,1,Ljava/security/PublicKey;.getEncoded:()[B:2,11,0,,0,0,
org.musicbrainz.picard.barcodescanner_38.apk,9,135,13,8,2,0,javax_net_ssl_TrustManagerFactory_getInstance>TrustManagerFactorySpec_g2Event:2|java_security_SecureRandom_getInstance>SecureRandomSpec_g2Event:0|java_security_SecureRandom_getInstance>SecureRandomSpec_g5Event:0|java_security_SecureRandom_getInstance_1>SecureRandomSpec_g4Event:0|java_security_SecureRandom_getInstance_2>SecureRandomSpec_g4Event:0|java_security_SecureRandom_getInstance_3>SecureRandomSpec_g4Event:0|java_security_SecureRandom_getInstance_4>SecureRandomSpec_g2Event:0|java_security_SecureRandom_getInstance_4>SecureRandomSpec_g4Event:0|java_security_SecureRandom_getInstance_4>SecureRandomSpec_g5Event:0|java_security_SecureRandom_getInstance_5>SecureRandomSpec_g2Event:0|java_security_SecureRandom_getInstance_5>SecureRandomSpec_g4Event:0|java_security_SecureRandom_getInstance_5>SecureRandomSpec_g5Event:0|javax_net_ssl_KeyManagerFactory_getInstance>KeyManagerFactorySpec_g2Event:0,2,1,Ljava/security/PublicKey;.getEncoded:()[B:2,10,0,,0,0,
org.nqmgaming.aneko_34.apk,18,135,13,8,4,0,java_security_SecureRandom_getInstance>SecureRandomSpec_g2Event:2|java_security_SecureRandom_getInstance>SecureRandomSpec_g5Event:2|javax_net_ssl_TrustManagerFactory_getInstance>TrustManagerFactorySpec_g2Event:2|java_security_SecureRandom_getInstance_1>SecureRandomSpec_g4Event:0|java_security_SecureRandom_getInstance_2>SecureRandomSpec_g4Event:0|java_security_SecureRandom_getInstance_3>SecureRandomSpec_g4Event:0|java_security_SecureRandom_getInstance_4>SecureRandomSpec_g2Event:0|java_security_SecureRandom_getInstance_4>SecureRandomSpec_g4Event:0|java_security_SecureRandom_getInstance_4>SecureRandomSpec_g5Event:0|java_security_SecureRandom_getInstance_5>SecureRandomSpec_g2Event:0|java_security_SecureRandom_getInstance_5>SecureRandomSpec_g4Event:0|java_security_SecureRandom_getInstance_5>SecureRandomSpec_g5Event:0|javax_net_ssl_KeyManagerFactory_getInstance>KeyManagerFactorySpec_g2Event:0,2,1,Ljava/security/PublicKey;.getEncoded:()[B:2,15,0,,0,0,
org.nsh07.pomodoro_34.apk,24,135,13,8,0,0,java_security_SecureRandom_getInstance>SecureRandomSpec_g2Event:0|java_security_SecureRandom_getInstance>SecureRandomSpec_g5Event:0|java_security_SecureRandom_getInstance_1>SecureRandomSpec_g4Event:0|java_security_SecureRandom_getInstance_2>SecureRandomSpec_g4Event:0|java_security_SecureRandom_getInstance_3>SecureRandomSpec_g4Event:0|java_security_SecureRandom_getInstance_4>SecureRandomSpec_g2Event:0|java_security_SecureRandom_getInstance_4>SecureRandomSpec_g4Event:0|java_security_SecureRandom_getInstance_4>SecureRandomSpec_g5Event:0|java_security_SecureRandom_getInstance_5>SecureRandomSpec_g2Event:0|java_security_SecureRandom_getInstance_5>SecureRandomSpec_g4Event:0|java_security_SecureRandom_getInstance_5>SecureRandomSpec_g5Event:0|javax_net_ssl_KeyManagerFactory_getInstance>KeyManagerFactorySpec_g2Event:0|javax_net_ssl_TrustManagerFactory_getInstance>TrustManagerFactorySpec_g2Event:0,0,0,,1,0,,0,0,
org.openhab.habdroid_589.apk,16,135,13,8,3,0,javax_net_ssl_TrustManagerFactory_getInstance>TrustManagerFactorySpec_g2Event:3|java_security_SecureRandom_getInstance>SecureRandomSpec_g2Event:0|java_security_SecureRandom_getInstance>SecureRandomSpec_g5Event:0|java_security_SecureRandom_getInstance_1>SecureRandomSpec_g4Event:0|java_security_SecureRandom_getInstance_2>SecureRandomSpec_g4Event:0|java_security_SecureRandom_getInstance_3>SecureRandomSpec_g4Event:0|java_security_SecureRandom_getInstance_4>SecureRandomSpec_g2Event:0|java_security_SecureRandom_getInstance_4>SecureRandomSpec_g4Event:0|java_security_SecureRandom_getInstance_4>SecureRandomSpec_g5Event:0|java_security_SecureRandom_getInstance_5>SecureRandomSpec_g2Event:0|java_security_SecureRandom_getInstance_5>SecureRandomSpec_g4Event:0|java_security_SecureRandom_getInstance_5>SecureRandomSpec_g5Event:0|javax_net_ssl_KeyManagerFactory_getInstance>KeyManagerFactorySpec_g2Event:0,2,1,Ljava/security/PublicKey;.getEncoded:()[B:2,80,0,,0,0,
org.piepmeyer.gauguin_75.apk,25,135,13,8,4,0,java_security_SecureRandom_getInstance>SecureRandomSpec_g2Event:1|java_security_SecureRandom_getInstance>SecureRandomSpec_g5Event:1|java_security_SecureRandom_getInstance_1>SecureRandomSpec_g4Event:1|javax_net_ssl_KeyManagerFactory_getInstance>KeyManagerFactorySpec_g2Event:1|javax_net_ssl_TrustManagerFactory_getInstance>TrustManagerFactorySpec_g2Event:1|java_security_SecureRandom_getInstance_2>SecureRandomSpec_g4Event:0|java_security_SecureRandom_getInstance_3>SecureRandomSpec_g4Event:0|java_security_SecureRandom_getInstance_4>SecureRandomSpec_g2Event:0|java_security_SecureRandom_getInstance_4>SecureRandomSpec_g4Event:0|java_security_SecureRandom_getInstance_4>SecureRandomSpec_g5Event:0|java_security_SecureRandom_getInstance_5>SecureRandomSpec_g2Event:0|java_security_SecureRandom_getInstance_5>SecureRandomSpec_g4Event:0|java_security_SecureRandom_getInstance_5>SecureRandomSpec_g5Event:0,0,0,,4,0,,0,0,
org.prauga.messages_8.apk,6,135,13,8,2,0,javax_net_ssl_TrustManagerFactory_getInstance>TrustManagerFactorySpec_g2Event:2|java_security_SecureRandom_getInstance>SecureRandomSpec_g2Event:0|java_security_SecureRandom_getInstance>SecureRandomSpec_g5Event:0|java_security_SecureRandom_getInstance_1>SecureRandomSpec_g4Event:0|java_security_SecureRandom_getInstance_2>SecureRandomSpec_g4Event:0|java_security_SecureRandom_getInstance_3>SecureRandomSpec_g4Event:0|java_security_SecureRandom_getInstance_4>SecureRandomSpec_g2Event:0|java_security_SecureRandom_getInstance_4>SecureRandomSpec_g4Event:0|java_security_SecureRandom_getInstance_4>SecureRandomSpec_g5Event:0|java_security_SecureRandom_getInstance_5>SecureRandomSpec_g2Event:0|java_security_SecureRandom_getInstance_5>SecureRandomSpec_g4Event:0|java_security_SecureRandom_getInstance_5>SecureRandomSpec_g5Event:0|javax_net_ssl_KeyManagerFactory_getInstance>KeyManagerFactorySpec_g2Event:0,3,1,Ljava/security/PublicKey;.getEncoded:()[B:3,17,0,,0,0,
org.quantumbadger.redreader_117.apk,23,135,13,8,1,0,javax_net_ssl_TrustManagerFactory_getInstance>TrustManagerFactorySpec_g2Event:1|java_security_SecureRandom_getInstance>SecureRandomSpec_g2Event:0|java_security_SecureRandom_getInstance>SecureRandomSpec_g5Event:0|java_security_SecureRandom_getInstance_1>SecureRandomSpec_g4Event:0|java_security_SecureRandom_getInstance_2>SecureRandomSpec_g4Event:0|java_security_SecureRandom_getInstance_3>SecureRandomSpec_g4Event:0|java_security_SecureRandom_getInstance_4>SecureRandomSpec_g2Event:0|java_security_SecureRandom_getInstance_4>SecureRandomSpec_g4Event:0|java_security_SecureRandom_getInstance_4>SecureRandomSpec_g5Event:0|java_security_SecureRandom_getInstance_5>SecureRandomSpec_g2Event:0|java_security_SecureRandom_getInstance_5>SecureRandomSpec_g4Event:0|java_security_SecureRandom_getInstance_5>SecureRandomSpec_g5Event:0|javax_net_ssl_KeyManagerFactory_getInstance>KeyManagerFactorySpec_g2Event:0,2,1,Ljava/security/PublicKey;.getEncoded:()[B:2,17,0,,0,0,
org.tomasino.stutter_29.apk,11,135,13,8,2,0,javax_net_ssl_TrustManagerFactory_getInstance>TrustManagerFactorySpec_g2Event:2|java_security_SecureRandom_getInstance>SecureRandomSpec_g2Event:0|java_security_SecureRandom_getInstance>SecureRandomSpec_g5Event:0|java_security_SecureRandom_getInstance_1>SecureRandomSpec_g4Event:0|java_security_SecureRandom_getInstance_2>SecureRandomSpec_g4Event:0|java_security_SecureRandom_getInstance_3>SecureRandomSpec_g4Event:0|java_security_SecureRandom_getInstance_4>SecureRandomSpec_g2Event:0|java_security_SecureRandom_getInstance_4>SecureRandomSpec_g4Event:0|java_security_SecureRandom_getInstance_4>SecureRandomSpec_g5Event:0|java_security_SecureRandom_getInstance_5>SecureRandomSpec_g2Event:0|java_security_SecureRandom_getInstance_5>SecureRandomSpec_g4Event:0|java_security_SecureRandom_getInstance_5>SecureRandomSpec_g5Event:0|javax_net_ssl_KeyManagerFactory_getInstance>KeyManagerFactorySpec_g2Event:0,2,1,Ljava/security/PublicKey;.getEncoded:()[B:2,9,0,,0,0,
org.totschnig.myexpenses_858.apk,31,135,13,8,5,0,javax_net_ssl_TrustManagerFactory_getInstance>TrustManagerFactorySpec_g2Event:2|java_security_SecureRandom_getInstance>SecureRandomSpec_g2Event:1|java_security_SecureRandom_getInstance>SecureRandomSpec_g5Event:1|java_security_SecureRandom_getInstance_1>SecureRandomSpec_g4Event:1|javax_net_ssl_KeyManagerFactory_getInstance>KeyManagerFactorySpec_g2Event:1|java_security_SecureRandom_getInstance_2>SecureRandomSpec_g4Event:0|java_security_SecureRandom_getInstance_3>SecureRandomSpec_g4Event:0|java_security_SecureRandom_getInstance_4>SecureRandomSpec_g2Event:0|java_security_SecureRandom_getInstance_4>SecureRandomSpec_g4Event:0|java_security_SecureRandom_getInstance_4>SecureRandomSpec_g5Event:0|java_security_SecureRandom_getInstance_5>SecureRandomSpec_g2Event:0|java_security_SecureRandom_getInstance_5>SecureRandomSpec_g4Event:0|java_security_SecureRandom_getInstance_5>SecureRandomSpec_g5Event:0,5,2,Ljavax/crypto/SecretKey;.getEncoded:()[B:3|Ljava/security/PublicKey;.getEncoded:()[B:2,99,2,SignatureSpec_i1Event:1|SignatureSpec_i4Event:1,0,0,
org.wikipedia_50595.apk,24,135,13,8,3,0,javax_net_ssl_TrustManagerFactory_getInstance>TrustManagerFactorySpec_g2Event:2|javax_net_ssl_KeyManagerFactory_getInstance>KeyManagerFactorySpec_g2Event:1|java_security_SecureRandom_getInstance>SecureRandomSpec_g2Event:0|java_security_SecureRandom_getInstance>SecureRandomSpec_g5Event:0|java_security_SecureRandom_getInstance_1>SecureRandomSpec_g4Event:0|java_security_SecureRandom_getInstance_2>SecureRandomSpec_g4Event:0|java_security_SecureRandom_getInstance_3>SecureRandomSpec_g4Event:0|java_security_SecureRandom_getInstance_4>SecureRandomSpec_g2Event:0|java_security_SecureRandom_getInstance_4>SecureRandomSpec_g4Event:0|java_security_SecureRandom_getInstance_4>SecureRandomSpec_g5Event:0|java_security_SecureRandom_getInstance_5>SecureRandomSpec_g2Event:0|java_security_SecureRandom_getInstance_5>SecureRandomSpec_g4Event:0|java_security_SecureRandom_getInstance_5>SecureRandomSpec_g5Event:0,5,2,Ljava/security/PublicKey;.getEncoded:()[B:3|Ljava/security/PrivateKey;.getEncoded:()[B:2,14,0,,0,0,
rocks.poopjournal.metadataremover_20020.apk,21,135,13,8,6,0,java_security_SecureRandom_getInstance>SecureRandomSpec_g2Event:2|java_security_SecureRandom_getInstance>SecureRandomSpec_g5Event:2|javax_net_ssl_KeyManagerFactory_getInstance>KeyManagerFactorySpec_g2Event:2|java_security_SecureRandom_getInstance_1>SecureRandomSpec_g4Event:1|java_security_SecureRandom_getInstance_2>SecureRandomSpec_g4Event:1|java_security_SecureRandom_getInstance_3>SecureRandomSpec_g4Event:0|java_security_SecureRandom_getInstance_4>SecureRandomSpec_g2Event:0|java_security_SecureRandom_getInstance_4>SecureRandomSpec_g4Event:0|java_security_SecureRandom_getInstance_4>SecureRandomSpec_g5Event:0|java_security_SecureRandom_getInstance_5>SecureRandomSpec_g2Event:0|java_security_SecureRandom_getInstance_5>SecureRandomSpec_g4Event:0|java_security_SecureRandom_getInstance_5>SecureRandomSpec_g5Event:0|javax_net_ssl_TrustManagerFactory_getInstance>TrustManagerFactorySpec_g2Event:0,101,7,Ljava/security/PublicKey;.getEncoded:()[B:46|Ljavax/crypto/SecretKey;.getEncoded:()[B:31|Ljava/security/PrivateKey;.getEncoded:()[B:16|Ljava/security/interfaces/ECPublicKey;.getEncoded:()[B:4|Ljava/security/interfaces/ECPrivateKey;.getEncoded:()[B:2|Ljavax/crypto/interfaces/PBEKey;.getEncoded:()[B:1|Ljavax/crypto/spec/SecretKeySpec;.getEncoded:()[B:1,349,30,SecureRandomSpec_next2Event:13|SignatureSpec_i1Event:5|KeyGeneratorSpec_initRandomSizeEvent:4|IvChainJunctionSpec_useEvent+CipherSpec_i2Event:3|CipherSpec_i2Event:2|SignatureSpec_i4Event:2|KeyManagerFactorySpec_initEvent:1,0,0,
se.arctosoft.vault_41.apk,19,135,13,8,0,0,java_security_SecureRandom_getInstance>SecureRandomSpec_g2Event:0|java_security_SecureRandom_getInstance>SecureRandomSpec_g5Event:0|java_security_SecureRandom_getInstance_1>SecureRandomSpec_g4Event:0|java_security_SecureRandom_getInstance_2>SecureRandomSpec_g4Event:0|java_security_SecureRandom_getInstance_3>SecureRandomSpec_g4Event:0|java_security_SecureRandom_getInstance_4>SecureRandomSpec_g2Event:0|java_security_SecureRandom_getInstance_4>SecureRandomSpec_g4Event:0|java_security_SecureRandom_getInstance_4>SecureRandomSpec_g5Event:0|java_security_SecureRandom_getInstance_5>SecureRandomSpec_g2Event:0|java_security_SecureRandom_getInstance_5>SecureRandomSpec_g4Event:0|java_security_SecureRandom_getInstance_5>SecureRandomSpec_g5Event:0|javax_net_ssl_KeyManagerFactory_getInstance>KeyManagerFactorySpec_g2Event:0|javax_net_ssl_TrustManagerFactory_getInstance>TrustManagerFactorySpec_g2Event:0,1,1,Ljavax/crypto/SecretKey;.getEncoded:()[B:1,86,0,,0,0,
swati4star.createpdf_110.apk,14,135,13,8,4,0,java_security_SecureRandom_getInstance>SecureRandomSpec_g2Event:1|java_security_SecureRandom_getInstance>SecureRandomSpec_g5Event:1|java_security_SecureRandom_getInstance_1>SecureRandomSpec_g4Event:1|java_security_SecureRandom_getInstance_2>SecureRandomSpec_g4Event:1|javax_net_ssl_KeyManagerFactory_getInstance>KeyManagerFactorySpec_g2Event:1|java_security_SecureRandom_getInstance_3>SecureRandomSpec_g4Event:0|java_security_SecureRandom_getInstance_4>SecureRandomSpec_g2Event:0|java_security_SecureRandom_getInstance_4>SecureRandomSpec_g4Event:0|java_security_SecureRandom_getInstance_4>SecureRandomSpec_g5Event:0|java_security_SecureRandom_getInstance_5>SecureRandomSpec_g2Event:0|java_security_SecureRandom_getInstance_5>SecureRandomSpec_g4Event:0|java_security_SecureRandom_getInstance_5>SecureRandomSpec_g5Event:0|javax_net_ssl_TrustManagerFactory_getInstance>TrustManagerFactorySpec_g2Event:0,84,6,Ljava/security/PublicKey;.getEncoded:()[B:43|Ljavax/crypto/SecretKey;.getEncoded:()[B:23|Ljava/security/PrivateKey;.getEncoded:()[B:15|Ljava/security/interfaces/ECPublicKey;.getEncoded:()[B:1|Ljavax/crypto/interfaces/PBEKey;.getEncoded:()[B:1|Ljavax/crypto/spec/SecretKeySpec;.getEncoded:()[B:1,307,29,SecureRandomSpec_next2Event:13|SignatureSpec_i1Event:6|IvChainJunctionSpec_useEvent+CipherSpec_i2Event:3|KeyGeneratorSpec_initRandomSizeEvent:3|SignatureSpec_i4Event:2|CipherSpec_i2Event:1|KeyManagerFactorySpec_initEvent:1,0,0,
systems.sieber.droid_scep_7.apk,4,135,13,8,4,0,java_security_SecureRandom_getInstance>SecureRandomSpec_g2Event:1|java_security_SecureRandom_getInstance>SecureRandomSpec_g5Event:1|java_security_SecureRandom_getInstance_1>SecureRandomSpec_g4Event:1|java_security_SecureRandom_getInstance_2>SecureRandomSpec_g4Event:1|javax_net_ssl_KeyManagerFactory_getInstance>KeyManagerFactorySpec_g2Event:1|java_security_SecureRandom_getInstance_3>SecureRandomSpec_g4Event:0|java_security_SecureRandom_getInstance_4>SecureRandomSpec_g2Event:0|java_security_SecureRandom_getInstance_4>SecureRandomSpec_g4Event:0|java_security_SecureRandom_getInstance_4>SecureRandomSpec_g5Event:0|java_security_SecureRandom_getInstance_5>SecureRandomSpec_g2Event:0|java_security_SecureRandom_getInstance_5>SecureRandomSpec_g4Event:0|java_security_SecureRandom_getInstance_5>SecureRandomSpec_g5Event:0|javax_net_ssl_TrustManagerFactory_getInstance>TrustManagerFactorySpec_g2Event:0,107,7,Ljava/security/PublicKey;.getEncoded:()[B:54|Ljavax/crypto/SecretKey;.getEncoded:()[B:25|Ljava/security/PrivateKey;.getEncoded:()[B:20|Ljava/security/interfaces/ECPublicKey;.getEncoded:()[B:4|Ljava/security/interfaces/ECPrivateKey;.getEncoded:()[B:2|Ljavax/crypto/interfaces/PBEKey;.getEncoded:()[B:1|Ljavax/crypto/spec/SecretKeySpec;.getEncoded:()[B:1,324,26,SecureRandomSpec_next2Event:13|SignatureSpec_i1Event:5|IvChainJunctionSpec_useEvent+CipherSpec_i2Event:3|KeyGeneratorSpec_initRandomSizeEvent:3|CipherSpec_i2Event:1|KeyManagerFactorySpec_initEvent:1,0,0,
ua.acclorite.book_story_14.apk,22,135,13,8,6,0,javax_net_ssl_TrustManagerFactory_getInstance>TrustManagerFactorySpec_g2Event:2|java_security_SecureRandom_getInstance>SecureRandomSpec_g2Event:1|java_security_SecureRandom_getInstance>SecureRandomSpec_g5Event:1|java_security_SecureRandom_getInstance_1>SecureRandomSpec_g4Event:1|java_security_SecureRandom_getInstance_2>SecureRandomSpec_g4Event:1|javax_net_ssl_KeyManagerFactory_getInstance>KeyManagerFactorySpec_g2Event:1|java_security_SecureRandom_getInstance_3>SecureRandomSpec_g4Event:0|java_security_SecureRandom_getInstance_4>SecureRandomSpec_g2Event:0|java_security_SecureRandom_getInstance_4>SecureRandomSpec_g4Event:0|java_security_SecureRandom_getInstance_4>SecureRandomSpec_g5Event:0|java_security_SecureRandom_getInstance_5>SecureRandomSpec_g2Event:0|java_security_SecureRandom_getInstance_5>SecureRandomSpec_g4Event:0|java_security_SecureRandom_getInstance_5>SecureRandomSpec_g5Event:0,98,7,Ljava/security/PublicKey;.getEncoded:()[B:48|Ljavax/crypto/SecretKey;.getEncoded:()[B:26|Ljava/security/PrivateKey;.getEncoded:()[B:16|Ljava/security/interfaces/ECPublicKey;.getEncoded:()[B:4|Ljava/security/interfaces/ECPrivateKey;.getEncoded:()[B:2|Ljavax/crypto/interfaces/PBEKey;.getEncoded:()[B:1|Ljavax/crypto/spec/SecretKeySpec;.getEncoded:()[B:1,323,30,SecureRandomSpec_next2Event:14|SignatureSpec_i1Event:5|IvChainJunctionSpec_useEvent+CipherSpec_i2Event:4|KeyGeneratorSpec_initRandomSizeEvent:4|CipherSpec_i2Event:1|KeyManagerFactorySpec_initEvent:1|SignatureSpec_i4Event:1,0,0,
ua.com.radiokot.lnaddr2invoice_8.apk,12,135,13,8,2,0,javax_net_ssl_TrustManagerFactory_getInstance>TrustManagerFactorySpec_g2Event:2|java_security_SecureRandom_getInstance>SecureRandomSpec_g2Event:0|java_security_SecureRandom_getInstance>SecureRandomSpec_g5Event:0|java_security_SecureRandom_getInstance_1>SecureRandomSpec_g4Event:0|java_security_SecureRandom_getInstance_2>SecureRandomSpec_g4Event:0|java_security_SecureRandom_getInstance_3>SecureRandomSpec_g4Event:0|java_security_SecureRandom_getInstance_4>SecureRandomSpec_g2Event:0|java_security_SecureRandom_getInstance_4>SecureRandomSpec_g4Event:0|java_security_SecureRandom_getInstance_4>SecureRandomSpec_g5Event:0|java_security_SecureRandom_getInstance_5>SecureRandomSpec_g2Event:0|java_security_SecureRandom_getInstance_5>SecureRandomSpec_g4Event:0|java_security_SecureRandom_getInstance_5>SecureRandomSpec_g5Event:0|javax_net_ssl_KeyManagerFactory_getInstance>KeyManagerFactorySpec_g2Event:0,2,1,Ljava/security/PublicKey;.getEncoded:()[B:2,9,0,,0,0,
ua.com.radiokot.photoprism_67.apk,20,135,13,8,1,0,javax_net_ssl_TrustManagerFactory_getInstance>TrustManagerFactorySpec_g2Event:1|java_security_SecureRandom_getInstance>SecureRandomSpec_g2Event:0|java_security_SecureRandom_getInstance>SecureRandomSpec_g5Event:0|java_security_SecureRandom_getInstance_1>SecureRandomSpec_g4Event:0|java_security_SecureRandom_getInstance_2>SecureRandomSpec_g4Event:0|java_security_SecureRandom_getInstance_3>SecureRandomSpec_g4Event:0|java_security_SecureRandom_getInstance_4>SecureRandomSpec_g2Event:0|java_security_SecureRandom_getInstance_4>SecureRandomSpec_g4Event:0|java_security_SecureRandom_getInstance_4>SecureRandomSpec_g5Event:0|java_security_SecureRandom_getInstance_5>SecureRandomSpec_g2Event:0|java_security_SecureRandom_getInstance_5>SecureRandomSpec_g4Event:0|java_security_SecureRandom_getInstance_5>SecureRandomSpec_g5Event:0|javax_net_ssl_KeyManagerFactory_getInstance>KeyManagerFactorySpec_g2Event:0,2,1,Ljava/security/PublicKey;.getEncoded:()[B:2,26,0,,0,0,
uk.org.ngo.squeezer_158.apk,14,135,13,8,5,0,java_security_SecureRandom_getInstance>SecureRandomSpec_g2Event:2|java_security_SecureRandom_getInstance>SecureRandomSpec_g5Event:2|javax_net_ssl_TrustManagerFactory_getInstance>TrustManagerFactorySpec_g2Event:2|javax_net_ssl_KeyManagerFactory_getInstance>KeyManagerFactorySpec_g2Event:1|java_security_SecureRandom_getInstance_1>SecureRandomSpec_g4Event:0|java_security_SecureRandom_getInstance_2>SecureRandomSpec_g4Event:0|java_security_SecureRandom_getInstance_3>SecureRandomSpec_g4Event:0|java_security_SecureRandom_getInstance_4>SecureRandomSpec_g2Event:0|java_security_SecureRandom_getInstance_4>SecureRandomSpec_g4Event:0|java_security_SecureRandom_getInstance_4>SecureRandomSpec_g5Event:0|java_security_SecureRandom_getInstance_5>SecureRandomSpec_g2Event:0|java_security_SecureRandom_getInstance_5>SecureRandomSpec_g4Event:0|java_security_SecureRandom_getInstance_5>SecureRandomSpec_g5Event:0,0,0,,5,2,KeyManagerFactorySpec_initEvent:1|KeyStoreSpec_loadEvent:1,0,0,
vadimerenkov.aucards_21.apk,17,135,13,8,0,0,java_security_SecureRandom_getInstance>SecureRandomSpec_g2Event:0|java_security_SecureRandom_getInstance>SecureRandomSpec_g5Event:0|java_security_SecureRandom_getInstance_1>SecureRandomSpec_g4Event:0|java_security_SecureRandom_getInstance_2>SecureRandomSpec_g4Event:0|java_security_SecureRandom_getInstance_3>SecureRandomSpec_g4Event:0|java_security_SecureRandom_getInstance_4>SecureRandomSpec_g2Event:0|java_security_SecureRandom_getInstance_4>SecureRandomSpec_g4Event:0|java_security_SecureRandom_getInstance_4>SecureRandomSpec_g5Event:0|java_security_SecureRandom_getInstance_5>SecureRandomSpec_g2Event:0|java_security_SecureRandom_getInstance_5>SecureRandomSpec_g4Event:0|java_security_SecureRandom_getInstance_5>SecureRandomSpec_g5Event:0|javax_net_ssl_KeyManagerFactory_getInstance>KeyManagerFactorySpec_g2Event:0|javax_net_ssl_TrustManagerFactory_getInstance>TrustManagerFactorySpec_g2Event:0,0,0,,11,0,,0,0,
TOTAL,2726,135,2119,1304,433,0,javax_net_ssl_TrustManagerFactory_getInstance>TrustManagerFactorySpec_g2Event:239|java_security_SecureRandom_getInstance>SecureRandomSpec_g2Event:81|java_security_SecureRandom_getInstance>SecureRandomSpec_g5Event:81|javax_net_ssl_KeyManagerFactory_getInstance>KeyManagerFactorySpec_g2Event:65|java_security_SecureRandom_getInstance_2>SecureRandomSpec_g4Event:28|java_security_SecureRandom_getInstance_1>SecureRandomSpec_g4Event:20|java_security_SecureRandom_getInstance_3>SecureRandomSpec_g4Event:0|java_security_SecureRandom_getInstance_4>SecureRandomSpec_g2Event:0|java_security_SecureRandom_getInstance_4>SecureRandomSpec_g4Event:0|java_security_SecureRandom_getInstance_4>SecureRandomSpec_g5Event:0|java_security_SecureRandom_getInstance_5>SecureRandomSpec_g2Event:0|java_security_SecureRandom_getInstance_5>SecureRandomSpec_g4Event:0|java_security_SecureRandom_getInstance_5>SecureRandomSpec_g5Event:0,1577,232,Ljava/security/PublicKey;.getEncoded:()[B:868|Ljavax/crypto/SecretKey;.getEncoded:()[B:378|Ljava/security/PrivateKey;.getEncoded:()[B:238|Ljava/security/interfaces/ECPublicKey;.getEncoded:()[B:38|Ljavax/crypto/spec/SecretKeySpec;.getEncoded:()[B:22|Ljava/security/interfaces/ECPrivateKey;.getEncoded:()[B:18|Ljavax/crypto/interfaces/PBEKey;.getEncoded:()[B:15,7928,424,SecureRandomSpec_next2Event:170|SignatureSpec_i1Event:74|IvChainJunctionSpec_useEvent+CipherSpec_i2Event:39|CipherSpec_i2Event:28|KeyGeneratorSpec_initRandomSizeEvent:26|SignatureSpec_i4Event:26|KeyManagerFactorySpec_initEvent:20|SignatureSpec_updateEvent:16|KeyStoreSpec_loadEvent:10|SecureRandomSpec_next1Event:7|TrustManagerFactorySpec_initEvent:4|SignatureSpec_i2Event:2|IvChainJunctionSpec_useRandomSpecEvent+IvChainJunctionSpec_useEvent+CipherSpec_i2Event:1|MacSpec_i1Event:1,23,0,
