apk,cls,method,sig,event,target_invoke,invoke_off,branch_srcs,direction,app_code,ev
app.pachli_50.apk,org.conscrypt.CryptoUpcalls,signDigestWithPrivateKey,(Ljava/security/PrivateKey;[BLjava/lang/String;)[B,SignatureSpec_updateEvent,Ljava/security/Signature;.update:([B)V,008c,0029|006b,forward,0,['SignatureSpec_updateEvent']
app.pachli_50.apk,org.conscrypt.OpenSSLX509CRL,verifyInternal,(Ljava/security/PublicKey;Ljava/lang/String;)V,SignatureSpec_i4Event,Ljava/security/Signature;.initVerify:(Ljava/security/PublicKey;)V,001d,0015,forward,0,['SignatureSpec_i4Event']
app.pachli_50.apk,org.conscrypt.OpenSSLX509Certificate,verifyInternal,(Ljava/security/PublicKey;Ljava/lang/String;)V,SignatureSpec_i4Event,Ljava/security/Signature;.initVerify:(Ljava/security/PublicKey;)V,001b,000f,forward,0,['SignatureSpec_i4Event']
app.pachli_50.apk,org.conscrypt.OpenSSLX509Certificate,verify,(Ljava/security/PublicKey;Ljava/security/Provider;)V,SignatureSpec_i4Event,Ljava/security/Signature;.initVerify:(Ljava/security/PublicKey;)V,002e,0022,forward,0,['SignatureSpec_i4Event']
app.pwhs.universalinstaller_24.apk,com.android.apksig.JcaSignerEngine,sign,([B)[B,SignatureSpec_updateEvent,Ljava/security/Signature;.update:([B)V,001f,0015,forward,0,['SignatureSpec_updateEvent']
app.pwhs.universalinstaller_24.apk,com.android.apksig.internal.apk.ApkSigningBlockUtils,generateSignaturesOverData,(Lcom/android/apksig/internal/apk/ApkSigningBlockUtils$SignerConfig;[B)Ljava/util/List;,SignatureSpec_updateEvent,Ljava/security/Signature;.update:([B)V,0063,005b,forward,0,['SignatureSpec_updateEvent']
app.pwhs.universalinstaller_24.apk,com.android.apksig.internal.apk.stamp.SourceStampCertificateLineage,readSigningCertificateLineage,(Ljava/nio/ByteBuffer;)Ljava/util/List;,SignatureSpec_updateEvent,Ljava/security/Signature;.update:(Ljava/nio/ByteBuffer;)V,008b,0083,forward,0,['SignatureSpec_updateEvent']
app.pwhs.universalinstaller_24.apk,com.android.apksig.internal.apk.v3.V3SigningCertificateLineage,readSigningCertificateLineage,(Ljava/nio/ByteBuffer;)Ljava/util/List;,SignatureSpec_updateEvent,Ljava/security/Signature;.update:(Ljava/nio/ByteBuffer;)V,0082,007a,forward,0,['SignatureSpec_updateEvent']
ch.rmy.android.http_shortcuts_1104060001.apk,org.conscrypt.CryptoUpcalls,signDigestWithPrivateKey,(Ljava/security/PrivateKey;[BLjava/lang/String;)[B,SignatureSpec_updateEvent,Ljava/security/Signature;.update:([B)V,008c,0029|006b,forward,0,['SignatureSpec_updateEvent']
ch.rmy.android.http_shortcuts_1104060001.apk,org.conscrypt.OpenSSLX509CRL,verifyInternal,(Ljava/security/PublicKey;Ljava/lang/String;)V,SignatureSpec_i4Event,Ljava/security/Signature;.initVerify:(Ljava/security/PublicKey;)V,001d,0015,forward,0,['SignatureSpec_i4Event']
ch.rmy.android.http_shortcuts_1104060001.apk,org.conscrypt.OpenSSLX509Certificate,verifyInternal,(Ljava/security/PublicKey;Ljava/lang/String;)V,SignatureSpec_i4Event,Ljava/security/Signature;.initVerify:(Ljava/security/PublicKey;)V,001b,000f,forward,0,['SignatureSpec_i4Event']
ch.rmy.android.http_shortcuts_1104060001.apk,org.conscrypt.OpenSSLX509Certificate,verify,(Ljava/security/PublicKey;Ljava/security/Provider;)V,SignatureSpec_i4Event,Ljava/security/Signature;.initVerify:(Ljava/security/PublicKey;)V,002e,0022,forward,0,['SignatureSpec_i4Event']
ch.rmy.android.http_shortcuts_1104060001.apk,org.eclipse.paho.client.mqttv3.internal.security.SSLSocketFactoryFactory,getSSLContext,(Ljava/lang/String;)Ljavax/net/ssl/SSLContext;,KeyManagerFactorySpec_initEvent,Ljavax/net/ssl/KeyManagerFactory;.init:(Ljava/security/KeyStore;[C)V,0227,01ff,forward,0,['KeyManagerFactorySpec_initEvent']
com.a4a.g8invoicing_50.apk,org.apache.xml.security.encryption.XMLCipher,encryptKey,(Lorg/w3c/dom/Document;Ljava/security/Key;Ljava/security/spec/AlgorithmParameterSpec;Ljava/security/SecureRandom;)Lorg/apache/xml/security/encryption/EncryptedKey;,IvChainJunctionSpec_useRandomSpecEvent|IvChainJunctionSpec_useEvent|CipherSpec_i2Event,Ljavax/crypto/Cipher;.init:(ILjava/security/Key;Ljava/security/spec/AlgorithmParameterSpec;Ljava/security/SecureRandom;)V,005d,48,forward,0,"['IvChainJunctionSpec_useRandomSpecEvent', 'IvChainJunctionSpec_useEvent', 'CipherSpec_i2Event']"
com.a4a.g8invoicing_50.apk,org.apache.xml.security.encryption.XMLCipher,encryptKey,(Lorg/w3c/dom/Document;Ljava/security/Key;Ljava/security/spec/AlgorithmParameterSpec;Ljava/security/SecureRandom;)Lorg/apache/xml/security/encryption/EncryptedKey;,IvChainJunctionSpec_useEvent|CipherSpec_i2Event,Ljavax/crypto/Cipher;.init:(ILjava/security/Key;Ljava/security/spec/AlgorithmParameterSpec;)V,0070,61,forward,0,"['IvChainJunctionSpec_useEvent', 'CipherSpec_i2Event']"
com.a4a.g8invoicing_50.apk,org.apache.xml.security.stax.impl.processor.output.XMLEncryptOutputProcessor$1,createKeyInfoStructure,(Lorg/apache/xml/security/stax/ext/OutputProcessorChain;)V,IvChainJunctionSpec_useEvent|CipherSpec_i2Event,Ljavax/crypto/Cipher;.init:(ILjava/security/Key;Ljava/security/spec/AlgorithmParameterSpec;)V,01aa,198,forward,0,"['IvChainJunctionSpec_useEvent', 'CipherSpec_i2Event']"
com.afkanerd.deku_83.apk,com.afkanerd.smswithoutborders.libsignal_doubleratchet.SecurityAES,encryptAES256CBC,([B[B[B)[B,CipherSpec_i2Event,Ljavax/crypto/Cipher;.init:(ILjava/security/Key;)V,0033,0018,forward,0,['CipherSpec_i2Event']
com.afkanerd.deku_83.apk,org.conscrypt.CryptoUpcalls,signDigestWithPrivateKey,(Ljava/security/PrivateKey;[BLjava/lang/String;)[B,SignatureSpec_updateEvent,Ljava/security/Signature;.update:([B)V,0092,002e|0073,forward,0,['SignatureSpec_updateEvent']
com.afkanerd.deku_83.apk,org.conscrypt.OpenSSLX509CRL,verifyInternal,(Ljava/security/PublicKey;Ljava/lang/String;)V,SignatureSpec_i4Event,Ljava/security/Signature;.initVerify:(Ljava/security/PublicKey;)V,001d,0015,forward,0,['SignatureSpec_i4Event']
com.afkanerd.deku_83.apk,org.conscrypt.OpenSSLX509Certificate,verifyInternal,(Ljava/security/PublicKey;Ljava/lang/String;)V,SignatureSpec_i4Event,Ljava/security/Signature;.initVerify:(Ljava/security/PublicKey;)V,001b,000f,forward,0,['SignatureSpec_i4Event']
com.afkanerd.deku_83.apk,org.conscrypt.OpenSSLX509Certificate,verify,(Ljava/security/PublicKey;Ljava/security/Provider;)V,SignatureSpec_i4Event,Ljava/security/Signature;.initVerify:(Ljava/security/PublicKey;)V,002e,0022,forward,0,['SignatureSpec_i4Event']
com.arslan.shizuwall_40.apk,org.bouncycastle.cert.crmf.jcajce.JceCRMFEncryptorBuilder$CRMFOutputEncryptor,<init>,(Lorg/bouncycastle/cert/crmf/jcajce/JceCRMFEncryptorBuilder;Lorg/bouncycastle/asn1/ASN1ObjectIdentifier;ILjava/security/SecureRandom;)V,KeyGeneratorSpec_initRandomSizeEvent,Ljavax/crypto/KeyGenerator;.init:(ILjava/security/SecureRandom;)V,0032,0026,forward,0,['KeyGeneratorSpec_initRandomSizeEvent']
com.arslan.shizuwall_40.apk,org.bouncycastle.cms.jcajce.JceCMSContentEncryptorBuilder$CMSOutEncryptor,init,(Lorg/bouncycastle/asn1/ASN1ObjectIdentifier;Lorg/bouncycastle/asn1/ASN1ObjectIdentifier;ILjava/security/AlgorithmParameters;Ljava/security/SecureRandom;)V,KeyGeneratorSpec_initRandomSizeEvent,Ljavax/crypto/KeyGenerator;.init:(ILjava/security/SecureRandom;)V,001f,0013,forward,0,['KeyGeneratorSpec_initRandomSizeEvent']
com.arslan.shizuwall_40.apk,org.bouncycastle.cms.jcajce.JceCMSMacCalculatorBuilder$CMSMacCalculator,<init>,(Lorg/bouncycastle/cms/jcajce/JceCMSMacCalculatorBuilder;Lorg/bouncycastle/asn1/ASN1ObjectIdentifier;ILjava/security/AlgorithmParameters;Ljava/security/SecureRandom;)V,KeyGeneratorSpec_initRandomSizeEvent,Ljavax/crypto/KeyGenerator;.init:(ILjava/security/SecureRandom;)V,0028,001c,forward,0,['KeyGeneratorSpec_initRandomSizeEvent']
com.arslan.shizuwall_40.apk,org.bouncycastle.est.jcajce.JcaJceUtils,createKeyManagerFactory,(Ljava/lang/String;Ljava/lang/String;Ljava/security/KeyStore;[C)Ljavax/net/ssl/KeyManagerFactory;,KeyManagerFactorySpec_initEvent,Ljavax/net/ssl/KeyManagerFactory;.init:(Ljava/security/KeyStore;[C)V,001c,0014,forward,0,['KeyManagerFactorySpec_initEvent']
com.arslan.shizuwall_40.apk,org.bouncycastle.jcajce.provider.keystore.pkcs12.PKCS12KeyStoreSpi,createCipher,(I[CLorg/bouncycastle/asn1/x509/AlgorithmIdentifier;)Ljavax/crypto/Cipher;,IvChainJunctionSpec_useEvent|CipherSpec_i2Event,Ljavax/crypto/Cipher;.init:(ILjava/security/Key;Ljava/security/spec/AlgorithmParameterSpec;)V,00a8,00ca,backward,0,"['IvChainJunctionSpec_useEvent', 'CipherSpec_i2Event']"
com.arslan.shizuwall_40.apk,org.bouncycastle.jce.PKCS10CertificationRequest,<init>,(Ljava/lang/String;Lorg/bouncycastle/asn1/x509/X509Name;Ljava/security/PublicKey;Lorg/bouncycastle/asn1/ASN1Set;Ljava/security/PrivateKey;Ljava/lang/String;)V,SignatureSpec_i1Event,Ljava/security/Signature;.initSign:(Ljava/security/PrivateKey;)V,007c,0074,forward,0,['SignatureSpec_i1Event']
com.arslan.shizuwall_40.apk,org.bouncycastle.jce.netscape.NetscapeCertRequest,sign,(Ljava/security/PrivateKey;Ljava/security/SecureRandom;)V,SignatureSpec_i1Event,Ljava/security/Signature;.initSign:(Ljava/security/PrivateKey;)V,0021,0015,forward,0,['SignatureSpec_i1Event']
com.arslan.shizuwall_40.apk,org.bouncycastle.math.ec.custom.djb.Curve25519Field,random,(Ljava/security/SecureRandom;[I)V,SecureRandomSpec_next2Event,Ljava/security/SecureRandom;.nextBytes:([B)V,000c,0024,backward,0,['SecureRandomSpec_next2Event']
com.arslan.shizuwall_40.apk,org.bouncycastle.math.ec.custom.gm.SM2P256V1Field,random,(Ljava/security/SecureRandom;[I)V,SecureRandomSpec_next2Event,Ljava/security/SecureRandom;.nextBytes:([B)V,000c,001b,backward,0,['SecureRandomSpec_next2Event']
com.arslan.shizuwall_40.apk,org.bouncycastle.math.ec.custom.sec.SecP128R1Field,random,(Ljava/security/SecureRandom;[I)V,SecureRandomSpec_next2Event,Ljava/security/SecureRandom;.nextBytes:([B)V,000c,001a,backward,0,['SecureRandomSpec_next2Event']
com.arslan.shizuwall_40.apk,org.bouncycastle.math.ec.custom.sec.SecP160R1Field,random,(Ljava/security/SecureRandom;[I)V,SecureRandomSpec_next2Event,Ljava/security/SecureRandom;.nextBytes:([B)V,000c,001a,backward,0,['SecureRandomSpec_next2Event']
com.arslan.shizuwall_40.apk,org.bouncycastle.math.ec.custom.sec.SecP160R2Field,random,(Ljava/security/SecureRandom;[I)V,SecureRandomSpec_next2Event,Ljava/security/SecureRandom;.nextBytes:([B)V,000c,001a,backward,0,['SecureRandomSpec_next2Event']
com.arslan.shizuwall_40.apk,org.bouncycastle.math.ec.custom.sec.SecP192K1Field,random,(Ljava/security/SecureRandom;[I)V,SecureRandomSpec_next2Event,Ljava/security/SecureRandom;.nextBytes:([B)V,000c,001a,backward,0,['SecureRandomSpec_next2Event']
com.arslan.shizuwall_40.apk,org.bouncycastle.math.ec.custom.sec.SecP192R1Field,random,(Ljava/security/SecureRandom;[I)V,SecureRandomSpec_next2Event,Ljava/security/SecureRandom;.nextBytes:([B)V,000c,001a,backward,0,['SecureRandomSpec_next2Event']
com.arslan.shizuwall_40.apk,org.bouncycastle.math.ec.custom.sec.SecP224K1Field,random,(Ljava/security/SecureRandom;[I)V,SecureRandomSpec_next2Event,Ljava/security/SecureRandom;.nextBytes:([B)V,000c,001a,backward,0,['SecureRandomSpec_next2Event']
com.arslan.shizuwall_40.apk,org.bouncycastle.math.ec.custom.sec.SecP224R1Field,random,(Ljava/security/SecureRandom;[I)V,SecureRandomSpec_next2Event,Ljava/security/SecureRandom;.nextBytes:([B)V,000c,001a,backward,0,['SecureRandomSpec_next2Event']
com.arslan.shizuwall_40.apk,org.bouncycastle.math.ec.custom.sec.SecP256K1Field,random,(Ljava/security/SecureRandom;[I)V,SecureRandomSpec_next2Event,Ljava/security/SecureRandom;.nextBytes:([B)V,000c,001b,backward,0,['SecureRandomSpec_next2Event']
com.arslan.shizuwall_40.apk,org.bouncycastle.math.ec.custom.sec.SecP256R1Field,random,(Ljava/security/SecureRandom;[I)V,SecureRandomSpec_next2Event,Ljava/security/SecureRandom;.nextBytes:([B)V,000c,001b,backward,0,['SecureRandomSpec_next2Event']
com.arslan.shizuwall_40.apk,org.bouncycastle.math.ec.custom.sec.SecP384R1Field,random,(Ljava/security/SecureRandom;[I)V,SecureRandomSpec_next2Event,Ljava/security/SecureRandom;.nextBytes:([B)V,000c,001b,backward,0,['SecureRandomSpec_next2Event']
com.arslan.shizuwall_40.apk,org.bouncycastle.math.ec.custom.sec.SecP521R1Field,random,(Ljava/security/SecureRandom;[I)V,SecureRandomSpec_next2Event,Ljava/security/SecureRandom;.nextBytes:([B)V,000c,0023,backward,0,['SecureRandomSpec_next2Event']
com.arslan.shizuwall_40.apk,org.bouncycastle.openssl.jcajce.JceOpenSSLPKCS8DecryptorProviderBuilder$1,get,(Lorg/bouncycastle/asn1/x509/AlgorithmIdentifier;)Lorg/bouncycastle/operator/InputDecryptor;,CipherSpec_i2Event,Ljavax/crypto/Cipher;.init:(ILjava/security/Key;)V,00ce,010e,backward,0,['CipherSpec_i2Event']
com.arslan.shizuwall_40.apk,org.bouncycastle.openssl.jcajce.PEMUtilities,crypt,(ZLorg/bouncycastle/jcajce/util/JcaJceHelper;[B[CLjava/lang/String;[B)[B,IvChainJunctionSpec_useEvent|CipherSpec_i2Event,Ljavax/crypto/Cipher;.init:(ILjava/security/Key;Ljava/security/spec/AlgorithmParameterSpec;)V,0130,0121,forward,0,"['IvChainJunctionSpec_useEvent', 'CipherSpec_i2Event']"
com.arslan.shizuwall_40.apk,org.bouncycastle.operator.jcajce.JcaContentSignerBuilder,build,(Ljava/security/PrivateKey;)Lorg/bouncycastle/operator/ContentSigner;,SignatureSpec_i1Event,Ljava/security/Signature;.initSign:(Ljava/security/PrivateKey;)V,0041,0033,forward,0,['SignatureSpec_i1Event']
com.arslan.shizuwall_40.apk,org.bouncycastle.operator.jcajce.JceAsymmetricKeyUnwrapper,generateUnwrappedKey,(Lorg/bouncycastle/asn1/x509/AlgorithmIdentifier;[B)Lorg/bouncycastle/operator/GenericKey;,CipherSpec_i2Event,Ljavax/crypto/Cipher;.init:(ILjava/security/Key;)V,0078,006c,forward,0,['CipherSpec_i2Event']
com.arslan.shizuwall_40.apk,org.bouncycastle.operator.jcajce.JceInputDecryptorProviderBuilder$1,get,(Lorg/bouncycastle/asn1/x509/AlgorithmIdentifier;)Lorg/bouncycastle/operator/InputDecryptor;,IvChainJunctionSpec_useEvent|CipherSpec_i2Event,Ljavax/crypto/Cipher;.init:(ILjava/security/Key;Ljava/security/spec/AlgorithmParameterSpec;)V,004a,0061,backward,0,"['IvChainJunctionSpec_useEvent', 'CipherSpec_i2Event']"
com.arslan.shizuwall_40.apk,org.bouncycastle.x509.X509Util,calculateSignature,(Lorg/bouncycastle/asn1/ASN1ObjectIdentifier;Ljava/lang/String;Ljava/lang/String;Ljava/security/PrivateKey;Ljava/security/SecureRandom;Lorg/bouncycastle/asn1/ASN1Encodable;)[B,SignatureSpec_i1Event,Ljava/security/Signature;.initSign:(Ljava/security/PrivateKey;)V,0017,000b,forward,0,['SignatureSpec_i1Event']
com.arslan.shizuwall_40.apk,org.bouncycastle.x509.X509Util,calculateSignature,(Lorg/bouncycastle/asn1/ASN1ObjectIdentifier;Ljava/lang/String;Ljava/security/PrivateKey;Ljava/security/SecureRandom;Lorg/bouncycastle/asn1/ASN1Encodable;)[B,SignatureSpec_i1Event,Ljava/security/Signature;.initSign:(Ljava/security/PrivateKey;)V,0017,000b,forward,0,['SignatureSpec_i1Event']
com.arslan.shizuwall_40.apk,org.conscrypt.CryptoUpcalls,signDigestWithPrivateKey,(Ljava/security/PrivateKey;[BLjava/lang/String;)[B,SignatureSpec_updateEvent,Ljava/security/Signature;.update:([B)V,008a,0029|0069,forward,0,['SignatureSpec_updateEvent']
com.arslan.shizuwall_40.apk,org.conscrypt.OpenSSLX509CRL,verifyInternal,(Ljava/security/PublicKey;Ljava/lang/String;)V,SignatureSpec_i4Event,Ljava/security/Signature;.initVerify:(Ljava/security/PublicKey;)V,001d,0015,forward,0,['SignatureSpec_i4Event']
com.arslan.shizuwall_40.apk,org.conscrypt.OpenSSLX509Certificate,verifyInternal,(Ljava/security/PublicKey;Ljava/lang/String;)V,SignatureSpec_i4Event,Ljava/security/Signature;.initVerify:(Ljava/security/PublicKey;)V,001b,000f,forward,0,['SignatureSpec_i4Event']
com.arslan.shizuwall_40.apk,org.conscrypt.OpenSSLX509Certificate,verify,(Ljava/security/PublicKey;Ljava/security/Provider;)V,SignatureSpec_i4Event,Ljava/security/Signature;.initVerify:(Ljava/security/PublicKey;)V,002e,0022,forward,0,['SignatureSpec_i4Event']
com.beemdevelopment.aegis_81.apk,com.beemdevelopment.aegis.crypto.CryptoUtils,createCipher,(Ljavax/crypto/SecretKey;I[B)Ljavax/crypto/Cipher;,CipherSpec_i2Event,Ljavax/crypto/Cipher;.init:(ILjava/security/Key;)V,0024,000b,forward,1,['CipherSpec_i2Event']
com.beemdevelopment.aegis_81.apk,org.bouncycastle.jcajce.provider.keystore.pkcs12.PKCS12KeyStoreSpi,createCipher,(I[CLorg/bouncycastle/asn1/x509/AlgorithmIdentifier;)Ljavax/crypto/Cipher;,IvChainJunctionSpec_useEvent|CipherSpec_i2Event,Ljavax/crypto/Cipher;.init:(ILjava/security/Key;Ljava/security/spec/AlgorithmParameterSpec;)V,00a8,00ca,backward,0,"['IvChainJunctionSpec_useEvent', 'CipherSpec_i2Event']"
com.beemdevelopment.aegis_81.apk,org.bouncycastle.jce.PKCS10CertificationRequest,<init>,(Ljava/lang/String;Lorg/bouncycastle/asn1/x509/X509Name;Ljava/security/PublicKey;Lorg/bouncycastle/asn1/ASN1Set;Ljava/security/PrivateKey;Ljava/lang/String;)V,SignatureSpec_i1Event,Ljava/security/Signature;.initSign:(Ljava/security/PrivateKey;)V,007c,0074,forward,0,['SignatureSpec_i1Event']
com.beemdevelopment.aegis_81.apk,org.bouncycastle.jce.netscape.NetscapeCertRequest,sign,(Ljava/security/PrivateKey;Ljava/security/SecureRandom;)V,SignatureSpec_i1Event,Ljava/security/Signature;.initSign:(Ljava/security/PrivateKey;)V,0021,0015,forward,0,['SignatureSpec_i1Event']
com.beemdevelopment.aegis_81.apk,org.bouncycastle.math.ec.custom.djb.Curve25519Field,random,(Ljava/security/SecureRandom;[I)V,SecureRandomSpec_next2Event,Ljava/security/SecureRandom;.nextBytes:([B)V,000c,0024,backward,0,['SecureRandomSpec_next2Event']
com.beemdevelopment.aegis_81.apk,org.bouncycastle.math.ec.custom.gm.SM2P256V1Field,random,(Ljava/security/SecureRandom;[I)V,SecureRandomSpec_next2Event,Ljava/security/SecureRandom;.nextBytes:([B)V,000c,001b,backward,0,['SecureRandomSpec_next2Event']
com.beemdevelopment.aegis_81.apk,org.bouncycastle.math.ec.custom.sec.SecP128R1Field,random,(Ljava/security/SecureRandom;[I)V,SecureRandomSpec_next2Event,Ljava/security/SecureRandom;.nextBytes:([B)V,000c,001a,backward,0,['SecureRandomSpec_next2Event']
com.beemdevelopment.aegis_81.apk,org.bouncycastle.math.ec.custom.sec.SecP160R1Field,random,(Ljava/security/SecureRandom;[I)V,SecureRandomSpec_next2Event,Ljava/security/SecureRandom;.nextBytes:([B)V,000c,001a,backward,0,['SecureRandomSpec_next2Event']
com.beemdevelopment.aegis_81.apk,org.bouncycastle.math.ec.custom.sec.SecP160R2Field,random,(Ljava/security/SecureRandom;[I)V,SecureRandomSpec_next2Event,Ljava/security/SecureRandom;.nextBytes:([B)V,000c,001a,backward,0,['SecureRandomSpec_next2Event']
com.beemdevelopment.aegis_81.apk,org.bouncycastle.math.ec.custom.sec.SecP192K1Field,random,(Ljava/security/SecureRandom;[I)V,SecureRandomSpec_next2Event,Ljava/security/SecureRandom;.nextBytes:([B)V,000c,001a,backward,0,['SecureRandomSpec_next2Event']
com.beemdevelopment.aegis_81.apk,org.bouncycastle.math.ec.custom.sec.SecP192R1Field,random,(Ljava/security/SecureRandom;[I)V,SecureRandomSpec_next2Event,Ljava/security/SecureRandom;.nextBytes:([B)V,000c,001a,backward,0,['SecureRandomSpec_next2Event']
com.beemdevelopment.aegis_81.apk,org.bouncycastle.math.ec.custom.sec.SecP224K1Field,random,(Ljava/security/SecureRandom;[I)V,SecureRandomSpec_next2Event,Ljava/security/SecureRandom;.nextBytes:([B)V,000c,001a,backward,0,['SecureRandomSpec_next2Event']
com.beemdevelopment.aegis_81.apk,org.bouncycastle.math.ec.custom.sec.SecP224R1Field,random,(Ljava/security/SecureRandom;[I)V,SecureRandomSpec_next2Event,Ljava/security/SecureRandom;.nextBytes:([B)V,000c,001a,backward,0,['SecureRandomSpec_next2Event']
com.beemdevelopment.aegis_81.apk,org.bouncycastle.math.ec.custom.sec.SecP256K1Field,random,(Ljava/security/SecureRandom;[I)V,SecureRandomSpec_next2Event,Ljava/security/SecureRandom;.nextBytes:([B)V,000c,001b,backward,0,['SecureRandomSpec_next2Event']
com.beemdevelopment.aegis_81.apk,org.bouncycastle.math.ec.custom.sec.SecP256R1Field,random,(Ljava/security/SecureRandom;[I)V,SecureRandomSpec_next2Event,Ljava/security/SecureRandom;.nextBytes:([B)V,000c,001b,backward,0,['SecureRandomSpec_next2Event']
com.beemdevelopment.aegis_81.apk,org.bouncycastle.math.ec.custom.sec.SecP384R1Field,random,(Ljava/security/SecureRandom;[I)V,SecureRandomSpec_next2Event,Ljava/security/SecureRandom;.nextBytes:([B)V,000c,001b,backward,0,['SecureRandomSpec_next2Event']
com.beemdevelopment.aegis_81.apk,org.bouncycastle.math.ec.custom.sec.SecP521R1Field,random,(Ljava/security/SecureRandom;[I)V,SecureRandomSpec_next2Event,Ljava/security/SecureRandom;.nextBytes:([B)V,000c,0023,backward,0,['SecureRandomSpec_next2Event']
com.beemdevelopment.aegis_81.apk,org.bouncycastle.x509.X509Util,calculateSignature,(Lorg/bouncycastle/asn1/ASN1ObjectIdentifier;Ljava/lang/String;Ljava/lang/String;Ljava/security/PrivateKey;Ljava/security/SecureRandom;Lorg/bouncycastle/asn1/ASN1Encodable;)[B,SignatureSpec_i1Event,Ljava/security/Signature;.initSign:(Ljava/security/PrivateKey;)V,0017,000b,forward,0,['SignatureSpec_i1Event']
com.beemdevelopment.aegis_81.apk,org.bouncycastle.x509.X509Util,calculateSignature,(Lorg/bouncycastle/asn1/ASN1ObjectIdentifier;Ljava/lang/String;Ljava/security/PrivateKey;Ljava/security/SecureRandom;Lorg/bouncycastle/asn1/ASN1Encodable;)[B,SignatureSpec_i1Event,Ljava/security/Signature;.initSign:(Ljava/security/PrivateKey;)V,0017,000b,forward,0,['SignatureSpec_i1Event']
com.blacksquircle.ui_10028.apk,com.jcraft.jsch.jce.ARCFOUR128,init,(I[B[B)V,CipherSpec_i2Event,Ljavax/crypto/Cipher;.init:(ILjava/security/Key;)V,002e,0029,forward,0,['CipherSpec_i2Event']
com.blacksquircle.ui_10028.apk,com.jcraft.jsch.jce.ARCFOUR256,init,(I[B[B)V,CipherSpec_i2Event,Ljavax/crypto/Cipher;.init:(ILjava/security/Key;)V,002e,0029,forward,0,['CipherSpec_i2Event']
com.blacksquircle.ui_10028.apk,com.jcraft.jsch.jce.ARCFOUR,init,(I[B[B)V,CipherSpec_i2Event,Ljavax/crypto/Cipher;.init:(ILjava/security/Key;)V,002d,0028,forward,0,['CipherSpec_i2Event']
com.blacksquircle.ui_10028.apk,org.bouncycastle.jcajce.provider.asymmetric.compositesignatures.SignatureSpi,processPreHashedMessage,([B)V,SignatureSpec_updateEvent,Ljava/security/Signature;.update:([BII)V,0058,004c,forward,0,['SignatureSpec_updateEvent']
com.blacksquircle.ui_10028.apk,org.bouncycastle.jcajce.provider.keystore.pkcs12.PKCS12KeyStoreSpi,createCipher,(I[CLorg/bouncycastle/asn1/x509/AlgorithmIdentifier;)Ljavax/crypto/Cipher;,IvChainJunctionSpec_useEvent|CipherSpec_i2Event,Ljavax/crypto/Cipher;.init:(ILjava/security/Key;Ljava/security/spec/AlgorithmParameterSpec;)V,00a8,00ca,backward,0,"['IvChainJunctionSpec_useEvent', 'CipherSpec_i2Event']"
com.blacksquircle.ui_10028.apk,org.bouncycastle.jce.PKCS10CertificationRequest,<init>,(Ljava/lang/String;Lorg/bouncycastle/asn1/x509/X509Name;Ljava/security/PublicKey;Lorg/bouncycastle/asn1/ASN1Set;Ljava/security/PrivateKey;Ljava/lang/String;)V,SignatureSpec_i1Event,Ljava/security/Signature;.initSign:(Ljava/security/PrivateKey;)V,007c,0074,forward,0,['SignatureSpec_i1Event']
com.blacksquircle.ui_10028.apk,org.bouncycastle.jce.netscape.NetscapeCertRequest,sign,(Ljava/security/PrivateKey;Ljava/security/SecureRandom;)V,SignatureSpec_i1Event,Ljava/security/Signature;.initSign:(Ljava/security/PrivateKey;)V,0021,0015,forward,0,['SignatureSpec_i1Event']
com.blacksquircle.ui_10028.apk,org.bouncycastle.math.ec.custom.djb.Curve25519Field,random,(Ljava/security/SecureRandom;[I)V,SecureRandomSpec_next2Event,Ljava/security/SecureRandom;.nextBytes:([B)V,000c,0024,backward,0,['SecureRandomSpec_next2Event']
com.blacksquircle.ui_10028.apk,org.bouncycastle.math.ec.custom.gm.SM2P256V1Field,random,(Ljava/security/SecureRandom;[I)V,SecureRandomSpec_next2Event,Ljava/security/SecureRandom;.nextBytes:([B)V,000c,001b,backward,0,['SecureRandomSpec_next2Event']
com.blacksquircle.ui_10028.apk,org.bouncycastle.math.ec.custom.sec.SecP128R1Field,random,(Ljava/security/SecureRandom;[I)V,SecureRandomSpec_next2Event,Ljava/security/SecureRandom;.nextBytes:([B)V,000c,001a,backward,0,['SecureRandomSpec_next2Event']
com.blacksquircle.ui_10028.apk,org.bouncycastle.math.ec.custom.sec.SecP160R1Field,random,(Ljava/security/SecureRandom;[I)V,SecureRandomSpec_next2Event,Ljava/security/SecureRandom;.nextBytes:([B)V,000c,001a,backward,0,['SecureRandomSpec_next2Event']
com.blacksquircle.ui_10028.apk,org.bouncycastle.math.ec.custom.sec.SecP160R2Field,random,(Ljava/security/SecureRandom;[I)V,SecureRandomSpec_next2Event,Ljava/security/SecureRandom;.nextBytes:([B)V,000c,001a,backward,0,['SecureRandomSpec_next2Event']
com.blacksquircle.ui_10028.apk,org.bouncycastle.math.ec.custom.sec.SecP192K1Field,random,(Ljava/security/SecureRandom;[I)V,SecureRandomSpec_next2Event,Ljava/security/SecureRandom;.nextBytes:([B)V,000c,001a,backward,0,['SecureRandomSpec_next2Event']
com.blacksquircle.ui_10028.apk,org.bouncycastle.math.ec.custom.sec.SecP192R1Field,random,(Ljava/security/SecureRandom;[I)V,SecureRandomSpec_next2Event,Ljava/security/SecureRandom;.nextBytes:([B)V,000c,001a,backward,0,['SecureRandomSpec_next2Event']
com.blacksquircle.ui_10028.apk,org.bouncycastle.math.ec.custom.sec.SecP224K1Field,random,(Ljava/security/SecureRandom;[I)V,SecureRandomSpec_next2Event,Ljava/security/SecureRandom;.nextBytes:([B)V,000c,001a,backward,0,['SecureRandomSpec_next2Event']
com.blacksquircle.ui_10028.apk,org.bouncycastle.math.ec.custom.sec.SecP224R1Field,random,(Ljava/security/SecureRandom;[I)V,SecureRandomSpec_next2Event,Ljava/security/SecureRandom;.nextBytes:([B)V,000c,001a,backward,0,['SecureRandomSpec_next2Event']
com.blacksquircle.ui_10028.apk,org.bouncycastle.math.ec.custom.sec.SecP256K1Field,random,(Ljava/security/SecureRandom;[I)V,SecureRandomSpec_next2Event,Ljava/security/SecureRandom;.nextBytes:([B)V,000c,001b,backward,0,['SecureRandomSpec_next2Event']
com.blacksquircle.ui_10028.apk,org.bouncycastle.math.ec.custom.sec.SecP256R1Field,random,(Ljava/security/SecureRandom;[I)V,SecureRandomSpec_next2Event,Ljava/security/SecureRandom;.nextBytes:([B)V,000c,001b,backward,0,['SecureRandomSpec_next2Event']
com.blacksquircle.ui_10028.apk,org.bouncycastle.math.ec.custom.sec.SecP384R1Field,random,(Ljava/security/SecureRandom;[I)V,SecureRandomSpec_next2Event,Ljava/security/SecureRandom;.nextBytes:([B)V,000c,001b,backward,0,['SecureRandomSpec_next2Event']
com.blacksquircle.ui_10028.apk,org.bouncycastle.math.ec.custom.sec.SecP521R1Field,random,(Ljava/security/SecureRandom;[I)V,SecureRandomSpec_next2Event,Ljava/security/SecureRandom;.nextBytes:([B)V,000c,0023,backward,0,['SecureRandomSpec_next2Event']
com.blacksquircle.ui_10028.apk,org.bouncycastle.x509.X509Util,calculateSignature,(Lorg/bouncycastle/asn1/ASN1ObjectIdentifier;Ljava/lang/String;Ljava/lang/String;Ljava/security/PrivateKey;Ljava/security/SecureRandom;Lorg/bouncycastle/asn1/ASN1Encodable;)[B,SignatureSpec_i1Event,Ljava/security/Signature;.initSign:(Ljava/security/PrivateKey;)V,0017,000b,forward,0,['SignatureSpec_i1Event']
com.blacksquircle.ui_10028.apk,org.bouncycastle.x509.X509Util,calculateSignature,(Lorg/bouncycastle/asn1/ASN1ObjectIdentifier;Ljava/lang/String;Ljava/security/PrivateKey;Ljava/security/SecureRandom;Lorg/bouncycastle/asn1/ASN1Encodable;)[B,SignatureSpec_i1Event,Ljava/security/Signature;.initSign:(Ljava/security/PrivateKey;)V,0017,000b,forward,0,['SignatureSpec_i1Event']
com.craxiom.networksurvey_114.apk,com.google.android.gms.measurement.internal.zzpg,zzaH,(Ljava/lang/String;J)Z,SecureRandomSpec_next1Event,Ljava/security/SecureRandom;.nextInt:(I)I,0bc6,0b8e,forward,0,['SecureRandomSpec_next1Event']
com.craxiom.networksurvey_114.apk,io.netty.handler.ssl.SslContext,buildKeyManagerFactory,(Ljava/security/KeyStore;Ljava/lang/String;[CLjavax/net/ssl/KeyManagerFactory;)Ljavax/net/ssl/KeyManagerFactory;,KeyManagerFactorySpec_initEvent,Ljavax/net/ssl/KeyManagerFactory;.init:(Ljava/security/KeyStore;[C)V,0014,0005,forward,0,['KeyManagerFactorySpec_initEvent']
com.craxiom.networksurvey_114.apk,io.netty.handler.ssl.SslContext,buildTrustManagerFactory,([Ljava/security/cert/X509Certificate;Ljavax/net/ssl/TrustManagerFactory;Ljava/lang/String;)Ljavax/net/ssl/TrustManagerFactory;,TrustManagerFactorySpec_initEvent,Ljavax/net/ssl/TrustManagerFactory;.init:(Ljava/security/KeyStore;)V,0037,002a,forward,0,['TrustManagerFactorySpec_initEvent']
com.craxiom.networksurvey_114.apk,io.netty.handler.ssl.ReferenceCountedOpenSslClientContext,newSessionContext,(Lio/netty/handler/ssl/ReferenceCountedOpenSslContext;JLio/netty/handler/ssl/OpenSslEngineMap;[Ljava/security/cert/X509Certificate;Ljavax/net/ssl/TrustManagerFactory;[Ljava/security/cert/X509Certificate;Ljava/security/PrivateKey;Ljava/lang/String;Ljavax/net/ssl/KeyManagerFactory;Ljava/lang/String;JJLio/netty/handler/ssl/ResumptionController;)Lio/netty/handler/ssl/OpenSslSessionContext;,KeyManagerFactorySpec_initEvent,Ljavax/net/ssl/KeyManagerFactory;.init:(Ljava/security/KeyStore;[C)V,0072,0061,forward,0,['KeyManagerFactorySpec_initEvent']
com.craxiom.networksurvey_114.apk,io.netty.handler.ssl.ReferenceCountedOpenSslServerContext,newSessionContext,(Lio/netty/handler/ssl/ReferenceCountedOpenSslContext;JLio/netty/handler/ssl/OpenSslEngineMap;[Ljava/security/cert/X509Certificate;Ljavax/net/ssl/TrustManagerFactory;[Ljava/security/cert/X509Certificate;Ljava/security/PrivateKey;Ljava/lang/String;Ljavax/net/ssl/KeyManagerFactory;Ljava/lang/String;JJLio/netty/handler/ssl/ResumptionController;)Lio/netty/handler/ssl/OpenSslServerSessionContext;,KeyManagerFactorySpec_initEvent,Ljavax/net/ssl/KeyManagerFactory;.init:(Ljava/security/KeyStore;[C)V,006e,005d,forward,0,['KeyManagerFactorySpec_initEvent']
com.defname.localshare_14.apk,io.ktor.server.engine.EnvironmentUtilsJvmKt,getStore,(Ljava/io/File;Ljava/lang/String;Lkotlin/jvm/functions/Function1;)Ljava/security/KeyStore;,KeyStoreSpec_loadEvent,Ljava/security/KeyStore;.load:(Ljava/io/InputStream;[C)V,0029,0024,forward,0,['KeyStoreSpec_loadEvent']
com.defname.localshare_14.apk,io.netty.handler.ssl.SslContext,buildKeyManagerFactory,(Ljava/security/KeyStore;Ljava/lang/String;[CLjavax/net/ssl/KeyManagerFactory;)Ljavax/net/ssl/KeyManagerFactory;,KeyManagerFactorySpec_initEvent,Ljavax/net/ssl/KeyManagerFactory;.init:(Ljava/security/KeyStore;[C)V,0014,0005,forward,0,['KeyManagerFactorySpec_initEvent']
com.defname.localshare_14.apk,io.netty.handler.ssl.SslContext,buildTrustManagerFactory,([Ljava/security/cert/X509Certificate;Ljavax/net/ssl/TrustManagerFactory;Ljava/lang/String;)Ljavax/net/ssl/TrustManagerFactory;,TrustManagerFactorySpec_initEvent,Ljavax/net/ssl/TrustManagerFactory;.init:(Ljava/security/KeyStore;)V,0037,002a,forward,0,['TrustManagerFactorySpec_initEvent']
com.defname.localshare_14.apk,io.netty.handler.ssl.ReferenceCountedOpenSslContext,certChainToKeyManagerFactory,([Ljava/security/cert/X509Certificate;Ljava/security/PrivateKey;Ljava/lang/String;Ljava/lang/String;)Ljavax/net/ssl/KeyManagerFactory;,KeyManagerFactorySpec_initEvent,Ljavax/net/ssl/KeyManagerFactory;.init:(Ljava/security/KeyStore;[C)V,002d,001c,forward,0,['KeyManagerFactorySpec_initEvent']
com.ds.avare_404.apk,com.google.android.gms.measurement.internal.zzpg,zzaH,(Ljava/lang/String;J)Z,SecureRandomSpec_next1Event,Ljava/security/SecureRandom;.nextInt:(I)I,0bbd,0b85,forward,0,['SecureRandomSpec_next1Event']
com.etesync.syncadapter_20700.apk,org.conscrypt.CryptoUpcalls,signDigestWithPrivateKey,(Ljava/security/PrivateKey;[BLjava/lang/String;)[B,SignatureSpec_updateEvent,Ljava/security/Signature;.update:([B)V,0092,002e|0073,forward,0,['SignatureSpec_updateEvent']
com.etesync.syncadapter_20700.apk,org.conscrypt.OpenSSLX509CRL,verifyInternal,(Ljava/security/PublicKey;Ljava/lang/String;)V,SignatureSpec_i4Event,Ljava/security/Signature;.initVerify:(Ljava/security/PublicKey;)V,001d,0015,forward,0,['SignatureSpec_i4Event']
com.etesync.syncadapter_20700.apk,org.conscrypt.OpenSSLX509Certificate,verifyInternal,(Ljava/security/PublicKey;Ljava/lang/String;)V,SignatureSpec_i4Event,Ljava/security/Signature;.initVerify:(Ljava/security/PublicKey;)V,001b,000f,forward,0,['SignatureSpec_i4Event']
com.etesync.syncadapter_20700.apk,org.conscrypt.OpenSSLX509Certificate,verify,(Ljava/security/PublicKey;Ljava/security/Provider;)V,SignatureSpec_i4Event,Ljava/security/Signature;.initVerify:(Ljava/security/PublicKey;)V,002e,0022,forward,0,['SignatureSpec_i4Event']
com.gasperpintar.smokingtracker_12.apk,org.apache.poi.poifs.crypt.CryptoFunctions,getCipher,(Ljava/security/Key;Lorg/apache/poi/poifs/crypt/CipherAlgorithm;Lorg/apache/poi/poifs/crypt/ChainingMode;[BILjava/lang/String;)Ljavax/crypto/Cipher;,IvChainJunctionSpec_useEvent|CipherSpec_i2Event,Ljavax/crypto/Cipher;.init:(ILjava/security/Key;Ljava/security/spec/AlgorithmParameterSpec;)V,00be,00af,forward,0,"['IvChainJunctionSpec_useEvent', 'CipherSpec_i2Event']"
com.gasperpintar.smokingtracker_12.apk,org.apache.poi.poifs.crypt.agile.AgileDecryptor,initCipherForBlock,(Ljavax/crypto/Cipher;IZLorg/apache/poi/poifs/crypt/EncryptionInfo;Ljavax/crypto/SecretKey;I)Ljavax/crypto/Cipher;,IvChainJunctionSpec_useEvent|CipherSpec_i2Event,Ljavax/crypto/Cipher;.init:(ILjava/security/Key;Ljava/security/spec/AlgorithmParameterSpec;)V,006d,005e,forward,0,"['IvChainJunctionSpec_useEvent', 'CipherSpec_i2Event']"
com.gasperpintar.smokingtracker_12.apk,org.apache.poi.poifs.crypt.binaryrc4.BinaryRC4Decryptor,initCipherForBlock,(Ljavax/crypto/Cipher;ILorg/apache/poi/poifs/crypt/EncryptionInfo;Ljavax/crypto/SecretKey;I)Ljavax/crypto/Cipher;,CipherSpec_i2Event,Ljavax/crypto/Cipher;.init:(ILjava/security/Key;)V,003e,002b,forward,0,['CipherSpec_i2Event']
com.gasperpintar.smokingtracker_12.apk,org.apache.poi.poifs.crypt.cryptoapi.CryptoAPIDecryptor,initCipherForBlock,(Ljavax/crypto/Cipher;ILorg/apache/poi/poifs/crypt/EncryptionInfo;Ljavax/crypto/SecretKey;I)Ljavax/crypto/Cipher;,CipherSpec_i2Event,Ljavax/crypto/Cipher;.init:(ILjava/security/Key;)V,0057,0048,forward,0,['CipherSpec_i2Event']
com.ivanovsky.passnotes_11700.apk,com.ivanovsky.passnotes.domain.PasswordBuilder,pickRandomChar,(Ljava/util/List;Ljava/security/SecureRandom;)C,SecureRandomSpec_next1Event,Ljava/security/SecureRandom;.nextInt:(I)I,28,0011,forward,1,['SecureRandomSpec_next1Event']
com.ivanovsky.passnotes_11700.apk,com.jcraft.jsch.jce.ARCFOUR128,init,(I[B[B)V,CipherSpec_i2Event,Ljavax/crypto/Cipher;.init:(ILjava/security/Key;)V,33,002e,forward,0,['CipherSpec_i2Event']
com.ivanovsky.passnotes_11700.apk,com.jcraft.jsch.jce.ARCFOUR256,init,(I[B[B)V,CipherSpec_i2Event,Ljavax/crypto/Cipher;.init:(ILjava/security/Key;)V,33,002e,forward,0,['CipherSpec_i2Event']
com.ivanovsky.passnotes_11700.apk,com.jcraft.jsch.jce.ARCFOUR,init,(I[B[B)V,CipherSpec_i2Event,Ljavax/crypto/Cipher;.init:(ILjava/security/Key;)V,33,002e,forward,0,['CipherSpec_i2Event']
com.leekleak.trafficlight_38.apk,ads_mobile_sdk.dg,a,(Ljava/nio/ByteBuffer;Ljava/util/HashMap;Ljava/security/cert/CertificateFactory;)[Ljava/security/cert/X509Certificate;,SignatureSpec_updateEvent,Ljava/security/Signature;.update:(Ljava/nio/ByteBuffer;)V,149,141,forward,0,['SignatureSpec_updateEvent']
com.owncloud.android_48000100.apk,com.owncloud.android.presentation.security.biometric.BiometricViewModel,generateAndStoreKey,()V,KeyStoreSpec_loadEvent,Ljava/security/KeyStore;.load:(Ljava/security/KeyStore$LoadStoreParameter;)V,004a,003f,forward,1,['KeyStoreSpec_loadEvent']
com.owncloud.android_48000100.apk,com.owncloud.android.presentation.security.biometric.BiometricViewModel,initCipher,()Ljavax/crypto/Cipher;,KeyStoreSpec_loadEvent,Ljava/security/KeyStore;.load:(Ljava/security/KeyStore$LoadStoreParameter;)V,0035,002c,forward,1,['KeyStoreSpec_loadEvent']
com.serwylo.retrowars_70.apk,io.netty.handler.ssl.SslContext,buildKeyManagerFactory,(Ljava/security/KeyStore;Ljava/lang/String;[CLjavax/net/ssl/KeyManagerFactory;)Ljavax/net/ssl/KeyManagerFactory;,KeyManagerFactorySpec_initEvent,Ljavax/net/ssl/KeyManagerFactory;.init:(Ljava/security/KeyStore;[C)V,14,0005,forward,0,['KeyManagerFactorySpec_initEvent']
com.serwylo.retrowars_70.apk,io.netty.handler.ssl.SslContext,buildTrustManagerFactory,([Ljava/security/cert/X509Certificate;Ljavax/net/ssl/TrustManagerFactory;Ljava/lang/String;)Ljavax/net/ssl/TrustManagerFactory;,TrustManagerFactorySpec_initEvent,Ljavax/net/ssl/TrustManagerFactory;.init:(Ljava/security/KeyStore;)V,37,002a,forward,0,['TrustManagerFactorySpec_initEvent']
com.serwylo.retrowars_70.apk,io.netty.handler.ssl.ReferenceCountedOpenSslClientContext,newSessionContext,(Lio/netty/handler/ssl/ReferenceCountedOpenSslContext;JLio/netty/handler/ssl/OpenSslEngineMap;[Ljava/security/cert/X509Certificate;Ljavax/net/ssl/TrustManagerFactory;[Ljava/security/cert/X509Certificate;Ljava/security/PrivateKey;Ljava/lang/String;Ljavax/net/ssl/KeyManagerFactory;Ljava/lang/String;JJ)Lio/netty/handler/ssl/OpenSslSessionContext;,KeyManagerFactorySpec_initEvent,Ljavax/net/ssl/KeyManagerFactory;.init:(Ljava/security/KeyStore;[C)V,90,007f,forward,0,['KeyManagerFactorySpec_initEvent']
com.serwylo.retrowars_70.apk,io.netty.handler.ssl.ReferenceCountedOpenSslServerContext,newSessionContext,(Lio/netty/handler/ssl/ReferenceCountedOpenSslContext;JLio/netty/handler/ssl/OpenSslEngineMap;[Ljava/security/cert/X509Certificate;Ljavax/net/ssl/TrustManagerFactory;[Ljava/security/cert/X509Certificate;Ljava/security/PrivateKey;Ljava/lang/String;Ljavax/net/ssl/KeyManagerFactory;Ljava/lang/String;JJ)Lio/netty/handler/ssl/OpenSslServerSessionContext;,KeyManagerFactorySpec_initEvent,Ljavax/net/ssl/KeyManagerFactory;.init:(Ljava/security/KeyStore;[C)V,69,0058,forward,0,['KeyManagerFactorySpec_initEvent']
com.sshborg_18.apk,org.bouncycastle.jcajce.provider.keystore.pkcs12.PKCS12KeyStoreSpi,createCipher,(I[CLorg/bouncycastle/asn1/x509/AlgorithmIdentifier;)Ljavax/crypto/Cipher;,IvChainJunctionSpec_useEvent|CipherSpec_i2Event,Ljavax/crypto/Cipher;.init:(ILjava/security/Key;Ljava/security/spec/AlgorithmParameterSpec;)V,00a8,00ca,backward,0,"['IvChainJunctionSpec_useEvent', 'CipherSpec_i2Event']"
com.sshborg_18.apk,org.bouncycastle.jce.PKCS10CertificationRequest,<init>,(Ljava/lang/String;Lorg/bouncycastle/asn1/x509/X509Name;Ljava/security/PublicKey;Lorg/bouncycastle/asn1/ASN1Set;Ljava/security/PrivateKey;Ljava/lang/String;)V,SignatureSpec_i1Event,Ljava/security/Signature;.initSign:(Ljava/security/PrivateKey;)V,007c,0074,forward,0,['SignatureSpec_i1Event']
com.sshborg_18.apk,org.bouncycastle.jce.netscape.NetscapeCertRequest,sign,(Ljava/security/PrivateKey;Ljava/security/SecureRandom;)V,SignatureSpec_i1Event,Ljava/security/Signature;.initSign:(Ljava/security/PrivateKey;)V,0021,0015,forward,0,['SignatureSpec_i1Event']
com.sshborg_18.apk,com.jcraft.jsch.jce.ARCFOUR128,init,(I[B[B)V,CipherSpec_i2Event,Ljavax/crypto/Cipher;.init:(ILjava/security/Key;)V,002d,0028,forward,0,['CipherSpec_i2Event']
com.sshborg_18.apk,com.jcraft.jsch.jce.ARCFOUR256,init,(I[B[B)V,CipherSpec_i2Event,Ljavax/crypto/Cipher;.init:(ILjava/security/Key;)V,002d,0028,forward,0,['CipherSpec_i2Event']
com.sshborg_18.apk,com.jcraft.jsch.jce.ARCFOUR,init,(I[B[B)V,CipherSpec_i2Event,Ljavax/crypto/Cipher;.init:(ILjava/security/Key;)V,002c,0027,forward,0,['CipherSpec_i2Event']
com.sshborg_18.apk,org.bouncycastle.math.ec.custom.djb.Curve25519Field,random,(Ljava/security/SecureRandom;[I)V,SecureRandomSpec_next2Event,Ljava/security/SecureRandom;.nextBytes:([B)V,000c,0024,backward,0,['SecureRandomSpec_next2Event']
com.sshborg_18.apk,org.bouncycastle.math.ec.custom.gm.SM2P256V1Field,random,(Ljava/security/SecureRandom;[I)V,SecureRandomSpec_next2Event,Ljava/security/SecureRandom;.nextBytes:([B)V,000c,001b,backward,0,['SecureRandomSpec_next2Event']
com.sshborg_18.apk,org.bouncycastle.math.ec.custom.sec.SecP128R1Field,random,(Ljava/security/SecureRandom;[I)V,SecureRandomSpec_next2Event,Ljava/security/SecureRandom;.nextBytes:([B)V,000c,001a,backward,0,['SecureRandomSpec_next2Event']
com.sshborg_18.apk,org.bouncycastle.math.ec.custom.sec.SecP160R1Field,random,(Ljava/security/SecureRandom;[I)V,SecureRandomSpec_next2Event,Ljava/security/SecureRandom;.nextBytes:([B)V,000c,001a,backward,0,['SecureRandomSpec_next2Event']
com.sshborg_18.apk,org.bouncycastle.math.ec.custom.sec.SecP160R2Field,random,(Ljava/security/SecureRandom;[I)V,SecureRandomSpec_next2Event,Ljava/security/SecureRandom;.nextBytes:([B)V,000c,001a,backward,0,['SecureRandomSpec_next2Event']
com.sshborg_18.apk,org.bouncycastle.math.ec.custom.sec.SecP192K1Field,random,(Ljava/security/SecureRandom;[I)V,SecureRandomSpec_next2Event,Ljava/security/SecureRandom;.nextBytes:([B)V,000c,001a,backward,0,['SecureRandomSpec_next2Event']
com.sshborg_18.apk,org.bouncycastle.math.ec.custom.sec.SecP192R1Field,random,(Ljava/security/SecureRandom;[I)V,SecureRandomSpec_next2Event,Ljava/security/SecureRandom;.nextBytes:([B)V,000c,001a,backward,0,['SecureRandomSpec_next2Event']
com.sshborg_18.apk,org.bouncycastle.math.ec.custom.sec.SecP224K1Field,random,(Ljava/security/SecureRandom;[I)V,SecureRandomSpec_next2Event,Ljava/security/SecureRandom;.nextBytes:([B)V,000c,001a,backward,0,['SecureRandomSpec_next2Event']
com.sshborg_18.apk,org.bouncycastle.math.ec.custom.sec.SecP224R1Field,random,(Ljava/security/SecureRandom;[I)V,SecureRandomSpec_next2Event,Ljava/security/SecureRandom;.nextBytes:([B)V,000c,001a,backward,0,['SecureRandomSpec_next2Event']
com.sshborg_18.apk,org.bouncycastle.math.ec.custom.sec.SecP256K1Field,random,(Ljava/security/SecureRandom;[I)V,SecureRandomSpec_next2Event,Ljava/security/SecureRandom;.nextBytes:([B)V,000c,001b,backward,0,['SecureRandomSpec_next2Event']
com.sshborg_18.apk,org.bouncycastle.math.ec.custom.sec.SecP256R1Field,random,(Ljava/security/SecureRandom;[I)V,SecureRandomSpec_next2Event,Ljava/security/SecureRandom;.nextBytes:([B)V,000c,001b,backward,0,['SecureRandomSpec_next2Event']
com.sshborg_18.apk,org.bouncycastle.math.ec.custom.sec.SecP384R1Field,random,(Ljava/security/SecureRandom;[I)V,SecureRandomSpec_next2Event,Ljava/security/SecureRandom;.nextBytes:([B)V,000c,001b,backward,0,['SecureRandomSpec_next2Event']
com.sshborg_18.apk,org.bouncycastle.math.ec.custom.sec.SecP521R1Field,random,(Ljava/security/SecureRandom;[I)V,SecureRandomSpec_next2Event,Ljava/security/SecureRandom;.nextBytes:([B)V,000c,0023,backward,0,['SecureRandomSpec_next2Event']
com.sshborg_18.apk,org.bouncycastle.x509.X509Util,calculateSignature,(Lorg/bouncycastle/asn1/ASN1ObjectIdentifier;Ljava/lang/String;Ljava/lang/String;Ljava/security/PrivateKey;Ljava/security/SecureRandom;Lorg/bouncycastle/asn1/ASN1Encodable;)[B,SignatureSpec_i1Event,Ljava/security/Signature;.initSign:(Ljava/security/PrivateKey;)V,0017,000b,forward,0,['SignatureSpec_i1Event']
com.sshborg_18.apk,org.bouncycastle.x509.X509Util,calculateSignature,(Lorg/bouncycastle/asn1/ASN1ObjectIdentifier;Ljava/lang/String;Ljava/security/PrivateKey;Ljava/security/SecureRandom;Lorg/bouncycastle/asn1/ASN1Encodable;)[B,SignatureSpec_i1Event,Ljava/security/Signature;.initSign:(Ljava/security/PrivateKey;)V,0017,000b,forward,0,['SignatureSpec_i1Event']
com.surfaceocean.nexttraceroute_16.apk,org.xbill.DNS.DNSSEC,sign,(Ljava/security/PrivateKey;Ljava/security/PublicKey;I[BLjava/lang/String;)[B,SignatureSpec_i1Event,Ljava/security/Signature;.initSign:(Ljava/security/PrivateKey;)V,001b,000f,forward,0,['SignatureSpec_i1Event']
com.tananaev.passportreader_22.apk,org.bouncycastle.cert.crmf.jcajce.JceCRMFEncryptorBuilder$CRMFOutputEncryptor,<init>,(Lorg/bouncycastle/cert/crmf/jcajce/JceCRMFEncryptorBuilder;Lorg/bouncycastle/asn1/ASN1ObjectIdentifier;ILjava/security/SecureRandom;)V,KeyGeneratorSpec_initRandomSizeEvent,Ljavax/crypto/KeyGenerator;.init:(ILjava/security/SecureRandom;)V,0032,0026,forward,0,['KeyGeneratorSpec_initRandomSizeEvent']
com.tananaev.passportreader_22.apk,com.google.android.gms.internal.ads.zzasr,zzc,(Ljava/nio/ByteBuffer;Ljava/util/Map;Ljava/security/cert/CertificateFactory;)[Ljava/security/cert/X509Certificate;,SignatureSpec_updateEvent,Ljava/security/Signature;.update:(Ljava/nio/ByteBuffer;)V,0151,0149,forward,0,['SignatureSpec_updateEvent']
com.tananaev.passportreader_22.apk,com.google.android.gms.measurement.internal.zzpg,zzaG,(Ljava/lang/String;J)Z,SecureRandomSpec_next1Event,Ljava/security/SecureRandom;.nextInt:(I)I,0b9c,0b63,forward,0,['SecureRandomSpec_next1Event']
com.tananaev.passportreader_22.apk,org.bouncycastle.cms.jcajce.JceCMSContentEncryptorBuilder$CMSOutputEncryptor,<init>,(Lorg/bouncycastle/cms/jcajce/JceCMSContentEncryptorBuilder;Lorg/bouncycastle/asn1/ASN1ObjectIdentifier;ILjava/security/AlgorithmParameters;Ljava/security/SecureRandom;)V,KeyGeneratorSpec_initRandomSizeEvent,Ljavax/crypto/KeyGenerator;.init:(ILjava/security/SecureRandom;)V,0024,0018,forward,0,['KeyGeneratorSpec_initRandomSizeEvent']
com.tananaev.passportreader_22.apk,org.bouncycastle.cms.jcajce.JceCMSMacCalculatorBuilder$CMSMacCalculator,<init>,(Lorg/bouncycastle/cms/jcajce/JceCMSMacCalculatorBuilder;Lorg/bouncycastle/asn1/ASN1ObjectIdentifier;ILjava/security/AlgorithmParameters;Ljava/security/SecureRandom;)V,KeyGeneratorSpec_initRandomSizeEvent,Ljavax/crypto/KeyGenerator;.init:(ILjava/security/SecureRandom;)V,0028,001c,forward,0,['KeyGeneratorSpec_initRandomSizeEvent']
com.tananaev.passportreader_22.apk,org.bouncycastle.est.jcajce.JcaJceUtils,createKeyManagerFactory,(Ljava/lang/String;Ljava/lang/String;Ljava/security/KeyStore;[C)Ljavax/net/ssl/KeyManagerFactory;,KeyManagerFactorySpec_initEvent,Ljavax/net/ssl/KeyManagerFactory;.init:(Ljava/security/KeyStore;[C)V,001c,0014,forward,0,['KeyManagerFactorySpec_initEvent']
com.tananaev.passportreader_22.apk,org.bouncycastle.jcajce.provider.asymmetric.x509.X509CRLImpl,doVerify,(Ljava/security/PublicKey;Ljava/security/Signature;)V,SignatureSpec_i4Event,Ljava/security/Signature;.initVerify:(Ljava/security/PublicKey;)V,004a,001d|0028,forward,0,['SignatureSpec_i4Event']
com.tananaev.passportreader_22.apk,org.bouncycastle.jcajce.provider.keystore.pkcs12.PKCS12KeyStoreSpi,createCipher,(I[CLorg/bouncycastle/asn1/x509/AlgorithmIdentifier;)Ljavax/crypto/Cipher;,IvChainJunctionSpec_useEvent|CipherSpec_i2Event,Ljavax/crypto/Cipher;.init:(ILjava/security/Key;Ljava/security/spec/AlgorithmParameterSpec;)V,00b8,00a0,forward,0,"['IvChainJunctionSpec_useEvent', 'CipherSpec_i2Event']"
com.tananaev.passportreader_22.apk,org.bouncycastle.jce.PKCS10CertificationRequest,<init>,(Ljava/lang/String;Lorg/bouncycastle/asn1/x509/X509Name;Ljava/security/PublicKey;Lorg/bouncycastle/asn1/ASN1Set;Ljava/security/PrivateKey;Ljava/lang/String;)V,SignatureSpec_i1Event,Ljava/security/Signature;.initSign:(Ljava/security/PrivateKey;)V,007c,0074,forward,0,['SignatureSpec_i1Event']
com.tananaev.passportreader_22.apk,org.bouncycastle.jce.netscape.NetscapeCertRequest,sign,(Ljava/security/PrivateKey;Ljava/security/SecureRandom;)V,SignatureSpec_i1Event,Ljava/security/Signature;.initSign:(Ljava/security/PrivateKey;)V,0021,0015,forward,0,['SignatureSpec_i1Event']
com.tananaev.passportreader_22.apk,org.bouncycastle.openssl.jcajce.JceOpenSSLPKCS8DecryptorProviderBuilder$1,get,(Lorg/bouncycastle/asn1/x509/AlgorithmIdentifier;)Lorg/bouncycastle/operator/InputDecryptor;,CipherSpec_i2Event,Ljavax/crypto/Cipher;.init:(ILjava/security/Key;)V,00c8,0108,backward,0,['CipherSpec_i2Event']
com.tananaev.passportreader_22.apk,org.bouncycastle.openssl.jcajce.PEMUtilities,crypt,(ZLorg/bouncycastle/jcajce/util/JcaJceHelper;[B[CLjava/lang/String;[B)[B,IvChainJunctionSpec_useEvent|CipherSpec_i2Event,Ljavax/crypto/Cipher;.init:(ILjava/security/Key;Ljava/security/spec/AlgorithmParameterSpec;)V,0130,0121,forward,0,"['IvChainJunctionSpec_useEvent', 'CipherSpec_i2Event']"
com.tananaev.passportreader_22.apk,org.bouncycastle.operator.jcajce.JcaContentSignerBuilder,build,(Ljava/security/PrivateKey;)Lorg/bouncycastle/operator/ContentSigner;,SignatureSpec_i1Event,Ljava/security/Signature;.initSign:(Ljava/security/PrivateKey;)V,001f,0011,forward,0,['SignatureSpec_i1Event']
com.tananaev.passportreader_22.apk,org.bouncycastle.operator.jcajce.JceInputDecryptorProviderBuilder$1,get,(Lorg/bouncycastle/asn1/x509/AlgorithmIdentifier;)Lorg/bouncycastle/operator/InputDecryptor;,IvChainJunctionSpec_useEvent|CipherSpec_i2Event,Ljavax/crypto/Cipher;.init:(ILjava/security/Key;Ljava/security/spec/AlgorithmParameterSpec;)V,004a,0061,backward,0,"['IvChainJunctionSpec_useEvent', 'CipherSpec_i2Event']"
com.tananaev.passportreader_22.apk,org.bouncycastle.x509.X509Util,calculateSignature,(Lorg/bouncycastle/asn1/ASN1ObjectIdentifier;Ljava/lang/String;Ljava/lang/String;Ljava/security/PrivateKey;Ljava/security/SecureRandom;Lorg/bouncycastle/asn1/ASN1Encodable;)[B,SignatureSpec_i1Event,Ljava/security/Signature;.initSign:(Ljava/security/PrivateKey;)V,0017,000b,forward,0,['SignatureSpec_i1Event']
com.tananaev.passportreader_22.apk,org.bouncycastle.x509.X509Util,calculateSignature,(Lorg/bouncycastle/asn1/ASN1ObjectIdentifier;Ljava/lang/String;Ljava/security/PrivateKey;Ljava/security/SecureRandom;Lorg/bouncycastle/asn1/ASN1Encodable;)[B,SignatureSpec_i1Event,Ljava/security/Signature;.initSign:(Ljava/security/PrivateKey;)V,0017,000b,forward,0,['SignatureSpec_i1Event']
com.tananaev.passportreader_22.apk,org.jmrtd.lds.SignedDataUtil,signData,(Ljava/lang/String;Ljava/lang/String;Ljava/lang/String;Lorg/bouncycastle/asn1/cms/ContentInfo;Ljava/security/PrivateKey;Ljava/lang/String;)[B,SignatureSpec_i1Event,Ljava/security/Signature;.initSign:(Ljava/security/PrivateKey;)V,001f,0017,forward,0,['SignatureSpec_i1Event']
com.tananaev.passportreader_22.apk,org.spongycastle.jce.PKCS10CertificationRequest,<init>,(Ljava/lang/String;Lorg/spongycastle/asn1/x509/X509Name;Ljava/security/PublicKey;Lorg/spongycastle/asn1/ASN1Set;Ljava/security/PrivateKey;Ljava/lang/String;)V,SignatureSpec_i1Event,Ljava/security/Signature;.initSign:(Ljava/security/PrivateKey;)V,007f,0077,forward,0,['SignatureSpec_i1Event']
com.tananaev.passportreader_22.apk,org.spongycastle.jce.netscape.NetscapeCertRequest,sign,(Ljava/security/PrivateKey;Ljava/security/SecureRandom;)V,SignatureSpec_i1Event,Ljava/security/Signature;.initSign:(Ljava/security/PrivateKey;)V,0021,0015,forward,0,['SignatureSpec_i1Event']
com.tananaev.passportreader_22.apk,org.spongycastle.x509.X509Util,calculateSignature,(Lorg/spongycastle/asn1/ASN1ObjectIdentifier;Ljava/lang/String;Ljava/lang/String;Ljava/security/PrivateKey;Ljava/security/SecureRandom;Lorg/spongycastle/asn1/ASN1Encodable;)[B,SignatureSpec_i1Event,Ljava/security/Signature;.initSign:(Ljava/security/PrivateKey;)V,0017,000b,forward,0,['SignatureSpec_i1Event']
com.tananaev.passportreader_22.apk,org.spongycastle.x509.X509Util,calculateSignature,(Lorg/spongycastle/asn1/ASN1ObjectIdentifier;Ljava/lang/String;Ljava/security/PrivateKey;Ljava/security/SecureRandom;Lorg/spongycastle/asn1/ASN1Encodable;)[B,SignatureSpec_i1Event,Ljava/security/Signature;.initSign:(Ljava/security/PrivateKey;)V,0017,000b,forward,0,['SignatureSpec_i1Event']
com.vermont.possin_8.apk,org.bitcoinj.crypto.X509Utils,loadKeyStore,(Ljava/lang/String;Ljava/lang/String;Ljava/io/InputStream;)Ljava/security/KeyStore;,KeyStoreSpec_loadEvent,Ljava/security/KeyStore;.load:(Ljava/io/InputStream;[C)V,0014,000f,forward,0,['KeyStoreSpec_loadEvent']
com.vermont.possin_8.apk,org.bouncycastle.jcajce.provider.asymmetric.x509.X509CRLImpl,checkSignature,(Ljava/security/PublicKey;Ljava/security/Signature;Lorg/bouncycastle/asn1/ASN1Encodable;[B)V,SignatureSpec_i4Event,Ljava/security/Signature;.initVerify:(Ljava/security/PublicKey;)V,000d,0005,forward,0,['SignatureSpec_i4Event']
com.vermont.possin_8.apk,org.bouncycastle.jcajce.provider.keystore.pkcs12.PKCS12KeyStoreSpi,createCipher,(I[CLorg/bouncycastle/asn1/x509/AlgorithmIdentifier;)Ljavax/crypto/Cipher;,IvChainJunctionSpec_useEvent|CipherSpec_i2Event,Ljavax/crypto/Cipher;.init:(ILjava/security/Key;Ljava/security/spec/AlgorithmParameterSpec;)V,00bd,00a5,forward,0,"['IvChainJunctionSpec_useEvent', 'CipherSpec_i2Event']"
com.vermont.possin_8.apk,org.bouncycastle.jce.PKCS10CertificationRequest,<init>,(Ljava/lang/String;Lorg/bouncycastle/asn1/x509/X509Name;Ljava/security/PublicKey;Lorg/bouncycastle/asn1/ASN1Set;Ljava/security/PrivateKey;Ljava/lang/String;)V,SignatureSpec_i1Event,Ljava/security/Signature;.initSign:(Ljava/security/PrivateKey;)V,007c,0074,forward,0,['SignatureSpec_i1Event']
com.vermont.possin_8.apk,org.bouncycastle.jce.netscape.NetscapeCertRequest,sign,(Ljava/security/PrivateKey;Ljava/security/SecureRandom;)V,SignatureSpec_i1Event,Ljava/security/Signature;.initSign:(Ljava/security/PrivateKey;)V,0021,0015,forward,0,['SignatureSpec_i1Event']
com.vermont.possin_8.apk,org.bouncycastle.math.ec.custom.djb.Curve25519Field,random,(Ljava/security/SecureRandom;[I)V,SecureRandomSpec_next2Event,Ljava/security/SecureRandom;.nextBytes:([B)V,000c,0024,backward,0,['SecureRandomSpec_next2Event']
com.vermont.possin_8.apk,org.bouncycastle.math.ec.custom.gm.SM2P256V1Field,random,(Ljava/security/SecureRandom;[I)V,SecureRandomSpec_next2Event,Ljava/security/SecureRandom;.nextBytes:([B)V,000c,001b,backward,0,['SecureRandomSpec_next2Event']
com.vermont.possin_8.apk,org.bouncycastle.math.ec.custom.sec.SecP128R1Field,random,(Ljava/security/SecureRandom;[I)V,SecureRandomSpec_next2Event,Ljava/security/SecureRandom;.nextBytes:([B)V,000c,001a,backward,0,['SecureRandomSpec_next2Event']
com.vermont.possin_8.apk,org.bouncycastle.math.ec.custom.sec.SecP160R1Field,random,(Ljava/security/SecureRandom;[I)V,SecureRandomSpec_next2Event,Ljava/security/SecureRandom;.nextBytes:([B)V,000c,001a,backward,0,['SecureRandomSpec_next2Event']
com.vermont.possin_8.apk,org.bouncycastle.math.ec.custom.sec.SecP160R2Field,random,(Ljava/security/SecureRandom;[I)V,SecureRandomSpec_next2Event,Ljava/security/SecureRandom;.nextBytes:([B)V,000c,001a,backward,0,['SecureRandomSpec_next2Event']
com.vermont.possin_8.apk,org.bouncycastle.math.ec.custom.sec.SecP192K1Field,random,(Ljava/security/SecureRandom;[I)V,SecureRandomSpec_next2Event,Ljava/security/SecureRandom;.nextBytes:([B)V,000c,001a,backward,0,['SecureRandomSpec_next2Event']
com.vermont.possin_8.apk,org.bouncycastle.math.ec.custom.sec.SecP192R1Field,random,(Ljava/security/SecureRandom;[I)V,SecureRandomSpec_next2Event,Ljava/security/SecureRandom;.nextBytes:([B)V,000c,001a,backward,0,['SecureRandomSpec_next2Event']
com.vermont.possin_8.apk,org.bouncycastle.math.ec.custom.sec.SecP224K1Field,random,(Ljava/security/SecureRandom;[I)V,SecureRandomSpec_next2Event,Ljava/security/SecureRandom;.nextBytes:([B)V,000c,001a,backward,0,['SecureRandomSpec_next2Event']
com.vermont.possin_8.apk,org.bouncycastle.math.ec.custom.sec.SecP224R1Field,random,(Ljava/security/SecureRandom;[I)V,SecureRandomSpec_next2Event,Ljava/security/SecureRandom;.nextBytes:([B)V,000c,001a,backward,0,['SecureRandomSpec_next2Event']
com.vermont.possin_8.apk,org.bouncycastle.math.ec.custom.sec.SecP256K1Field,random,(Ljava/security/SecureRandom;[I)V,SecureRandomSpec_next2Event,Ljava/security/SecureRandom;.nextBytes:([B)V,000c,001b,backward,0,['SecureRandomSpec_next2Event']
com.vermont.possin_8.apk,org.bouncycastle.math.ec.custom.sec.SecP256R1Field,random,(Ljava/security/SecureRandom;[I)V,SecureRandomSpec_next2Event,Ljava/security/SecureRandom;.nextBytes:([B)V,000c,001b,backward,0,['SecureRandomSpec_next2Event']
com.vermont.possin_8.apk,org.bouncycastle.math.ec.custom.sec.SecP384R1Field,random,(Ljava/security/SecureRandom;[I)V,SecureRandomSpec_next2Event,Ljava/security/SecureRandom;.nextBytes:([B)V,000c,001b,backward,0,['SecureRandomSpec_next2Event']
com.vermont.possin_8.apk,org.bouncycastle.math.ec.custom.sec.SecP521R1Field,random,(Ljava/security/SecureRandom;[I)V,SecureRandomSpec_next2Event,Ljava/security/SecureRandom;.nextBytes:([B)V,000c,0023,backward,0,['SecureRandomSpec_next2Event']
com.vermont.possin_8.apk,org.bouncycastle.x509.X509Util,calculateSignature,(Lorg/bouncycastle/asn1/ASN1ObjectIdentifier;Ljava/lang/String;Ljava/lang/String;Ljava/security/PrivateKey;Ljava/security/SecureRandom;Lorg/bouncycastle/asn1/ASN1Encodable;)[B,SignatureSpec_i1Event,Ljava/security/Signature;.initSign:(Ljava/security/PrivateKey;)V,0017,000b,forward,0,['SignatureSpec_i1Event']
com.vermont.possin_8.apk,org.bouncycastle.x509.X509Util,calculateSignature,(Lorg/bouncycastle/asn1/ASN1ObjectIdentifier;Ljava/lang/String;Ljava/security/PrivateKey;Ljava/security/SecureRandom;Lorg/bouncycastle/asn1/ASN1Encodable;)[B,SignatureSpec_i1Event,Ljava/security/Signature;.initSign:(Ljava/security/PrivateKey;)V,0017,000b,forward,0,['SignatureSpec_i1Event']
com.yogeshpaliyal.deepr_28.apk,com.google.android.gms.measurement.internal.zzpg,zzaG,(Ljava/lang/String;J)Z,SecureRandomSpec_next1Event,Ljava/security/SecureRandom;.nextInt:(I)I,0b97,0b60,forward,0,['SecureRandomSpec_next1Event']
de.markusfisch.android.binaryeye_174.apk,org.bouncycastle.cert.crmf.jcajce.JceCRMFEncryptorBuilder$CRMFOutputEncryptor,<init>,(Lorg/bouncycastle/cert/crmf/jcajce/JceCRMFEncryptorBuilder;Lorg/bouncycastle/asn1/ASN1ObjectIdentifier;ILjava/security/SecureRandom;)V,KeyGeneratorSpec_initRandomSizeEvent,Ljavax/crypto/KeyGenerator;.init:(ILjava/security/SecureRandom;)V,0032,0026,forward,0,['KeyGeneratorSpec_initRandomSizeEvent']
de.markusfisch.android.binaryeye_174.apk,org.bouncycastle.cms.jcajce.JceCMSMacCalculatorBuilder$CMSMacCalculator,<init>,(Lorg/bouncycastle/cms/jcajce/JceCMSMacCalculatorBuilder;Lorg/bouncycastle/asn1/ASN1ObjectIdentifier;ILjava/security/AlgorithmParameters;Ljava/security/SecureRandom;)V,KeyGeneratorSpec_initRandomSizeEvent,Ljavax/crypto/KeyGenerator;.init:(ILjava/security/SecureRandom;)V,0028,001c,forward,0,['KeyGeneratorSpec_initRandomSizeEvent']
de.markusfisch.android.binaryeye_174.apk,org.bouncycastle.est.jcajce.JcaJceUtils,createKeyManagerFactory,(Ljava/lang/String;Ljava/lang/String;Ljava/security/KeyStore;[C)Ljavax/net/ssl/KeyManagerFactory;,KeyManagerFactorySpec_initEvent,Ljavax/net/ssl/KeyManagerFactory;.init:(Ljava/security/KeyStore;[C)V,001c,0014,forward,0,['KeyManagerFactorySpec_initEvent']
de.markusfisch.android.binaryeye_174.apk,org.bouncycastle.jcajce.provider.asymmetric.compositesignatures.SignatureSpi,processPreHashedMessage,([B)V,SignatureSpec_updateEvent,Ljava/security/Signature;.update:([BII)V,0058,004c,forward,0,['SignatureSpec_updateEvent']
de.markusfisch.android.binaryeye_174.apk,org.bouncycastle.jcajce.provider.keystore.pkcs12.PKCS12KeyStoreSpi,createCipher,(I[CLorg/bouncycastle/asn1/x509/AlgorithmIdentifier;)Ljavax/crypto/Cipher;,IvChainJunctionSpec_useEvent|CipherSpec_i2Event,Ljavax/crypto/Cipher;.init:(ILjava/security/Key;Ljava/security/spec/AlgorithmParameterSpec;)V,0097,00b9,backward,0,"['IvChainJunctionSpec_useEvent', 'CipherSpec_i2Event']"
de.markusfisch.android.binaryeye_174.apk,org.bouncycastle.jcajce.provider.keystore.pkcs12.PKCS12PBMAC1KeyStoreSpi,createCipher,(I[CLorg/bouncycastle/asn1/x509/AlgorithmIdentifier;)Ljavax/crypto/Cipher;,IvChainJunctionSpec_useEvent|CipherSpec_i2Event,Ljavax/crypto/Cipher;.init:(ILjava/security/Key;Ljava/security/spec/AlgorithmParameterSpec;)V,00d1,00f3,backward,0,"['IvChainJunctionSpec_useEvent', 'CipherSpec_i2Event']"
de.markusfisch.android.binaryeye_174.apk,org.bouncycastle.jce.PKCS10CertificationRequest,<init>,(Ljava/lang/String;Lorg/bouncycastle/asn1/x509/X509Name;Ljava/security/PublicKey;Lorg/bouncycastle/asn1/ASN1Set;Ljava/security/PrivateKey;Ljava/lang/String;)V,SignatureSpec_i1Event,Ljava/security/Signature;.initSign:(Ljava/security/PrivateKey;)V,007d,0075,forward,0,['SignatureSpec_i1Event']
de.markusfisch.android.binaryeye_174.apk,org.bouncycastle.jce.netscape.NetscapeCertRequest,sign,(Ljava/security/PrivateKey;Ljava/security/SecureRandom;)V,SignatureSpec_i1Event,Ljava/security/Signature;.initSign:(Ljava/security/PrivateKey;)V,0021,0015,forward,0,['SignatureSpec_i1Event']
de.markusfisch.android.binaryeye_174.apk,org.bouncycastle.math.ec.custom.djb.Curve25519Field,random,(Ljava/security/SecureRandom;[I)V,SecureRandomSpec_next2Event,Ljava/security/SecureRandom;.nextBytes:([B)V,000c,0024,backward,0,['SecureRandomSpec_next2Event']
de.markusfisch.android.binaryeye_174.apk,org.bouncycastle.math.ec.custom.gm.SM2P256V1Field,random,(Ljava/security/SecureRandom;[I)V,SecureRandomSpec_next2Event,Ljava/security/SecureRandom;.nextBytes:([B)V,000c,001b,backward,0,['SecureRandomSpec_next2Event']
de.markusfisch.android.binaryeye_174.apk,org.bouncycastle.math.ec.custom.sec.SecP128R1Field,random,(Ljava/security/SecureRandom;[I)V,SecureRandomSpec_next2Event,Ljava/security/SecureRandom;.nextBytes:([B)V,000c,001a,backward,0,['SecureRandomSpec_next2Event']
de.markusfisch.android.binaryeye_174.apk,org.bouncycastle.math.ec.custom.sec.SecP160R1Field,random,(Ljava/security/SecureRandom;[I)V,SecureRandomSpec_next2Event,Ljava/security/SecureRandom;.nextBytes:([B)V,000c,001a,backward,0,['SecureRandomSpec_next2Event']
de.markusfisch.android.binaryeye_174.apk,org.bouncycastle.math.ec.custom.sec.SecP160R2Field,random,(Ljava/security/SecureRandom;[I)V,SecureRandomSpec_next2Event,Ljava/security/SecureRandom;.nextBytes:([B)V,000c,001a,backward,0,['SecureRandomSpec_next2Event']
de.markusfisch.android.binaryeye_174.apk,org.bouncycastle.math.ec.custom.sec.SecP192K1Field,random,(Ljava/security/SecureRandom;[I)V,SecureRandomSpec_next2Event,Ljava/security/SecureRandom;.nextBytes:([B)V,000c,001a,backward,0,['SecureRandomSpec_next2Event']
de.markusfisch.android.binaryeye_174.apk,org.bouncycastle.math.ec.custom.sec.SecP192R1Field,random,(Ljava/security/SecureRandom;[I)V,SecureRandomSpec_next2Event,Ljava/security/SecureRandom;.nextBytes:([B)V,000c,001a,backward,0,['SecureRandomSpec_next2Event']
de.markusfisch.android.binaryeye_174.apk,org.bouncycastle.math.ec.custom.sec.SecP224K1Field,random,(Ljava/security/SecureRandom;[I)V,SecureRandomSpec_next2Event,Ljava/security/SecureRandom;.nextBytes:([B)V,000c,001a,backward,0,['SecureRandomSpec_next2Event']
de.markusfisch.android.binaryeye_174.apk,org.bouncycastle.math.ec.custom.sec.SecP224R1Field,random,(Ljava/security/SecureRandom;[I)V,SecureRandomSpec_next2Event,Ljava/security/SecureRandom;.nextBytes:([B)V,000c,001a,backward,0,['SecureRandomSpec_next2Event']
de.markusfisch.android.binaryeye_174.apk,org.bouncycastle.math.ec.custom.sec.SecP256K1Field,random,(Ljava/security/SecureRandom;[I)V,SecureRandomSpec_next2Event,Ljava/security/SecureRandom;.nextBytes:([B)V,000c,001b,backward,0,['SecureRandomSpec_next2Event']
de.markusfisch.android.binaryeye_174.apk,org.bouncycastle.math.ec.custom.sec.SecP256R1Field,random,(Ljava/security/SecureRandom;[I)V,SecureRandomSpec_next2Event,Ljava/security/SecureRandom;.nextBytes:([B)V,000c,001b,backward,0,['SecureRandomSpec_next2Event']
de.markusfisch.android.binaryeye_174.apk,org.bouncycastle.math.ec.custom.sec.SecP384R1Field,random,(Ljava/security/SecureRandom;[I)V,SecureRandomSpec_next2Event,Ljava/security/SecureRandom;.nextBytes:([B)V,000c,001b,backward,0,['SecureRandomSpec_next2Event']
de.markusfisch.android.binaryeye_174.apk,org.bouncycastle.math.ec.custom.sec.SecP521R1Field,random,(Ljava/security/SecureRandom;[I)V,SecureRandomSpec_next2Event,Ljava/security/SecureRandom;.nextBytes:([B)V,000c,0023,backward,0,['SecureRandomSpec_next2Event']
de.markusfisch.android.binaryeye_174.apk,org.bouncycastle.openssl.jcajce.JceOpenSSLPKCS8DecryptorProviderBuilder$1,get,(Lorg/bouncycastle/asn1/x509/AlgorithmIdentifier;)Lorg/bouncycastle/operator/InputDecryptor;,CipherSpec_i2Event,Ljavax/crypto/Cipher;.init:(ILjava/security/Key;)V,00ce,010e,backward,0,['CipherSpec_i2Event']
de.markusfisch.android.binaryeye_174.apk,org.bouncycastle.openssl.jcajce.PEMUtilities,crypt,(ZLorg/bouncycastle/jcajce/util/JcaJceHelper;[B[CLjava/lang/String;[B)[B,IvChainJunctionSpec_useEvent|CipherSpec_i2Event,Ljavax/crypto/Cipher;.init:(ILjava/security/Key;Ljava/security/spec/AlgorithmParameterSpec;)V,0137,0128,forward,0,"['IvChainJunctionSpec_useEvent', 'CipherSpec_i2Event']"
de.markusfisch.android.binaryeye_174.apk,org.bouncycastle.operator.jcajce.JcaContentSignerBuilder,build,(Ljava/security/PrivateKey;)Lorg/bouncycastle/operator/ContentSigner;,SignatureSpec_i1Event,Ljava/security/Signature;.initSign:(Ljava/security/PrivateKey;)V,0045,0037,forward,0,['SignatureSpec_i1Event']
de.markusfisch.android.binaryeye_174.apk,org.bouncycastle.operator.jcajce.JceAsymmetricKeyUnwrapper,generateUnwrappedKey,(Lorg/bouncycastle/asn1/x509/AlgorithmIdentifier;[B)Lorg/bouncycastle/operator/GenericKey;,CipherSpec_i2Event,Ljavax/crypto/Cipher;.init:(ILjava/security/Key;)V,0081,0075,forward,0,['CipherSpec_i2Event']
de.markusfisch.android.binaryeye_174.apk,org.bouncycastle.operator.jcajce.JceInputDecryptorProviderBuilder$1,get,(Lorg/bouncycastle/asn1/x509/AlgorithmIdentifier;)Lorg/bouncycastle/operator/InputDecryptor;,IvChainJunctionSpec_useEvent|CipherSpec_i2Event,Ljavax/crypto/Cipher;.init:(ILjava/security/Key;Ljava/security/spec/AlgorithmParameterSpec;)V,004a,0061,backward,0,"['IvChainJunctionSpec_useEvent', 'CipherSpec_i2Event']"
de.markusfisch.android.binaryeye_174.apk,org.bouncycastle.x509.X509Util,calculateSignature,(Lorg/bouncycastle/asn1/ASN1ObjectIdentifier;Ljava/lang/String;Ljava/lang/String;Ljava/security/PrivateKey;Ljava/security/SecureRandom;Lorg/bouncycastle/asn1/ASN1Encodable;)[B,SignatureSpec_i1Event,Ljava/security/Signature;.initSign:(Ljava/security/PrivateKey;)V,0017,000b,forward,0,['SignatureSpec_i1Event']
de.markusfisch.android.binaryeye_174.apk,org.bouncycastle.x509.X509Util,calculateSignature,(Lorg/bouncycastle/asn1/ASN1ObjectIdentifier;Ljava/lang/String;Ljava/security/PrivateKey;Ljava/security/SecureRandom;Lorg/bouncycastle/asn1/ASN1Encodable;)[B,SignatureSpec_i1Event,Ljava/security/Signature;.initSign:(Ljava/security/PrivateKey;)V,0017,000b,forward,0,['SignatureSpec_i1Event']
dev.ukanth.ufirewall_20260301.apk,org.xbill.DNS.DNSSEC,sign,(Ljava/security/PrivateKey;Ljava/security/PublicKey;I[BLjava/lang/String;)[B,SignatureSpec_i1Event,Ljava/security/Signature;.initSign:(Ljava/security/PrivateKey;)V,001b,000f,forward,0,['SignatureSpec_i1Event']
eu.faircode.email_2322.apk,org.apache.poi.poifs.crypt.CryptoFunctions,getCipher,(Ljava/security/Key;Lorg/apache/poi/poifs/crypt/CipherAlgorithm;Lorg/apache/poi/poifs/crypt/ChainingMode;[BILjava/lang/String;)Ljavax/crypto/Cipher;,IvChainJunctionSpec_useEvent|CipherSpec_i2Event,Ljavax/crypto/Cipher;.init:(ILjava/security/Key;Ljava/security/spec/AlgorithmParameterSpec;)V,00a2,0093,forward,0,"['IvChainJunctionSpec_useEvent', 'CipherSpec_i2Event']"
eu.faircode.email_2322.apk,org.apache.poi.poifs.crypt.binaryrc4.BinaryRC4Decryptor,initCipherForBlock,(Ljavax/crypto/Cipher;ILorg/apache/poi/poifs/crypt/EncryptionInfo;Ljavax/crypto/SecretKey;I)Ljavax/crypto/Cipher;,CipherSpec_i2Event,Ljavax/crypto/Cipher;.init:(ILjava/security/Key;)V,003e,002b,forward,0,['CipherSpec_i2Event']
eu.faircode.email_2322.apk,org.apache.poi.poifs.crypt.cryptoapi.CryptoAPIDecryptor,initCipherForBlock,(Ljavax/crypto/Cipher;ILorg/apache/poi/poifs/crypt/EncryptionInfo;Ljavax/crypto/SecretKey;I)Ljavax/crypto/Cipher;,CipherSpec_i2Event,Ljavax/crypto/Cipher;.init:(ILjava/security/Key;)V,0057,0048,forward,0,['CipherSpec_i2Event']
eu.faircode.email_2322.apk,org.bouncycastle.cert.crmf.jcajce.JceCRMFEncryptorBuilder$CRMFOutputEncryptor,<init>,(Lorg/bouncycastle/cert/crmf/jcajce/JceCRMFEncryptorBuilder;Lorg/bouncycastle/asn1/ASN1ObjectIdentifier;ILjava/security/SecureRandom;)V,KeyGeneratorSpec_initRandomSizeEvent,Ljavax/crypto/KeyGenerator;.init:(ILjava/security/SecureRandom;)V,0032,0026,forward,0,['KeyGeneratorSpec_initRandomSizeEvent']
eu.faircode.email_2322.apk,org.bouncycastle.cms.jcajce.JceCMSMacCalculatorBuilder$CMSMacCalculator,<init>,(Lorg/bouncycastle/cms/jcajce/JceCMSMacCalculatorBuilder;Lorg/bouncycastle/asn1/ASN1ObjectIdentifier;ILjava/security/AlgorithmParameters;Ljava/security/SecureRandom;)V,KeyGeneratorSpec_initRandomSizeEvent,Ljavax/crypto/KeyGenerator;.init:(ILjava/security/SecureRandom;)V,0028,001c,forward,0,['KeyGeneratorSpec_initRandomSizeEvent']
eu.faircode.email_2322.apk,org.bouncycastle.est.jcajce.JcaJceUtils,createKeyManagerFactory,(Ljava/lang/String;Ljava/lang/String;Ljava/security/KeyStore;[C)Ljavax/net/ssl/KeyManagerFactory;,KeyManagerFactorySpec_initEvent,Ljavax/net/ssl/KeyManagerFactory;.init:(Ljava/security/KeyStore;[C)V,001c,0014,forward,0,['KeyManagerFactorySpec_initEvent']
eu.faircode.email_2322.apk,org.bouncycastle.jcajce.provider.asymmetric.compositesignatures.SignatureSpi,processPreHashedMessage,([B)V,SignatureSpec_updateEvent,Ljava/security/Signature;.update:([BII)V,0058,004c,forward,0,['SignatureSpec_updateEvent']
eu.faircode.email_2322.apk,org.bouncycastle.jcajce.provider.keystore.pkcs12.PKCS12KeyStoreSpi,createCipher,(I[CLorg/bouncycastle/asn1/x509/AlgorithmIdentifier;)Ljavax/crypto/Cipher;,IvChainJunctionSpec_useEvent|CipherSpec_i2Event,Ljavax/crypto/Cipher;.init:(ILjava/security/Key;Ljava/security/spec/AlgorithmParameterSpec;)V,0097,00b9,backward,0,"['IvChainJunctionSpec_useEvent', 'CipherSpec_i2Event']"
eu.faircode.email_2322.apk,org.bouncycastle.jcajce.provider.keystore.pkcs12.PKCS12PBMAC1KeyStoreSpi,createCipher,(I[CLorg/bouncycastle/asn1/x509/AlgorithmIdentifier;)Ljavax/crypto/Cipher;,IvChainJunctionSpec_useEvent|CipherSpec_i2Event,Ljavax/crypto/Cipher;.init:(ILjava/security/Key;Ljava/security/spec/AlgorithmParameterSpec;)V,00d1,00f3,backward,0,"['IvChainJunctionSpec_useEvent', 'CipherSpec_i2Event']"
eu.faircode.email_2322.apk,org.bouncycastle.jce.PKCS10CertificationRequest,<init>,(Ljava/lang/String;Lorg/bouncycastle/asn1/x509/X509Name;Ljava/security/PublicKey;Lorg/bouncycastle/asn1/ASN1Set;Ljava/security/PrivateKey;Ljava/lang/String;)V,SignatureSpec_i1Event,Ljava/security/Signature;.initSign:(Ljava/security/PrivateKey;)V,007d,0075,forward,0,['SignatureSpec_i1Event']
eu.faircode.email_2322.apk,org.bouncycastle.jce.netscape.NetscapeCertRequest,sign,(Ljava/security/PrivateKey;Ljava/security/SecureRandom;)V,SignatureSpec_i1Event,Ljava/security/Signature;.initSign:(Ljava/security/PrivateKey;)V,0021,0015,forward,0,['SignatureSpec_i1Event']
eu.faircode.email_2322.apk,org.bouncycastle.jsse.provider.ProvKeyManagerFactorySpi,getDefaultKeyStore,()Lorg/bouncycastle/jsse/provider/KeyStoreConfig;,KeyStoreSpec_loadEvent,Ljava/security/KeyStore;.load:(Ljava/io/InputStream;[C)V,006d,0047,forward,0,['KeyStoreSpec_loadEvent']
eu.faircode.email_2322.apk,org.bouncycastle.jsse.provider.ProvTrustManagerFactorySpi,getDefaultTrustStore,()Ljava/security/KeyStore;,KeyStoreSpec_loadEvent,Ljava/security/KeyStore;.load:(Ljava/io/InputStream;[C)V,00dd,00b7,forward,0,['KeyStoreSpec_loadEvent']
eu.faircode.email_2322.apk,org.bouncycastle.math.ec.custom.djb.Curve25519Field,random,(Ljava/security/SecureRandom;[I)V,SecureRandomSpec_next2Event,Ljava/security/SecureRandom;.nextBytes:([B)V,000c,0024,backward,0,['SecureRandomSpec_next2Event']
eu.faircode.email_2322.apk,org.bouncycastle.math.ec.custom.gm.SM2P256V1Field,random,(Ljava/security/SecureRandom;[I)V,SecureRandomSpec_next2Event,Ljava/security/SecureRandom;.nextBytes:([B)V,000c,001b,backward,0,['SecureRandomSpec_next2Event']
eu.faircode.email_2322.apk,org.bouncycastle.math.ec.custom.sec.SecP128R1Field,random,(Ljava/security/SecureRandom;[I)V,SecureRandomSpec_next2Event,Ljava/security/SecureRandom;.nextBytes:([B)V,000c,001a,backward,0,['SecureRandomSpec_next2Event']
eu.faircode.email_2322.apk,org.bouncycastle.math.ec.custom.sec.SecP160R1Field,random,(Ljava/security/SecureRandom;[I)V,SecureRandomSpec_next2Event,Ljava/security/SecureRandom;.nextBytes:([B)V,000c,001a,backward,0,['SecureRandomSpec_next2Event']
eu.faircode.email_2322.apk,org.bouncycastle.math.ec.custom.sec.SecP160R2Field,random,(Ljava/security/SecureRandom;[I)V,SecureRandomSpec_next2Event,Ljava/security/SecureRandom;.nextBytes:([B)V,000c,001a,backward,0,['SecureRandomSpec_next2Event']
eu.faircode.email_2322.apk,org.bouncycastle.math.ec.custom.sec.SecP192K1Field,random,(Ljava/security/SecureRandom;[I)V,SecureRandomSpec_next2Event,Ljava/security/SecureRandom;.nextBytes:([B)V,000c,001a,backward,0,['SecureRandomSpec_next2Event']
eu.faircode.email_2322.apk,org.bouncycastle.math.ec.custom.sec.SecP192R1Field,random,(Ljava/security/SecureRandom;[I)V,SecureRandomSpec_next2Event,Ljava/security/SecureRandom;.nextBytes:([B)V,000c,001a,backward,0,['SecureRandomSpec_next2Event']
eu.faircode.email_2322.apk,org.bouncycastle.math.ec.custom.sec.SecP224K1Field,random,(Ljava/security/SecureRandom;[I)V,SecureRandomSpec_next2Event,Ljava/security/SecureRandom;.nextBytes:([B)V,000c,001a,backward,0,['SecureRandomSpec_next2Event']
eu.faircode.email_2322.apk,org.bouncycastle.math.ec.custom.sec.SecP224R1Field,random,(Ljava/security/SecureRandom;[I)V,SecureRandomSpec_next2Event,Ljava/security/SecureRandom;.nextBytes:([B)V,000c,001a,backward,0,['SecureRandomSpec_next2Event']
eu.faircode.email_2322.apk,org.bouncycastle.math.ec.custom.sec.SecP256K1Field,random,(Ljava/security/SecureRandom;[I)V,SecureRandomSpec_next2Event,Ljava/security/SecureRandom;.nextBytes:([B)V,000c,001b,backward,0,['SecureRandomSpec_next2Event']
eu.faircode.email_2322.apk,org.bouncycastle.math.ec.custom.sec.SecP256R1Field,random,(Ljava/security/SecureRandom;[I)V,SecureRandomSpec_next2Event,Ljava/security/SecureRandom;.nextBytes:([B)V,000c,001b,backward,0,['SecureRandomSpec_next2Event']
eu.faircode.email_2322.apk,org.bouncycastle.math.ec.custom.sec.SecP384R1Field,random,(Ljava/security/SecureRandom;[I)V,SecureRandomSpec_next2Event,Ljava/security/SecureRandom;.nextBytes:([B)V,000c,001b,backward,0,['SecureRandomSpec_next2Event']
eu.faircode.email_2322.apk,org.bouncycastle.math.ec.custom.sec.SecP521R1Field,random,(Ljava/security/SecureRandom;[I)V,SecureRandomSpec_next2Event,Ljava/security/SecureRandom;.nextBytes:([B)V,000c,0023,backward,0,['SecureRandomSpec_next2Event']
eu.faircode.email_2322.apk,org.bouncycastle.openssl.jcajce.JceOpenSSLPKCS8DecryptorProviderBuilder$1,get,(Lorg/bouncycastle/asn1/x509/AlgorithmIdentifier;)Lorg/bouncycastle/operator/InputDecryptor;,CipherSpec_i2Event,Ljavax/crypto/Cipher;.init:(ILjava/security/Key;)V,00ce,010e,backward,0,['CipherSpec_i2Event']
eu.faircode.email_2322.apk,org.bouncycastle.openssl.jcajce.PEMUtilities,crypt,(ZLorg/bouncycastle/jcajce/util/JcaJceHelper;[B[CLjava/lang/String;[B)[B,IvChainJunctionSpec_useEvent|CipherSpec_i2Event,Ljavax/crypto/Cipher;.init:(ILjava/security/Key;Ljava/security/spec/AlgorithmParameterSpec;)V,0130,0121,forward,0,"['IvChainJunctionSpec_useEvent', 'CipherSpec_i2Event']"
eu.faircode.email_2322.apk,org.bouncycastle.operator.jcajce.JcaContentSignerBuilder,build,(Ljava/security/PrivateKey;)Lorg/bouncycastle/operator/ContentSigner;,SignatureSpec_i1Event,Ljava/security/Signature;.initSign:(Ljava/security/PrivateKey;)V,0045,0037,forward,0,['SignatureSpec_i1Event']
eu.faircode.email_2322.apk,org.bouncycastle.operator.jcajce.JceAsymmetricKeyUnwrapper,generateUnwrappedKey,(Lorg/bouncycastle/asn1/x509/AlgorithmIdentifier;[B)Lorg/bouncycastle/operator/GenericKey;,CipherSpec_i2Event,Ljavax/crypto/Cipher;.init:(ILjava/security/Key;)V,0081,0075,forward,0,['CipherSpec_i2Event']
eu.faircode.email_2322.apk,org.bouncycastle.operator.jcajce.JceInputDecryptorProviderBuilder$1,get,(Lorg/bouncycastle/asn1/x509/AlgorithmIdentifier;)Lorg/bouncycastle/operator/InputDecryptor;,IvChainJunctionSpec_useEvent|CipherSpec_i2Event,Ljavax/crypto/Cipher;.init:(ILjava/security/Key;Ljava/security/spec/AlgorithmParameterSpec;)V,004a,0061,backward,0,"['IvChainJunctionSpec_useEvent', 'CipherSpec_i2Event']"
eu.faircode.email_2322.apk,org.bouncycastle.tls.crypto.impl.jcajce.JcaTlsCrypto,createStreamSigner,(Lorg/bouncycastle/jcajce/util/JcaJceHelper;Ljava/lang/String;Ljava/security/spec/AlgorithmParameterSpec;Ljava/security/PrivateKey;Ljava/security/SecureRandom;)Lorg/bouncycastle/tls/crypto/TlsStreamSigner;,SignatureSpec_i2Event,Ljava/security/Signature;.initSign:(Ljava/security/PrivateKey;Ljava/security/SecureRandom;)V,0026,000f,forward,0,['SignatureSpec_i2Event']
eu.faircode.email_2322.apk,org.bouncycastle.tls.crypto.impl.jcajce.JcaTlsCrypto,createStreamSigner,(Lorg/bouncycastle/jcajce/util/JcaJceHelper;Ljava/lang/String;Ljava/security/spec/AlgorithmParameterSpec;Ljava/security/PrivateKey;Ljava/security/SecureRandom;)Lorg/bouncycastle/tls/crypto/TlsStreamSigner;,SignatureSpec_i2Event,Ljava/security/Signature;.initSign:(Ljava/security/PrivateKey;Ljava/security/SecureRandom;)V,0041,0039,forward,0,['SignatureSpec_i2Event']
eu.faircode.email_2322.apk,org.bouncycastle.tls.crypto.impl.jcajce.JcaTlsCrypto,createStreamVerifier,(Ljava/lang/String;Ljava/security/spec/AlgorithmParameterSpec;[BLjava/security/PublicKey;)Lorg/bouncycastle/tls/crypto/TlsStreamVerifier;,SignatureSpec_i4Event,Ljava/security/Signature;.initVerify:(Ljava/security/PublicKey;)V,002b,0023,forward,0,['SignatureSpec_i4Event']
eu.faircode.email_2322.apk,org.bouncycastle.tls.crypto.impl.jcajce.JcaTlsCrypto,createTls13Verifier,(Ljava/lang/String;Ljava/security/spec/AlgorithmParameterSpec;Ljava/security/PublicKey;)Lorg/bouncycastle/tls/crypto/Tls13Verifier;,SignatureSpec_i4Event,Ljava/security/Signature;.initVerify:(Ljava/security/PublicKey;)V,002b,0023,forward,0,['SignatureSpec_i4Event']
eu.faircode.email_2322.apk,org.bouncycastle.x509.X509Util,calculateSignature,(Lorg/bouncycastle/asn1/ASN1ObjectIdentifier;Ljava/lang/String;Ljava/lang/String;Ljava/security/PrivateKey;Ljava/security/SecureRandom;Lorg/bouncycastle/asn1/ASN1Encodable;)[B,SignatureSpec_i1Event,Ljava/security/Signature;.initSign:(Ljava/security/PrivateKey;)V,0017,000b,forward,0,['SignatureSpec_i1Event']
eu.faircode.email_2322.apk,org.bouncycastle.x509.X509Util,calculateSignature,(Lorg/bouncycastle/asn1/ASN1ObjectIdentifier;Ljava/lang/String;Ljava/security/PrivateKey;Ljava/security/SecureRandom;Lorg/bouncycastle/asn1/ASN1Encodable;)[B,SignatureSpec_i1Event,Ljava/security/Signature;.initSign:(Ljava/security/PrivateKey;)V,0017,000b,forward,0,['SignatureSpec_i1Event']
eu.opencloud.android_9.apk,eu.opencloud.android.presentation.security.biometric.BiometricViewModel,generateAndStoreKey,()V,KeyStoreSpec_loadEvent,Ljava/security/KeyStore;.load:(Ljava/security/KeyStore$LoadStoreParameter;)V,004a,003f,forward,1,['KeyStoreSpec_loadEvent']
eu.opencloud.android_9.apk,eu.opencloud.android.presentation.security.biometric.BiometricViewModel,initCipher,()Ljavax/crypto/Cipher;,KeyStoreSpec_loadEvent,Ljava/security/KeyStore;.load:(Ljava/security/KeyStore$LoadStoreParameter;)V,0035,002c,forward,1,['KeyStoreSpec_loadEvent']
github.paroj.dsub2000_217.apk,org.eclipse.jetty.util.security.CertificateUtils,getKeyStore,(Lorg/eclipse/jetty/util/resource/Resource;Ljava/lang/String;Ljava/lang/String;Ljava/lang/String;)Ljava/security/KeyStore;,KeyStoreSpec_loadEvent,Ljava/security/KeyStore;.load:(Ljava/io/InputStream;[C)V,002e,26,forward,0,['KeyStoreSpec_loadEvent']
github.paroj.dsub2000_217.apk,org.eclipse.jetty.util.ssl.SslContextFactory,getKeyManagers,(Ljava/security/KeyStore;)[Ljavax/net/ssl/KeyManager;,KeyManagerFactorySpec_initEvent,Ljavax/net/ssl/KeyManagerFactory;.init:(Ljava/security/KeyStore;[C)V,002a,19,forward,0,['KeyManagerFactorySpec_initEvent']
it.niedermann.owncloud.notes_340000090.apk,org.bouncycastle.cert.crmf.jcajce.JceCRMFEncryptorBuilder$CRMFOutputEncryptor,<init>,(Lorg/bouncycastle/cert/crmf/jcajce/JceCRMFEncryptorBuilder;Lorg/bouncycastle/asn1/ASN1ObjectIdentifier;ILjava/security/SecureRandom;)V,KeyGeneratorSpec_initRandomSizeEvent,Ljavax/crypto/KeyGenerator;.init:(ILjava/security/SecureRandom;)V,0047,0038,forward,0,['KeyGeneratorSpec_initRandomSizeEvent']
it.niedermann.owncloud.notes_340000090.apk,org.bouncycastle.cms.jcajce.JceCMSMacCalculatorBuilder$CMSMacCalculator,<init>,(Lorg/bouncycastle/cms/jcajce/JceCMSMacCalculatorBuilder;Lorg/bouncycastle/asn1/ASN1ObjectIdentifier;ILjava/security/AlgorithmParameters;Ljava/security/SecureRandom;)V,KeyGeneratorSpec_initRandomSizeEvent,Ljavax/crypto/KeyGenerator;.init:(ILjava/security/SecureRandom;)V,0036,0027,forward,0,['KeyGeneratorSpec_initRandomSizeEvent']
it.niedermann.owncloud.notes_340000090.apk,org.bouncycastle.est.jcajce.JcaJceUtils,createKeyManagerFactory,(Ljava/lang/String;Ljava/lang/String;Ljava/security/KeyStore;[C)Ljavax/net/ssl/KeyManagerFactory;,KeyManagerFactorySpec_initEvent,Ljavax/net/ssl/KeyManagerFactory;.init:(Ljava/security/KeyStore;[C)V,003a,0021|002a,forward,0,['KeyManagerFactorySpec_initEvent']
it.niedermann.owncloud.notes_340000090.apk,org.bouncycastle.jcajce.provider.asymmetric.compositesignatures.SignatureSpi,processPreHashedMessage,([B)V,SignatureSpec_updateEvent,Ljava/security/Signature;.update:([BII)V,0076,0067,forward,0,['SignatureSpec_updateEvent']
it.niedermann.owncloud.notes_340000090.apk,org.bouncycastle.jce.PKCS10CertificationRequest,<init>,(Ljava/lang/String;Lorg/bouncycastle/asn1/x509/X509Name;Ljava/security/PublicKey;Lorg/bouncycastle/asn1/ASN1Set;Ljava/security/PrivateKey;Ljava/lang/String;)V,SignatureSpec_i1Event,Ljava/security/Signature;.initSign:(Ljava/security/PrivateKey;)V,0096,008a,forward,0,['SignatureSpec_i1Event']
it.niedermann.owncloud.notes_340000090.apk,org.bouncycastle.jce.netscape.NetscapeCertRequest,sign,(Ljava/security/PrivateKey;Ljava/security/SecureRandom;)V,SignatureSpec_i1Event,Ljava/security/Signature;.initSign:(Ljava/security/PrivateKey;)V,002a,001a,forward,0,['SignatureSpec_i1Event']
it.niedermann.owncloud.notes_340000090.apk,org.bouncycastle.math.ec.custom.djb.Curve25519Field,random,(Ljava/security/SecureRandom;[I)V,SecureRandomSpec_next2Event,Ljava/security/SecureRandom;.nextBytes:([B)V,0015,0033,backward,0,['SecureRandomSpec_next2Event']
it.niedermann.owncloud.notes_340000090.apk,org.bouncycastle.math.ec.custom.gm.SM2P256V1Field,random,(Ljava/security/SecureRandom;[I)V,SecureRandomSpec_next2Event,Ljava/security/SecureRandom;.nextBytes:([B)V,0015,002a,backward,0,['SecureRandomSpec_next2Event']
it.niedermann.owncloud.notes_340000090.apk,org.bouncycastle.math.ec.custom.sec.SecP128R1Field,random,(Ljava/security/SecureRandom;[I)V,SecureRandomSpec_next2Event,Ljava/security/SecureRandom;.nextBytes:([B)V,0015,0029,backward,0,['SecureRandomSpec_next2Event']
it.niedermann.owncloud.notes_340000090.apk,org.bouncycastle.math.ec.custom.sec.SecP160R1Field,random,(Ljava/security/SecureRandom;[I)V,SecureRandomSpec_next2Event,Ljava/security/SecureRandom;.nextBytes:([B)V,0015,0029,backward,0,['SecureRandomSpec_next2Event']
it.niedermann.owncloud.notes_340000090.apk,org.bouncycastle.math.ec.custom.sec.SecP160R2Field,random,(Ljava/security/SecureRandom;[I)V,SecureRandomSpec_next2Event,Ljava/security/SecureRandom;.nextBytes:([B)V,0015,0029,backward,0,['SecureRandomSpec_next2Event']
it.niedermann.owncloud.notes_340000090.apk,org.bouncycastle.math.ec.custom.sec.SecP192K1Field,random,(Ljava/security/SecureRandom;[I)V,SecureRandomSpec_next2Event,Ljava/security/SecureRandom;.nextBytes:([B)V,0015,0029,backward,0,['SecureRandomSpec_next2Event']
it.niedermann.owncloud.notes_340000090.apk,org.bouncycastle.math.ec.custom.sec.SecP192R1Field,random,(Ljava/security/SecureRandom;[I)V,SecureRandomSpec_next2Event,Ljava/security/SecureRandom;.nextBytes:([B)V,0015,0029,backward,0,['SecureRandomSpec_next2Event']
it.niedermann.owncloud.notes_340000090.apk,org.bouncycastle.math.ec.custom.sec.SecP224K1Field,random,(Ljava/security/SecureRandom;[I)V,SecureRandomSpec_next2Event,Ljava/security/SecureRandom;.nextBytes:([B)V,0015,0029,backward,0,['SecureRandomSpec_next2Event']
it.niedermann.owncloud.notes_340000090.apk,org.bouncycastle.math.ec.custom.sec.SecP224R1Field,random,(Ljava/security/SecureRandom;[I)V,SecureRandomSpec_next2Event,Ljava/security/SecureRandom;.nextBytes:([B)V,0015,0029,backward,0,['SecureRandomSpec_next2Event']
it.niedermann.owncloud.notes_340000090.apk,org.bouncycastle.math.ec.custom.sec.SecP256K1Field,random,(Ljava/security/SecureRandom;[I)V,SecureRandomSpec_next2Event,Ljava/security/SecureRandom;.nextBytes:([B)V,0015,002a,backward,0,['SecureRandomSpec_next2Event']
it.niedermann.owncloud.notes_340000090.apk,org.bouncycastle.math.ec.custom.sec.SecP256R1Field,random,(Ljava/security/SecureRandom;[I)V,SecureRandomSpec_next2Event,Ljava/security/SecureRandom;.nextBytes:([B)V,0015,002a,backward,0,['SecureRandomSpec_next2Event']
it.niedermann.owncloud.notes_340000090.apk,org.bouncycastle.math.ec.custom.sec.SecP384R1Field,random,(Ljava/security/SecureRandom;[I)V,SecureRandomSpec_next2Event,Ljava/security/SecureRandom;.nextBytes:([B)V,0015,002a,backward,0,['SecureRandomSpec_next2Event']
it.niedermann.owncloud.notes_340000090.apk,org.bouncycastle.math.ec.custom.sec.SecP521R1Field,random,(Ljava/security/SecureRandom;[I)V,SecureRandomSpec_next2Event,Ljava/security/SecureRandom;.nextBytes:([B)V,0015,0032,backward,0,['SecureRandomSpec_next2Event']
it.niedermann.owncloud.notes_340000090.apk,org.bouncycastle.openssl.jcajce.PEMUtilities,crypt,(ZLorg/bouncycastle/jcajce/util/JcaJceHelper;[B[CLjava/lang/String;[B)[B,IvChainJunctionSpec_useEvent|CipherSpec_i2Event,Ljavax/crypto/Cipher;.init:(ILjava/security/Key;Ljava/security/spec/AlgorithmParameterSpec;)V,01b6,01a3,forward,0,"['IvChainJunctionSpec_useEvent', 'CipherSpec_i2Event']"
it.niedermann.owncloud.notes_340000090.apk,org.bouncycastle.operator.jcajce.JcaContentSignerBuilder,build,(Ljava/security/PrivateKey;)Lorg/bouncycastle/operator/ContentSigner;,SignatureSpec_i1Event,Ljava/security/Signature;.initSign:(Ljava/security/PrivateKey;)V,005b,0049,forward,0,['SignatureSpec_i1Event']
it.niedermann.owncloud.notes_340000090.apk,org.bouncycastle.operator.jcajce.JcaContentVerifierProviderBuilder,createRawSig,(Lorg/bouncycastle/asn1/x509/AlgorithmIdentifier;Ljava/security/PublicKey;)Ljava/security/Signature;,SignatureSpec_i4Event,Ljava/security/Signature;.initVerify:(Ljava/security/PublicKey;)V,001a,0010,forward,0,['SignatureSpec_i4Event']
it.niedermann.owncloud.notes_340000090.apk,org.bouncycastle.operator.jcajce.JceAsymmetricKeyUnwrapper,generateUnwrappedKey,(Lorg/bouncycastle/asn1/x509/AlgorithmIdentifier;[B)Lorg/bouncycastle/operator/GenericKey;,CipherSpec_i2Event,Ljavax/crypto/Cipher;.init:(ILjava/security/Key;)V,00dc,00cc,forward,0,['CipherSpec_i2Event']
it.niedermann.owncloud.notes_340000090.apk,org.bouncycastle.x509.X509Util,calculateSignature,(Lorg/bouncycastle/asn1/ASN1ObjectIdentifier;Ljava/lang/String;Ljava/lang/String;Ljava/security/PrivateKey;Ljava/security/SecureRandom;Lorg/bouncycastle/asn1/ASN1Encodable;)[B,SignatureSpec_i1Event,Ljava/security/Signature;.initSign:(Ljava/security/PrivateKey;)V,0020,0010,forward,0,['SignatureSpec_i1Event']
it.niedermann.owncloud.notes_340000090.apk,org.bouncycastle.x509.X509Util,calculateSignature,(Lorg/bouncycastle/asn1/ASN1ObjectIdentifier;Ljava/lang/String;Ljava/security/PrivateKey;Ljava/security/SecureRandom;Lorg/bouncycastle/asn1/ASN1Encodable;)[B,SignatureSpec_i1Event,Ljava/security/Signature;.initSign:(Ljava/security/PrivateKey;)V,0020,0010,forward,0,['SignatureSpec_i1Event']
me.diamondforge.tokn_19.apk,org.bouncycastle.jcajce.provider.asymmetric.compositesignatures.SignatureSpi,processPreHashedMessage,([B)V,SignatureSpec_updateEvent,Ljava/security/Signature;.update:([BII)V,0058,004c,forward,0,['SignatureSpec_updateEvent']
me.diamondforge.tokn_19.apk,org.bouncycastle.jcajce.provider.keystore.pkcs12.PKCS12KeyStoreSpi,createCipher,(I[CLorg/bouncycastle/asn1/x509/AlgorithmIdentifier;)Ljavax/crypto/Cipher;,IvChainJunctionSpec_useEvent|CipherSpec_i2Event,Ljavax/crypto/Cipher;.init:(ILjava/security/Key;Ljava/security/spec/AlgorithmParameterSpec;)V,0097,00b9,backward,0,"['IvChainJunctionSpec_useEvent', 'CipherSpec_i2Event']"
me.diamondforge.tokn_19.apk,org.bouncycastle.jcajce.provider.keystore.pkcs12.PKCS12PBMAC1KeyStoreSpi,createCipher,(I[CLorg/bouncycastle/asn1/x509/AlgorithmIdentifier;)Ljavax/crypto/Cipher;,IvChainJunctionSpec_useEvent|CipherSpec_i2Event,Ljavax/crypto/Cipher;.init:(ILjava/security/Key;Ljava/security/spec/AlgorithmParameterSpec;)V,00d1,00f3,backward,0,"['IvChainJunctionSpec_useEvent', 'CipherSpec_i2Event']"
me.diamondforge.tokn_19.apk,org.bouncycastle.jce.PKCS10CertificationRequest,<init>,(Ljava/lang/String;Lorg/bouncycastle/asn1/x509/X509Name;Ljava/security/PublicKey;Lorg/bouncycastle/asn1/ASN1Set;Ljava/security/PrivateKey;Ljava/lang/String;)V,SignatureSpec_i1Event,Ljava/security/Signature;.initSign:(Ljava/security/PrivateKey;)V,007d,0075,forward,0,['SignatureSpec_i1Event']
me.diamondforge.tokn_19.apk,org.bouncycastle.jce.netscape.NetscapeCertRequest,sign,(Ljava/security/PrivateKey;Ljava/security/SecureRandom;)V,SignatureSpec_i1Event,Ljava/security/Signature;.initSign:(Ljava/security/PrivateKey;)V,0021,0015,forward,0,['SignatureSpec_i1Event']
me.diamondforge.tokn_19.apk,org.bouncycastle.math.ec.custom.djb.Curve25519Field,random,(Ljava/security/SecureRandom;[I)V,SecureRandomSpec_next2Event,Ljava/security/SecureRandom;.nextBytes:([B)V,000c,0024,backward,0,['SecureRandomSpec_next2Event']
me.diamondforge.tokn_19.apk,org.bouncycastle.math.ec.custom.gm.SM2P256V1Field,random,(Ljava/security/SecureRandom;[I)V,SecureRandomSpec_next2Event,Ljava/security/SecureRandom;.nextBytes:([B)V,000c,001b,backward,0,['SecureRandomSpec_next2Event']
me.diamondforge.tokn_19.apk,org.bouncycastle.math.ec.custom.sec.SecP128R1Field,random,(Ljava/security/SecureRandom;[I)V,SecureRandomSpec_next2Event,Ljava/security/SecureRandom;.nextBytes:([B)V,000c,001a,backward,0,['SecureRandomSpec_next2Event']
me.diamondforge.tokn_19.apk,org.bouncycastle.math.ec.custom.sec.SecP160R1Field,random,(Ljava/security/SecureRandom;[I)V,SecureRandomSpec_next2Event,Ljava/security/SecureRandom;.nextBytes:([B)V,000c,001a,backward,0,['SecureRandomSpec_next2Event']
me.diamondforge.tokn_19.apk,org.bouncycastle.math.ec.custom.sec.SecP160R2Field,random,(Ljava/security/SecureRandom;[I)V,SecureRandomSpec_next2Event,Ljava/security/SecureRandom;.nextBytes:([B)V,000c,001a,backward,0,['SecureRandomSpec_next2Event']
me.diamondforge.tokn_19.apk,org.bouncycastle.math.ec.custom.sec.SecP192K1Field,random,(Ljava/security/SecureRandom;[I)V,SecureRandomSpec_next2Event,Ljava/security/SecureRandom;.nextBytes:([B)V,000c,001a,backward,0,['SecureRandomSpec_next2Event']
me.diamondforge.tokn_19.apk,org.bouncycastle.math.ec.custom.sec.SecP192R1Field,random,(Ljava/security/SecureRandom;[I)V,SecureRandomSpec_next2Event,Ljava/security/SecureRandom;.nextBytes:([B)V,000c,001a,backward,0,['SecureRandomSpec_next2Event']
me.diamondforge.tokn_19.apk,org.bouncycastle.math.ec.custom.sec.SecP224K1Field,random,(Ljava/security/SecureRandom;[I)V,SecureRandomSpec_next2Event,Ljava/security/SecureRandom;.nextBytes:([B)V,000c,001a,backward,0,['SecureRandomSpec_next2Event']
me.diamondforge.tokn_19.apk,org.bouncycastle.math.ec.custom.sec.SecP224R1Field,random,(Ljava/security/SecureRandom;[I)V,SecureRandomSpec_next2Event,Ljava/security/SecureRandom;.nextBytes:([B)V,000c,001a,backward,0,['SecureRandomSpec_next2Event']
me.diamondforge.tokn_19.apk,org.bouncycastle.math.ec.custom.sec.SecP256K1Field,random,(Ljava/security/SecureRandom;[I)V,SecureRandomSpec_next2Event,Ljava/security/SecureRandom;.nextBytes:([B)V,000c,001b,backward,0,['SecureRandomSpec_next2Event']
me.diamondforge.tokn_19.apk,org.bouncycastle.math.ec.custom.sec.SecP256R1Field,random,(Ljava/security/SecureRandom;[I)V,SecureRandomSpec_next2Event,Ljava/security/SecureRandom;.nextBytes:([B)V,000c,001b,backward,0,['SecureRandomSpec_next2Event']
me.diamondforge.tokn_19.apk,org.bouncycastle.math.ec.custom.sec.SecP384R1Field,random,(Ljava/security/SecureRandom;[I)V,SecureRandomSpec_next2Event,Ljava/security/SecureRandom;.nextBytes:([B)V,000c,001b,backward,0,['SecureRandomSpec_next2Event']
me.diamondforge.tokn_19.apk,org.bouncycastle.math.ec.custom.sec.SecP521R1Field,random,(Ljava/security/SecureRandom;[I)V,SecureRandomSpec_next2Event,Ljava/security/SecureRandom;.nextBytes:([B)V,000c,0023,backward,0,['SecureRandomSpec_next2Event']
me.diamondforge.tokn_19.apk,org.bouncycastle.x509.X509Util,calculateSignature,(Lorg/bouncycastle/asn1/ASN1ObjectIdentifier;Ljava/lang/String;Ljava/lang/String;Ljava/security/PrivateKey;Ljava/security/SecureRandom;Lorg/bouncycastle/asn1/ASN1Encodable;)[B,SignatureSpec_i1Event,Ljava/security/Signature;.initSign:(Ljava/security/PrivateKey;)V,0017,000b,forward,0,['SignatureSpec_i1Event']
me.diamondforge.tokn_19.apk,org.bouncycastle.x509.X509Util,calculateSignature,(Lorg/bouncycastle/asn1/ASN1ObjectIdentifier;Ljava/lang/String;Ljava/security/PrivateKey;Ljava/security/SecureRandom;Lorg/bouncycastle/asn1/ASN1Encodable;)[B,SignatureSpec_i1Event,Ljava/security/Signature;.initSign:(Ljava/security/PrivateKey;)V,0017,000b,forward,0,['SignatureSpec_i1Event']
org.css_apps_m3.password_manager_16.apk,com.mysql.jdbc.ExportControlled,getSSLSocketFactoryDefaultOrConfigured,(Lcom/mysql/jdbc/MysqlIO;)Ljavax/net/ssl/SSLSocketFactory;,TrustManagerFactorySpec_initEvent,Ljavax/net/ssl/TrustManagerFactory;.init:(Ljava/security/KeyStore;)V,304,283,forward,0,['TrustManagerFactorySpec_initEvent']
org.fedorahosted.freeotp_48.apk,org.fedorahosted.freeotp.Token,getCode,(Ljava/security/Key;)Lorg/fedorahosted/freeotp/Code;,MacSpec_i1Event,Ljavax/crypto/Mac;.init:(Ljava/security/Key;)V,79,72,forward,1,['MacSpec_i1Event']
org.glpi.inventory.agent_39469.apk,com.google.android.gms.measurement.internal.zznv,zza,(Ljava/lang/String;J)Z,SecureRandomSpec_next1Event,Ljava/security/SecureRandom;.nextInt:(I)I,1a03,1990,forward,0,['SecureRandomSpec_next1Event']
org.hwyl.sexytopo_93.apk,com.google.android.gms.measurement.internal.zzpg,zzaH,(Ljava/lang/String;J)Z,SecureRandomSpec_next1Event,Ljava/security/SecureRandom;.nextInt:(I)I,0bc3,0b89,forward,0,['SecureRandomSpec_next1Event']
org.totschnig.myexpenses_858.apk,com.itextpdf.text.pdf.security.PdfPKCS7,initSignature,(Ljava/security/PrivateKey;)Ljava/security/Signature;,SignatureSpec_i1Event,Ljava/security/Signature;.initSign:(Ljava/security/PrivateKey;)V,001f,0011,forward,0,['SignatureSpec_i1Event']
org.totschnig.myexpenses_858.apk,com.itextpdf.text.pdf.security.PdfPKCS7,initSignature,(Ljava/security/PublicKey;)Ljava/security/Signature;,SignatureSpec_i4Event,Ljava/security/Signature;.initVerify:(Ljava/security/PublicKey;)V,0029,001f,forward,0,['SignatureSpec_i4Event']
rocks.poopjournal.metadataremover_20020.apk,com.tom_roush.pdfbox.pdmodel.encryption.SecurityHandler,createCipher,([B[BZ)Ljavax/crypto/Cipher;,IvChainJunctionSpec_useEvent|CipherSpec_i2Event,Ljavax/crypto/Cipher;.init:(ILjava/security/Key;Ljava/security/spec/AlgorithmParameterSpec;)V,0041,0035,forward,0,"['IvChainJunctionSpec_useEvent', 'CipherSpec_i2Event']"
rocks.poopjournal.metadataremover_20020.apk,org.apache.poi.poifs.crypt.CryptoFunctions,getCipher,(Ljava/security/Key;Lorg/apache/poi/poifs/crypt/CipherAlgorithm;Lorg/apache/poi/poifs/crypt/ChainingMode;[BILjava/lang/String;)Ljavax/crypto/Cipher;,IvChainJunctionSpec_useEvent|CipherSpec_i2Event,Ljavax/crypto/Cipher;.init:(ILjava/security/Key;Ljava/security/spec/AlgorithmParameterSpec;)V,00fd,00ea,forward,0,"['IvChainJunctionSpec_useEvent', 'CipherSpec_i2Event']"
rocks.poopjournal.metadataremover_20020.apk,org.apache.poi.poifs.crypt.binaryrc4.BinaryRC4Decryptor,initCipherForBlock,(Ljavax/crypto/Cipher;ILorg/apache/poi/poifs/crypt/EncryptionInfo;Ljavax/crypto/SecretKey;I)Ljavax/crypto/Cipher;,CipherSpec_i2Event,Ljavax/crypto/Cipher;.init:(ILjava/security/Key;)V,005f,0040,forward,0,['CipherSpec_i2Event']
rocks.poopjournal.metadataremover_20020.apk,org.apache.poi.poifs.crypt.cryptoapi.CryptoAPIDecryptor,initCipherForBlock,(Ljavax/crypto/Cipher;ILorg/apache/poi/poifs/crypt/EncryptionInfo;Ljavax/crypto/SecretKey;I)Ljavax/crypto/Cipher;,CipherSpec_i2Event,Ljavax/crypto/Cipher;.init:(ILjava/security/Key;)V,0093,007c,forward,0,['CipherSpec_i2Event']
rocks.poopjournal.metadataremover_20020.apk,org.bouncycastle.cert.crmf.jcajce.JceCRMFEncryptorBuilder$CRMFOutputEncryptor,<init>,(Lorg/bouncycastle/cert/crmf/jcajce/JceCRMFEncryptorBuilder;Lorg/bouncycastle/asn1/ASN1ObjectIdentifier;ILjava/security/SecureRandom;)V,KeyGeneratorSpec_initRandomSizeEvent,Ljavax/crypto/KeyGenerator;.init:(ILjava/security/SecureRandom;)V,0047,0038,forward,0,['KeyGeneratorSpec_initRandomSizeEvent']
rocks.poopjournal.metadataremover_20020.apk,org.bouncycastle.cms.jcajce.JceCMSContentEncryptorBuilder$CMSAuthOutputEncryptor,<init>,(Lorg/bouncycastle/cms/jcajce/JceCMSContentEncryptorBuilder;Lorg/bouncycastle/asn1/ASN1ObjectIdentifier;ILjava/security/AlgorithmParameters;Ljava/security/SecureRandom;)V,KeyGeneratorSpec_initRandomSizeEvent,Ljavax/crypto/KeyGenerator;.init:(ILjava/security/SecureRandom;)V,002a,001b,forward,0,['KeyGeneratorSpec_initRandomSizeEvent']
rocks.poopjournal.metadataremover_20020.apk,org.bouncycastle.cms.jcajce.JceCMSContentEncryptorBuilder$CMSOutputEncryptor,<init>,(Lorg/bouncycastle/cms/jcajce/JceCMSContentEncryptorBuilder;Lorg/bouncycastle/asn1/ASN1ObjectIdentifier;ILjava/security/AlgorithmParameters;Ljava/security/SecureRandom;)V,KeyGeneratorSpec_initRandomSizeEvent,Ljavax/crypto/KeyGenerator;.init:(ILjava/security/SecureRandom;)V,002a,001b,forward,0,['KeyGeneratorSpec_initRandomSizeEvent']
rocks.poopjournal.metadataremover_20020.apk,org.bouncycastle.cms.jcajce.JceCMSMacCalculatorBuilder$CMSMacCalculator,<init>,(Lorg/bouncycastle/cms/jcajce/JceCMSMacCalculatorBuilder;Lorg/bouncycastle/asn1/ASN1ObjectIdentifier;ILjava/security/AlgorithmParameters;Ljava/security/SecureRandom;)V,KeyGeneratorSpec_initRandomSizeEvent,Ljavax/crypto/KeyGenerator;.init:(ILjava/security/SecureRandom;)V,0036,0027,forward,0,['KeyGeneratorSpec_initRandomSizeEvent']
rocks.poopjournal.metadataremover_20020.apk,org.bouncycastle.est.jcajce.JcaJceUtils,createKeyManagerFactory,(Ljava/lang/String;Ljava/lang/String;Ljava/security/KeyStore;[C)Ljavax/net/ssl/KeyManagerFactory;,KeyManagerFactorySpec_initEvent,Ljavax/net/ssl/KeyManagerFactory;.init:(Ljava/security/KeyStore;[C)V,003a,0021|002a,forward,0,['KeyManagerFactorySpec_initEvent']
rocks.poopjournal.metadataremover_20020.apk,org.bouncycastle.jcajce.provider.asymmetric.x509.X509CRLImpl,checkSignature,(Ljava/security/PublicKey;Ljava/security/Signature;Lorg/bouncycastle/asn1/ASN1Encodable;[B)V,SignatureSpec_i4Event,Ljava/security/Signature;.initVerify:(Ljava/security/PublicKey;)V,001b,0010,forward,0,['SignatureSpec_i4Event']
rocks.poopjournal.metadataremover_20020.apk,org.bouncycastle.jce.PKCS10CertificationRequest,<init>,(Ljava/lang/String;Lorg/bouncycastle/asn1/x509/X509Name;Ljava/security/PublicKey;Lorg/bouncycastle/asn1/ASN1Set;Ljava/security/PrivateKey;Ljava/lang/String;)V,SignatureSpec_i1Event,Ljava/security/Signature;.initSign:(Ljava/security/PrivateKey;)V,0099,008d,forward,0,['SignatureSpec_i1Event']
rocks.poopjournal.metadataremover_20020.apk,org.bouncycastle.jce.netscape.NetscapeCertRequest,sign,(Ljava/security/PrivateKey;Ljava/security/SecureRandom;)V,SignatureSpec_i1Event,Ljava/security/Signature;.initSign:(Ljava/security/PrivateKey;)V,002a,001a,forward,0,['SignatureSpec_i1Event']
rocks.poopjournal.metadataremover_20020.apk,org.bouncycastle.math.ec.custom.djb.Curve25519Field,random,(Ljava/security/SecureRandom;[I)V,SecureRandomSpec_next2Event,Ljava/security/SecureRandom;.nextBytes:([B)V,0015,0033,backward,0,['SecureRandomSpec_next2Event']
rocks.poopjournal.metadataremover_20020.apk,org.bouncycastle.math.ec.custom.gm.SM2P256V1Field,random,(Ljava/security/SecureRandom;[I)V,SecureRandomSpec_next2Event,Ljava/security/SecureRandom;.nextBytes:([B)V,0015,002a,backward,0,['SecureRandomSpec_next2Event']
rocks.poopjournal.metadataremover_20020.apk,org.bouncycastle.math.ec.custom.sec.SecP128R1Field,random,(Ljava/security/SecureRandom;[I)V,SecureRandomSpec_next2Event,Ljava/security/SecureRandom;.nextBytes:([B)V,0015,0029,backward,0,['SecureRandomSpec_next2Event']
rocks.poopjournal.metadataremover_20020.apk,org.bouncycastle.math.ec.custom.sec.SecP160R1Field,random,(Ljava/security/SecureRandom;[I)V,SecureRandomSpec_next2Event,Ljava/security/SecureRandom;.nextBytes:([B)V,0015,0029,backward,0,['SecureRandomSpec_next2Event']
rocks.poopjournal.metadataremover_20020.apk,org.bouncycastle.math.ec.custom.sec.SecP160R2Field,random,(Ljava/security/SecureRandom;[I)V,SecureRandomSpec_next2Event,Ljava/security/SecureRandom;.nextBytes:([B)V,0015,0029,backward,0,['SecureRandomSpec_next2Event']
rocks.poopjournal.metadataremover_20020.apk,org.bouncycastle.math.ec.custom.sec.SecP192K1Field,random,(Ljava/security/SecureRandom;[I)V,SecureRandomSpec_next2Event,Ljava/security/SecureRandom;.nextBytes:([B)V,0015,0029,backward,0,['SecureRandomSpec_next2Event']
rocks.poopjournal.metadataremover_20020.apk,org.bouncycastle.math.ec.custom.sec.SecP192R1Field,random,(Ljava/security/SecureRandom;[I)V,SecureRandomSpec_next2Event,Ljava/security/SecureRandom;.nextBytes:([B)V,0015,0029,backward,0,['SecureRandomSpec_next2Event']
rocks.poopjournal.metadataremover_20020.apk,org.bouncycastle.math.ec.custom.sec.SecP224K1Field,random,(Ljava/security/SecureRandom;[I)V,SecureRandomSpec_next2Event,Ljava/security/SecureRandom;.nextBytes:([B)V,0015,0029,backward,0,['SecureRandomSpec_next2Event']
rocks.poopjournal.metadataremover_20020.apk,org.bouncycastle.math.ec.custom.sec.SecP224R1Field,random,(Ljava/security/SecureRandom;[I)V,SecureRandomSpec_next2Event,Ljava/security/SecureRandom;.nextBytes:([B)V,0015,0029,backward,0,['SecureRandomSpec_next2Event']
rocks.poopjournal.metadataremover_20020.apk,org.bouncycastle.math.ec.custom.sec.SecP256K1Field,random,(Ljava/security/SecureRandom;[I)V,SecureRandomSpec_next2Event,Ljava/security/SecureRandom;.nextBytes:([B)V,0015,002a,backward,0,['SecureRandomSpec_next2Event']
rocks.poopjournal.metadataremover_20020.apk,org.bouncycastle.math.ec.custom.sec.SecP256R1Field,random,(Ljava/security/SecureRandom;[I)V,SecureRandomSpec_next2Event,Ljava/security/SecureRandom;.nextBytes:([B)V,0015,002a,backward,0,['SecureRandomSpec_next2Event']
rocks.poopjournal.metadataremover_20020.apk,org.bouncycastle.math.ec.custom.sec.SecP384R1Field,random,(Ljava/security/SecureRandom;[I)V,SecureRandomSpec_next2Event,Ljava/security/SecureRandom;.nextBytes:([B)V,0015,002a,backward,0,['SecureRandomSpec_next2Event']
rocks.poopjournal.metadataremover_20020.apk,org.bouncycastle.math.ec.custom.sec.SecP521R1Field,random,(Ljava/security/SecureRandom;[I)V,SecureRandomSpec_next2Event,Ljava/security/SecureRandom;.nextBytes:([B)V,0015,0032,backward,0,['SecureRandomSpec_next2Event']
rocks.poopjournal.metadataremover_20020.apk,org.bouncycastle.openssl.jcajce.PEMUtilities,crypt,(ZLorg/bouncycastle/jcajce/util/JcaJceHelper;[B[CLjava/lang/String;[B)[B,IvChainJunctionSpec_useEvent|CipherSpec_i2Event,Ljavax/crypto/Cipher;.init:(ILjava/security/Key;Ljava/security/spec/AlgorithmParameterSpec;)V,01b8,01a5,forward,0,"['IvChainJunctionSpec_useEvent', 'CipherSpec_i2Event']"
rocks.poopjournal.metadataremover_20020.apk,org.bouncycastle.operator.jcajce.JcaContentSignerBuilder,build,(Ljava/security/PrivateKey;)Lorg/bouncycastle/operator/ContentSigner;,SignatureSpec_i1Event,Ljava/security/Signature;.initSign:(Ljava/security/PrivateKey;)V,0070,005e,forward,0,['SignatureSpec_i1Event']
rocks.poopjournal.metadataremover_20020.apk,org.bouncycastle.operator.jcajce.JcaContentVerifierProviderBuilder,createRawSig,(Lorg/bouncycastle/asn1/x509/AlgorithmIdentifier;Ljava/security/PublicKey;)Ljava/security/Signature;,SignatureSpec_i4Event,Ljava/security/Signature;.initVerify:(Ljava/security/PublicKey;)V,001a,0010,forward,0,['SignatureSpec_i4Event']
rocks.poopjournal.metadataremover_20020.apk,org.bouncycastle.x509.X509Util,calculateSignature,(Lorg/bouncycastle/asn1/ASN1ObjectIdentifier;Ljava/lang/String;Ljava/lang/String;Ljava/security/PrivateKey;Ljava/security/SecureRandom;Lorg/bouncycastle/asn1/ASN1Encodable;)[B,SignatureSpec_i1Event,Ljava/security/Signature;.initSign:(Ljava/security/PrivateKey;)V,0020,0010,forward,0,['SignatureSpec_i1Event']
rocks.poopjournal.metadataremover_20020.apk,org.bouncycastle.x509.X509Util,calculateSignature,(Lorg/bouncycastle/asn1/ASN1ObjectIdentifier;Ljava/lang/String;Ljava/security/PrivateKey;Ljava/security/SecureRandom;Lorg/bouncycastle/asn1/ASN1Encodable;)[B,SignatureSpec_i1Event,Ljava/security/Signature;.initSign:(Ljava/security/PrivateKey;)V,0020,0010,forward,0,['SignatureSpec_i1Event']
swati4star.createpdf_110.apk,com.itextpdf.text.pdf.security.PdfPKCS7,initSignature,(Ljava/security/PrivateKey;)Ljava/security/Signature;,SignatureSpec_i1Event,Ljava/security/Signature;.initSign:(Ljava/security/PrivateKey;)V,001f,0011,forward,0,['SignatureSpec_i1Event']
swati4star.createpdf_110.apk,com.itextpdf.text.pdf.security.PdfPKCS7,initSignature,(Ljava/security/PublicKey;)Ljava/security/Signature;,SignatureSpec_i4Event,Ljava/security/Signature;.initVerify:(Ljava/security/PublicKey;)V,0029,001f,forward,0,['SignatureSpec_i4Event']
swati4star.createpdf_110.apk,org.bouncycastle.cert.crmf.jcajce.JceCRMFEncryptorBuilder$CRMFOutputEncryptor,<init>,(Lorg/bouncycastle/cert/crmf/jcajce/JceCRMFEncryptorBuilder;Lorg/bouncycastle/asn1/ASN1ObjectIdentifier;ILjava/security/SecureRandom;)V,KeyGeneratorSpec_initRandomSizeEvent,Ljavax/crypto/KeyGenerator;.init:(ILjava/security/SecureRandom;)V,0032,0026,forward,0,['KeyGeneratorSpec_initRandomSizeEvent']
swati4star.createpdf_110.apk,org.bouncycastle.cms.jcajce.JceCMSContentEncryptorBuilder$CMSOutputEncryptor,<init>,(Lorg/bouncycastle/cms/jcajce/JceCMSContentEncryptorBuilder;Lorg/bouncycastle/asn1/ASN1ObjectIdentifier;ILjava/security/AlgorithmParameters;Ljava/security/SecureRandom;)V,KeyGeneratorSpec_initRandomSizeEvent,Ljavax/crypto/KeyGenerator;.init:(ILjava/security/SecureRandom;)V,0022,0016,forward,0,['KeyGeneratorSpec_initRandomSizeEvent']
swati4star.createpdf_110.apk,org.bouncycastle.cms.jcajce.JceCMSMacCalculatorBuilder$CMSMacCalculator,<init>,(Lorg/bouncycastle/cms/jcajce/JceCMSMacCalculatorBuilder;Lorg/bouncycastle/asn1/ASN1ObjectIdentifier;ILjava/security/AlgorithmParameters;Ljava/security/SecureRandom;)V,KeyGeneratorSpec_initRandomSizeEvent,Ljavax/crypto/KeyGenerator;.init:(ILjava/security/SecureRandom;)V,0028,001c,forward,0,['KeyGeneratorSpec_initRandomSizeEvent']
swati4star.createpdf_110.apk,org.bouncycastle.est.jcajce.JcaJceUtils,createKeyManagerFactory,(Ljava/lang/String;Ljava/lang/String;Ljava/security/KeyStore;[C)Ljavax/net/ssl/KeyManagerFactory;,KeyManagerFactorySpec_initEvent,Ljavax/net/ssl/KeyManagerFactory;.init:(Ljava/security/KeyStore;[C)V,001c,0014,forward,0,['KeyManagerFactorySpec_initEvent']
swati4star.createpdf_110.apk,org.bouncycastle.jcajce.provider.asymmetric.x509.X509CRLImpl,checkSignature,(Ljava/security/PublicKey;Ljava/security/Signature;Lorg/bouncycastle/asn1/ASN1Encodable;[B)V,SignatureSpec_i4Event,Ljava/security/Signature;.initVerify:(Ljava/security/PublicKey;)V,000d,0005,forward,0,['SignatureSpec_i4Event']
swati4star.createpdf_110.apk,org.bouncycastle.jcajce.provider.keystore.pkcs12.PKCS12KeyStoreSpi,createCipher,(I[CLorg/bouncycastle/asn1/x509/AlgorithmIdentifier;)Ljavax/crypto/Cipher;,IvChainJunctionSpec_useEvent|CipherSpec_i2Event,Ljavax/crypto/Cipher;.init:(ILjava/security/Key;Ljava/security/spec/AlgorithmParameterSpec;)V,00b8,00a0,forward,0,"['IvChainJunctionSpec_useEvent', 'CipherSpec_i2Event']"
swati4star.createpdf_110.apk,org.bouncycastle.jce.PKCS10CertificationRequest,<init>,(Ljava/lang/String;Lorg/bouncycastle/asn1/x509/X509Name;Ljava/security/PublicKey;Lorg/bouncycastle/asn1/ASN1Set;Ljava/security/PrivateKey;Ljava/lang/String;)V,SignatureSpec_i1Event,Ljava/security/Signature;.initSign:(Ljava/security/PrivateKey;)V,007d,0075,forward,0,['SignatureSpec_i1Event']
swati4star.createpdf_110.apk,org.bouncycastle.jce.netscape.NetscapeCertRequest,sign,(Ljava/security/PrivateKey;Ljava/security/SecureRandom;)V,SignatureSpec_i1Event,Ljava/security/Signature;.initSign:(Ljava/security/PrivateKey;)V,0021,0015,forward,0,['SignatureSpec_i1Event']
swati4star.createpdf_110.apk,org.bouncycastle.math.ec.custom.djb.Curve25519Field,random,(Ljava/security/SecureRandom;[I)V,SecureRandomSpec_next2Event,Ljava/security/SecureRandom;.nextBytes:([B)V,000c,0024,backward,0,['SecureRandomSpec_next2Event']
swati4star.createpdf_110.apk,org.bouncycastle.math.ec.custom.gm.SM2P256V1Field,random,(Ljava/security/SecureRandom;[I)V,SecureRandomSpec_next2Event,Ljava/security/SecureRandom;.nextBytes:([B)V,000c,001b,backward,0,['SecureRandomSpec_next2Event']
swati4star.createpdf_110.apk,org.bouncycastle.math.ec.custom.sec.SecP128R1Field,random,(Ljava/security/SecureRandom;[I)V,SecureRandomSpec_next2Event,Ljava/security/SecureRandom;.nextBytes:([B)V,000c,001a,backward,0,['SecureRandomSpec_next2Event']
swati4star.createpdf_110.apk,org.bouncycastle.math.ec.custom.sec.SecP160R1Field,random,(Ljava/security/SecureRandom;[I)V,SecureRandomSpec_next2Event,Ljava/security/SecureRandom;.nextBytes:([B)V,000c,001a,backward,0,['SecureRandomSpec_next2Event']
swati4star.createpdf_110.apk,org.bouncycastle.math.ec.custom.sec.SecP160R2Field,random,(Ljava/security/SecureRandom;[I)V,SecureRandomSpec_next2Event,Ljava/security/SecureRandom;.nextBytes:([B)V,000c,001a,backward,0,['SecureRandomSpec_next2Event']
swati4star.createpdf_110.apk,org.bouncycastle.math.ec.custom.sec.SecP192K1Field,random,(Ljava/security/SecureRandom;[I)V,SecureRandomSpec_next2Event,Ljava/security/SecureRandom;.nextBytes:([B)V,000c,001a,backward,0,['SecureRandomSpec_next2Event']
swati4star.createpdf_110.apk,org.bouncycastle.math.ec.custom.sec.SecP192R1Field,random,(Ljava/security/SecureRandom;[I)V,SecureRandomSpec_next2Event,Ljava/security/SecureRandom;.nextBytes:([B)V,000c,001a,backward,0,['SecureRandomSpec_next2Event']
swati4star.createpdf_110.apk,org.bouncycastle.math.ec.custom.sec.SecP224K1Field,random,(Ljava/security/SecureRandom;[I)V,SecureRandomSpec_next2Event,Ljava/security/SecureRandom;.nextBytes:([B)V,000c,001a,backward,0,['SecureRandomSpec_next2Event']
swati4star.createpdf_110.apk,org.bouncycastle.math.ec.custom.sec.SecP224R1Field,random,(Ljava/security/SecureRandom;[I)V,SecureRandomSpec_next2Event,Ljava/security/SecureRandom;.nextBytes:([B)V,000c,001a,backward,0,['SecureRandomSpec_next2Event']
swati4star.createpdf_110.apk,org.bouncycastle.math.ec.custom.sec.SecP256K1Field,random,(Ljava/security/SecureRandom;[I)V,SecureRandomSpec_next2Event,Ljava/security/SecureRandom;.nextBytes:([B)V,000c,001b,backward,0,['SecureRandomSpec_next2Event']
swati4star.createpdf_110.apk,org.bouncycastle.math.ec.custom.sec.SecP256R1Field,random,(Ljava/security/SecureRandom;[I)V,SecureRandomSpec_next2Event,Ljava/security/SecureRandom;.nextBytes:([B)V,000c,001b,backward,0,['SecureRandomSpec_next2Event']
swati4star.createpdf_110.apk,org.bouncycastle.math.ec.custom.sec.SecP384R1Field,random,(Ljava/security/SecureRandom;[I)V,SecureRandomSpec_next2Event,Ljava/security/SecureRandom;.nextBytes:([B)V,000c,001b,backward,0,['SecureRandomSpec_next2Event']
swati4star.createpdf_110.apk,org.bouncycastle.math.ec.custom.sec.SecP521R1Field,random,(Ljava/security/SecureRandom;[I)V,SecureRandomSpec_next2Event,Ljava/security/SecureRandom;.nextBytes:([B)V,000c,0023,backward,0,['SecureRandomSpec_next2Event']
swati4star.createpdf_110.apk,org.bouncycastle.openssl.jcajce.JceOpenSSLPKCS8DecryptorProviderBuilder$1,get,(Lorg/bouncycastle/asn1/x509/AlgorithmIdentifier;)Lorg/bouncycastle/operator/InputDecryptor;,CipherSpec_i2Event,Ljavax/crypto/Cipher;.init:(ILjava/security/Key;)V,00c8,0108,backward,0,['CipherSpec_i2Event']
swati4star.createpdf_110.apk,org.bouncycastle.openssl.jcajce.PEMUtilities,crypt,(ZLorg/bouncycastle/jcajce/util/JcaJceHelper;[B[CLjava/lang/String;[B)[B,IvChainJunctionSpec_useEvent|CipherSpec_i2Event,Ljavax/crypto/Cipher;.init:(ILjava/security/Key;Ljava/security/spec/AlgorithmParameterSpec;)V,0130,0121,forward,0,"['IvChainJunctionSpec_useEvent', 'CipherSpec_i2Event']"
swati4star.createpdf_110.apk,org.bouncycastle.operator.jcajce.JcaContentSignerBuilder,build,(Ljava/security/PrivateKey;)Lorg/bouncycastle/operator/ContentSigner;,SignatureSpec_i1Event,Ljava/security/Signature;.initSign:(Ljava/security/PrivateKey;)V,002a,001c,forward,0,['SignatureSpec_i1Event']
swati4star.createpdf_110.apk,org.bouncycastle.operator.jcajce.JceInputDecryptorProviderBuilder$1,get,(Lorg/bouncycastle/asn1/x509/AlgorithmIdentifier;)Lorg/bouncycastle/operator/InputDecryptor;,IvChainJunctionSpec_useEvent|CipherSpec_i2Event,Ljavax/crypto/Cipher;.init:(ILjava/security/Key;Ljava/security/spec/AlgorithmParameterSpec;)V,004a,0061,backward,0,"['IvChainJunctionSpec_useEvent', 'CipherSpec_i2Event']"
swati4star.createpdf_110.apk,org.bouncycastle.x509.X509Util,calculateSignature,(Lorg/bouncycastle/asn1/ASN1ObjectIdentifier;Ljava/lang/String;Ljava/lang/String;Ljava/security/PrivateKey;Ljava/security/SecureRandom;Lorg/bouncycastle/asn1/ASN1Encodable;)[B,SignatureSpec_i1Event,Ljava/security/Signature;.initSign:(Ljava/security/PrivateKey;)V,0017,000b,forward,0,['SignatureSpec_i1Event']
swati4star.createpdf_110.apk,org.bouncycastle.x509.X509Util,calculateSignature,(Lorg/bouncycastle/asn1/ASN1ObjectIdentifier;Ljava/lang/String;Ljava/security/PrivateKey;Ljava/security/SecureRandom;Lorg/bouncycastle/asn1/ASN1Encodable;)[B,SignatureSpec_i1Event,Ljava/security/Signature;.initSign:(Ljava/security/PrivateKey;)V,0017,000b,forward,0,['SignatureSpec_i1Event']
systems.sieber.droid_scep_7.apk,org.bouncycastle.cert.crmf.jcajce.JceCRMFEncryptorBuilder$CRMFOutputEncryptor,<init>,(Lorg/bouncycastle/cert/crmf/jcajce/JceCRMFEncryptorBuilder;Lorg/bouncycastle/asn1/ASN1ObjectIdentifier;ILjava/security/SecureRandom;)V,KeyGeneratorSpec_initRandomSizeEvent,Ljavax/crypto/KeyGenerator;.init:(ILjava/security/SecureRandom;)V,0032,0026,forward,0,['KeyGeneratorSpec_initRandomSizeEvent']
systems.sieber.droid_scep_7.apk,org.bouncycastle.cms.jcajce.JceCMSContentEncryptorBuilder$CMSOutEncryptor,init,(Lorg/bouncycastle/asn1/ASN1ObjectIdentifier;Lorg/bouncycastle/asn1/ASN1ObjectIdentifier;ILjava/security/AlgorithmParameters;Ljava/security/SecureRandom;)V,KeyGeneratorSpec_initRandomSizeEvent,Ljavax/crypto/KeyGenerator;.init:(ILjava/security/SecureRandom;)V,001f,0013,forward,0,['KeyGeneratorSpec_initRandomSizeEvent']
systems.sieber.droid_scep_7.apk,org.bouncycastle.cms.jcajce.JceCMSMacCalculatorBuilder$CMSMacCalculator,<init>,(Lorg/bouncycastle/cms/jcajce/JceCMSMacCalculatorBuilder;Lorg/bouncycastle/asn1/ASN1ObjectIdentifier;ILjava/security/AlgorithmParameters;Ljava/security/SecureRandom;)V,KeyGeneratorSpec_initRandomSizeEvent,Ljavax/crypto/KeyGenerator;.init:(ILjava/security/SecureRandom;)V,0028,001c,forward,0,['KeyGeneratorSpec_initRandomSizeEvent']
systems.sieber.droid_scep_7.apk,org.bouncycastle.est.jcajce.JcaJceUtils,createKeyManagerFactory,(Ljava/lang/String;Ljava/lang/String;Ljava/security/KeyStore;[C)Ljavax/net/ssl/KeyManagerFactory;,KeyManagerFactorySpec_initEvent,Ljavax/net/ssl/KeyManagerFactory;.init:(Ljava/security/KeyStore;[C)V,001c,0014,forward,0,['KeyManagerFactorySpec_initEvent']
systems.sieber.droid_scep_7.apk,org.bouncycastle.jcajce.provider.keystore.pkcs12.PKCS12KeyStoreSpi,createCipher,(I[CLorg/bouncycastle/asn1/x509/AlgorithmIdentifier;)Ljavax/crypto/Cipher;,IvChainJunctionSpec_useEvent|CipherSpec_i2Event,Ljavax/crypto/Cipher;.init:(ILjava/security/Key;Ljava/security/spec/AlgorithmParameterSpec;)V,00ad,00cf,backward,0,"['IvChainJunctionSpec_useEvent', 'CipherSpec_i2Event']"
systems.sieber.droid_scep_7.apk,org.bouncycastle.jce.PKCS10CertificationRequest,<init>,(Ljava/lang/String;Lorg/bouncycastle/asn1/x509/X509Name;Ljava/security/PublicKey;Lorg/bouncycastle/asn1/ASN1Set;Ljava/security/PrivateKey;Ljava/lang/String;)V,SignatureSpec_i1Event,Ljava/security/Signature;.initSign:(Ljava/security/PrivateKey;)V,007c,0074,forward,0,['SignatureSpec_i1Event']
systems.sieber.droid_scep_7.apk,org.bouncycastle.jce.netscape.NetscapeCertRequest,sign,(Ljava/security/PrivateKey;Ljava/security/SecureRandom;)V,SignatureSpec_i1Event,Ljava/security/Signature;.initSign:(Ljava/security/PrivateKey;)V,0021,0015,forward,0,['SignatureSpec_i1Event']
systems.sieber.droid_scep_7.apk,org.bouncycastle.math.ec.custom.djb.Curve25519Field,random,(Ljava/security/SecureRandom;[I)V,SecureRandomSpec_next2Event,Ljava/security/SecureRandom;.nextBytes:([B)V,000c,0024,backward,0,['SecureRandomSpec_next2Event']
systems.sieber.droid_scep_7.apk,org.bouncycastle.math.ec.custom.gm.SM2P256V1Field,random,(Ljava/security/SecureRandom;[I)V,SecureRandomSpec_next2Event,Ljava/security/SecureRandom;.nextBytes:([B)V,000c,001b,backward,0,['SecureRandomSpec_next2Event']
systems.sieber.droid_scep_7.apk,org.bouncycastle.math.ec.custom.sec.SecP128R1Field,random,(Ljava/security/SecureRandom;[I)V,SecureRandomSpec_next2Event,Ljava/security/SecureRandom;.nextBytes:([B)V,000c,001a,backward,0,['SecureRandomSpec_next2Event']
systems.sieber.droid_scep_7.apk,org.bouncycastle.math.ec.custom.sec.SecP160R1Field,random,(Ljava/security/SecureRandom;[I)V,SecureRandomSpec_next2Event,Ljava/security/SecureRandom;.nextBytes:([B)V,000c,001a,backward,0,['SecureRandomSpec_next2Event']
systems.sieber.droid_scep_7.apk,org.bouncycastle.math.ec.custom.sec.SecP160R2Field,random,(Ljava/security/SecureRandom;[I)V,SecureRandomSpec_next2Event,Ljava/security/SecureRandom;.nextBytes:([B)V,000c,001a,backward,0,['SecureRandomSpec_next2Event']
systems.sieber.droid_scep_7.apk,org.bouncycastle.math.ec.custom.sec.SecP192K1Field,random,(Ljava/security/SecureRandom;[I)V,SecureRandomSpec_next2Event,Ljava/security/SecureRandom;.nextBytes:([B)V,000c,001a,backward,0,['SecureRandomSpec_next2Event']
systems.sieber.droid_scep_7.apk,org.bouncycastle.math.ec.custom.sec.SecP192R1Field,random,(Ljava/security/SecureRandom;[I)V,SecureRandomSpec_next2Event,Ljava/security/SecureRandom;.nextBytes:([B)V,000c,001a,backward,0,['SecureRandomSpec_next2Event']
systems.sieber.droid_scep_7.apk,org.bouncycastle.math.ec.custom.sec.SecP224K1Field,random,(Ljava/security/SecureRandom;[I)V,SecureRandomSpec_next2Event,Ljava/security/SecureRandom;.nextBytes:([B)V,000c,001a,backward,0,['SecureRandomSpec_next2Event']
systems.sieber.droid_scep_7.apk,org.bouncycastle.math.ec.custom.sec.SecP224R1Field,random,(Ljava/security/SecureRandom;[I)V,SecureRandomSpec_next2Event,Ljava/security/SecureRandom;.nextBytes:([B)V,000c,001a,backward,0,['SecureRandomSpec_next2Event']
systems.sieber.droid_scep_7.apk,org.bouncycastle.math.ec.custom.sec.SecP256K1Field,random,(Ljava/security/SecureRandom;[I)V,SecureRandomSpec_next2Event,Ljava/security/SecureRandom;.nextBytes:([B)V,000c,001b,backward,0,['SecureRandomSpec_next2Event']
systems.sieber.droid_scep_7.apk,org.bouncycastle.math.ec.custom.sec.SecP256R1Field,random,(Ljava/security/SecureRandom;[I)V,SecureRandomSpec_next2Event,Ljava/security/SecureRandom;.nextBytes:([B)V,000c,001b,backward,0,['SecureRandomSpec_next2Event']
systems.sieber.droid_scep_7.apk,org.bouncycastle.math.ec.custom.sec.SecP384R1Field,random,(Ljava/security/SecureRandom;[I)V,SecureRandomSpec_next2Event,Ljava/security/SecureRandom;.nextBytes:([B)V,000c,001b,backward,0,['SecureRandomSpec_next2Event']
systems.sieber.droid_scep_7.apk,org.bouncycastle.math.ec.custom.sec.SecP521R1Field,random,(Ljava/security/SecureRandom;[I)V,SecureRandomSpec_next2Event,Ljava/security/SecureRandom;.nextBytes:([B)V,000c,0023,backward,0,['SecureRandomSpec_next2Event']
systems.sieber.droid_scep_7.apk,org.bouncycastle.openssl.jcajce.JceOpenSSLPKCS8DecryptorProviderBuilder$1,get,(Lorg/bouncycastle/asn1/x509/AlgorithmIdentifier;)Lorg/bouncycastle/operator/InputDecryptor;,CipherSpec_i2Event,Ljavax/crypto/Cipher;.init:(ILjava/security/Key;)V,00d1,0111,backward,0,['CipherSpec_i2Event']
systems.sieber.droid_scep_7.apk,org.bouncycastle.openssl.jcajce.PEMUtilities,crypt,(ZLorg/bouncycastle/jcajce/util/JcaJceHelper;[B[CLjava/lang/String;[B)[B,IvChainJunctionSpec_useEvent|CipherSpec_i2Event,Ljavax/crypto/Cipher;.init:(ILjava/security/Key;Ljava/security/spec/AlgorithmParameterSpec;)V,0132,0123,forward,0,"['IvChainJunctionSpec_useEvent', 'CipherSpec_i2Event']"
systems.sieber.droid_scep_7.apk,org.bouncycastle.operator.jcajce.JcaContentSignerBuilder,build,(Ljava/security/PrivateKey;)Lorg/bouncycastle/operator/ContentSigner;,SignatureSpec_i1Event,Ljava/security/Signature;.initSign:(Ljava/security/PrivateKey;)V,0076,0068,forward,0,['SignatureSpec_i1Event']
systems.sieber.droid_scep_7.apk,org.bouncycastle.operator.jcajce.JceInputDecryptorProviderBuilder$1,get,(Lorg/bouncycastle/asn1/x509/AlgorithmIdentifier;)Lorg/bouncycastle/operator/InputDecryptor;,IvChainJunctionSpec_useEvent|CipherSpec_i2Event,Ljavax/crypto/Cipher;.init:(ILjava/security/Key;Ljava/security/spec/AlgorithmParameterSpec;)V,004a,0061,backward,0,"['IvChainJunctionSpec_useEvent', 'CipherSpec_i2Event']"
systems.sieber.droid_scep_7.apk,org.bouncycastle.x509.X509Util,calculateSignature,(Lorg/bouncycastle/asn1/ASN1ObjectIdentifier;Ljava/lang/String;Ljava/lang/String;Ljava/security/PrivateKey;Ljava/security/SecureRandom;Lorg/bouncycastle/asn1/ASN1Encodable;)[B,SignatureSpec_i1Event,Ljava/security/Signature;.initSign:(Ljava/security/PrivateKey;)V,0017,000b,forward,0,['SignatureSpec_i1Event']
systems.sieber.droid_scep_7.apk,org.bouncycastle.x509.X509Util,calculateSignature,(Lorg/bouncycastle/asn1/ASN1ObjectIdentifier;Ljava/lang/String;Ljava/security/PrivateKey;Ljava/security/SecureRandom;Lorg/bouncycastle/asn1/ASN1Encodable;)[B,SignatureSpec_i1Event,Ljava/security/Signature;.initSign:(Ljava/security/PrivateKey;)V,0017,000b,forward,0,['SignatureSpec_i1Event']
ua.acclorite.book_story_14.apk,com.tom_roush.pdfbox.pdmodel.encryption.SecurityHandler,createCipher,([B[BZ)Ljavax/crypto/Cipher;,IvChainJunctionSpec_useEvent|CipherSpec_i2Event,Ljavax/crypto/Cipher;.init:(ILjava/security/Key;Ljava/security/spec/AlgorithmParameterSpec;)V,0028,0020,forward,0,"['IvChainJunctionSpec_useEvent', 'CipherSpec_i2Event']"
ua.acclorite.book_story_14.apk,org.bouncycastle.cert.crmf.jcajce.JceCRMFEncryptorBuilder$CRMFOutputEncryptor,<init>,(Lorg/bouncycastle/cert/crmf/jcajce/JceCRMFEncryptorBuilder;Lorg/bouncycastle/asn1/ASN1ObjectIdentifier;ILjava/security/SecureRandom;)V,KeyGeneratorSpec_initRandomSizeEvent,Ljavax/crypto/KeyGenerator;.init:(ILjava/security/SecureRandom;)V,0032,0026,forward,0,['KeyGeneratorSpec_initRandomSizeEvent']
ua.acclorite.book_story_14.apk,org.bouncycastle.cms.jcajce.JceCMSContentEncryptorBuilder$CMSAuthOutputEncryptor,<init>,(Lorg/bouncycastle/cms/jcajce/JceCMSContentEncryptorBuilder;Lorg/bouncycastle/asn1/ASN1ObjectIdentifier;ILjava/security/AlgorithmParameters;Ljava/security/SecureRandom;)V,KeyGeneratorSpec_initRandomSizeEvent,Ljavax/crypto/KeyGenerator;.init:(ILjava/security/SecureRandom;)V,0022,0016,forward,0,['KeyGeneratorSpec_initRandomSizeEvent']
ua.acclorite.book_story_14.apk,org.bouncycastle.cms.jcajce.JceCMSContentEncryptorBuilder$CMSOutputEncryptor,<init>,(Lorg/bouncycastle/cms/jcajce/JceCMSContentEncryptorBuilder;Lorg/bouncycastle/asn1/ASN1ObjectIdentifier;ILjava/security/AlgorithmParameters;Ljava/security/SecureRandom;)V,KeyGeneratorSpec_initRandomSizeEvent,Ljavax/crypto/KeyGenerator;.init:(ILjava/security/SecureRandom;)V,0022,0016,forward,0,['KeyGeneratorSpec_initRandomSizeEvent']
ua.acclorite.book_story_14.apk,org.bouncycastle.cms.jcajce.JceCMSMacCalculatorBuilder$CMSMacCalculator,<init>,(Lorg/bouncycastle/cms/jcajce/JceCMSMacCalculatorBuilder;Lorg/bouncycastle/asn1/ASN1ObjectIdentifier;ILjava/security/AlgorithmParameters;Ljava/security/SecureRandom;)V,KeyGeneratorSpec_initRandomSizeEvent,Ljavax/crypto/KeyGenerator;.init:(ILjava/security/SecureRandom;)V,0028,001c,forward,0,['KeyGeneratorSpec_initRandomSizeEvent']
ua.acclorite.book_story_14.apk,org.bouncycastle.est.jcajce.JcaJceUtils,createKeyManagerFactory,(Ljava/lang/String;Ljava/lang/String;Ljava/security/KeyStore;[C)Ljavax/net/ssl/KeyManagerFactory;,KeyManagerFactorySpec_initEvent,Ljavax/net/ssl/KeyManagerFactory;.init:(Ljava/security/KeyStore;[C)V,001c,0014,forward,0,['KeyManagerFactorySpec_initEvent']
ua.acclorite.book_story_14.apk,org.bouncycastle.jcajce.provider.asymmetric.x509.X509CRLImpl,checkSignature,(Ljava/security/PublicKey;Ljava/security/Signature;Lorg/bouncycastle/asn1/ASN1Encodable;[B)V,SignatureSpec_i4Event,Ljava/security/Signature;.initVerify:(Ljava/security/PublicKey;)V,000d,0005,forward,0,['SignatureSpec_i4Event']
ua.acclorite.book_story_14.apk,org.bouncycastle.jcajce.provider.keystore.pkcs12.PKCS12KeyStoreSpi,createCipher,(I[CLorg/bouncycastle/asn1/x509/AlgorithmIdentifier;)Ljavax/crypto/Cipher;,IvChainJunctionSpec_useEvent|CipherSpec_i2Event,Ljavax/crypto/Cipher;.init:(ILjava/security/Key;Ljava/security/spec/AlgorithmParameterSpec;)V,00ba,00a2,forward,0,"['IvChainJunctionSpec_useEvent', 'CipherSpec_i2Event']"
ua.acclorite.book_story_14.apk,org.bouncycastle.jce.PKCS10CertificationRequest,<init>,(Ljava/lang/String;Lorg/bouncycastle/asn1/x509/X509Name;Ljava/security/PublicKey;Lorg/bouncycastle/asn1/ASN1Set;Ljava/security/PrivateKey;Ljava/lang/String;)V,SignatureSpec_i1Event,Ljava/security/Signature;.initSign:(Ljava/security/PrivateKey;)V,007d,0075,forward,0,['SignatureSpec_i1Event']
ua.acclorite.book_story_14.apk,org.bouncycastle.jce.netscape.NetscapeCertRequest,sign,(Ljava/security/PrivateKey;Ljava/security/SecureRandom;)V,SignatureSpec_i1Event,Ljava/security/Signature;.initSign:(Ljava/security/PrivateKey;)V,0021,0015,forward,0,['SignatureSpec_i1Event']
ua.acclorite.book_story_14.apk,org.bouncycastle.math.ec.custom.djb.Curve25519Field,random,(Ljava/security/SecureRandom;[I)V,SecureRandomSpec_next2Event,Ljava/security/SecureRandom;.nextBytes:([B)V,000c,0024,backward,0,['SecureRandomSpec_next2Event']
ua.acclorite.book_story_14.apk,org.bouncycastle.math.ec.custom.gm.SM2P256V1Field,random,(Ljava/security/SecureRandom;[I)V,SecureRandomSpec_next2Event,Ljava/security/SecureRandom;.nextBytes:([B)V,000c,001b,backward,0,['SecureRandomSpec_next2Event']
ua.acclorite.book_story_14.apk,org.bouncycastle.math.ec.custom.sec.SecP128R1Field,random,(Ljava/security/SecureRandom;[I)V,SecureRandomSpec_next2Event,Ljava/security/SecureRandom;.nextBytes:([B)V,000c,001a,backward,0,['SecureRandomSpec_next2Event']
ua.acclorite.book_story_14.apk,org.bouncycastle.math.ec.custom.sec.SecP160R1Field,random,(Ljava/security/SecureRandom;[I)V,SecureRandomSpec_next2Event,Ljava/security/SecureRandom;.nextBytes:([B)V,000c,001a,backward,0,['SecureRandomSpec_next2Event']
ua.acclorite.book_story_14.apk,org.bouncycastle.math.ec.custom.sec.SecP160R2Field,random,(Ljava/security/SecureRandom;[I)V,SecureRandomSpec_next2Event,Ljava/security/SecureRandom;.nextBytes:([B)V,000c,001a,backward,0,['SecureRandomSpec_next2Event']
ua.acclorite.book_story_14.apk,org.bouncycastle.math.ec.custom.sec.SecP192K1Field,random,(Ljava/security/SecureRandom;[I)V,SecureRandomSpec_next2Event,Ljava/security/SecureRandom;.nextBytes:([B)V,000c,001a,backward,0,['SecureRandomSpec_next2Event']
ua.acclorite.book_story_14.apk,org.bouncycastle.math.ec.custom.sec.SecP192R1Field,random,(Ljava/security/SecureRandom;[I)V,SecureRandomSpec_next2Event,Ljava/security/SecureRandom;.nextBytes:([B)V,000c,001a,backward,0,['SecureRandomSpec_next2Event']
ua.acclorite.book_story_14.apk,org.bouncycastle.math.ec.custom.sec.SecP224K1Field,random,(Ljava/security/SecureRandom;[I)V,SecureRandomSpec_next2Event,Ljava/security/SecureRandom;.nextBytes:([B)V,000c,001a,backward,0,['SecureRandomSpec_next2Event']
ua.acclorite.book_story_14.apk,org.bouncycastle.math.ec.custom.sec.SecP224R1Field,random,(Ljava/security/SecureRandom;[I)V,SecureRandomSpec_next2Event,Ljava/security/SecureRandom;.nextBytes:([B)V,000c,001a,backward,0,['SecureRandomSpec_next2Event']
ua.acclorite.book_story_14.apk,org.bouncycastle.math.ec.custom.sec.SecP256K1Field,random,(Ljava/security/SecureRandom;[I)V,SecureRandomSpec_next2Event,Ljava/security/SecureRandom;.nextBytes:([B)V,000c,001b,backward,0,['SecureRandomSpec_next2Event']
ua.acclorite.book_story_14.apk,org.bouncycastle.math.ec.custom.sec.SecP256R1Field,random,(Ljava/security/SecureRandom;[I)V,SecureRandomSpec_next2Event,Ljava/security/SecureRandom;.nextBytes:([B)V,000c,001b,backward,0,['SecureRandomSpec_next2Event']
ua.acclorite.book_story_14.apk,org.bouncycastle.math.ec.custom.sec.SecP384R1Field,random,(Ljava/security/SecureRandom;[I)V,SecureRandomSpec_next2Event,Ljava/security/SecureRandom;.nextBytes:([B)V,000c,001b,backward,0,['SecureRandomSpec_next2Event']
ua.acclorite.book_story_14.apk,org.bouncycastle.math.ec.custom.sec.SecP521R1Field,random,(Ljava/security/SecureRandom;[I)V,SecureRandomSpec_next2Event,Ljava/security/SecureRandom;.nextBytes:([B)V,000c,0023,backward,0,['SecureRandomSpec_next2Event']
ua.acclorite.book_story_14.apk,org.bouncycastle.openssl.jcajce.JceOpenSSLPKCS8DecryptorProviderBuilder$1,get,(Lorg/bouncycastle/asn1/x509/AlgorithmIdentifier;)Lorg/bouncycastle/operator/InputDecryptor;,CipherSpec_i2Event,Ljavax/crypto/Cipher;.init:(ILjava/security/Key;)V,00d0,0110,backward,0,['CipherSpec_i2Event']
ua.acclorite.book_story_14.apk,org.bouncycastle.openssl.jcajce.PEMUtilities,crypt,(ZLorg/bouncycastle/jcajce/util/JcaJceHelper;[B[CLjava/lang/String;[B)[B,IvChainJunctionSpec_useEvent|CipherSpec_i2Event,Ljavax/crypto/Cipher;.init:(ILjava/security/Key;Ljava/security/spec/AlgorithmParameterSpec;)V,0130,0121,forward,0,"['IvChainJunctionSpec_useEvent', 'CipherSpec_i2Event']"
ua.acclorite.book_story_14.apk,org.bouncycastle.operator.jcajce.JcaContentSignerBuilder,build,(Ljava/security/PrivateKey;)Lorg/bouncycastle/operator/ContentSigner;,SignatureSpec_i1Event,Ljava/security/Signature;.initSign:(Ljava/security/PrivateKey;)V,005c,004e,forward,0,['SignatureSpec_i1Event']
ua.acclorite.book_story_14.apk,org.bouncycastle.operator.jcajce.JceInputDecryptorProviderBuilder$1,get,(Lorg/bouncycastle/asn1/x509/AlgorithmIdentifier;)Lorg/bouncycastle/operator/InputDecryptor;,IvChainJunctionSpec_useEvent|CipherSpec_i2Event,Ljavax/crypto/Cipher;.init:(ILjava/security/Key;Ljava/security/spec/AlgorithmParameterSpec;)V,004a,0061,backward,0,"['IvChainJunctionSpec_useEvent', 'CipherSpec_i2Event']"
ua.acclorite.book_story_14.apk,org.bouncycastle.pqc.crypto.picnic.PicnicEngine,picnic_keygen,([B[B[BLjava/security/SecureRandom;)V,SecureRandomSpec_next2Event,Ljava/security/SecureRandom;.nextBytes:([B)V,0038,0028,forward,0,['SecureRandomSpec_next2Event']
ua.acclorite.book_story_14.apk,org.bouncycastle.x509.X509Util,calculateSignature,(Lorg/bouncycastle/asn1/ASN1ObjectIdentifier;Ljava/lang/String;Ljava/lang/String;Ljava/security/PrivateKey;Ljava/security/SecureRandom;Lorg/bouncycastle/asn1/ASN1Encodable;)[B,SignatureSpec_i1Event,Ljava/security/Signature;.initSign:(Ljava/security/PrivateKey;)V,0017,000b,forward,0,['SignatureSpec_i1Event']
ua.acclorite.book_story_14.apk,org.bouncycastle.x509.X509Util,calculateSignature,(Lorg/bouncycastle/asn1/ASN1ObjectIdentifier;Ljava/lang/String;Ljava/security/PrivateKey;Ljava/security/SecureRandom;Lorg/bouncycastle/asn1/ASN1Encodable;)[B,SignatureSpec_i1Event,Ljava/security/Signature;.initSign:(Ljava/security/PrivateKey;)V,0017,000b,forward,0,['SignatureSpec_i1Event']
uk.org.ngo.squeezer_158.apk,org.eclipse.jetty.util.security.CertificateUtils,getKeyStore,(Ljava/io/InputStream;Ljava/lang/String;Ljava/lang/String;Ljava/lang/String;Ljava/lang/String;)Ljava/security/KeyStore;,KeyStoreSpec_loadEvent,Ljava/security/KeyStore;.load:(Ljava/io/InputStream;[C)V,31,29,forward,0,['KeyStoreSpec_loadEvent']
uk.org.ngo.squeezer_158.apk,org.eclipse.jetty.util.ssl.SslContextFactory,getKeyManagers,(Ljava/security/KeyStore;)[Ljavax/net/ssl/KeyManager;,KeyManagerFactorySpec_initEvent,Ljavax/net/ssl/KeyManagerFactory;.init:(Ljava/security/KeyStore;[C)V,28,17,forward,0,['KeyManagerFactorySpec_initEvent']
