kid,r,spec,cls,m,apk,status
193,3,CipherSpec,com.google.crypto.tink.aead.internal.InsecureNonceAesGcmJce,encrypt,app.maskan.chat_90.apk,LEGAL_REUSE_REJECTED
201,4,CipherSpec,com.google.crypto.tink.subtle.PrfAesCmac,compute,app.maskan.chat_90.apk,GENUINE_no
202,4,CipherSpec,com.google.crypto.tink.subtle.PrfAesCmac,generateSubKeys,app.maskan.chat_90.apk,GENUINE_no
206,3,CipherSpec,com.google.crypto.tink.aead.internal.InsecureNonceAesGcmJce,decrypt,app.maskan.chat_90.apk,LEGAL_REUSE_REJECTED
208,3,CipherSpec,com.google.crypto.tink.aead.internal.InsecureNonceAesGcmJce,encrypt,app.maskan.chat_90.apk,LEGAL_REUSE_REJECTED
220,4,CipherSpec,com.google.crypto.tink.subtle.PrfAesCmac,compute,app.maskan.chat_90.apk,GENUINE_no
221,4,CipherSpec,com.google.crypto.tink.subtle.PrfAesCmac,generateSubKeys,app.maskan.chat_90.apk,GENUINE_no
225,3,CipherSpec,com.google.crypto.tink.aead.internal.InsecureNonceAesGcmJce,decrypt,app.maskan.chat_90.apk,LEGAL_REUSE_REJECTED
227,3,CipherSpec,com.google.crypto.tink.aead.internal.InsecureNonceAesGcmJce,encrypt,app.maskan.chat_90.apk,LEGAL_REUSE_REJECTED
239,4,CipherSpec,com.google.crypto.tink.subtle.PrfAesCmac,compute,app.maskan.chat_90.apk,GENUINE_no
240,4,CipherSpec,com.google.crypto.tink.subtle.PrfAesCmac,generateSubKeys,app.maskan.chat_90.apk,GENUINE_no
252,4,CipherSpec,com.google.crypto.tink.subtle.PrfAesCmac,compute,app.maskan.chat_90.apk,GENUINE_no
253,4,CipherSpec,com.google.crypto.tink.subtle.PrfAesCmac,generateSubKeys,app.maskan.chat_90.apk,GENUINE_no
265,4,CipherSpec,com.google.crypto.tink.subtle.PrfAesCmac,compute,app.maskan.chat_90.apk,GENUINE_no
266,4,CipherSpec,com.google.crypto.tink.subtle.PrfAesCmac,generateSubKeys,app.maskan.chat_90.apk,GENUINE_no
270,3,CipherSpec,com.google.crypto.tink.aead.internal.InsecureNonceAesGcmJce,decrypt,app.maskan.chat_90.apk,LEGAL_REUSE_REJECTED
272,3,CipherSpec,com.google.crypto.tink.aead.internal.InsecureNonceAesGcmJce,encrypt,app.maskan.chat_90.apk,LEGAL_REUSE_REJECTED
284,4,CipherSpec,com.google.crypto.tink.subtle.PrfAesCmac,compute,app.maskan.chat_90.apk,GENUINE_no
285,4,CipherSpec,com.google.crypto.tink.subtle.PrfAesCmac,generateSubKeys,app.maskan.chat_90.apk,GENUINE_no
297,4,CipherSpec,com.google.crypto.tink.subtle.PrfAesCmac,compute,app.maskan.chat_90.apk,GENUINE_no
298,4,CipherSpec,com.google.crypto.tink.subtle.PrfAesCmac,generateSubKeys,app.maskan.chat_90.apk,GENUINE_no
302,3,CipherSpec,com.google.crypto.tink.aead.internal.InsecureNonceAesGcmJce,decrypt,app.maskan.chat_90.apk,LEGAL_REUSE_REJECTED
304,3,CipherSpec,com.google.crypto.tink.aead.internal.InsecureNonceAesGcmJce,encrypt,app.maskan.chat_90.apk,LEGAL_REUSE_REJECTED
316,4,CipherSpec,com.google.crypto.tink.subtle.PrfAesCmac,compute,app.maskan.chat_90.apk,GENUINE_no
317,4,CipherSpec,com.google.crypto.tink.subtle.PrfAesCmac,generateSubKeys,app.maskan.chat_90.apk,GENUINE_no
321,3,CipherSpec,com.google.crypto.tink.aead.internal.InsecureNonceAesGcmJce,decrypt,app.maskan.chat_90.apk,LEGAL_REUSE_REJECTED
323,3,CipherSpec,com.google.crypto.tink.aead.internal.InsecureNonceAesGcmJce,encrypt,app.maskan.chat_90.apk,LEGAL_REUSE_REJECTED
335,4,CipherSpec,com.google.crypto.tink.subtle.PrfAesCmac,compute,app.maskan.chat_90.apk,GENUINE_no
336,4,CipherSpec,com.google.crypto.tink.subtle.PrfAesCmac,generateSubKeys,app.maskan.chat_90.apk,GENUINE_no
348,4,CipherSpec,com.google.crypto.tink.subtle.PrfAesCmac,compute,app.maskan.chat_90.apk,GENUINE_no
349,4,CipherSpec,com.google.crypto.tink.subtle.PrfAesCmac,generateSubKeys,app.maskan.chat_90.apk,GENUINE_no
361,4,CipherSpec,com.google.crypto.tink.subtle.PrfAesCmac,compute,app.maskan.chat_90.apk,GENUINE_no
362,4,CipherSpec,com.google.crypto.tink.subtle.PrfAesCmac,generateSubKeys,app.maskan.chat_90.apk,GENUINE_no
374,4,CipherSpec,com.google.crypto.tink.subtle.PrfAesCmac,compute,app.maskan.chat_90.apk,GENUINE_no
375,4,CipherSpec,com.google.crypto.tink.subtle.PrfAesCmac,generateSubKeys,app.maskan.chat_90.apk,GENUINE_no
387,4,CipherSpec,com.google.crypto.tink.subtle.PrfAesCmac,compute,app.maskan.chat_90.apk,GENUINE_no
388,4,CipherSpec,com.google.crypto.tink.subtle.PrfAesCmac,generateSubKeys,app.maskan.chat_90.apk,GENUINE_no
400,4,CipherSpec,com.google.crypto.tink.subtle.PrfAesCmac,compute,app.maskan.chat_90.apk,GENUINE_no
401,4,CipherSpec,com.google.crypto.tink.subtle.PrfAesCmac,generateSubKeys,app.maskan.chat_90.apk,GENUINE_no
413,4,CipherSpec,com.google.crypto.tink.subtle.PrfAesCmac,compute,app.maskan.chat_90.apk,GENUINE_no
414,4,CipherSpec,com.google.crypto.tink.subtle.PrfAesCmac,generateSubKeys,app.maskan.chat_90.apk,GENUINE_no
426,4,CipherSpec,com.google.crypto.tink.subtle.PrfAesCmac,compute,app.maskan.chat_90.apk,GENUINE_no
427,4,CipherSpec,com.google.crypto.tink.subtle.PrfAesCmac,generateSubKeys,app.maskan.chat_90.apk,GENUINE_no
439,4,CipherSpec,com.google.crypto.tink.subtle.PrfAesCmac,compute,app.maskan.chat_90.apk,GENUINE_no
440,4,CipherSpec,com.google.crypto.tink.subtle.PrfAesCmac,generateSubKeys,app.maskan.chat_90.apk,GENUINE_no
444,3,CipherSpec,com.google.crypto.tink.aead.internal.InsecureNonceAesGcmJce,decrypt,app.maskan.chat_90.apk,LEGAL_REUSE_REJECTED
446,3,CipherSpec,com.google.crypto.tink.aead.internal.InsecureNonceAesGcmJce,encrypt,app.maskan.chat_90.apk,LEGAL_REUSE_REJECTED
458,4,CipherSpec,com.google.crypto.tink.subtle.PrfAesCmac,compute,app.maskan.chat_90.apk,GENUINE_no
459,4,CipherSpec,com.google.crypto.tink.subtle.PrfAesCmac,generateSubKeys,app.maskan.chat_90.apk,GENUINE_no
471,4,CipherSpec,com.google.crypto.tink.subtle.PrfAesCmac,compute,app.maskan.chat_90.apk,GENUINE_no
472,4,CipherSpec,com.google.crypto.tink.subtle.PrfAesCmac,generateSubKeys,app.maskan.chat_90.apk,GENUINE_no
476,3,CipherSpec,com.google.crypto.tink.aead.internal.InsecureNonceAesGcmJce,decrypt,app.maskan.chat_90.apk,LEGAL_REUSE_REJECTED
478,3,CipherSpec,com.google.crypto.tink.aead.internal.InsecureNonceAesGcmJce,encrypt,app.maskan.chat_90.apk,LEGAL_REUSE_REJECTED
490,4,CipherSpec,com.google.crypto.tink.subtle.PrfAesCmac,compute,app.maskan.chat_90.apk,GENUINE_no
491,4,CipherSpec,com.google.crypto.tink.subtle.PrfAesCmac,generateSubKeys,app.maskan.chat_90.apk,GENUINE_no
495,3,CipherSpec,com.google.crypto.tink.aead.internal.InsecureNonceAesGcmJce,decrypt,app.maskan.chat_90.apk,LEGAL_REUSE_REJECTED
497,3,CipherSpec,com.google.crypto.tink.aead.internal.InsecureNonceAesGcmJce,encrypt,app.maskan.chat_90.apk,LEGAL_REUSE_REJECTED
509,4,CipherSpec,com.google.crypto.tink.subtle.PrfAesCmac,compute,app.maskan.chat_90.apk,GENUINE_no
510,4,CipherSpec,com.google.crypto.tink.subtle.PrfAesCmac,generateSubKeys,app.maskan.chat_90.apk,GENUINE_no
522,4,CipherSpec,com.google.crypto.tink.subtle.PrfAesCmac,compute,app.maskan.chat_90.apk,GENUINE_no
523,4,CipherSpec,com.google.crypto.tink.subtle.PrfAesCmac,generateSubKeys,app.maskan.chat_90.apk,GENUINE_no
527,3,CipherSpec,com.google.crypto.tink.aead.internal.InsecureNonceAesGcmJce,decrypt,app.maskan.chat_90.apk,LEGAL_REUSE_REJECTED
529,3,CipherSpec,com.google.crypto.tink.aead.internal.InsecureNonceAesGcmJce,encrypt,app.maskan.chat_90.apk,LEGAL_REUSE_REJECTED
541,4,CipherSpec,com.google.crypto.tink.subtle.PrfAesCmac,compute,app.maskan.chat_90.apk,GENUINE_no
542,4,CipherSpec,com.google.crypto.tink.subtle.PrfAesCmac,generateSubKeys,app.maskan.chat_90.apk,GENUINE_no
546,3,CipherSpec,com.google.crypto.tink.aead.internal.InsecureNonceAesGcmJce,decrypt,app.maskan.chat_90.apk,LEGAL_REUSE_REJECTED
548,3,CipherSpec,com.google.crypto.tink.aead.internal.InsecureNonceAesGcmJce,encrypt,app.maskan.chat_90.apk,LEGAL_REUSE_REJECTED
560,4,CipherSpec,com.google.crypto.tink.subtle.PrfAesCmac,compute,app.maskan.chat_90.apk,GENUINE_no
561,4,CipherSpec,com.google.crypto.tink.subtle.PrfAesCmac,generateSubKeys,app.maskan.chat_90.apk,GENUINE_no
573,4,CipherSpec,com.google.crypto.tink.subtle.PrfAesCmac,compute,app.maskan.chat_90.apk,GENUINE_no
574,4,CipherSpec,com.google.crypto.tink.subtle.PrfAesCmac,generateSubKeys,app.maskan.chat_90.apk,GENUINE_no
578,3,CipherSpec,com.google.crypto.tink.aead.internal.InsecureNonceAesGcmJce,decrypt,app.maskan.chat_90.apk,LEGAL_REUSE_REJECTED
580,3,CipherSpec,com.google.crypto.tink.aead.internal.InsecureNonceAesGcmJce,encrypt,app.maskan.chat_90.apk,LEGAL_REUSE_REJECTED
592,4,CipherSpec,com.google.crypto.tink.subtle.PrfAesCmac,compute,app.maskan.chat_90.apk,GENUINE_no
593,4,CipherSpec,com.google.crypto.tink.subtle.PrfAesCmac,generateSubKeys,app.maskan.chat_90.apk,GENUINE_no
597,3,CipherSpec,com.google.crypto.tink.aead.internal.InsecureNonceAesGcmJce,decrypt,app.maskan.chat_90.apk,LEGAL_REUSE_REJECTED
599,3,CipherSpec,com.google.crypto.tink.aead.internal.InsecureNonceAesGcmJce,encrypt,app.maskan.chat_90.apk,LEGAL_REUSE_REJECTED
611,4,CipherSpec,com.google.crypto.tink.subtle.PrfAesCmac,compute,app.maskan.chat_90.apk,GENUINE_no
612,4,CipherSpec,com.google.crypto.tink.subtle.PrfAesCmac,generateSubKeys,app.maskan.chat_90.apk,GENUINE_no
624,4,CipherSpec,com.google.crypto.tink.subtle.PrfAesCmac,compute,app.maskan.chat_90.apk,GENUINE_no
625,4,CipherSpec,com.google.crypto.tink.subtle.PrfAesCmac,generateSubKeys,app.maskan.chat_90.apk,GENUINE_no
629,3,CipherSpec,com.google.crypto.tink.aead.internal.InsecureNonceAesGcmJce,encrypt,app.maskan.chat_90.apk,LEGAL_REUSE_REJECTED
637,4,CipherSpec,com.google.crypto.tink.subtle.PrfAesCmac,compute,app.maskan.chat_90.apk,GENUINE_no
638,4,CipherSpec,com.google.crypto.tink.subtle.PrfAesCmac,generateSubKeys,app.maskan.chat_90.apk,GENUINE_no
642,3,CipherSpec,com.google.crypto.tink.aead.internal.InsecureNonceAesGcmJce,encrypt,app.maskan.chat_90.apk,LEGAL_REUSE_REJECTED
650,4,CipherSpec,com.google.crypto.tink.subtle.PrfAesCmac,compute,app.maskan.chat_90.apk,GENUINE_no
651,4,CipherSpec,com.google.crypto.tink.subtle.PrfAesCmac,generateSubKeys,app.maskan.chat_90.apk,GENUINE_no
663,4,CipherSpec,com.google.crypto.tink.subtle.PrfAesCmac,compute,app.maskan.chat_90.apk,GENUINE_no
664,4,CipherSpec,com.google.crypto.tink.subtle.PrfAesCmac,generateSubKeys,app.maskan.chat_90.apk,GENUINE_no
668,3,CipherSpec,com.google.crypto.tink.aead.internal.InsecureNonceAesGcmJce,encrypt,app.maskan.chat_90.apk,LEGAL_REUSE_REJECTED
676,4,CipherSpec,com.google.crypto.tink.subtle.PrfAesCmac,compute,app.maskan.chat_90.apk,GENUINE_no
677,4,CipherSpec,com.google.crypto.tink.subtle.PrfAesCmac,generateSubKeys,app.maskan.chat_90.apk,GENUINE_no
681,3,CipherSpec,com.google.crypto.tink.aead.internal.InsecureNonceAesGcmJce,decrypt,app.maskan.chat_90.apk,LEGAL_REUSE_REJECTED
683,3,CipherSpec,com.google.crypto.tink.aead.internal.InsecureNonceAesGcmJce,encrypt,app.maskan.chat_90.apk,LEGAL_REUSE_REJECTED
695,4,CipherSpec,com.google.crypto.tink.subtle.PrfAesCmac,compute,app.maskan.chat_90.apk,GENUINE_no
696,4,CipherSpec,com.google.crypto.tink.subtle.PrfAesCmac,generateSubKeys,app.maskan.chat_90.apk,GENUINE_no
708,4,CipherSpec,com.google.crypto.tink.subtle.PrfAesCmac,compute,app.maskan.chat_90.apk,GENUINE_no
709,4,CipherSpec,com.google.crypto.tink.subtle.PrfAesCmac,generateSubKeys,app.maskan.chat_90.apk,GENUINE_no
713,3,CipherSpec,com.google.crypto.tink.aead.internal.InsecureNonceAesGcmJce,encrypt,app.maskan.chat_90.apk,LEGAL_REUSE_REJECTED
721,4,CipherSpec,com.google.crypto.tink.subtle.PrfAesCmac,compute,app.maskan.chat_90.apk,GENUINE_no
722,4,CipherSpec,com.google.crypto.tink.subtle.PrfAesCmac,generateSubKeys,app.maskan.chat_90.apk,GENUINE_no
726,3,CipherSpec,com.google.crypto.tink.aead.internal.InsecureNonceAesGcmJce,decrypt,app.maskan.chat_90.apk,LEGAL_REUSE_REJECTED
728,3,CipherSpec,com.google.crypto.tink.aead.internal.InsecureNonceAesGcmJce,encrypt,app.maskan.chat_90.apk,LEGAL_REUSE_REJECTED
740,4,CipherSpec,com.google.crypto.tink.subtle.PrfAesCmac,compute,app.maskan.chat_90.apk,GENUINE_no
741,4,CipherSpec,com.google.crypto.tink.subtle.PrfAesCmac,generateSubKeys,app.maskan.chat_90.apk,GENUINE_no
753,4,CipherSpec,com.google.crypto.tink.subtle.PrfAesCmac,compute,app.maskan.chat_90.apk,GENUINE_no
754,4,CipherSpec,com.google.crypto.tink.subtle.PrfAesCmac,generateSubKeys,app.maskan.chat_90.apk,GENUINE_no
758,3,CipherSpec,com.google.crypto.tink.aead.internal.InsecureNonceAesGcmJce,decrypt,app.maskan.chat_90.apk,LEGAL_REUSE_REJECTED
760,3,CipherSpec,com.google.crypto.tink.aead.internal.InsecureNonceAesGcmJce,encrypt,app.maskan.chat_90.apk,LEGAL_REUSE_REJECTED
769,4,CipherSpec,com.google.crypto.tink.subtle.PrfAesCmac,compute,app.maskan.chat_90.apk,GENUINE_no
770,4,CipherSpec,com.google.crypto.tink.subtle.PrfAesCmac,generateSubKeys,app.maskan.chat_90.apk,GENUINE_no
774,3,CipherSpec,com.google.crypto.tink.aead.internal.InsecureNonceAesGcmJce,decrypt,app.maskan.chat_90.apk,LEGAL_REUSE_REJECTED
776,3,CipherSpec,com.google.crypto.tink.aead.internal.InsecureNonceAesGcmJce,encrypt,app.maskan.chat_90.apk,LEGAL_REUSE_REJECTED
785,4,CipherSpec,com.google.crypto.tink.subtle.PrfAesCmac,compute,app.maskan.chat_90.apk,GENUINE_no
786,4,CipherSpec,com.google.crypto.tink.subtle.PrfAesCmac,generateSubKeys,app.maskan.chat_90.apk,GENUINE_no
790,3,CipherSpec,com.google.crypto.tink.aead.internal.InsecureNonceAesGcmJce,encrypt,app.maskan.chat_90.apk,LEGAL_REUSE_REJECTED
798,4,CipherSpec,com.google.crypto.tink.subtle.PrfAesCmac,compute,app.maskan.chat_90.apk,GENUINE_no
799,4,CipherSpec,com.google.crypto.tink.subtle.PrfAesCmac,generateSubKeys,app.maskan.chat_90.apk,GENUINE_no
803,3,CipherSpec,com.google.crypto.tink.aead.internal.InsecureNonceAesGcmJce,decrypt,app.maskan.chat_90.apk,LEGAL_REUSE_REJECTED
805,3,CipherSpec,com.google.crypto.tink.aead.internal.InsecureNonceAesGcmJce,encrypt,app.maskan.chat_90.apk,LEGAL_REUSE_REJECTED
814,4,CipherSpec,com.google.crypto.tink.subtle.PrfAesCmac,compute,app.maskan.chat_90.apk,GENUINE_no
815,4,CipherSpec,com.google.crypto.tink.subtle.PrfAesCmac,generateSubKeys,app.maskan.chat_90.apk,GENUINE_no
819,3,CipherSpec,com.google.crypto.tink.aead.internal.InsecureNonceAesGcmJce,decrypt,app.maskan.chat_90.apk,LEGAL_REUSE_REJECTED
821,3,CipherSpec,com.google.crypto.tink.aead.internal.InsecureNonceAesGcmJce,encrypt,app.maskan.chat_90.apk,LEGAL_REUSE_REJECTED
830,4,CipherSpec,com.google.crypto.tink.subtle.PrfAesCmac,compute,app.maskan.chat_90.apk,GENUINE_no
831,4,CipherSpec,com.google.crypto.tink.subtle.PrfAesCmac,generateSubKeys,app.maskan.chat_90.apk,GENUINE_no
835,3,CipherSpec,com.google.crypto.tink.aead.internal.InsecureNonceAesGcmJce,encrypt,app.maskan.chat_90.apk,LEGAL_REUSE_REJECTED
843,4,CipherSpec,com.google.crypto.tink.subtle.PrfAesCmac,compute,app.maskan.chat_90.apk,GENUINE_no
844,4,CipherSpec,com.google.crypto.tink.subtle.PrfAesCmac,generateSubKeys,app.maskan.chat_90.apk,GENUINE_no
846,3,CipherSpec,com.google.crypto.tink.aead.internal.InsecureNonceAesGcmJce,decrypt,app.maskan.chat_90.apk,LEGAL_REUSE_REJECTED
848,3,CipherSpec,com.google.crypto.tink.aead.internal.InsecureNonceAesGcmJce,encrypt,app.maskan.chat_90.apk,LEGAL_REUSE_REJECTED
857,4,CipherSpec,com.google.crypto.tink.subtle.PrfAesCmac,compute,app.maskan.chat_90.apk,GENUINE_no
858,4,CipherSpec,com.google.crypto.tink.subtle.PrfAesCmac,generateSubKeys,app.maskan.chat_90.apk,GENUINE_no
862,3,CipherSpec,com.google.crypto.tink.aead.internal.InsecureNonceAesGcmJce,decrypt,app.maskan.chat_90.apk,LEGAL_REUSE_REJECTED
864,3,CipherSpec,com.google.crypto.tink.aead.internal.InsecureNonceAesGcmJce,encrypt,app.maskan.chat_90.apk,LEGAL_REUSE_REJECTED
873,4,CipherSpec,com.google.crypto.tink.subtle.PrfAesCmac,compute,app.maskan.chat_90.apk,GENUINE_no
874,4,CipherSpec,com.google.crypto.tink.subtle.PrfAesCmac,generateSubKeys,app.maskan.chat_90.apk,GENUINE_no
886,4,CipherSpec,com.google.crypto.tink.subtle.PrfAesCmac,compute,app.maskan.chat_90.apk,GENUINE_no
887,4,CipherSpec,com.google.crypto.tink.subtle.PrfAesCmac,generateSubKeys,app.maskan.chat_90.apk,GENUINE_no
891,3,CipherSpec,com.google.crypto.tink.aead.internal.InsecureNonceAesGcmJce,encrypt,app.maskan.chat_90.apk,LEGAL_REUSE_REJECTED
899,4,CipherSpec,com.google.crypto.tink.subtle.PrfAesCmac,compute,app.maskan.chat_90.apk,GENUINE_no
900,4,CipherSpec,com.google.crypto.tink.subtle.PrfAesCmac,generateSubKeys,app.maskan.chat_90.apk,GENUINE_no
904,3,CipherSpec,com.google.crypto.tink.aead.internal.InsecureNonceAesGcmJce,decrypt,app.maskan.chat_90.apk,LEGAL_REUSE_REJECTED
906,3,CipherSpec,com.google.crypto.tink.aead.internal.InsecureNonceAesGcmJce,encrypt,app.maskan.chat_90.apk,LEGAL_REUSE_REJECTED
915,4,CipherSpec,com.google.crypto.tink.subtle.PrfAesCmac,compute,app.maskan.chat_90.apk,GENUINE_no
916,4,CipherSpec,com.google.crypto.tink.subtle.PrfAesCmac,generateSubKeys,app.maskan.chat_90.apk,GENUINE_no
928,4,CipherSpec,com.google.crypto.tink.subtle.PrfAesCmac,compute,app.maskan.chat_90.apk,GENUINE_no
929,4,CipherSpec,com.google.crypto.tink.subtle.PrfAesCmac,generateSubKeys,app.maskan.chat_90.apk,GENUINE_no
933,3,CipherSpec,com.google.crypto.tink.aead.internal.InsecureNonceAesGcmJce,encrypt,app.maskan.chat_90.apk,LEGAL_REUSE_REJECTED
941,4,CipherSpec,com.google.crypto.tink.subtle.PrfAesCmac,compute,app.maskan.chat_90.apk,GENUINE_no
942,4,CipherSpec,com.google.crypto.tink.subtle.PrfAesCmac,generateSubKeys,app.maskan.chat_90.apk,GENUINE_no
946,3,CipherSpec,com.google.crypto.tink.aead.internal.InsecureNonceAesGcmJce,decrypt,app.maskan.chat_90.apk,LEGAL_REUSE_REJECTED
948,3,CipherSpec,com.google.crypto.tink.aead.internal.InsecureNonceAesGcmJce,encrypt,app.maskan.chat_90.apk,LEGAL_REUSE_REJECTED
957,4,CipherSpec,com.google.crypto.tink.subtle.PrfAesCmac,compute,app.maskan.chat_90.apk,GENUINE_no
958,4,CipherSpec,com.google.crypto.tink.subtle.PrfAesCmac,generateSubKeys,app.maskan.chat_90.apk,GENUINE_no
970,4,CipherSpec,com.google.crypto.tink.subtle.PrfAesCmac,compute,app.maskan.chat_90.apk,GENUINE_no
971,4,CipherSpec,com.google.crypto.tink.subtle.PrfAesCmac,generateSubKeys,app.maskan.chat_90.apk,GENUINE_no
975,3,CipherSpec,com.google.crypto.tink.aead.internal.InsecureNonceAesGcmJce,encrypt,app.maskan.chat_90.apk,LEGAL_REUSE_REJECTED
983,4,CipherSpec,com.google.crypto.tink.subtle.PrfAesCmac,compute,app.maskan.chat_90.apk,GENUINE_no
984,4,CipherSpec,com.google.crypto.tink.subtle.PrfAesCmac,generateSubKeys,app.maskan.chat_90.apk,GENUINE_no
988,3,CipherSpec,com.google.crypto.tink.aead.internal.InsecureNonceAesGcmJce,decrypt,app.maskan.chat_90.apk,LEGAL_REUSE_REJECTED
990,3,CipherSpec,com.google.crypto.tink.aead.internal.InsecureNonceAesGcmJce,encrypt,app.maskan.chat_90.apk,LEGAL_REUSE_REJECTED
999,4,CipherSpec,com.google.crypto.tink.subtle.PrfAesCmac,compute,app.maskan.chat_90.apk,GENUINE_no
1000,4,CipherSpec,com.google.crypto.tink.subtle.PrfAesCmac,generateSubKeys,app.maskan.chat_90.apk,GENUINE_no
1012,4,CipherSpec,com.google.crypto.tink.subtle.PrfAesCmac,compute,app.maskan.chat_90.apk,GENUINE_no
1013,4,CipherSpec,com.google.crypto.tink.subtle.PrfAesCmac,generateSubKeys,app.maskan.chat_90.apk,GENUINE_no
1017,3,CipherSpec,com.google.crypto.tink.aead.internal.InsecureNonceAesGcmJce,decrypt,app.maskan.chat_90.apk,LEGAL_REUSE_REJECTED
1019,3,CipherSpec,com.google.crypto.tink.aead.internal.InsecureNonceAesGcmJce,encrypt,app.maskan.chat_90.apk,LEGAL_REUSE_REJECTED
1031,4,CipherSpec,com.google.crypto.tink.subtle.PrfAesCmac,compute,app.maskan.chat_90.apk,GENUINE_no
1032,4,CipherSpec,com.google.crypto.tink.subtle.PrfAesCmac,generateSubKeys,app.maskan.chat_90.apk,GENUINE_no
1036,3,CipherSpec,com.google.crypto.tink.aead.internal.InsecureNonceAesGcmJce,decrypt,app.maskan.chat_90.apk,LEGAL_REUSE_REJECTED
1038,3,CipherSpec,com.google.crypto.tink.aead.internal.InsecureNonceAesGcmJce,encrypt,app.maskan.chat_90.apk,LEGAL_REUSE_REJECTED
1050,4,CipherSpec,com.google.crypto.tink.subtle.PrfAesCmac,compute,app.maskan.chat_90.apk,GENUINE_no
1051,4,CipherSpec,com.google.crypto.tink.subtle.PrfAesCmac,generateSubKeys,app.maskan.chat_90.apk,GENUINE_no
1055,3,CipherSpec,com.google.crypto.tink.aead.internal.InsecureNonceAesGcmJce,decrypt,app.maskan.chat_90.apk,LEGAL_REUSE_REJECTED
1057,3,CipherSpec,com.google.crypto.tink.aead.internal.InsecureNonceAesGcmJce,encrypt,app.maskan.chat_90.apk,LEGAL_REUSE_REJECTED
1069,4,CipherSpec,com.google.crypto.tink.subtle.PrfAesCmac,compute,app.maskan.chat_90.apk,GENUINE_no
1070,4,CipherSpec,com.google.crypto.tink.subtle.PrfAesCmac,generateSubKeys,app.maskan.chat_90.apk,GENUINE_no
1074,3,CipherSpec,com.google.crypto.tink.aead.internal.InsecureNonceAesGcmJce,decrypt,app.maskan.chat_90.apk,LEGAL_REUSE_REJECTED
1076,3,CipherSpec,com.google.crypto.tink.aead.internal.InsecureNonceAesGcmJce,encrypt,app.maskan.chat_90.apk,LEGAL_REUSE_REJECTED
1088,4,CipherSpec,com.google.crypto.tink.subtle.PrfAesCmac,compute,app.maskan.chat_90.apk,GENUINE_no
1089,4,CipherSpec,com.google.crypto.tink.subtle.PrfAesCmac,generateSubKeys,app.maskan.chat_90.apk,GENUINE_no
1093,3,CipherSpec,com.google.crypto.tink.aead.internal.InsecureNonceAesGcmJce,decrypt,app.maskan.chat_90.apk,LEGAL_REUSE_REJECTED
1095,3,CipherSpec,com.google.crypto.tink.aead.internal.InsecureNonceAesGcmJce,encrypt,app.maskan.chat_90.apk,LEGAL_REUSE_REJECTED
1107,4,CipherSpec,com.google.crypto.tink.subtle.PrfAesCmac,compute,app.maskan.chat_90.apk,GENUINE_no
1108,4,CipherSpec,com.google.crypto.tink.subtle.PrfAesCmac,generateSubKeys,app.maskan.chat_90.apk,GENUINE_no
1112,3,CipherSpec,com.google.crypto.tink.aead.internal.InsecureNonceAesGcmJce,decrypt,app.maskan.chat_90.apk,LEGAL_REUSE_REJECTED
1114,3,CipherSpec,com.google.crypto.tink.aead.internal.InsecureNonceAesGcmJce,encrypt,app.maskan.chat_90.apk,LEGAL_REUSE_REJECTED
1126,4,CipherSpec,com.google.crypto.tink.subtle.PrfAesCmac,compute,app.maskan.chat_90.apk,GENUINE_no
1127,4,CipherSpec,com.google.crypto.tink.subtle.PrfAesCmac,generateSubKeys,app.maskan.chat_90.apk,GENUINE_no
1131,3,CipherSpec,com.google.crypto.tink.aead.internal.InsecureNonceAesGcmJce,decrypt,app.maskan.chat_90.apk,LEGAL_REUSE_REJECTED
1133,3,CipherSpec,com.google.crypto.tink.aead.internal.InsecureNonceAesGcmJce,encrypt,app.maskan.chat_90.apk,LEGAL_REUSE_REJECTED
1145,4,CipherSpec,com.google.crypto.tink.subtle.PrfAesCmac,compute,app.maskan.chat_90.apk,GENUINE_no
1146,4,CipherSpec,com.google.crypto.tink.subtle.PrfAesCmac,generateSubKeys,app.maskan.chat_90.apk,GENUINE_no
1150,3,CipherSpec,com.google.crypto.tink.aead.internal.InsecureNonceAesGcmJce,decrypt,app.maskan.chat_90.apk,LEGAL_REUSE_REJECTED
1152,3,CipherSpec,com.google.crypto.tink.aead.internal.InsecureNonceAesGcmJce,encrypt,app.maskan.chat_90.apk,LEGAL_REUSE_REJECTED
1164,4,CipherSpec,com.google.crypto.tink.subtle.PrfAesCmac,compute,app.maskan.chat_90.apk,GENUINE_no
1165,4,CipherSpec,com.google.crypto.tink.subtle.PrfAesCmac,generateSubKeys,app.maskan.chat_90.apk,GENUINE_no
1169,3,CipherSpec,com.google.crypto.tink.aead.internal.InsecureNonceAesGcmJce,decrypt,app.maskan.chat_90.apk,LEGAL_REUSE_REJECTED
1171,3,CipherSpec,com.google.crypto.tink.aead.internal.InsecureNonceAesGcmJce,encrypt,app.maskan.chat_90.apk,LEGAL_REUSE_REJECTED
1183,4,CipherSpec,com.google.crypto.tink.subtle.PrfAesCmac,compute,app.maskan.chat_90.apk,GENUINE_no
1184,4,CipherSpec,com.google.crypto.tink.subtle.PrfAesCmac,generateSubKeys,app.maskan.chat_90.apk,GENUINE_no
1196,4,CipherSpec,com.google.crypto.tink.subtle.PrfAesCmac,compute,app.maskan.chat_90.apk,GENUINE_no
1197,4,CipherSpec,com.google.crypto.tink.subtle.PrfAesCmac,generateSubKeys,app.maskan.chat_90.apk,GENUINE_no
1201,3,CipherSpec,com.google.crypto.tink.aead.internal.InsecureNonceAesGcmJce,decrypt,app.maskan.chat_90.apk,LEGAL_REUSE_REJECTED
1203,3,CipherSpec,com.google.crypto.tink.aead.internal.InsecureNonceAesGcmJce,encrypt,app.maskan.chat_90.apk,LEGAL_REUSE_REJECTED
1215,4,CipherSpec,com.google.crypto.tink.subtle.PrfAesCmac,compute,app.maskan.chat_90.apk,GENUINE_no
1216,4,CipherSpec,com.google.crypto.tink.subtle.PrfAesCmac,generateSubKeys,app.maskan.chat_90.apk,GENUINE_no
1220,3,CipherSpec,com.google.crypto.tink.aead.internal.InsecureNonceAesGcmJce,decrypt,app.maskan.chat_90.apk,LEGAL_REUSE_REJECTED
1222,3,CipherSpec,com.google.crypto.tink.aead.internal.InsecureNonceAesGcmJce,encrypt,app.maskan.chat_90.apk,LEGAL_REUSE_REJECTED
1234,4,CipherSpec,com.google.crypto.tink.subtle.PrfAesCmac,compute,app.maskan.chat_90.apk,GENUINE_no
1235,4,CipherSpec,com.google.crypto.tink.subtle.PrfAesCmac,generateSubKeys,app.maskan.chat_90.apk,GENUINE_no
1239,3,CipherSpec,com.google.crypto.tink.aead.internal.InsecureNonceAesGcmJce,decrypt,app.maskan.chat_90.apk,LEGAL_REUSE_REJECTED
1241,3,CipherSpec,com.google.crypto.tink.aead.internal.InsecureNonceAesGcmJce,encrypt,app.maskan.chat_90.apk,LEGAL_REUSE_REJECTED
1250,4,CipherSpec,com.google.crypto.tink.subtle.PrfAesCmac,compute,app.maskan.chat_90.apk,GENUINE_no
1251,4,CipherSpec,com.google.crypto.tink.subtle.PrfAesCmac,generateSubKeys,app.maskan.chat_90.apk,GENUINE_no
1255,3,CipherSpec,com.google.crypto.tink.aead.internal.InsecureNonceAesGcmJce,decrypt,app.maskan.chat_90.apk,LEGAL_REUSE_REJECTED
1257,3,CipherSpec,com.google.crypto.tink.aead.internal.InsecureNonceAesGcmJce,encrypt,app.maskan.chat_90.apk,LEGAL_REUSE_REJECTED
1269,4,CipherSpec,com.google.crypto.tink.subtle.PrfAesCmac,compute,app.maskan.chat_90.apk,GENUINE_no
1270,4,CipherSpec,com.google.crypto.tink.subtle.PrfAesCmac,generateSubKeys,app.maskan.chat_90.apk,GENUINE_no
1274,3,CipherSpec,com.google.crypto.tink.aead.internal.InsecureNonceAesGcmJce,encrypt,app.maskan.chat_90.apk,LEGAL_REUSE_REJECTED
1282,4,CipherSpec,com.google.crypto.tink.subtle.PrfAesCmac,compute,app.maskan.chat_90.apk,GENUINE_no
1283,4,CipherSpec,com.google.crypto.tink.subtle.PrfAesCmac,generateSubKeys,app.maskan.chat_90.apk,GENUINE_no
1287,3,CipherSpec,com.google.crypto.tink.aead.internal.InsecureNonceAesGcmJce,decrypt,app.maskan.chat_90.apk,LEGAL_REUSE_REJECTED
1289,3,CipherSpec,com.google.crypto.tink.aead.internal.InsecureNonceAesGcmJce,encrypt,app.maskan.chat_90.apk,LEGAL_REUSE_REJECTED
1301,4,CipherSpec,com.google.crypto.tink.subtle.PrfAesCmac,compute,app.maskan.chat_90.apk,GENUINE_no
1302,4,CipherSpec,com.google.crypto.tink.subtle.PrfAesCmac,generateSubKeys,app.maskan.chat_90.apk,GENUINE_no
1314,4,CipherSpec,com.google.crypto.tink.subtle.PrfAesCmac,compute,app.maskan.chat_90.apk,GENUINE_no
1315,4,CipherSpec,com.google.crypto.tink.subtle.PrfAesCmac,generateSubKeys,app.maskan.chat_90.apk,GENUINE_no
1327,4,CipherSpec,com.google.crypto.tink.subtle.PrfAesCmac,compute,app.maskan.chat_90.apk,GENUINE_no
1328,4,CipherSpec,com.google.crypto.tink.subtle.PrfAesCmac,generateSubKeys,app.maskan.chat_90.apk,GENUINE_no
1340,4,CipherSpec,com.google.crypto.tink.subtle.PrfAesCmac,compute,app.maskan.chat_90.apk,GENUINE_no
1341,4,CipherSpec,com.google.crypto.tink.subtle.PrfAesCmac,generateSubKeys,app.maskan.chat_90.apk,GENUINE_no
1345,3,CipherSpec,com.google.crypto.tink.aead.internal.InsecureNonceAesGcmJce,encrypt,app.maskan.chat_90.apk,LEGAL_REUSE_REJECTED
1353,4,CipherSpec,com.google.crypto.tink.subtle.PrfAesCmac,compute,app.maskan.chat_90.apk,GENUINE_no
1354,4,CipherSpec,com.google.crypto.tink.subtle.PrfAesCmac,generateSubKeys,app.maskan.chat_90.apk,GENUINE_no
1366,4,CipherSpec,com.google.crypto.tink.subtle.PrfAesCmac,compute,app.maskan.chat_90.apk,GENUINE_no
1367,4,CipherSpec,com.google.crypto.tink.subtle.PrfAesCmac,generateSubKeys,app.maskan.chat_90.apk,GENUINE_no
1379,4,CipherSpec,com.google.crypto.tink.subtle.PrfAesCmac,compute,app.maskan.chat_90.apk,GENUINE_no
1380,4,CipherSpec,com.google.crypto.tink.subtle.PrfAesCmac,generateSubKeys,app.maskan.chat_90.apk,GENUINE_no
1392,4,CipherSpec,com.google.crypto.tink.subtle.PrfAesCmac,compute,app.maskan.chat_90.apk,GENUINE_no
1393,4,CipherSpec,com.google.crypto.tink.subtle.PrfAesCmac,generateSubKeys,app.maskan.chat_90.apk,GENUINE_no
1405,4,CipherSpec,com.google.crypto.tink.subtle.PrfAesCmac,compute,app.maskan.chat_90.apk,GENUINE_no
1406,4,CipherSpec,com.google.crypto.tink.subtle.PrfAesCmac,generateSubKeys,app.maskan.chat_90.apk,GENUINE_no
1410,3,CipherSpec,com.google.crypto.tink.aead.internal.InsecureNonceAesGcmJce,encrypt,app.maskan.chat_90.apk,LEGAL_REUSE_REJECTED
1418,4,CipherSpec,com.google.crypto.tink.subtle.PrfAesCmac,compute,app.maskan.chat_90.apk,GENUINE_no
1419,4,CipherSpec,com.google.crypto.tink.subtle.PrfAesCmac,generateSubKeys,app.maskan.chat_90.apk,GENUINE_no
1423,3,CipherSpec,com.google.crypto.tink.aead.internal.InsecureNonceAesGcmJce,decrypt,app.maskan.chat_90.apk,LEGAL_REUSE_REJECTED
1425,3,CipherSpec,com.google.crypto.tink.aead.internal.InsecureNonceAesGcmJce,encrypt,app.maskan.chat_90.apk,LEGAL_REUSE_REJECTED
1434,4,CipherSpec,com.google.crypto.tink.subtle.PrfAesCmac,compute,app.maskan.chat_90.apk,GENUINE_no
1435,4,CipherSpec,com.google.crypto.tink.subtle.PrfAesCmac,generateSubKeys,app.maskan.chat_90.apk,GENUINE_no
1447,4,CipherSpec,com.google.crypto.tink.subtle.PrfAesCmac,compute,app.maskan.chat_90.apk,GENUINE_no
1448,4,CipherSpec,com.google.crypto.tink.subtle.PrfAesCmac,generateSubKeys,app.maskan.chat_90.apk,GENUINE_no
1452,3,CipherSpec,com.google.crypto.tink.aead.internal.InsecureNonceAesGcmJce,decrypt,app.maskan.chat_90.apk,LEGAL_REUSE_REJECTED
1454,3,CipherSpec,com.google.crypto.tink.aead.internal.InsecureNonceAesGcmJce,encrypt,app.maskan.chat_90.apk,LEGAL_REUSE_REJECTED
1463,4,CipherSpec,com.google.crypto.tink.subtle.PrfAesCmac,compute,app.maskan.chat_90.apk,GENUINE_no
1464,4,CipherSpec,com.google.crypto.tink.subtle.PrfAesCmac,generateSubKeys,app.maskan.chat_90.apk,GENUINE_no
1468,3,CipherSpec,com.google.crypto.tink.aead.internal.InsecureNonceAesGcmJce,decrypt,app.maskan.chat_90.apk,LEGAL_REUSE_REJECTED
1470,3,CipherSpec,com.google.crypto.tink.aead.internal.InsecureNonceAesGcmJce,encrypt,app.maskan.chat_90.apk,LEGAL_REUSE_REJECTED
1482,4,CipherSpec,com.google.crypto.tink.subtle.PrfAesCmac,compute,app.maskan.chat_90.apk,GENUINE_no
1483,4,CipherSpec,com.google.crypto.tink.subtle.PrfAesCmac,generateSubKeys,app.maskan.chat_90.apk,GENUINE_no
1495,4,CipherSpec,com.google.crypto.tink.subtle.PrfAesCmac,compute,app.maskan.chat_90.apk,GENUINE_no
1496,4,CipherSpec,com.google.crypto.tink.subtle.PrfAesCmac,generateSubKeys,app.maskan.chat_90.apk,GENUINE_no
1500,3,CipherSpec,com.google.crypto.tink.aead.internal.InsecureNonceAesGcmJce,decrypt,app.maskan.chat_90.apk,LEGAL_REUSE_REJECTED
1502,3,CipherSpec,com.google.crypto.tink.aead.internal.InsecureNonceAesGcmJce,encrypt,app.maskan.chat_90.apk,LEGAL_REUSE_REJECTED
1514,4,CipherSpec,com.google.crypto.tink.subtle.PrfAesCmac,compute,app.maskan.chat_90.apk,GENUINE_no
1515,4,CipherSpec,com.google.crypto.tink.subtle.PrfAesCmac,generateSubKeys,app.maskan.chat_90.apk,GENUINE_no
1519,3,CipherSpec,com.google.crypto.tink.aead.internal.InsecureNonceAesGcmJce,decrypt,app.maskan.chat_90.apk,LEGAL_REUSE_REJECTED
1521,3,CipherSpec,com.google.crypto.tink.aead.internal.InsecureNonceAesGcmJce,encrypt,app.maskan.chat_90.apk,LEGAL_REUSE_REJECTED
1533,4,CipherSpec,com.google.crypto.tink.subtle.PrfAesCmac,compute,app.maskan.chat_90.apk,GENUINE_no
1534,4,CipherSpec,com.google.crypto.tink.subtle.PrfAesCmac,generateSubKeys,app.maskan.chat_90.apk,GENUINE_no
1546,4,CipherSpec,com.google.crypto.tink.subtle.PrfAesCmac,compute,app.maskan.chat_90.apk,GENUINE_no
1547,4,CipherSpec,com.google.crypto.tink.subtle.PrfAesCmac,generateSubKeys,app.maskan.chat_90.apk,GENUINE_no
1551,3,CipherSpec,com.google.crypto.tink.aead.internal.InsecureNonceAesGcmJce,decrypt,app.maskan.chat_90.apk,LEGAL_REUSE_REJECTED
1553,3,CipherSpec,com.google.crypto.tink.aead.internal.InsecureNonceAesGcmJce,encrypt,app.maskan.chat_90.apk,LEGAL_REUSE_REJECTED
1565,4,CipherSpec,com.google.crypto.tink.subtle.PrfAesCmac,compute,app.maskan.chat_90.apk,GENUINE_no
1566,4,CipherSpec,com.google.crypto.tink.subtle.PrfAesCmac,generateSubKeys,app.maskan.chat_90.apk,GENUINE_no
1578,4,CipherSpec,com.google.crypto.tink.subtle.PrfAesCmac,compute,app.maskan.chat_90.apk,GENUINE_no
1579,4,CipherSpec,com.google.crypto.tink.subtle.PrfAesCmac,generateSubKeys,app.maskan.chat_90.apk,GENUINE_no
1594,4,CipherSpec,com.google.crypto.tink.subtle.PrfAesCmac,compute,app.maskan.chat_90.apk,GENUINE_no
1595,4,CipherSpec,com.google.crypto.tink.subtle.PrfAesCmac,generateSubKeys,app.maskan.chat_90.apk,GENUINE_no
1599,3,CipherSpec,com.google.crypto.tink.aead.internal.InsecureNonceAesGcmJce,decrypt,app.maskan.chat_90.apk,LEGAL_REUSE_REJECTED
1601,3,CipherSpec,com.google.crypto.tink.aead.internal.InsecureNonceAesGcmJce,encrypt,app.maskan.chat_90.apk,LEGAL_REUSE_REJECTED
1610,4,CipherSpec,com.google.crypto.tink.subtle.PrfAesCmac,compute,app.maskan.chat_90.apk,GENUINE_no
1611,4,CipherSpec,com.google.crypto.tink.subtle.PrfAesCmac,generateSubKeys,app.maskan.chat_90.apk,GENUINE_no
1615,3,CipherSpec,com.google.crypto.tink.aead.internal.InsecureNonceAesGcmJce,decrypt,app.maskan.chat_90.apk,LEGAL_REUSE_REJECTED
1617,3,CipherSpec,com.google.crypto.tink.aead.internal.InsecureNonceAesGcmJce,encrypt,app.maskan.chat_90.apk,LEGAL_REUSE_REJECTED
1629,4,CipherSpec,com.google.crypto.tink.subtle.PrfAesCmac,compute,app.maskan.chat_90.apk,GENUINE_no
1630,4,CipherSpec,com.google.crypto.tink.subtle.PrfAesCmac,generateSubKeys,app.maskan.chat_90.apk,GENUINE_no
1636,3,CipherSpec,com.google.crypto.tink.aead.internal.InsecureNonceAesGcmJce,encrypt,app.maskan.chat_90.apk,LEGAL_REUSE_REJECTED
1645,4,CipherSpec,com.google.crypto.tink.subtle.PrfAesCmac,compute,app.maskan.chat_90.apk,GENUINE_no
1646,4,CipherSpec,com.google.crypto.tink.subtle.PrfAesCmac,generateSubKeys,app.maskan.chat_90.apk,GENUINE_no
1661,4,CipherSpec,com.google.crypto.tink.subtle.PrfAesCmac,compute,app.maskan.chat_90.apk,GENUINE_no
1662,4,CipherSpec,com.google.crypto.tink.subtle.PrfAesCmac,generateSubKeys,app.maskan.chat_90.apk,GENUINE_no
1677,4,CipherSpec,com.google.crypto.tink.subtle.PrfAesCmac,compute,app.maskan.chat_90.apk,GENUINE_no
1678,4,CipherSpec,com.google.crypto.tink.subtle.PrfAesCmac,generateSubKeys,app.maskan.chat_90.apk,GENUINE_no
1682,3,CipherSpec,com.google.crypto.tink.aead.internal.InsecureNonceAesGcmJce,decrypt,app.maskan.chat_90.apk,LEGAL_REUSE_REJECTED
1684,3,CipherSpec,com.google.crypto.tink.aead.internal.InsecureNonceAesGcmJce,encrypt,app.maskan.chat_90.apk,LEGAL_REUSE_REJECTED
1696,4,CipherSpec,com.google.crypto.tink.subtle.PrfAesCmac,compute,app.maskan.chat_90.apk,GENUINE_no
1697,4,CipherSpec,com.google.crypto.tink.subtle.PrfAesCmac,generateSubKeys,app.maskan.chat_90.apk,GENUINE_no
1712,4,CipherSpec,com.google.crypto.tink.subtle.PrfAesCmac,compute,app.maskan.chat_90.apk,GENUINE_no
1713,4,CipherSpec,com.google.crypto.tink.subtle.PrfAesCmac,generateSubKeys,app.maskan.chat_90.apk,GENUINE_no
1728,4,CipherSpec,com.google.crypto.tink.subtle.PrfAesCmac,compute,app.maskan.chat_90.apk,GENUINE_no
1729,4,CipherSpec,com.google.crypto.tink.subtle.PrfAesCmac,generateSubKeys,app.maskan.chat_90.apk,GENUINE_no
1740,4,CipherSpec,com.google.crypto.tink.subtle.PrfAesCmac,compute,app.michaelwuensch.bitbanana_79.apk,GENUINE_no
1741,4,CipherSpec,com.google.crypto.tink.subtle.PrfAesCmac,generateSubKeys,app.michaelwuensch.bitbanana_79.apk,GENUINE_no
1742,2,MessageDigestSpec,io.matthewnelson.kmp.tor.runtime.FileID$Companion,createFID,app.michaelwuensch.bitbanana_79.apk,UNOBSERVED_CREATION
1743,2,MessageDigestSpec,io.matthewnelson.kmp.tor.runtime.FileID$Companion,createFID$lambda$0,app.michaelwuensch.bitbanana_79.apk,UNOBSERVED_CREATION
1754,4,CipherSpec,com.google.crypto.tink.subtle.PrfAesCmac,compute,app.michaelwuensch.bitbanana_79.apk,GENUINE_no
1755,4,CipherSpec,com.google.crypto.tink.subtle.PrfAesCmac,generateSubKeys,app.michaelwuensch.bitbanana_79.apk,GENUINE_no
1756,2,MessageDigestSpec,io.matthewnelson.kmp.tor.runtime.FileID$Companion,createFID,app.michaelwuensch.bitbanana_79.apk,UNOBSERVED_CREATION
1757,2,MessageDigestSpec,io.matthewnelson.kmp.tor.runtime.FileID$Companion,createFID$lambda$0,app.michaelwuensch.bitbanana_79.apk,UNOBSERVED_CREATION
1768,4,CipherSpec,com.google.crypto.tink.subtle.PrfAesCmac,compute,app.michaelwuensch.bitbanana_79.apk,GENUINE_no
1769,4,CipherSpec,com.google.crypto.tink.subtle.PrfAesCmac,generateSubKeys,app.michaelwuensch.bitbanana_79.apk,GENUINE_no
1770,2,MessageDigestSpec,io.matthewnelson.kmp.tor.runtime.FileID$Companion,createFID,app.michaelwuensch.bitbanana_79.apk,UNOBSERVED_CREATION
1771,2,MessageDigestSpec,io.matthewnelson.kmp.tor.runtime.FileID$Companion,createFID$lambda$0,app.michaelwuensch.bitbanana_79.apk,UNOBSERVED_CREATION
1782,4,CipherSpec,com.google.crypto.tink.subtle.PrfAesCmac,compute,app.michaelwuensch.bitbanana_79.apk,GENUINE_no
1783,4,CipherSpec,com.google.crypto.tink.subtle.PrfAesCmac,generateSubKeys,app.michaelwuensch.bitbanana_79.apk,GENUINE_no
1784,2,MessageDigestSpec,io.matthewnelson.kmp.tor.runtime.FileID$Companion,createFID,app.michaelwuensch.bitbanana_79.apk,UNOBSERVED_CREATION
1785,2,MessageDigestSpec,io.matthewnelson.kmp.tor.runtime.FileID$Companion,createFID$lambda$0,app.michaelwuensch.bitbanana_79.apk,UNOBSERVED_CREATION
1796,4,CipherSpec,com.google.crypto.tink.subtle.PrfAesCmac,compute,app.michaelwuensch.bitbanana_79.apk,GENUINE_no
1797,4,CipherSpec,com.google.crypto.tink.subtle.PrfAesCmac,generateSubKeys,app.michaelwuensch.bitbanana_79.apk,GENUINE_no
1798,2,MessageDigestSpec,io.matthewnelson.kmp.tor.runtime.FileID$Companion,createFID,app.michaelwuensch.bitbanana_79.apk,UNOBSERVED_CREATION
1799,2,MessageDigestSpec,io.matthewnelson.kmp.tor.runtime.FileID$Companion,createFID$lambda$0,app.michaelwuensch.bitbanana_79.apk,UNOBSERVED_CREATION
1810,4,CipherSpec,com.google.crypto.tink.subtle.PrfAesCmac,compute,app.michaelwuensch.bitbanana_79.apk,GENUINE_no
1811,4,CipherSpec,com.google.crypto.tink.subtle.PrfAesCmac,generateSubKeys,app.michaelwuensch.bitbanana_79.apk,GENUINE_no
1812,2,MessageDigestSpec,io.matthewnelson.kmp.tor.runtime.FileID$Companion,createFID,app.michaelwuensch.bitbanana_79.apk,UNOBSERVED_CREATION
1813,2,MessageDigestSpec,io.matthewnelson.kmp.tor.runtime.FileID$Companion,createFID$lambda$0,app.michaelwuensch.bitbanana_79.apk,UNOBSERVED_CREATION
1824,4,CipherSpec,com.google.crypto.tink.subtle.PrfAesCmac,compute,app.michaelwuensch.bitbanana_79.apk,GENUINE_no
1825,4,CipherSpec,com.google.crypto.tink.subtle.PrfAesCmac,generateSubKeys,app.michaelwuensch.bitbanana_79.apk,GENUINE_no
1826,2,MessageDigestSpec,io.matthewnelson.kmp.tor.runtime.FileID$Companion,createFID,app.michaelwuensch.bitbanana_79.apk,UNOBSERVED_CREATION
1827,2,MessageDigestSpec,io.matthewnelson.kmp.tor.runtime.FileID$Companion,createFID$lambda$0,app.michaelwuensch.bitbanana_79.apk,UNOBSERVED_CREATION
1838,4,CipherSpec,com.google.crypto.tink.subtle.PrfAesCmac,compute,app.michaelwuensch.bitbanana_79.apk,GENUINE_no
1839,4,CipherSpec,com.google.crypto.tink.subtle.PrfAesCmac,generateSubKeys,app.michaelwuensch.bitbanana_79.apk,GENUINE_no
1840,2,MessageDigestSpec,io.matthewnelson.kmp.tor.runtime.FileID$Companion,createFID,app.michaelwuensch.bitbanana_79.apk,UNOBSERVED_CREATION
1841,2,MessageDigestSpec,io.matthewnelson.kmp.tor.runtime.FileID$Companion,createFID$lambda$0,app.michaelwuensch.bitbanana_79.apk,UNOBSERVED_CREATION
1852,4,CipherSpec,com.google.crypto.tink.subtle.PrfAesCmac,compute,app.michaelwuensch.bitbanana_79.apk,GENUINE_no
1853,4,CipherSpec,com.google.crypto.tink.subtle.PrfAesCmac,generateSubKeys,app.michaelwuensch.bitbanana_79.apk,GENUINE_no
1854,2,MessageDigestSpec,io.matthewnelson.kmp.tor.runtime.FileID$Companion,createFID,app.michaelwuensch.bitbanana_79.apk,UNOBSERVED_CREATION
1855,2,MessageDigestSpec,io.matthewnelson.kmp.tor.runtime.FileID$Companion,createFID$lambda$0,app.michaelwuensch.bitbanana_79.apk,UNOBSERVED_CREATION
1866,4,CipherSpec,com.google.crypto.tink.subtle.PrfAesCmac,compute,app.michaelwuensch.bitbanana_79.apk,GENUINE_no
1867,4,CipherSpec,com.google.crypto.tink.subtle.PrfAesCmac,generateSubKeys,app.michaelwuensch.bitbanana_79.apk,GENUINE_no
1868,2,MessageDigestSpec,io.matthewnelson.kmp.tor.runtime.FileID$Companion,createFID,app.michaelwuensch.bitbanana_79.apk,UNOBSERVED_CREATION
1869,2,MessageDigestSpec,io.matthewnelson.kmp.tor.runtime.FileID$Companion,createFID$lambda$0,app.michaelwuensch.bitbanana_79.apk,UNOBSERVED_CREATION
1880,4,CipherSpec,com.google.crypto.tink.subtle.PrfAesCmac,compute,app.michaelwuensch.bitbanana_79.apk,GENUINE_no
1881,4,CipherSpec,com.google.crypto.tink.subtle.PrfAesCmac,generateSubKeys,app.michaelwuensch.bitbanana_79.apk,GENUINE_no
1882,2,MessageDigestSpec,io.matthewnelson.kmp.tor.runtime.FileID$Companion,createFID,app.michaelwuensch.bitbanana_79.apk,UNOBSERVED_CREATION
1883,2,MessageDigestSpec,io.matthewnelson.kmp.tor.runtime.FileID$Companion,createFID$lambda$0,app.michaelwuensch.bitbanana_79.apk,UNOBSERVED_CREATION
1894,4,CipherSpec,com.google.crypto.tink.subtle.PrfAesCmac,compute,app.michaelwuensch.bitbanana_79.apk,GENUINE_no
1895,4,CipherSpec,com.google.crypto.tink.subtle.PrfAesCmac,generateSubKeys,app.michaelwuensch.bitbanana_79.apk,GENUINE_no
1896,2,MessageDigestSpec,io.matthewnelson.kmp.tor.runtime.FileID$Companion,createFID,app.michaelwuensch.bitbanana_79.apk,UNOBSERVED_CREATION
1897,2,MessageDigestSpec,io.matthewnelson.kmp.tor.runtime.FileID$Companion,createFID$lambda$0,app.michaelwuensch.bitbanana_79.apk,UNOBSERVED_CREATION
1908,4,CipherSpec,com.google.crypto.tink.subtle.PrfAesCmac,compute,app.michaelwuensch.bitbanana_79.apk,GENUINE_no
1909,4,CipherSpec,com.google.crypto.tink.subtle.PrfAesCmac,generateSubKeys,app.michaelwuensch.bitbanana_79.apk,GENUINE_no
1910,2,MessageDigestSpec,io.matthewnelson.kmp.tor.runtime.FileID$Companion,createFID,app.michaelwuensch.bitbanana_79.apk,UNOBSERVED_CREATION
1911,2,MessageDigestSpec,io.matthewnelson.kmp.tor.runtime.FileID$Companion,createFID$lambda$0,app.michaelwuensch.bitbanana_79.apk,UNOBSERVED_CREATION
1922,4,CipherSpec,com.google.crypto.tink.subtle.PrfAesCmac,compute,app.michaelwuensch.bitbanana_79.apk,GENUINE_no
1923,4,CipherSpec,com.google.crypto.tink.subtle.PrfAesCmac,generateSubKeys,app.michaelwuensch.bitbanana_79.apk,GENUINE_no
1924,2,MessageDigestSpec,io.matthewnelson.kmp.tor.runtime.FileID$Companion,createFID,app.michaelwuensch.bitbanana_79.apk,UNOBSERVED_CREATION
1925,2,MessageDigestSpec,io.matthewnelson.kmp.tor.runtime.FileID$Companion,createFID$lambda$0,app.michaelwuensch.bitbanana_79.apk,UNOBSERVED_CREATION
1936,4,CipherSpec,com.google.crypto.tink.subtle.PrfAesCmac,compute,app.michaelwuensch.bitbanana_79.apk,GENUINE_no
1937,4,CipherSpec,com.google.crypto.tink.subtle.PrfAesCmac,generateSubKeys,app.michaelwuensch.bitbanana_79.apk,GENUINE_no
1938,2,MessageDigestSpec,io.matthewnelson.kmp.tor.runtime.FileID$Companion,createFID,app.michaelwuensch.bitbanana_79.apk,UNOBSERVED_CREATION
1939,2,MessageDigestSpec,io.matthewnelson.kmp.tor.runtime.FileID$Companion,createFID$lambda$0,app.michaelwuensch.bitbanana_79.apk,UNOBSERVED_CREATION
1950,4,CipherSpec,com.google.crypto.tink.subtle.PrfAesCmac,compute,app.michaelwuensch.bitbanana_79.apk,GENUINE_no
1951,4,CipherSpec,com.google.crypto.tink.subtle.PrfAesCmac,generateSubKeys,app.michaelwuensch.bitbanana_79.apk,GENUINE_no
1952,2,MessageDigestSpec,io.matthewnelson.kmp.tor.runtime.FileID$Companion,createFID,app.michaelwuensch.bitbanana_79.apk,UNOBSERVED_CREATION
1953,2,MessageDigestSpec,io.matthewnelson.kmp.tor.runtime.FileID$Companion,createFID$lambda$0,app.michaelwuensch.bitbanana_79.apk,UNOBSERVED_CREATION
1964,4,CipherSpec,com.google.crypto.tink.subtle.PrfAesCmac,compute,app.michaelwuensch.bitbanana_79.apk,GENUINE_no
1965,4,CipherSpec,com.google.crypto.tink.subtle.PrfAesCmac,generateSubKeys,app.michaelwuensch.bitbanana_79.apk,GENUINE_no
1966,2,MessageDigestSpec,io.matthewnelson.kmp.tor.runtime.FileID$Companion,createFID,app.michaelwuensch.bitbanana_79.apk,UNOBSERVED_CREATION
1967,2,MessageDigestSpec,io.matthewnelson.kmp.tor.runtime.FileID$Companion,createFID$lambda$0,app.michaelwuensch.bitbanana_79.apk,UNOBSERVED_CREATION
1978,4,CipherSpec,com.google.crypto.tink.subtle.PrfAesCmac,compute,app.michaelwuensch.bitbanana_79.apk,GENUINE_no
1979,4,CipherSpec,com.google.crypto.tink.subtle.PrfAesCmac,generateSubKeys,app.michaelwuensch.bitbanana_79.apk,GENUINE_no
1980,2,MessageDigestSpec,io.matthewnelson.kmp.tor.runtime.FileID$Companion,createFID,app.michaelwuensch.bitbanana_79.apk,UNOBSERVED_CREATION
1981,2,MessageDigestSpec,io.matthewnelson.kmp.tor.runtime.FileID$Companion,createFID$lambda$0,app.michaelwuensch.bitbanana_79.apk,UNOBSERVED_CREATION
1992,4,CipherSpec,com.google.crypto.tink.subtle.PrfAesCmac,compute,app.michaelwuensch.bitbanana_79.apk,GENUINE_no
1993,4,CipherSpec,com.google.crypto.tink.subtle.PrfAesCmac,generateSubKeys,app.michaelwuensch.bitbanana_79.apk,GENUINE_no
1994,2,MessageDigestSpec,io.matthewnelson.kmp.tor.runtime.FileID$Companion,createFID,app.michaelwuensch.bitbanana_79.apk,UNOBSERVED_CREATION
1995,2,MessageDigestSpec,io.matthewnelson.kmp.tor.runtime.FileID$Companion,createFID$lambda$0,app.michaelwuensch.bitbanana_79.apk,UNOBSERVED_CREATION
2006,4,CipherSpec,com.google.crypto.tink.subtle.PrfAesCmac,compute,app.michaelwuensch.bitbanana_79.apk,GENUINE_no
2007,4,CipherSpec,com.google.crypto.tink.subtle.PrfAesCmac,generateSubKeys,app.michaelwuensch.bitbanana_79.apk,GENUINE_no
2008,2,MessageDigestSpec,io.matthewnelson.kmp.tor.runtime.FileID$Companion,createFID,app.michaelwuensch.bitbanana_79.apk,UNOBSERVED_CREATION
2009,2,MessageDigestSpec,io.matthewnelson.kmp.tor.runtime.FileID$Companion,createFID$lambda$0,app.michaelwuensch.bitbanana_79.apk,UNOBSERVED_CREATION
2020,4,CipherSpec,com.google.crypto.tink.subtle.PrfAesCmac,compute,app.michaelwuensch.bitbanana_79.apk,GENUINE_no
2021,4,CipherSpec,com.google.crypto.tink.subtle.PrfAesCmac,generateSubKeys,app.michaelwuensch.bitbanana_79.apk,GENUINE_no
2022,2,MessageDigestSpec,io.matthewnelson.kmp.tor.runtime.FileID$Companion,createFID,app.michaelwuensch.bitbanana_79.apk,UNOBSERVED_CREATION
2023,2,MessageDigestSpec,io.matthewnelson.kmp.tor.runtime.FileID$Companion,createFID$lambda$0,app.michaelwuensch.bitbanana_79.apk,UNOBSERVED_CREATION
2034,4,CipherSpec,com.google.crypto.tink.subtle.PrfAesCmac,compute,app.michaelwuensch.bitbanana_79.apk,GENUINE_no
2035,4,CipherSpec,com.google.crypto.tink.subtle.PrfAesCmac,generateSubKeys,app.michaelwuensch.bitbanana_79.apk,GENUINE_no
2036,2,MessageDigestSpec,io.matthewnelson.kmp.tor.runtime.FileID$Companion,createFID,app.michaelwuensch.bitbanana_79.apk,UNOBSERVED_CREATION
2037,2,MessageDigestSpec,io.matthewnelson.kmp.tor.runtime.FileID$Companion,createFID$lambda$0,app.michaelwuensch.bitbanana_79.apk,UNOBSERVED_CREATION
2048,4,CipherSpec,com.google.crypto.tink.subtle.PrfAesCmac,compute,app.michaelwuensch.bitbanana_79.apk,GENUINE_no
2049,4,CipherSpec,com.google.crypto.tink.subtle.PrfAesCmac,generateSubKeys,app.michaelwuensch.bitbanana_79.apk,GENUINE_no
2050,2,MessageDigestSpec,io.matthewnelson.kmp.tor.runtime.FileID$Companion,createFID,app.michaelwuensch.bitbanana_79.apk,UNOBSERVED_CREATION
2051,2,MessageDigestSpec,io.matthewnelson.kmp.tor.runtime.FileID$Companion,createFID$lambda$0,app.michaelwuensch.bitbanana_79.apk,UNOBSERVED_CREATION
2062,4,CipherSpec,com.google.crypto.tink.subtle.PrfAesCmac,compute,app.michaelwuensch.bitbanana_79.apk,GENUINE_no
2063,4,CipherSpec,com.google.crypto.tink.subtle.PrfAesCmac,generateSubKeys,app.michaelwuensch.bitbanana_79.apk,GENUINE_no
2064,2,MessageDigestSpec,io.matthewnelson.kmp.tor.runtime.FileID$Companion,createFID,app.michaelwuensch.bitbanana_79.apk,UNOBSERVED_CREATION
2065,2,MessageDigestSpec,io.matthewnelson.kmp.tor.runtime.FileID$Companion,createFID$lambda$0,app.michaelwuensch.bitbanana_79.apk,UNOBSERVED_CREATION
2076,4,CipherSpec,com.google.crypto.tink.subtle.PrfAesCmac,compute,app.michaelwuensch.bitbanana_79.apk,GENUINE_no
2077,4,CipherSpec,com.google.crypto.tink.subtle.PrfAesCmac,generateSubKeys,app.michaelwuensch.bitbanana_79.apk,GENUINE_no
2078,2,MessageDigestSpec,io.matthewnelson.kmp.tor.runtime.FileID$Companion,createFID,app.michaelwuensch.bitbanana_79.apk,UNOBSERVED_CREATION
2079,2,MessageDigestSpec,io.matthewnelson.kmp.tor.runtime.FileID$Companion,createFID$lambda$0,app.michaelwuensch.bitbanana_79.apk,UNOBSERVED_CREATION
2090,4,CipherSpec,com.google.crypto.tink.subtle.PrfAesCmac,compute,app.michaelwuensch.bitbanana_79.apk,GENUINE_no
2091,4,CipherSpec,com.google.crypto.tink.subtle.PrfAesCmac,generateSubKeys,app.michaelwuensch.bitbanana_79.apk,GENUINE_no
2092,2,MessageDigestSpec,io.matthewnelson.kmp.tor.runtime.FileID$Companion,createFID,app.michaelwuensch.bitbanana_79.apk,UNOBSERVED_CREATION
2093,2,MessageDigestSpec,io.matthewnelson.kmp.tor.runtime.FileID$Companion,createFID$lambda$0,app.michaelwuensch.bitbanana_79.apk,UNOBSERVED_CREATION
2104,4,CipherSpec,com.google.crypto.tink.subtle.PrfAesCmac,compute,app.michaelwuensch.bitbanana_79.apk,GENUINE_no
2105,4,CipherSpec,com.google.crypto.tink.subtle.PrfAesCmac,generateSubKeys,app.michaelwuensch.bitbanana_79.apk,GENUINE_no
2106,2,MessageDigestSpec,io.matthewnelson.kmp.tor.runtime.FileID$Companion,createFID,app.michaelwuensch.bitbanana_79.apk,UNOBSERVED_CREATION
2107,2,MessageDigestSpec,io.matthewnelson.kmp.tor.runtime.FileID$Companion,createFID$lambda$0,app.michaelwuensch.bitbanana_79.apk,UNOBSERVED_CREATION
2118,4,CipherSpec,com.google.crypto.tink.subtle.PrfAesCmac,compute,app.michaelwuensch.bitbanana_79.apk,GENUINE_no
2119,4,CipherSpec,com.google.crypto.tink.subtle.PrfAesCmac,generateSubKeys,app.michaelwuensch.bitbanana_79.apk,GENUINE_no
2120,2,MessageDigestSpec,io.matthewnelson.kmp.tor.runtime.FileID$Companion,createFID,app.michaelwuensch.bitbanana_79.apk,UNOBSERVED_CREATION
2121,2,MessageDigestSpec,io.matthewnelson.kmp.tor.runtime.FileID$Companion,createFID$lambda$0,app.michaelwuensch.bitbanana_79.apk,UNOBSERVED_CREATION
2132,4,CipherSpec,com.google.crypto.tink.subtle.PrfAesCmac,compute,app.michaelwuensch.bitbanana_79.apk,GENUINE_no
2133,4,CipherSpec,com.google.crypto.tink.subtle.PrfAesCmac,generateSubKeys,app.michaelwuensch.bitbanana_79.apk,GENUINE_no
2134,2,MessageDigestSpec,io.matthewnelson.kmp.tor.runtime.FileID$Companion,createFID,app.michaelwuensch.bitbanana_79.apk,UNOBSERVED_CREATION
2135,2,MessageDigestSpec,io.matthewnelson.kmp.tor.runtime.FileID$Companion,createFID$lambda$0,app.michaelwuensch.bitbanana_79.apk,UNOBSERVED_CREATION
2146,4,CipherSpec,com.google.crypto.tink.subtle.PrfAesCmac,compute,app.michaelwuensch.bitbanana_79.apk,GENUINE_no
2147,4,CipherSpec,com.google.crypto.tink.subtle.PrfAesCmac,generateSubKeys,app.michaelwuensch.bitbanana_79.apk,GENUINE_no
2158,4,CipherSpec,com.google.crypto.tink.subtle.PrfAesCmac,compute,app.michaelwuensch.bitbanana_79.apk,GENUINE_no
2159,4,CipherSpec,com.google.crypto.tink.subtle.PrfAesCmac,generateSubKeys,app.michaelwuensch.bitbanana_79.apk,GENUINE_no
2160,2,MessageDigestSpec,io.matthewnelson.kmp.tor.runtime.FileID$Companion,createFID,app.michaelwuensch.bitbanana_79.apk,UNOBSERVED_CREATION
2161,2,MessageDigestSpec,io.matthewnelson.kmp.tor.runtime.FileID$Companion,createFID$lambda$0,app.michaelwuensch.bitbanana_79.apk,UNOBSERVED_CREATION
2172,4,CipherSpec,com.google.crypto.tink.subtle.PrfAesCmac,compute,app.michaelwuensch.bitbanana_79.apk,GENUINE_no
2173,4,CipherSpec,com.google.crypto.tink.subtle.PrfAesCmac,generateSubKeys,app.michaelwuensch.bitbanana_79.apk,GENUINE_no
2184,4,CipherSpec,com.google.crypto.tink.subtle.PrfAesCmac,compute,app.michaelwuensch.bitbanana_79.apk,GENUINE_no
2185,4,CipherSpec,com.google.crypto.tink.subtle.PrfAesCmac,generateSubKeys,app.michaelwuensch.bitbanana_79.apk,GENUINE_no
2186,2,MessageDigestSpec,io.matthewnelson.kmp.tor.runtime.FileID$Companion,createFID,app.michaelwuensch.bitbanana_79.apk,UNOBSERVED_CREATION
2187,2,MessageDigestSpec,io.matthewnelson.kmp.tor.runtime.FileID$Companion,createFID$lambda$0,app.michaelwuensch.bitbanana_79.apk,UNOBSERVED_CREATION
2198,4,CipherSpec,com.google.crypto.tink.subtle.PrfAesCmac,compute,app.michaelwuensch.bitbanana_79.apk,GENUINE_no
2199,4,CipherSpec,com.google.crypto.tink.subtle.PrfAesCmac,generateSubKeys,app.michaelwuensch.bitbanana_79.apk,GENUINE_no
2200,2,MessageDigestSpec,io.matthewnelson.kmp.tor.runtime.FileID$Companion,createFID$lambda$0,app.michaelwuensch.bitbanana_79.apk,UNOBSERVED_CREATION
2211,4,CipherSpec,com.google.crypto.tink.subtle.PrfAesCmac,compute,app.michaelwuensch.bitbanana_79.apk,GENUINE_no
2212,4,CipherSpec,com.google.crypto.tink.subtle.PrfAesCmac,generateSubKeys,app.michaelwuensch.bitbanana_79.apk,GENUINE_no
2213,2,MessageDigestSpec,io.matthewnelson.kmp.tor.runtime.FileID$Companion,createFID,app.michaelwuensch.bitbanana_79.apk,UNOBSERVED_CREATION
2214,2,MessageDigestSpec,io.matthewnelson.kmp.tor.runtime.FileID$Companion,createFID$lambda$0,app.michaelwuensch.bitbanana_79.apk,UNOBSERVED_CREATION
2225,4,CipherSpec,com.google.crypto.tink.subtle.PrfAesCmac,compute,app.michaelwuensch.bitbanana_79.apk,GENUINE_no
2226,4,CipherSpec,com.google.crypto.tink.subtle.PrfAesCmac,generateSubKeys,app.michaelwuensch.bitbanana_79.apk,GENUINE_no
2227,2,MessageDigestSpec,io.matthewnelson.kmp.tor.runtime.FileID$Companion,createFID,app.michaelwuensch.bitbanana_79.apk,UNOBSERVED_CREATION
2228,2,MessageDigestSpec,io.matthewnelson.kmp.tor.runtime.FileID$Companion,createFID$lambda$0,app.michaelwuensch.bitbanana_79.apk,UNOBSERVED_CREATION
2239,4,CipherSpec,com.google.crypto.tink.subtle.PrfAesCmac,compute,app.michaelwuensch.bitbanana_79.apk,GENUINE_no
2240,4,CipherSpec,com.google.crypto.tink.subtle.PrfAesCmac,generateSubKeys,app.michaelwuensch.bitbanana_79.apk,GENUINE_no
2241,2,MessageDigestSpec,io.matthewnelson.kmp.tor.runtime.FileID$Companion,createFID,app.michaelwuensch.bitbanana_79.apk,UNOBSERVED_CREATION
2242,2,MessageDigestSpec,io.matthewnelson.kmp.tor.runtime.FileID$Companion,createFID$lambda$0,app.michaelwuensch.bitbanana_79.apk,UNOBSERVED_CREATION
2253,4,CipherSpec,com.google.crypto.tink.subtle.PrfAesCmac,compute,app.michaelwuensch.bitbanana_79.apk,GENUINE_no
2254,4,CipherSpec,com.google.crypto.tink.subtle.PrfAesCmac,generateSubKeys,app.michaelwuensch.bitbanana_79.apk,GENUINE_no
2255,2,MessageDigestSpec,io.matthewnelson.kmp.tor.runtime.FileID$Companion,createFID,app.michaelwuensch.bitbanana_79.apk,UNOBSERVED_CREATION
2256,2,MessageDigestSpec,io.matthewnelson.kmp.tor.runtime.FileID$Companion,createFID$lambda$0,app.michaelwuensch.bitbanana_79.apk,UNOBSERVED_CREATION
2267,4,CipherSpec,com.google.crypto.tink.subtle.PrfAesCmac,compute,app.michaelwuensch.bitbanana_79.apk,GENUINE_no
2268,4,CipherSpec,com.google.crypto.tink.subtle.PrfAesCmac,generateSubKeys,app.michaelwuensch.bitbanana_79.apk,GENUINE_no
2269,2,MessageDigestSpec,io.matthewnelson.kmp.tor.runtime.FileID$Companion,createFID,app.michaelwuensch.bitbanana_79.apk,UNOBSERVED_CREATION
2270,2,MessageDigestSpec,io.matthewnelson.kmp.tor.runtime.FileID$Companion,createFID$lambda$0,app.michaelwuensch.bitbanana_79.apk,UNOBSERVED_CREATION
2281,4,CipherSpec,com.google.crypto.tink.subtle.PrfAesCmac,compute,app.michaelwuensch.bitbanana_79.apk,GENUINE_no
2282,4,CipherSpec,com.google.crypto.tink.subtle.PrfAesCmac,generateSubKeys,app.michaelwuensch.bitbanana_79.apk,GENUINE_no
2283,2,MessageDigestSpec,io.matthewnelson.kmp.tor.runtime.FileID$Companion,createFID,app.michaelwuensch.bitbanana_79.apk,UNOBSERVED_CREATION
2284,2,MessageDigestSpec,io.matthewnelson.kmp.tor.runtime.FileID$Companion,createFID$lambda$0,app.michaelwuensch.bitbanana_79.apk,UNOBSERVED_CREATION
2295,4,CipherSpec,com.google.crypto.tink.subtle.PrfAesCmac,compute,app.michaelwuensch.bitbanana_79.apk,GENUINE_no
2296,4,CipherSpec,com.google.crypto.tink.subtle.PrfAesCmac,generateSubKeys,app.michaelwuensch.bitbanana_79.apk,GENUINE_no
2297,2,MessageDigestSpec,io.matthewnelson.kmp.tor.runtime.FileID$Companion,createFID,app.michaelwuensch.bitbanana_79.apk,UNOBSERVED_CREATION
2298,2,MessageDigestSpec,io.matthewnelson.kmp.tor.runtime.FileID$Companion,createFID$lambda$0,app.michaelwuensch.bitbanana_79.apk,UNOBSERVED_CREATION
2309,4,CipherSpec,com.google.crypto.tink.subtle.PrfAesCmac,compute,app.michaelwuensch.bitbanana_79.apk,GENUINE_no
2310,4,CipherSpec,com.google.crypto.tink.subtle.PrfAesCmac,generateSubKeys,app.michaelwuensch.bitbanana_79.apk,GENUINE_no
2311,2,MessageDigestSpec,io.matthewnelson.kmp.tor.runtime.FileID$Companion,createFID,app.michaelwuensch.bitbanana_79.apk,UNOBSERVED_CREATION
2312,2,MessageDigestSpec,io.matthewnelson.kmp.tor.runtime.FileID$Companion,createFID$lambda$0,app.michaelwuensch.bitbanana_79.apk,UNOBSERVED_CREATION
2323,4,CipherSpec,com.google.crypto.tink.subtle.PrfAesCmac,compute,app.michaelwuensch.bitbanana_79.apk,GENUINE_no
2324,4,CipherSpec,com.google.crypto.tink.subtle.PrfAesCmac,generateSubKeys,app.michaelwuensch.bitbanana_79.apk,GENUINE_no
2325,2,MessageDigestSpec,io.matthewnelson.kmp.tor.runtime.FileID$Companion,createFID,app.michaelwuensch.bitbanana_79.apk,UNOBSERVED_CREATION
2326,2,MessageDigestSpec,io.matthewnelson.kmp.tor.runtime.FileID$Companion,createFID$lambda$0,app.michaelwuensch.bitbanana_79.apk,UNOBSERVED_CREATION
2336,4,CipherSpec,com.google.crypto.tink.subtle.PrfAesCmac,compute,app.michaelwuensch.bitbanana_79.apk,GENUINE_no
2337,4,CipherSpec,com.google.crypto.tink.subtle.PrfAesCmac,generateSubKeys,app.michaelwuensch.bitbanana_79.apk,GENUINE_no
2338,2,MessageDigestSpec,io.matthewnelson.kmp.tor.runtime.FileID$Companion,createFID,app.michaelwuensch.bitbanana_79.apk,UNOBSERVED_CREATION
2339,2,MessageDigestSpec,io.matthewnelson.kmp.tor.runtime.FileID$Companion,createFID$lambda$0,app.michaelwuensch.bitbanana_79.apk,UNOBSERVED_CREATION
2350,4,CipherSpec,com.google.crypto.tink.subtle.PrfAesCmac,compute,app.michaelwuensch.bitbanana_79.apk,GENUINE_no
2351,4,CipherSpec,com.google.crypto.tink.subtle.PrfAesCmac,generateSubKeys,app.michaelwuensch.bitbanana_79.apk,GENUINE_no
2352,2,MessageDigestSpec,io.matthewnelson.kmp.tor.runtime.FileID$Companion,createFID,app.michaelwuensch.bitbanana_79.apk,UNOBSERVED_CREATION
2363,4,CipherSpec,com.google.crypto.tink.subtle.PrfAesCmac,compute,app.michaelwuensch.bitbanana_79.apk,GENUINE_no
2364,4,CipherSpec,com.google.crypto.tink.subtle.PrfAesCmac,generateSubKeys,app.michaelwuensch.bitbanana_79.apk,GENUINE_no
2365,2,MessageDigestSpec,io.matthewnelson.kmp.tor.runtime.FileID$Companion,createFID,app.michaelwuensch.bitbanana_79.apk,UNOBSERVED_CREATION
2366,2,MessageDigestSpec,io.matthewnelson.kmp.tor.runtime.FileID$Companion,createFID$lambda$0,app.michaelwuensch.bitbanana_79.apk,UNOBSERVED_CREATION
2377,4,CipherSpec,com.google.crypto.tink.subtle.PrfAesCmac,compute,app.michaelwuensch.bitbanana_79.apk,GENUINE_no
2378,4,CipherSpec,com.google.crypto.tink.subtle.PrfAesCmac,generateSubKeys,app.michaelwuensch.bitbanana_79.apk,GENUINE_no
2389,4,CipherSpec,com.google.crypto.tink.subtle.PrfAesCmac,compute,app.michaelwuensch.bitbanana_79.apk,GENUINE_no
2390,4,CipherSpec,com.google.crypto.tink.subtle.PrfAesCmac,generateSubKeys,app.michaelwuensch.bitbanana_79.apk,GENUINE_no
2401,4,CipherSpec,com.google.crypto.tink.subtle.PrfAesCmac,compute,app.michaelwuensch.bitbanana_79.apk,GENUINE_no
2402,4,CipherSpec,com.google.crypto.tink.subtle.PrfAesCmac,generateSubKeys,app.michaelwuensch.bitbanana_79.apk,GENUINE_no
2403,2,MessageDigestSpec,io.matthewnelson.kmp.tor.runtime.FileID$Companion,createFID,app.michaelwuensch.bitbanana_79.apk,UNOBSERVED_CREATION
2404,2,MessageDigestSpec,io.matthewnelson.kmp.tor.runtime.FileID$Companion,createFID$lambda$0,app.michaelwuensch.bitbanana_79.apk,UNOBSERVED_CREATION
2415,4,CipherSpec,com.google.crypto.tink.subtle.PrfAesCmac,compute,app.michaelwuensch.bitbanana_79.apk,GENUINE_no
2416,4,CipherSpec,com.google.crypto.tink.subtle.PrfAesCmac,generateSubKeys,app.michaelwuensch.bitbanana_79.apk,GENUINE_no
2417,2,MessageDigestSpec,io.matthewnelson.kmp.tor.runtime.FileID$Companion,createFID,app.michaelwuensch.bitbanana_79.apk,UNOBSERVED_CREATION
2418,2,MessageDigestSpec,io.matthewnelson.kmp.tor.runtime.FileID$Companion,createFID$lambda$0,app.michaelwuensch.bitbanana_79.apk,UNOBSERVED_CREATION
2429,4,CipherSpec,com.google.crypto.tink.subtle.PrfAesCmac,compute,app.michaelwuensch.bitbanana_79.apk,GENUINE_no
2430,4,CipherSpec,com.google.crypto.tink.subtle.PrfAesCmac,generateSubKeys,app.michaelwuensch.bitbanana_79.apk,GENUINE_no
2441,4,CipherSpec,com.google.crypto.tink.subtle.PrfAesCmac,compute,app.michaelwuensch.bitbanana_79.apk,GENUINE_no
2442,4,CipherSpec,com.google.crypto.tink.subtle.PrfAesCmac,generateSubKeys,app.michaelwuensch.bitbanana_79.apk,GENUINE_no
2443,2,MessageDigestSpec,io.matthewnelson.kmp.tor.runtime.FileID$Companion,createFID,app.michaelwuensch.bitbanana_79.apk,UNOBSERVED_CREATION
2444,2,MessageDigestSpec,io.matthewnelson.kmp.tor.runtime.FileID$Companion,createFID$lambda$0,app.michaelwuensch.bitbanana_79.apk,UNOBSERVED_CREATION
2455,4,CipherSpec,com.google.crypto.tink.subtle.PrfAesCmac,compute,app.michaelwuensch.bitbanana_79.apk,GENUINE_no
2456,4,CipherSpec,com.google.crypto.tink.subtle.PrfAesCmac,generateSubKeys,app.michaelwuensch.bitbanana_79.apk,GENUINE_no
2457,2,MessageDigestSpec,io.matthewnelson.kmp.tor.runtime.FileID$Companion,createFID,app.michaelwuensch.bitbanana_79.apk,UNOBSERVED_CREATION
2458,2,MessageDigestSpec,io.matthewnelson.kmp.tor.runtime.FileID$Companion,createFID$lambda$0,app.michaelwuensch.bitbanana_79.apk,UNOBSERVED_CREATION
2469,4,CipherSpec,com.google.crypto.tink.subtle.PrfAesCmac,compute,app.michaelwuensch.bitbanana_79.apk,GENUINE_no
2470,4,CipherSpec,com.google.crypto.tink.subtle.PrfAesCmac,generateSubKeys,app.michaelwuensch.bitbanana_79.apk,GENUINE_no
2481,4,CipherSpec,com.google.crypto.tink.subtle.PrfAesCmac,compute,app.michaelwuensch.bitbanana_79.apk,GENUINE_no
2482,4,CipherSpec,com.google.crypto.tink.subtle.PrfAesCmac,generateSubKeys,app.michaelwuensch.bitbanana_79.apk,GENUINE_no
2483,2,MessageDigestSpec,io.matthewnelson.kmp.tor.runtime.FileID$Companion,createFID,app.michaelwuensch.bitbanana_79.apk,UNOBSERVED_CREATION
2484,2,MessageDigestSpec,io.matthewnelson.kmp.tor.runtime.FileID$Companion,createFID$lambda$0,app.michaelwuensch.bitbanana_79.apk,UNOBSERVED_CREATION
2495,4,CipherSpec,com.google.crypto.tink.subtle.PrfAesCmac,compute,app.michaelwuensch.bitbanana_79.apk,GENUINE_no
2496,4,CipherSpec,com.google.crypto.tink.subtle.PrfAesCmac,generateSubKeys,app.michaelwuensch.bitbanana_79.apk,GENUINE_no
2497,2,MessageDigestSpec,io.matthewnelson.kmp.tor.runtime.FileID$Companion,createFID,app.michaelwuensch.bitbanana_79.apk,UNOBSERVED_CREATION
2498,2,MessageDigestSpec,io.matthewnelson.kmp.tor.runtime.FileID$Companion,createFID$lambda$0,app.michaelwuensch.bitbanana_79.apk,UNOBSERVED_CREATION
2509,4,CipherSpec,com.google.crypto.tink.subtle.PrfAesCmac,compute,app.michaelwuensch.bitbanana_79.apk,GENUINE_no
2510,4,CipherSpec,com.google.crypto.tink.subtle.PrfAesCmac,generateSubKeys,app.michaelwuensch.bitbanana_79.apk,GENUINE_no
2511,2,MessageDigestSpec,io.matthewnelson.kmp.tor.runtime.FileID$Companion,createFID,app.michaelwuensch.bitbanana_79.apk,UNOBSERVED_CREATION
2512,2,MessageDigestSpec,io.matthewnelson.kmp.tor.runtime.FileID$Companion,createFID$lambda$0,app.michaelwuensch.bitbanana_79.apk,UNOBSERVED_CREATION
2523,4,CipherSpec,com.google.crypto.tink.subtle.PrfAesCmac,compute,app.michaelwuensch.bitbanana_79.apk,GENUINE_no
2524,4,CipherSpec,com.google.crypto.tink.subtle.PrfAesCmac,generateSubKeys,app.michaelwuensch.bitbanana_79.apk,GENUINE_no
2525,2,MessageDigestSpec,io.matthewnelson.kmp.tor.runtime.FileID$Companion,createFID,app.michaelwuensch.bitbanana_79.apk,UNOBSERVED_CREATION
2526,2,MessageDigestSpec,io.matthewnelson.kmp.tor.runtime.FileID$Companion,createFID$lambda$0,app.michaelwuensch.bitbanana_79.apk,UNOBSERVED_CREATION
2537,4,CipherSpec,com.google.crypto.tink.subtle.PrfAesCmac,compute,app.michaelwuensch.bitbanana_79.apk,GENUINE_no
2538,4,CipherSpec,com.google.crypto.tink.subtle.PrfAesCmac,generateSubKeys,app.michaelwuensch.bitbanana_79.apk,GENUINE_no
2539,2,MessageDigestSpec,io.matthewnelson.kmp.tor.runtime.FileID$Companion,createFID,app.michaelwuensch.bitbanana_79.apk,UNOBSERVED_CREATION
2540,2,MessageDigestSpec,io.matthewnelson.kmp.tor.runtime.FileID$Companion,createFID$lambda$0,app.michaelwuensch.bitbanana_79.apk,UNOBSERVED_CREATION
2551,4,CipherSpec,com.google.crypto.tink.subtle.PrfAesCmac,compute,app.michaelwuensch.bitbanana_79.apk,GENUINE_no
2552,4,CipherSpec,com.google.crypto.tink.subtle.PrfAesCmac,generateSubKeys,app.michaelwuensch.bitbanana_79.apk,GENUINE_no
2553,2,MessageDigestSpec,io.matthewnelson.kmp.tor.runtime.FileID$Companion,createFID,app.michaelwuensch.bitbanana_79.apk,UNOBSERVED_CREATION
2554,2,MessageDigestSpec,io.matthewnelson.kmp.tor.runtime.FileID$Companion,createFID$lambda$0,app.michaelwuensch.bitbanana_79.apk,UNOBSERVED_CREATION
2565,4,CipherSpec,com.google.crypto.tink.subtle.PrfAesCmac,compute,app.michaelwuensch.bitbanana_79.apk,GENUINE_no
2566,4,CipherSpec,com.google.crypto.tink.subtle.PrfAesCmac,generateSubKeys,app.michaelwuensch.bitbanana_79.apk,GENUINE_no
2567,2,MessageDigestSpec,io.matthewnelson.kmp.tor.runtime.FileID$Companion,createFID,app.michaelwuensch.bitbanana_79.apk,UNOBSERVED_CREATION
2568,2,MessageDigestSpec,io.matthewnelson.kmp.tor.runtime.FileID$Companion,createFID$lambda$0,app.michaelwuensch.bitbanana_79.apk,UNOBSERVED_CREATION
2579,4,CipherSpec,com.google.crypto.tink.subtle.PrfAesCmac,compute,app.michaelwuensch.bitbanana_79.apk,GENUINE_no
2580,4,CipherSpec,com.google.crypto.tink.subtle.PrfAesCmac,generateSubKeys,app.michaelwuensch.bitbanana_79.apk,GENUINE_no
2581,2,MessageDigestSpec,io.matthewnelson.kmp.tor.runtime.FileID$Companion,createFID,app.michaelwuensch.bitbanana_79.apk,UNOBSERVED_CREATION
2582,2,MessageDigestSpec,io.matthewnelson.kmp.tor.runtime.FileID$Companion,createFID$lambda$0,app.michaelwuensch.bitbanana_79.apk,UNOBSERVED_CREATION
2593,4,CipherSpec,com.google.crypto.tink.subtle.PrfAesCmac,compute,app.michaelwuensch.bitbanana_79.apk,GENUINE_no
2594,4,CipherSpec,com.google.crypto.tink.subtle.PrfAesCmac,generateSubKeys,app.michaelwuensch.bitbanana_79.apk,GENUINE_no
2595,2,MessageDigestSpec,io.matthewnelson.kmp.tor.runtime.FileID$Companion,createFID,app.michaelwuensch.bitbanana_79.apk,UNOBSERVED_CREATION
2596,2,MessageDigestSpec,io.matthewnelson.kmp.tor.runtime.FileID$Companion,createFID$lambda$0,app.michaelwuensch.bitbanana_79.apk,UNOBSERVED_CREATION
2607,4,CipherSpec,com.google.crypto.tink.subtle.PrfAesCmac,compute,app.michaelwuensch.bitbanana_79.apk,GENUINE_no
2608,4,CipherSpec,com.google.crypto.tink.subtle.PrfAesCmac,generateSubKeys,app.michaelwuensch.bitbanana_79.apk,GENUINE_no
2609,2,MessageDigestSpec,io.matthewnelson.kmp.tor.runtime.FileID$Companion,createFID,app.michaelwuensch.bitbanana_79.apk,UNOBSERVED_CREATION
2610,2,MessageDigestSpec,io.matthewnelson.kmp.tor.runtime.FileID$Companion,createFID$lambda$0,app.michaelwuensch.bitbanana_79.apk,UNOBSERVED_CREATION
2621,4,CipherSpec,com.google.crypto.tink.subtle.PrfAesCmac,compute,app.michaelwuensch.bitbanana_79.apk,GENUINE_no
2622,4,CipherSpec,com.google.crypto.tink.subtle.PrfAesCmac,generateSubKeys,app.michaelwuensch.bitbanana_79.apk,GENUINE_no
2623,2,MessageDigestSpec,io.matthewnelson.kmp.tor.runtime.FileID$Companion,createFID,app.michaelwuensch.bitbanana_79.apk,UNOBSERVED_CREATION
2624,2,MessageDigestSpec,io.matthewnelson.kmp.tor.runtime.FileID$Companion,createFID$lambda$0,app.michaelwuensch.bitbanana_79.apk,UNOBSERVED_CREATION
2627,5,PBEKeySpecSpec,app.michaelwuensch.bitbanana.util.UtilFunctions,encodePbkdf2,app.michaelwuensch.bitbanana_79.apk,GENUINE_debatable
2628,5,SecretKeyFactorySpec,app.michaelwuensch.bitbanana.util.UtilFunctions,encodePbkdf2,app.michaelwuensch.bitbanana_79.apk,GENUINE_debatable
2630,3,CipherSpec,com.google.crypto.tink.aead.internal.InsecureNonceAesGcmJce,decrypt,app.michaelwuensch.bitbanana_79.apk,LEGAL_REUSE_REJECTED
2641,4,CipherSpec,com.google.crypto.tink.subtle.PrfAesCmac,compute,app.michaelwuensch.bitbanana_79.apk,GENUINE_no
2642,4,CipherSpec,com.google.crypto.tink.subtle.PrfAesCmac,generateSubKeys,app.michaelwuensch.bitbanana_79.apk,GENUINE_no
2643,2,MessageDigestSpec,io.matthewnelson.kmp.tor.runtime.FileID$Companion,createFID,app.michaelwuensch.bitbanana_79.apk,UNOBSERVED_CREATION
2644,2,MessageDigestSpec,io.matthewnelson.kmp.tor.runtime.FileID$Companion,createFID$lambda$0,app.michaelwuensch.bitbanana_79.apk,UNOBSERVED_CREATION
2655,4,CipherSpec,com.google.crypto.tink.subtle.PrfAesCmac,compute,app.michaelwuensch.bitbanana_79.apk,GENUINE_no
2656,4,CipherSpec,com.google.crypto.tink.subtle.PrfAesCmac,generateSubKeys,app.michaelwuensch.bitbanana_79.apk,GENUINE_no
2657,2,MessageDigestSpec,io.matthewnelson.kmp.tor.runtime.FileID$Companion,createFID,app.michaelwuensch.bitbanana_79.apk,UNOBSERVED_CREATION
2658,2,MessageDigestSpec,io.matthewnelson.kmp.tor.runtime.FileID$Companion,createFID$lambda$0,app.michaelwuensch.bitbanana_79.apk,UNOBSERVED_CREATION
2669,4,CipherSpec,com.google.crypto.tink.subtle.PrfAesCmac,compute,app.michaelwuensch.bitbanana_79.apk,GENUINE_no
2670,4,CipherSpec,com.google.crypto.tink.subtle.PrfAesCmac,generateSubKeys,app.michaelwuensch.bitbanana_79.apk,GENUINE_no
2681,4,CipherSpec,com.google.crypto.tink.subtle.PrfAesCmac,compute,app.michaelwuensch.bitbanana_79.apk,GENUINE_no
2682,4,CipherSpec,com.google.crypto.tink.subtle.PrfAesCmac,generateSubKeys,app.michaelwuensch.bitbanana_79.apk,GENUINE_no
2683,2,MessageDigestSpec,io.matthewnelson.kmp.tor.runtime.FileID$Companion,createFID,app.michaelwuensch.bitbanana_79.apk,UNOBSERVED_CREATION
2684,2,MessageDigestSpec,io.matthewnelson.kmp.tor.runtime.FileID$Companion,createFID$lambda$0,app.michaelwuensch.bitbanana_79.apk,UNOBSERVED_CREATION
2695,4,CipherSpec,com.google.crypto.tink.subtle.PrfAesCmac,compute,app.michaelwuensch.bitbanana_79.apk,GENUINE_no
2696,4,CipherSpec,com.google.crypto.tink.subtle.PrfAesCmac,generateSubKeys,app.michaelwuensch.bitbanana_79.apk,GENUINE_no
2697,2,MessageDigestSpec,io.matthewnelson.kmp.tor.runtime.FileID$Companion,createFID,app.michaelwuensch.bitbanana_79.apk,UNOBSERVED_CREATION
2698,2,MessageDigestSpec,io.matthewnelson.kmp.tor.runtime.FileID$Companion,createFID$lambda$0,app.michaelwuensch.bitbanana_79.apk,UNOBSERVED_CREATION
2709,4,CipherSpec,com.google.crypto.tink.subtle.PrfAesCmac,compute,app.michaelwuensch.bitbanana_79.apk,GENUINE_no
2710,4,CipherSpec,com.google.crypto.tink.subtle.PrfAesCmac,generateSubKeys,app.michaelwuensch.bitbanana_79.apk,GENUINE_no
2711,2,MessageDigestSpec,io.matthewnelson.kmp.tor.runtime.FileID$Companion,createFID,app.michaelwuensch.bitbanana_79.apk,UNOBSERVED_CREATION
2720,4,CipherSpec,com.google.crypto.tink.subtle.PrfAesCmac,compute,app.michaelwuensch.bitbanana_79.apk,GENUINE_no
2721,4,CipherSpec,com.google.crypto.tink.subtle.PrfAesCmac,generateSubKeys,app.michaelwuensch.bitbanana_79.apk,GENUINE_no
2732,4,CipherSpec,com.google.crypto.tink.subtle.PrfAesCmac,compute,app.michaelwuensch.bitbanana_79.apk,GENUINE_no
2733,4,CipherSpec,com.google.crypto.tink.subtle.PrfAesCmac,generateSubKeys,app.michaelwuensch.bitbanana_79.apk,GENUINE_no
2744,4,CipherSpec,com.google.crypto.tink.subtle.PrfAesCmac,compute,app.michaelwuensch.bitbanana_79.apk,GENUINE_no
2745,4,CipherSpec,com.google.crypto.tink.subtle.PrfAesCmac,generateSubKeys,app.michaelwuensch.bitbanana_79.apk,GENUINE_no
2756,4,CipherSpec,com.google.crypto.tink.subtle.PrfAesCmac,compute,app.michaelwuensch.bitbanana_79.apk,GENUINE_no
2757,4,CipherSpec,com.google.crypto.tink.subtle.PrfAesCmac,generateSubKeys,app.michaelwuensch.bitbanana_79.apk,GENUINE_no
2758,2,MessageDigestSpec,io.matthewnelson.kmp.tor.runtime.FileID$Companion,createFID,app.michaelwuensch.bitbanana_79.apk,UNOBSERVED_CREATION
2759,2,MessageDigestSpec,io.matthewnelson.kmp.tor.runtime.FileID$Companion,createFID$lambda$0,app.michaelwuensch.bitbanana_79.apk,UNOBSERVED_CREATION
2770,4,CipherSpec,com.google.crypto.tink.subtle.PrfAesCmac,compute,app.michaelwuensch.bitbanana_79.apk,GENUINE_no
2771,4,CipherSpec,com.google.crypto.tink.subtle.PrfAesCmac,generateSubKeys,app.michaelwuensch.bitbanana_79.apk,GENUINE_no
2782,4,CipherSpec,com.google.crypto.tink.subtle.PrfAesCmac,compute,app.michaelwuensch.bitbanana_79.apk,GENUINE_no
2783,4,CipherSpec,com.google.crypto.tink.subtle.PrfAesCmac,generateSubKeys,app.michaelwuensch.bitbanana_79.apk,GENUINE_no
2784,2,MessageDigestSpec,io.matthewnelson.kmp.tor.runtime.FileID$Companion,createFID,app.michaelwuensch.bitbanana_79.apk,UNOBSERVED_CREATION
2785,2,MessageDigestSpec,io.matthewnelson.kmp.tor.runtime.FileID$Companion,createFID$lambda$0,app.michaelwuensch.bitbanana_79.apk,UNOBSERVED_CREATION
2796,4,CipherSpec,com.google.crypto.tink.subtle.PrfAesCmac,compute,app.michaelwuensch.bitbanana_79.apk,GENUINE_no
2797,4,CipherSpec,com.google.crypto.tink.subtle.PrfAesCmac,generateSubKeys,app.michaelwuensch.bitbanana_79.apk,GENUINE_no
2798,2,MessageDigestSpec,io.matthewnelson.kmp.tor.runtime.FileID$Companion,createFID,app.michaelwuensch.bitbanana_79.apk,UNOBSERVED_CREATION
2799,2,MessageDigestSpec,io.matthewnelson.kmp.tor.runtime.FileID$Companion,createFID$lambda$0,app.michaelwuensch.bitbanana_79.apk,UNOBSERVED_CREATION
2810,4,CipherSpec,com.google.crypto.tink.subtle.PrfAesCmac,compute,app.michaelwuensch.bitbanana_79.apk,GENUINE_no
2811,4,CipherSpec,com.google.crypto.tink.subtle.PrfAesCmac,generateSubKeys,app.michaelwuensch.bitbanana_79.apk,GENUINE_no
2812,2,MessageDigestSpec,io.matthewnelson.kmp.tor.runtime.FileID$Companion,createFID,app.michaelwuensch.bitbanana_79.apk,UNOBSERVED_CREATION
2813,2,MessageDigestSpec,io.matthewnelson.kmp.tor.runtime.FileID$Companion,createFID$lambda$0,app.michaelwuensch.bitbanana_79.apk,UNOBSERVED_CREATION
2824,4,CipherSpec,com.google.crypto.tink.subtle.PrfAesCmac,compute,app.michaelwuensch.bitbanana_79.apk,GENUINE_no
2825,4,CipherSpec,com.google.crypto.tink.subtle.PrfAesCmac,generateSubKeys,app.michaelwuensch.bitbanana_79.apk,GENUINE_no
2836,4,CipherSpec,com.google.crypto.tink.subtle.PrfAesCmac,compute,app.michaelwuensch.bitbanana_79.apk,GENUINE_no
2837,4,CipherSpec,com.google.crypto.tink.subtle.PrfAesCmac,generateSubKeys,app.michaelwuensch.bitbanana_79.apk,GENUINE_no
2838,2,MessageDigestSpec,io.matthewnelson.kmp.tor.runtime.FileID$Companion,createFID,app.michaelwuensch.bitbanana_79.apk,UNOBSERVED_CREATION
2839,2,MessageDigestSpec,io.matthewnelson.kmp.tor.runtime.FileID$Companion,createFID$lambda$0,app.michaelwuensch.bitbanana_79.apk,UNOBSERVED_CREATION
2850,4,CipherSpec,com.google.crypto.tink.subtle.PrfAesCmac,compute,app.michaelwuensch.bitbanana_79.apk,GENUINE_no
2851,4,CipherSpec,com.google.crypto.tink.subtle.PrfAesCmac,generateSubKeys,app.michaelwuensch.bitbanana_79.apk,GENUINE_no
2852,2,MessageDigestSpec,io.matthewnelson.kmp.tor.runtime.FileID$Companion,createFID,app.michaelwuensch.bitbanana_79.apk,UNOBSERVED_CREATION
2853,2,MessageDigestSpec,io.matthewnelson.kmp.tor.runtime.FileID$Companion,createFID$lambda$0,app.michaelwuensch.bitbanana_79.apk,UNOBSERVED_CREATION
2864,4,CipherSpec,com.google.crypto.tink.subtle.PrfAesCmac,compute,app.michaelwuensch.bitbanana_79.apk,GENUINE_no
2865,4,CipherSpec,com.google.crypto.tink.subtle.PrfAesCmac,generateSubKeys,app.michaelwuensch.bitbanana_79.apk,GENUINE_no
2866,2,MessageDigestSpec,io.matthewnelson.kmp.tor.runtime.FileID$Companion,createFID,app.michaelwuensch.bitbanana_79.apk,UNOBSERVED_CREATION
2867,2,MessageDigestSpec,io.matthewnelson.kmp.tor.runtime.FileID$Companion,createFID$lambda$0,app.michaelwuensch.bitbanana_79.apk,UNOBSERVED_CREATION
2878,4,CipherSpec,com.google.crypto.tink.subtle.PrfAesCmac,compute,app.michaelwuensch.bitbanana_79.apk,GENUINE_no
2879,4,CipherSpec,com.google.crypto.tink.subtle.PrfAesCmac,generateSubKeys,app.michaelwuensch.bitbanana_79.apk,GENUINE_no
2880,2,MessageDigestSpec,io.matthewnelson.kmp.tor.runtime.FileID$Companion,createFID,app.michaelwuensch.bitbanana_79.apk,UNOBSERVED_CREATION
2881,2,MessageDigestSpec,io.matthewnelson.kmp.tor.runtime.FileID$Companion,createFID$lambda$0,app.michaelwuensch.bitbanana_79.apk,UNOBSERVED_CREATION
2892,4,CipherSpec,com.google.crypto.tink.subtle.PrfAesCmac,compute,app.michaelwuensch.bitbanana_79.apk,GENUINE_no
2893,4,CipherSpec,com.google.crypto.tink.subtle.PrfAesCmac,generateSubKeys,app.michaelwuensch.bitbanana_79.apk,GENUINE_no
2894,2,MessageDigestSpec,io.matthewnelson.kmp.tor.runtime.FileID$Companion,createFID,app.michaelwuensch.bitbanana_79.apk,UNOBSERVED_CREATION
2895,2,MessageDigestSpec,io.matthewnelson.kmp.tor.runtime.FileID$Companion,createFID$lambda$0,app.michaelwuensch.bitbanana_79.apk,UNOBSERVED_CREATION
2906,4,CipherSpec,com.google.crypto.tink.subtle.PrfAesCmac,compute,app.michaelwuensch.bitbanana_79.apk,GENUINE_no
2907,4,CipherSpec,com.google.crypto.tink.subtle.PrfAesCmac,generateSubKeys,app.michaelwuensch.bitbanana_79.apk,GENUINE_no
2918,4,CipherSpec,com.google.crypto.tink.subtle.PrfAesCmac,compute,app.michaelwuensch.bitbanana_79.apk,GENUINE_no
2919,4,CipherSpec,com.google.crypto.tink.subtle.PrfAesCmac,generateSubKeys,app.michaelwuensch.bitbanana_79.apk,GENUINE_no
2920,2,MessageDigestSpec,io.matthewnelson.kmp.tor.runtime.FileID$Companion,createFID,app.michaelwuensch.bitbanana_79.apk,UNOBSERVED_CREATION
2921,2,MessageDigestSpec,io.matthewnelson.kmp.tor.runtime.FileID$Companion,createFID$lambda$0,app.michaelwuensch.bitbanana_79.apk,UNOBSERVED_CREATION
2932,4,CipherSpec,com.google.crypto.tink.subtle.PrfAesCmac,compute,app.michaelwuensch.bitbanana_79.apk,GENUINE_no
2933,4,CipherSpec,com.google.crypto.tink.subtle.PrfAesCmac,generateSubKeys,app.michaelwuensch.bitbanana_79.apk,GENUINE_no
2934,2,MessageDigestSpec,io.matthewnelson.kmp.tor.runtime.FileID$Companion,createFID,app.michaelwuensch.bitbanana_79.apk,UNOBSERVED_CREATION
2935,2,MessageDigestSpec,io.matthewnelson.kmp.tor.runtime.FileID$Companion,createFID$lambda$0,app.michaelwuensch.bitbanana_79.apk,UNOBSERVED_CREATION
2946,4,CipherSpec,com.google.crypto.tink.subtle.PrfAesCmac,compute,app.michaelwuensch.bitbanana_79.apk,GENUINE_no
2947,4,CipherSpec,com.google.crypto.tink.subtle.PrfAesCmac,generateSubKeys,app.michaelwuensch.bitbanana_79.apk,GENUINE_no
2958,4,CipherSpec,com.google.crypto.tink.subtle.PrfAesCmac,compute,app.michaelwuensch.bitbanana_79.apk,GENUINE_no
2959,4,CipherSpec,com.google.crypto.tink.subtle.PrfAesCmac,generateSubKeys,app.michaelwuensch.bitbanana_79.apk,GENUINE_no
2960,2,MessageDigestSpec,io.matthewnelson.kmp.tor.runtime.FileID$Companion,createFID,app.michaelwuensch.bitbanana_79.apk,UNOBSERVED_CREATION
2961,2,MessageDigestSpec,io.matthewnelson.kmp.tor.runtime.FileID$Companion,createFID$lambda$0,app.michaelwuensch.bitbanana_79.apk,UNOBSERVED_CREATION
2966,4,MessageDigestSpec,okio.ByteString,digest$okio,app.pachli_50.apk,GENUINE_no
2970,4,MessageDigestSpec,okio.ByteString,digest$okio,app.pachli_50.apk,GENUINE_no
2974,4,MessageDigestSpec,okio.ByteString,digest$okio,app.pachli_50.apk,GENUINE_no
2978,4,MessageDigestSpec,okio.ByteString,digest$okio,app.pachli_50.apk,GENUINE_no
2982,4,MessageDigestSpec,okio.ByteString,digest$okio,app.pachli_50.apk,GENUINE_no
2986,4,MessageDigestSpec,okio.ByteString,digest$okio,app.pachli_50.apk,GENUINE_no
2990,4,MessageDigestSpec,okio.ByteString,digest$okio,app.pachli_50.apk,GENUINE_no
2994,4,MessageDigestSpec,okio.ByteString,digest$okio,app.pachli_50.apk,GENUINE_no
2998,4,MessageDigestSpec,okio.ByteString,digest$okio,app.pachli_50.apk,GENUINE_no
3005,4,MessageDigestSpec,okio.ByteString,digest$okio,app.pachli_50.apk,GENUINE_no
3009,4,MessageDigestSpec,okio.ByteString,digest$okio,app.pachli_50.apk,GENUINE_no
3016,4,MessageDigestSpec,okio.ByteString,digest$okio,app.pachli_50.apk,GENUINE_no
3020,4,MessageDigestSpec,okio.ByteString,digest$okio,app.pachli_50.apk,GENUINE_no
3027,4,MessageDigestSpec,okio.ByteString,digest$okio,app.pachli_50.apk,GENUINE_no
3031,4,MessageDigestSpec,okio.ByteString,digest$okio,app.pachli_50.apk,GENUINE_no
3053,4,MessageDigestSpec,okio.ByteString,digest$okio,app.pachli_50.apk,GENUINE_no
3147,4,MessageDigestSpec,okio.ByteString,digest$okio,app.pachli_50.apk,GENUINE_no
3151,4,MessageDigestSpec,okio.ByteString,digest$okio,app.pachli_50.apk,GENUINE_no
3155,4,MessageDigestSpec,okio.ByteString,digest$okio,app.pachli_50.apk,GENUINE_no
3159,4,MessageDigestSpec,okio.ByteString,digest$okio,app.pachli_50.apk,GENUINE_no
3163,4,MessageDigestSpec,okio.ByteString,digest$okio,app.pachli_50.apk,GENUINE_no
3167,4,MessageDigestSpec,okio.ByteString,digest$okio,app.pachli_50.apk,GENUINE_no
3171,4,MessageDigestSpec,okio.ByteString,digest$okio,app.pachli_50.apk,GENUINE_no
3175,4,MessageDigestSpec,okio.ByteString,digest$okio,app.pachli_50.apk,GENUINE_no
3182,4,MessageDigestSpec,okio.ByteString,digest$okio,app.pachli_50.apk,GENUINE_no
3201,4,MessageDigestSpec,okio.ByteString,digest$okio,app.pachli_50.apk,GENUINE_no
3205,4,MessageDigestSpec,okio.ByteString,digest$okio,app.pachli_50.apk,GENUINE_no
3215,4,MessageDigestSpec,okio.ByteString,digest$okio,app.pachli_50.apk,GENUINE_no
3219,4,MessageDigestSpec,okio.ByteString,digest$okio,app.pachli_50.apk,GENUINE_no
3229,4,MessageDigestSpec,okio.ByteString,digest$okio,app.pachli_50.apk,GENUINE_no
3236,4,MessageDigestSpec,okio.ByteString,digest$okio,app.pachli_50.apk,GENUINE_no
3241,4,MessageDigestSpec,okio.ByteString,digest$okio,app.pachli_50.apk,GENUINE_no
3244,4,MessageDigestSpec,okio.ByteString,digest$okio,app.pachli_50.apk,GENUINE_no
3248,4,MessageDigestSpec,okio.ByteString,digest$okio,app.pachli_50.apk,GENUINE_no
3252,4,MessageDigestSpec,okio.ByteString,digest$okio,app.pachli_50.apk,GENUINE_no
3256,4,MessageDigestSpec,okio.ByteString,digest$okio,app.pachli_50.apk,GENUINE_no
4288,4,MessageDigestSpec,com.absinthe.rulesbundle.utils.HashUtils,digest,com.absinthe.libchecker_2671.apk,GENUINE_no
4291,4,MessageDigestSpec,com.absinthe.rulesbundle.utils.HashUtils,digest,com.absinthe.libchecker_2671.apk,GENUINE_no
4294,4,MessageDigestSpec,com.absinthe.rulesbundle.utils.HashUtils,digest,com.absinthe.libchecker_2671.apk,GENUINE_no
4297,4,MessageDigestSpec,com.absinthe.rulesbundle.utils.HashUtils,digest,com.absinthe.libchecker_2671.apk,GENUINE_no
4298,4,MessageDigestSpec,com.absinthe.rulesbundle.utils.HashUtils,digest,com.absinthe.libchecker_2671.apk,GENUINE_no
4301,4,MessageDigestSpec,com.absinthe.rulesbundle.utils.HashUtils,digest,com.absinthe.libchecker_2671.apk,GENUINE_no
4304,4,MessageDigestSpec,okio.ByteString,digest$okio,com.absinthe.libchecker_2671.apk,GENUINE_no
4305,4,MessageDigestSpec,com.absinthe.rulesbundle.utils.HashUtils,digest,com.absinthe.libchecker_2671.apk,GENUINE_no
4308,4,MessageDigestSpec,com.absinthe.rulesbundle.utils.HashUtils,digest,com.absinthe.libchecker_2671.apk,GENUINE_no
4311,4,MessageDigestSpec,com.absinthe.rulesbundle.utils.HashUtils,digest,com.absinthe.libchecker_2671.apk,GENUINE_no
4314,4,MessageDigestSpec,com.absinthe.rulesbundle.utils.HashUtils,digest,com.absinthe.libchecker_2671.apk,GENUINE_no
4315,4,MessageDigestSpec,com.absinthe.rulesbundle.utils.HashUtils,digest,com.absinthe.libchecker_2671.apk,GENUINE_no
4318,4,MessageDigestSpec,com.absinthe.rulesbundle.utils.HashUtils,digest,com.absinthe.libchecker_2671.apk,GENUINE_no
4319,4,MessageDigestSpec,com.absinthe.rulesbundle.utils.HashUtils,digest,com.absinthe.libchecker_2671.apk,GENUINE_no
4320,4,MessageDigestSpec,com.absinthe.rulesbundle.utils.HashUtils,digest,com.absinthe.libchecker_2671.apk,GENUINE_no
4323,4,MessageDigestSpec,com.absinthe.rulesbundle.utils.HashUtils,digest,com.absinthe.libchecker_2671.apk,GENUINE_no
4326,4,MessageDigestSpec,okio.ByteString,digest$okio,com.absinthe.libchecker_2671.apk,GENUINE_no
4327,4,MessageDigestSpec,com.absinthe.rulesbundle.utils.HashUtils,digest,com.absinthe.libchecker_2671.apk,GENUINE_no
4330,4,MessageDigestSpec,com.absinthe.rulesbundle.utils.HashUtils,digest,com.absinthe.libchecker_2671.apk,GENUINE_no
4333,4,MessageDigestSpec,com.absinthe.rulesbundle.utils.HashUtils,digest,com.absinthe.libchecker_2671.apk,GENUINE_no
4336,4,MessageDigestSpec,okio.ByteString,digest$okio,com.absinthe.libchecker_2671.apk,GENUINE_no
4337,4,MessageDigestSpec,com.absinthe.rulesbundle.utils.HashUtils,digest,com.absinthe.libchecker_2671.apk,GENUINE_no
4338,4,MessageDigestSpec,com.absinthe.rulesbundle.utils.HashUtils,digest,com.absinthe.libchecker_2671.apk,GENUINE_no
4339,4,MessageDigestSpec,com.absinthe.rulesbundle.utils.HashUtils,digest,com.absinthe.libchecker_2671.apk,GENUINE_no
4342,4,MessageDigestSpec,okio.ByteString,digest$okio,com.absinthe.libchecker_2671.apk,GENUINE_no
4343,4,MessageDigestSpec,com.absinthe.rulesbundle.utils.HashUtils,digest,com.absinthe.libchecker_2671.apk,GENUINE_no
4344,4,MessageDigestSpec,com.absinthe.rulesbundle.utils.HashUtils,digest,com.absinthe.libchecker_2671.apk,GENUINE_no
4347,4,MessageDigestSpec,com.absinthe.rulesbundle.utils.HashUtils,digest,com.absinthe.libchecker_2671.apk,GENUINE_no
4350,4,MessageDigestSpec,com.absinthe.rulesbundle.utils.HashUtils,digest,com.absinthe.libchecker_2671.apk,GENUINE_no
4353,4,MessageDigestSpec,com.absinthe.rulesbundle.utils.HashUtils,digest,com.absinthe.libchecker_2671.apk,GENUINE_no
4356,4,MessageDigestSpec,com.absinthe.rulesbundle.utils.HashUtils,digest,com.absinthe.libchecker_2671.apk,GENUINE_no
4359,4,MessageDigestSpec,okio.ByteString,digest$okio,com.absinthe.libchecker_2671.apk,GENUINE_no
4360,4,MessageDigestSpec,com.absinthe.rulesbundle.utils.HashUtils,digest,com.absinthe.libchecker_2671.apk,GENUINE_no
4361,4,MessageDigestSpec,com.absinthe.rulesbundle.utils.HashUtils,digest,com.absinthe.libchecker_2671.apk,GENUINE_no
4362,4,MessageDigestSpec,com.absinthe.rulesbundle.utils.HashUtils,digest,com.absinthe.libchecker_2671.apk,GENUINE_no
4365,4,MessageDigestSpec,com.absinthe.rulesbundle.utils.HashUtils,digest,com.absinthe.libchecker_2671.apk,GENUINE_no
4366,4,MessageDigestSpec,com.absinthe.rulesbundle.utils.HashUtils,digest,com.absinthe.libchecker_2671.apk,GENUINE_no
4369,4,MessageDigestSpec,com.absinthe.rulesbundle.utils.HashUtils,digest,com.absinthe.libchecker_2671.apk,GENUINE_no
4372,4,MessageDigestSpec,com.absinthe.rulesbundle.utils.HashUtils,digest,com.absinthe.libchecker_2671.apk,GENUINE_no
4373,4,MessageDigestSpec,com.absinthe.rulesbundle.utils.HashUtils,digest,com.absinthe.libchecker_2671.apk,GENUINE_no
4376,4,MessageDigestSpec,com.absinthe.rulesbundle.utils.HashUtils,digest,com.absinthe.libchecker_2671.apk,GENUINE_no
4379,4,MessageDigestSpec,com.absinthe.rulesbundle.utils.HashUtils,digest,com.absinthe.libchecker_2671.apk,GENUINE_no
4380,4,MessageDigestSpec,com.absinthe.rulesbundle.utils.HashUtils,digest,com.absinthe.libchecker_2671.apk,GENUINE_no
4383,4,MessageDigestSpec,com.absinthe.rulesbundle.utils.HashUtils,digest,com.absinthe.libchecker_2671.apk,GENUINE_no
4384,4,MessageDigestSpec,com.absinthe.rulesbundle.utils.HashUtils,digest,com.absinthe.libchecker_2671.apk,GENUINE_no
4385,4,MessageDigestSpec,com.absinthe.rulesbundle.utils.HashUtils,digest,com.absinthe.libchecker_2671.apk,GENUINE_no
4386,4,MessageDigestSpec,com.absinthe.rulesbundle.utils.HashUtils,digest,com.absinthe.libchecker_2671.apk,GENUINE_no
4389,4,MessageDigestSpec,com.absinthe.rulesbundle.utils.HashUtils,digest,com.absinthe.libchecker_2671.apk,GENUINE_no
4392,4,MessageDigestSpec,com.absinthe.rulesbundle.utils.HashUtils,digest,com.absinthe.libchecker_2671.apk,GENUINE_no
4395,4,MessageDigestSpec,com.absinthe.rulesbundle.utils.HashUtils,digest,com.absinthe.libchecker_2671.apk,GENUINE_no
4396,4,MessageDigestSpec,com.absinthe.rulesbundle.utils.HashUtils,digest,com.absinthe.libchecker_2671.apk,GENUINE_no
4397,4,MessageDigestSpec,com.absinthe.rulesbundle.utils.HashUtils,digest,com.absinthe.libchecker_2671.apk,GENUINE_no
4398,4,MessageDigestSpec,com.absinthe.rulesbundle.utils.HashUtils,digest,com.absinthe.libchecker_2671.apk,GENUINE_no
4401,4,MessageDigestSpec,okio.ByteString,digest$okio,com.absinthe.libchecker_2671.apk,GENUINE_no
4402,4,MessageDigestSpec,com.absinthe.rulesbundle.utils.HashUtils,digest,com.absinthe.libchecker_2671.apk,GENUINE_no
4403,4,MessageDigestSpec,com.absinthe.rulesbundle.utils.HashUtils,digest,com.absinthe.libchecker_2671.apk,GENUINE_no
4406,4,MessageDigestSpec,com.absinthe.rulesbundle.utils.HashUtils,digest,com.absinthe.libchecker_2671.apk,GENUINE_no
4409,4,MessageDigestSpec,com.absinthe.rulesbundle.utils.HashUtils,digest,com.absinthe.libchecker_2671.apk,GENUINE_no
4410,4,MessageDigestSpec,com.absinthe.rulesbundle.utils.HashUtils,digest,com.absinthe.libchecker_2671.apk,GENUINE_no
4413,4,MessageDigestSpec,com.absinthe.rulesbundle.utils.HashUtils,digest,com.absinthe.libchecker_2671.apk,GENUINE_no
4416,4,MessageDigestSpec,okio.ByteString,digest$okio,com.absinthe.libchecker_2671.apk,GENUINE_no
4417,4,MessageDigestSpec,com.absinthe.rulesbundle.utils.HashUtils,digest,com.absinthe.libchecker_2671.apk,GENUINE_no
4420,4,MessageDigestSpec,com.absinthe.rulesbundle.utils.HashUtils,digest,com.absinthe.libchecker_2671.apk,GENUINE_no
4423,4,MessageDigestSpec,okio.ByteString,digest$okio,com.absinthe.libchecker_2671.apk,GENUINE_no
4424,4,MessageDigestSpec,com.absinthe.rulesbundle.utils.HashUtils,digest,com.absinthe.libchecker_2671.apk,GENUINE_no
4427,4,MessageDigestSpec,okio.ByteString,digest$okio,com.absinthe.libchecker_2671.apk,GENUINE_no
4428,4,MessageDigestSpec,com.absinthe.rulesbundle.utils.HashUtils,digest,com.absinthe.libchecker_2671.apk,GENUINE_no
4431,4,MessageDigestSpec,com.absinthe.rulesbundle.utils.HashUtils,digest,com.absinthe.libchecker_2671.apk,GENUINE_no
4434,4,MessageDigestSpec,okio.ByteString,digest$okio,com.absinthe.libchecker_2671.apk,GENUINE_no
4435,4,MessageDigestSpec,com.absinthe.rulesbundle.utils.HashUtils,digest,com.absinthe.libchecker_2671.apk,GENUINE_no
4438,4,MessageDigestSpec,okio.ByteString,digest$okio,com.absinthe.libchecker_2671.apk,GENUINE_no
4439,4,MessageDigestSpec,com.absinthe.rulesbundle.utils.HashUtils,digest,com.absinthe.libchecker_2671.apk,GENUINE_no
4442,4,MessageDigestSpec,com.absinthe.rulesbundle.utils.HashUtils,digest,com.absinthe.libchecker_2671.apk,GENUINE_no
4445,4,MessageDigestSpec,com.absinthe.rulesbundle.utils.HashUtils,digest,com.absinthe.libchecker_2671.apk,GENUINE_no
4448,4,MessageDigestSpec,okio.ByteString,digest$okio,com.absinthe.libchecker_2671.apk,GENUINE_no
4449,4,MessageDigestSpec,com.absinthe.rulesbundle.utils.HashUtils,digest,com.absinthe.libchecker_2671.apk,GENUINE_no
4454,4,MessageDigestSpec,com.absinthe.rulesbundle.utils.HashUtils,digest,com.absinthe.libchecker_2671.apk,GENUINE_no
4457,4,MessageDigestSpec,com.absinthe.rulesbundle.utils.HashUtils,digest,com.absinthe.libchecker_2671.apk,GENUINE_no
4460,4,MessageDigestSpec,com.absinthe.rulesbundle.utils.HashUtils,digest,com.absinthe.libchecker_2671.apk,GENUINE_no
4463,4,MessageDigestSpec,com.absinthe.rulesbundle.utils.HashUtils,digest,com.absinthe.libchecker_2671.apk,GENUINE_no
4466,4,MessageDigestSpec,com.absinthe.rulesbundle.utils.HashUtils,digest,com.absinthe.libchecker_2671.apk,GENUINE_no
4469,4,MessageDigestSpec,com.absinthe.rulesbundle.utils.HashUtils,digest,com.absinthe.libchecker_2671.apk,GENUINE_no
4470,4,MessageDigestSpec,com.absinthe.rulesbundle.utils.HashUtils,digest,com.absinthe.libchecker_2671.apk,GENUINE_no
4473,4,MessageDigestSpec,com.absinthe.rulesbundle.utils.HashUtils,digest,com.absinthe.libchecker_2671.apk,GENUINE_no
4476,4,MessageDigestSpec,com.absinthe.rulesbundle.utils.HashUtils,digest,com.absinthe.libchecker_2671.apk,GENUINE_no
4479,4,MessageDigestSpec,com.absinthe.rulesbundle.utils.HashUtils,digest,com.absinthe.libchecker_2671.apk,GENUINE_no
4482,4,MessageDigestSpec,com.absinthe.rulesbundle.utils.HashUtils,digest,com.absinthe.libchecker_2671.apk,GENUINE_no
4485,4,MessageDigestSpec,com.absinthe.rulesbundle.utils.HashUtils,digest,com.absinthe.libchecker_2671.apk,GENUINE_no
4488,4,MessageDigestSpec,okio.ByteString,digest$okio,com.absinthe.libchecker_2671.apk,GENUINE_no
4489,4,MessageDigestSpec,com.absinthe.rulesbundle.utils.HashUtils,digest,com.absinthe.libchecker_2671.apk,GENUINE_no
4492,4,MessageDigestSpec,okio.ByteString,digest$okio,com.absinthe.libchecker_2671.apk,GENUINE_no
4493,4,MessageDigestSpec,com.absinthe.rulesbundle.utils.HashUtils,digest,com.absinthe.libchecker_2671.apk,GENUINE_no
4496,4,MessageDigestSpec,com.absinthe.rulesbundle.utils.HashUtils,digest,com.absinthe.libchecker_2671.apk,GENUINE_no
4499,4,MessageDigestSpec,com.absinthe.rulesbundle.utils.HashUtils,digest,com.absinthe.libchecker_2671.apk,GENUINE_no
4502,4,MessageDigestSpec,com.absinthe.rulesbundle.utils.HashUtils,digest,com.absinthe.libchecker_2671.apk,GENUINE_no
4503,4,MessageDigestSpec,com.absinthe.rulesbundle.utils.HashUtils,digest,com.absinthe.libchecker_2671.apk,GENUINE_no
4506,4,MessageDigestSpec,com.absinthe.rulesbundle.utils.HashUtils,digest,com.absinthe.libchecker_2671.apk,GENUINE_no
4509,4,MessageDigestSpec,okio.ByteString,digest$okio,com.absinthe.libchecker_2671.apk,GENUINE_no
4510,4,MessageDigestSpec,com.absinthe.rulesbundle.utils.HashUtils,digest,com.absinthe.libchecker_2671.apk,GENUINE_no
4511,4,MessageDigestSpec,com.absinthe.rulesbundle.utils.HashUtils,digest,com.absinthe.libchecker_2671.apk,GENUINE_no
4514,4,MessageDigestSpec,com.absinthe.rulesbundle.utils.HashUtils,digest,com.absinthe.libchecker_2671.apk,GENUINE_no
4517,4,MessageDigestSpec,okio.ByteString,digest$okio,com.absinthe.libchecker_2671.apk,GENUINE_no
4518,4,MessageDigestSpec,com.absinthe.rulesbundle.utils.HashUtils,digest,com.absinthe.libchecker_2671.apk,GENUINE_no
4519,4,MessageDigestSpec,com.absinthe.rulesbundle.utils.HashUtils,digest,com.absinthe.libchecker_2671.apk,GENUINE_no
4522,4,MessageDigestSpec,com.absinthe.rulesbundle.utils.HashUtils,digest,com.absinthe.libchecker_2671.apk,GENUINE_no
4525,4,MessageDigestSpec,okio.ByteString,digest$okio,com.absinthe.libchecker_2671.apk,GENUINE_no
4526,4,MessageDigestSpec,com.absinthe.rulesbundle.utils.HashUtils,digest,com.absinthe.libchecker_2671.apk,GENUINE_no
4529,4,MessageDigestSpec,com.absinthe.rulesbundle.utils.HashUtils,digest,com.absinthe.libchecker_2671.apk,GENUINE_no
4532,4,MessageDigestSpec,com.absinthe.rulesbundle.utils.HashUtils,digest,com.absinthe.libchecker_2671.apk,GENUINE_no
4535,4,MessageDigestSpec,com.absinthe.rulesbundle.utils.HashUtils,digest,com.absinthe.libchecker_2671.apk,GENUINE_no
4538,4,MessageDigestSpec,com.absinthe.rulesbundle.utils.HashUtils,digest,com.absinthe.libchecker_2671.apk,GENUINE_no
4541,4,MessageDigestSpec,com.absinthe.rulesbundle.utils.HashUtils,digest,com.absinthe.libchecker_2671.apk,GENUINE_no
4544,4,MessageDigestSpec,com.absinthe.rulesbundle.utils.HashUtils,digest,com.absinthe.libchecker_2671.apk,GENUINE_no
4547,4,MessageDigestSpec,com.absinthe.rulesbundle.utils.HashUtils,digest,com.absinthe.libchecker_2671.apk,GENUINE_no
4550,4,MessageDigestSpec,com.absinthe.rulesbundle.utils.HashUtils,digest,com.absinthe.libchecker_2671.apk,GENUINE_no
4563,4,CipherSpec,com.google.crypto.tink.subtle.PrfAesCmac,compute,com.afkanerd.deku_83.apk,GENUINE_no
4564,4,CipherSpec,com.google.crypto.tink.subtle.PrfAesCmac,generateSubKeys,com.afkanerd.deku_83.apk,GENUINE_no
4581,4,CipherSpec,com.google.crypto.tink.subtle.PrfAesCmac,compute,com.afkanerd.deku_83.apk,GENUINE_no
4582,4,CipherSpec,com.google.crypto.tink.subtle.PrfAesCmac,generateSubKeys,com.afkanerd.deku_83.apk,GENUINE_no
4599,4,CipherSpec,com.google.crypto.tink.subtle.PrfAesCmac,compute,com.afkanerd.deku_83.apk,GENUINE_no
4600,4,CipherSpec,com.google.crypto.tink.subtle.PrfAesCmac,generateSubKeys,com.afkanerd.deku_83.apk,GENUINE_no
4611,4,CipherSpec,com.google.crypto.tink.subtle.PrfAesCmac,compute,com.afkanerd.deku_83.apk,GENUINE_no
4612,4,CipherSpec,com.google.crypto.tink.subtle.PrfAesCmac,generateSubKeys,com.afkanerd.deku_83.apk,GENUINE_no
4629,4,CipherSpec,com.google.crypto.tink.subtle.PrfAesCmac,compute,com.afkanerd.deku_83.apk,GENUINE_no
4630,4,CipherSpec,com.google.crypto.tink.subtle.PrfAesCmac,generateSubKeys,com.afkanerd.deku_83.apk,GENUINE_no
4647,4,CipherSpec,com.google.crypto.tink.subtle.PrfAesCmac,compute,com.afkanerd.deku_83.apk,GENUINE_no
4648,4,CipherSpec,com.google.crypto.tink.subtle.PrfAesCmac,generateSubKeys,com.afkanerd.deku_83.apk,GENUINE_no
4659,4,CipherSpec,com.google.crypto.tink.subtle.PrfAesCmac,compute,com.afkanerd.deku_83.apk,GENUINE_no
4660,4,CipherSpec,com.google.crypto.tink.subtle.PrfAesCmac,generateSubKeys,com.afkanerd.deku_83.apk,GENUINE_no
4677,4,CipherSpec,com.google.crypto.tink.subtle.PrfAesCmac,compute,com.afkanerd.deku_83.apk,GENUINE_no
4678,4,CipherSpec,com.google.crypto.tink.subtle.PrfAesCmac,generateSubKeys,com.afkanerd.deku_83.apk,GENUINE_no
4695,4,CipherSpec,com.google.crypto.tink.subtle.PrfAesCmac,compute,com.afkanerd.deku_83.apk,GENUINE_no
4696,4,CipherSpec,com.google.crypto.tink.subtle.PrfAesCmac,generateSubKeys,com.afkanerd.deku_83.apk,GENUINE_no
4707,4,CipherSpec,com.google.crypto.tink.subtle.PrfAesCmac,compute,com.afkanerd.deku_83.apk,GENUINE_no
4708,4,CipherSpec,com.google.crypto.tink.subtle.PrfAesCmac,generateSubKeys,com.afkanerd.deku_83.apk,GENUINE_no
4719,4,CipherSpec,com.google.crypto.tink.subtle.PrfAesCmac,compute,com.afkanerd.deku_83.apk,GENUINE_no
4720,4,CipherSpec,com.google.crypto.tink.subtle.PrfAesCmac,generateSubKeys,com.afkanerd.deku_83.apk,GENUINE_no
4731,4,CipherSpec,com.google.crypto.tink.subtle.PrfAesCmac,compute,com.afkanerd.deku_83.apk,GENUINE_no
4732,4,CipherSpec,com.google.crypto.tink.subtle.PrfAesCmac,generateSubKeys,com.afkanerd.deku_83.apk,GENUINE_no
4743,4,CipherSpec,com.google.crypto.tink.subtle.PrfAesCmac,compute,com.afkanerd.deku_83.apk,GENUINE_no
4744,4,CipherSpec,com.google.crypto.tink.subtle.PrfAesCmac,generateSubKeys,com.afkanerd.deku_83.apk,GENUINE_no
4755,4,CipherSpec,com.google.crypto.tink.subtle.PrfAesCmac,compute,com.afkanerd.deku_83.apk,GENUINE_no
4756,4,CipherSpec,com.google.crypto.tink.subtle.PrfAesCmac,generateSubKeys,com.afkanerd.deku_83.apk,GENUINE_no
4767,4,CipherSpec,com.google.crypto.tink.subtle.PrfAesCmac,compute,com.afkanerd.deku_83.apk,GENUINE_no
4768,4,CipherSpec,com.google.crypto.tink.subtle.PrfAesCmac,generateSubKeys,com.afkanerd.deku_83.apk,GENUINE_no
4779,4,CipherSpec,com.google.crypto.tink.subtle.PrfAesCmac,compute,com.afkanerd.deku_83.apk,GENUINE_no
4780,4,CipherSpec,com.google.crypto.tink.subtle.PrfAesCmac,generateSubKeys,com.afkanerd.deku_83.apk,GENUINE_no
4791,4,CipherSpec,com.google.crypto.tink.subtle.PrfAesCmac,compute,com.afkanerd.deku_83.apk,GENUINE_no
4792,4,CipherSpec,com.google.crypto.tink.subtle.PrfAesCmac,generateSubKeys,com.afkanerd.deku_83.apk,GENUINE_no
4803,4,CipherSpec,com.google.crypto.tink.subtle.PrfAesCmac,compute,com.afkanerd.deku_83.apk,GENUINE_no
4804,4,CipherSpec,com.google.crypto.tink.subtle.PrfAesCmac,generateSubKeys,com.afkanerd.deku_83.apk,GENUINE_no
4815,4,CipherSpec,com.google.crypto.tink.subtle.PrfAesCmac,compute,com.afkanerd.deku_83.apk,GENUINE_no
4816,4,CipherSpec,com.google.crypto.tink.subtle.PrfAesCmac,generateSubKeys,com.afkanerd.deku_83.apk,GENUINE_no
4827,4,CipherSpec,com.google.crypto.tink.subtle.PrfAesCmac,compute,com.afkanerd.deku_83.apk,GENUINE_no
4828,4,CipherSpec,com.google.crypto.tink.subtle.PrfAesCmac,generateSubKeys,com.afkanerd.deku_83.apk,GENUINE_no
4839,4,CipherSpec,com.google.crypto.tink.subtle.PrfAesCmac,compute,com.afkanerd.deku_83.apk,GENUINE_no
4840,4,CipherSpec,com.google.crypto.tink.subtle.PrfAesCmac,generateSubKeys,com.afkanerd.deku_83.apk,GENUINE_no
4851,4,CipherSpec,com.google.crypto.tink.subtle.PrfAesCmac,compute,com.afkanerd.deku_83.apk,GENUINE_no
4852,4,CipherSpec,com.google.crypto.tink.subtle.PrfAesCmac,generateSubKeys,com.afkanerd.deku_83.apk,GENUINE_no
4863,4,CipherSpec,com.google.crypto.tink.subtle.PrfAesCmac,compute,com.afkanerd.deku_83.apk,GENUINE_no
4864,4,CipherSpec,com.google.crypto.tink.subtle.PrfAesCmac,generateSubKeys,com.afkanerd.deku_83.apk,GENUINE_no
4875,4,CipherSpec,com.google.crypto.tink.subtle.PrfAesCmac,compute,com.afkanerd.deku_83.apk,GENUINE_no
4876,4,CipherSpec,com.google.crypto.tink.subtle.PrfAesCmac,generateSubKeys,com.afkanerd.deku_83.apk,GENUINE_no
4887,4,CipherSpec,com.google.crypto.tink.subtle.PrfAesCmac,compute,com.afkanerd.deku_83.apk,GENUINE_no
4888,4,CipherSpec,com.google.crypto.tink.subtle.PrfAesCmac,generateSubKeys,com.afkanerd.deku_83.apk,GENUINE_no
4899,4,CipherSpec,com.google.crypto.tink.subtle.PrfAesCmac,compute,com.afkanerd.deku_83.apk,GENUINE_no
4900,4,CipherSpec,com.google.crypto.tink.subtle.PrfAesCmac,generateSubKeys,com.afkanerd.deku_83.apk,GENUINE_no
4911,4,CipherSpec,com.google.crypto.tink.subtle.PrfAesCmac,compute,com.afkanerd.deku_83.apk,GENUINE_no
4912,4,CipherSpec,com.google.crypto.tink.subtle.PrfAesCmac,generateSubKeys,com.afkanerd.deku_83.apk,GENUINE_no
4923,4,CipherSpec,com.google.crypto.tink.subtle.PrfAesCmac,compute,com.afkanerd.deku_83.apk,GENUINE_no
4924,4,CipherSpec,com.google.crypto.tink.subtle.PrfAesCmac,generateSubKeys,com.afkanerd.deku_83.apk,GENUINE_no
4934,4,CipherSpec,com.google.crypto.tink.subtle.PrfAesCmac,compute,com.afkanerd.deku_83.apk,GENUINE_no
4935,4,CipherSpec,com.google.crypto.tink.subtle.PrfAesCmac,generateSubKeys,com.afkanerd.deku_83.apk,GENUINE_no
4946,4,CipherSpec,com.google.crypto.tink.subtle.PrfAesCmac,compute,com.afkanerd.deku_83.apk,GENUINE_no
4947,4,CipherSpec,com.google.crypto.tink.subtle.PrfAesCmac,generateSubKeys,com.afkanerd.deku_83.apk,GENUINE_no
4958,4,CipherSpec,com.google.crypto.tink.subtle.PrfAesCmac,compute,com.afkanerd.deku_83.apk,GENUINE_no
4959,4,CipherSpec,com.google.crypto.tink.subtle.PrfAesCmac,generateSubKeys,com.afkanerd.deku_83.apk,GENUINE_no
4970,4,CipherSpec,com.google.crypto.tink.subtle.PrfAesCmac,compute,com.afkanerd.deku_83.apk,GENUINE_no
4971,4,CipherSpec,com.google.crypto.tink.subtle.PrfAesCmac,generateSubKeys,com.afkanerd.deku_83.apk,GENUINE_no
4982,4,CipherSpec,com.google.crypto.tink.subtle.PrfAesCmac,compute,com.afkanerd.deku_83.apk,GENUINE_no
4983,4,CipherSpec,com.google.crypto.tink.subtle.PrfAesCmac,generateSubKeys,com.afkanerd.deku_83.apk,GENUINE_no
4994,4,CipherSpec,com.google.crypto.tink.subtle.PrfAesCmac,compute,com.afkanerd.deku_83.apk,GENUINE_no
4995,4,CipherSpec,com.google.crypto.tink.subtle.PrfAesCmac,generateSubKeys,com.afkanerd.deku_83.apk,GENUINE_no
5006,4,CipherSpec,com.google.crypto.tink.subtle.PrfAesCmac,compute,com.afkanerd.deku_83.apk,GENUINE_no
5007,4,CipherSpec,com.google.crypto.tink.subtle.PrfAesCmac,generateSubKeys,com.afkanerd.deku_83.apk,GENUINE_no
5018,4,CipherSpec,com.google.crypto.tink.subtle.PrfAesCmac,compute,com.afkanerd.deku_83.apk,GENUINE_no
5019,4,CipherSpec,com.google.crypto.tink.subtle.PrfAesCmac,generateSubKeys,com.afkanerd.deku_83.apk,GENUINE_no
5030,4,CipherSpec,com.google.crypto.tink.subtle.PrfAesCmac,compute,com.afkanerd.deku_83.apk,GENUINE_no
5031,4,CipherSpec,com.google.crypto.tink.subtle.PrfAesCmac,generateSubKeys,com.afkanerd.deku_83.apk,GENUINE_no
5042,4,CipherSpec,com.google.crypto.tink.subtle.PrfAesCmac,compute,com.afkanerd.deku_83.apk,GENUINE_no
5043,4,CipherSpec,com.google.crypto.tink.subtle.PrfAesCmac,generateSubKeys,com.afkanerd.deku_83.apk,GENUINE_no
5054,4,CipherSpec,com.google.crypto.tink.subtle.PrfAesCmac,compute,com.afkanerd.deku_83.apk,GENUINE_no
5055,4,CipherSpec,com.google.crypto.tink.subtle.PrfAesCmac,generateSubKeys,com.afkanerd.deku_83.apk,GENUINE_no
5066,4,CipherSpec,com.google.crypto.tink.subtle.PrfAesCmac,compute,com.afkanerd.deku_83.apk,GENUINE_no
5067,4,CipherSpec,com.google.crypto.tink.subtle.PrfAesCmac,generateSubKeys,com.afkanerd.deku_83.apk,GENUINE_no
5078,4,CipherSpec,com.google.crypto.tink.subtle.PrfAesCmac,compute,com.afkanerd.deku_83.apk,GENUINE_no
5079,4,CipherSpec,com.google.crypto.tink.subtle.PrfAesCmac,generateSubKeys,com.afkanerd.deku_83.apk,GENUINE_no
5090,4,CipherSpec,com.google.crypto.tink.subtle.PrfAesCmac,compute,com.afkanerd.deku_83.apk,GENUINE_no
5091,4,CipherSpec,com.google.crypto.tink.subtle.PrfAesCmac,generateSubKeys,com.afkanerd.deku_83.apk,GENUINE_no
5102,4,CipherSpec,com.google.crypto.tink.subtle.PrfAesCmac,compute,com.afkanerd.deku_83.apk,GENUINE_no
5103,4,CipherSpec,com.google.crypto.tink.subtle.PrfAesCmac,generateSubKeys,com.afkanerd.deku_83.apk,GENUINE_no
5114,4,CipherSpec,com.google.crypto.tink.subtle.PrfAesCmac,compute,com.afkanerd.deku_83.apk,GENUINE_no
5115,4,CipherSpec,com.google.crypto.tink.subtle.PrfAesCmac,generateSubKeys,com.afkanerd.deku_83.apk,GENUINE_no
5126,4,CipherSpec,com.google.crypto.tink.subtle.PrfAesCmac,compute,com.afkanerd.deku_83.apk,GENUINE_no
5127,4,CipherSpec,com.google.crypto.tink.subtle.PrfAesCmac,generateSubKeys,com.afkanerd.deku_83.apk,GENUINE_no
5138,4,CipherSpec,com.google.crypto.tink.subtle.PrfAesCmac,compute,com.afkanerd.deku_83.apk,GENUINE_no
5139,4,CipherSpec,com.google.crypto.tink.subtle.PrfAesCmac,generateSubKeys,com.afkanerd.deku_83.apk,GENUINE_no
5150,4,CipherSpec,com.google.crypto.tink.subtle.PrfAesCmac,compute,com.afkanerd.deku_83.apk,GENUINE_no
5151,4,CipherSpec,com.google.crypto.tink.subtle.PrfAesCmac,generateSubKeys,com.afkanerd.deku_83.apk,GENUINE_no
5162,4,CipherSpec,com.google.crypto.tink.subtle.PrfAesCmac,compute,com.afkanerd.deku_83.apk,GENUINE_no
5163,4,CipherSpec,com.google.crypto.tink.subtle.PrfAesCmac,generateSubKeys,com.afkanerd.deku_83.apk,GENUINE_no
5174,4,CipherSpec,com.google.crypto.tink.subtle.PrfAesCmac,compute,com.afkanerd.deku_83.apk,GENUINE_no
5175,4,CipherSpec,com.google.crypto.tink.subtle.PrfAesCmac,generateSubKeys,com.afkanerd.deku_83.apk,GENUINE_no
5186,4,CipherSpec,com.google.crypto.tink.subtle.PrfAesCmac,compute,com.afkanerd.deku_83.apk,GENUINE_no
5187,4,CipherSpec,com.google.crypto.tink.subtle.PrfAesCmac,generateSubKeys,com.afkanerd.deku_83.apk,GENUINE_no
5198,4,CipherSpec,com.google.crypto.tink.subtle.PrfAesCmac,compute,com.afkanerd.deku_83.apk,GENUINE_no
5199,4,CipherSpec,com.google.crypto.tink.subtle.PrfAesCmac,generateSubKeys,com.afkanerd.deku_83.apk,GENUINE_no
5210,4,CipherSpec,com.google.crypto.tink.subtle.PrfAesCmac,compute,com.afkanerd.deku_83.apk,GENUINE_no
5211,4,CipherSpec,com.google.crypto.tink.subtle.PrfAesCmac,generateSubKeys,com.afkanerd.deku_83.apk,GENUINE_no
5222,4,CipherSpec,com.google.crypto.tink.subtle.PrfAesCmac,compute,com.afkanerd.deku_83.apk,GENUINE_no
5223,4,CipherSpec,com.google.crypto.tink.subtle.PrfAesCmac,generateSubKeys,com.afkanerd.deku_83.apk,GENUINE_no
5234,4,CipherSpec,com.google.crypto.tink.subtle.PrfAesCmac,compute,com.afkanerd.deku_83.apk,GENUINE_no
5235,4,CipherSpec,com.google.crypto.tink.subtle.PrfAesCmac,generateSubKeys,com.afkanerd.deku_83.apk,GENUINE_no
5238,3,CipherSpec,com.google.crypto.tink.aead.internal.InsecureNonceAesGcmJce,encrypt,com.afkanerd.deku_83.apk,LEGAL_REUSE_REJECTED
5246,4,CipherSpec,com.google.crypto.tink.subtle.PrfAesCmac,compute,com.afkanerd.deku_83.apk,GENUINE_no
5247,4,CipherSpec,com.google.crypto.tink.subtle.PrfAesCmac,generateSubKeys,com.afkanerd.deku_83.apk,GENUINE_no
5250,3,CipherSpec,com.google.crypto.tink.aead.internal.InsecureNonceAesGcmJce,encrypt,com.afkanerd.deku_83.apk,LEGAL_REUSE_REJECTED
5258,4,CipherSpec,com.google.crypto.tink.subtle.PrfAesCmac,compute,com.afkanerd.deku_83.apk,GENUINE_no
5259,4,CipherSpec,com.google.crypto.tink.subtle.PrfAesCmac,generateSubKeys,com.afkanerd.deku_83.apk,GENUINE_no
5262,3,CipherSpec,com.google.crypto.tink.aead.internal.InsecureNonceAesGcmJce,encrypt,com.afkanerd.deku_83.apk,LEGAL_REUSE_REJECTED
5270,4,CipherSpec,com.google.crypto.tink.subtle.PrfAesCmac,compute,com.afkanerd.deku_83.apk,GENUINE_no
5271,4,CipherSpec,com.google.crypto.tink.subtle.PrfAesCmac,generateSubKeys,com.afkanerd.deku_83.apk,GENUINE_no
5274,3,CipherSpec,com.google.crypto.tink.aead.internal.InsecureNonceAesGcmJce,encrypt,com.afkanerd.deku_83.apk,LEGAL_REUSE_REJECTED
5282,4,CipherSpec,com.google.crypto.tink.subtle.PrfAesCmac,compute,com.afkanerd.deku_83.apk,GENUINE_no
5283,4,CipherSpec,com.google.crypto.tink.subtle.PrfAesCmac,generateSubKeys,com.afkanerd.deku_83.apk,GENUINE_no
5286,3,CipherSpec,com.google.crypto.tink.aead.internal.InsecureNonceAesGcmJce,encrypt,com.afkanerd.deku_83.apk,LEGAL_REUSE_REJECTED
5294,4,CipherSpec,com.google.crypto.tink.subtle.PrfAesCmac,compute,com.afkanerd.deku_83.apk,GENUINE_no
5295,4,CipherSpec,com.google.crypto.tink.subtle.PrfAesCmac,generateSubKeys,com.afkanerd.deku_83.apk,GENUINE_no
5298,3,CipherSpec,com.google.crypto.tink.aead.internal.InsecureNonceAesGcmJce,encrypt,com.afkanerd.deku_83.apk,LEGAL_REUSE_REJECTED
5306,4,CipherSpec,com.google.crypto.tink.subtle.PrfAesCmac,compute,com.afkanerd.deku_83.apk,GENUINE_no
5307,4,CipherSpec,com.google.crypto.tink.subtle.PrfAesCmac,generateSubKeys,com.afkanerd.deku_83.apk,GENUINE_no
5310,3,CipherSpec,com.google.crypto.tink.aead.internal.InsecureNonceAesGcmJce,encrypt,com.afkanerd.deku_83.apk,LEGAL_REUSE_REJECTED
5318,4,CipherSpec,com.google.crypto.tink.subtle.PrfAesCmac,compute,com.afkanerd.deku_83.apk,GENUINE_no
5319,4,CipherSpec,com.google.crypto.tink.subtle.PrfAesCmac,generateSubKeys,com.afkanerd.deku_83.apk,GENUINE_no
5322,3,CipherSpec,com.google.crypto.tink.aead.internal.InsecureNonceAesGcmJce,encrypt,com.afkanerd.deku_83.apk,LEGAL_REUSE_REJECTED
5330,4,CipherSpec,com.google.crypto.tink.subtle.PrfAesCmac,compute,com.afkanerd.deku_83.apk,GENUINE_no
5331,4,CipherSpec,com.google.crypto.tink.subtle.PrfAesCmac,generateSubKeys,com.afkanerd.deku_83.apk,GENUINE_no
5334,3,CipherSpec,com.google.crypto.tink.aead.internal.InsecureNonceAesGcmJce,encrypt,com.afkanerd.deku_83.apk,LEGAL_REUSE_REJECTED
5342,4,CipherSpec,com.google.crypto.tink.subtle.PrfAesCmac,compute,com.afkanerd.deku_83.apk,GENUINE_no
5343,4,CipherSpec,com.google.crypto.tink.subtle.PrfAesCmac,generateSubKeys,com.afkanerd.deku_83.apk,GENUINE_no
5354,4,CipherSpec,com.google.crypto.tink.subtle.PrfAesCmac,compute,com.afkanerd.deku_83.apk,GENUINE_no
5355,4,CipherSpec,com.google.crypto.tink.subtle.PrfAesCmac,generateSubKeys,com.afkanerd.deku_83.apk,GENUINE_no
5366,4,CipherSpec,com.google.crypto.tink.subtle.PrfAesCmac,compute,com.afkanerd.deku_83.apk,GENUINE_no
5367,4,CipherSpec,com.google.crypto.tink.subtle.PrfAesCmac,generateSubKeys,com.afkanerd.deku_83.apk,GENUINE_no
5378,4,CipherSpec,com.google.crypto.tink.subtle.PrfAesCmac,compute,com.afkanerd.deku_83.apk,GENUINE_no
5379,4,CipherSpec,com.google.crypto.tink.subtle.PrfAesCmac,generateSubKeys,com.afkanerd.deku_83.apk,GENUINE_no
5390,4,CipherSpec,com.google.crypto.tink.subtle.PrfAesCmac,compute,com.afkanerd.deku_83.apk,GENUINE_no
5391,4,CipherSpec,com.google.crypto.tink.subtle.PrfAesCmac,generateSubKeys,com.afkanerd.deku_83.apk,GENUINE_no
5402,4,CipherSpec,com.google.crypto.tink.subtle.PrfAesCmac,compute,com.afkanerd.deku_83.apk,GENUINE_no
5403,4,CipherSpec,com.google.crypto.tink.subtle.PrfAesCmac,generateSubKeys,com.afkanerd.deku_83.apk,GENUINE_no
5414,4,CipherSpec,com.google.crypto.tink.subtle.PrfAesCmac,compute,com.afkanerd.deku_83.apk,GENUINE_no
5415,4,CipherSpec,com.google.crypto.tink.subtle.PrfAesCmac,generateSubKeys,com.afkanerd.deku_83.apk,GENUINE_no
5426,4,CipherSpec,com.google.crypto.tink.subtle.PrfAesCmac,compute,com.afkanerd.deku_83.apk,GENUINE_no
5427,4,CipherSpec,com.google.crypto.tink.subtle.PrfAesCmac,generateSubKeys,com.afkanerd.deku_83.apk,GENUINE_no
5438,4,CipherSpec,com.google.crypto.tink.subtle.PrfAesCmac,compute,com.afkanerd.deku_83.apk,GENUINE_no
5439,4,CipherSpec,com.google.crypto.tink.subtle.PrfAesCmac,generateSubKeys,com.afkanerd.deku_83.apk,GENUINE_no
5450,4,CipherSpec,com.google.crypto.tink.subtle.PrfAesCmac,compute,com.afkanerd.deku_83.apk,GENUINE_no
5451,4,CipherSpec,com.google.crypto.tink.subtle.PrfAesCmac,generateSubKeys,com.afkanerd.deku_83.apk,GENUINE_no
5462,4,CipherSpec,com.google.crypto.tink.subtle.PrfAesCmac,compute,com.afkanerd.deku_83.apk,GENUINE_no
5463,4,CipherSpec,com.google.crypto.tink.subtle.PrfAesCmac,generateSubKeys,com.afkanerd.deku_83.apk,GENUINE_no
5474,4,CipherSpec,com.google.crypto.tink.subtle.PrfAesCmac,compute,com.afkanerd.deku_83.apk,GENUINE_no
5475,4,CipherSpec,com.google.crypto.tink.subtle.PrfAesCmac,generateSubKeys,com.afkanerd.deku_83.apk,GENUINE_no
5486,4,CipherSpec,com.google.crypto.tink.subtle.PrfAesCmac,compute,com.afkanerd.deku_83.apk,GENUINE_no
5487,4,CipherSpec,com.google.crypto.tink.subtle.PrfAesCmac,generateSubKeys,com.afkanerd.deku_83.apk,GENUINE_no
5498,4,CipherSpec,com.google.crypto.tink.subtle.PrfAesCmac,compute,com.afkanerd.deku_83.apk,GENUINE_no
5499,4,CipherSpec,com.google.crypto.tink.subtle.PrfAesCmac,generateSubKeys,com.afkanerd.deku_83.apk,GENUINE_no
5510,4,CipherSpec,com.google.crypto.tink.subtle.PrfAesCmac,compute,com.afkanerd.deku_83.apk,GENUINE_no
5511,4,CipherSpec,com.google.crypto.tink.subtle.PrfAesCmac,generateSubKeys,com.afkanerd.deku_83.apk,GENUINE_no
5522,4,CipherSpec,com.google.crypto.tink.subtle.PrfAesCmac,compute,com.afkanerd.deku_83.apk,GENUINE_no
5523,4,CipherSpec,com.google.crypto.tink.subtle.PrfAesCmac,generateSubKeys,com.afkanerd.deku_83.apk,GENUINE_no
5534,4,CipherSpec,com.google.crypto.tink.subtle.PrfAesCmac,compute,com.afkanerd.deku_83.apk,GENUINE_no
5535,4,CipherSpec,com.google.crypto.tink.subtle.PrfAesCmac,generateSubKeys,com.afkanerd.deku_83.apk,GENUINE_no
5546,4,CipherSpec,com.google.crypto.tink.subtle.PrfAesCmac,compute,com.afkanerd.deku_83.apk,GENUINE_no
5547,4,CipherSpec,com.google.crypto.tink.subtle.PrfAesCmac,generateSubKeys,com.afkanerd.deku_83.apk,GENUINE_no
5558,4,CipherSpec,com.google.crypto.tink.subtle.PrfAesCmac,compute,com.afkanerd.deku_83.apk,GENUINE_no
5559,4,CipherSpec,com.google.crypto.tink.subtle.PrfAesCmac,generateSubKeys,com.afkanerd.deku_83.apk,GENUINE_no
5570,4,CipherSpec,com.google.crypto.tink.subtle.PrfAesCmac,compute,com.afkanerd.deku_83.apk,GENUINE_no
5571,4,CipherSpec,com.google.crypto.tink.subtle.PrfAesCmac,generateSubKeys,com.afkanerd.deku_83.apk,GENUINE_no
5582,4,CipherSpec,com.google.crypto.tink.subtle.PrfAesCmac,compute,com.afkanerd.deku_83.apk,GENUINE_no
5583,4,CipherSpec,com.google.crypto.tink.subtle.PrfAesCmac,generateSubKeys,com.afkanerd.deku_83.apk,GENUINE_no
5594,4,CipherSpec,com.google.crypto.tink.subtle.PrfAesCmac,compute,com.afkanerd.deku_83.apk,GENUINE_no
5595,4,CipherSpec,com.google.crypto.tink.subtle.PrfAesCmac,generateSubKeys,com.afkanerd.deku_83.apk,GENUINE_no
5606,4,CipherSpec,com.google.crypto.tink.subtle.PrfAesCmac,compute,com.afkanerd.deku_83.apk,GENUINE_no
5607,4,CipherSpec,com.google.crypto.tink.subtle.PrfAesCmac,generateSubKeys,com.afkanerd.deku_83.apk,GENUINE_no
5618,4,CipherSpec,com.google.crypto.tink.subtle.PrfAesCmac,compute,com.afkanerd.deku_83.apk,GENUINE_no
5619,4,CipherSpec,com.google.crypto.tink.subtle.PrfAesCmac,generateSubKeys,com.afkanerd.deku_83.apk,GENUINE_no
5630,4,CipherSpec,com.google.crypto.tink.subtle.PrfAesCmac,compute,com.afkanerd.deku_83.apk,GENUINE_no
5631,4,CipherSpec,com.google.crypto.tink.subtle.PrfAesCmac,generateSubKeys,com.afkanerd.deku_83.apk,GENUINE_no
5642,4,CipherSpec,com.google.crypto.tink.subtle.PrfAesCmac,compute,com.afkanerd.deku_83.apk,GENUINE_no
5643,4,CipherSpec,com.google.crypto.tink.subtle.PrfAesCmac,generateSubKeys,com.afkanerd.deku_83.apk,GENUINE_no
5654,4,CipherSpec,com.google.crypto.tink.subtle.PrfAesCmac,compute,com.afkanerd.deku_83.apk,GENUINE_no
5655,4,CipherSpec,com.google.crypto.tink.subtle.PrfAesCmac,generateSubKeys,com.afkanerd.deku_83.apk,GENUINE_no
5666,4,CipherSpec,com.google.crypto.tink.subtle.PrfAesCmac,compute,com.afkanerd.deku_83.apk,GENUINE_no
5667,4,CipherSpec,com.google.crypto.tink.subtle.PrfAesCmac,generateSubKeys,com.afkanerd.deku_83.apk,GENUINE_no
5684,4,CipherSpec,com.google.crypto.tink.subtle.PrfAesCmac,compute,com.afkanerd.deku_83.apk,GENUINE_no
5685,4,CipherSpec,com.google.crypto.tink.subtle.PrfAesCmac,generateSubKeys,com.afkanerd.deku_83.apk,GENUINE_no
5702,4,CipherSpec,com.google.crypto.tink.subtle.PrfAesCmac,compute,com.afkanerd.deku_83.apk,GENUINE_no
5703,4,CipherSpec,com.google.crypto.tink.subtle.PrfAesCmac,generateSubKeys,com.afkanerd.deku_83.apk,GENUINE_no
5720,4,CipherSpec,com.google.crypto.tink.subtle.PrfAesCmac,compute,com.afkanerd.deku_83.apk,GENUINE_no
5721,4,CipherSpec,com.google.crypto.tink.subtle.PrfAesCmac,generateSubKeys,com.afkanerd.deku_83.apk,GENUINE_no
5738,4,CipherSpec,com.google.crypto.tink.subtle.PrfAesCmac,compute,com.afkanerd.deku_83.apk,GENUINE_no
5739,4,CipherSpec,com.google.crypto.tink.subtle.PrfAesCmac,generateSubKeys,com.afkanerd.deku_83.apk,GENUINE_no
5756,4,CipherSpec,com.google.crypto.tink.subtle.PrfAesCmac,compute,com.afkanerd.deku_83.apk,GENUINE_no
5757,4,CipherSpec,com.google.crypto.tink.subtle.PrfAesCmac,generateSubKeys,com.afkanerd.deku_83.apk,GENUINE_no
5774,4,CipherSpec,com.google.crypto.tink.subtle.PrfAesCmac,compute,com.afkanerd.deku_83.apk,GENUINE_no
5775,4,CipherSpec,com.google.crypto.tink.subtle.PrfAesCmac,generateSubKeys,com.afkanerd.deku_83.apk,GENUINE_no
5792,4,CipherSpec,com.google.crypto.tink.subtle.PrfAesCmac,compute,com.afkanerd.deku_83.apk,GENUINE_no
5793,4,CipherSpec,com.google.crypto.tink.subtle.PrfAesCmac,generateSubKeys,com.afkanerd.deku_83.apk,GENUINE_no
5810,4,CipherSpec,com.google.crypto.tink.subtle.PrfAesCmac,compute,com.afkanerd.deku_83.apk,GENUINE_no
5811,4,CipherSpec,com.google.crypto.tink.subtle.PrfAesCmac,generateSubKeys,com.afkanerd.deku_83.apk,GENUINE_no
5828,4,CipherSpec,com.google.crypto.tink.subtle.PrfAesCmac,compute,com.afkanerd.deku_83.apk,GENUINE_no
5829,4,CipherSpec,com.google.crypto.tink.subtle.PrfAesCmac,generateSubKeys,com.afkanerd.deku_83.apk,GENUINE_no
6016,4,MacSpec,com.beemdevelopment.aegis.crypto.otp.HOTP,getHash,com.beemdevelopment.aegis_81.apk,GENUINE_no
6017,4,SecretKeySpecSpec,com.beemdevelopment.aegis.crypto.otp.HOTP,getHash,com.beemdevelopment.aegis_81.apk,GENUINE_no
6018,4,MacSpec,com.beemdevelopment.aegis.crypto.otp.HOTP,getHash,com.beemdevelopment.aegis_81.apk,GENUINE_no
6019,4,SecretKeySpecSpec,com.beemdevelopment.aegis.crypto.otp.HOTP,getHash,com.beemdevelopment.aegis_81.apk,GENUINE_no
6024,1,CipherSpec,com.beemdevelopment.aegis.crypto.CryptoUtils,encrypt,com.beemdevelopment.aegis_81.apk,WEAVER_ARTIFACT_branch
6026,1,CipherSpec,com.beemdevelopment.aegis.crypto.CryptoUtils,encrypt,com.beemdevelopment.aegis_81.apk,WEAVER_ARTIFACT_branch
6031,1,CipherSpec,com.beemdevelopment.aegis.crypto.CryptoUtils,encrypt,com.beemdevelopment.aegis_81.apk,WEAVER_ARTIFACT_branch
6033,1,CipherSpec,com.beemdevelopment.aegis.crypto.CryptoUtils,encrypt,com.beemdevelopment.aegis_81.apk,WEAVER_ARTIFACT_branch
6035,1,CipherSpec,com.beemdevelopment.aegis.crypto.CryptoUtils,encrypt,com.beemdevelopment.aegis_81.apk,WEAVER_ARTIFACT_branch
6037,1,CipherSpec,com.beemdevelopment.aegis.crypto.CryptoUtils,encrypt,com.beemdevelopment.aegis_81.apk,WEAVER_ARTIFACT_branch
6248,4,MessageDigestSpec,okio.ByteString,digest$okio,com.cointrend_10304.apk,GENUINE_no
6251,4,MessageDigestSpec,okio.ByteString,digest$okio,com.cointrend_10304.apk,GENUINE_no
6254,4,MessageDigestSpec,okio.ByteString,digest$okio,com.cointrend_10304.apk,GENUINE_no
6257,4,MessageDigestSpec,okio.ByteString,digest$okio,com.cointrend_10304.apk,GENUINE_no
6260,4,MessageDigestSpec,okio.ByteString,digest$okio,com.cointrend_10304.apk,GENUINE_no
6263,4,MessageDigestSpec,okio.ByteString,digest$okio,com.cointrend_10304.apk,GENUINE_no
6266,4,MessageDigestSpec,okio.ByteString,digest$okio,com.cointrend_10304.apk,GENUINE_no
6269,4,MessageDigestSpec,okio.ByteString,digest$okio,com.cointrend_10304.apk,GENUINE_no
6272,4,MessageDigestSpec,okio.ByteString,digest$okio,com.cointrend_10304.apk,GENUINE_no
6275,4,MessageDigestSpec,okio.ByteString,digest$okio,com.cointrend_10304.apk,GENUINE_no
6278,4,MessageDigestSpec,okio.ByteString,digest$okio,com.cointrend_10304.apk,GENUINE_no
6281,4,MessageDigestSpec,okio.ByteString,digest$okio,com.cointrend_10304.apk,GENUINE_no
6284,4,MessageDigestSpec,okio.ByteString,digest$okio,com.cointrend_10304.apk,GENUINE_no
6287,4,MessageDigestSpec,okio.ByteString,digest$okio,com.cointrend_10304.apk,GENUINE_no
6290,4,MessageDigestSpec,okio.ByteString,digest$okio,com.cointrend_10304.apk,GENUINE_no
6293,4,MessageDigestSpec,okio.ByteString,digest$okio,com.cointrend_10304.apk,GENUINE_no
6296,4,MessageDigestSpec,okio.ByteString,digest$okio,com.cointrend_10304.apk,GENUINE_no
6299,4,MessageDigestSpec,okio.ByteString,digest$okio,com.cointrend_10304.apk,GENUINE_no
6302,4,MessageDigestSpec,okio.ByteString,digest$okio,com.cointrend_10304.apk,GENUINE_no
6305,4,MessageDigestSpec,okio.ByteString,digest$okio,com.cointrend_10304.apk,GENUINE_no
6308,4,MessageDigestSpec,okio.ByteString,digest$okio,com.cointrend_10304.apk,GENUINE_no
6311,4,MessageDigestSpec,okio.ByteString,digest$okio,com.cointrend_10304.apk,GENUINE_no
6314,4,MessageDigestSpec,okio.ByteString,digest$okio,com.cointrend_10304.apk,GENUINE_no
6317,4,MessageDigestSpec,okio.ByteString,digest$okio,com.cointrend_10304.apk,GENUINE_no
6320,4,MessageDigestSpec,okio.ByteString,digest$okio,com.cointrend_10304.apk,GENUINE_no
6323,4,MessageDigestSpec,okio.ByteString,digest$okio,com.cointrend_10304.apk,GENUINE_no
6326,4,MessageDigestSpec,okio.ByteString,digest$okio,com.cointrend_10304.apk,GENUINE_no
6329,4,MessageDigestSpec,okio.ByteString,digest$okio,com.cointrend_10304.apk,GENUINE_no
6332,4,MessageDigestSpec,okio.ByteString,digest$okio,com.cointrend_10304.apk,GENUINE_no
6335,4,MessageDigestSpec,okio.ByteString,digest$okio,com.cointrend_10304.apk,GENUINE_no
6338,4,MessageDigestSpec,okio.ByteString,digest$okio,com.cointrend_10304.apk,GENUINE_no
6341,4,MessageDigestSpec,okio.ByteString,digest$okio,com.cointrend_10304.apk,GENUINE_no
6344,4,MessageDigestSpec,okio.ByteString,digest$okio,com.cointrend_10304.apk,GENUINE_no
6347,4,MessageDigestSpec,okio.ByteString,digest$okio,com.cointrend_10304.apk,GENUINE_no
6350,4,MessageDigestSpec,okio.ByteString,digest$okio,com.cointrend_10304.apk,GENUINE_no
6353,4,MessageDigestSpec,okio.ByteString,digest$okio,com.cointrend_10304.apk,GENUINE_no
6356,4,MessageDigestSpec,okio.ByteString,digest$okio,com.cointrend_10304.apk,GENUINE_no
6359,4,MessageDigestSpec,okio.ByteString,digest$okio,com.cointrend_10304.apk,GENUINE_no
6362,4,MessageDigestSpec,okio.ByteString,digest$okio,com.cointrend_10304.apk,GENUINE_no
6365,4,MessageDigestSpec,okio.ByteString,digest$okio,com.cointrend_10304.apk,GENUINE_no
6368,4,MessageDigestSpec,okio.ByteString,digest$okio,com.cointrend_10304.apk,GENUINE_no
6371,4,MessageDigestSpec,okio.ByteString,digest$okio,com.cointrend_10304.apk,GENUINE_no
6374,4,MessageDigestSpec,okio.ByteString,digest$okio,com.cointrend_10304.apk,GENUINE_no
6377,4,MessageDigestSpec,okio.ByteString,digest$okio,com.cointrend_10304.apk,GENUINE_no
6380,4,MessageDigestSpec,okio.ByteString,digest$okio,com.cointrend_10304.apk,GENUINE_no
6383,4,MessageDigestSpec,okio.ByteString,digest$okio,com.cointrend_10304.apk,GENUINE_no
6386,4,MessageDigestSpec,okio.ByteString,digest$okio,com.cointrend_10304.apk,GENUINE_no
6389,4,MessageDigestSpec,okio.ByteString,digest$okio,com.cointrend_10304.apk,GENUINE_no
6392,4,MessageDigestSpec,okio.ByteString,digest$okio,com.cointrend_10304.apk,GENUINE_no
6395,4,MessageDigestSpec,okio.ByteString,digest$okio,com.cointrend_10304.apk,GENUINE_no
6398,4,MessageDigestSpec,okio.ByteString,digest$okio,com.cointrend_10304.apk,GENUINE_no
6401,4,MessageDigestSpec,okio.ByteString,digest$okio,com.cointrend_10304.apk,GENUINE_no
6404,4,MessageDigestSpec,okio.ByteString,digest$okio,com.cointrend_10304.apk,GENUINE_no
6407,4,MessageDigestSpec,okio.ByteString,digest$okio,com.cointrend_10304.apk,GENUINE_no
6410,4,MessageDigestSpec,okio.ByteString,digest$okio,com.cointrend_10304.apk,GENUINE_no
6413,4,MessageDigestSpec,okio.ByteString,digest$okio,com.cointrend_10304.apk,GENUINE_no
6416,4,MessageDigestSpec,okio.ByteString,digest$okio,com.cointrend_10304.apk,GENUINE_no
6419,4,MessageDigestSpec,okio.ByteString,digest$okio,com.cointrend_10304.apk,GENUINE_no
6422,4,MessageDigestSpec,okio.ByteString,digest$okio,com.cointrend_10304.apk,GENUINE_no
6425,4,MessageDigestSpec,okio.ByteString,digest$okio,com.cointrend_10304.apk,GENUINE_no
6428,4,MessageDigestSpec,okio.ByteString,digest$okio,com.cointrend_10304.apk,GENUINE_no
6431,4,MessageDigestSpec,okio.ByteString,digest$okio,com.cointrend_10304.apk,GENUINE_no
6434,4,MessageDigestSpec,okio.ByteString,digest$okio,com.cointrend_10304.apk,GENUINE_no
6435,4,MessageDigestSpec,okio.ByteString,digest$okio,com.cointrend_10304.apk,GENUINE_no
6438,4,MessageDigestSpec,okio.ByteString,digest$okio,com.cointrend_10304.apk,GENUINE_no
6441,4,MessageDigestSpec,okio.ByteString,digest$okio,com.cointrend_10304.apk,GENUINE_no
6444,4,MessageDigestSpec,okio.ByteString,digest$okio,com.cointrend_10304.apk,GENUINE_no
6447,4,MessageDigestSpec,okio.ByteString,digest$okio,com.cointrend_10304.apk,GENUINE_no
6450,4,MessageDigestSpec,okio.ByteString,digest$okio,com.cointrend_10304.apk,GENUINE_no
6453,4,MessageDigestSpec,okio.ByteString,digest$okio,com.cointrend_10304.apk,GENUINE_no
6456,4,MessageDigestSpec,okio.ByteString,digest$okio,com.cointrend_10304.apk,GENUINE_no
6459,4,MessageDigestSpec,okio.ByteString,digest$okio,com.cointrend_10304.apk,GENUINE_no
6462,4,MessageDigestSpec,okio.ByteString,digest$okio,com.cointrend_10304.apk,GENUINE_no
6467,4,MessageDigestSpec,okio.ByteString,digest$okio,com.cointrend_10304.apk,GENUINE_no
6470,4,MessageDigestSpec,okio.ByteString,digest$okio,com.cointrend_10304.apk,GENUINE_no
6473,4,MessageDigestSpec,okio.ByteString,digest$okio,com.cointrend_10304.apk,GENUINE_no
6476,4,MessageDigestSpec,okio.ByteString,digest$okio,com.cointrend_10304.apk,GENUINE_no
6479,4,MessageDigestSpec,okio.ByteString,digest$okio,com.cointrend_10304.apk,GENUINE_no
6482,4,MessageDigestSpec,okio.ByteString,digest$okio,com.cointrend_10304.apk,GENUINE_no
6485,4,MessageDigestSpec,okio.ByteString,digest$okio,com.cointrend_10304.apk,GENUINE_no
6488,4,MessageDigestSpec,okio.ByteString,digest$okio,com.cointrend_10304.apk,GENUINE_no
6491,4,MessageDigestSpec,okio.ByteString,digest$okio,com.cointrend_10304.apk,GENUINE_no
6494,4,MessageDigestSpec,okio.ByteString,digest$okio,com.cointrend_10304.apk,GENUINE_no
6497,4,MessageDigestSpec,okio.ByteString,digest$okio,com.cointrend_10304.apk,GENUINE_no
6500,4,MessageDigestSpec,okio.ByteString,digest$okio,com.cointrend_10304.apk,GENUINE_no
6503,4,MessageDigestSpec,okio.ByteString,digest$okio,com.cointrend_10304.apk,GENUINE_no
6506,4,MessageDigestSpec,okio.ByteString,digest$okio,com.cointrend_10304.apk,GENUINE_no
6509,4,MessageDigestSpec,okio.ByteString,digest$okio,com.cointrend_10304.apk,GENUINE_no
6512,4,MessageDigestSpec,okio.ByteString,digest$okio,com.cointrend_10304.apk,GENUINE_no
6515,4,MessageDigestSpec,okio.ByteString,digest$okio,com.cointrend_10304.apk,GENUINE_no
6518,4,MessageDigestSpec,okio.ByteString,digest$okio,com.cointrend_10304.apk,GENUINE_no
6521,4,MessageDigestSpec,okio.ByteString,digest$okio,com.cointrend_10304.apk,GENUINE_no
6524,4,MessageDigestSpec,okio.ByteString,digest$okio,com.cointrend_10304.apk,GENUINE_no
6527,4,MessageDigestSpec,okio.ByteString,digest$okio,com.cointrend_10304.apk,GENUINE_no
6530,4,MessageDigestSpec,okio.ByteString,digest$okio,com.cointrend_10304.apk,GENUINE_no
6533,4,MessageDigestSpec,okio.ByteString,digest$okio,com.cointrend_10304.apk,GENUINE_no
6536,4,MessageDigestSpec,okio.ByteString,digest$okio,com.cointrend_10304.apk,GENUINE_no
6539,4,MessageDigestSpec,okio.ByteString,digest$okio,com.cointrend_10304.apk,GENUINE_no
6556,4,MessageDigestSpec,com.google.android.gms.measurement.internal.zzgi,zzh,com.craxiom.networksurvey_114.apk,GENUINE_no
6557,4,MessageDigestSpec,com.google.android.gms.measurement.internal.zzpp,zzQ,com.craxiom.networksurvey_114.apk,GENUINE_no
6560,4,MessageDigestSpec,com.google.android.gms.measurement.internal.zzgi,zzh,com.craxiom.networksurvey_114.apk,GENUINE_no
6561,4,MessageDigestSpec,com.google.android.gms.measurement.internal.zzpp,zzQ,com.craxiom.networksurvey_114.apk,GENUINE_no
6564,4,MessageDigestSpec,com.google.android.gms.measurement.internal.zzgi,zzh,com.craxiom.networksurvey_114.apk,GENUINE_no
6565,4,MessageDigestSpec,com.google.android.gms.measurement.internal.zzpp,zzQ,com.craxiom.networksurvey_114.apk,GENUINE_no
6576,4,MessageDigestSpec,com.google.android.gms.measurement.internal.zzgi,zzh,com.craxiom.networksurvey_114.apk,GENUINE_no
6577,4,MessageDigestSpec,com.google.android.gms.measurement.internal.zzpp,zzQ,com.craxiom.networksurvey_114.apk,GENUINE_no
6580,4,MessageDigestSpec,com.google.android.gms.measurement.internal.zzgi,zzh,com.craxiom.networksurvey_114.apk,GENUINE_no
6581,4,MessageDigestSpec,com.google.android.gms.measurement.internal.zzpp,zzQ,com.craxiom.networksurvey_114.apk,GENUINE_no
6700,4,MessageDigestSpec,com.google.android.gms.measurement.internal.zzgi,zzh,com.craxiom.networksurvey_114.apk,GENUINE_no
6701,4,MessageDigestSpec,com.google.android.gms.measurement.internal.zzpp,zzQ,com.craxiom.networksurvey_114.apk,GENUINE_no
6704,4,MessageDigestSpec,com.google.android.gms.measurement.internal.zzgi,zzh,com.craxiom.networksurvey_114.apk,GENUINE_no
6705,4,MessageDigestSpec,com.google.android.gms.measurement.internal.zzpp,zzQ,com.craxiom.networksurvey_114.apk,GENUINE_no
6718,4,MessageDigestSpec,com.google.android.gms.measurement.internal.zzgi,zzh,com.craxiom.networksurvey_114.apk,GENUINE_no
6719,4,MessageDigestSpec,com.google.android.gms.measurement.internal.zzpp,zzQ,com.craxiom.networksurvey_114.apk,GENUINE_no
6724,4,MessageDigestSpec,com.google.android.gms.measurement.internal.zzgi,zzh,com.craxiom.networksurvey_114.apk,GENUINE_no
6725,4,MessageDigestSpec,com.google.android.gms.measurement.internal.zzpp,zzQ,com.craxiom.networksurvey_114.apk,GENUINE_no
6729,4,MessageDigestSpec,com.google.android.gms.measurement.internal.zzgi,zzh,com.craxiom.networksurvey_114.apk,GENUINE_no
6730,4,MessageDigestSpec,com.google.android.gms.measurement.internal.zzpp,zzQ,com.craxiom.networksurvey_114.apk,GENUINE_no
6739,4,MessageDigestSpec,com.google.android.gms.measurement.internal.zzgi,zzh,com.craxiom.networksurvey_114.apk,GENUINE_no
6740,4,MessageDigestSpec,com.google.android.gms.measurement.internal.zzpp,zzQ,com.craxiom.networksurvey_114.apk,GENUINE_no
6743,4,MessageDigestSpec,com.google.android.gms.measurement.internal.zzgi,zzh,com.craxiom.networksurvey_114.apk,GENUINE_no
6744,4,MessageDigestSpec,com.google.android.gms.measurement.internal.zzpp,zzQ,com.craxiom.networksurvey_114.apk,GENUINE_no
6749,4,MessageDigestSpec,com.google.android.gms.measurement.internal.zzgi,zzh,com.craxiom.networksurvey_114.apk,GENUINE_no
6750,4,MessageDigestSpec,com.google.android.gms.measurement.internal.zzpp,zzQ,com.craxiom.networksurvey_114.apk,GENUINE_no
6753,4,MessageDigestSpec,com.google.android.gms.measurement.internal.zzgi,zzh,com.craxiom.networksurvey_114.apk,GENUINE_no
6754,4,MessageDigestSpec,com.google.android.gms.measurement.internal.zzpp,zzQ,com.craxiom.networksurvey_114.apk,GENUINE_no
6879,4,MessageDigestSpec,com.google.android.gms.measurement.internal.zzgi,zzh,com.ds.avare_404.apk,GENUINE_no
6880,4,MessageDigestSpec,com.google.android.gms.measurement.internal.zzpp,zzQ,com.ds.avare_404.apk,GENUINE_no
6881,4,MessageDigestSpec,com.google.firebase.crashlytics.internal.common.CommonUtils,hash,com.ds.avare_404.apk,GENUINE_no
6882,4,MessageDigestSpec,com.google.android.gms.measurement.internal.zzgi,zzh,com.ds.avare_404.apk,GENUINE_no
6883,4,MessageDigestSpec,com.google.android.gms.measurement.internal.zzpp,zzQ,com.ds.avare_404.apk,GENUINE_no
6884,4,MessageDigestSpec,com.google.firebase.crashlytics.internal.common.CommonUtils,hash,com.ds.avare_404.apk,GENUINE_no
6885,4,MessageDigestSpec,com.google.android.gms.measurement.internal.zzgi,zzh,com.ds.avare_404.apk,GENUINE_no
6886,4,MessageDigestSpec,com.google.android.gms.measurement.internal.zzpp,zzQ,com.ds.avare_404.apk,GENUINE_no
6887,4,MessageDigestSpec,com.google.firebase.crashlytics.internal.common.CommonUtils,hash,com.ds.avare_404.apk,GENUINE_no
6888,4,MessageDigestSpec,com.google.android.gms.measurement.internal.zzgi,zzh,com.ds.avare_404.apk,GENUINE_no
6889,4,MessageDigestSpec,com.google.android.gms.measurement.internal.zzpp,zzQ,com.ds.avare_404.apk,GENUINE_no
6890,4,MessageDigestSpec,com.google.firebase.crashlytics.internal.common.CommonUtils,hash,com.ds.avare_404.apk,GENUINE_no
6891,4,MessageDigestSpec,com.google.android.gms.measurement.internal.zzgi,zzh,com.ds.avare_404.apk,GENUINE_no
6892,4,MessageDigestSpec,com.google.android.gms.measurement.internal.zzpp,zzQ,com.ds.avare_404.apk,GENUINE_no
6893,4,MessageDigestSpec,com.google.firebase.crashlytics.internal.common.CommonUtils,hash,com.ds.avare_404.apk,GENUINE_no
6894,4,MessageDigestSpec,com.google.android.gms.measurement.internal.zzgi,zzh,com.ds.avare_404.apk,GENUINE_no
6895,4,MessageDigestSpec,com.google.android.gms.measurement.internal.zzpp,zzQ,com.ds.avare_404.apk,GENUINE_no
6896,4,MessageDigestSpec,com.google.firebase.crashlytics.internal.common.CommonUtils,hash,com.ds.avare_404.apk,GENUINE_no
6897,4,MessageDigestSpec,com.google.android.gms.measurement.internal.zzgi,zzh,com.ds.avare_404.apk,GENUINE_no
6898,4,MessageDigestSpec,com.google.android.gms.measurement.internal.zzpp,zzQ,com.ds.avare_404.apk,GENUINE_no
6899,4,MessageDigestSpec,com.google.firebase.crashlytics.internal.common.CommonUtils,hash,com.ds.avare_404.apk,GENUINE_no
6900,4,MessageDigestSpec,com.google.android.gms.measurement.internal.zzgi,zzh,com.ds.avare_404.apk,GENUINE_no
6901,4,MessageDigestSpec,com.google.android.gms.measurement.internal.zzpp,zzQ,com.ds.avare_404.apk,GENUINE_no
6902,4,MessageDigestSpec,com.google.firebase.crashlytics.internal.common.CommonUtils,hash,com.ds.avare_404.apk,GENUINE_no
6903,4,MessageDigestSpec,com.google.android.gms.measurement.internal.zzgi,zzh,com.ds.avare_404.apk,GENUINE_no
6904,4,MessageDigestSpec,com.google.android.gms.measurement.internal.zzpp,zzQ,com.ds.avare_404.apk,GENUINE_no
6905,4,MessageDigestSpec,com.google.firebase.crashlytics.internal.common.CommonUtils,hash,com.ds.avare_404.apk,GENUINE_no
6906,4,MessageDigestSpec,com.google.android.gms.measurement.internal.zzgi,zzh,com.ds.avare_404.apk,GENUINE_no
6907,4,MessageDigestSpec,com.google.android.gms.measurement.internal.zzpp,zzQ,com.ds.avare_404.apk,GENUINE_no
6908,4,MessageDigestSpec,com.google.firebase.crashlytics.internal.common.CommonUtils,hash,com.ds.avare_404.apk,GENUINE_no
6909,4,MessageDigestSpec,com.google.android.gms.measurement.internal.zzgi,zzh,com.ds.avare_404.apk,GENUINE_no
6910,4,MessageDigestSpec,com.google.android.gms.measurement.internal.zzpp,zzQ,com.ds.avare_404.apk,GENUINE_no
6911,4,MessageDigestSpec,com.google.firebase.crashlytics.internal.common.CommonUtils,hash,com.ds.avare_404.apk,GENUINE_no
6912,4,MessageDigestSpec,com.google.android.gms.measurement.internal.zzgi,zzh,com.ds.avare_404.apk,GENUINE_no
6913,4,MessageDigestSpec,com.google.android.gms.measurement.internal.zzpp,zzQ,com.ds.avare_404.apk,GENUINE_no
6914,4,MessageDigestSpec,com.google.firebase.crashlytics.internal.common.CommonUtils,hash,com.ds.avare_404.apk,GENUINE_no
6915,4,MessageDigestSpec,com.google.android.gms.measurement.internal.zzgi,zzh,com.ds.avare_404.apk,GENUINE_no
6916,4,MessageDigestSpec,com.google.android.gms.measurement.internal.zzpp,zzQ,com.ds.avare_404.apk,GENUINE_no
6917,4,MessageDigestSpec,com.google.firebase.crashlytics.internal.common.CommonUtils,hash,com.ds.avare_404.apk,GENUINE_no
6918,4,MessageDigestSpec,com.google.android.gms.measurement.internal.zzgi,zzh,com.ds.avare_404.apk,GENUINE_no
6919,4,MessageDigestSpec,com.google.android.gms.measurement.internal.zzpp,zzQ,com.ds.avare_404.apk,GENUINE_no
6920,4,MessageDigestSpec,com.google.firebase.crashlytics.internal.common.CommonUtils,hash,com.ds.avare_404.apk,GENUINE_no
6921,4,MessageDigestSpec,com.google.android.gms.measurement.internal.zzgi,zzh,com.ds.avare_404.apk,GENUINE_no
6922,4,MessageDigestSpec,com.google.android.gms.measurement.internal.zzpp,zzQ,com.ds.avare_404.apk,GENUINE_no
6923,4,MessageDigestSpec,com.google.firebase.crashlytics.internal.common.CommonUtils,hash,com.ds.avare_404.apk,GENUINE_no
6924,4,MessageDigestSpec,com.google.android.gms.measurement.internal.zzgi,zzh,com.ds.avare_404.apk,GENUINE_no
6925,4,MessageDigestSpec,com.google.android.gms.measurement.internal.zzpp,zzQ,com.ds.avare_404.apk,GENUINE_no
6926,4,MessageDigestSpec,com.google.firebase.crashlytics.internal.common.CommonUtils,hash,com.ds.avare_404.apk,GENUINE_no
6927,4,MessageDigestSpec,com.google.android.gms.measurement.internal.zzgi,zzh,com.ds.avare_404.apk,GENUINE_no
6928,4,MessageDigestSpec,com.google.android.gms.measurement.internal.zzpp,zzQ,com.ds.avare_404.apk,GENUINE_no
6929,4,MessageDigestSpec,com.google.firebase.crashlytics.internal.common.CommonUtils,hash,com.ds.avare_404.apk,GENUINE_no
6930,4,MessageDigestSpec,com.google.android.gms.measurement.internal.zzgi,zzh,com.ds.avare_404.apk,GENUINE_no
6931,4,MessageDigestSpec,com.google.android.gms.measurement.internal.zzpp,zzQ,com.ds.avare_404.apk,GENUINE_no
6932,4,MessageDigestSpec,com.google.firebase.crashlytics.internal.common.CommonUtils,hash,com.ds.avare_404.apk,GENUINE_no
6933,4,MessageDigestSpec,com.google.android.gms.measurement.internal.zzgi,zzh,com.ds.avare_404.apk,GENUINE_no
6934,4,MessageDigestSpec,com.google.android.gms.measurement.internal.zzpp,zzQ,com.ds.avare_404.apk,GENUINE_no
6935,4,MessageDigestSpec,com.google.firebase.crashlytics.internal.common.CommonUtils,hash,com.ds.avare_404.apk,GENUINE_no
6936,4,MessageDigestSpec,com.google.android.gms.measurement.internal.zzgi,zzh,com.ds.avare_404.apk,GENUINE_no
6937,4,MessageDigestSpec,com.google.android.gms.measurement.internal.zzpp,zzQ,com.ds.avare_404.apk,GENUINE_no
6938,4,MessageDigestSpec,com.google.firebase.crashlytics.internal.common.CommonUtils,hash,com.ds.avare_404.apk,GENUINE_no
6939,4,MessageDigestSpec,com.google.android.gms.measurement.internal.zzgi,zzh,com.ds.avare_404.apk,GENUINE_no
6940,4,MessageDigestSpec,com.google.android.gms.measurement.internal.zzpp,zzQ,com.ds.avare_404.apk,GENUINE_no
6941,4,MessageDigestSpec,com.google.firebase.crashlytics.internal.common.CommonUtils,hash,com.ds.avare_404.apk,GENUINE_no
6942,4,MessageDigestSpec,com.google.android.gms.measurement.internal.zzgi,zzh,com.ds.avare_404.apk,GENUINE_no
6943,4,MessageDigestSpec,com.google.android.gms.measurement.internal.zzpp,zzQ,com.ds.avare_404.apk,GENUINE_no
6944,4,MessageDigestSpec,com.google.firebase.crashlytics.internal.common.CommonUtils,hash,com.ds.avare_404.apk,GENUINE_no
6945,4,MessageDigestSpec,com.google.android.gms.measurement.internal.zzgi,zzh,com.ds.avare_404.apk,GENUINE_no
6946,4,MessageDigestSpec,com.google.android.gms.measurement.internal.zzpp,zzQ,com.ds.avare_404.apk,GENUINE_no
6947,4,MessageDigestSpec,com.google.firebase.crashlytics.internal.common.CommonUtils,hash,com.ds.avare_404.apk,GENUINE_no
6948,4,MessageDigestSpec,com.google.android.gms.measurement.internal.zzgi,zzh,com.ds.avare_404.apk,GENUINE_no
6949,4,MessageDigestSpec,com.google.android.gms.measurement.internal.zzpp,zzQ,com.ds.avare_404.apk,GENUINE_no
6950,4,MessageDigestSpec,com.google.firebase.crashlytics.internal.common.CommonUtils,hash,com.ds.avare_404.apk,GENUINE_no
6951,4,MessageDigestSpec,com.google.android.gms.measurement.internal.zzgi,zzh,com.ds.avare_404.apk,GENUINE_no
6952,4,MessageDigestSpec,com.google.android.gms.measurement.internal.zzpp,zzQ,com.ds.avare_404.apk,GENUINE_no
6953,4,MessageDigestSpec,com.google.firebase.crashlytics.internal.common.CommonUtils,hash,com.ds.avare_404.apk,GENUINE_no
6954,4,MessageDigestSpec,com.google.android.gms.measurement.internal.zzgi,zzh,com.ds.avare_404.apk,GENUINE_no
6955,4,MessageDigestSpec,com.google.android.gms.measurement.internal.zzpp,zzQ,com.ds.avare_404.apk,GENUINE_no
6956,4,MessageDigestSpec,com.google.firebase.crashlytics.internal.common.CommonUtils,hash,com.ds.avare_404.apk,GENUINE_no
6957,4,MessageDigestSpec,com.google.android.gms.measurement.internal.zzgi,zzh,com.ds.avare_404.apk,GENUINE_no
6958,4,MessageDigestSpec,com.google.android.gms.measurement.internal.zzpp,zzQ,com.ds.avare_404.apk,GENUINE_no
6959,4,MessageDigestSpec,com.google.firebase.crashlytics.internal.common.CommonUtils,hash,com.ds.avare_404.apk,GENUINE_no
6960,4,MessageDigestSpec,com.google.android.gms.measurement.internal.zzgi,zzh,com.ds.avare_404.apk,GENUINE_no
6961,4,MessageDigestSpec,com.google.android.gms.measurement.internal.zzpp,zzQ,com.ds.avare_404.apk,GENUINE_no
6962,4,MessageDigestSpec,com.google.firebase.crashlytics.internal.common.CommonUtils,hash,com.ds.avare_404.apk,GENUINE_no
6963,4,MessageDigestSpec,com.google.android.gms.measurement.internal.zzgi,zzh,com.ds.avare_404.apk,GENUINE_no
6964,4,MessageDigestSpec,com.google.android.gms.measurement.internal.zzpp,zzQ,com.ds.avare_404.apk,GENUINE_no
6965,4,MessageDigestSpec,com.google.firebase.crashlytics.internal.common.CommonUtils,hash,com.ds.avare_404.apk,GENUINE_no
6966,4,MessageDigestSpec,com.google.android.gms.measurement.internal.zzgi,zzh,com.ds.avare_404.apk,GENUINE_no
6967,4,MessageDigestSpec,com.google.android.gms.measurement.internal.zzpp,zzQ,com.ds.avare_404.apk,GENUINE_no
6968,4,MessageDigestSpec,com.google.firebase.crashlytics.internal.common.CommonUtils,hash,com.ds.avare_404.apk,GENUINE_no
6969,4,MessageDigestSpec,com.google.android.gms.measurement.internal.zzgi,zzh,com.ds.avare_404.apk,GENUINE_no
6970,4,MessageDigestSpec,com.google.android.gms.measurement.internal.zzpp,zzQ,com.ds.avare_404.apk,GENUINE_no
6971,4,MessageDigestSpec,com.google.firebase.crashlytics.internal.common.CommonUtils,hash,com.ds.avare_404.apk,GENUINE_no
6972,4,MessageDigestSpec,com.google.android.gms.measurement.internal.zzgi,zzh,com.ds.avare_404.apk,GENUINE_no
6973,4,MessageDigestSpec,com.google.android.gms.measurement.internal.zzpp,zzQ,com.ds.avare_404.apk,GENUINE_no
6974,4,MessageDigestSpec,com.google.firebase.crashlytics.internal.common.CommonUtils,hash,com.ds.avare_404.apk,GENUINE_no
6975,4,MessageDigestSpec,com.google.android.gms.measurement.internal.zzgi,zzh,com.ds.avare_404.apk,GENUINE_no
6976,4,MessageDigestSpec,com.google.android.gms.measurement.internal.zzpp,zzQ,com.ds.avare_404.apk,GENUINE_no
6977,4,MessageDigestSpec,com.google.firebase.crashlytics.internal.common.CommonUtils,hash,com.ds.avare_404.apk,GENUINE_no
6978,4,MessageDigestSpec,com.google.android.gms.measurement.internal.zzgi,zzh,com.ds.avare_404.apk,GENUINE_no
6979,4,MessageDigestSpec,com.google.android.gms.measurement.internal.zzpp,zzQ,com.ds.avare_404.apk,GENUINE_no
6980,4,MessageDigestSpec,com.google.firebase.crashlytics.internal.common.CommonUtils,hash,com.ds.avare_404.apk,GENUINE_no
6981,4,MessageDigestSpec,com.google.android.gms.measurement.internal.zzgi,zzh,com.ds.avare_404.apk,GENUINE_no
6982,4,MessageDigestSpec,com.google.android.gms.measurement.internal.zzpp,zzQ,com.ds.avare_404.apk,GENUINE_no
6983,4,MessageDigestSpec,com.google.firebase.crashlytics.internal.common.CommonUtils,hash,com.ds.avare_404.apk,GENUINE_no
6984,4,MessageDigestSpec,com.google.android.gms.measurement.internal.zzgi,zzh,com.ds.avare_404.apk,GENUINE_no
6985,4,MessageDigestSpec,com.google.android.gms.measurement.internal.zzpp,zzQ,com.ds.avare_404.apk,GENUINE_no
6986,4,MessageDigestSpec,com.google.firebase.crashlytics.internal.common.CommonUtils,hash,com.ds.avare_404.apk,GENUINE_no
6987,4,MessageDigestSpec,com.google.android.gms.measurement.internal.zzgi,zzh,com.ds.avare_404.apk,GENUINE_no
6988,4,MessageDigestSpec,com.google.android.gms.measurement.internal.zzpp,zzQ,com.ds.avare_404.apk,GENUINE_no
6989,4,MessageDigestSpec,com.google.firebase.crashlytics.internal.common.CommonUtils,hash,com.ds.avare_404.apk,GENUINE_no
6990,4,MessageDigestSpec,com.google.android.gms.measurement.internal.zzgi,zzh,com.ds.avare_404.apk,GENUINE_no
6991,4,MessageDigestSpec,com.google.android.gms.measurement.internal.zzpp,zzQ,com.ds.avare_404.apk,GENUINE_no
6992,4,MessageDigestSpec,com.google.firebase.crashlytics.internal.common.CommonUtils,hash,com.ds.avare_404.apk,GENUINE_no
6993,4,MessageDigestSpec,com.google.android.gms.measurement.internal.zzgi,zzh,com.ds.avare_404.apk,GENUINE_no
6994,4,MessageDigestSpec,com.google.android.gms.measurement.internal.zzpp,zzQ,com.ds.avare_404.apk,GENUINE_no
6995,4,MessageDigestSpec,com.google.firebase.crashlytics.internal.common.CommonUtils,hash,com.ds.avare_404.apk,GENUINE_no
6996,4,MessageDigestSpec,com.google.android.gms.measurement.internal.zzgi,zzh,com.ds.avare_404.apk,GENUINE_no
6997,4,MessageDigestSpec,com.google.android.gms.measurement.internal.zzpp,zzQ,com.ds.avare_404.apk,GENUINE_no
6998,4,MessageDigestSpec,com.google.firebase.crashlytics.internal.common.CommonUtils,hash,com.ds.avare_404.apk,GENUINE_no
6999,4,MessageDigestSpec,com.google.android.gms.measurement.internal.zzgi,zzh,com.ds.avare_404.apk,GENUINE_no
7000,4,MessageDigestSpec,com.google.android.gms.measurement.internal.zzpp,zzQ,com.ds.avare_404.apk,GENUINE_no
7001,4,MessageDigestSpec,com.google.firebase.crashlytics.internal.common.CommonUtils,hash,com.ds.avare_404.apk,GENUINE_no
7002,4,MessageDigestSpec,com.google.android.gms.measurement.internal.zzgi,zzh,com.ds.avare_404.apk,GENUINE_no
7003,4,MessageDigestSpec,com.google.android.gms.measurement.internal.zzpp,zzQ,com.ds.avare_404.apk,GENUINE_no
7004,4,MessageDigestSpec,com.google.firebase.crashlytics.internal.common.CommonUtils,hash,com.ds.avare_404.apk,GENUINE_no
7005,4,MessageDigestSpec,com.google.android.gms.measurement.internal.zzgi,zzh,com.ds.avare_404.apk,GENUINE_no
7006,4,MessageDigestSpec,com.google.android.gms.measurement.internal.zzpp,zzQ,com.ds.avare_404.apk,GENUINE_no
7007,4,MessageDigestSpec,com.google.firebase.crashlytics.internal.common.CommonUtils,hash,com.ds.avare_404.apk,GENUINE_no
7008,4,MessageDigestSpec,com.google.android.gms.measurement.internal.zzgi,zzh,com.ds.avare_404.apk,GENUINE_no
7009,4,MessageDigestSpec,com.google.android.gms.measurement.internal.zzpp,zzQ,com.ds.avare_404.apk,GENUINE_no
7010,4,MessageDigestSpec,com.google.firebase.crashlytics.internal.common.CommonUtils,hash,com.ds.avare_404.apk,GENUINE_no
7011,4,MessageDigestSpec,com.google.android.gms.measurement.internal.zzgi,zzh,com.ds.avare_404.apk,GENUINE_no
7012,4,MessageDigestSpec,com.google.android.gms.measurement.internal.zzpp,zzQ,com.ds.avare_404.apk,GENUINE_no
7013,4,MessageDigestSpec,com.google.firebase.crashlytics.internal.common.CommonUtils,hash,com.ds.avare_404.apk,GENUINE_no
7014,4,MessageDigestSpec,com.google.android.gms.measurement.internal.zzgi,zzh,com.ds.avare_404.apk,GENUINE_no
7015,4,MessageDigestSpec,com.google.android.gms.measurement.internal.zzpp,zzQ,com.ds.avare_404.apk,GENUINE_no
7016,4,MessageDigestSpec,com.google.firebase.crashlytics.internal.common.CommonUtils,hash,com.ds.avare_404.apk,GENUINE_no
7017,4,MessageDigestSpec,com.google.android.gms.measurement.internal.zzgi,zzh,com.ds.avare_404.apk,GENUINE_no
7018,4,MessageDigestSpec,com.google.android.gms.measurement.internal.zzpp,zzQ,com.ds.avare_404.apk,GENUINE_no
7019,4,MessageDigestSpec,com.google.firebase.crashlytics.internal.common.CommonUtils,hash,com.ds.avare_404.apk,GENUINE_no
7020,4,MessageDigestSpec,com.google.android.gms.measurement.internal.zzgi,zzh,com.ds.avare_404.apk,GENUINE_no
7021,4,MessageDigestSpec,com.google.android.gms.measurement.internal.zzpp,zzQ,com.ds.avare_404.apk,GENUINE_no
7022,4,MessageDigestSpec,com.google.firebase.crashlytics.internal.common.CommonUtils,hash,com.ds.avare_404.apk,GENUINE_no
7023,4,MessageDigestSpec,com.google.android.gms.measurement.internal.zzgi,zzh,com.ds.avare_404.apk,GENUINE_no
7024,4,MessageDigestSpec,com.google.android.gms.measurement.internal.zzpp,zzQ,com.ds.avare_404.apk,GENUINE_no
7025,4,MessageDigestSpec,com.google.firebase.crashlytics.internal.common.CommonUtils,hash,com.ds.avare_404.apk,GENUINE_no
7026,4,MessageDigestSpec,com.google.android.gms.measurement.internal.zzgi,zzh,com.ds.avare_404.apk,GENUINE_no
7027,4,MessageDigestSpec,com.google.android.gms.measurement.internal.zzpp,zzQ,com.ds.avare_404.apk,GENUINE_no
7028,4,MessageDigestSpec,com.google.firebase.crashlytics.internal.common.CommonUtils,hash,com.ds.avare_404.apk,GENUINE_no
7029,4,MessageDigestSpec,com.google.android.gms.measurement.internal.zzgi,zzh,com.ds.avare_404.apk,GENUINE_no
7030,4,MessageDigestSpec,com.google.android.gms.measurement.internal.zzpp,zzQ,com.ds.avare_404.apk,GENUINE_no
7031,4,MessageDigestSpec,com.google.firebase.crashlytics.internal.common.CommonUtils,hash,com.ds.avare_404.apk,GENUINE_no
7032,4,MessageDigestSpec,com.google.android.gms.measurement.internal.zzgi,zzh,com.ds.avare_404.apk,GENUINE_no
7033,4,MessageDigestSpec,com.google.android.gms.measurement.internal.zzpp,zzQ,com.ds.avare_404.apk,GENUINE_no
7034,4,MessageDigestSpec,com.google.firebase.crashlytics.internal.common.CommonUtils,hash,com.ds.avare_404.apk,GENUINE_no
7035,4,MessageDigestSpec,com.google.android.gms.measurement.internal.zzgi,zzh,com.ds.avare_404.apk,GENUINE_no
7036,4,MessageDigestSpec,com.google.android.gms.measurement.internal.zzpp,zzQ,com.ds.avare_404.apk,GENUINE_no
7037,4,MessageDigestSpec,com.google.firebase.crashlytics.internal.common.CommonUtils,hash,com.ds.avare_404.apk,GENUINE_no
7038,4,MessageDigestSpec,com.google.android.gms.measurement.internal.zzgi,zzh,com.ds.avare_404.apk,GENUINE_no
7039,4,MessageDigestSpec,com.google.android.gms.measurement.internal.zzpp,zzQ,com.ds.avare_404.apk,GENUINE_no
7040,4,MessageDigestSpec,com.google.firebase.crashlytics.internal.common.CommonUtils,hash,com.ds.avare_404.apk,GENUINE_no
7041,4,MessageDigestSpec,com.google.android.gms.measurement.internal.zzgi,zzh,com.ds.avare_404.apk,GENUINE_no
7042,4,MessageDigestSpec,com.google.android.gms.measurement.internal.zzpp,zzQ,com.ds.avare_404.apk,GENUINE_no
7043,4,MessageDigestSpec,com.google.firebase.crashlytics.internal.common.CommonUtils,hash,com.ds.avare_404.apk,GENUINE_no
7044,4,MessageDigestSpec,com.google.android.gms.measurement.internal.zzgi,zzh,com.ds.avare_404.apk,GENUINE_no
7045,4,MessageDigestSpec,com.google.android.gms.measurement.internal.zzpp,zzQ,com.ds.avare_404.apk,GENUINE_no
7046,4,MessageDigestSpec,com.google.firebase.crashlytics.internal.common.CommonUtils,hash,com.ds.avare_404.apk,GENUINE_no
7047,4,MessageDigestSpec,com.google.android.gms.measurement.internal.zzgi,zzh,com.ds.avare_404.apk,GENUINE_no
7048,4,MessageDigestSpec,com.google.android.gms.measurement.internal.zzpp,zzQ,com.ds.avare_404.apk,GENUINE_no
7049,4,MessageDigestSpec,com.google.firebase.crashlytics.internal.common.CommonUtils,hash,com.ds.avare_404.apk,GENUINE_no
7050,4,MessageDigestSpec,com.google.android.gms.measurement.internal.zzgi,zzh,com.ds.avare_404.apk,GENUINE_no
7051,4,MessageDigestSpec,com.google.android.gms.measurement.internal.zzpp,zzQ,com.ds.avare_404.apk,GENUINE_no
7052,4,MessageDigestSpec,com.google.firebase.crashlytics.internal.common.CommonUtils,hash,com.ds.avare_404.apk,GENUINE_no
7053,4,MessageDigestSpec,com.google.android.gms.measurement.internal.zzgi,zzh,com.ds.avare_404.apk,GENUINE_no
7054,4,MessageDigestSpec,com.google.android.gms.measurement.internal.zzpp,zzQ,com.ds.avare_404.apk,GENUINE_no
7055,4,MessageDigestSpec,com.google.firebase.crashlytics.internal.common.CommonUtils,hash,com.ds.avare_404.apk,GENUINE_no
7056,4,MessageDigestSpec,com.google.android.gms.measurement.internal.zzgi,zzh,com.ds.avare_404.apk,GENUINE_no
7057,4,MessageDigestSpec,com.google.android.gms.measurement.internal.zzpp,zzQ,com.ds.avare_404.apk,GENUINE_no
7058,4,MessageDigestSpec,com.google.firebase.crashlytics.internal.common.CommonUtils,hash,com.ds.avare_404.apk,GENUINE_no
7059,4,MessageDigestSpec,com.google.android.gms.measurement.internal.zzgi,zzh,com.ds.avare_404.apk,GENUINE_no
7060,4,MessageDigestSpec,com.google.android.gms.measurement.internal.zzpp,zzQ,com.ds.avare_404.apk,GENUINE_no
7061,4,MessageDigestSpec,com.google.firebase.crashlytics.internal.common.CommonUtils,hash,com.ds.avare_404.apk,GENUINE_no
7062,4,MessageDigestSpec,com.google.android.gms.measurement.internal.zzgi,zzh,com.ds.avare_404.apk,GENUINE_no
7063,4,MessageDigestSpec,com.google.android.gms.measurement.internal.zzpp,zzQ,com.ds.avare_404.apk,GENUINE_no
7064,4,MessageDigestSpec,com.google.firebase.crashlytics.internal.common.CommonUtils,hash,com.ds.avare_404.apk,GENUINE_no
7065,4,MessageDigestSpec,com.google.android.gms.measurement.internal.zzgi,zzh,com.ds.avare_404.apk,GENUINE_no
7066,4,MessageDigestSpec,com.google.android.gms.measurement.internal.zzpp,zzQ,com.ds.avare_404.apk,GENUINE_no
7067,4,MessageDigestSpec,com.google.firebase.crashlytics.internal.common.CommonUtils,hash,com.ds.avare_404.apk,GENUINE_no
7068,4,MessageDigestSpec,com.google.android.gms.measurement.internal.zzgi,zzh,com.ds.avare_404.apk,GENUINE_no
7069,4,MessageDigestSpec,com.google.android.gms.measurement.internal.zzpp,zzQ,com.ds.avare_404.apk,GENUINE_no
7070,4,MessageDigestSpec,com.google.firebase.crashlytics.internal.common.CommonUtils,hash,com.ds.avare_404.apk,GENUINE_no
7071,4,MessageDigestSpec,com.google.android.gms.measurement.internal.zzgi,zzh,com.ds.avare_404.apk,GENUINE_no
7072,4,MessageDigestSpec,com.google.android.gms.measurement.internal.zzpp,zzQ,com.ds.avare_404.apk,GENUINE_no
7073,4,MessageDigestSpec,com.google.firebase.crashlytics.internal.common.CommonUtils,hash,com.ds.avare_404.apk,GENUINE_no
7074,4,MessageDigestSpec,com.google.android.gms.measurement.internal.zzgi,zzh,com.ds.avare_404.apk,GENUINE_no
7075,4,MessageDigestSpec,com.google.android.gms.measurement.internal.zzpp,zzQ,com.ds.avare_404.apk,GENUINE_no
7076,4,MessageDigestSpec,com.google.firebase.crashlytics.internal.common.CommonUtils,hash,com.ds.avare_404.apk,GENUINE_no
7077,4,MessageDigestSpec,com.google.android.gms.measurement.internal.zzgi,zzh,com.ds.avare_404.apk,GENUINE_no
7078,4,MessageDigestSpec,com.google.android.gms.measurement.internal.zzpp,zzQ,com.ds.avare_404.apk,GENUINE_no
7079,4,MessageDigestSpec,com.google.firebase.crashlytics.internal.common.CommonUtils,hash,com.ds.avare_404.apk,GENUINE_no
7080,4,MessageDigestSpec,com.google.android.gms.measurement.internal.zzgi,zzh,com.ds.avare_404.apk,GENUINE_no
7081,4,MessageDigestSpec,com.google.android.gms.measurement.internal.zzpp,zzQ,com.ds.avare_404.apk,GENUINE_no
7082,4,MessageDigestSpec,com.google.firebase.crashlytics.internal.common.CommonUtils,hash,com.ds.avare_404.apk,GENUINE_no
7083,4,MessageDigestSpec,com.google.android.gms.measurement.internal.zzgi,zzh,com.ds.avare_404.apk,GENUINE_no
7084,4,MessageDigestSpec,com.google.android.gms.measurement.internal.zzpp,zzQ,com.ds.avare_404.apk,GENUINE_no
7085,4,MessageDigestSpec,com.google.firebase.crashlytics.internal.common.CommonUtils,hash,com.ds.avare_404.apk,GENUINE_no
7086,4,MessageDigestSpec,com.google.android.gms.measurement.internal.zzgi,zzh,com.ds.avare_404.apk,GENUINE_no
7087,4,MessageDigestSpec,com.google.android.gms.measurement.internal.zzpp,zzQ,com.ds.avare_404.apk,GENUINE_no
7088,4,MessageDigestSpec,com.google.firebase.crashlytics.internal.common.CommonUtils,hash,com.ds.avare_404.apk,GENUINE_no
7089,4,MessageDigestSpec,com.google.android.gms.measurement.internal.zzgi,zzh,com.ds.avare_404.apk,GENUINE_no
7090,4,MessageDigestSpec,com.google.android.gms.measurement.internal.zzpp,zzQ,com.ds.avare_404.apk,GENUINE_no
7091,4,MessageDigestSpec,com.google.firebase.crashlytics.internal.common.CommonUtils,hash,com.ds.avare_404.apk,GENUINE_no
7092,4,MessageDigestSpec,com.google.android.gms.measurement.internal.zzgi,zzh,com.ds.avare_404.apk,GENUINE_no
7093,4,MessageDigestSpec,com.google.android.gms.measurement.internal.zzpp,zzQ,com.ds.avare_404.apk,GENUINE_no
7094,4,MessageDigestSpec,com.google.firebase.crashlytics.internal.common.CommonUtils,hash,com.ds.avare_404.apk,GENUINE_no
7095,4,MessageDigestSpec,com.google.android.gms.measurement.internal.zzgi,zzh,com.ds.avare_404.apk,GENUINE_no
7096,4,MessageDigestSpec,com.google.android.gms.measurement.internal.zzpp,zzQ,com.ds.avare_404.apk,GENUINE_no
7097,4,MessageDigestSpec,com.google.firebase.crashlytics.internal.common.CommonUtils,hash,com.ds.avare_404.apk,GENUINE_no
7098,4,MessageDigestSpec,com.google.android.gms.measurement.internal.zzgi,zzh,com.ds.avare_404.apk,GENUINE_no
7099,4,MessageDigestSpec,com.google.android.gms.measurement.internal.zzpp,zzQ,com.ds.avare_404.apk,GENUINE_no
7100,4,MessageDigestSpec,com.google.firebase.crashlytics.internal.common.CommonUtils,hash,com.ds.avare_404.apk,GENUINE_no
7101,4,MessageDigestSpec,com.google.android.gms.measurement.internal.zzgi,zzh,com.ds.avare_404.apk,GENUINE_no
7102,4,MessageDigestSpec,com.google.android.gms.measurement.internal.zzpp,zzQ,com.ds.avare_404.apk,GENUINE_no
7103,4,MessageDigestSpec,com.google.firebase.crashlytics.internal.common.CommonUtils,hash,com.ds.avare_404.apk,GENUINE_no
7104,4,MessageDigestSpec,com.google.android.gms.measurement.internal.zzgi,zzh,com.ds.avare_404.apk,GENUINE_no
7105,4,MessageDigestSpec,com.google.android.gms.measurement.internal.zzpp,zzQ,com.ds.avare_404.apk,GENUINE_no
7106,4,MessageDigestSpec,com.google.firebase.crashlytics.internal.common.CommonUtils,hash,com.ds.avare_404.apk,GENUINE_no
7107,4,MessageDigestSpec,com.google.android.gms.measurement.internal.zzgi,zzh,com.ds.avare_404.apk,GENUINE_no
7108,4,MessageDigestSpec,com.google.android.gms.measurement.internal.zzpp,zzQ,com.ds.avare_404.apk,GENUINE_no
7109,4,MessageDigestSpec,com.google.firebase.crashlytics.internal.common.CommonUtils,hash,com.ds.avare_404.apk,GENUINE_no
7110,4,MessageDigestSpec,com.google.android.gms.measurement.internal.zzgi,zzh,com.ds.avare_404.apk,GENUINE_no
7111,4,MessageDigestSpec,com.google.android.gms.measurement.internal.zzpp,zzQ,com.ds.avare_404.apk,GENUINE_no
7112,4,MessageDigestSpec,com.google.firebase.crashlytics.internal.common.CommonUtils,hash,com.ds.avare_404.apk,GENUINE_no
7113,4,MessageDigestSpec,com.google.android.gms.measurement.internal.zzgi,zzh,com.ds.avare_404.apk,GENUINE_no
7114,4,MessageDigestSpec,com.google.android.gms.measurement.internal.zzpp,zzQ,com.ds.avare_404.apk,GENUINE_no
7115,4,MessageDigestSpec,com.google.firebase.crashlytics.internal.common.CommonUtils,hash,com.ds.avare_404.apk,GENUINE_no
7116,4,MessageDigestSpec,com.google.android.gms.measurement.internal.zzgi,zzh,com.ds.avare_404.apk,GENUINE_no
7117,4,MessageDigestSpec,com.google.android.gms.measurement.internal.zzpp,zzQ,com.ds.avare_404.apk,GENUINE_no
7118,4,MessageDigestSpec,com.google.firebase.crashlytics.internal.common.CommonUtils,hash,com.ds.avare_404.apk,GENUINE_no
7119,4,MessageDigestSpec,com.google.android.gms.measurement.internal.zzgi,zzh,com.ds.avare_404.apk,GENUINE_no
7120,4,MessageDigestSpec,com.google.android.gms.measurement.internal.zzpp,zzQ,com.ds.avare_404.apk,GENUINE_no
7121,4,MessageDigestSpec,com.google.firebase.crashlytics.internal.common.CommonUtils,hash,com.ds.avare_404.apk,GENUINE_no
7122,4,MessageDigestSpec,com.google.android.gms.measurement.internal.zzgi,zzh,com.ds.avare_404.apk,GENUINE_no
7123,4,MessageDigestSpec,com.google.android.gms.measurement.internal.zzpp,zzQ,com.ds.avare_404.apk,GENUINE_no
7124,4,MessageDigestSpec,com.google.firebase.crashlytics.internal.common.CommonUtils,hash,com.ds.avare_404.apk,GENUINE_no
7125,4,MessageDigestSpec,com.google.android.gms.measurement.internal.zzgi,zzh,com.ds.avare_404.apk,GENUINE_no
7126,4,MessageDigestSpec,com.google.android.gms.measurement.internal.zzpp,zzQ,com.ds.avare_404.apk,GENUINE_no
7127,4,MessageDigestSpec,com.google.firebase.crashlytics.internal.common.CommonUtils,hash,com.ds.avare_404.apk,GENUINE_no
7128,4,MessageDigestSpec,com.google.android.gms.measurement.internal.zzgi,zzh,com.ds.avare_404.apk,GENUINE_no
7129,4,MessageDigestSpec,com.google.android.gms.measurement.internal.zzpp,zzQ,com.ds.avare_404.apk,GENUINE_no
7130,4,MessageDigestSpec,com.google.firebase.crashlytics.internal.common.CommonUtils,hash,com.ds.avare_404.apk,GENUINE_no
7131,4,MessageDigestSpec,com.google.android.gms.measurement.internal.zzgi,zzh,com.ds.avare_404.apk,GENUINE_no
7132,4,MessageDigestSpec,com.google.android.gms.measurement.internal.zzpp,zzQ,com.ds.avare_404.apk,GENUINE_no
7133,4,MessageDigestSpec,com.google.firebase.crashlytics.internal.common.CommonUtils,hash,com.ds.avare_404.apk,GENUINE_no
7134,4,MessageDigestSpec,com.google.android.gms.measurement.internal.zzgi,zzh,com.ds.avare_404.apk,GENUINE_no
7135,4,MessageDigestSpec,com.google.android.gms.measurement.internal.zzpp,zzQ,com.ds.avare_404.apk,GENUINE_no
7136,4,MessageDigestSpec,com.google.firebase.crashlytics.internal.common.CommonUtils,hash,com.ds.avare_404.apk,GENUINE_no
7137,4,MessageDigestSpec,com.google.android.gms.measurement.internal.zzgi,zzh,com.ds.avare_404.apk,GENUINE_no
7138,4,MessageDigestSpec,com.google.android.gms.measurement.internal.zzpp,zzQ,com.ds.avare_404.apk,GENUINE_no
7139,4,MessageDigestSpec,com.google.firebase.crashlytics.internal.common.CommonUtils,hash,com.ds.avare_404.apk,GENUINE_no
7140,4,MessageDigestSpec,com.google.android.gms.measurement.internal.zzgi,zzh,com.ds.avare_404.apk,GENUINE_no
7141,4,MessageDigestSpec,com.google.android.gms.measurement.internal.zzpp,zzQ,com.ds.avare_404.apk,GENUINE_no
7142,4,MessageDigestSpec,com.google.firebase.crashlytics.internal.common.CommonUtils,hash,com.ds.avare_404.apk,GENUINE_no
7143,4,MessageDigestSpec,com.google.android.gms.measurement.internal.zzgi,zzh,com.ds.avare_404.apk,GENUINE_no
7144,4,MessageDigestSpec,com.google.android.gms.measurement.internal.zzpp,zzQ,com.ds.avare_404.apk,GENUINE_no
7145,4,MessageDigestSpec,com.google.firebase.crashlytics.internal.common.CommonUtils,hash,com.ds.avare_404.apk,GENUINE_no
7146,4,MessageDigestSpec,com.google.android.gms.measurement.internal.zzgi,zzh,com.ds.avare_404.apk,GENUINE_no
7147,4,MessageDigestSpec,com.google.android.gms.measurement.internal.zzpp,zzQ,com.ds.avare_404.apk,GENUINE_no
7148,4,MessageDigestSpec,com.google.firebase.crashlytics.internal.common.CommonUtils,hash,com.ds.avare_404.apk,GENUINE_no
7149,4,MessageDigestSpec,com.google.android.gms.measurement.internal.zzgi,zzh,com.ds.avare_404.apk,GENUINE_no
7150,4,MessageDigestSpec,com.google.android.gms.measurement.internal.zzpp,zzQ,com.ds.avare_404.apk,GENUINE_no
7151,4,MessageDigestSpec,com.google.firebase.crashlytics.internal.common.CommonUtils,hash,com.ds.avare_404.apk,GENUINE_no
7152,4,MessageDigestSpec,com.google.android.gms.measurement.internal.zzgi,zzh,com.ds.avare_404.apk,GENUINE_no
7153,4,MessageDigestSpec,com.google.android.gms.measurement.internal.zzpp,zzQ,com.ds.avare_404.apk,GENUINE_no
7154,4,MessageDigestSpec,com.google.firebase.crashlytics.internal.common.CommonUtils,hash,com.ds.avare_404.apk,GENUINE_no
7155,4,MessageDigestSpec,com.google.android.gms.measurement.internal.zzgi,zzh,com.ds.avare_404.apk,GENUINE_no
7156,4,MessageDigestSpec,com.google.android.gms.measurement.internal.zzpp,zzQ,com.ds.avare_404.apk,GENUINE_no
7157,4,MessageDigestSpec,com.google.firebase.crashlytics.internal.common.CommonUtils,hash,com.ds.avare_404.apk,GENUINE_no
7158,4,MessageDigestSpec,com.google.android.gms.measurement.internal.zzgi,zzh,com.ds.avare_404.apk,GENUINE_no
7159,4,MessageDigestSpec,com.google.android.gms.measurement.internal.zzpp,zzQ,com.ds.avare_404.apk,GENUINE_no
7160,4,MessageDigestSpec,com.google.firebase.crashlytics.internal.common.CommonUtils,hash,com.ds.avare_404.apk,GENUINE_no
7161,4,MessageDigestSpec,com.google.android.gms.measurement.internal.zzgi,zzh,com.ds.avare_404.apk,GENUINE_no
7162,4,MessageDigestSpec,com.google.android.gms.measurement.internal.zzpp,zzQ,com.ds.avare_404.apk,GENUINE_no
7163,4,MessageDigestSpec,com.google.firebase.crashlytics.internal.common.CommonUtils,hash,com.ds.avare_404.apk,GENUINE_no
7164,4,MessageDigestSpec,com.google.android.gms.measurement.internal.zzgi,zzh,com.ds.avare_404.apk,GENUINE_no
7165,4,MessageDigestSpec,com.google.android.gms.measurement.internal.zzpp,zzQ,com.ds.avare_404.apk,GENUINE_no
7166,4,MessageDigestSpec,com.google.firebase.crashlytics.internal.common.CommonUtils,hash,com.ds.avare_404.apk,GENUINE_no
7167,4,MessageDigestSpec,com.google.android.gms.measurement.internal.zzgi,zzh,com.ds.avare_404.apk,GENUINE_no
7168,4,MessageDigestSpec,com.google.android.gms.measurement.internal.zzpp,zzQ,com.ds.avare_404.apk,GENUINE_no
7169,4,MessageDigestSpec,com.google.firebase.crashlytics.internal.common.CommonUtils,hash,com.ds.avare_404.apk,GENUINE_no
7170,4,MessageDigestSpec,com.google.android.gms.measurement.internal.zzgi,zzh,com.ds.avare_404.apk,GENUINE_no
7171,4,MessageDigestSpec,com.google.android.gms.measurement.internal.zzpp,zzQ,com.ds.avare_404.apk,GENUINE_no
7172,4,MessageDigestSpec,com.google.firebase.crashlytics.internal.common.CommonUtils,hash,com.ds.avare_404.apk,GENUINE_no
7173,4,MessageDigestSpec,com.google.android.gms.measurement.internal.zzgi,zzh,com.ds.avare_404.apk,GENUINE_no
7174,4,MessageDigestSpec,com.google.android.gms.measurement.internal.zzpp,zzQ,com.ds.avare_404.apk,GENUINE_no
7175,4,MessageDigestSpec,com.google.firebase.crashlytics.internal.common.CommonUtils,hash,com.ds.avare_404.apk,GENUINE_no
7177,4,SSLContextSpec,at.bitfire.cert4android.CustomCertService,<clinit>,com.etesync.syncadapter_20700.apk,GENUINE_no
7181,1,SignatureSpec,org.conscrypt.OpenSSLX509Certificate,verifyInternal,com.etesync.syncadapter_20700.apk,WEAVER_ARTIFACT_branch
7185,4,SSLContextSpec,at.bitfire.cert4android.CustomCertService,<clinit>,com.etesync.syncadapter_20700.apk,GENUINE_no
7189,1,SignatureSpec,org.conscrypt.OpenSSLX509Certificate,verifyInternal,com.etesync.syncadapter_20700.apk,WEAVER_ARTIFACT_branch
7193,4,SSLContextSpec,at.bitfire.cert4android.CustomCertService,<clinit>,com.etesync.syncadapter_20700.apk,GENUINE_no
7197,1,SignatureSpec,org.conscrypt.OpenSSLX509Certificate,verifyInternal,com.etesync.syncadapter_20700.apk,WEAVER_ARTIFACT_branch
7201,4,SSLContextSpec,at.bitfire.cert4android.CustomCertService,<clinit>,com.etesync.syncadapter_20700.apk,GENUINE_no
7205,1,SignatureSpec,org.conscrypt.OpenSSLX509Certificate,verifyInternal,com.etesync.syncadapter_20700.apk,WEAVER_ARTIFACT_branch
7209,4,SSLContextSpec,at.bitfire.cert4android.CustomCertService,<clinit>,com.etesync.syncadapter_20700.apk,GENUINE_no
7213,1,SignatureSpec,org.conscrypt.OpenSSLX509Certificate,verifyInternal,com.etesync.syncadapter_20700.apk,WEAVER_ARTIFACT_branch
7417,4,MessageDigestSpec,okio.ByteString,digest$okio,com.flxrs.dankchat_40038.apk,GENUINE_no
7421,4,MessageDigestSpec,okio.ByteString,digest$okio,com.flxrs.dankchat_40038.apk,GENUINE_no
7425,4,MessageDigestSpec,okio.ByteString,digest$okio,com.flxrs.dankchat_40038.apk,GENUINE_no
7429,4,MessageDigestSpec,okio.ByteString,digest$okio,com.flxrs.dankchat_40038.apk,GENUINE_no
7433,4,MessageDigestSpec,okio.ByteString,digest$okio,com.flxrs.dankchat_40038.apk,GENUINE_no
7437,4,MessageDigestSpec,okio.ByteString,digest$okio,com.flxrs.dankchat_40038.apk,GENUINE_no
7441,4,MessageDigestSpec,okio.ByteString,digest$okio,com.flxrs.dankchat_40038.apk,GENUINE_no
7445,4,MessageDigestSpec,okio.ByteString,digest$okio,com.flxrs.dankchat_40038.apk,GENUINE_no
7449,4,MessageDigestSpec,okio.ByteString,digest$okio,com.flxrs.dankchat_40038.apk,GENUINE_no
7453,4,MessageDigestSpec,okio.ByteString,digest$okio,com.flxrs.dankchat_40038.apk,GENUINE_no
7457,4,MessageDigestSpec,okio.ByteString,digest$okio,com.flxrs.dankchat_40038.apk,GENUINE_no
7461,4,MessageDigestSpec,okio.ByteString,digest$okio,com.flxrs.dankchat_40038.apk,GENUINE_no
7465,4,MessageDigestSpec,okio.ByteString,digest$okio,com.flxrs.dankchat_40038.apk,GENUINE_no
7469,4,MessageDigestSpec,okio.ByteString,digest$okio,com.flxrs.dankchat_40038.apk,GENUINE_no
7473,4,MessageDigestSpec,okio.ByteString,digest$okio,com.flxrs.dankchat_40038.apk,GENUINE_no
7477,4,MessageDigestSpec,okio.ByteString,digest$okio,com.flxrs.dankchat_40038.apk,GENUINE_no
7481,4,MessageDigestSpec,okio.ByteString,digest$okio,com.flxrs.dankchat_40038.apk,GENUINE_no
7485,4,MessageDigestSpec,okio.ByteString,digest$okio,com.flxrs.dankchat_40038.apk,GENUINE_no
7489,4,MessageDigestSpec,okio.ByteString,digest$okio,com.flxrs.dankchat_40038.apk,GENUINE_no
7493,4,MessageDigestSpec,okio.ByteString,digest$okio,com.flxrs.dankchat_40038.apk,GENUINE_no
7497,4,MessageDigestSpec,okio.ByteString,digest$okio,com.flxrs.dankchat_40038.apk,GENUINE_no
7501,4,MessageDigestSpec,okio.ByteString,digest$okio,com.flxrs.dankchat_40038.apk,GENUINE_no
7505,4,MessageDigestSpec,okio.ByteString,digest$okio,com.flxrs.dankchat_40038.apk,GENUINE_no
7509,4,MessageDigestSpec,okio.ByteString,digest$okio,com.flxrs.dankchat_40038.apk,GENUINE_no
7513,4,MessageDigestSpec,okio.ByteString,digest$okio,com.flxrs.dankchat_40038.apk,GENUINE_no
7517,4,MessageDigestSpec,okio.ByteString,digest$okio,com.flxrs.dankchat_40038.apk,GENUINE_no
7521,4,MessageDigestSpec,okio.ByteString,digest$okio,com.flxrs.dankchat_40038.apk,GENUINE_no
7525,4,MessageDigestSpec,okio.ByteString,digest$okio,com.flxrs.dankchat_40038.apk,GENUINE_no
7529,4,MessageDigestSpec,okio.ByteString,digest$okio,com.flxrs.dankchat_40038.apk,GENUINE_no
7533,4,MessageDigestSpec,okio.ByteString,digest$okio,com.flxrs.dankchat_40038.apk,GENUINE_no
7537,4,MessageDigestSpec,okio.ByteString,digest$okio,com.flxrs.dankchat_40038.apk,GENUINE_no
7541,4,MessageDigestSpec,okio.ByteString,digest$okio,com.flxrs.dankchat_40038.apk,GENUINE_no
7545,4,MessageDigestSpec,okio.ByteString,digest$okio,com.flxrs.dankchat_40038.apk,GENUINE_no
7549,4,MessageDigestSpec,okio.ByteString,digest$okio,com.flxrs.dankchat_40038.apk,GENUINE_no
7553,4,MessageDigestSpec,okio.ByteString,digest$okio,com.flxrs.dankchat_40038.apk,GENUINE_no
7557,4,MessageDigestSpec,okio.ByteString,digest$okio,com.flxrs.dankchat_40038.apk,GENUINE_no
7561,4,MessageDigestSpec,okio.ByteString,digest$okio,com.flxrs.dankchat_40038.apk,GENUINE_no
7565,4,MessageDigestSpec,okio.ByteString,digest$okio,com.flxrs.dankchat_40038.apk,GENUINE_no
7569,4,MessageDigestSpec,okio.ByteString,digest$okio,com.flxrs.dankchat_40038.apk,GENUINE_no
7573,4,MessageDigestSpec,okio.ByteString,digest$okio,com.flxrs.dankchat_40038.apk,GENUINE_no
7576,4,MessageDigestSpec,okio.ByteString,digest$okio,com.flxrs.dankchat_40038.apk,GENUINE_no
7580,4,MessageDigestSpec,okio.ByteString,digest$okio,com.flxrs.dankchat_40038.apk,GENUINE_no
7584,4,MessageDigestSpec,okio.ByteString,digest$okio,com.flxrs.dankchat_40038.apk,GENUINE_no
7588,4,MessageDigestSpec,okio.ByteString,digest$okio,com.flxrs.dankchat_40038.apk,GENUINE_no
7592,4,MessageDigestSpec,okio.ByteString,digest$okio,com.flxrs.dankchat_40038.apk,GENUINE_no
7596,4,MessageDigestSpec,okio.ByteString,digest$okio,com.flxrs.dankchat_40038.apk,GENUINE_no
7600,4,MessageDigestSpec,okio.ByteString,digest$okio,com.flxrs.dankchat_40038.apk,GENUINE_no
7604,4,MessageDigestSpec,okio.ByteString,digest$okio,com.flxrs.dankchat_40038.apk,GENUINE_no
7608,4,MessageDigestSpec,okio.ByteString,digest$okio,com.flxrs.dankchat_40038.apk,GENUINE_no
7612,4,MessageDigestSpec,okio.ByteString,digest$okio,com.flxrs.dankchat_40038.apk,GENUINE_no
7616,4,MessageDigestSpec,okio.ByteString,digest$okio,com.flxrs.dankchat_40038.apk,GENUINE_no
7620,4,MessageDigestSpec,okio.ByteString,digest$okio,com.flxrs.dankchat_40038.apk,GENUINE_no
7624,4,MessageDigestSpec,okio.ByteString,digest$okio,com.flxrs.dankchat_40038.apk,GENUINE_no
7628,4,MessageDigestSpec,okio.ByteString,digest$okio,com.flxrs.dankchat_40038.apk,GENUINE_no
7632,4,MessageDigestSpec,okio.ByteString,digest$okio,com.flxrs.dankchat_40038.apk,GENUINE_no
7636,4,MessageDigestSpec,okio.ByteString,digest$okio,com.flxrs.dankchat_40038.apk,GENUINE_no
7640,4,MessageDigestSpec,okio.ByteString,digest$okio,com.flxrs.dankchat_40038.apk,GENUINE_no
7644,4,MessageDigestSpec,okio.ByteString,digest$okio,com.flxrs.dankchat_40038.apk,GENUINE_no
7651,4,MessageDigestSpec,okio.ByteString,digest$okio,com.flxrs.dankchat_40038.apk,GENUINE_no
7655,4,MessageDigestSpec,okio.ByteString,digest$okio,com.flxrs.dankchat_40038.apk,GENUINE_no
7659,4,MessageDigestSpec,okio.ByteString,digest$okio,com.flxrs.dankchat_40038.apk,GENUINE_no
7663,4,MessageDigestSpec,okio.ByteString,digest$okio,com.flxrs.dankchat_40038.apk,GENUINE_no
7667,4,MessageDigestSpec,okio.ByteString,digest$okio,com.flxrs.dankchat_40038.apk,GENUINE_no
7671,4,MessageDigestSpec,okio.ByteString,digest$okio,com.flxrs.dankchat_40038.apk,GENUINE_no
7675,4,MessageDigestSpec,okio.ByteString,digest$okio,com.flxrs.dankchat_40038.apk,GENUINE_no
7679,4,MessageDigestSpec,okio.ByteString,digest$okio,com.flxrs.dankchat_40038.apk,GENUINE_no
7683,4,MessageDigestSpec,okio.ByteString,digest$okio,com.flxrs.dankchat_40038.apk,GENUINE_no
7687,4,MessageDigestSpec,okio.ByteString,digest$okio,com.flxrs.dankchat_40038.apk,GENUINE_no
7691,4,MessageDigestSpec,okio.ByteString,digest$okio,com.flxrs.dankchat_40038.apk,GENUINE_no
7695,4,MessageDigestSpec,okio.ByteString,digest$okio,com.flxrs.dankchat_40038.apk,GENUINE_no
7699,4,MessageDigestSpec,okio.ByteString,digest$okio,com.flxrs.dankchat_40038.apk,GENUINE_no
7703,4,MessageDigestSpec,okio.ByteString,digest$okio,com.flxrs.dankchat_40038.apk,GENUINE_no
7707,4,MessageDigestSpec,okio.ByteString,digest$okio,com.flxrs.dankchat_40038.apk,GENUINE_no
7711,4,MessageDigestSpec,okio.ByteString,digest$okio,com.flxrs.dankchat_40038.apk,GENUINE_no
7715,4,MessageDigestSpec,okio.ByteString,digest$okio,com.flxrs.dankchat_40038.apk,GENUINE_no
7719,4,MessageDigestSpec,okio.ByteString,digest$okio,com.flxrs.dankchat_40038.apk,GENUINE_no
7723,4,MessageDigestSpec,okio.ByteString,digest$okio,com.flxrs.dankchat_40038.apk,GENUINE_no
7727,4,MessageDigestSpec,okio.ByteString,digest$okio,com.flxrs.dankchat_40038.apk,GENUINE_no
7731,4,MessageDigestSpec,okio.ByteString,digest$okio,com.flxrs.dankchat_40038.apk,GENUINE_no
7735,4,MessageDigestSpec,okio.ByteString,digest$okio,com.flxrs.dankchat_40038.apk,GENUINE_no
7739,4,MessageDigestSpec,okio.ByteString,digest$okio,com.flxrs.dankchat_40038.apk,GENUINE_no
7743,4,MessageDigestSpec,okio.ByteString,digest$okio,com.flxrs.dankchat_40038.apk,GENUINE_no
7747,4,MessageDigestSpec,okio.ByteString,digest$okio,com.flxrs.dankchat_40038.apk,GENUINE_no
7751,4,MessageDigestSpec,okio.ByteString,digest$okio,com.flxrs.dankchat_40038.apk,GENUINE_no
7755,4,MessageDigestSpec,okio.ByteString,digest$okio,com.flxrs.dankchat_40038.apk,GENUINE_no
7759,4,MessageDigestSpec,okio.ByteString,digest$okio,com.flxrs.dankchat_40038.apk,GENUINE_no
7763,4,MessageDigestSpec,okio.ByteString,digest$okio,com.flxrs.dankchat_40038.apk,GENUINE_no
7767,4,MessageDigestSpec,okio.ByteString,digest$okio,com.flxrs.dankchat_40038.apk,GENUINE_no
7771,4,MessageDigestSpec,okio.ByteString,digest$okio,com.flxrs.dankchat_40038.apk,GENUINE_no
7775,4,MessageDigestSpec,okio.ByteString,digest$okio,com.flxrs.dankchat_40038.apk,GENUINE_no
7779,4,MessageDigestSpec,okio.ByteString,digest$okio,com.flxrs.dankchat_40038.apk,GENUINE_no
7783,4,MessageDigestSpec,okio.ByteString,digest$okio,com.flxrs.dankchat_40038.apk,GENUINE_no
7787,4,MessageDigestSpec,okio.ByteString,digest$okio,com.flxrs.dankchat_40038.apk,GENUINE_no
7791,4,MessageDigestSpec,okio.ByteString,digest$okio,com.flxrs.dankchat_40038.apk,GENUINE_no
7795,4,MessageDigestSpec,okio.ByteString,digest$okio,com.flxrs.dankchat_40038.apk,GENUINE_no
7799,4,MessageDigestSpec,okio.ByteString,digest$okio,com.flxrs.dankchat_40038.apk,GENUINE_no
7803,4,MessageDigestSpec,okio.ByteString,digest$okio,com.flxrs.dankchat_40038.apk,GENUINE_no
7807,4,MessageDigestSpec,okio.ByteString,digest$okio,com.flxrs.dankchat_40038.apk,GENUINE_no
8019,4,CipherSpec,com.google.crypto.tink.prf.internal.PrfAesCmac,compute,com.hegocre.nextcloudpasswords_38.apk,GENUINE_no
8020,4,CipherSpec,com.google.crypto.tink.prf.internal.PrfAesCmac,generateSubKeys,com.hegocre.nextcloudpasswords_38.apk,GENUINE_no
8021,3,CipherSpec,com.google.crypto.tink.subtle.AesSiv,encryptInternal,com.hegocre.nextcloudpasswords_38.apk,LEGAL_REUSE_REJECTED
8029,4,CipherSpec,com.google.crypto.tink.prf.internal.PrfAesCmac,compute,com.hegocre.nextcloudpasswords_38.apk,GENUINE_no
8030,4,CipherSpec,com.google.crypto.tink.prf.internal.PrfAesCmac,generateSubKeys,com.hegocre.nextcloudpasswords_38.apk,GENUINE_no
8039,4,CipherSpec,com.google.crypto.tink.prf.internal.PrfAesCmac,compute,com.hegocre.nextcloudpasswords_38.apk,GENUINE_no
8040,4,CipherSpec,com.google.crypto.tink.prf.internal.PrfAesCmac,generateSubKeys,com.hegocre.nextcloudpasswords_38.apk,GENUINE_no
8041,3,CipherSpec,com.google.crypto.tink.subtle.AesSiv,encryptInternal,com.hegocre.nextcloudpasswords_38.apk,LEGAL_REUSE_REJECTED
8049,4,CipherSpec,com.google.crypto.tink.prf.internal.PrfAesCmac,compute,com.hegocre.nextcloudpasswords_38.apk,GENUINE_no
8050,4,CipherSpec,com.google.crypto.tink.prf.internal.PrfAesCmac,generateSubKeys,com.hegocre.nextcloudpasswords_38.apk,GENUINE_no
8059,4,CipherSpec,com.google.crypto.tink.prf.internal.PrfAesCmac,compute,com.hegocre.nextcloudpasswords_38.apk,GENUINE_no
8060,4,CipherSpec,com.google.crypto.tink.prf.internal.PrfAesCmac,generateSubKeys,com.hegocre.nextcloudpasswords_38.apk,GENUINE_no
8061,3,CipherSpec,com.google.crypto.tink.subtle.AesSiv,encryptInternal,com.hegocre.nextcloudpasswords_38.apk,LEGAL_REUSE_REJECTED
8069,4,CipherSpec,com.google.crypto.tink.prf.internal.PrfAesCmac,compute,com.hegocre.nextcloudpasswords_38.apk,GENUINE_no
8070,4,CipherSpec,com.google.crypto.tink.prf.internal.PrfAesCmac,generateSubKeys,com.hegocre.nextcloudpasswords_38.apk,GENUINE_no
8071,3,CipherSpec,com.google.crypto.tink.subtle.AesSiv,encryptInternal,com.hegocre.nextcloudpasswords_38.apk,LEGAL_REUSE_REJECTED
8079,4,CipherSpec,com.google.crypto.tink.prf.internal.PrfAesCmac,compute,com.hegocre.nextcloudpasswords_38.apk,GENUINE_no
8080,4,CipherSpec,com.google.crypto.tink.prf.internal.PrfAesCmac,generateSubKeys,com.hegocre.nextcloudpasswords_38.apk,GENUINE_no
8081,3,CipherSpec,com.google.crypto.tink.subtle.AesSiv,encryptInternal,com.hegocre.nextcloudpasswords_38.apk,LEGAL_REUSE_REJECTED
8089,4,CipherSpec,com.google.crypto.tink.prf.internal.PrfAesCmac,compute,com.hegocre.nextcloudpasswords_38.apk,GENUINE_no
8090,4,CipherSpec,com.google.crypto.tink.prf.internal.PrfAesCmac,generateSubKeys,com.hegocre.nextcloudpasswords_38.apk,GENUINE_no
8091,3,CipherSpec,com.google.crypto.tink.subtle.AesSiv,encryptInternal,com.hegocre.nextcloudpasswords_38.apk,LEGAL_REUSE_REJECTED
8099,4,CipherSpec,com.google.crypto.tink.prf.internal.PrfAesCmac,compute,com.hegocre.nextcloudpasswords_38.apk,GENUINE_no
8100,4,CipherSpec,com.google.crypto.tink.prf.internal.PrfAesCmac,generateSubKeys,com.hegocre.nextcloudpasswords_38.apk,GENUINE_no
8101,3,CipherSpec,com.google.crypto.tink.subtle.AesSiv,encryptInternal,com.hegocre.nextcloudpasswords_38.apk,LEGAL_REUSE_REJECTED
8109,4,CipherSpec,com.google.crypto.tink.prf.internal.PrfAesCmac,compute,com.hegocre.nextcloudpasswords_38.apk,GENUINE_no
8110,4,CipherSpec,com.google.crypto.tink.prf.internal.PrfAesCmac,generateSubKeys,com.hegocre.nextcloudpasswords_38.apk,GENUINE_no
8119,4,CipherSpec,com.google.crypto.tink.prf.internal.PrfAesCmac,compute,com.hegocre.nextcloudpasswords_38.apk,GENUINE_no
8120,4,CipherSpec,com.google.crypto.tink.prf.internal.PrfAesCmac,generateSubKeys,com.hegocre.nextcloudpasswords_38.apk,GENUINE_no
8129,4,CipherSpec,com.google.crypto.tink.prf.internal.PrfAesCmac,compute,com.hegocre.nextcloudpasswords_38.apk,GENUINE_no
8130,4,CipherSpec,com.google.crypto.tink.prf.internal.PrfAesCmac,generateSubKeys,com.hegocre.nextcloudpasswords_38.apk,GENUINE_no
8139,4,CipherSpec,com.google.crypto.tink.prf.internal.PrfAesCmac,compute,com.hegocre.nextcloudpasswords_38.apk,GENUINE_no
8140,4,CipherSpec,com.google.crypto.tink.prf.internal.PrfAesCmac,generateSubKeys,com.hegocre.nextcloudpasswords_38.apk,GENUINE_no
8149,4,CipherSpec,com.google.crypto.tink.prf.internal.PrfAesCmac,compute,com.hegocre.nextcloudpasswords_38.apk,GENUINE_no
8150,4,CipherSpec,com.google.crypto.tink.prf.internal.PrfAesCmac,generateSubKeys,com.hegocre.nextcloudpasswords_38.apk,GENUINE_no
8159,4,CipherSpec,com.google.crypto.tink.prf.internal.PrfAesCmac,compute,com.hegocre.nextcloudpasswords_38.apk,GENUINE_no
8160,4,CipherSpec,com.google.crypto.tink.prf.internal.PrfAesCmac,generateSubKeys,com.hegocre.nextcloudpasswords_38.apk,GENUINE_no
8169,4,CipherSpec,com.google.crypto.tink.prf.internal.PrfAesCmac,compute,com.hegocre.nextcloudpasswords_38.apk,GENUINE_no
8170,4,CipherSpec,com.google.crypto.tink.prf.internal.PrfAesCmac,generateSubKeys,com.hegocre.nextcloudpasswords_38.apk,GENUINE_no
8179,4,CipherSpec,com.google.crypto.tink.prf.internal.PrfAesCmac,compute,com.hegocre.nextcloudpasswords_38.apk,GENUINE_no
8180,4,CipherSpec,com.google.crypto.tink.prf.internal.PrfAesCmac,generateSubKeys,com.hegocre.nextcloudpasswords_38.apk,GENUINE_no
8189,4,CipherSpec,com.google.crypto.tink.prf.internal.PrfAesCmac,compute,com.hegocre.nextcloudpasswords_38.apk,GENUINE_no
8190,4,CipherSpec,com.google.crypto.tink.prf.internal.PrfAesCmac,generateSubKeys,com.hegocre.nextcloudpasswords_38.apk,GENUINE_no
8199,4,CipherSpec,com.google.crypto.tink.prf.internal.PrfAesCmac,compute,com.hegocre.nextcloudpasswords_38.apk,GENUINE_no
8200,4,CipherSpec,com.google.crypto.tink.prf.internal.PrfAesCmac,generateSubKeys,com.hegocre.nextcloudpasswords_38.apk,GENUINE_no
8201,3,CipherSpec,com.google.crypto.tink.subtle.AesSiv,encryptInternal,com.hegocre.nextcloudpasswords_38.apk,LEGAL_REUSE_REJECTED
8209,4,CipherSpec,com.google.crypto.tink.prf.internal.PrfAesCmac,compute,com.hegocre.nextcloudpasswords_38.apk,GENUINE_no
8210,4,CipherSpec,com.google.crypto.tink.prf.internal.PrfAesCmac,generateSubKeys,com.hegocre.nextcloudpasswords_38.apk,GENUINE_no
8211,3,CipherSpec,com.google.crypto.tink.subtle.AesSiv,encryptInternal,com.hegocre.nextcloudpasswords_38.apk,LEGAL_REUSE_REJECTED
8219,4,CipherSpec,com.google.crypto.tink.prf.internal.PrfAesCmac,compute,com.hegocre.nextcloudpasswords_38.apk,GENUINE_no
8220,4,CipherSpec,com.google.crypto.tink.prf.internal.PrfAesCmac,generateSubKeys,com.hegocre.nextcloudpasswords_38.apk,GENUINE_no
8221,3,CipherSpec,com.google.crypto.tink.subtle.AesSiv,encryptInternal,com.hegocre.nextcloudpasswords_38.apk,LEGAL_REUSE_REJECTED
8229,4,CipherSpec,com.google.crypto.tink.prf.internal.PrfAesCmac,compute,com.hegocre.nextcloudpasswords_38.apk,GENUINE_no
8230,4,CipherSpec,com.google.crypto.tink.prf.internal.PrfAesCmac,generateSubKeys,com.hegocre.nextcloudpasswords_38.apk,GENUINE_no
8231,3,CipherSpec,com.google.crypto.tink.subtle.AesSiv,encryptInternal,com.hegocre.nextcloudpasswords_38.apk,LEGAL_REUSE_REJECTED
8239,4,CipherSpec,com.google.crypto.tink.prf.internal.PrfAesCmac,compute,com.hegocre.nextcloudpasswords_38.apk,GENUINE_no
8240,4,CipherSpec,com.google.crypto.tink.prf.internal.PrfAesCmac,generateSubKeys,com.hegocre.nextcloudpasswords_38.apk,GENUINE_no
8241,3,CipherSpec,com.google.crypto.tink.subtle.AesSiv,encryptInternal,com.hegocre.nextcloudpasswords_38.apk,LEGAL_REUSE_REJECTED
8249,4,CipherSpec,com.google.crypto.tink.prf.internal.PrfAesCmac,compute,com.hegocre.nextcloudpasswords_38.apk,GENUINE_no
8250,4,CipherSpec,com.google.crypto.tink.prf.internal.PrfAesCmac,generateSubKeys,com.hegocre.nextcloudpasswords_38.apk,GENUINE_no
8251,3,CipherSpec,com.google.crypto.tink.subtle.AesSiv,encryptInternal,com.hegocre.nextcloudpasswords_38.apk,LEGAL_REUSE_REJECTED
8259,4,CipherSpec,com.google.crypto.tink.prf.internal.PrfAesCmac,compute,com.hegocre.nextcloudpasswords_38.apk,GENUINE_no
8260,4,CipherSpec,com.google.crypto.tink.prf.internal.PrfAesCmac,generateSubKeys,com.hegocre.nextcloudpasswords_38.apk,GENUINE_no
8261,3,CipherSpec,com.google.crypto.tink.subtle.AesSiv,encryptInternal,com.hegocre.nextcloudpasswords_38.apk,LEGAL_REUSE_REJECTED
8269,4,CipherSpec,com.google.crypto.tink.prf.internal.PrfAesCmac,compute,com.hegocre.nextcloudpasswords_38.apk,GENUINE_no
8270,4,CipherSpec,com.google.crypto.tink.prf.internal.PrfAesCmac,generateSubKeys,com.hegocre.nextcloudpasswords_38.apk,GENUINE_no
8271,3,CipherSpec,com.google.crypto.tink.subtle.AesSiv,encryptInternal,com.hegocre.nextcloudpasswords_38.apk,LEGAL_REUSE_REJECTED
8279,4,CipherSpec,com.google.crypto.tink.prf.internal.PrfAesCmac,compute,com.hegocre.nextcloudpasswords_38.apk,GENUINE_no
8280,4,CipherSpec,com.google.crypto.tink.prf.internal.PrfAesCmac,generateSubKeys,com.hegocre.nextcloudpasswords_38.apk,GENUINE_no
8281,3,CipherSpec,com.google.crypto.tink.subtle.AesSiv,encryptInternal,com.hegocre.nextcloudpasswords_38.apk,LEGAL_REUSE_REJECTED
8289,4,CipherSpec,com.google.crypto.tink.prf.internal.PrfAesCmac,compute,com.hegocre.nextcloudpasswords_38.apk,GENUINE_no
8290,4,CipherSpec,com.google.crypto.tink.prf.internal.PrfAesCmac,generateSubKeys,com.hegocre.nextcloudpasswords_38.apk,GENUINE_no
8291,3,CipherSpec,com.google.crypto.tink.subtle.AesSiv,encryptInternal,com.hegocre.nextcloudpasswords_38.apk,LEGAL_REUSE_REJECTED
8299,4,CipherSpec,com.google.crypto.tink.prf.internal.PrfAesCmac,compute,com.hegocre.nextcloudpasswords_38.apk,GENUINE_no
8300,4,CipherSpec,com.google.crypto.tink.prf.internal.PrfAesCmac,generateSubKeys,com.hegocre.nextcloudpasswords_38.apk,GENUINE_no
8301,3,CipherSpec,com.google.crypto.tink.subtle.AesSiv,encryptInternal,com.hegocre.nextcloudpasswords_38.apk,LEGAL_REUSE_REJECTED
8309,4,CipherSpec,com.google.crypto.tink.prf.internal.PrfAesCmac,compute,com.hegocre.nextcloudpasswords_38.apk,GENUINE_no
8310,4,CipherSpec,com.google.crypto.tink.prf.internal.PrfAesCmac,generateSubKeys,com.hegocre.nextcloudpasswords_38.apk,GENUINE_no
8311,3,CipherSpec,com.google.crypto.tink.subtle.AesSiv,encryptInternal,com.hegocre.nextcloudpasswords_38.apk,LEGAL_REUSE_REJECTED
8319,4,CipherSpec,com.google.crypto.tink.prf.internal.PrfAesCmac,compute,com.hegocre.nextcloudpasswords_38.apk,GENUINE_no
8320,4,CipherSpec,com.google.crypto.tink.prf.internal.PrfAesCmac,generateSubKeys,com.hegocre.nextcloudpasswords_38.apk,GENUINE_no
8321,3,CipherSpec,com.google.crypto.tink.subtle.AesSiv,encryptInternal,com.hegocre.nextcloudpasswords_38.apk,LEGAL_REUSE_REJECTED
8329,4,CipherSpec,com.google.crypto.tink.prf.internal.PrfAesCmac,compute,com.hegocre.nextcloudpasswords_38.apk,GENUINE_no
8330,4,CipherSpec,com.google.crypto.tink.prf.internal.PrfAesCmac,generateSubKeys,com.hegocre.nextcloudpasswords_38.apk,GENUINE_no
8331,3,CipherSpec,com.google.crypto.tink.subtle.AesSiv,encryptInternal,com.hegocre.nextcloudpasswords_38.apk,LEGAL_REUSE_REJECTED
8339,4,CipherSpec,com.google.crypto.tink.prf.internal.PrfAesCmac,compute,com.hegocre.nextcloudpasswords_38.apk,GENUINE_no
8340,4,CipherSpec,com.google.crypto.tink.prf.internal.PrfAesCmac,generateSubKeys,com.hegocre.nextcloudpasswords_38.apk,GENUINE_no
8341,3,CipherSpec,com.google.crypto.tink.subtle.AesSiv,encryptInternal,com.hegocre.nextcloudpasswords_38.apk,LEGAL_REUSE_REJECTED
8349,4,CipherSpec,com.google.crypto.tink.prf.internal.PrfAesCmac,compute,com.hegocre.nextcloudpasswords_38.apk,GENUINE_no
8350,4,CipherSpec,com.google.crypto.tink.prf.internal.PrfAesCmac,generateSubKeys,com.hegocre.nextcloudpasswords_38.apk,GENUINE_no
8351,3,CipherSpec,com.google.crypto.tink.subtle.AesSiv,encryptInternal,com.hegocre.nextcloudpasswords_38.apk,LEGAL_REUSE_REJECTED
8359,4,CipherSpec,com.google.crypto.tink.prf.internal.PrfAesCmac,compute,com.hegocre.nextcloudpasswords_38.apk,GENUINE_no
8360,4,CipherSpec,com.google.crypto.tink.prf.internal.PrfAesCmac,generateSubKeys,com.hegocre.nextcloudpasswords_38.apk,GENUINE_no
8361,3,CipherSpec,com.google.crypto.tink.subtle.AesSiv,encryptInternal,com.hegocre.nextcloudpasswords_38.apk,LEGAL_REUSE_REJECTED
8369,4,CipherSpec,com.google.crypto.tink.prf.internal.PrfAesCmac,compute,com.hegocre.nextcloudpasswords_38.apk,GENUINE_no
8370,4,CipherSpec,com.google.crypto.tink.prf.internal.PrfAesCmac,generateSubKeys,com.hegocre.nextcloudpasswords_38.apk,GENUINE_no
8371,3,CipherSpec,com.google.crypto.tink.subtle.AesSiv,encryptInternal,com.hegocre.nextcloudpasswords_38.apk,LEGAL_REUSE_REJECTED
8379,4,CipherSpec,com.google.crypto.tink.prf.internal.PrfAesCmac,compute,com.hegocre.nextcloudpasswords_38.apk,GENUINE_no
8380,4,CipherSpec,com.google.crypto.tink.prf.internal.PrfAesCmac,generateSubKeys,com.hegocre.nextcloudpasswords_38.apk,GENUINE_no
8381,3,CipherSpec,com.google.crypto.tink.subtle.AesSiv,encryptInternal,com.hegocre.nextcloudpasswords_38.apk,LEGAL_REUSE_REJECTED
8389,4,CipherSpec,com.google.crypto.tink.prf.internal.PrfAesCmac,compute,com.hegocre.nextcloudpasswords_38.apk,GENUINE_no
8390,4,CipherSpec,com.google.crypto.tink.prf.internal.PrfAesCmac,generateSubKeys,com.hegocre.nextcloudpasswords_38.apk,GENUINE_no
8391,3,CipherSpec,com.google.crypto.tink.subtle.AesSiv,encryptInternal,com.hegocre.nextcloudpasswords_38.apk,LEGAL_REUSE_REJECTED
8399,4,CipherSpec,com.google.crypto.tink.prf.internal.PrfAesCmac,compute,com.hegocre.nextcloudpasswords_38.apk,GENUINE_no
8400,4,CipherSpec,com.google.crypto.tink.prf.internal.PrfAesCmac,generateSubKeys,com.hegocre.nextcloudpasswords_38.apk,GENUINE_no
8409,4,CipherSpec,com.google.crypto.tink.prf.internal.PrfAesCmac,compute,com.hegocre.nextcloudpasswords_38.apk,GENUINE_no
8410,4,CipherSpec,com.google.crypto.tink.prf.internal.PrfAesCmac,generateSubKeys,com.hegocre.nextcloudpasswords_38.apk,GENUINE_no
8419,4,CipherSpec,com.google.crypto.tink.prf.internal.PrfAesCmac,compute,com.hegocre.nextcloudpasswords_38.apk,GENUINE_no
8420,4,CipherSpec,com.google.crypto.tink.prf.internal.PrfAesCmac,generateSubKeys,com.hegocre.nextcloudpasswords_38.apk,GENUINE_no
8421,3,CipherSpec,com.google.crypto.tink.subtle.AesSiv,encryptInternal,com.hegocre.nextcloudpasswords_38.apk,LEGAL_REUSE_REJECTED
8429,4,CipherSpec,com.google.crypto.tink.prf.internal.PrfAesCmac,compute,com.hegocre.nextcloudpasswords_38.apk,GENUINE_no
8430,4,CipherSpec,com.google.crypto.tink.prf.internal.PrfAesCmac,generateSubKeys,com.hegocre.nextcloudpasswords_38.apk,GENUINE_no
8431,3,CipherSpec,com.google.crypto.tink.subtle.AesSiv,encryptInternal,com.hegocre.nextcloudpasswords_38.apk,LEGAL_REUSE_REJECTED
8439,4,CipherSpec,com.google.crypto.tink.prf.internal.PrfAesCmac,compute,com.hegocre.nextcloudpasswords_38.apk,GENUINE_no
8440,4,CipherSpec,com.google.crypto.tink.prf.internal.PrfAesCmac,generateSubKeys,com.hegocre.nextcloudpasswords_38.apk,GENUINE_no
8441,3,CipherSpec,com.google.crypto.tink.subtle.AesSiv,encryptInternal,com.hegocre.nextcloudpasswords_38.apk,LEGAL_REUSE_REJECTED
8449,4,CipherSpec,com.google.crypto.tink.prf.internal.PrfAesCmac,compute,com.hegocre.nextcloudpasswords_38.apk,GENUINE_no
8450,4,CipherSpec,com.google.crypto.tink.prf.internal.PrfAesCmac,generateSubKeys,com.hegocre.nextcloudpasswords_38.apk,GENUINE_no
8451,3,CipherSpec,com.google.crypto.tink.subtle.AesSiv,encryptInternal,com.hegocre.nextcloudpasswords_38.apk,LEGAL_REUSE_REJECTED
8459,4,CipherSpec,com.google.crypto.tink.prf.internal.PrfAesCmac,compute,com.hegocre.nextcloudpasswords_38.apk,GENUINE_no
8460,4,CipherSpec,com.google.crypto.tink.prf.internal.PrfAesCmac,generateSubKeys,com.hegocre.nextcloudpasswords_38.apk,GENUINE_no
8461,3,CipherSpec,com.google.crypto.tink.subtle.AesSiv,encryptInternal,com.hegocre.nextcloudpasswords_38.apk,LEGAL_REUSE_REJECTED
8469,4,CipherSpec,com.google.crypto.tink.prf.internal.PrfAesCmac,compute,com.hegocre.nextcloudpasswords_38.apk,GENUINE_no
8470,4,CipherSpec,com.google.crypto.tink.prf.internal.PrfAesCmac,generateSubKeys,com.hegocre.nextcloudpasswords_38.apk,GENUINE_no
8471,3,CipherSpec,com.google.crypto.tink.subtle.AesSiv,encryptInternal,com.hegocre.nextcloudpasswords_38.apk,LEGAL_REUSE_REJECTED
8479,4,CipherSpec,com.google.crypto.tink.prf.internal.PrfAesCmac,compute,com.hegocre.nextcloudpasswords_38.apk,GENUINE_no
8480,4,CipherSpec,com.google.crypto.tink.prf.internal.PrfAesCmac,generateSubKeys,com.hegocre.nextcloudpasswords_38.apk,GENUINE_no
8481,3,CipherSpec,com.google.crypto.tink.subtle.AesSiv,encryptInternal,com.hegocre.nextcloudpasswords_38.apk,LEGAL_REUSE_REJECTED
8489,4,CipherSpec,com.google.crypto.tink.prf.internal.PrfAesCmac,compute,com.hegocre.nextcloudpasswords_38.apk,GENUINE_no
8490,4,CipherSpec,com.google.crypto.tink.prf.internal.PrfAesCmac,generateSubKeys,com.hegocre.nextcloudpasswords_38.apk,GENUINE_no
8491,3,CipherSpec,com.google.crypto.tink.subtle.AesSiv,encryptInternal,com.hegocre.nextcloudpasswords_38.apk,LEGAL_REUSE_REJECTED
8499,4,CipherSpec,com.google.crypto.tink.prf.internal.PrfAesCmac,compute,com.hegocre.nextcloudpasswords_38.apk,GENUINE_no
8500,4,CipherSpec,com.google.crypto.tink.prf.internal.PrfAesCmac,generateSubKeys,com.hegocre.nextcloudpasswords_38.apk,GENUINE_no
8501,3,CipherSpec,com.google.crypto.tink.subtle.AesSiv,encryptInternal,com.hegocre.nextcloudpasswords_38.apk,LEGAL_REUSE_REJECTED
8509,4,CipherSpec,com.google.crypto.tink.prf.internal.PrfAesCmac,compute,com.hegocre.nextcloudpasswords_38.apk,GENUINE_no
8510,4,CipherSpec,com.google.crypto.tink.prf.internal.PrfAesCmac,generateSubKeys,com.hegocre.nextcloudpasswords_38.apk,GENUINE_no
8511,3,CipherSpec,com.google.crypto.tink.subtle.AesSiv,encryptInternal,com.hegocre.nextcloudpasswords_38.apk,LEGAL_REUSE_REJECTED
8519,4,CipherSpec,com.google.crypto.tink.prf.internal.PrfAesCmac,compute,com.hegocre.nextcloudpasswords_38.apk,GENUINE_no
8520,4,CipherSpec,com.google.crypto.tink.prf.internal.PrfAesCmac,generateSubKeys,com.hegocre.nextcloudpasswords_38.apk,GENUINE_no
8521,3,CipherSpec,com.google.crypto.tink.subtle.AesSiv,encryptInternal,com.hegocre.nextcloudpasswords_38.apk,LEGAL_REUSE_REJECTED
8529,4,CipherSpec,com.google.crypto.tink.prf.internal.PrfAesCmac,compute,com.hegocre.nextcloudpasswords_38.apk,GENUINE_no
8530,4,CipherSpec,com.google.crypto.tink.prf.internal.PrfAesCmac,generateSubKeys,com.hegocre.nextcloudpasswords_38.apk,GENUINE_no
8531,3,CipherSpec,com.google.crypto.tink.subtle.AesSiv,encryptInternal,com.hegocre.nextcloudpasswords_38.apk,LEGAL_REUSE_REJECTED
8539,4,CipherSpec,com.google.crypto.tink.prf.internal.PrfAesCmac,compute,com.hegocre.nextcloudpasswords_38.apk,GENUINE_no
8540,4,CipherSpec,com.google.crypto.tink.prf.internal.PrfAesCmac,generateSubKeys,com.hegocre.nextcloudpasswords_38.apk,GENUINE_no
8541,3,CipherSpec,com.google.crypto.tink.subtle.AesSiv,encryptInternal,com.hegocre.nextcloudpasswords_38.apk,LEGAL_REUSE_REJECTED
8549,4,CipherSpec,com.google.crypto.tink.prf.internal.PrfAesCmac,compute,com.hegocre.nextcloudpasswords_38.apk,GENUINE_no
8550,4,CipherSpec,com.google.crypto.tink.prf.internal.PrfAesCmac,generateSubKeys,com.hegocre.nextcloudpasswords_38.apk,GENUINE_no
8551,3,CipherSpec,com.google.crypto.tink.subtle.AesSiv,encryptInternal,com.hegocre.nextcloudpasswords_38.apk,LEGAL_REUSE_REJECTED
8559,4,CipherSpec,com.google.crypto.tink.prf.internal.PrfAesCmac,compute,com.hegocre.nextcloudpasswords_38.apk,GENUINE_no
8560,4,CipherSpec,com.google.crypto.tink.prf.internal.PrfAesCmac,generateSubKeys,com.hegocre.nextcloudpasswords_38.apk,GENUINE_no
8569,4,CipherSpec,com.google.crypto.tink.prf.internal.PrfAesCmac,compute,com.hegocre.nextcloudpasswords_38.apk,GENUINE_no
8570,4,CipherSpec,com.google.crypto.tink.prf.internal.PrfAesCmac,generateSubKeys,com.hegocre.nextcloudpasswords_38.apk,GENUINE_no
8579,4,CipherSpec,com.google.crypto.tink.prf.internal.PrfAesCmac,compute,com.hegocre.nextcloudpasswords_38.apk,GENUINE_no
8580,4,CipherSpec,com.google.crypto.tink.prf.internal.PrfAesCmac,generateSubKeys,com.hegocre.nextcloudpasswords_38.apk,GENUINE_no
8589,4,CipherSpec,com.google.crypto.tink.prf.internal.PrfAesCmac,compute,com.hegocre.nextcloudpasswords_38.apk,GENUINE_no
8590,4,CipherSpec,com.google.crypto.tink.prf.internal.PrfAesCmac,generateSubKeys,com.hegocre.nextcloudpasswords_38.apk,GENUINE_no
8599,4,CipherSpec,com.google.crypto.tink.prf.internal.PrfAesCmac,compute,com.hegocre.nextcloudpasswords_38.apk,GENUINE_no
8600,4,CipherSpec,com.google.crypto.tink.prf.internal.PrfAesCmac,generateSubKeys,com.hegocre.nextcloudpasswords_38.apk,GENUINE_no
8609,4,CipherSpec,com.google.crypto.tink.prf.internal.PrfAesCmac,compute,com.hegocre.nextcloudpasswords_38.apk,GENUINE_no
8610,4,CipherSpec,com.google.crypto.tink.prf.internal.PrfAesCmac,generateSubKeys,com.hegocre.nextcloudpasswords_38.apk,GENUINE_no
8619,4,CipherSpec,com.google.crypto.tink.prf.internal.PrfAesCmac,compute,com.hegocre.nextcloudpasswords_38.apk,GENUINE_no
8620,4,CipherSpec,com.google.crypto.tink.prf.internal.PrfAesCmac,generateSubKeys,com.hegocre.nextcloudpasswords_38.apk,GENUINE_no
8629,4,CipherSpec,com.google.crypto.tink.prf.internal.PrfAesCmac,compute,com.hegocre.nextcloudpasswords_38.apk,GENUINE_no
8630,4,CipherSpec,com.google.crypto.tink.prf.internal.PrfAesCmac,generateSubKeys,com.hegocre.nextcloudpasswords_38.apk,GENUINE_no
8639,4,CipherSpec,com.google.crypto.tink.prf.internal.PrfAesCmac,compute,com.hegocre.nextcloudpasswords_38.apk,GENUINE_no
8640,4,CipherSpec,com.google.crypto.tink.prf.internal.PrfAesCmac,generateSubKeys,com.hegocre.nextcloudpasswords_38.apk,GENUINE_no
8649,4,CipherSpec,com.google.crypto.tink.prf.internal.PrfAesCmac,compute,com.hegocre.nextcloudpasswords_38.apk,GENUINE_no
8650,4,CipherSpec,com.google.crypto.tink.prf.internal.PrfAesCmac,generateSubKeys,com.hegocre.nextcloudpasswords_38.apk,GENUINE_no
8651,3,CipherSpec,com.google.crypto.tink.subtle.AesSiv,encryptInternal,com.hegocre.nextcloudpasswords_38.apk,LEGAL_REUSE_REJECTED
8659,4,CipherSpec,com.google.crypto.tink.prf.internal.PrfAesCmac,compute,com.hegocre.nextcloudpasswords_38.apk,GENUINE_no
8660,4,CipherSpec,com.google.crypto.tink.prf.internal.PrfAesCmac,generateSubKeys,com.hegocre.nextcloudpasswords_38.apk,GENUINE_no
8661,3,CipherSpec,com.google.crypto.tink.subtle.AesSiv,encryptInternal,com.hegocre.nextcloudpasswords_38.apk,LEGAL_REUSE_REJECTED
8669,4,CipherSpec,com.google.crypto.tink.prf.internal.PrfAesCmac,compute,com.hegocre.nextcloudpasswords_38.apk,GENUINE_no
8670,4,CipherSpec,com.google.crypto.tink.prf.internal.PrfAesCmac,generateSubKeys,com.hegocre.nextcloudpasswords_38.apk,GENUINE_no
8671,3,CipherSpec,com.google.crypto.tink.subtle.AesSiv,encryptInternal,com.hegocre.nextcloudpasswords_38.apk,LEGAL_REUSE_REJECTED
8679,4,CipherSpec,com.google.crypto.tink.prf.internal.PrfAesCmac,compute,com.hegocre.nextcloudpasswords_38.apk,GENUINE_no
8680,4,CipherSpec,com.google.crypto.tink.prf.internal.PrfAesCmac,generateSubKeys,com.hegocre.nextcloudpasswords_38.apk,GENUINE_no
8681,3,CipherSpec,com.google.crypto.tink.subtle.AesSiv,encryptInternal,com.hegocre.nextcloudpasswords_38.apk,LEGAL_REUSE_REJECTED
8689,4,CipherSpec,com.google.crypto.tink.prf.internal.PrfAesCmac,compute,com.hegocre.nextcloudpasswords_38.apk,GENUINE_no
8690,4,CipherSpec,com.google.crypto.tink.prf.internal.PrfAesCmac,generateSubKeys,com.hegocre.nextcloudpasswords_38.apk,GENUINE_no
8691,3,CipherSpec,com.google.crypto.tink.subtle.AesSiv,encryptInternal,com.hegocre.nextcloudpasswords_38.apk,LEGAL_REUSE_REJECTED
8699,4,CipherSpec,com.google.crypto.tink.prf.internal.PrfAesCmac,compute,com.hegocre.nextcloudpasswords_38.apk,GENUINE_no
8700,4,CipherSpec,com.google.crypto.tink.prf.internal.PrfAesCmac,generateSubKeys,com.hegocre.nextcloudpasswords_38.apk,GENUINE_no
8701,3,CipherSpec,com.google.crypto.tink.subtle.AesSiv,encryptInternal,com.hegocre.nextcloudpasswords_38.apk,LEGAL_REUSE_REJECTED
8709,4,CipherSpec,com.google.crypto.tink.prf.internal.PrfAesCmac,compute,com.hegocre.nextcloudpasswords_38.apk,GENUINE_no
8710,4,CipherSpec,com.google.crypto.tink.prf.internal.PrfAesCmac,generateSubKeys,com.hegocre.nextcloudpasswords_38.apk,GENUINE_no
8719,4,CipherSpec,com.google.crypto.tink.prf.internal.PrfAesCmac,compute,com.hegocre.nextcloudpasswords_38.apk,GENUINE_no
8720,4,CipherSpec,com.google.crypto.tink.prf.internal.PrfAesCmac,generateSubKeys,com.hegocre.nextcloudpasswords_38.apk,GENUINE_no
8721,3,CipherSpec,com.google.crypto.tink.subtle.AesSiv,encryptInternal,com.hegocre.nextcloudpasswords_38.apk,LEGAL_REUSE_REJECTED
8729,4,CipherSpec,com.google.crypto.tink.prf.internal.PrfAesCmac,compute,com.hegocre.nextcloudpasswords_38.apk,GENUINE_no
8730,4,CipherSpec,com.google.crypto.tink.prf.internal.PrfAesCmac,generateSubKeys,com.hegocre.nextcloudpasswords_38.apk,GENUINE_no
8731,3,CipherSpec,com.google.crypto.tink.subtle.AesSiv,encryptInternal,com.hegocre.nextcloudpasswords_38.apk,LEGAL_REUSE_REJECTED
8739,4,CipherSpec,com.google.crypto.tink.prf.internal.PrfAesCmac,compute,com.hegocre.nextcloudpasswords_38.apk,GENUINE_no
8740,4,CipherSpec,com.google.crypto.tink.prf.internal.PrfAesCmac,generateSubKeys,com.hegocre.nextcloudpasswords_38.apk,GENUINE_no
8741,3,CipherSpec,com.google.crypto.tink.subtle.AesSiv,encryptInternal,com.hegocre.nextcloudpasswords_38.apk,LEGAL_REUSE_REJECTED
8749,4,CipherSpec,com.google.crypto.tink.prf.internal.PrfAesCmac,compute,com.hegocre.nextcloudpasswords_38.apk,GENUINE_no
8750,4,CipherSpec,com.google.crypto.tink.prf.internal.PrfAesCmac,generateSubKeys,com.hegocre.nextcloudpasswords_38.apk,GENUINE_no
8751,3,CipherSpec,com.google.crypto.tink.subtle.AesSiv,encryptInternal,com.hegocre.nextcloudpasswords_38.apk,LEGAL_REUSE_REJECTED
8759,4,CipherSpec,com.google.crypto.tink.prf.internal.PrfAesCmac,compute,com.hegocre.nextcloudpasswords_38.apk,GENUINE_no
8760,4,CipherSpec,com.google.crypto.tink.prf.internal.PrfAesCmac,generateSubKeys,com.hegocre.nextcloudpasswords_38.apk,GENUINE_no
8769,4,CipherSpec,com.google.crypto.tink.prf.internal.PrfAesCmac,compute,com.hegocre.nextcloudpasswords_38.apk,GENUINE_no
8770,4,CipherSpec,com.google.crypto.tink.prf.internal.PrfAesCmac,generateSubKeys,com.hegocre.nextcloudpasswords_38.apk,GENUINE_no
8779,4,CipherSpec,com.google.crypto.tink.prf.internal.PrfAesCmac,compute,com.hegocre.nextcloudpasswords_38.apk,GENUINE_no
8780,4,CipherSpec,com.google.crypto.tink.prf.internal.PrfAesCmac,generateSubKeys,com.hegocre.nextcloudpasswords_38.apk,GENUINE_no
8789,4,CipherSpec,com.google.crypto.tink.prf.internal.PrfAesCmac,compute,com.hegocre.nextcloudpasswords_38.apk,GENUINE_no
8790,4,CipherSpec,com.google.crypto.tink.prf.internal.PrfAesCmac,generateSubKeys,com.hegocre.nextcloudpasswords_38.apk,GENUINE_no
8791,3,CipherSpec,com.google.crypto.tink.subtle.AesSiv,encryptInternal,com.hegocre.nextcloudpasswords_38.apk,LEGAL_REUSE_REJECTED
8799,4,CipherSpec,com.google.crypto.tink.prf.internal.PrfAesCmac,compute,com.hegocre.nextcloudpasswords_38.apk,GENUINE_no
8800,4,CipherSpec,com.google.crypto.tink.prf.internal.PrfAesCmac,generateSubKeys,com.hegocre.nextcloudpasswords_38.apk,GENUINE_no
8809,4,CipherSpec,com.google.crypto.tink.prf.internal.PrfAesCmac,compute,com.hegocre.nextcloudpasswords_38.apk,GENUINE_no
8810,4,CipherSpec,com.google.crypto.tink.prf.internal.PrfAesCmac,generateSubKeys,com.hegocre.nextcloudpasswords_38.apk,GENUINE_no
8811,3,CipherSpec,com.google.crypto.tink.subtle.AesSiv,encryptInternal,com.hegocre.nextcloudpasswords_38.apk,LEGAL_REUSE_REJECTED
8819,4,CipherSpec,com.google.crypto.tink.prf.internal.PrfAesCmac,compute,com.hegocre.nextcloudpasswords_38.apk,GENUINE_no
8820,4,CipherSpec,com.google.crypto.tink.prf.internal.PrfAesCmac,generateSubKeys,com.hegocre.nextcloudpasswords_38.apk,GENUINE_no
8821,3,CipherSpec,com.google.crypto.tink.subtle.AesSiv,encryptInternal,com.hegocre.nextcloudpasswords_38.apk,LEGAL_REUSE_REJECTED
8829,4,CipherSpec,com.google.crypto.tink.prf.internal.PrfAesCmac,compute,com.hegocre.nextcloudpasswords_38.apk,GENUINE_no
8830,4,CipherSpec,com.google.crypto.tink.prf.internal.PrfAesCmac,generateSubKeys,com.hegocre.nextcloudpasswords_38.apk,GENUINE_no
8839,4,CipherSpec,com.google.crypto.tink.prf.internal.PrfAesCmac,compute,com.hegocre.nextcloudpasswords_38.apk,GENUINE_no
8840,4,CipherSpec,com.google.crypto.tink.prf.internal.PrfAesCmac,generateSubKeys,com.hegocre.nextcloudpasswords_38.apk,GENUINE_no
8841,3,CipherSpec,com.google.crypto.tink.subtle.AesSiv,encryptInternal,com.hegocre.nextcloudpasswords_38.apk,LEGAL_REUSE_REJECTED
8849,4,CipherSpec,com.google.crypto.tink.prf.internal.PrfAesCmac,compute,com.hegocre.nextcloudpasswords_38.apk,GENUINE_no
8850,4,CipherSpec,com.google.crypto.tink.prf.internal.PrfAesCmac,generateSubKeys,com.hegocre.nextcloudpasswords_38.apk,GENUINE_no
8851,3,CipherSpec,com.google.crypto.tink.subtle.AesSiv,encryptInternal,com.hegocre.nextcloudpasswords_38.apk,LEGAL_REUSE_REJECTED
8859,4,CipherSpec,com.google.crypto.tink.prf.internal.PrfAesCmac,compute,com.hegocre.nextcloudpasswords_38.apk,GENUINE_no
8860,4,CipherSpec,com.google.crypto.tink.prf.internal.PrfAesCmac,generateSubKeys,com.hegocre.nextcloudpasswords_38.apk,GENUINE_no
8869,4,CipherSpec,com.google.crypto.tink.prf.internal.PrfAesCmac,compute,com.hegocre.nextcloudpasswords_38.apk,GENUINE_no
8870,4,CipherSpec,com.google.crypto.tink.prf.internal.PrfAesCmac,generateSubKeys,com.hegocre.nextcloudpasswords_38.apk,GENUINE_no
8879,4,CipherSpec,com.google.crypto.tink.prf.internal.PrfAesCmac,compute,com.hegocre.nextcloudpasswords_38.apk,GENUINE_no
8880,4,CipherSpec,com.google.crypto.tink.prf.internal.PrfAesCmac,generateSubKeys,com.hegocre.nextcloudpasswords_38.apk,GENUINE_no
8889,4,CipherSpec,com.google.crypto.tink.prf.internal.PrfAesCmac,compute,com.hegocre.nextcloudpasswords_38.apk,GENUINE_no
8890,4,CipherSpec,com.google.crypto.tink.prf.internal.PrfAesCmac,generateSubKeys,com.hegocre.nextcloudpasswords_38.apk,GENUINE_no
8899,4,CipherSpec,com.google.crypto.tink.prf.internal.PrfAesCmac,compute,com.hegocre.nextcloudpasswords_38.apk,GENUINE_no
8900,4,CipherSpec,com.google.crypto.tink.prf.internal.PrfAesCmac,generateSubKeys,com.hegocre.nextcloudpasswords_38.apk,GENUINE_no
8909,4,CipherSpec,com.google.crypto.tink.prf.internal.PrfAesCmac,compute,com.hegocre.nextcloudpasswords_38.apk,GENUINE_no
8910,4,CipherSpec,com.google.crypto.tink.prf.internal.PrfAesCmac,generateSubKeys,com.hegocre.nextcloudpasswords_38.apk,GENUINE_no
8911,3,CipherSpec,com.google.crypto.tink.subtle.AesSiv,encryptInternal,com.hegocre.nextcloudpasswords_38.apk,LEGAL_REUSE_REJECTED
8919,4,CipherSpec,com.google.crypto.tink.prf.internal.PrfAesCmac,compute,com.hegocre.nextcloudpasswords_38.apk,GENUINE_no
8920,4,CipherSpec,com.google.crypto.tink.prf.internal.PrfAesCmac,generateSubKeys,com.hegocre.nextcloudpasswords_38.apk,GENUINE_no
8929,4,CipherSpec,com.google.crypto.tink.prf.internal.PrfAesCmac,compute,com.hegocre.nextcloudpasswords_38.apk,GENUINE_no
8930,4,CipherSpec,com.google.crypto.tink.prf.internal.PrfAesCmac,generateSubKeys,com.hegocre.nextcloudpasswords_38.apk,GENUINE_no
8939,4,CipherSpec,com.google.crypto.tink.prf.internal.PrfAesCmac,compute,com.hegocre.nextcloudpasswords_38.apk,GENUINE_no
8940,4,CipherSpec,com.google.crypto.tink.prf.internal.PrfAesCmac,generateSubKeys,com.hegocre.nextcloudpasswords_38.apk,GENUINE_no
8949,4,CipherSpec,com.google.crypto.tink.prf.internal.PrfAesCmac,compute,com.hegocre.nextcloudpasswords_38.apk,GENUINE_no
8950,4,CipherSpec,com.google.crypto.tink.prf.internal.PrfAesCmac,generateSubKeys,com.hegocre.nextcloudpasswords_38.apk,GENUINE_no
8959,4,CipherSpec,com.google.crypto.tink.prf.internal.PrfAesCmac,compute,com.hegocre.nextcloudpasswords_38.apk,GENUINE_no
8960,4,CipherSpec,com.google.crypto.tink.prf.internal.PrfAesCmac,generateSubKeys,com.hegocre.nextcloudpasswords_38.apk,GENUINE_no
8969,4,CipherSpec,com.google.crypto.tink.prf.internal.PrfAesCmac,compute,com.hegocre.nextcloudpasswords_38.apk,GENUINE_no
8970,4,CipherSpec,com.google.crypto.tink.prf.internal.PrfAesCmac,generateSubKeys,com.hegocre.nextcloudpasswords_38.apk,GENUINE_no
8979,4,CipherSpec,com.google.crypto.tink.prf.internal.PrfAesCmac,compute,com.hegocre.nextcloudpasswords_38.apk,GENUINE_no
8980,4,CipherSpec,com.google.crypto.tink.prf.internal.PrfAesCmac,generateSubKeys,com.hegocre.nextcloudpasswords_38.apk,GENUINE_no
8989,4,CipherSpec,com.google.crypto.tink.prf.internal.PrfAesCmac,compute,com.hegocre.nextcloudpasswords_38.apk,GENUINE_no
8990,4,CipherSpec,com.google.crypto.tink.prf.internal.PrfAesCmac,generateSubKeys,com.hegocre.nextcloudpasswords_38.apk,GENUINE_no
8999,4,CipherSpec,com.google.crypto.tink.prf.internal.PrfAesCmac,compute,com.hegocre.nextcloudpasswords_38.apk,GENUINE_no
9000,4,CipherSpec,com.google.crypto.tink.prf.internal.PrfAesCmac,generateSubKeys,com.hegocre.nextcloudpasswords_38.apk,GENUINE_no
9008,4,MessageDigestSpec,org.eclipse.jgit.lib.Constants,newMessageDigest,com.ivanovsky.passnotes_11700.apk,GENUINE_no
9009,4,MessageDigestSpec,org.eclipse.jgit.storage.file.FileBasedConfig,hash,com.ivanovsky.passnotes_11700.apk,GENUINE_no
9010,4,MessageDigestSpec,org.eclipse.jgit.lib.Constants,newMessageDigest,com.ivanovsky.passnotes_11700.apk,GENUINE_no
9011,4,MessageDigestSpec,org.eclipse.jgit.storage.file.FileBasedConfig,hash,com.ivanovsky.passnotes_11700.apk,GENUINE_no
9012,4,MessageDigestSpec,org.eclipse.jgit.lib.Constants,newMessageDigest,com.ivanovsky.passnotes_11700.apk,GENUINE_no
9013,4,MessageDigestSpec,org.eclipse.jgit.storage.file.FileBasedConfig,hash,com.ivanovsky.passnotes_11700.apk,GENUINE_no
9014,4,MessageDigestSpec,org.eclipse.jgit.lib.Constants,newMessageDigest,com.ivanovsky.passnotes_11700.apk,GENUINE_no
9015,4,MessageDigestSpec,org.eclipse.jgit.storage.file.FileBasedConfig,hash,com.ivanovsky.passnotes_11700.apk,GENUINE_no
9022,4,MessageDigestSpec,org.eclipse.jgit.lib.Constants,newMessageDigest,com.ivanovsky.passnotes_11700.apk,GENUINE_no
9023,4,MessageDigestSpec,org.eclipse.jgit.storage.file.FileBasedConfig,hash,com.ivanovsky.passnotes_11700.apk,GENUINE_no
9153,4,MessageDigestSpec,com.crazylegend.crashyreporter.extensions.ExtensionFunctionsKt,getCurrentSignatures,com.jerboa_87.apk,GENUINE_no
9831,3,MacSpec,io.ktor.network.tls.HashesKt,P_hash,com.mateusrodcosta.apps.vidyamusic_2200.apk,LEGAL_REUSE_REJECTED
9838,2,KeyPairSpec,io.ktor.network.tls.TLSClientHandshakeKt,generateECKeys,com.mateusrodcosta.apps.vidyamusic_2200.apk,UNOBSERVED_CREATION
9846,3,MacSpec,io.ktor.network.tls.HashesKt,P_hash,com.mateusrodcosta.apps.vidyamusic_2200.apk,LEGAL_REUSE_REJECTED
9853,2,KeyPairSpec,io.ktor.network.tls.TLSClientHandshakeKt,generateECKeys,com.mateusrodcosta.apps.vidyamusic_2200.apk,UNOBSERVED_CREATION
9861,3,MacSpec,io.ktor.network.tls.HashesKt,P_hash,com.mateusrodcosta.apps.vidyamusic_2200.apk,LEGAL_REUSE_REJECTED
9868,2,KeyPairSpec,io.ktor.network.tls.TLSClientHandshakeKt,generateECKeys,com.mateusrodcosta.apps.vidyamusic_2200.apk,UNOBSERVED_CREATION
9876,3,MacSpec,io.ktor.network.tls.HashesKt,P_hash,com.mateusrodcosta.apps.vidyamusic_2200.apk,LEGAL_REUSE_REJECTED
9883,2,KeyPairSpec,io.ktor.network.tls.TLSClientHandshakeKt,generateECKeys,com.mateusrodcosta.apps.vidyamusic_2200.apk,UNOBSERVED_CREATION
9891,3,MacSpec,io.ktor.network.tls.HashesKt,P_hash,com.mateusrodcosta.apps.vidyamusic_2200.apk,LEGAL_REUSE_REJECTED
9898,2,KeyPairSpec,io.ktor.network.tls.TLSClientHandshakeKt,generateECKeys,com.mateusrodcosta.apps.vidyamusic_2200.apk,UNOBSERVED_CREATION
9906,3,MacSpec,io.ktor.network.tls.HashesKt,P_hash,com.mateusrodcosta.apps.vidyamusic_2200.apk,LEGAL_REUSE_REJECTED
9913,2,KeyPairSpec,io.ktor.network.tls.TLSClientHandshakeKt,generateECKeys,com.mateusrodcosta.apps.vidyamusic_2200.apk,UNOBSERVED_CREATION
9921,3,MacSpec,io.ktor.network.tls.HashesKt,P_hash,com.mateusrodcosta.apps.vidyamusic_2200.apk,LEGAL_REUSE_REJECTED
9928,2,KeyPairSpec,io.ktor.network.tls.TLSClientHandshakeKt,generateECKeys,com.mateusrodcosta.apps.vidyamusic_2200.apk,UNOBSERVED_CREATION
9936,3,MacSpec,io.ktor.network.tls.HashesKt,P_hash,com.mateusrodcosta.apps.vidyamusic_2200.apk,LEGAL_REUSE_REJECTED
9943,2,KeyPairSpec,io.ktor.network.tls.TLSClientHandshakeKt,generateECKeys,com.mateusrodcosta.apps.vidyamusic_2200.apk,UNOBSERVED_CREATION
9951,3,MacSpec,io.ktor.network.tls.HashesKt,P_hash,com.mateusrodcosta.apps.vidyamusic_2200.apk,LEGAL_REUSE_REJECTED
9958,2,KeyPairSpec,io.ktor.network.tls.TLSClientHandshakeKt,generateECKeys,com.mateusrodcosta.apps.vidyamusic_2200.apk,UNOBSERVED_CREATION
9966,3,MacSpec,io.ktor.network.tls.HashesKt,P_hash,com.mateusrodcosta.apps.vidyamusic_2200.apk,LEGAL_REUSE_REJECTED
9973,2,KeyPairSpec,io.ktor.network.tls.TLSClientHandshakeKt,generateECKeys,com.mateusrodcosta.apps.vidyamusic_2200.apk,UNOBSERVED_CREATION
9981,3,MacSpec,io.ktor.network.tls.HashesKt,P_hash,com.mateusrodcosta.apps.vidyamusic_2200.apk,LEGAL_REUSE_REJECTED
9988,2,KeyPairSpec,io.ktor.network.tls.TLSClientHandshakeKt,generateECKeys,com.mateusrodcosta.apps.vidyamusic_2200.apk,UNOBSERVED_CREATION
9996,3,MacSpec,io.ktor.network.tls.HashesKt,P_hash,com.mateusrodcosta.apps.vidyamusic_2200.apk,LEGAL_REUSE_REJECTED
10003,2,KeyPairSpec,io.ktor.network.tls.TLSClientHandshakeKt,generateECKeys,com.mateusrodcosta.apps.vidyamusic_2200.apk,UNOBSERVED_CREATION
10011,3,MacSpec,io.ktor.network.tls.HashesKt,P_hash,com.mateusrodcosta.apps.vidyamusic_2200.apk,LEGAL_REUSE_REJECTED
10018,2,KeyPairSpec,io.ktor.network.tls.TLSClientHandshakeKt,generateECKeys,com.mateusrodcosta.apps.vidyamusic_2200.apk,UNOBSERVED_CREATION
10026,3,MacSpec,io.ktor.network.tls.HashesKt,P_hash,com.mateusrodcosta.apps.vidyamusic_2200.apk,LEGAL_REUSE_REJECTED
10033,2,KeyPairSpec,io.ktor.network.tls.TLSClientHandshakeKt,generateECKeys,com.mateusrodcosta.apps.vidyamusic_2200.apk,UNOBSERVED_CREATION
10041,3,MacSpec,io.ktor.network.tls.HashesKt,P_hash,com.mateusrodcosta.apps.vidyamusic_2200.apk,LEGAL_REUSE_REJECTED
10048,2,KeyPairSpec,io.ktor.network.tls.TLSClientHandshakeKt,generateECKeys,com.mateusrodcosta.apps.vidyamusic_2200.apk,UNOBSERVED_CREATION
10056,3,MacSpec,io.ktor.network.tls.HashesKt,P_hash,com.mateusrodcosta.apps.vidyamusic_2200.apk,LEGAL_REUSE_REJECTED
10063,2,KeyPairSpec,io.ktor.network.tls.TLSClientHandshakeKt,generateECKeys,com.mateusrodcosta.apps.vidyamusic_2200.apk,UNOBSERVED_CREATION
10071,3,MacSpec,io.ktor.network.tls.HashesKt,P_hash,com.mateusrodcosta.apps.vidyamusic_2200.apk,LEGAL_REUSE_REJECTED
10078,2,KeyPairSpec,io.ktor.network.tls.TLSClientHandshakeKt,generateECKeys,com.mateusrodcosta.apps.vidyamusic_2200.apk,UNOBSERVED_CREATION
10086,3,MacSpec,io.ktor.network.tls.HashesKt,P_hash,com.mateusrodcosta.apps.vidyamusic_2200.apk,LEGAL_REUSE_REJECTED
10093,2,KeyPairSpec,io.ktor.network.tls.TLSClientHandshakeKt,generateECKeys,com.mateusrodcosta.apps.vidyamusic_2200.apk,UNOBSERVED_CREATION
10101,3,MacSpec,io.ktor.network.tls.HashesKt,P_hash,com.mateusrodcosta.apps.vidyamusic_2200.apk,LEGAL_REUSE_REJECTED
10108,2,KeyPairSpec,io.ktor.network.tls.TLSClientHandshakeKt,generateECKeys,com.mateusrodcosta.apps.vidyamusic_2200.apk,UNOBSERVED_CREATION
10116,3,MacSpec,io.ktor.network.tls.HashesKt,P_hash,com.mateusrodcosta.apps.vidyamusic_2200.apk,LEGAL_REUSE_REJECTED
10123,2,KeyPairSpec,io.ktor.network.tls.TLSClientHandshakeKt,generateECKeys,com.mateusrodcosta.apps.vidyamusic_2200.apk,UNOBSERVED_CREATION
10131,3,MacSpec,io.ktor.network.tls.HashesKt,P_hash,com.mateusrodcosta.apps.vidyamusic_2200.apk,LEGAL_REUSE_REJECTED
10138,2,KeyPairSpec,io.ktor.network.tls.TLSClientHandshakeKt,generateECKeys,com.mateusrodcosta.apps.vidyamusic_2200.apk,UNOBSERVED_CREATION
10146,3,MacSpec,io.ktor.network.tls.HashesKt,P_hash,com.mateusrodcosta.apps.vidyamusic_2200.apk,LEGAL_REUSE_REJECTED
10153,2,KeyPairSpec,io.ktor.network.tls.TLSClientHandshakeKt,generateECKeys,com.mateusrodcosta.apps.vidyamusic_2200.apk,UNOBSERVED_CREATION
10161,3,MacSpec,io.ktor.network.tls.HashesKt,P_hash,com.mateusrodcosta.apps.vidyamusic_2200.apk,LEGAL_REUSE_REJECTED
10168,2,KeyPairSpec,io.ktor.network.tls.TLSClientHandshakeKt,generateECKeys,com.mateusrodcosta.apps.vidyamusic_2200.apk,UNOBSERVED_CREATION
10176,3,MacSpec,io.ktor.network.tls.HashesKt,P_hash,com.mateusrodcosta.apps.vidyamusic_2200.apk,LEGAL_REUSE_REJECTED
10183,2,KeyPairSpec,io.ktor.network.tls.TLSClientHandshakeKt,generateECKeys,com.mateusrodcosta.apps.vidyamusic_2200.apk,UNOBSERVED_CREATION
10191,3,MacSpec,io.ktor.network.tls.HashesKt,P_hash,com.mateusrodcosta.apps.vidyamusic_2200.apk,LEGAL_REUSE_REJECTED
10198,2,KeyPairSpec,io.ktor.network.tls.TLSClientHandshakeKt,generateECKeys,com.mateusrodcosta.apps.vidyamusic_2200.apk,UNOBSERVED_CREATION
10206,3,MacSpec,io.ktor.network.tls.HashesKt,P_hash,com.mateusrodcosta.apps.vidyamusic_2200.apk,LEGAL_REUSE_REJECTED
10213,2,KeyPairSpec,io.ktor.network.tls.TLSClientHandshakeKt,generateECKeys,com.mateusrodcosta.apps.vidyamusic_2200.apk,UNOBSERVED_CREATION
10221,3,MacSpec,io.ktor.network.tls.HashesKt,P_hash,com.mateusrodcosta.apps.vidyamusic_2200.apk,LEGAL_REUSE_REJECTED
10228,2,KeyPairSpec,io.ktor.network.tls.TLSClientHandshakeKt,generateECKeys,com.mateusrodcosta.apps.vidyamusic_2200.apk,UNOBSERVED_CREATION
10236,3,MacSpec,io.ktor.network.tls.HashesKt,P_hash,com.mateusrodcosta.apps.vidyamusic_2200.apk,LEGAL_REUSE_REJECTED
10243,2,KeyPairSpec,io.ktor.network.tls.TLSClientHandshakeKt,generateECKeys,com.mateusrodcosta.apps.vidyamusic_2200.apk,UNOBSERVED_CREATION
10251,3,MacSpec,io.ktor.network.tls.HashesKt,P_hash,com.mateusrodcosta.apps.vidyamusic_2200.apk,LEGAL_REUSE_REJECTED
10258,2,KeyPairSpec,io.ktor.network.tls.TLSClientHandshakeKt,generateECKeys,com.mateusrodcosta.apps.vidyamusic_2200.apk,UNOBSERVED_CREATION
10266,3,MacSpec,io.ktor.network.tls.HashesKt,P_hash,com.mateusrodcosta.apps.vidyamusic_2200.apk,LEGAL_REUSE_REJECTED
10273,2,KeyPairSpec,io.ktor.network.tls.TLSClientHandshakeKt,generateECKeys,com.mateusrodcosta.apps.vidyamusic_2200.apk,UNOBSERVED_CREATION
10281,3,MacSpec,io.ktor.network.tls.HashesKt,P_hash,com.mateusrodcosta.apps.vidyamusic_2200.apk,LEGAL_REUSE_REJECTED
10288,2,KeyPairSpec,io.ktor.network.tls.TLSClientHandshakeKt,generateECKeys,com.mateusrodcosta.apps.vidyamusic_2200.apk,UNOBSERVED_CREATION
10296,3,MacSpec,io.ktor.network.tls.HashesKt,P_hash,com.mateusrodcosta.apps.vidyamusic_2200.apk,LEGAL_REUSE_REJECTED
10303,2,KeyPairSpec,io.ktor.network.tls.TLSClientHandshakeKt,generateECKeys,com.mateusrodcosta.apps.vidyamusic_2200.apk,UNOBSERVED_CREATION
10311,3,MacSpec,io.ktor.network.tls.HashesKt,P_hash,com.mateusrodcosta.apps.vidyamusic_2200.apk,LEGAL_REUSE_REJECTED
10318,2,KeyPairSpec,io.ktor.network.tls.TLSClientHandshakeKt,generateECKeys,com.mateusrodcosta.apps.vidyamusic_2200.apk,UNOBSERVED_CREATION
10326,3,MacSpec,io.ktor.network.tls.HashesKt,P_hash,com.mateusrodcosta.apps.vidyamusic_2200.apk,LEGAL_REUSE_REJECTED
10333,2,KeyPairSpec,io.ktor.network.tls.TLSClientHandshakeKt,generateECKeys,com.mateusrodcosta.apps.vidyamusic_2200.apk,UNOBSERVED_CREATION
10341,3,MacSpec,io.ktor.network.tls.HashesKt,P_hash,com.mateusrodcosta.apps.vidyamusic_2200.apk,LEGAL_REUSE_REJECTED
10348,2,KeyPairSpec,io.ktor.network.tls.TLSClientHandshakeKt,generateECKeys,com.mateusrodcosta.apps.vidyamusic_2200.apk,UNOBSERVED_CREATION
10356,3,MacSpec,io.ktor.network.tls.HashesKt,P_hash,com.mateusrodcosta.apps.vidyamusic_2200.apk,LEGAL_REUSE_REJECTED
10363,2,KeyPairSpec,io.ktor.network.tls.TLSClientHandshakeKt,generateECKeys,com.mateusrodcosta.apps.vidyamusic_2200.apk,UNOBSERVED_CREATION
10371,3,MacSpec,io.ktor.network.tls.HashesKt,P_hash,com.mateusrodcosta.apps.vidyamusic_2200.apk,LEGAL_REUSE_REJECTED
10378,2,KeyPairSpec,io.ktor.network.tls.TLSClientHandshakeKt,generateECKeys,com.mateusrodcosta.apps.vidyamusic_2200.apk,UNOBSERVED_CREATION
10386,3,MacSpec,io.ktor.network.tls.HashesKt,P_hash,com.mateusrodcosta.apps.vidyamusic_2200.apk,LEGAL_REUSE_REJECTED
10393,2,KeyPairSpec,io.ktor.network.tls.TLSClientHandshakeKt,generateECKeys,com.mateusrodcosta.apps.vidyamusic_2200.apk,UNOBSERVED_CREATION
10401,3,MacSpec,io.ktor.network.tls.HashesKt,P_hash,com.mateusrodcosta.apps.vidyamusic_2200.apk,LEGAL_REUSE_REJECTED
10408,2,KeyPairSpec,io.ktor.network.tls.TLSClientHandshakeKt,generateECKeys,com.mateusrodcosta.apps.vidyamusic_2200.apk,UNOBSERVED_CREATION
10416,3,MacSpec,io.ktor.network.tls.HashesKt,P_hash,com.mateusrodcosta.apps.vidyamusic_2200.apk,LEGAL_REUSE_REJECTED
10423,2,KeyPairSpec,io.ktor.network.tls.TLSClientHandshakeKt,generateECKeys,com.mateusrodcosta.apps.vidyamusic_2200.apk,UNOBSERVED_CREATION
10431,3,MacSpec,io.ktor.network.tls.HashesKt,P_hash,com.mateusrodcosta.apps.vidyamusic_2200.apk,LEGAL_REUSE_REJECTED
10438,2,KeyPairSpec,io.ktor.network.tls.TLSClientHandshakeKt,generateECKeys,com.mateusrodcosta.apps.vidyamusic_2200.apk,UNOBSERVED_CREATION
10446,3,MacSpec,io.ktor.network.tls.HashesKt,P_hash,com.mateusrodcosta.apps.vidyamusic_2200.apk,LEGAL_REUSE_REJECTED
10453,2,KeyPairSpec,io.ktor.network.tls.TLSClientHandshakeKt,generateECKeys,com.mateusrodcosta.apps.vidyamusic_2200.apk,UNOBSERVED_CREATION
10461,3,MacSpec,io.ktor.network.tls.HashesKt,P_hash,com.mateusrodcosta.apps.vidyamusic_2200.apk,LEGAL_REUSE_REJECTED
10468,2,KeyPairSpec,io.ktor.network.tls.TLSClientHandshakeKt,generateECKeys,com.mateusrodcosta.apps.vidyamusic_2200.apk,UNOBSERVED_CREATION
10476,3,MacSpec,io.ktor.network.tls.HashesKt,P_hash,com.mateusrodcosta.apps.vidyamusic_2200.apk,LEGAL_REUSE_REJECTED
10483,2,KeyPairSpec,io.ktor.network.tls.TLSClientHandshakeKt,generateECKeys,com.mateusrodcosta.apps.vidyamusic_2200.apk,UNOBSERVED_CREATION
10491,3,MacSpec,io.ktor.network.tls.HashesKt,P_hash,com.mateusrodcosta.apps.vidyamusic_2200.apk,LEGAL_REUSE_REJECTED
10498,2,KeyPairSpec,io.ktor.network.tls.TLSClientHandshakeKt,generateECKeys,com.mateusrodcosta.apps.vidyamusic_2200.apk,UNOBSERVED_CREATION
10506,3,MacSpec,io.ktor.network.tls.HashesKt,P_hash,com.mateusrodcosta.apps.vidyamusic_2200.apk,LEGAL_REUSE_REJECTED
10513,2,KeyPairSpec,io.ktor.network.tls.TLSClientHandshakeKt,generateECKeys,com.mateusrodcosta.apps.vidyamusic_2200.apk,UNOBSERVED_CREATION
10521,3,MacSpec,io.ktor.network.tls.HashesKt,P_hash,com.mateusrodcosta.apps.vidyamusic_2200.apk,LEGAL_REUSE_REJECTED
10528,2,KeyPairSpec,io.ktor.network.tls.TLSClientHandshakeKt,generateECKeys,com.mateusrodcosta.apps.vidyamusic_2200.apk,UNOBSERVED_CREATION
10536,3,MacSpec,io.ktor.network.tls.HashesKt,P_hash,com.mateusrodcosta.apps.vidyamusic_2200.apk,LEGAL_REUSE_REJECTED
10543,2,KeyPairSpec,io.ktor.network.tls.TLSClientHandshakeKt,generateECKeys,com.mateusrodcosta.apps.vidyamusic_2200.apk,UNOBSERVED_CREATION
10551,3,MacSpec,io.ktor.network.tls.HashesKt,P_hash,com.mateusrodcosta.apps.vidyamusic_2200.apk,LEGAL_REUSE_REJECTED
10558,2,KeyPairSpec,io.ktor.network.tls.TLSClientHandshakeKt,generateECKeys,com.mateusrodcosta.apps.vidyamusic_2200.apk,UNOBSERVED_CREATION
10566,3,MacSpec,io.ktor.network.tls.HashesKt,P_hash,com.mateusrodcosta.apps.vidyamusic_2200.apk,LEGAL_REUSE_REJECTED
10573,2,KeyPairSpec,io.ktor.network.tls.TLSClientHandshakeKt,generateECKeys,com.mateusrodcosta.apps.vidyamusic_2200.apk,UNOBSERVED_CREATION
10581,3,MacSpec,io.ktor.network.tls.HashesKt,P_hash,com.mateusrodcosta.apps.vidyamusic_2200.apk,LEGAL_REUSE_REJECTED
10588,2,KeyPairSpec,io.ktor.network.tls.TLSClientHandshakeKt,generateECKeys,com.mateusrodcosta.apps.vidyamusic_2200.apk,UNOBSERVED_CREATION
10596,3,MacSpec,io.ktor.network.tls.HashesKt,P_hash,com.mateusrodcosta.apps.vidyamusic_2200.apk,LEGAL_REUSE_REJECTED
10603,2,KeyPairSpec,io.ktor.network.tls.TLSClientHandshakeKt,generateECKeys,com.mateusrodcosta.apps.vidyamusic_2200.apk,UNOBSERVED_CREATION
10611,3,MacSpec,io.ktor.network.tls.HashesKt,P_hash,com.mateusrodcosta.apps.vidyamusic_2200.apk,LEGAL_REUSE_REJECTED
10618,2,KeyPairSpec,io.ktor.network.tls.TLSClientHandshakeKt,generateECKeys,com.mateusrodcosta.apps.vidyamusic_2200.apk,UNOBSERVED_CREATION
10626,3,MacSpec,io.ktor.network.tls.HashesKt,P_hash,com.mateusrodcosta.apps.vidyamusic_2200.apk,LEGAL_REUSE_REJECTED
10633,2,KeyPairSpec,io.ktor.network.tls.TLSClientHandshakeKt,generateECKeys,com.mateusrodcosta.apps.vidyamusic_2200.apk,UNOBSERVED_CREATION
10641,3,MacSpec,io.ktor.network.tls.HashesKt,P_hash,com.mateusrodcosta.apps.vidyamusic_2200.apk,LEGAL_REUSE_REJECTED
10648,2,KeyPairSpec,io.ktor.network.tls.TLSClientHandshakeKt,generateECKeys,com.mateusrodcosta.apps.vidyamusic_2200.apk,UNOBSERVED_CREATION
10656,3,MacSpec,io.ktor.network.tls.HashesKt,P_hash,com.mateusrodcosta.apps.vidyamusic_2200.apk,LEGAL_REUSE_REJECTED
10663,2,KeyPairSpec,io.ktor.network.tls.TLSClientHandshakeKt,generateECKeys,com.mateusrodcosta.apps.vidyamusic_2200.apk,UNOBSERVED_CREATION
10671,3,MacSpec,io.ktor.network.tls.HashesKt,P_hash,com.mateusrodcosta.apps.vidyamusic_2200.apk,LEGAL_REUSE_REJECTED
10678,2,KeyPairSpec,io.ktor.network.tls.TLSClientHandshakeKt,generateECKeys,com.mateusrodcosta.apps.vidyamusic_2200.apk,UNOBSERVED_CREATION
10686,3,MacSpec,io.ktor.network.tls.HashesKt,P_hash,com.mateusrodcosta.apps.vidyamusic_2200.apk,LEGAL_REUSE_REJECTED
10693,2,KeyPairSpec,io.ktor.network.tls.TLSClientHandshakeKt,generateECKeys,com.mateusrodcosta.apps.vidyamusic_2200.apk,UNOBSERVED_CREATION
10701,3,MacSpec,io.ktor.network.tls.HashesKt,P_hash,com.mateusrodcosta.apps.vidyamusic_2200.apk,LEGAL_REUSE_REJECTED
10708,2,KeyPairSpec,io.ktor.network.tls.TLSClientHandshakeKt,generateECKeys,com.mateusrodcosta.apps.vidyamusic_2200.apk,UNOBSERVED_CREATION
10716,3,MacSpec,io.ktor.network.tls.HashesKt,P_hash,com.mateusrodcosta.apps.vidyamusic_2200.apk,LEGAL_REUSE_REJECTED
10723,2,KeyPairSpec,io.ktor.network.tls.TLSClientHandshakeKt,generateECKeys,com.mateusrodcosta.apps.vidyamusic_2200.apk,UNOBSERVED_CREATION
10731,3,MacSpec,io.ktor.network.tls.HashesKt,P_hash,com.mateusrodcosta.apps.vidyamusic_2200.apk,LEGAL_REUSE_REJECTED
10738,2,KeyPairSpec,io.ktor.network.tls.TLSClientHandshakeKt,generateECKeys,com.mateusrodcosta.apps.vidyamusic_2200.apk,UNOBSERVED_CREATION
10746,3,MacSpec,io.ktor.network.tls.HashesKt,P_hash,com.mateusrodcosta.apps.vidyamusic_2200.apk,LEGAL_REUSE_REJECTED
10753,2,KeyPairSpec,io.ktor.network.tls.TLSClientHandshakeKt,generateECKeys,com.mateusrodcosta.apps.vidyamusic_2200.apk,UNOBSERVED_CREATION
10761,3,MacSpec,io.ktor.network.tls.HashesKt,P_hash,com.mateusrodcosta.apps.vidyamusic_2200.apk,LEGAL_REUSE_REJECTED
10768,2,KeyPairSpec,io.ktor.network.tls.TLSClientHandshakeKt,generateECKeys,com.mateusrodcosta.apps.vidyamusic_2200.apk,UNOBSERVED_CREATION
10776,3,MacSpec,io.ktor.network.tls.HashesKt,P_hash,com.mateusrodcosta.apps.vidyamusic_2200.apk,LEGAL_REUSE_REJECTED
10783,2,KeyPairSpec,io.ktor.network.tls.TLSClientHandshakeKt,generateECKeys,com.mateusrodcosta.apps.vidyamusic_2200.apk,UNOBSERVED_CREATION
10791,3,MacSpec,io.ktor.network.tls.HashesKt,P_hash,com.mateusrodcosta.apps.vidyamusic_2200.apk,LEGAL_REUSE_REJECTED
10798,2,KeyPairSpec,io.ktor.network.tls.TLSClientHandshakeKt,generateECKeys,com.mateusrodcosta.apps.vidyamusic_2200.apk,UNOBSERVED_CREATION
10806,3,MacSpec,io.ktor.network.tls.HashesKt,P_hash,com.mateusrodcosta.apps.vidyamusic_2200.apk,LEGAL_REUSE_REJECTED
10813,2,KeyPairSpec,io.ktor.network.tls.TLSClientHandshakeKt,generateECKeys,com.mateusrodcosta.apps.vidyamusic_2200.apk,UNOBSERVED_CREATION
10821,3,MacSpec,io.ktor.network.tls.HashesKt,P_hash,com.mateusrodcosta.apps.vidyamusic_2200.apk,LEGAL_REUSE_REJECTED
10828,2,KeyPairSpec,io.ktor.network.tls.TLSClientHandshakeKt,generateECKeys,com.mateusrodcosta.apps.vidyamusic_2200.apk,UNOBSERVED_CREATION
10836,3,MacSpec,io.ktor.network.tls.HashesKt,P_hash,com.mateusrodcosta.apps.vidyamusic_2200.apk,LEGAL_REUSE_REJECTED
10843,2,KeyPairSpec,io.ktor.network.tls.TLSClientHandshakeKt,generateECKeys,com.mateusrodcosta.apps.vidyamusic_2200.apk,UNOBSERVED_CREATION
10851,3,MacSpec,io.ktor.network.tls.HashesKt,P_hash,com.mateusrodcosta.apps.vidyamusic_2200.apk,LEGAL_REUSE_REJECTED
10858,2,KeyPairSpec,io.ktor.network.tls.TLSClientHandshakeKt,generateECKeys,com.mateusrodcosta.apps.vidyamusic_2200.apk,UNOBSERVED_CREATION
10866,3,MacSpec,io.ktor.network.tls.HashesKt,P_hash,com.mateusrodcosta.apps.vidyamusic_2200.apk,LEGAL_REUSE_REJECTED
10873,2,KeyPairSpec,io.ktor.network.tls.TLSClientHandshakeKt,generateECKeys,com.mateusrodcosta.apps.vidyamusic_2200.apk,UNOBSERVED_CREATION
10881,3,MacSpec,io.ktor.network.tls.HashesKt,P_hash,com.mateusrodcosta.apps.vidyamusic_2200.apk,LEGAL_REUSE_REJECTED
10888,2,KeyPairSpec,io.ktor.network.tls.TLSClientHandshakeKt,generateECKeys,com.mateusrodcosta.apps.vidyamusic_2200.apk,UNOBSERVED_CREATION
10896,3,MacSpec,io.ktor.network.tls.HashesKt,P_hash,com.mateusrodcosta.apps.vidyamusic_2200.apk,LEGAL_REUSE_REJECTED
10903,2,KeyPairSpec,io.ktor.network.tls.TLSClientHandshakeKt,generateECKeys,com.mateusrodcosta.apps.vidyamusic_2200.apk,UNOBSERVED_CREATION
10911,3,MacSpec,io.ktor.network.tls.HashesKt,P_hash,com.mateusrodcosta.apps.vidyamusic_2200.apk,LEGAL_REUSE_REJECTED
10918,2,KeyPairSpec,io.ktor.network.tls.TLSClientHandshakeKt,generateECKeys,com.mateusrodcosta.apps.vidyamusic_2200.apk,UNOBSERVED_CREATION
10926,3,MacSpec,io.ktor.network.tls.HashesKt,P_hash,com.mateusrodcosta.apps.vidyamusic_2200.apk,LEGAL_REUSE_REJECTED
10933,2,KeyPairSpec,io.ktor.network.tls.TLSClientHandshakeKt,generateECKeys,com.mateusrodcosta.apps.vidyamusic_2200.apk,UNOBSERVED_CREATION
10941,3,MacSpec,io.ktor.network.tls.HashesKt,P_hash,com.mateusrodcosta.apps.vidyamusic_2200.apk,LEGAL_REUSE_REJECTED
10948,2,KeyPairSpec,io.ktor.network.tls.TLSClientHandshakeKt,generateECKeys,com.mateusrodcosta.apps.vidyamusic_2200.apk,UNOBSERVED_CREATION
10956,3,MacSpec,io.ktor.network.tls.HashesKt,P_hash,com.mateusrodcosta.apps.vidyamusic_2200.apk,LEGAL_REUSE_REJECTED
10963,2,KeyPairSpec,io.ktor.network.tls.TLSClientHandshakeKt,generateECKeys,com.mateusrodcosta.apps.vidyamusic_2200.apk,UNOBSERVED_CREATION
10971,3,MacSpec,io.ktor.network.tls.HashesKt,P_hash,com.mateusrodcosta.apps.vidyamusic_2200.apk,LEGAL_REUSE_REJECTED
10978,2,KeyPairSpec,io.ktor.network.tls.TLSClientHandshakeKt,generateECKeys,com.mateusrodcosta.apps.vidyamusic_2200.apk,UNOBSERVED_CREATION
10986,3,MacSpec,io.ktor.network.tls.HashesKt,P_hash,com.mateusrodcosta.apps.vidyamusic_2200.apk,LEGAL_REUSE_REJECTED
10993,2,KeyPairSpec,io.ktor.network.tls.TLSClientHandshakeKt,generateECKeys,com.mateusrodcosta.apps.vidyamusic_2200.apk,UNOBSERVED_CREATION
11001,3,MacSpec,io.ktor.network.tls.HashesKt,P_hash,com.mateusrodcosta.apps.vidyamusic_2200.apk,LEGAL_REUSE_REJECTED
11008,2,KeyPairSpec,io.ktor.network.tls.TLSClientHandshakeKt,generateECKeys,com.mateusrodcosta.apps.vidyamusic_2200.apk,UNOBSERVED_CREATION
11016,3,MacSpec,io.ktor.network.tls.HashesKt,P_hash,com.mateusrodcosta.apps.vidyamusic_2200.apk,LEGAL_REUSE_REJECTED
11023,2,KeyPairSpec,io.ktor.network.tls.TLSClientHandshakeKt,generateECKeys,com.mateusrodcosta.apps.vidyamusic_2200.apk,UNOBSERVED_CREATION
11031,3,MacSpec,io.ktor.network.tls.HashesKt,P_hash,com.mateusrodcosta.apps.vidyamusic_2200.apk,LEGAL_REUSE_REJECTED
11038,2,KeyPairSpec,io.ktor.network.tls.TLSClientHandshakeKt,generateECKeys,com.mateusrodcosta.apps.vidyamusic_2200.apk,UNOBSERVED_CREATION
11046,3,MacSpec,io.ktor.network.tls.HashesKt,P_hash,com.mateusrodcosta.apps.vidyamusic_2200.apk,LEGAL_REUSE_REJECTED
11053,2,KeyPairSpec,io.ktor.network.tls.TLSClientHandshakeKt,generateECKeys,com.mateusrodcosta.apps.vidyamusic_2200.apk,UNOBSERVED_CREATION
11061,3,MacSpec,io.ktor.network.tls.HashesKt,P_hash,com.mateusrodcosta.apps.vidyamusic_2200.apk,LEGAL_REUSE_REJECTED
11068,2,KeyPairSpec,io.ktor.network.tls.TLSClientHandshakeKt,generateECKeys,com.mateusrodcosta.apps.vidyamusic_2200.apk,UNOBSERVED_CREATION
11076,3,MacSpec,io.ktor.network.tls.HashesKt,P_hash,com.mateusrodcosta.apps.vidyamusic_2200.apk,LEGAL_REUSE_REJECTED
11083,2,KeyPairSpec,io.ktor.network.tls.TLSClientHandshakeKt,generateECKeys,com.mateusrodcosta.apps.vidyamusic_2200.apk,UNOBSERVED_CREATION
11091,3,MacSpec,io.ktor.network.tls.HashesKt,P_hash,com.mateusrodcosta.apps.vidyamusic_2200.apk,LEGAL_REUSE_REJECTED
11098,2,KeyPairSpec,io.ktor.network.tls.TLSClientHandshakeKt,generateECKeys,com.mateusrodcosta.apps.vidyamusic_2200.apk,UNOBSERVED_CREATION
11106,3,MacSpec,io.ktor.network.tls.HashesKt,P_hash,com.mateusrodcosta.apps.vidyamusic_2200.apk,LEGAL_REUSE_REJECTED
11113,2,KeyPairSpec,io.ktor.network.tls.TLSClientHandshakeKt,generateECKeys,com.mateusrodcosta.apps.vidyamusic_2200.apk,UNOBSERVED_CREATION
11121,3,MacSpec,io.ktor.network.tls.HashesKt,P_hash,com.mateusrodcosta.apps.vidyamusic_2200.apk,LEGAL_REUSE_REJECTED
11128,2,KeyPairSpec,io.ktor.network.tls.TLSClientHandshakeKt,generateECKeys,com.mateusrodcosta.apps.vidyamusic_2200.apk,UNOBSERVED_CREATION
11136,3,MacSpec,io.ktor.network.tls.HashesKt,P_hash,com.mateusrodcosta.apps.vidyamusic_2200.apk,LEGAL_REUSE_REJECTED
11143,2,KeyPairSpec,io.ktor.network.tls.TLSClientHandshakeKt,generateECKeys,com.mateusrodcosta.apps.vidyamusic_2200.apk,UNOBSERVED_CREATION
11151,3,MacSpec,io.ktor.network.tls.HashesKt,P_hash,com.mateusrodcosta.apps.vidyamusic_2200.apk,LEGAL_REUSE_REJECTED
11158,2,KeyPairSpec,io.ktor.network.tls.TLSClientHandshakeKt,generateECKeys,com.mateusrodcosta.apps.vidyamusic_2200.apk,UNOBSERVED_CREATION
11166,3,MacSpec,io.ktor.network.tls.HashesKt,P_hash,com.mateusrodcosta.apps.vidyamusic_2200.apk,LEGAL_REUSE_REJECTED
11173,2,KeyPairSpec,io.ktor.network.tls.TLSClientHandshakeKt,generateECKeys,com.mateusrodcosta.apps.vidyamusic_2200.apk,UNOBSERVED_CREATION
11181,3,MacSpec,io.ktor.network.tls.HashesKt,P_hash,com.mateusrodcosta.apps.vidyamusic_2200.apk,LEGAL_REUSE_REJECTED
11188,2,KeyPairSpec,io.ktor.network.tls.TLSClientHandshakeKt,generateECKeys,com.mateusrodcosta.apps.vidyamusic_2200.apk,UNOBSERVED_CREATION
11196,3,MacSpec,io.ktor.network.tls.HashesKt,P_hash,com.mateusrodcosta.apps.vidyamusic_2200.apk,LEGAL_REUSE_REJECTED
11203,2,KeyPairSpec,io.ktor.network.tls.TLSClientHandshakeKt,generateECKeys,com.mateusrodcosta.apps.vidyamusic_2200.apk,UNOBSERVED_CREATION
11211,3,MacSpec,io.ktor.network.tls.HashesKt,P_hash,com.mateusrodcosta.apps.vidyamusic_2200.apk,LEGAL_REUSE_REJECTED
11218,2,KeyPairSpec,io.ktor.network.tls.TLSClientHandshakeKt,generateECKeys,com.mateusrodcosta.apps.vidyamusic_2200.apk,UNOBSERVED_CREATION
11226,3,MacSpec,io.ktor.network.tls.HashesKt,P_hash,com.mateusrodcosta.apps.vidyamusic_2200.apk,LEGAL_REUSE_REJECTED
11233,2,KeyPairSpec,io.ktor.network.tls.TLSClientHandshakeKt,generateECKeys,com.mateusrodcosta.apps.vidyamusic_2200.apk,UNOBSERVED_CREATION
11241,3,MacSpec,io.ktor.network.tls.HashesKt,P_hash,com.mateusrodcosta.apps.vidyamusic_2200.apk,LEGAL_REUSE_REJECTED
11248,2,KeyPairSpec,io.ktor.network.tls.TLSClientHandshakeKt,generateECKeys,com.mateusrodcosta.apps.vidyamusic_2200.apk,UNOBSERVED_CREATION
11256,3,MacSpec,io.ktor.network.tls.HashesKt,P_hash,com.mateusrodcosta.apps.vidyamusic_2200.apk,LEGAL_REUSE_REJECTED
11263,2,KeyPairSpec,io.ktor.network.tls.TLSClientHandshakeKt,generateECKeys,com.mateusrodcosta.apps.vidyamusic_2200.apk,UNOBSERVED_CREATION
11271,3,MacSpec,io.ktor.network.tls.HashesKt,P_hash,com.mateusrodcosta.apps.vidyamusic_2200.apk,LEGAL_REUSE_REJECTED
11278,2,KeyPairSpec,io.ktor.network.tls.TLSClientHandshakeKt,generateECKeys,com.mateusrodcosta.apps.vidyamusic_2200.apk,UNOBSERVED_CREATION
11286,3,MacSpec,io.ktor.network.tls.HashesKt,P_hash,com.mateusrodcosta.apps.vidyamusic_2200.apk,LEGAL_REUSE_REJECTED
11293,2,KeyPairSpec,io.ktor.network.tls.TLSClientHandshakeKt,generateECKeys,com.mateusrodcosta.apps.vidyamusic_2200.apk,UNOBSERVED_CREATION
11301,3,MacSpec,io.ktor.network.tls.HashesKt,P_hash,com.mateusrodcosta.apps.vidyamusic_2200.apk,LEGAL_REUSE_REJECTED
11308,2,KeyPairSpec,io.ktor.network.tls.TLSClientHandshakeKt,generateECKeys,com.mateusrodcosta.apps.vidyamusic_2200.apk,UNOBSERVED_CREATION
11322,4,MessageDigestSpec,okio.ByteString,digest$okio,com.nononsenseapps.feeder.play_4025.apk,GENUINE_no
11325,4,MessageDigestSpec,okio.ByteString,digest$okio,com.nononsenseapps.feeder.play_4025.apk,GENUINE_no
11333,4,MessageDigestSpec,okio.ByteString,digest$okio,com.nononsenseapps.feeder.play_4025.apk,GENUINE_no
11336,4,MessageDigestSpec,okio.ByteString,digest$okio,com.nononsenseapps.feeder.play_4025.apk,GENUINE_no
11341,4,MessageDigestSpec,okio.ByteString,digest$okio,com.nononsenseapps.feeder.play_4025.apk,GENUINE_no
11344,4,MessageDigestSpec,okio.ByteString,digest$okio,com.nononsenseapps.feeder.play_4025.apk,GENUINE_no
11347,4,MessageDigestSpec,okio.ByteString,digest$okio,com.nononsenseapps.feeder.play_4025.apk,GENUINE_no
11350,4,MessageDigestSpec,okio.ByteString,digest$okio,com.nononsenseapps.feeder.play_4025.apk,GENUINE_no
11353,4,MessageDigestSpec,okio.ByteString,digest$okio,com.nononsenseapps.feeder.play_4025.apk,GENUINE_no
11356,4,MessageDigestSpec,okio.ByteString,digest$okio,com.nononsenseapps.feeder.play_4025.apk,GENUINE_no
11359,4,MessageDigestSpec,okio.ByteString,digest$okio,com.nononsenseapps.feeder.play_4025.apk,GENUINE_no
11362,4,MessageDigestSpec,okio.ByteString,digest$okio,com.nononsenseapps.feeder.play_4025.apk,GENUINE_no
11365,4,MessageDigestSpec,okio.ByteString,digest$okio,com.nononsenseapps.feeder.play_4025.apk,GENUINE_no
11368,4,MessageDigestSpec,okio.ByteString,digest$okio,com.nononsenseapps.feeder.play_4025.apk,GENUINE_no
11371,4,MessageDigestSpec,okio.ByteString,digest$okio,com.nononsenseapps.feeder.play_4025.apk,GENUINE_no
11374,4,MessageDigestSpec,okio.ByteString,digest$okio,com.nononsenseapps.feeder.play_4025.apk,GENUINE_no
11377,4,MessageDigestSpec,okio.ByteString,digest$okio,com.nononsenseapps.feeder.play_4025.apk,GENUINE_no
11380,4,MessageDigestSpec,okio.ByteString,digest$okio,com.nononsenseapps.feeder.play_4025.apk,GENUINE_no
11383,4,MessageDigestSpec,okio.ByteString,digest$okio,com.nononsenseapps.feeder.play_4025.apk,GENUINE_no
11386,4,MessageDigestSpec,okio.ByteString,digest$okio,com.nononsenseapps.feeder.play_4025.apk,GENUINE_no
11389,4,MessageDigestSpec,okio.ByteString,digest$okio,com.nononsenseapps.feeder.play_4025.apk,GENUINE_no
11392,4,MessageDigestSpec,okio.ByteString,digest$okio,com.nononsenseapps.feeder.play_4025.apk,GENUINE_no
11395,4,MessageDigestSpec,okio.ByteString,digest$okio,com.nononsenseapps.feeder.play_4025.apk,GENUINE_no
11398,4,MessageDigestSpec,okio.ByteString,digest$okio,com.nononsenseapps.feeder.play_4025.apk,GENUINE_no
11401,4,MessageDigestSpec,okio.ByteString,digest$okio,com.nononsenseapps.feeder.play_4025.apk,GENUINE_no
11404,4,MessageDigestSpec,okio.ByteString,digest$okio,com.nononsenseapps.feeder.play_4025.apk,GENUINE_no
11407,4,MessageDigestSpec,okio.ByteString,digest$okio,com.nononsenseapps.feeder.play_4025.apk,GENUINE_no
11410,4,MessageDigestSpec,okio.ByteString,digest$okio,com.nononsenseapps.feeder.play_4025.apk,GENUINE_no
11413,4,MessageDigestSpec,okio.ByteString,digest$okio,com.nononsenseapps.feeder.play_4025.apk,GENUINE_no
11416,4,MessageDigestSpec,okio.ByteString,digest$okio,com.nononsenseapps.feeder.play_4025.apk,GENUINE_no
11419,4,MessageDigestSpec,okio.ByteString,digest$okio,com.nononsenseapps.feeder.play_4025.apk,GENUINE_no
11422,4,MessageDigestSpec,okio.ByteString,digest$okio,com.nononsenseapps.feeder.play_4025.apk,GENUINE_no
11425,4,MessageDigestSpec,okio.ByteString,digest$okio,com.nononsenseapps.feeder.play_4025.apk,GENUINE_no
11428,4,MessageDigestSpec,okio.ByteString,digest$okio,com.nononsenseapps.feeder.play_4025.apk,GENUINE_no
11431,4,MessageDigestSpec,okio.ByteString,digest$okio,com.nononsenseapps.feeder.play_4025.apk,GENUINE_no
11434,4,MessageDigestSpec,okio.ByteString,digest$okio,com.nononsenseapps.feeder.play_4025.apk,GENUINE_no
11437,4,MessageDigestSpec,okio.ByteString,digest$okio,com.nononsenseapps.feeder.play_4025.apk,GENUINE_no
11440,4,MessageDigestSpec,okio.ByteString,digest$okio,com.nononsenseapps.feeder.play_4025.apk,GENUINE_no
11443,4,MessageDigestSpec,okio.ByteString,digest$okio,com.nononsenseapps.feeder.play_4025.apk,GENUINE_no
11446,4,MessageDigestSpec,okio.ByteString,digest$okio,com.nononsenseapps.feeder.play_4025.apk,GENUINE_no
11449,4,MessageDigestSpec,okio.ByteString,digest$okio,com.nononsenseapps.feeder.play_4025.apk,GENUINE_no
11452,4,MessageDigestSpec,okio.ByteString,digest$okio,com.nononsenseapps.feeder.play_4025.apk,GENUINE_no
11455,4,MessageDigestSpec,okio.ByteString,digest$okio,com.nononsenseapps.feeder.play_4025.apk,GENUINE_no
11458,4,MessageDigestSpec,okio.ByteString,digest$okio,com.nononsenseapps.feeder.play_4025.apk,GENUINE_no
11461,4,MessageDigestSpec,okio.ByteString,digest$okio,com.nononsenseapps.feeder.play_4025.apk,GENUINE_no
11464,4,MessageDigestSpec,okio.ByteString,digest$okio,com.nononsenseapps.feeder.play_4025.apk,GENUINE_no
11467,4,MessageDigestSpec,okio.ByteString,digest$okio,com.nononsenseapps.feeder.play_4025.apk,GENUINE_no
11470,4,MessageDigestSpec,okio.ByteString,digest$okio,com.nononsenseapps.feeder.play_4025.apk,GENUINE_no
11473,4,MessageDigestSpec,okio.ByteString,digest$okio,com.nononsenseapps.feeder.play_4025.apk,GENUINE_no
11476,4,MessageDigestSpec,okio.ByteString,digest$okio,com.nononsenseapps.feeder.play_4025.apk,GENUINE_no
11479,4,MessageDigestSpec,okio.ByteString,digest$okio,com.nononsenseapps.feeder.play_4025.apk,GENUINE_no
11482,4,MessageDigestSpec,okio.ByteString,digest$okio,com.nononsenseapps.feeder.play_4025.apk,GENUINE_no
11485,4,MessageDigestSpec,okio.ByteString,digest$okio,com.nononsenseapps.feeder.play_4025.apk,GENUINE_no
11488,4,MessageDigestSpec,okio.ByteString,digest$okio,com.nononsenseapps.feeder.play_4025.apk,GENUINE_no
11491,4,MessageDigestSpec,okio.ByteString,digest$okio,com.nononsenseapps.feeder.play_4025.apk,GENUINE_no
11494,4,MessageDigestSpec,okio.ByteString,digest$okio,com.nononsenseapps.feeder.play_4025.apk,GENUINE_no
11497,4,MessageDigestSpec,okio.ByteString,digest$okio,com.nononsenseapps.feeder.play_4025.apk,GENUINE_no
11500,4,MessageDigestSpec,okio.ByteString,digest$okio,com.nononsenseapps.feeder.play_4025.apk,GENUINE_no
11503,4,MessageDigestSpec,okio.ByteString,digest$okio,com.nononsenseapps.feeder.play_4025.apk,GENUINE_no
11506,4,MessageDigestSpec,okio.ByteString,digest$okio,com.nononsenseapps.feeder.play_4025.apk,GENUINE_no
11509,4,MessageDigestSpec,okio.ByteString,digest$okio,com.nononsenseapps.feeder.play_4025.apk,GENUINE_no
11512,4,MessageDigestSpec,okio.ByteString,digest$okio,com.nononsenseapps.feeder.play_4025.apk,GENUINE_no
11515,4,MessageDigestSpec,okio.ByteString,digest$okio,com.nononsenseapps.feeder.play_4025.apk,GENUINE_no
11518,4,MessageDigestSpec,okio.ByteString,digest$okio,com.nononsenseapps.feeder.play_4025.apk,GENUINE_no
11521,4,MessageDigestSpec,okio.ByteString,digest$okio,com.nononsenseapps.feeder.play_4025.apk,GENUINE_no
11524,4,MessageDigestSpec,okio.ByteString,digest$okio,com.nononsenseapps.feeder.play_4025.apk,GENUINE_no
11527,4,MessageDigestSpec,okio.ByteString,digest$okio,com.nononsenseapps.feeder.play_4025.apk,GENUINE_no
11530,4,MessageDigestSpec,okio.ByteString,digest$okio,com.nononsenseapps.feeder.play_4025.apk,GENUINE_no
11533,4,MessageDigestSpec,okio.ByteString,digest$okio,com.nononsenseapps.feeder.play_4025.apk,GENUINE_no
11536,4,MessageDigestSpec,okio.ByteString,digest$okio,com.nononsenseapps.feeder.play_4025.apk,GENUINE_no
11539,4,MessageDigestSpec,okio.ByteString,digest$okio,com.nononsenseapps.feeder.play_4025.apk,GENUINE_no
11542,4,MessageDigestSpec,okio.ByteString,digest$okio,com.nononsenseapps.feeder.play_4025.apk,GENUINE_no
11545,4,MessageDigestSpec,okio.ByteString,digest$okio,com.nononsenseapps.feeder.play_4025.apk,GENUINE_no
11548,4,MessageDigestSpec,okio.ByteString,digest$okio,com.nononsenseapps.feeder.play_4025.apk,GENUINE_no
11551,4,MessageDigestSpec,okio.ByteString,digest$okio,com.nononsenseapps.feeder.play_4025.apk,GENUINE_no
11554,4,MessageDigestSpec,okio.ByteString,digest$okio,com.nononsenseapps.feeder.play_4025.apk,GENUINE_no
11557,4,MessageDigestSpec,okio.ByteString,digest$okio,com.nononsenseapps.feeder.play_4025.apk,GENUINE_no
11560,4,MessageDigestSpec,okio.ByteString,digest$okio,com.nononsenseapps.feeder.play_4025.apk,GENUINE_no
11563,4,MessageDigestSpec,okio.ByteString,digest$okio,com.nononsenseapps.feeder.play_4025.apk,GENUINE_no
11566,4,MessageDigestSpec,okio.ByteString,digest$okio,com.nononsenseapps.feeder.play_4025.apk,GENUINE_no
11569,4,MessageDigestSpec,okio.ByteString,digest$okio,com.nononsenseapps.feeder.play_4025.apk,GENUINE_no
11572,4,MessageDigestSpec,okio.ByteString,digest$okio,com.nononsenseapps.feeder.play_4025.apk,GENUINE_no
11575,4,MessageDigestSpec,okio.ByteString,digest$okio,com.nononsenseapps.feeder.play_4025.apk,GENUINE_no
11578,4,MessageDigestSpec,okio.ByteString,digest$okio,com.nononsenseapps.feeder.play_4025.apk,GENUINE_no
11581,4,MessageDigestSpec,okio.ByteString,digest$okio,com.nononsenseapps.feeder.play_4025.apk,GENUINE_no
11584,4,MessageDigestSpec,okio.ByteString,digest$okio,com.nononsenseapps.feeder.play_4025.apk,GENUINE_no
11587,4,MessageDigestSpec,okio.ByteString,digest$okio,com.nononsenseapps.feeder.play_4025.apk,GENUINE_no
11593,4,MessageDigestSpec,okio.ByteString,digest$okio,com.nononsenseapps.feeder.play_4025.apk,GENUINE_no
11596,4,MessageDigestSpec,okio.ByteString,digest$okio,com.nononsenseapps.feeder.play_4025.apk,GENUINE_no
11599,4,MessageDigestSpec,okio.ByteString,digest$okio,com.nononsenseapps.feeder.play_4025.apk,GENUINE_no
11602,4,MessageDigestSpec,okio.ByteString,digest$okio,com.nononsenseapps.feeder.play_4025.apk,GENUINE_no
11605,4,MessageDigestSpec,okio.ByteString,digest$okio,com.nononsenseapps.feeder.play_4025.apk,GENUINE_no
11608,4,MessageDigestSpec,okio.ByteString,digest$okio,com.nononsenseapps.feeder.play_4025.apk,GENUINE_no
11611,4,MessageDigestSpec,okio.ByteString,digest$okio,com.nononsenseapps.feeder.play_4025.apk,GENUINE_no
11614,4,MessageDigestSpec,okio.ByteString,digest$okio,com.nononsenseapps.feeder.play_4025.apk,GENUINE_no
11617,4,MessageDigestSpec,okio.ByteString,digest$okio,com.nononsenseapps.feeder.play_4025.apk,GENUINE_no
11702,4,MessageDigestSpec,com.password.monitor.koin_di.AppModuleKt,appModule$lambda$0$3,com.password.monitor_102.apk,GENUINE_no
11703,4,MessageDigestSpec,com.password.monitor.utils.HashUtils$Companion$getHashPrefixAndSuffix$2,invokeSuspend,com.password.monitor_102.apk,GENUINE_no
11706,4,MessageDigestSpec,com.password.monitor.koin_di.AppModuleKt,appModule$lambda$0$3,com.password.monitor_102.apk,GENUINE_no
11707,4,MessageDigestSpec,com.password.monitor.utils.HashUtils$Companion$getHashPrefixAndSuffix$2,invokeSuspend,com.password.monitor_102.apk,GENUINE_no
11710,4,MessageDigestSpec,com.password.monitor.koin_di.AppModuleKt,appModule$lambda$0$3,com.password.monitor_102.apk,GENUINE_no
11711,4,MessageDigestSpec,com.password.monitor.utils.HashUtils$Companion$getHashPrefixAndSuffix$2,invokeSuspend,com.password.monitor_102.apk,GENUINE_no
11714,4,MessageDigestSpec,com.password.monitor.koin_di.AppModuleKt,appModule$lambda$0$3,com.password.monitor_102.apk,GENUINE_no
11715,4,MessageDigestSpec,com.password.monitor.utils.HashUtils$Companion$getHashPrefixAndSuffix$2,invokeSuspend,com.password.monitor_102.apk,GENUINE_no
11718,4,MessageDigestSpec,com.password.monitor.koin_di.AppModuleKt,appModule$lambda$0$3,com.password.monitor_102.apk,GENUINE_no
11719,4,MessageDigestSpec,com.password.monitor.utils.HashUtils$Companion$getHashPrefixAndSuffix$2,invokeSuspend,com.password.monitor_102.apk,GENUINE_no
11722,4,MessageDigestSpec,com.password.monitor.koin_di.AppModuleKt,appModule$lambda$0$3,com.password.monitor_102.apk,GENUINE_no
11723,4,MessageDigestSpec,com.password.monitor.utils.HashUtils$Companion$getHashPrefixAndSuffix$2,invokeSuspend,com.password.monitor_102.apk,GENUINE_no
11726,4,MessageDigestSpec,com.password.monitor.koin_di.AppModuleKt,appModule$lambda$0$3,com.password.monitor_102.apk,GENUINE_no
11727,4,MessageDigestSpec,com.password.monitor.utils.HashUtils$Companion$getHashPrefixAndSuffix$2,invokeSuspend,com.password.monitor_102.apk,GENUINE_no
11730,4,MessageDigestSpec,com.password.monitor.koin_di.AppModuleKt,appModule$lambda$0$3,com.password.monitor_102.apk,GENUINE_no
11731,4,MessageDigestSpec,com.password.monitor.utils.HashUtils$Companion$getHashPrefixAndSuffix$2,invokeSuspend,com.password.monitor_102.apk,GENUINE_no
11734,4,MessageDigestSpec,com.password.monitor.koin_di.AppModuleKt,appModule$lambda$0$3,com.password.monitor_102.apk,GENUINE_no
11735,4,MessageDigestSpec,com.password.monitor.utils.HashUtils$Companion$getHashPrefixAndSuffix$2,invokeSuspend,com.password.monitor_102.apk,GENUINE_no
11738,4,MessageDigestSpec,com.password.monitor.koin_di.AppModuleKt,appModule$lambda$0$3,com.password.monitor_102.apk,GENUINE_no
11739,4,MessageDigestSpec,com.password.monitor.utils.HashUtils$Companion$getHashPrefixAndSuffix$2,invokeSuspend,com.password.monitor_102.apk,GENUINE_no
11742,4,MessageDigestSpec,com.password.monitor.koin_di.AppModuleKt,appModule$lambda$0$3,com.password.monitor_102.apk,GENUINE_no
11743,4,MessageDigestSpec,com.password.monitor.utils.HashUtils$Companion$getHashPrefixAndSuffix$2,invokeSuspend,com.password.monitor_102.apk,GENUINE_no
11746,4,MessageDigestSpec,com.password.monitor.koin_di.AppModuleKt,appModule$lambda$0$3,com.password.monitor_102.apk,GENUINE_no
11747,4,MessageDigestSpec,com.password.monitor.utils.HashUtils$Companion$getHashPrefixAndSuffix$2,invokeSuspend,com.password.monitor_102.apk,GENUINE_no
11750,4,MessageDigestSpec,com.password.monitor.koin_di.AppModuleKt,appModule$lambda$0$3,com.password.monitor_102.apk,GENUINE_no
11751,4,MessageDigestSpec,com.password.monitor.utils.HashUtils$Companion$getHashPrefixAndSuffix$2,invokeSuspend,com.password.monitor_102.apk,GENUINE_no
11754,4,MessageDigestSpec,com.password.monitor.koin_di.AppModuleKt,appModule$lambda$0$3,com.password.monitor_102.apk,GENUINE_no
11755,4,MessageDigestSpec,com.password.monitor.utils.HashUtils$Companion$getHashPrefixAndSuffix$2,invokeSuspend,com.password.monitor_102.apk,GENUINE_no
11758,4,MessageDigestSpec,com.password.monitor.koin_di.AppModuleKt,appModule$lambda$0$3,com.password.monitor_102.apk,GENUINE_no
11759,4,MessageDigestSpec,com.password.monitor.utils.HashUtils$Companion$getHashPrefixAndSuffix$2,invokeSuspend,com.password.monitor_102.apk,GENUINE_no
11762,4,MessageDigestSpec,com.password.monitor.koin_di.AppModuleKt,appModule$lambda$0$3,com.password.monitor_102.apk,GENUINE_no
11763,4,MessageDigestSpec,com.password.monitor.utils.HashUtils$Companion$getHashPrefixAndSuffix$2,invokeSuspend,com.password.monitor_102.apk,GENUINE_no
11766,4,MessageDigestSpec,com.password.monitor.koin_di.AppModuleKt,appModule$lambda$0$3,com.password.monitor_102.apk,GENUINE_no
11767,4,MessageDigestSpec,com.password.monitor.utils.HashUtils$Companion$getHashPrefixAndSuffix$2,invokeSuspend,com.password.monitor_102.apk,GENUINE_no
11770,4,MessageDigestSpec,com.password.monitor.koin_di.AppModuleKt,appModule$lambda$0$3,com.password.monitor_102.apk,GENUINE_no
11771,4,MessageDigestSpec,com.password.monitor.utils.HashUtils$Companion$getHashPrefixAndSuffix$2,invokeSuspend,com.password.monitor_102.apk,GENUINE_no
11774,4,MessageDigestSpec,com.password.monitor.koin_di.AppModuleKt,appModule$lambda$0$3,com.password.monitor_102.apk,GENUINE_no
11775,4,MessageDigestSpec,com.password.monitor.utils.HashUtils$Companion$getHashPrefixAndSuffix$2,invokeSuspend,com.password.monitor_102.apk,GENUINE_no
11778,4,MessageDigestSpec,com.password.monitor.koin_di.AppModuleKt,appModule$lambda$0$3,com.password.monitor_102.apk,GENUINE_no
11779,4,MessageDigestSpec,com.password.monitor.utils.HashUtils$Companion$getHashPrefixAndSuffix$2,invokeSuspend,com.password.monitor_102.apk,GENUINE_no
11782,4,MessageDigestSpec,com.password.monitor.koin_di.AppModuleKt,appModule$lambda$0$3,com.password.monitor_102.apk,GENUINE_no
11783,4,MessageDigestSpec,com.password.monitor.utils.HashUtils$Companion$getHashPrefixAndSuffix$2,invokeSuspend,com.password.monitor_102.apk,GENUINE_no
11786,4,MessageDigestSpec,com.password.monitor.koin_di.AppModuleKt,appModule$lambda$0$3,com.password.monitor_102.apk,GENUINE_no
11787,4,MessageDigestSpec,com.password.monitor.utils.HashUtils$Companion$getHashPrefixAndSuffix$2,invokeSuspend,com.password.monitor_102.apk,GENUINE_no
11790,4,MessageDigestSpec,com.password.monitor.koin_di.AppModuleKt,appModule$lambda$0$3,com.password.monitor_102.apk,GENUINE_no
11791,4,MessageDigestSpec,com.password.monitor.utils.HashUtils$Companion$getHashPrefixAndSuffix$2,invokeSuspend,com.password.monitor_102.apk,GENUINE_no
11794,4,MessageDigestSpec,com.password.monitor.koin_di.AppModuleKt,appModule$lambda$0$3,com.password.monitor_102.apk,GENUINE_no
11795,4,MessageDigestSpec,com.password.monitor.utils.HashUtils$Companion$getHashPrefixAndSuffix$2,invokeSuspend,com.password.monitor_102.apk,GENUINE_no
11798,4,MessageDigestSpec,com.password.monitor.koin_di.AppModuleKt,appModule$lambda$0$3,com.password.monitor_102.apk,GENUINE_no
11799,4,MessageDigestSpec,com.password.monitor.utils.HashUtils$Companion$getHashPrefixAndSuffix$2,invokeSuspend,com.password.monitor_102.apk,GENUINE_no
11802,4,MessageDigestSpec,com.password.monitor.koin_di.AppModuleKt,appModule$lambda$0$3,com.password.monitor_102.apk,GENUINE_no
11803,4,MessageDigestSpec,com.password.monitor.utils.HashUtils$Companion$getHashPrefixAndSuffix$2,invokeSuspend,com.password.monitor_102.apk,GENUINE_no
11806,4,MessageDigestSpec,com.password.monitor.koin_di.AppModuleKt,appModule$lambda$0$3,com.password.monitor_102.apk,GENUINE_no
11807,4,MessageDigestSpec,com.password.monitor.utils.HashUtils$Companion$getHashPrefixAndSuffix$2,invokeSuspend,com.password.monitor_102.apk,GENUINE_no
11810,4,MessageDigestSpec,com.password.monitor.koin_di.AppModuleKt,appModule$lambda$0$3,com.password.monitor_102.apk,GENUINE_no
11811,4,MessageDigestSpec,com.password.monitor.utils.HashUtils$Companion$getHashPrefixAndSuffix$2,invokeSuspend,com.password.monitor_102.apk,GENUINE_no
11814,4,MessageDigestSpec,com.password.monitor.koin_di.AppModuleKt,appModule$lambda$0$3,com.password.monitor_102.apk,GENUINE_no
11815,4,MessageDigestSpec,com.password.monitor.utils.HashUtils$Companion$getHashPrefixAndSuffix$2,invokeSuspend,com.password.monitor_102.apk,GENUINE_no
11818,4,MessageDigestSpec,com.password.monitor.koin_di.AppModuleKt,appModule$lambda$0$3,com.password.monitor_102.apk,GENUINE_no
11819,4,MessageDigestSpec,com.password.monitor.utils.HashUtils$Companion$getHashPrefixAndSuffix$2,invokeSuspend,com.password.monitor_102.apk,GENUINE_no
11822,4,MessageDigestSpec,com.password.monitor.koin_di.AppModuleKt,appModule$lambda$0$3,com.password.monitor_102.apk,GENUINE_no
11823,4,MessageDigestSpec,com.password.monitor.utils.HashUtils$Companion$getHashPrefixAndSuffix$2,invokeSuspend,com.password.monitor_102.apk,GENUINE_no
11826,4,MessageDigestSpec,com.password.monitor.koin_di.AppModuleKt,appModule$lambda$0$3,com.password.monitor_102.apk,GENUINE_no
11827,4,MessageDigestSpec,com.password.monitor.utils.HashUtils$Companion$getHashPrefixAndSuffix$2,invokeSuspend,com.password.monitor_102.apk,GENUINE_no
11830,4,MessageDigestSpec,com.password.monitor.koin_di.AppModuleKt,appModule$lambda$0$3,com.password.monitor_102.apk,GENUINE_no
11831,4,MessageDigestSpec,com.password.monitor.utils.HashUtils$Companion$getHashPrefixAndSuffix$2,invokeSuspend,com.password.monitor_102.apk,GENUINE_no
11834,4,MessageDigestSpec,com.password.monitor.koin_di.AppModuleKt,appModule$lambda$0$3,com.password.monitor_102.apk,GENUINE_no
11835,4,MessageDigestSpec,com.password.monitor.utils.HashUtils$Companion$getHashPrefixAndSuffix$2,invokeSuspend,com.password.monitor_102.apk,GENUINE_no
11838,4,MessageDigestSpec,com.password.monitor.koin_di.AppModuleKt,appModule$lambda$0$3,com.password.monitor_102.apk,GENUINE_no
11839,4,MessageDigestSpec,com.password.monitor.utils.HashUtils$Companion$getHashPrefixAndSuffix$2,invokeSuspend,com.password.monitor_102.apk,GENUINE_no
11842,4,MessageDigestSpec,com.password.monitor.koin_di.AppModuleKt,appModule$lambda$0$3,com.password.monitor_102.apk,GENUINE_no
11843,4,MessageDigestSpec,com.password.monitor.utils.HashUtils$Companion$getHashPrefixAndSuffix$2,invokeSuspend,com.password.monitor_102.apk,GENUINE_no
11846,4,MessageDigestSpec,com.password.monitor.koin_di.AppModuleKt,appModule$lambda$0$3,com.password.monitor_102.apk,GENUINE_no
11847,4,MessageDigestSpec,com.password.monitor.utils.HashUtils$Companion$getHashPrefixAndSuffix$2,invokeSuspend,com.password.monitor_102.apk,GENUINE_no
11850,4,MessageDigestSpec,com.password.monitor.koin_di.AppModuleKt,appModule$lambda$0$3,com.password.monitor_102.apk,GENUINE_no
11851,4,MessageDigestSpec,com.password.monitor.utils.HashUtils$Companion$getHashPrefixAndSuffix$2,invokeSuspend,com.password.monitor_102.apk,GENUINE_no
11854,4,MessageDigestSpec,com.password.monitor.koin_di.AppModuleKt,appModule$lambda$0$3,com.password.monitor_102.apk,GENUINE_no
11855,4,MessageDigestSpec,com.password.monitor.utils.HashUtils$Companion$getHashPrefixAndSuffix$2,invokeSuspend,com.password.monitor_102.apk,GENUINE_no
11858,4,MessageDigestSpec,com.password.monitor.koin_di.AppModuleKt,appModule$lambda$0$3,com.password.monitor_102.apk,GENUINE_no
11859,4,MessageDigestSpec,com.password.monitor.utils.HashUtils$Companion$getHashPrefixAndSuffix$2,invokeSuspend,com.password.monitor_102.apk,GENUINE_no
11862,4,MessageDigestSpec,com.password.monitor.koin_di.AppModuleKt,appModule$lambda$0$3,com.password.monitor_102.apk,GENUINE_no
11863,4,MessageDigestSpec,com.password.monitor.utils.HashUtils$Companion$getHashPrefixAndSuffix$2,invokeSuspend,com.password.monitor_102.apk,GENUINE_no
11866,4,MessageDigestSpec,com.password.monitor.koin_di.AppModuleKt,appModule$lambda$0$3,com.password.monitor_102.apk,GENUINE_no
11867,4,MessageDigestSpec,com.password.monitor.utils.HashUtils$Companion$getHashPrefixAndSuffix$2,invokeSuspend,com.password.monitor_102.apk,GENUINE_no
11870,4,MessageDigestSpec,com.password.monitor.koin_di.AppModuleKt,appModule$lambda$0$3,com.password.monitor_102.apk,GENUINE_no
11871,4,MessageDigestSpec,com.password.monitor.utils.HashUtils$Companion$getHashPrefixAndSuffix$2,invokeSuspend,com.password.monitor_102.apk,GENUINE_no
11874,4,MessageDigestSpec,com.password.monitor.koin_di.AppModuleKt,appModule$lambda$0$3,com.password.monitor_102.apk,GENUINE_no
11875,4,MessageDigestSpec,com.password.monitor.utils.HashUtils$Companion$getHashPrefixAndSuffix$2,invokeSuspend,com.password.monitor_102.apk,GENUINE_no
11878,4,MessageDigestSpec,com.password.monitor.koin_di.AppModuleKt,appModule$lambda$0$3,com.password.monitor_102.apk,GENUINE_no
11879,4,MessageDigestSpec,com.password.monitor.utils.HashUtils$Companion$getHashPrefixAndSuffix$2,invokeSuspend,com.password.monitor_102.apk,GENUINE_no
11882,4,MessageDigestSpec,com.password.monitor.koin_di.AppModuleKt,appModule$lambda$0$3,com.password.monitor_102.apk,GENUINE_no
11883,4,MessageDigestSpec,com.password.monitor.utils.HashUtils$Companion$getHashPrefixAndSuffix$2,invokeSuspend,com.password.monitor_102.apk,GENUINE_no
11886,4,MessageDigestSpec,com.password.monitor.koin_di.AppModuleKt,appModule$lambda$0$3,com.password.monitor_102.apk,GENUINE_no
11887,4,MessageDigestSpec,com.password.monitor.utils.HashUtils$Companion$getHashPrefixAndSuffix$2,invokeSuspend,com.password.monitor_102.apk,GENUINE_no
11890,4,MessageDigestSpec,com.password.monitor.koin_di.AppModuleKt,appModule$lambda$0$3,com.password.monitor_102.apk,GENUINE_no
11891,4,MessageDigestSpec,com.password.monitor.utils.HashUtils$Companion$getHashPrefixAndSuffix$2,invokeSuspend,com.password.monitor_102.apk,GENUINE_no
12448,3,MacSpec,io.ktor.network.tls.HashesKt,P_hash,com.sapuseven.untis_29198884.apk,LEGAL_REUSE_REJECTED
12455,2,KeyPairSpec,io.ktor.network.tls.TLSClientHandshakeKt,generateECKeys,com.sapuseven.untis_29198884.apk,UNOBSERVED_CREATION
12463,4,MessageDigestSpec,io.sentry.util.StringUtils,calculateStringHash,com.sapuseven.untis_29198884.apk,GENUINE_no
12464,3,MacSpec,io.ktor.network.tls.HashesKt,P_hash,com.sapuseven.untis_29198884.apk,LEGAL_REUSE_REJECTED
12471,2,KeyPairSpec,io.ktor.network.tls.TLSClientHandshakeKt,generateECKeys,com.sapuseven.untis_29198884.apk,UNOBSERVED_CREATION
12479,4,MessageDigestSpec,io.sentry.util.StringUtils,calculateStringHash,com.sapuseven.untis_29198884.apk,GENUINE_no
12480,4,MessageDigestSpec,com.sapuseven.untis.data.cache.DiskCache,getCacheFile,com.sapuseven.untis_29198884.apk,GENUINE_no
12481,3,MacSpec,io.ktor.network.tls.HashesKt,P_hash,com.sapuseven.untis_29198884.apk,LEGAL_REUSE_REJECTED
12488,2,KeyPairSpec,io.ktor.network.tls.TLSClientHandshakeKt,generateECKeys,com.sapuseven.untis_29198884.apk,UNOBSERVED_CREATION
12496,4,MessageDigestSpec,io.sentry.util.StringUtils,calculateStringHash,com.sapuseven.untis_29198884.apk,GENUINE_no
12497,3,MacSpec,io.ktor.network.tls.HashesKt,P_hash,com.sapuseven.untis_29198884.apk,LEGAL_REUSE_REJECTED
12504,2,KeyPairSpec,io.ktor.network.tls.TLSClientHandshakeKt,generateECKeys,com.sapuseven.untis_29198884.apk,UNOBSERVED_CREATION
12512,4,MessageDigestSpec,io.sentry.util.StringUtils,calculateStringHash,com.sapuseven.untis_29198884.apk,GENUINE_no
12513,4,MessageDigestSpec,com.sapuseven.untis.data.cache.DiskCache,getCacheFile,com.sapuseven.untis_29198884.apk,GENUINE_no
12514,3,MacSpec,io.ktor.network.tls.HashesKt,P_hash,com.sapuseven.untis_29198884.apk,LEGAL_REUSE_REJECTED
12521,2,KeyPairSpec,io.ktor.network.tls.TLSClientHandshakeKt,generateECKeys,com.sapuseven.untis_29198884.apk,UNOBSERVED_CREATION
12529,4,MessageDigestSpec,io.sentry.util.StringUtils,calculateStringHash,com.sapuseven.untis_29198884.apk,GENUINE_no
12530,3,MacSpec,io.ktor.network.tls.HashesKt,P_hash,com.sapuseven.untis_29198884.apk,LEGAL_REUSE_REJECTED
12537,2,KeyPairSpec,io.ktor.network.tls.TLSClientHandshakeKt,generateECKeys,com.sapuseven.untis_29198884.apk,UNOBSERVED_CREATION
12545,4,MessageDigestSpec,io.sentry.util.StringUtils,calculateStringHash,com.sapuseven.untis_29198884.apk,GENUINE_no
12546,3,MacSpec,io.ktor.network.tls.HashesKt,P_hash,com.sapuseven.untis_29198884.apk,LEGAL_REUSE_REJECTED
12553,2,KeyPairSpec,io.ktor.network.tls.TLSClientHandshakeKt,generateECKeys,com.sapuseven.untis_29198884.apk,UNOBSERVED_CREATION
12561,4,MessageDigestSpec,io.sentry.util.StringUtils,calculateStringHash,com.sapuseven.untis_29198884.apk,GENUINE_no
12562,3,MacSpec,io.ktor.network.tls.HashesKt,P_hash,com.sapuseven.untis_29198884.apk,LEGAL_REUSE_REJECTED
12569,2,KeyPairSpec,io.ktor.network.tls.TLSClientHandshakeKt,generateECKeys,com.sapuseven.untis_29198884.apk,UNOBSERVED_CREATION
12577,4,MessageDigestSpec,io.sentry.util.StringUtils,calculateStringHash,com.sapuseven.untis_29198884.apk,GENUINE_no
12578,4,MessageDigestSpec,com.sapuseven.untis.data.cache.DiskCache,getCacheFile,com.sapuseven.untis_29198884.apk,GENUINE_no
12579,3,MacSpec,io.ktor.network.tls.HashesKt,P_hash,com.sapuseven.untis_29198884.apk,LEGAL_REUSE_REJECTED
12586,2,KeyPairSpec,io.ktor.network.tls.TLSClientHandshakeKt,generateECKeys,com.sapuseven.untis_29198884.apk,UNOBSERVED_CREATION
12593,4,MessageDigestSpec,io.sentry.util.StringUtils,calculateStringHash,com.sapuseven.untis_29198884.apk,GENUINE_no
12594,4,MessageDigestSpec,io.sentry.util.StringUtils,calculateStringHash,com.sapuseven.untis_29198884.apk,GENUINE_no
12595,4,MessageDigestSpec,com.sapuseven.untis.data.cache.DiskCache,getCacheFile,com.sapuseven.untis_29198884.apk,GENUINE_no
12596,3,MacSpec,io.ktor.network.tls.HashesKt,P_hash,com.sapuseven.untis_29198884.apk,LEGAL_REUSE_REJECTED
12603,2,KeyPairSpec,io.ktor.network.tls.TLSClientHandshakeKt,generateECKeys,com.sapuseven.untis_29198884.apk,UNOBSERVED_CREATION
12611,4,MessageDigestSpec,io.sentry.util.StringUtils,calculateStringHash,com.sapuseven.untis_29198884.apk,GENUINE_no
12612,4,MessageDigestSpec,io.sentry.util.StringUtils,calculateStringHash,com.sapuseven.untis_29198884.apk,GENUINE_no
12613,3,MacSpec,io.ktor.network.tls.HashesKt,P_hash,com.sapuseven.untis_29198884.apk,LEGAL_REUSE_REJECTED
12620,2,KeyPairSpec,io.ktor.network.tls.TLSClientHandshakeKt,generateECKeys,com.sapuseven.untis_29198884.apk,UNOBSERVED_CREATION
12628,4,MessageDigestSpec,io.sentry.util.StringUtils,calculateStringHash,com.sapuseven.untis_29198884.apk,GENUINE_no
12629,4,MessageDigestSpec,com.sapuseven.untis.data.cache.DiskCache,getCacheFile,com.sapuseven.untis_29198884.apk,GENUINE_no
12630,3,MacSpec,io.ktor.network.tls.HashesKt,P_hash,com.sapuseven.untis_29198884.apk,LEGAL_REUSE_REJECTED
12637,2,KeyPairSpec,io.ktor.network.tls.TLSClientHandshakeKt,generateECKeys,com.sapuseven.untis_29198884.apk,UNOBSERVED_CREATION
12645,4,MessageDigestSpec,io.sentry.util.StringUtils,calculateStringHash,com.sapuseven.untis_29198884.apk,GENUINE_no
12646,3,MacSpec,io.ktor.network.tls.HashesKt,P_hash,com.sapuseven.untis_29198884.apk,LEGAL_REUSE_REJECTED
12653,2,KeyPairSpec,io.ktor.network.tls.TLSClientHandshakeKt,generateECKeys,com.sapuseven.untis_29198884.apk,UNOBSERVED_CREATION
12661,4,MessageDigestSpec,io.sentry.util.StringUtils,calculateStringHash,com.sapuseven.untis_29198884.apk,GENUINE_no
12662,4,MessageDigestSpec,io.sentry.util.StringUtils,calculateStringHash,com.sapuseven.untis_29198884.apk,GENUINE_no
12663,3,MacSpec,io.ktor.network.tls.HashesKt,P_hash,com.sapuseven.untis_29198884.apk,LEGAL_REUSE_REJECTED
12670,2,KeyPairSpec,io.ktor.network.tls.TLSClientHandshakeKt,generateECKeys,com.sapuseven.untis_29198884.apk,UNOBSERVED_CREATION
12678,4,MessageDigestSpec,io.sentry.util.StringUtils,calculateStringHash,com.sapuseven.untis_29198884.apk,GENUINE_no
12679,4,MessageDigestSpec,com.sapuseven.untis.data.cache.DiskCache,getCacheFile,com.sapuseven.untis_29198884.apk,GENUINE_no
12680,3,MacSpec,io.ktor.network.tls.HashesKt,P_hash,com.sapuseven.untis_29198884.apk,LEGAL_REUSE_REJECTED
12687,2,KeyPairSpec,io.ktor.network.tls.TLSClientHandshakeKt,generateECKeys,com.sapuseven.untis_29198884.apk,UNOBSERVED_CREATION
12695,4,MessageDigestSpec,io.sentry.util.StringUtils,calculateStringHash,com.sapuseven.untis_29198884.apk,GENUINE_no
12696,4,MessageDigestSpec,io.sentry.util.StringUtils,calculateStringHash,com.sapuseven.untis_29198884.apk,GENUINE_no
12697,4,MessageDigestSpec,com.sapuseven.untis.data.cache.DiskCache,getCacheFile,com.sapuseven.untis_29198884.apk,GENUINE_no
12698,3,MacSpec,io.ktor.network.tls.HashesKt,P_hash,com.sapuseven.untis_29198884.apk,LEGAL_REUSE_REJECTED
12705,2,KeyPairSpec,io.ktor.network.tls.TLSClientHandshakeKt,generateECKeys,com.sapuseven.untis_29198884.apk,UNOBSERVED_CREATION
12713,4,MessageDigestSpec,io.sentry.util.StringUtils,calculateStringHash,com.sapuseven.untis_29198884.apk,GENUINE_no
12714,4,MessageDigestSpec,com.sapuseven.untis.data.cache.DiskCache,getCacheFile,com.sapuseven.untis_29198884.apk,GENUINE_no
12715,3,MacSpec,io.ktor.network.tls.HashesKt,P_hash,com.sapuseven.untis_29198884.apk,LEGAL_REUSE_REJECTED
12722,2,KeyPairSpec,io.ktor.network.tls.TLSClientHandshakeKt,generateECKeys,com.sapuseven.untis_29198884.apk,UNOBSERVED_CREATION
12730,4,MessageDigestSpec,io.sentry.util.StringUtils,calculateStringHash,com.sapuseven.untis_29198884.apk,GENUINE_no
12731,4,MessageDigestSpec,io.sentry.util.StringUtils,calculateStringHash,com.sapuseven.untis_29198884.apk,GENUINE_no
12732,4,MessageDigestSpec,com.sapuseven.untis.data.cache.DiskCache,getCacheFile,com.sapuseven.untis_29198884.apk,GENUINE_no
12733,3,MacSpec,io.ktor.network.tls.HashesKt,P_hash,com.sapuseven.untis_29198884.apk,LEGAL_REUSE_REJECTED
12740,2,KeyPairSpec,io.ktor.network.tls.TLSClientHandshakeKt,generateECKeys,com.sapuseven.untis_29198884.apk,UNOBSERVED_CREATION
12748,4,MessageDigestSpec,io.sentry.util.StringUtils,calculateStringHash,com.sapuseven.untis_29198884.apk,GENUINE_no
12749,4,MessageDigestSpec,com.sapuseven.untis.data.cache.DiskCache,getCacheFile,com.sapuseven.untis_29198884.apk,GENUINE_no
12750,3,MacSpec,io.ktor.network.tls.HashesKt,P_hash,com.sapuseven.untis_29198884.apk,LEGAL_REUSE_REJECTED
12757,2,KeyPairSpec,io.ktor.network.tls.TLSClientHandshakeKt,generateECKeys,com.sapuseven.untis_29198884.apk,UNOBSERVED_CREATION
12765,4,MessageDigestSpec,io.sentry.util.StringUtils,calculateStringHash,com.sapuseven.untis_29198884.apk,GENUINE_no
12766,4,MessageDigestSpec,io.sentry.util.StringUtils,calculateStringHash,com.sapuseven.untis_29198884.apk,GENUINE_no
12767,4,MessageDigestSpec,com.sapuseven.untis.data.cache.DiskCache,getCacheFile,com.sapuseven.untis_29198884.apk,GENUINE_no
12768,3,MacSpec,io.ktor.network.tls.HashesKt,P_hash,com.sapuseven.untis_29198884.apk,LEGAL_REUSE_REJECTED
12775,2,KeyPairSpec,io.ktor.network.tls.TLSClientHandshakeKt,generateECKeys,com.sapuseven.untis_29198884.apk,UNOBSERVED_CREATION
12783,4,MessageDigestSpec,io.sentry.util.StringUtils,calculateStringHash,com.sapuseven.untis_29198884.apk,GENUINE_no
12784,4,MessageDigestSpec,com.sapuseven.untis.data.cache.DiskCache,getCacheFile,com.sapuseven.untis_29198884.apk,GENUINE_no
12785,3,MacSpec,io.ktor.network.tls.HashesKt,P_hash,com.sapuseven.untis_29198884.apk,LEGAL_REUSE_REJECTED
12792,2,KeyPairSpec,io.ktor.network.tls.TLSClientHandshakeKt,generateECKeys,com.sapuseven.untis_29198884.apk,UNOBSERVED_CREATION
12800,4,MessageDigestSpec,io.sentry.util.StringUtils,calculateStringHash,com.sapuseven.untis_29198884.apk,GENUINE_no
12801,4,MessageDigestSpec,io.sentry.util.StringUtils,calculateStringHash,com.sapuseven.untis_29198884.apk,GENUINE_no
12802,4,MessageDigestSpec,com.sapuseven.untis.data.cache.DiskCache,getCacheFile,com.sapuseven.untis_29198884.apk,GENUINE_no
12803,3,MacSpec,io.ktor.network.tls.HashesKt,P_hash,com.sapuseven.untis_29198884.apk,LEGAL_REUSE_REJECTED
12810,2,KeyPairSpec,io.ktor.network.tls.TLSClientHandshakeKt,generateECKeys,com.sapuseven.untis_29198884.apk,UNOBSERVED_CREATION
12818,4,MessageDigestSpec,io.sentry.util.StringUtils,calculateStringHash,com.sapuseven.untis_29198884.apk,GENUINE_no
12819,4,MessageDigestSpec,com.sapuseven.untis.data.cache.DiskCache,getCacheFile,com.sapuseven.untis_29198884.apk,GENUINE_no
12820,3,MacSpec,io.ktor.network.tls.HashesKt,P_hash,com.sapuseven.untis_29198884.apk,LEGAL_REUSE_REJECTED
12827,2,KeyPairSpec,io.ktor.network.tls.TLSClientHandshakeKt,generateECKeys,com.sapuseven.untis_29198884.apk,UNOBSERVED_CREATION
12835,4,MessageDigestSpec,io.sentry.util.StringUtils,calculateStringHash,com.sapuseven.untis_29198884.apk,GENUINE_no
12836,4,MessageDigestSpec,io.sentry.util.StringUtils,calculateStringHash,com.sapuseven.untis_29198884.apk,GENUINE_no
12837,4,MessageDigestSpec,com.sapuseven.untis.data.cache.DiskCache,getCacheFile,com.sapuseven.untis_29198884.apk,GENUINE_no
12838,3,MacSpec,io.ktor.network.tls.HashesKt,P_hash,com.sapuseven.untis_29198884.apk,LEGAL_REUSE_REJECTED
12845,2,KeyPairSpec,io.ktor.network.tls.TLSClientHandshakeKt,generateECKeys,com.sapuseven.untis_29198884.apk,UNOBSERVED_CREATION
12853,4,MessageDigestSpec,io.sentry.util.StringUtils,calculateStringHash,com.sapuseven.untis_29198884.apk,GENUINE_no
12854,4,MessageDigestSpec,com.sapuseven.untis.data.cache.DiskCache,getCacheFile,com.sapuseven.untis_29198884.apk,GENUINE_no
12855,3,MacSpec,io.ktor.network.tls.HashesKt,P_hash,com.sapuseven.untis_29198884.apk,LEGAL_REUSE_REJECTED
12862,2,KeyPairSpec,io.ktor.network.tls.TLSClientHandshakeKt,generateECKeys,com.sapuseven.untis_29198884.apk,UNOBSERVED_CREATION
12870,4,MessageDigestSpec,io.sentry.util.StringUtils,calculateStringHash,com.sapuseven.untis_29198884.apk,GENUINE_no
12871,4,MessageDigestSpec,io.sentry.util.StringUtils,calculateStringHash,com.sapuseven.untis_29198884.apk,GENUINE_no
12872,4,MessageDigestSpec,com.sapuseven.untis.data.cache.DiskCache,getCacheFile,com.sapuseven.untis_29198884.apk,GENUINE_no
12873,3,MacSpec,io.ktor.network.tls.HashesKt,P_hash,com.sapuseven.untis_29198884.apk,LEGAL_REUSE_REJECTED
12880,2,KeyPairSpec,io.ktor.network.tls.TLSClientHandshakeKt,generateECKeys,com.sapuseven.untis_29198884.apk,UNOBSERVED_CREATION
12888,4,MessageDigestSpec,io.sentry.util.StringUtils,calculateStringHash,com.sapuseven.untis_29198884.apk,GENUINE_no
12889,4,MessageDigestSpec,com.sapuseven.untis.data.cache.DiskCache,getCacheFile,com.sapuseven.untis_29198884.apk,GENUINE_no
12890,3,MacSpec,io.ktor.network.tls.HashesKt,P_hash,com.sapuseven.untis_29198884.apk,LEGAL_REUSE_REJECTED
12897,2,KeyPairSpec,io.ktor.network.tls.TLSClientHandshakeKt,generateECKeys,com.sapuseven.untis_29198884.apk,UNOBSERVED_CREATION
12905,4,MessageDigestSpec,io.sentry.util.StringUtils,calculateStringHash,com.sapuseven.untis_29198884.apk,GENUINE_no
12906,4,MessageDigestSpec,com.sapuseven.untis.data.cache.DiskCache,getCacheFile,com.sapuseven.untis_29198884.apk,GENUINE_no
12907,3,MacSpec,io.ktor.network.tls.HashesKt,P_hash,com.sapuseven.untis_29198884.apk,LEGAL_REUSE_REJECTED
12914,2,KeyPairSpec,io.ktor.network.tls.TLSClientHandshakeKt,generateECKeys,com.sapuseven.untis_29198884.apk,UNOBSERVED_CREATION
12922,4,MessageDigestSpec,io.sentry.util.StringUtils,calculateStringHash,com.sapuseven.untis_29198884.apk,GENUINE_no
12923,4,MessageDigestSpec,com.sapuseven.untis.data.cache.DiskCache,getCacheFile,com.sapuseven.untis_29198884.apk,GENUINE_no
12924,3,MacSpec,io.ktor.network.tls.HashesKt,P_hash,com.sapuseven.untis_29198884.apk,LEGAL_REUSE_REJECTED
12931,2,KeyPairSpec,io.ktor.network.tls.TLSClientHandshakeKt,generateECKeys,com.sapuseven.untis_29198884.apk,UNOBSERVED_CREATION
12939,4,MessageDigestSpec,io.sentry.util.StringUtils,calculateStringHash,com.sapuseven.untis_29198884.apk,GENUINE_no
12940,4,MessageDigestSpec,com.sapuseven.untis.data.cache.DiskCache,getCacheFile,com.sapuseven.untis_29198884.apk,GENUINE_no
12941,3,MacSpec,io.ktor.network.tls.HashesKt,P_hash,com.sapuseven.untis_29198884.apk,LEGAL_REUSE_REJECTED
12948,2,KeyPairSpec,io.ktor.network.tls.TLSClientHandshakeKt,generateECKeys,com.sapuseven.untis_29198884.apk,UNOBSERVED_CREATION
12956,4,MessageDigestSpec,io.sentry.util.StringUtils,calculateStringHash,com.sapuseven.untis_29198884.apk,GENUINE_no
12957,4,MessageDigestSpec,com.sapuseven.untis.data.cache.DiskCache,getCacheFile,com.sapuseven.untis_29198884.apk,GENUINE_no
12958,3,MacSpec,io.ktor.network.tls.HashesKt,P_hash,com.sapuseven.untis_29198884.apk,LEGAL_REUSE_REJECTED
12965,2,KeyPairSpec,io.ktor.network.tls.TLSClientHandshakeKt,generateECKeys,com.sapuseven.untis_29198884.apk,UNOBSERVED_CREATION
12973,4,MessageDigestSpec,io.sentry.util.StringUtils,calculateStringHash,com.sapuseven.untis_29198884.apk,GENUINE_no
12974,4,MessageDigestSpec,com.sapuseven.untis.data.cache.DiskCache,getCacheFile,com.sapuseven.untis_29198884.apk,GENUINE_no
12975,3,MacSpec,io.ktor.network.tls.HashesKt,P_hash,com.sapuseven.untis_29198884.apk,LEGAL_REUSE_REJECTED
12982,2,KeyPairSpec,io.ktor.network.tls.TLSClientHandshakeKt,generateECKeys,com.sapuseven.untis_29198884.apk,UNOBSERVED_CREATION
12990,4,MessageDigestSpec,io.sentry.util.StringUtils,calculateStringHash,com.sapuseven.untis_29198884.apk,GENUINE_no
12991,4,MessageDigestSpec,com.sapuseven.untis.data.cache.DiskCache,getCacheFile,com.sapuseven.untis_29198884.apk,GENUINE_no
12992,3,MacSpec,io.ktor.network.tls.HashesKt,P_hash,com.sapuseven.untis_29198884.apk,LEGAL_REUSE_REJECTED
12999,2,KeyPairSpec,io.ktor.network.tls.TLSClientHandshakeKt,generateECKeys,com.sapuseven.untis_29198884.apk,UNOBSERVED_CREATION
13007,4,MessageDigestSpec,io.sentry.util.StringUtils,calculateStringHash,com.sapuseven.untis_29198884.apk,GENUINE_no
13008,3,MacSpec,io.ktor.network.tls.HashesKt,P_hash,com.sapuseven.untis_29198884.apk,LEGAL_REUSE_REJECTED
13015,2,KeyPairSpec,io.ktor.network.tls.TLSClientHandshakeKt,generateECKeys,com.sapuseven.untis_29198884.apk,UNOBSERVED_CREATION
13023,4,MessageDigestSpec,io.sentry.util.StringUtils,calculateStringHash,com.sapuseven.untis_29198884.apk,GENUINE_no
13024,4,MessageDigestSpec,com.sapuseven.untis.data.cache.DiskCache,getCacheFile,com.sapuseven.untis_29198884.apk,GENUINE_no
13025,3,MacSpec,io.ktor.network.tls.HashesKt,P_hash,com.sapuseven.untis_29198884.apk,LEGAL_REUSE_REJECTED
13032,2,KeyPairSpec,io.ktor.network.tls.TLSClientHandshakeKt,generateECKeys,com.sapuseven.untis_29198884.apk,UNOBSERVED_CREATION
13040,4,MessageDigestSpec,io.sentry.util.StringUtils,calculateStringHash,com.sapuseven.untis_29198884.apk,GENUINE_no
13041,4,MessageDigestSpec,com.sapuseven.untis.data.cache.DiskCache,getCacheFile,com.sapuseven.untis_29198884.apk,GENUINE_no
13042,3,MacSpec,io.ktor.network.tls.HashesKt,P_hash,com.sapuseven.untis_29198884.apk,LEGAL_REUSE_REJECTED
13049,2,KeyPairSpec,io.ktor.network.tls.TLSClientHandshakeKt,generateECKeys,com.sapuseven.untis_29198884.apk,UNOBSERVED_CREATION
13057,4,MessageDigestSpec,io.sentry.util.StringUtils,calculateStringHash,com.sapuseven.untis_29198884.apk,GENUINE_no
13058,4,MessageDigestSpec,io.sentry.util.StringUtils,calculateStringHash,com.sapuseven.untis_29198884.apk,GENUINE_no
13059,4,MessageDigestSpec,com.sapuseven.untis.data.cache.DiskCache,getCacheFile,com.sapuseven.untis_29198884.apk,GENUINE_no
13060,3,MacSpec,io.ktor.network.tls.HashesKt,P_hash,com.sapuseven.untis_29198884.apk,LEGAL_REUSE_REJECTED
13067,2,KeyPairSpec,io.ktor.network.tls.TLSClientHandshakeKt,generateECKeys,com.sapuseven.untis_29198884.apk,UNOBSERVED_CREATION
13075,4,MessageDigestSpec,io.sentry.util.StringUtils,calculateStringHash,com.sapuseven.untis_29198884.apk,GENUINE_no
13076,4,MessageDigestSpec,com.sapuseven.untis.data.cache.DiskCache,getCacheFile,com.sapuseven.untis_29198884.apk,GENUINE_no
13077,3,MacSpec,io.ktor.network.tls.HashesKt,P_hash,com.sapuseven.untis_29198884.apk,LEGAL_REUSE_REJECTED
13084,2,KeyPairSpec,io.ktor.network.tls.TLSClientHandshakeKt,generateECKeys,com.sapuseven.untis_29198884.apk,UNOBSERVED_CREATION
13092,4,MessageDigestSpec,io.sentry.util.StringUtils,calculateStringHash,com.sapuseven.untis_29198884.apk,GENUINE_no
13093,3,MacSpec,io.ktor.network.tls.HashesKt,P_hash,com.sapuseven.untis_29198884.apk,LEGAL_REUSE_REJECTED
13100,2,KeyPairSpec,io.ktor.network.tls.TLSClientHandshakeKt,generateECKeys,com.sapuseven.untis_29198884.apk,UNOBSERVED_CREATION
13108,4,MessageDigestSpec,io.sentry.util.StringUtils,calculateStringHash,com.sapuseven.untis_29198884.apk,GENUINE_no
13109,4,MessageDigestSpec,com.sapuseven.untis.data.cache.DiskCache,getCacheFile,com.sapuseven.untis_29198884.apk,GENUINE_no
13110,3,MacSpec,io.ktor.network.tls.HashesKt,P_hash,com.sapuseven.untis_29198884.apk,LEGAL_REUSE_REJECTED
13117,2,KeyPairSpec,io.ktor.network.tls.TLSClientHandshakeKt,generateECKeys,com.sapuseven.untis_29198884.apk,UNOBSERVED_CREATION
13125,4,MessageDigestSpec,io.sentry.util.StringUtils,calculateStringHash,com.sapuseven.untis_29198884.apk,GENUINE_no
13126,4,MessageDigestSpec,com.sapuseven.untis.data.cache.DiskCache,getCacheFile,com.sapuseven.untis_29198884.apk,GENUINE_no
13127,3,MacSpec,io.ktor.network.tls.HashesKt,P_hash,com.sapuseven.untis_29198884.apk,LEGAL_REUSE_REJECTED
13134,2,KeyPairSpec,io.ktor.network.tls.TLSClientHandshakeKt,generateECKeys,com.sapuseven.untis_29198884.apk,UNOBSERVED_CREATION
13142,4,MessageDigestSpec,io.sentry.util.StringUtils,calculateStringHash,com.sapuseven.untis_29198884.apk,GENUINE_no
13143,3,MacSpec,io.ktor.network.tls.HashesKt,P_hash,com.sapuseven.untis_29198884.apk,LEGAL_REUSE_REJECTED
13150,2,KeyPairSpec,io.ktor.network.tls.TLSClientHandshakeKt,generateECKeys,com.sapuseven.untis_29198884.apk,UNOBSERVED_CREATION
13158,4,MessageDigestSpec,io.sentry.util.StringUtils,calculateStringHash,com.sapuseven.untis_29198884.apk,GENUINE_no
13159,4,MessageDigestSpec,com.sapuseven.untis.data.cache.DiskCache,getCacheFile,com.sapuseven.untis_29198884.apk,GENUINE_no
13160,3,MacSpec,io.ktor.network.tls.HashesKt,P_hash,com.sapuseven.untis_29198884.apk,LEGAL_REUSE_REJECTED
13167,2,KeyPairSpec,io.ktor.network.tls.TLSClientHandshakeKt,generateECKeys,com.sapuseven.untis_29198884.apk,UNOBSERVED_CREATION
13175,4,MessageDigestSpec,io.sentry.util.StringUtils,calculateStringHash,com.sapuseven.untis_29198884.apk,GENUINE_no
13176,4,MessageDigestSpec,com.sapuseven.untis.data.cache.DiskCache,getCacheFile,com.sapuseven.untis_29198884.apk,GENUINE_no
13177,3,MacSpec,io.ktor.network.tls.HashesKt,P_hash,com.sapuseven.untis_29198884.apk,LEGAL_REUSE_REJECTED
13184,2,KeyPairSpec,io.ktor.network.tls.TLSClientHandshakeKt,generateECKeys,com.sapuseven.untis_29198884.apk,UNOBSERVED_CREATION
13192,4,MessageDigestSpec,io.sentry.util.StringUtils,calculateStringHash,com.sapuseven.untis_29198884.apk,GENUINE_no
13193,4,MessageDigestSpec,com.sapuseven.untis.data.cache.DiskCache,getCacheFile,com.sapuseven.untis_29198884.apk,GENUINE_no
13194,3,MacSpec,io.ktor.network.tls.HashesKt,P_hash,com.sapuseven.untis_29198884.apk,LEGAL_REUSE_REJECTED
13201,2,KeyPairSpec,io.ktor.network.tls.TLSClientHandshakeKt,generateECKeys,com.sapuseven.untis_29198884.apk,UNOBSERVED_CREATION
13209,4,MessageDigestSpec,io.sentry.util.StringUtils,calculateStringHash,com.sapuseven.untis_29198884.apk,GENUINE_no
13210,4,MessageDigestSpec,com.sapuseven.untis.data.cache.DiskCache,getCacheFile,com.sapuseven.untis_29198884.apk,GENUINE_no
13211,3,MacSpec,io.ktor.network.tls.HashesKt,P_hash,com.sapuseven.untis_29198884.apk,LEGAL_REUSE_REJECTED
13218,2,KeyPairSpec,io.ktor.network.tls.TLSClientHandshakeKt,generateECKeys,com.sapuseven.untis_29198884.apk,UNOBSERVED_CREATION
13226,4,MessageDigestSpec,io.sentry.util.StringUtils,calculateStringHash,com.sapuseven.untis_29198884.apk,GENUINE_no
13227,4,MessageDigestSpec,com.sapuseven.untis.data.cache.DiskCache,getCacheFile,com.sapuseven.untis_29198884.apk,GENUINE_no
13228,3,MacSpec,io.ktor.network.tls.HashesKt,P_hash,com.sapuseven.untis_29198884.apk,LEGAL_REUSE_REJECTED
13235,2,KeyPairSpec,io.ktor.network.tls.TLSClientHandshakeKt,generateECKeys,com.sapuseven.untis_29198884.apk,UNOBSERVED_CREATION
13243,4,MessageDigestSpec,io.sentry.util.StringUtils,calculateStringHash,com.sapuseven.untis_29198884.apk,GENUINE_no
13244,4,MessageDigestSpec,com.sapuseven.untis.data.cache.DiskCache,getCacheFile,com.sapuseven.untis_29198884.apk,GENUINE_no
13245,3,MacSpec,io.ktor.network.tls.HashesKt,P_hash,com.sapuseven.untis_29198884.apk,LEGAL_REUSE_REJECTED
13252,2,KeyPairSpec,io.ktor.network.tls.TLSClientHandshakeKt,generateECKeys,com.sapuseven.untis_29198884.apk,UNOBSERVED_CREATION
13260,4,MessageDigestSpec,io.sentry.util.StringUtils,calculateStringHash,com.sapuseven.untis_29198884.apk,GENUINE_no
13261,4,MessageDigestSpec,com.sapuseven.untis.data.cache.DiskCache,getCacheFile,com.sapuseven.untis_29198884.apk,GENUINE_no
13262,3,MacSpec,io.ktor.network.tls.HashesKt,P_hash,com.sapuseven.untis_29198884.apk,LEGAL_REUSE_REJECTED
13269,2,KeyPairSpec,io.ktor.network.tls.TLSClientHandshakeKt,generateECKeys,com.sapuseven.untis_29198884.apk,UNOBSERVED_CREATION
13277,4,MessageDigestSpec,io.sentry.util.StringUtils,calculateStringHash,com.sapuseven.untis_29198884.apk,GENUINE_no
13278,4,MessageDigestSpec,com.sapuseven.untis.data.cache.DiskCache,getCacheFile,com.sapuseven.untis_29198884.apk,GENUINE_no
13279,3,MacSpec,io.ktor.network.tls.HashesKt,P_hash,com.sapuseven.untis_29198884.apk,LEGAL_REUSE_REJECTED
13286,2,KeyPairSpec,io.ktor.network.tls.TLSClientHandshakeKt,generateECKeys,com.sapuseven.untis_29198884.apk,UNOBSERVED_CREATION
13294,4,MessageDigestSpec,io.sentry.util.StringUtils,calculateStringHash,com.sapuseven.untis_29198884.apk,GENUINE_no
13295,4,MessageDigestSpec,com.sapuseven.untis.data.cache.DiskCache,getCacheFile,com.sapuseven.untis_29198884.apk,GENUINE_no
13296,3,MacSpec,io.ktor.network.tls.HashesKt,P_hash,com.sapuseven.untis_29198884.apk,LEGAL_REUSE_REJECTED
13303,2,KeyPairSpec,io.ktor.network.tls.TLSClientHandshakeKt,generateECKeys,com.sapuseven.untis_29198884.apk,UNOBSERVED_CREATION
13311,4,MessageDigestSpec,io.sentry.util.StringUtils,calculateStringHash,com.sapuseven.untis_29198884.apk,GENUINE_no
13312,4,MessageDigestSpec,com.sapuseven.untis.data.cache.DiskCache,getCacheFile,com.sapuseven.untis_29198884.apk,GENUINE_no
13313,3,MacSpec,io.ktor.network.tls.HashesKt,P_hash,com.sapuseven.untis_29198884.apk,LEGAL_REUSE_REJECTED
13320,2,KeyPairSpec,io.ktor.network.tls.TLSClientHandshakeKt,generateECKeys,com.sapuseven.untis_29198884.apk,UNOBSERVED_CREATION
13328,4,MessageDigestSpec,io.sentry.util.StringUtils,calculateStringHash,com.sapuseven.untis_29198884.apk,GENUINE_no
13329,4,MessageDigestSpec,com.sapuseven.untis.data.cache.DiskCache,getCacheFile,com.sapuseven.untis_29198884.apk,GENUINE_no
13330,3,MacSpec,io.ktor.network.tls.HashesKt,P_hash,com.sapuseven.untis_29198884.apk,LEGAL_REUSE_REJECTED
13337,2,KeyPairSpec,io.ktor.network.tls.TLSClientHandshakeKt,generateECKeys,com.sapuseven.untis_29198884.apk,UNOBSERVED_CREATION
13345,4,MessageDigestSpec,io.sentry.util.StringUtils,calculateStringHash,com.sapuseven.untis_29198884.apk,GENUINE_no
13346,4,MessageDigestSpec,com.sapuseven.untis.data.cache.DiskCache,getCacheFile,com.sapuseven.untis_29198884.apk,GENUINE_no
13347,3,MacSpec,io.ktor.network.tls.HashesKt,P_hash,com.sapuseven.untis_29198884.apk,LEGAL_REUSE_REJECTED
13354,2,KeyPairSpec,io.ktor.network.tls.TLSClientHandshakeKt,generateECKeys,com.sapuseven.untis_29198884.apk,UNOBSERVED_CREATION
13362,4,MessageDigestSpec,io.sentry.util.StringUtils,calculateStringHash,com.sapuseven.untis_29198884.apk,GENUINE_no
13363,4,MessageDigestSpec,com.sapuseven.untis.data.cache.DiskCache,getCacheFile,com.sapuseven.untis_29198884.apk,GENUINE_no
13364,3,MacSpec,io.ktor.network.tls.HashesKt,P_hash,com.sapuseven.untis_29198884.apk,LEGAL_REUSE_REJECTED
13371,2,KeyPairSpec,io.ktor.network.tls.TLSClientHandshakeKt,generateECKeys,com.sapuseven.untis_29198884.apk,UNOBSERVED_CREATION
13379,4,MessageDigestSpec,io.sentry.util.StringUtils,calculateStringHash,com.sapuseven.untis_29198884.apk,GENUINE_no
13380,4,MessageDigestSpec,com.sapuseven.untis.data.cache.DiskCache,getCacheFile,com.sapuseven.untis_29198884.apk,GENUINE_no
13381,3,MacSpec,io.ktor.network.tls.HashesKt,P_hash,com.sapuseven.untis_29198884.apk,LEGAL_REUSE_REJECTED
13388,2,KeyPairSpec,io.ktor.network.tls.TLSClientHandshakeKt,generateECKeys,com.sapuseven.untis_29198884.apk,UNOBSERVED_CREATION
13396,4,MessageDigestSpec,io.sentry.util.StringUtils,calculateStringHash,com.sapuseven.untis_29198884.apk,GENUINE_no
13397,4,MessageDigestSpec,io.sentry.util.StringUtils,calculateStringHash,com.sapuseven.untis_29198884.apk,GENUINE_no
13398,4,MessageDigestSpec,com.sapuseven.untis.data.cache.DiskCache,getCacheFile,com.sapuseven.untis_29198884.apk,GENUINE_no
13399,3,MacSpec,io.ktor.network.tls.HashesKt,P_hash,com.sapuseven.untis_29198884.apk,LEGAL_REUSE_REJECTED
13406,2,KeyPairSpec,io.ktor.network.tls.TLSClientHandshakeKt,generateECKeys,com.sapuseven.untis_29198884.apk,UNOBSERVED_CREATION
13414,4,MessageDigestSpec,io.sentry.util.StringUtils,calculateStringHash,com.sapuseven.untis_29198884.apk,GENUINE_no
13415,4,MessageDigestSpec,com.sapuseven.untis.data.cache.DiskCache,getCacheFile,com.sapuseven.untis_29198884.apk,GENUINE_no
13416,3,MacSpec,io.ktor.network.tls.HashesKt,P_hash,com.sapuseven.untis_29198884.apk,LEGAL_REUSE_REJECTED
13423,2,KeyPairSpec,io.ktor.network.tls.TLSClientHandshakeKt,generateECKeys,com.sapuseven.untis_29198884.apk,UNOBSERVED_CREATION
13431,4,MessageDigestSpec,io.sentry.util.StringUtils,calculateStringHash,com.sapuseven.untis_29198884.apk,GENUINE_no
13432,2,KeyPairSpec,io.ktor.network.tls.TLSClientHandshakeKt,generateECKeys,com.sapuseven.untis_29198884.apk,UNOBSERVED_CREATION
13434,4,MessageDigestSpec,io.sentry.util.StringUtils,calculateStringHash,com.sapuseven.untis_29198884.apk,GENUINE_no
13435,4,MessageDigestSpec,com.sapuseven.untis.data.cache.DiskCache,getCacheFile,com.sapuseven.untis_29198884.apk,GENUINE_no
13436,3,MacSpec,io.ktor.network.tls.HashesKt,P_hash,com.sapuseven.untis_29198884.apk,LEGAL_REUSE_REJECTED
13443,2,KeyPairSpec,io.ktor.network.tls.TLSClientHandshakeKt,generateECKeys,com.sapuseven.untis_29198884.apk,UNOBSERVED_CREATION
13451,4,MessageDigestSpec,io.sentry.util.StringUtils,calculateStringHash,com.sapuseven.untis_29198884.apk,GENUINE_no
13452,4,MessageDigestSpec,com.sapuseven.untis.data.cache.DiskCache,getCacheFile,com.sapuseven.untis_29198884.apk,GENUINE_no
13453,3,MacSpec,io.ktor.network.tls.HashesKt,P_hash,com.sapuseven.untis_29198884.apk,LEGAL_REUSE_REJECTED
13460,2,KeyPairSpec,io.ktor.network.tls.TLSClientHandshakeKt,generateECKeys,com.sapuseven.untis_29198884.apk,UNOBSERVED_CREATION
13468,4,MessageDigestSpec,io.sentry.util.StringUtils,calculateStringHash,com.sapuseven.untis_29198884.apk,GENUINE_no
13469,3,MacSpec,io.ktor.network.tls.HashesKt,P_hash,com.sapuseven.untis_29198884.apk,LEGAL_REUSE_REJECTED
13476,2,KeyPairSpec,io.ktor.network.tls.TLSClientHandshakeKt,generateECKeys,com.sapuseven.untis_29198884.apk,UNOBSERVED_CREATION
13484,4,MessageDigestSpec,io.sentry.util.StringUtils,calculateStringHash,com.sapuseven.untis_29198884.apk,GENUINE_no
13485,4,MessageDigestSpec,io.sentry.util.StringUtils,calculateStringHash,com.sapuseven.untis_29198884.apk,GENUINE_no
13486,4,MessageDigestSpec,com.sapuseven.untis.data.cache.DiskCache,getCacheFile,com.sapuseven.untis_29198884.apk,GENUINE_no
13487,3,MacSpec,io.ktor.network.tls.HashesKt,P_hash,com.sapuseven.untis_29198884.apk,LEGAL_REUSE_REJECTED
13494,2,KeyPairSpec,io.ktor.network.tls.TLSClientHandshakeKt,generateECKeys,com.sapuseven.untis_29198884.apk,UNOBSERVED_CREATION
13502,4,MessageDigestSpec,io.sentry.util.StringUtils,calculateStringHash,com.sapuseven.untis_29198884.apk,GENUINE_no
13503,4,MessageDigestSpec,io.sentry.util.StringUtils,calculateStringHash,com.sapuseven.untis_29198884.apk,GENUINE_no
13504,4,MessageDigestSpec,io.sentry.util.StringUtils,calculateStringHash,com.sapuseven.untis_29198884.apk,GENUINE_no
13505,3,MacSpec,io.ktor.network.tls.HashesKt,P_hash,com.sapuseven.untis_29198884.apk,LEGAL_REUSE_REJECTED
13512,2,KeyPairSpec,io.ktor.network.tls.TLSClientHandshakeKt,generateECKeys,com.sapuseven.untis_29198884.apk,UNOBSERVED_CREATION
13520,4,MessageDigestSpec,io.sentry.util.StringUtils,calculateStringHash,com.sapuseven.untis_29198884.apk,GENUINE_no
13521,4,MessageDigestSpec,io.sentry.util.StringUtils,calculateStringHash,com.sapuseven.untis_29198884.apk,GENUINE_no
13522,4,MessageDigestSpec,io.sentry.util.StringUtils,calculateStringHash,com.sapuseven.untis_29198884.apk,GENUINE_no
13523,4,MessageDigestSpec,com.sapuseven.untis.data.cache.DiskCache,getCacheFile,com.sapuseven.untis_29198884.apk,GENUINE_no
13524,3,MacSpec,io.ktor.network.tls.HashesKt,P_hash,com.sapuseven.untis_29198884.apk,LEGAL_REUSE_REJECTED
13531,2,KeyPairSpec,io.ktor.network.tls.TLSClientHandshakeKt,generateECKeys,com.sapuseven.untis_29198884.apk,UNOBSERVED_CREATION
13539,4,MessageDigestSpec,io.sentry.util.StringUtils,calculateStringHash,com.sapuseven.untis_29198884.apk,GENUINE_no
13540,4,MessageDigestSpec,io.sentry.util.StringUtils,calculateStringHash,com.sapuseven.untis_29198884.apk,GENUINE_no
13541,3,MacSpec,io.ktor.network.tls.HashesKt,P_hash,com.sapuseven.untis_29198884.apk,LEGAL_REUSE_REJECTED
13548,2,KeyPairSpec,io.ktor.network.tls.TLSClientHandshakeKt,generateECKeys,com.sapuseven.untis_29198884.apk,UNOBSERVED_CREATION
13556,4,MessageDigestSpec,io.sentry.util.StringUtils,calculateStringHash,com.sapuseven.untis_29198884.apk,GENUINE_no
13557,4,MessageDigestSpec,io.sentry.util.StringUtils,calculateStringHash,com.sapuseven.untis_29198884.apk,GENUINE_no
13558,4,MessageDigestSpec,io.sentry.util.StringUtils,calculateStringHash,com.sapuseven.untis_29198884.apk,GENUINE_no
13559,3,MacSpec,io.ktor.network.tls.HashesKt,P_hash,com.sapuseven.untis_29198884.apk,LEGAL_REUSE_REJECTED
13566,2,KeyPairSpec,io.ktor.network.tls.TLSClientHandshakeKt,generateECKeys,com.sapuseven.untis_29198884.apk,UNOBSERVED_CREATION
13574,4,MessageDigestSpec,io.sentry.util.StringUtils,calculateStringHash,com.sapuseven.untis_29198884.apk,GENUINE_no
13575,3,MacSpec,io.ktor.network.tls.HashesKt,P_hash,com.sapuseven.untis_29198884.apk,LEGAL_REUSE_REJECTED
13582,2,KeyPairSpec,io.ktor.network.tls.TLSClientHandshakeKt,generateECKeys,com.sapuseven.untis_29198884.apk,UNOBSERVED_CREATION
13590,4,MessageDigestSpec,io.sentry.util.StringUtils,calculateStringHash,com.sapuseven.untis_29198884.apk,GENUINE_no
13591,3,MacSpec,io.ktor.network.tls.HashesKt,P_hash,com.sapuseven.untis_29198884.apk,LEGAL_REUSE_REJECTED
13598,2,KeyPairSpec,io.ktor.network.tls.TLSClientHandshakeKt,generateECKeys,com.sapuseven.untis_29198884.apk,UNOBSERVED_CREATION
13606,4,MessageDigestSpec,io.sentry.util.StringUtils,calculateStringHash,com.sapuseven.untis_29198884.apk,GENUINE_no
13607,3,MacSpec,io.ktor.network.tls.HashesKt,P_hash,com.sapuseven.untis_29198884.apk,LEGAL_REUSE_REJECTED
13614,2,KeyPairSpec,io.ktor.network.tls.TLSClientHandshakeKt,generateECKeys,com.sapuseven.untis_29198884.apk,UNOBSERVED_CREATION
13622,4,MessageDigestSpec,io.sentry.util.StringUtils,calculateStringHash,com.sapuseven.untis_29198884.apk,GENUINE_no
13623,3,MacSpec,io.ktor.network.tls.HashesKt,P_hash,com.sapuseven.untis_29198884.apk,LEGAL_REUSE_REJECTED
13630,2,KeyPairSpec,io.ktor.network.tls.TLSClientHandshakeKt,generateECKeys,com.sapuseven.untis_29198884.apk,UNOBSERVED_CREATION
13638,4,MessageDigestSpec,io.sentry.util.StringUtils,calculateStringHash,com.sapuseven.untis_29198884.apk,GENUINE_no
13639,4,MessageDigestSpec,io.sentry.util.StringUtils,calculateStringHash,com.sapuseven.untis_29198884.apk,GENUINE_no
13640,3,MacSpec,io.ktor.network.tls.HashesKt,P_hash,com.sapuseven.untis_29198884.apk,LEGAL_REUSE_REJECTED
13646,2,KeyPairSpec,io.ktor.network.tls.TLSClientHandshakeKt,generateECKeys,com.sapuseven.untis_29198884.apk,UNOBSERVED_CREATION
13651,4,MessageDigestSpec,io.sentry.util.StringUtils,calculateStringHash,com.sapuseven.untis_29198884.apk,GENUINE_no
13652,4,MessageDigestSpec,com.sapuseven.untis.data.cache.DiskCache,getCacheFile,com.sapuseven.untis_29198884.apk,GENUINE_no
13653,3,MacSpec,io.ktor.network.tls.HashesKt,P_hash,com.sapuseven.untis_29198884.apk,LEGAL_REUSE_REJECTED
13660,2,KeyPairSpec,io.ktor.network.tls.TLSClientHandshakeKt,generateECKeys,com.sapuseven.untis_29198884.apk,UNOBSERVED_CREATION
13668,4,MessageDigestSpec,io.sentry.util.StringUtils,calculateStringHash,com.sapuseven.untis_29198884.apk,GENUINE_no
13669,4,MessageDigestSpec,io.sentry.util.StringUtils,calculateStringHash,com.sapuseven.untis_29198884.apk,GENUINE_no
13670,4,MessageDigestSpec,com.sapuseven.untis.data.cache.DiskCache,getCacheFile,com.sapuseven.untis_29198884.apk,GENUINE_no
13671,3,MacSpec,io.ktor.network.tls.HashesKt,P_hash,com.sapuseven.untis_29198884.apk,LEGAL_REUSE_REJECTED
13678,2,KeyPairSpec,io.ktor.network.tls.TLSClientHandshakeKt,generateECKeys,com.sapuseven.untis_29198884.apk,UNOBSERVED_CREATION
13686,4,MessageDigestSpec,io.sentry.util.StringUtils,calculateStringHash,com.sapuseven.untis_29198884.apk,GENUINE_no
13687,4,MessageDigestSpec,com.sapuseven.untis.data.cache.DiskCache,getCacheFile,com.sapuseven.untis_29198884.apk,GENUINE_no
13688,3,MacSpec,io.ktor.network.tls.HashesKt,P_hash,com.sapuseven.untis_29198884.apk,LEGAL_REUSE_REJECTED
13695,2,KeyPairSpec,io.ktor.network.tls.TLSClientHandshakeKt,generateECKeys,com.sapuseven.untis_29198884.apk,UNOBSERVED_CREATION
13703,4,MessageDigestSpec,io.sentry.util.StringUtils,calculateStringHash,com.sapuseven.untis_29198884.apk,GENUINE_no
13704,4,MessageDigestSpec,io.sentry.util.StringUtils,calculateStringHash,com.sapuseven.untis_29198884.apk,GENUINE_no
13705,4,MessageDigestSpec,com.sapuseven.untis.data.cache.DiskCache,getCacheFile,com.sapuseven.untis_29198884.apk,GENUINE_no
13706,3,MacSpec,io.ktor.network.tls.HashesKt,P_hash,com.sapuseven.untis_29198884.apk,LEGAL_REUSE_REJECTED
13713,2,KeyPairSpec,io.ktor.network.tls.TLSClientHandshakeKt,generateECKeys,com.sapuseven.untis_29198884.apk,UNOBSERVED_CREATION
13721,4,MessageDigestSpec,io.sentry.util.StringUtils,calculateStringHash,com.sapuseven.untis_29198884.apk,GENUINE_no
13722,4,MessageDigestSpec,com.sapuseven.untis.data.cache.DiskCache,getCacheFile,com.sapuseven.untis_29198884.apk,GENUINE_no
13723,3,MacSpec,io.ktor.network.tls.HashesKt,P_hash,com.sapuseven.untis_29198884.apk,LEGAL_REUSE_REJECTED
13730,2,KeyPairSpec,io.ktor.network.tls.TLSClientHandshakeKt,generateECKeys,com.sapuseven.untis_29198884.apk,UNOBSERVED_CREATION
13738,4,MessageDigestSpec,io.sentry.util.StringUtils,calculateStringHash,com.sapuseven.untis_29198884.apk,GENUINE_no
13739,4,MessageDigestSpec,com.schwegelbin.openbible.logic.GettersKt,getChecksum,com.schwegelbin.openbible_46.apk,GENUINE_no
13740,4,MessageDigestSpec,com.schwegelbin.openbible.logic.GettersKt,getChecksum,com.schwegelbin.openbible_46.apk,GENUINE_no
13741,4,MessageDigestSpec,com.schwegelbin.openbible.logic.GettersKt,getChecksum,com.schwegelbin.openbible_46.apk,GENUINE_no
13742,4,MessageDigestSpec,com.schwegelbin.openbible.logic.GettersKt,getChecksum,com.schwegelbin.openbible_46.apk,GENUINE_no
13743,4,MessageDigestSpec,com.schwegelbin.openbible.logic.GettersKt,getChecksum,com.schwegelbin.openbible_46.apk,GENUINE_no
13744,4,MessageDigestSpec,com.schwegelbin.openbible.logic.GettersKt,getChecksum,com.schwegelbin.openbible_46.apk,GENUINE_no
13745,4,MessageDigestSpec,com.schwegelbin.openbible.logic.GettersKt,getChecksum,com.schwegelbin.openbible_46.apk,GENUINE_no
13746,4,MessageDigestSpec,com.schwegelbin.openbible.logic.GettersKt,getChecksum,com.schwegelbin.openbible_46.apk,GENUINE_no
13747,4,MessageDigestSpec,com.schwegelbin.openbible.logic.GettersKt,getChecksum,com.schwegelbin.openbible_46.apk,GENUINE_no
13748,4,MessageDigestSpec,com.schwegelbin.openbible.logic.GettersKt,getChecksum,com.schwegelbin.openbible_46.apk,GENUINE_no
13749,4,MessageDigestSpec,com.schwegelbin.openbible.logic.GettersKt,getChecksum,com.schwegelbin.openbible_46.apk,GENUINE_no
13750,4,MessageDigestSpec,com.schwegelbin.openbible.logic.GettersKt,getChecksum,com.schwegelbin.openbible_46.apk,GENUINE_no
13751,4,MessageDigestSpec,com.schwegelbin.openbible.logic.GettersKt,getChecksum,com.schwegelbin.openbible_46.apk,GENUINE_no
13752,4,MessageDigestSpec,com.schwegelbin.openbible.logic.GettersKt,getChecksum,com.schwegelbin.openbible_46.apk,GENUINE_no
13753,4,MessageDigestSpec,com.schwegelbin.openbible.logic.GettersKt,getChecksum,com.schwegelbin.openbible_46.apk,GENUINE_no
13754,4,MessageDigestSpec,com.schwegelbin.openbible.logic.GettersKt,getChecksum,com.schwegelbin.openbible_46.apk,GENUINE_no
13755,4,MessageDigestSpec,com.schwegelbin.openbible.logic.GettersKt,getChecksum,com.schwegelbin.openbible_46.apk,GENUINE_no
13756,4,MessageDigestSpec,com.schwegelbin.openbible.logic.GettersKt,getChecksum,com.schwegelbin.openbible_46.apk,GENUINE_no
13757,4,MessageDigestSpec,com.schwegelbin.openbible.logic.GettersKt,getChecksum,com.schwegelbin.openbible_46.apk,GENUINE_no
13758,4,MessageDigestSpec,com.schwegelbin.openbible.logic.GettersKt,getChecksum,com.schwegelbin.openbible_46.apk,GENUINE_no
13759,4,MessageDigestSpec,com.schwegelbin.openbible.logic.GettersKt,getChecksum,com.schwegelbin.openbible_46.apk,GENUINE_no
13760,4,MessageDigestSpec,com.schwegelbin.openbible.logic.GettersKt,getChecksum,com.schwegelbin.openbible_46.apk,GENUINE_no
13761,4,MessageDigestSpec,com.schwegelbin.openbible.logic.GettersKt,getChecksum,com.schwegelbin.openbible_46.apk,GENUINE_no
13762,4,MessageDigestSpec,com.schwegelbin.openbible.logic.GettersKt,getChecksum,com.schwegelbin.openbible_46.apk,GENUINE_no
13763,4,MessageDigestSpec,com.schwegelbin.openbible.logic.GettersKt,getChecksum,com.schwegelbin.openbible_46.apk,GENUINE_no
13764,4,MessageDigestSpec,com.schwegelbin.openbible.logic.GettersKt,getChecksum,com.schwegelbin.openbible_46.apk,GENUINE_no
13765,4,MessageDigestSpec,com.schwegelbin.openbible.logic.GettersKt,getChecksum,com.schwegelbin.openbible_46.apk,GENUINE_no
13766,4,MessageDigestSpec,com.schwegelbin.openbible.logic.GettersKt,getChecksum,com.schwegelbin.openbible_46.apk,GENUINE_no
13767,4,MessageDigestSpec,com.schwegelbin.openbible.logic.GettersKt,getChecksum,com.schwegelbin.openbible_46.apk,GENUINE_no
13768,4,MessageDigestSpec,com.schwegelbin.openbible.logic.GettersKt,getChecksum,com.schwegelbin.openbible_46.apk,GENUINE_no
13769,4,MessageDigestSpec,com.schwegelbin.openbible.logic.GettersKt,getChecksum,com.schwegelbin.openbible_46.apk,GENUINE_no
13770,4,MessageDigestSpec,com.schwegelbin.openbible.logic.GettersKt,getChecksum,com.schwegelbin.openbible_46.apk,GENUINE_no
13771,4,MessageDigestSpec,com.schwegelbin.openbible.logic.GettersKt,getChecksum,com.schwegelbin.openbible_46.apk,GENUINE_no
13772,4,MessageDigestSpec,com.schwegelbin.openbible.logic.GettersKt,getChecksum,com.schwegelbin.openbible_46.apk,GENUINE_no
13773,4,MessageDigestSpec,com.schwegelbin.openbible.logic.GettersKt,getChecksum,com.schwegelbin.openbible_46.apk,GENUINE_no
13774,4,MessageDigestSpec,com.schwegelbin.openbible.logic.GettersKt,getChecksum,com.schwegelbin.openbible_46.apk,GENUINE_no
13775,4,MessageDigestSpec,com.schwegelbin.openbible.logic.GettersKt,getChecksum,com.schwegelbin.openbible_46.apk,GENUINE_no
13776,4,MessageDigestSpec,com.schwegelbin.openbible.logic.GettersKt,getChecksum,com.schwegelbin.openbible_46.apk,GENUINE_no
13777,4,MessageDigestSpec,com.schwegelbin.openbible.logic.GettersKt,getChecksum,com.schwegelbin.openbible_46.apk,GENUINE_no
13778,4,MessageDigestSpec,com.schwegelbin.openbible.logic.GettersKt,getChecksum,com.schwegelbin.openbible_46.apk,GENUINE_no
13779,4,MessageDigestSpec,com.schwegelbin.openbible.logic.GettersKt,getChecksum,com.schwegelbin.openbible_46.apk,GENUINE_no
13780,4,MessageDigestSpec,com.schwegelbin.openbible.logic.GettersKt,getChecksum,com.schwegelbin.openbible_46.apk,GENUINE_no
13781,4,MessageDigestSpec,com.schwegelbin.openbible.logic.GettersKt,getChecksum,com.schwegelbin.openbible_46.apk,GENUINE_no
13782,4,MessageDigestSpec,com.schwegelbin.openbible.logic.GettersKt,getChecksum,com.schwegelbin.openbible_46.apk,GENUINE_no
13783,4,MessageDigestSpec,com.schwegelbin.openbible.logic.GettersKt,getChecksum,com.schwegelbin.openbible_46.apk,GENUINE_no
13784,4,MessageDigestSpec,com.schwegelbin.openbible.logic.GettersKt,getChecksum,com.schwegelbin.openbible_46.apk,GENUINE_no
13785,4,MessageDigestSpec,com.schwegelbin.openbible.logic.GettersKt,getChecksum,com.schwegelbin.openbible_46.apk,GENUINE_no
13786,4,MessageDigestSpec,com.schwegelbin.openbible.logic.GettersKt,getChecksum,com.schwegelbin.openbible_46.apk,GENUINE_no
13787,4,MessageDigestSpec,com.schwegelbin.openbible.logic.GettersKt,getChecksum,com.schwegelbin.openbible_46.apk,GENUINE_no
13788,4,MessageDigestSpec,com.schwegelbin.openbible.logic.GettersKt,getChecksum,com.schwegelbin.openbible_46.apk,GENUINE_no
13789,4,MessageDigestSpec,com.schwegelbin.openbible.logic.GettersKt,getChecksum,com.schwegelbin.openbible_46.apk,GENUINE_no
13790,4,MessageDigestSpec,com.schwegelbin.openbible.logic.GettersKt,getChecksum,com.schwegelbin.openbible_46.apk,GENUINE_no
13791,4,MessageDigestSpec,com.schwegelbin.openbible.logic.GettersKt,getChecksum,com.schwegelbin.openbible_46.apk,GENUINE_no
13792,4,MessageDigestSpec,com.schwegelbin.openbible.logic.GettersKt,getChecksum,com.schwegelbin.openbible_46.apk,GENUINE_no
13793,4,MessageDigestSpec,com.schwegelbin.openbible.logic.GettersKt,getChecksum,com.schwegelbin.openbible_46.apk,GENUINE_no
13794,4,MessageDigestSpec,com.schwegelbin.openbible.logic.GettersKt,getChecksum,com.schwegelbin.openbible_46.apk,GENUINE_no
13795,4,MessageDigestSpec,com.schwegelbin.openbible.logic.GettersKt,getChecksum,com.schwegelbin.openbible_46.apk,GENUINE_no
13796,4,MessageDigestSpec,com.schwegelbin.openbible.logic.GettersKt,getChecksum,com.schwegelbin.openbible_46.apk,GENUINE_no
13797,4,MessageDigestSpec,com.schwegelbin.openbible.logic.GettersKt,getChecksum,com.schwegelbin.openbible_46.apk,GENUINE_no
13798,4,MessageDigestSpec,com.schwegelbin.openbible.logic.GettersKt,getChecksum,com.schwegelbin.openbible_46.apk,GENUINE_no
13799,4,MessageDigestSpec,com.schwegelbin.openbible.logic.GettersKt,getChecksum,com.schwegelbin.openbible_46.apk,GENUINE_no
13800,4,MessageDigestSpec,com.schwegelbin.openbible.logic.GettersKt,getChecksum,com.schwegelbin.openbible_46.apk,GENUINE_no
13801,4,MessageDigestSpec,com.schwegelbin.openbible.logic.GettersKt,getChecksum,com.schwegelbin.openbible_46.apk,GENUINE_no
13802,4,MessageDigestSpec,com.schwegelbin.openbible.logic.GettersKt,getChecksum,com.schwegelbin.openbible_46.apk,GENUINE_no
13803,3,MacSpec,io.ktor.network.tls.HashesKt,P_hash,com.serwylo.beatgame_35.apk,LEGAL_REUSE_REJECTED
13810,2,KeyPairSpec,io.ktor.network.tls.TLSClientHandshakeKt,generateECKeys,com.serwylo.beatgame_35.apk,UNOBSERVED_CREATION
13818,3,MacSpec,io.ktor.network.tls.HashesKt,P_hash,com.serwylo.beatgame_35.apk,LEGAL_REUSE_REJECTED
13825,2,KeyPairSpec,io.ktor.network.tls.TLSClientHandshakeKt,generateECKeys,com.serwylo.beatgame_35.apk,UNOBSERVED_CREATION
13833,3,MacSpec,io.ktor.network.tls.HashesKt,P_hash,com.serwylo.beatgame_35.apk,LEGAL_REUSE_REJECTED
13840,2,KeyPairSpec,io.ktor.network.tls.TLSClientHandshakeKt,generateECKeys,com.serwylo.beatgame_35.apk,UNOBSERVED_CREATION
13848,3,MacSpec,io.ktor.network.tls.HashesKt,P_hash,com.serwylo.beatgame_35.apk,LEGAL_REUSE_REJECTED
13855,2,KeyPairSpec,io.ktor.network.tls.TLSClientHandshakeKt,generateECKeys,com.serwylo.beatgame_35.apk,UNOBSERVED_CREATION
13863,3,MacSpec,io.ktor.network.tls.HashesKt,P_hash,com.serwylo.beatgame_35.apk,LEGAL_REUSE_REJECTED
13870,2,KeyPairSpec,io.ktor.network.tls.TLSClientHandshakeKt,generateECKeys,com.serwylo.beatgame_35.apk,UNOBSERVED_CREATION
13878,3,MacSpec,io.ktor.network.tls.HashesKt,P_hash,com.serwylo.beatgame_35.apk,LEGAL_REUSE_REJECTED
13885,2,KeyPairSpec,io.ktor.network.tls.TLSClientHandshakeKt,generateECKeys,com.serwylo.beatgame_35.apk,UNOBSERVED_CREATION
13893,3,MacSpec,io.ktor.network.tls.HashesKt,P_hash,com.serwylo.retrowars_70.apk,LEGAL_REUSE_REJECTED
13900,2,KeyPairSpec,io.ktor.network.tls.TLSClientHandshakeKt,generateECKeys,com.serwylo.retrowars_70.apk,UNOBSERVED_CREATION
13910,4,MessageDigestSpec,io.ktor.util.CryptoKt__CryptoJvmKt,Digest,com.serwylo.retrowars_70.apk,GENUINE_no
13911,4,MessageDigestSpec,io.ktor.util.DigestImpl,build-impl,com.serwylo.retrowars_70.apk,GENUINE_no
13912,4,MessageDigestSpec,io.ktor.util.DigestImpl,plusAssign-impl,com.serwylo.retrowars_70.apk,GENUINE_no
13915,3,MacSpec,io.ktor.network.tls.HashesKt,P_hash,com.serwylo.retrowars_70.apk,LEGAL_REUSE_REJECTED
13922,2,KeyPairSpec,io.ktor.network.tls.TLSClientHandshakeKt,generateECKeys,com.serwylo.retrowars_70.apk,UNOBSERVED_CREATION
13931,3,MacSpec,io.ktor.network.tls.HashesKt,P_hash,com.serwylo.retrowars_70.apk,LEGAL_REUSE_REJECTED
13938,2,KeyPairSpec,io.ktor.network.tls.TLSClientHandshakeKt,generateECKeys,com.serwylo.retrowars_70.apk,UNOBSERVED_CREATION
13946,4,MessageDigestSpec,com.apk.axml.APKParser,getCertificateFingerprint,com.smartpack.packagemanager_79.apk,GENUINE_no
13947,4,MessageDigestSpec,com.apk.axml.APKParser,getCertificateFingerprint,com.smartpack.packagemanager_79.apk,GENUINE_no
13948,4,MessageDigestSpec,com.apk.axml.APKParser,getCertificateFingerprint,com.smartpack.packagemanager_79.apk,GENUINE_no
13949,4,MessageDigestSpec,com.apk.axml.APKParser,getCertificateFingerprint,com.smartpack.packagemanager_79.apk,GENUINE_no
13950,4,MessageDigestSpec,com.apk.axml.APKParser,getCertificateFingerprint,com.smartpack.packagemanager_79.apk,GENUINE_no
13951,4,MessageDigestSpec,com.apk.axml.APKParser,getCertificateFingerprint,com.smartpack.packagemanager_79.apk,GENUINE_no
13952,4,MessageDigestSpec,com.apk.axml.APKParser,getCertificateFingerprint,com.smartpack.packagemanager_79.apk,GENUINE_no
13953,4,MessageDigestSpec,com.apk.axml.APKParser,getCertificateFingerprint,com.smartpack.packagemanager_79.apk,GENUINE_no
13954,4,MessageDigestSpec,com.apk.axml.APKParser,getCertificateFingerprint,com.smartpack.packagemanager_79.apk,GENUINE_no
13955,4,MessageDigestSpec,com.apk.axml.APKParser,getCertificateFingerprint,com.smartpack.packagemanager_79.apk,GENUINE_no
13956,4,MessageDigestSpec,com.apk.axml.APKParser,getCertificateFingerprint,com.smartpack.packagemanager_79.apk,GENUINE_no
13957,4,MessageDigestSpec,com.apk.axml.APKParser,getCertificateFingerprint,com.smartpack.packagemanager_79.apk,GENUINE_no
13958,4,MessageDigestSpec,com.apk.axml.APKParser,getCertificateFingerprint,com.smartpack.packagemanager_79.apk,GENUINE_no
13959,4,MessageDigestSpec,com.apk.axml.APKParser,getCertificateFingerprint,com.smartpack.packagemanager_79.apk,GENUINE_no
13960,4,MessageDigestSpec,com.apk.axml.APKParser,getCertificateFingerprint,com.smartpack.packagemanager_79.apk,GENUINE_no
13961,4,MessageDigestSpec,com.apk.axml.APKParser,getCertificateFingerprint,com.smartpack.packagemanager_79.apk,GENUINE_no
13962,4,MessageDigestSpec,com.apk.axml.APKParser,getCertificateFingerprint,com.smartpack.packagemanager_79.apk,GENUINE_no
13963,4,MessageDigestSpec,com.apk.axml.APKParser,getCertificateFingerprint,com.smartpack.packagemanager_79.apk,GENUINE_no
13964,4,MessageDigestSpec,com.apk.axml.APKParser,getCertificateFingerprint,com.smartpack.packagemanager_79.apk,GENUINE_no
13965,4,MessageDigestSpec,com.apk.axml.APKParser,getCertificateFingerprint,com.smartpack.packagemanager_79.apk,GENUINE_no
13966,4,MessageDigestSpec,com.apk.axml.APKParser,getCertificateFingerprint,com.smartpack.packagemanager_79.apk,GENUINE_no
13967,4,MessageDigestSpec,com.apk.axml.APKParser,getCertificateFingerprint,com.smartpack.packagemanager_79.apk,GENUINE_no
13968,4,MessageDigestSpec,com.apk.axml.APKParser,getCertificateFingerprint,com.smartpack.packagemanager_79.apk,GENUINE_no
13969,4,MessageDigestSpec,com.apk.axml.APKParser,getCertificateFingerprint,com.smartpack.packagemanager_79.apk,GENUINE_no
13970,4,MessageDigestSpec,com.apk.axml.APKParser,getCertificateFingerprint,com.smartpack.packagemanager_79.apk,GENUINE_no
13971,4,MessageDigestSpec,com.apk.axml.APKParser,getCertificateFingerprint,com.smartpack.packagemanager_79.apk,GENUINE_no
13972,4,MessageDigestSpec,com.apk.axml.APKParser,getCertificateFingerprint,com.smartpack.packagemanager_79.apk,GENUINE_no
13973,4,MessageDigestSpec,com.apk.axml.APKParser,getCertificateFingerprint,com.smartpack.packagemanager_79.apk,GENUINE_no
13974,4,MessageDigestSpec,com.apk.axml.APKParser,getCertificateFingerprint,com.smartpack.packagemanager_79.apk,GENUINE_no
13975,4,MessageDigestSpec,com.apk.axml.APKParser,getCertificateFingerprint,com.smartpack.packagemanager_79.apk,GENUINE_no
13976,4,MessageDigestSpec,com.apk.axml.APKParser,getCertificateFingerprint,com.smartpack.packagemanager_79.apk,GENUINE_no
13977,4,MessageDigestSpec,com.apk.axml.APKParser,getCertificateFingerprint,com.smartpack.packagemanager_79.apk,GENUINE_no
13978,4,MessageDigestSpec,com.apk.axml.APKParser,getCertificateFingerprint,com.smartpack.packagemanager_79.apk,GENUINE_no
13979,4,MessageDigestSpec,com.apk.axml.APKParser,getCertificateFingerprint,com.smartpack.packagemanager_79.apk,GENUINE_no
13980,4,MessageDigestSpec,com.apk.axml.APKParser,getCertificateFingerprint,com.smartpack.packagemanager_79.apk,GENUINE_no
13981,4,MessageDigestSpec,com.apk.axml.APKParser,getCertificateFingerprint,com.smartpack.packagemanager_79.apk,GENUINE_no
13982,4,MessageDigestSpec,com.apk.axml.APKParser,getCertificateFingerprint,com.smartpack.packagemanager_79.apk,GENUINE_no
13983,4,MessageDigestSpec,com.apk.axml.APKParser,getCertificateFingerprint,com.smartpack.packagemanager_79.apk,GENUINE_no
13984,4,MessageDigestSpec,com.apk.axml.APKParser,getCertificateFingerprint,com.smartpack.packagemanager_79.apk,GENUINE_no
13985,4,MessageDigestSpec,com.apk.axml.APKParser,getCertificateFingerprint,com.smartpack.packagemanager_79.apk,GENUINE_no
13986,4,MessageDigestSpec,com.apk.axml.APKParser,getCertificateFingerprint,com.smartpack.packagemanager_79.apk,GENUINE_no
13987,4,MessageDigestSpec,com.apk.axml.APKParser,getCertificateFingerprint,com.smartpack.packagemanager_79.apk,GENUINE_no
13988,4,MessageDigestSpec,com.apk.axml.APKParser,getCertificateFingerprint,com.smartpack.packagemanager_79.apk,GENUINE_no
13989,4,MessageDigestSpec,com.apk.axml.APKParser,getCertificateFingerprint,com.smartpack.packagemanager_79.apk,GENUINE_no
13990,4,MessageDigestSpec,com.apk.axml.APKParser,getCertificateFingerprint,com.smartpack.packagemanager_79.apk,GENUINE_no
13991,4,MessageDigestSpec,com.apk.axml.APKParser,getCertificateFingerprint,com.smartpack.packagemanager_79.apk,GENUINE_no
13992,4,MessageDigestSpec,com.apk.axml.APKParser,getCertificateFingerprint,com.smartpack.packagemanager_79.apk,GENUINE_no
13993,4,MessageDigestSpec,com.apk.axml.APKParser,getCertificateFingerprint,com.smartpack.packagemanager_79.apk,GENUINE_no
13994,4,MessageDigestSpec,com.apk.axml.APKParser,getCertificateFingerprint,com.smartpack.packagemanager_79.apk,GENUINE_no
13995,4,MessageDigestSpec,com.apk.axml.APKParser,getCertificateFingerprint,com.smartpack.packagemanager_79.apk,GENUINE_no
13996,4,MessageDigestSpec,com.apk.axml.APKParser,getCertificateFingerprint,com.smartpack.packagemanager_79.apk,GENUINE_no
13997,4,MessageDigestSpec,com.apk.axml.APKParser,getCertificateFingerprint,com.smartpack.packagemanager_79.apk,GENUINE_no
13998,4,MessageDigestSpec,com.apk.axml.APKParser,getCertificateFingerprint,com.smartpack.packagemanager_79.apk,GENUINE_no
13999,4,MessageDigestSpec,com.apk.axml.APKParser,getCertificateFingerprint,com.smartpack.packagemanager_79.apk,GENUINE_no
14000,4,MessageDigestSpec,com.apk.axml.APKParser,getCertificateFingerprint,com.smartpack.packagemanager_79.apk,GENUINE_no
14001,4,MessageDigestSpec,com.apk.axml.APKParser,getCertificateFingerprint,com.smartpack.packagemanager_79.apk,GENUINE_no
14002,4,MessageDigestSpec,com.apk.axml.APKParser,getCertificateFingerprint,com.smartpack.packagemanager_79.apk,GENUINE_no
14003,4,MessageDigestSpec,com.apk.axml.APKParser,getCertificateFingerprint,com.smartpack.packagemanager_79.apk,GENUINE_no
14004,4,MessageDigestSpec,com.apk.axml.APKParser,getCertificateFingerprint,com.smartpack.packagemanager_79.apk,GENUINE_no
14005,4,MessageDigestSpec,com.apk.axml.APKParser,getCertificateFingerprint,com.smartpack.packagemanager_79.apk,GENUINE_no
14006,4,MessageDigestSpec,com.apk.axml.APKParser,getCertificateFingerprint,com.smartpack.packagemanager_79.apk,GENUINE_no
14007,4,MessageDigestSpec,com.apk.axml.APKParser,getCertificateFingerprint,com.smartpack.packagemanager_79.apk,GENUINE_no
14008,4,MessageDigestSpec,com.apk.axml.APKParser,getCertificateFingerprint,com.smartpack.packagemanager_79.apk,GENUINE_no
14009,4,MessageDigestSpec,com.apk.axml.APKParser,getCertificateFingerprint,com.smartpack.packagemanager_79.apk,GENUINE_no
14010,4,MessageDigestSpec,com.apk.axml.APKParser,getCertificateFingerprint,com.smartpack.packagemanager_79.apk,GENUINE_no
14011,4,MessageDigestSpec,com.apk.axml.APKParser,getCertificateFingerprint,com.smartpack.packagemanager_79.apk,GENUINE_no
14012,4,MessageDigestSpec,com.apk.axml.APKParser,getCertificateFingerprint,com.smartpack.packagemanager_79.apk,GENUINE_no
14013,4,MessageDigestSpec,com.apk.axml.APKParser,getCertificateFingerprint,com.smartpack.packagemanager_79.apk,GENUINE_no
14014,4,MessageDigestSpec,com.apk.axml.APKParser,getCertificateFingerprint,com.smartpack.packagemanager_79.apk,GENUINE_no
14015,4,MessageDigestSpec,com.apk.axml.APKParser,getCertificateFingerprint,com.smartpack.packagemanager_79.apk,GENUINE_no
14016,4,MessageDigestSpec,com.apk.axml.APKParser,getCertificateFingerprint,com.smartpack.packagemanager_79.apk,GENUINE_no
14017,4,MessageDigestSpec,com.apk.axml.APKParser,getCertificateFingerprint,com.smartpack.packagemanager_79.apk,GENUINE_no
14018,4,MessageDigestSpec,com.apk.axml.APKParser,getCertificateFingerprint,com.smartpack.packagemanager_79.apk,GENUINE_no
14027,4,MessageDigestSpec,okio.ByteString,digest$okio,com.starry.myne_500.apk,GENUINE_no
14040,4,MessageDigestSpec,okio.ByteString,digest$okio,com.starry.myne_500.apk,GENUINE_no
14043,4,MessageDigestSpec,okio.ByteString,digest$okio,com.starry.myne_500.apk,GENUINE_no
14046,4,MessageDigestSpec,okio.ByteString,digest$okio,com.starry.myne_500.apk,GENUINE_no
14049,4,MessageDigestSpec,okio.ByteString,digest$okio,com.starry.myne_500.apk,GENUINE_no
14052,4,MessageDigestSpec,okio.ByteString,digest$okio,com.starry.myne_500.apk,GENUINE_no
14055,4,MessageDigestSpec,okio.ByteString,digest$okio,com.starry.myne_500.apk,GENUINE_no
14060,4,MessageDigestSpec,okio.ByteString,digest$okio,com.starry.myne_500.apk,GENUINE_no
14063,4,MessageDigestSpec,okio.ByteString,digest$okio,com.starry.myne_500.apk,GENUINE_no
14068,4,MessageDigestSpec,okio.ByteString,digest$okio,com.starry.myne_500.apk,GENUINE_no
14077,4,MessageDigestSpec,okio.ByteString,digest$okio,com.starry.myne_500.apk,GENUINE_no
14082,4,MessageDigestSpec,okio.ByteString,digest$okio,com.starry.myne_500.apk,GENUINE_no
14089,4,MessageDigestSpec,okio.ByteString,digest$okio,com.starry.myne_500.apk,GENUINE_no
14092,4,MessageDigestSpec,okio.ByteString,digest$okio,com.starry.myne_500.apk,GENUINE_no
14097,4,MessageDigestSpec,okio.ByteString,digest$okio,com.starry.myne_500.apk,GENUINE_no
14100,4,MessageDigestSpec,okio.ByteString,digest$okio,com.starry.myne_500.apk,GENUINE_no
14105,4,MessageDigestSpec,okio.ByteString,digest$okio,com.starry.myne_500.apk,GENUINE_no
14108,4,MessageDigestSpec,okio.ByteString,digest$okio,com.starry.myne_500.apk,GENUINE_no
14113,4,MessageDigestSpec,okio.ByteString,digest$okio,com.starry.myne_500.apk,GENUINE_no
14116,4,MessageDigestSpec,okio.ByteString,digest$okio,com.starry.myne_500.apk,GENUINE_no
14121,4,MessageDigestSpec,okio.ByteString,digest$okio,com.starry.myne_500.apk,GENUINE_no
14124,4,MessageDigestSpec,okio.ByteString,digest$okio,com.starry.myne_500.apk,GENUINE_no
14129,4,MessageDigestSpec,okio.ByteString,digest$okio,com.starry.myne_500.apk,GENUINE_no
14132,4,MessageDigestSpec,okio.ByteString,digest$okio,com.starry.myne_500.apk,GENUINE_no
14137,4,MessageDigestSpec,okio.ByteString,digest$okio,com.starry.myne_500.apk,GENUINE_no
14140,4,MessageDigestSpec,okio.ByteString,digest$okio,com.starry.myne_500.apk,GENUINE_no
14145,4,MessageDigestSpec,okio.ByteString,digest$okio,com.starry.myne_500.apk,GENUINE_no
14148,4,MessageDigestSpec,okio.ByteString,digest$okio,com.starry.myne_500.apk,GENUINE_no
14153,4,MessageDigestSpec,okio.ByteString,digest$okio,com.starry.myne_500.apk,GENUINE_no
14156,4,MessageDigestSpec,okio.ByteString,digest$okio,com.starry.myne_500.apk,GENUINE_no
14159,4,MessageDigestSpec,okio.ByteString,digest$okio,com.starry.myne_500.apk,GENUINE_no
14162,4,MessageDigestSpec,okio.ByteString,digest$okio,com.starry.myne_500.apk,GENUINE_no
14165,4,MessageDigestSpec,okio.ByteString,digest$okio,com.starry.myne_500.apk,GENUINE_no
14168,4,MessageDigestSpec,okio.ByteString,digest$okio,com.starry.myne_500.apk,GENUINE_no
14171,4,MessageDigestSpec,okio.ByteString,digest$okio,com.starry.myne_500.apk,GENUINE_no
14174,4,MessageDigestSpec,okio.ByteString,digest$okio,com.starry.myne_500.apk,GENUINE_no
14177,4,MessageDigestSpec,okio.ByteString,digest$okio,com.starry.myne_500.apk,GENUINE_no
14180,4,MessageDigestSpec,okio.ByteString,digest$okio,com.starry.myne_500.apk,GENUINE_no
14183,4,MessageDigestSpec,okio.ByteString,digest$okio,com.starry.myne_500.apk,GENUINE_no
14190,4,MessageDigestSpec,okio.ByteString,digest$okio,com.starry.myne_500.apk,GENUINE_no
14195,4,MessageDigestSpec,okio.ByteString,digest$okio,com.starry.myne_500.apk,GENUINE_no
14207,4,MessageDigestSpec,okio.ByteString,digest$okio,com.starry.myne_500.apk,GENUINE_no
14210,4,MessageDigestSpec,okio.ByteString,digest$okio,com.starry.myne_500.apk,GENUINE_no
14213,4,MessageDigestSpec,okio.ByteString,digest$okio,com.starry.myne_500.apk,GENUINE_no
14216,4,MessageDigestSpec,okio.ByteString,digest$okio,com.starry.myne_500.apk,GENUINE_no
14219,4,MessageDigestSpec,okio.ByteString,digest$okio,com.starry.myne_500.apk,GENUINE_no
14222,4,MessageDigestSpec,okio.ByteString,digest$okio,com.starry.myne_500.apk,GENUINE_no
14225,4,MessageDigestSpec,okio.ByteString,digest$okio,com.starry.myne_500.apk,GENUINE_no
14228,4,MessageDigestSpec,okio.ByteString,digest$okio,com.starry.myne_500.apk,GENUINE_no
14231,4,MessageDigestSpec,okio.ByteString,digest$okio,com.starry.myne_500.apk,GENUINE_no
14234,4,MessageDigestSpec,okio.ByteString,digest$okio,com.starry.myne_500.apk,GENUINE_no
14237,4,MessageDigestSpec,okio.ByteString,digest$okio,com.starry.myne_500.apk,GENUINE_no
14240,4,MessageDigestSpec,okio.ByteString,digest$okio,com.starry.myne_500.apk,GENUINE_no
14245,4,MessageDigestSpec,okio.ByteString,digest$okio,com.starry.myne_500.apk,GENUINE_no
14248,4,MessageDigestSpec,okio.ByteString,digest$okio,com.starry.myne_500.apk,GENUINE_no
14251,4,MessageDigestSpec,okio.ByteString,digest$okio,com.starry.myne_500.apk,GENUINE_no
14254,4,MessageDigestSpec,okio.ByteString,digest$okio,com.starry.myne_500.apk,GENUINE_no
14257,4,MessageDigestSpec,okio.ByteString,digest$okio,com.starry.myne_500.apk,GENUINE_no
14260,4,MessageDigestSpec,okio.ByteString,digest$okio,com.starry.myne_500.apk,GENUINE_no
14263,4,MessageDigestSpec,okio.ByteString,digest$okio,com.starry.myne_500.apk,GENUINE_no
14266,4,MessageDigestSpec,okio.ByteString,digest$okio,com.starry.myne_500.apk,GENUINE_no
14269,4,MessageDigestSpec,okio.ByteString,digest$okio,com.starry.myne_500.apk,GENUINE_no
14272,4,MessageDigestSpec,okio.ByteString,digest$okio,com.starry.myne_500.apk,GENUINE_no
14275,4,MessageDigestSpec,okio.ByteString,digest$okio,com.starry.myne_500.apk,GENUINE_no
14278,4,MessageDigestSpec,okio.ByteString,digest$okio,com.starry.myne_500.apk,GENUINE_no
14281,4,MessageDigestSpec,okio.ByteString,digest$okio,com.starry.myne_500.apk,GENUINE_no
14282,4,MessageDigestSpec,com.google.android.gms.ads.internal.util.client.zzf,zzG,com.tananaev.passportreader_22.apk,GENUINE_no
14283,4,MessageDigestSpec,com.google.android.gms.ads.internal.util.client.zzf,zzj,com.tananaev.passportreader_22.apk,GENUINE_no
14284,4,MessageDigestSpec,com.google.android.gms.common.util.AndroidUtilsLight,getPackageCertificateHashBytes,com.tananaev.passportreader_22.apk,GENUINE_no
14285,4,MessageDigestSpec,com.google.android.gms.common.util.AndroidUtilsLight,zza,com.tananaev.passportreader_22.apk,GENUINE_no
14286,4,MessageDigestSpec,com.google.android.gms.internal.ads.zzazu,run,com.tananaev.passportreader_22.apk,GENUINE_no
14287,4,MessageDigestSpec,com.google.android.gms.internal.ads.zzazv,zze,com.tananaev.passportreader_22.apk,GENUINE_no
14288,3,CipherSpec,com.google.android.gms.internal.ads.zzbbe,zzb,com.tananaev.passportreader_22.apk,LEGAL_REUSE_REJECTED
14291,4,MessageDigestSpec,com.google.android.gms.measurement.internal.zzgi,zzh,com.tananaev.passportreader_22.apk,GENUINE_no
14292,4,MessageDigestSpec,com.google.android.gms.measurement.internal.zzpp,zzO,com.tananaev.passportreader_22.apk,GENUINE_no
14293,4,MessageDigestSpec,com.google.firebase.crashlytics.internal.common.CommonUtils,hash,com.tananaev.passportreader_22.apk,GENUINE_no
14294,2,SecureRandomSpec,org.spongycastle.crypto.prng.BasicEntropySourceProvider$1,getEntropy,com.tananaev.passportreader_22.apk,UNOBSERVED_CREATION
14296,2,SecureRandomSpec,org.spongycastle.jcajce.provider.drbg.DRBG,createBaseRandom,com.tananaev.passportreader_22.apk,UNOBSERVED_CREATION
14297,2,SecureRandomSpec,org.spongycastle.jcajce.provider.drbg.DRBG$HybridSecureRandom,<init>,com.tananaev.passportreader_22.apk,UNOBSERVED_CREATION
14298,2,SecureRandomSpec,org.spongycastle.jcajce.provider.drbg.DRBG$HybridSecureRandom$SignallingEntropySource,getEntropy,com.tananaev.passportreader_22.apk,UNOBSERVED_CREATION
14299,2,SecureRandomSpec,org.spongycastle.jcajce.provider.drbg.DRBG$HybridSecureRandom$SignallingEntropySource$EntropyGatherer,run,com.tananaev.passportreader_22.apk,UNOBSERVED_CREATION
14300,4,MessageDigestSpec,com.google.android.gms.ads.internal.util.client.zzf,zzG,com.tananaev.passportreader_22.apk,GENUINE_no
14301,4,MessageDigestSpec,com.google.android.gms.ads.internal.util.client.zzf,zzj,com.tananaev.passportreader_22.apk,GENUINE_no
14302,4,MessageDigestSpec,com.google.android.gms.common.util.AndroidUtilsLight,getPackageCertificateHashBytes,com.tananaev.passportreader_22.apk,GENUINE_no
14303,4,MessageDigestSpec,com.google.android.gms.common.util.AndroidUtilsLight,zza,com.tananaev.passportreader_22.apk,GENUINE_no
14304,4,MessageDigestSpec,com.google.android.gms.internal.ads.zzazu,run,com.tananaev.passportreader_22.apk,GENUINE_no
14305,4,MessageDigestSpec,com.google.android.gms.internal.ads.zzazv,zze,com.tananaev.passportreader_22.apk,GENUINE_no
14306,3,CipherSpec,com.google.android.gms.internal.ads.zzbbe,zzb,com.tananaev.passportreader_22.apk,LEGAL_REUSE_REJECTED
14309,4,MessageDigestSpec,com.google.android.gms.measurement.internal.zzgi,zzh,com.tananaev.passportreader_22.apk,GENUINE_no
14310,4,MessageDigestSpec,com.google.android.gms.measurement.internal.zzpp,zzO,com.tananaev.passportreader_22.apk,GENUINE_no
14311,4,MessageDigestSpec,com.google.firebase.crashlytics.internal.common.CommonUtils,hash,com.tananaev.passportreader_22.apk,GENUINE_no
14312,2,SecureRandomSpec,org.spongycastle.crypto.prng.BasicEntropySourceProvider$1,getEntropy,com.tananaev.passportreader_22.apk,UNOBSERVED_CREATION
14314,2,SecureRandomSpec,org.spongycastle.jcajce.provider.drbg.DRBG,createBaseRandom,com.tananaev.passportreader_22.apk,UNOBSERVED_CREATION
14315,2,SecureRandomSpec,org.spongycastle.jcajce.provider.drbg.DRBG$HybridSecureRandom,<init>,com.tananaev.passportreader_22.apk,UNOBSERVED_CREATION
14316,2,SecureRandomSpec,org.spongycastle.jcajce.provider.drbg.DRBG$HybridSecureRandom$SignallingEntropySource,getEntropy,com.tananaev.passportreader_22.apk,UNOBSERVED_CREATION
14317,2,SecureRandomSpec,org.spongycastle.jcajce.provider.drbg.DRBG$HybridSecureRandom$SignallingEntropySource$EntropyGatherer,run,com.tananaev.passportreader_22.apk,UNOBSERVED_CREATION
14318,4,MessageDigestSpec,com.google.android.gms.ads.internal.util.client.zzf,zzG,com.tananaev.passportreader_22.apk,GENUINE_no
14319,4,MessageDigestSpec,com.google.android.gms.ads.internal.util.client.zzf,zzj,com.tananaev.passportreader_22.apk,GENUINE_no
14320,4,MessageDigestSpec,com.google.android.gms.common.util.AndroidUtilsLight,getPackageCertificateHashBytes,com.tananaev.passportreader_22.apk,GENUINE_no
14321,4,MessageDigestSpec,com.google.android.gms.common.util.AndroidUtilsLight,zza,com.tananaev.passportreader_22.apk,GENUINE_no
14322,4,MessageDigestSpec,com.google.android.gms.internal.ads.zzazu,run,com.tananaev.passportreader_22.apk,GENUINE_no
14323,4,MessageDigestSpec,com.google.android.gms.internal.ads.zzazv,zze,com.tananaev.passportreader_22.apk,GENUINE_no
14324,3,CipherSpec,com.google.android.gms.internal.ads.zzbbe,zzb,com.tananaev.passportreader_22.apk,LEGAL_REUSE_REJECTED
14327,4,MessageDigestSpec,com.google.android.gms.measurement.internal.zzgi,zzh,com.tananaev.passportreader_22.apk,GENUINE_no
14328,4,MessageDigestSpec,com.google.android.gms.measurement.internal.zzpp,zzO,com.tananaev.passportreader_22.apk,GENUINE_no
14329,4,MessageDigestSpec,com.google.firebase.crashlytics.internal.common.CommonUtils,hash,com.tananaev.passportreader_22.apk,GENUINE_no
14330,2,SecureRandomSpec,org.spongycastle.crypto.prng.BasicEntropySourceProvider$1,getEntropy,com.tananaev.passportreader_22.apk,UNOBSERVED_CREATION
14332,2,SecureRandomSpec,org.spongycastle.jcajce.provider.drbg.DRBG,createBaseRandom,com.tananaev.passportreader_22.apk,UNOBSERVED_CREATION
14333,2,SecureRandomSpec,org.spongycastle.jcajce.provider.drbg.DRBG$HybridSecureRandom,<init>,com.tananaev.passportreader_22.apk,UNOBSERVED_CREATION
14334,2,SecureRandomSpec,org.spongycastle.jcajce.provider.drbg.DRBG$HybridSecureRandom$SignallingEntropySource,getEntropy,com.tananaev.passportreader_22.apk,UNOBSERVED_CREATION
14335,2,SecureRandomSpec,org.spongycastle.jcajce.provider.drbg.DRBG$HybridSecureRandom$SignallingEntropySource$EntropyGatherer,run,com.tananaev.passportreader_22.apk,UNOBSERVED_CREATION
14336,4,MessageDigestSpec,com.google.android.gms.ads.internal.util.client.zzf,zzG,com.tananaev.passportreader_22.apk,GENUINE_no
14337,4,MessageDigestSpec,com.google.android.gms.ads.internal.util.client.zzf,zzj,com.tananaev.passportreader_22.apk,GENUINE_no
14338,4,MessageDigestSpec,com.google.android.gms.common.util.AndroidUtilsLight,getPackageCertificateHashBytes,com.tananaev.passportreader_22.apk,GENUINE_no
14339,4,MessageDigestSpec,com.google.android.gms.common.util.AndroidUtilsLight,zza,com.tananaev.passportreader_22.apk,GENUINE_no
14340,4,MessageDigestSpec,com.google.android.gms.internal.ads.zzazu,run,com.tananaev.passportreader_22.apk,GENUINE_no
14341,4,MessageDigestSpec,com.google.android.gms.internal.ads.zzazv,zze,com.tananaev.passportreader_22.apk,GENUINE_no
14342,3,CipherSpec,com.google.android.gms.internal.ads.zzbbe,zzb,com.tananaev.passportreader_22.apk,LEGAL_REUSE_REJECTED
14345,4,MessageDigestSpec,com.google.android.gms.measurement.internal.zzgi,zzh,com.tananaev.passportreader_22.apk,GENUINE_no
14346,4,MessageDigestSpec,com.google.android.gms.measurement.internal.zzpp,zzO,com.tananaev.passportreader_22.apk,GENUINE_no
14347,4,MessageDigestSpec,com.google.firebase.crashlytics.internal.common.CommonUtils,hash,com.tananaev.passportreader_22.apk,GENUINE_no
14348,2,SecureRandomSpec,org.spongycastle.crypto.prng.BasicEntropySourceProvider$1,getEntropy,com.tananaev.passportreader_22.apk,UNOBSERVED_CREATION
14350,2,SecureRandomSpec,org.spongycastle.jcajce.provider.drbg.DRBG,createBaseRandom,com.tananaev.passportreader_22.apk,UNOBSERVED_CREATION
14351,2,SecureRandomSpec,org.spongycastle.jcajce.provider.drbg.DRBG$HybridSecureRandom,<init>,com.tananaev.passportreader_22.apk,UNOBSERVED_CREATION
14352,2,SecureRandomSpec,org.spongycastle.jcajce.provider.drbg.DRBG$HybridSecureRandom$SignallingEntropySource,getEntropy,com.tananaev.passportreader_22.apk,UNOBSERVED_CREATION
14353,2,SecureRandomSpec,org.spongycastle.jcajce.provider.drbg.DRBG$HybridSecureRandom$SignallingEntropySource$EntropyGatherer,run,com.tananaev.passportreader_22.apk,UNOBSERVED_CREATION
14354,4,MessageDigestSpec,com.google.android.gms.ads.internal.util.client.zzf,zzG,com.tananaev.passportreader_22.apk,GENUINE_no
14355,4,MessageDigestSpec,com.google.android.gms.ads.internal.util.client.zzf,zzj,com.tananaev.passportreader_22.apk,GENUINE_no
14356,4,MessageDigestSpec,com.google.android.gms.common.util.AndroidUtilsLight,getPackageCertificateHashBytes,com.tananaev.passportreader_22.apk,GENUINE_no
14357,4,MessageDigestSpec,com.google.android.gms.common.util.AndroidUtilsLight,zza,com.tananaev.passportreader_22.apk,GENUINE_no
14358,4,MessageDigestSpec,com.google.android.gms.internal.ads.zzazu,run,com.tananaev.passportreader_22.apk,GENUINE_no
14359,4,MessageDigestSpec,com.google.android.gms.internal.ads.zzazv,zze,com.tananaev.passportreader_22.apk,GENUINE_no
14360,3,CipherSpec,com.google.android.gms.internal.ads.zzbbe,zzb,com.tananaev.passportreader_22.apk,LEGAL_REUSE_REJECTED
14363,4,MessageDigestSpec,com.google.android.gms.measurement.internal.zzgi,zzh,com.tananaev.passportreader_22.apk,GENUINE_no
14364,4,MessageDigestSpec,com.google.android.gms.measurement.internal.zzpp,zzO,com.tananaev.passportreader_22.apk,GENUINE_no
14365,4,MessageDigestSpec,com.google.firebase.crashlytics.internal.common.CommonUtils,hash,com.tananaev.passportreader_22.apk,GENUINE_no
14366,2,SecureRandomSpec,org.spongycastle.crypto.prng.BasicEntropySourceProvider$1,getEntropy,com.tananaev.passportreader_22.apk,UNOBSERVED_CREATION
14368,2,SecureRandomSpec,org.spongycastle.jcajce.provider.drbg.DRBG,createBaseRandom,com.tananaev.passportreader_22.apk,UNOBSERVED_CREATION
14369,2,SecureRandomSpec,org.spongycastle.jcajce.provider.drbg.DRBG$HybridSecureRandom,<init>,com.tananaev.passportreader_22.apk,UNOBSERVED_CREATION
14370,2,SecureRandomSpec,org.spongycastle.jcajce.provider.drbg.DRBG$HybridSecureRandom$SignallingEntropySource,getEntropy,com.tananaev.passportreader_22.apk,UNOBSERVED_CREATION
14371,2,SecureRandomSpec,org.spongycastle.jcajce.provider.drbg.DRBG$HybridSecureRandom$SignallingEntropySource$EntropyGatherer,run,com.tananaev.passportreader_22.apk,UNOBSERVED_CREATION
14372,4,MessageDigestSpec,com.google.android.gms.ads.internal.util.client.zzf,zzG,com.tananaev.passportreader_22.apk,GENUINE_no
14373,4,MessageDigestSpec,com.google.android.gms.ads.internal.util.client.zzf,zzj,com.tananaev.passportreader_22.apk,GENUINE_no
14374,4,MessageDigestSpec,com.google.android.gms.common.util.AndroidUtilsLight,getPackageCertificateHashBytes,com.tananaev.passportreader_22.apk,GENUINE_no
14375,4,MessageDigestSpec,com.google.android.gms.common.util.AndroidUtilsLight,zza,com.tananaev.passportreader_22.apk,GENUINE_no
14376,4,MessageDigestSpec,com.google.android.gms.internal.ads.zzazu,run,com.tananaev.passportreader_22.apk,GENUINE_no
14377,4,MessageDigestSpec,com.google.android.gms.internal.ads.zzazv,zze,com.tananaev.passportreader_22.apk,GENUINE_no
14378,3,CipherSpec,com.google.android.gms.internal.ads.zzbbe,zzb,com.tananaev.passportreader_22.apk,LEGAL_REUSE_REJECTED
14381,4,MessageDigestSpec,com.google.android.gms.measurement.internal.zzgi,zzh,com.tananaev.passportreader_22.apk,GENUINE_no
14382,4,MessageDigestSpec,com.google.android.gms.measurement.internal.zzpp,zzO,com.tananaev.passportreader_22.apk,GENUINE_no
14383,4,MessageDigestSpec,com.google.firebase.crashlytics.internal.common.CommonUtils,hash,com.tananaev.passportreader_22.apk,GENUINE_no
14384,2,SecureRandomSpec,org.spongycastle.crypto.prng.BasicEntropySourceProvider$1,getEntropy,com.tananaev.passportreader_22.apk,UNOBSERVED_CREATION
14386,2,SecureRandomSpec,org.spongycastle.jcajce.provider.drbg.DRBG,createBaseRandom,com.tananaev.passportreader_22.apk,UNOBSERVED_CREATION
14387,2,SecureRandomSpec,org.spongycastle.jcajce.provider.drbg.DRBG$HybridSecureRandom,<init>,com.tananaev.passportreader_22.apk,UNOBSERVED_CREATION
14388,2,SecureRandomSpec,org.spongycastle.jcajce.provider.drbg.DRBG$HybridSecureRandom$SignallingEntropySource,getEntropy,com.tananaev.passportreader_22.apk,UNOBSERVED_CREATION
14389,2,SecureRandomSpec,org.spongycastle.jcajce.provider.drbg.DRBG$HybridSecureRandom$SignallingEntropySource$EntropyGatherer,run,com.tananaev.passportreader_22.apk,UNOBSERVED_CREATION
14390,4,MessageDigestSpec,com.google.android.gms.ads.internal.util.client.zzf,zzG,com.tananaev.passportreader_22.apk,GENUINE_no
14391,4,MessageDigestSpec,com.google.android.gms.ads.internal.util.client.zzf,zzj,com.tananaev.passportreader_22.apk,GENUINE_no
14392,4,MessageDigestSpec,com.google.android.gms.common.util.AndroidUtilsLight,getPackageCertificateHashBytes,com.tananaev.passportreader_22.apk,GENUINE_no
14393,4,MessageDigestSpec,com.google.android.gms.common.util.AndroidUtilsLight,zza,com.tananaev.passportreader_22.apk,GENUINE_no
14394,4,MessageDigestSpec,com.google.android.gms.internal.ads.zzazu,run,com.tananaev.passportreader_22.apk,GENUINE_no
14395,4,MessageDigestSpec,com.google.android.gms.internal.ads.zzazv,zze,com.tananaev.passportreader_22.apk,GENUINE_no
14396,3,CipherSpec,com.google.android.gms.internal.ads.zzbbe,zzb,com.tananaev.passportreader_22.apk,LEGAL_REUSE_REJECTED
14399,4,MessageDigestSpec,com.google.android.gms.measurement.internal.zzgi,zzh,com.tananaev.passportreader_22.apk,GENUINE_no
14400,4,MessageDigestSpec,com.google.android.gms.measurement.internal.zzpp,zzO,com.tananaev.passportreader_22.apk,GENUINE_no
14401,4,MessageDigestSpec,com.google.firebase.crashlytics.internal.common.CommonUtils,hash,com.tananaev.passportreader_22.apk,GENUINE_no
14402,2,SecureRandomSpec,org.spongycastle.crypto.prng.BasicEntropySourceProvider$1,getEntropy,com.tananaev.passportreader_22.apk,UNOBSERVED_CREATION
14404,2,SecureRandomSpec,org.spongycastle.jcajce.provider.drbg.DRBG,createBaseRandom,com.tananaev.passportreader_22.apk,UNOBSERVED_CREATION
14405,2,SecureRandomSpec,org.spongycastle.jcajce.provider.drbg.DRBG$HybridSecureRandom,<init>,com.tananaev.passportreader_22.apk,UNOBSERVED_CREATION
14406,2,SecureRandomSpec,org.spongycastle.jcajce.provider.drbg.DRBG$HybridSecureRandom$SignallingEntropySource,getEntropy,com.tananaev.passportreader_22.apk,UNOBSERVED_CREATION
14407,2,SecureRandomSpec,org.spongycastle.jcajce.provider.drbg.DRBG$HybridSecureRandom$SignallingEntropySource$EntropyGatherer,run,com.tananaev.passportreader_22.apk,UNOBSERVED_CREATION
14408,4,MessageDigestSpec,com.google.android.gms.ads.internal.util.client.zzf,zzG,com.tananaev.passportreader_22.apk,GENUINE_no
14409,4,MessageDigestSpec,com.google.android.gms.ads.internal.util.client.zzf,zzj,com.tananaev.passportreader_22.apk,GENUINE_no
14410,4,MessageDigestSpec,com.google.android.gms.common.util.AndroidUtilsLight,getPackageCertificateHashBytes,com.tananaev.passportreader_22.apk,GENUINE_no
14411,4,MessageDigestSpec,com.google.android.gms.common.util.AndroidUtilsLight,zza,com.tananaev.passportreader_22.apk,GENUINE_no
14412,4,MessageDigestSpec,com.google.android.gms.internal.ads.zzazu,run,com.tananaev.passportreader_22.apk,GENUINE_no
14413,4,MessageDigestSpec,com.google.android.gms.internal.ads.zzazv,zze,com.tananaev.passportreader_22.apk,GENUINE_no
14414,3,CipherSpec,com.google.android.gms.internal.ads.zzbbe,zzb,com.tananaev.passportreader_22.apk,LEGAL_REUSE_REJECTED
14417,4,MessageDigestSpec,com.google.android.gms.measurement.internal.zzgi,zzh,com.tananaev.passportreader_22.apk,GENUINE_no
14418,4,MessageDigestSpec,com.google.android.gms.measurement.internal.zzpp,zzO,com.tananaev.passportreader_22.apk,GENUINE_no
14419,4,MessageDigestSpec,com.google.firebase.crashlytics.internal.common.CommonUtils,hash,com.tananaev.passportreader_22.apk,GENUINE_no
14420,2,SecureRandomSpec,org.spongycastle.crypto.prng.BasicEntropySourceProvider$1,getEntropy,com.tananaev.passportreader_22.apk,UNOBSERVED_CREATION
14422,2,SecureRandomSpec,org.spongycastle.jcajce.provider.drbg.DRBG,createBaseRandom,com.tananaev.passportreader_22.apk,UNOBSERVED_CREATION
14423,2,SecureRandomSpec,org.spongycastle.jcajce.provider.drbg.DRBG$HybridSecureRandom,<init>,com.tananaev.passportreader_22.apk,UNOBSERVED_CREATION
14424,2,SecureRandomSpec,org.spongycastle.jcajce.provider.drbg.DRBG$HybridSecureRandom$SignallingEntropySource,getEntropy,com.tananaev.passportreader_22.apk,UNOBSERVED_CREATION
14425,2,SecureRandomSpec,org.spongycastle.jcajce.provider.drbg.DRBG$HybridSecureRandom$SignallingEntropySource$EntropyGatherer,run,com.tananaev.passportreader_22.apk,UNOBSERVED_CREATION
14426,4,MessageDigestSpec,com.google.android.gms.ads.internal.util.client.zzf,zzG,com.tananaev.passportreader_22.apk,GENUINE_no
14427,4,MessageDigestSpec,com.google.android.gms.ads.internal.util.client.zzf,zzj,com.tananaev.passportreader_22.apk,GENUINE_no
14428,4,MessageDigestSpec,com.google.android.gms.common.util.AndroidUtilsLight,getPackageCertificateHashBytes,com.tananaev.passportreader_22.apk,GENUINE_no
14429,4,MessageDigestSpec,com.google.android.gms.common.util.AndroidUtilsLight,zza,com.tananaev.passportreader_22.apk,GENUINE_no
14430,4,MessageDigestSpec,com.google.android.gms.internal.ads.zzazu,run,com.tananaev.passportreader_22.apk,GENUINE_no
14431,4,MessageDigestSpec,com.google.android.gms.internal.ads.zzazv,zze,com.tananaev.passportreader_22.apk,GENUINE_no
14432,3,CipherSpec,com.google.android.gms.internal.ads.zzbbe,zzb,com.tananaev.passportreader_22.apk,LEGAL_REUSE_REJECTED
14435,4,MessageDigestSpec,com.google.android.gms.measurement.internal.zzgi,zzh,com.tananaev.passportreader_22.apk,GENUINE_no
14436,4,MessageDigestSpec,com.google.android.gms.measurement.internal.zzpp,zzO,com.tananaev.passportreader_22.apk,GENUINE_no
14437,4,MessageDigestSpec,com.google.firebase.crashlytics.internal.common.CommonUtils,hash,com.tananaev.passportreader_22.apk,GENUINE_no
14438,2,SecureRandomSpec,org.spongycastle.crypto.prng.BasicEntropySourceProvider$1,getEntropy,com.tananaev.passportreader_22.apk,UNOBSERVED_CREATION
14440,2,SecureRandomSpec,org.spongycastle.jcajce.provider.drbg.DRBG,createBaseRandom,com.tananaev.passportreader_22.apk,UNOBSERVED_CREATION
14441,2,SecureRandomSpec,org.spongycastle.jcajce.provider.drbg.DRBG$HybridSecureRandom,<init>,com.tananaev.passportreader_22.apk,UNOBSERVED_CREATION
14442,2,SecureRandomSpec,org.spongycastle.jcajce.provider.drbg.DRBG$HybridSecureRandom$SignallingEntropySource,getEntropy,com.tananaev.passportreader_22.apk,UNOBSERVED_CREATION
14443,2,SecureRandomSpec,org.spongycastle.jcajce.provider.drbg.DRBG$HybridSecureRandom$SignallingEntropySource$EntropyGatherer,run,com.tananaev.passportreader_22.apk,UNOBSERVED_CREATION
14444,4,MessageDigestSpec,com.google.android.gms.ads.internal.util.client.zzf,zzG,com.tananaev.passportreader_22.apk,GENUINE_no
14445,4,MessageDigestSpec,com.google.android.gms.ads.internal.util.client.zzf,zzj,com.tananaev.passportreader_22.apk,GENUINE_no
14446,4,MessageDigestSpec,com.google.android.gms.common.util.AndroidUtilsLight,getPackageCertificateHashBytes,com.tananaev.passportreader_22.apk,GENUINE_no
14447,4,MessageDigestSpec,com.google.android.gms.common.util.AndroidUtilsLight,zza,com.tananaev.passportreader_22.apk,GENUINE_no
14448,4,MessageDigestSpec,com.google.android.gms.internal.ads.zzazu,run,com.tananaev.passportreader_22.apk,GENUINE_no
14449,4,MessageDigestSpec,com.google.android.gms.internal.ads.zzazv,zze,com.tananaev.passportreader_22.apk,GENUINE_no
14450,3,CipherSpec,com.google.android.gms.internal.ads.zzbbe,zzb,com.tananaev.passportreader_22.apk,LEGAL_REUSE_REJECTED
14453,4,MessageDigestSpec,com.google.android.gms.measurement.internal.zzgi,zzh,com.tananaev.passportreader_22.apk,GENUINE_no
14454,4,MessageDigestSpec,com.google.android.gms.measurement.internal.zzpp,zzO,com.tananaev.passportreader_22.apk,GENUINE_no
14455,4,MessageDigestSpec,com.google.firebase.crashlytics.internal.common.CommonUtils,hash,com.tananaev.passportreader_22.apk,GENUINE_no
14456,2,SecureRandomSpec,org.spongycastle.crypto.prng.BasicEntropySourceProvider$1,getEntropy,com.tananaev.passportreader_22.apk,UNOBSERVED_CREATION
14458,2,SecureRandomSpec,org.spongycastle.jcajce.provider.drbg.DRBG,createBaseRandom,com.tananaev.passportreader_22.apk,UNOBSERVED_CREATION
14459,2,SecureRandomSpec,org.spongycastle.jcajce.provider.drbg.DRBG$HybridSecureRandom,<init>,com.tananaev.passportreader_22.apk,UNOBSERVED_CREATION
14460,2,SecureRandomSpec,org.spongycastle.jcajce.provider.drbg.DRBG$HybridSecureRandom$SignallingEntropySource,getEntropy,com.tananaev.passportreader_22.apk,UNOBSERVED_CREATION
14461,2,SecureRandomSpec,org.spongycastle.jcajce.provider.drbg.DRBG$HybridSecureRandom$SignallingEntropySource$EntropyGatherer,run,com.tananaev.passportreader_22.apk,UNOBSERVED_CREATION
14462,4,MessageDigestSpec,com.google.android.gms.ads.internal.util.client.zzf,zzG,com.tananaev.passportreader_22.apk,GENUINE_no
14463,4,MessageDigestSpec,com.google.android.gms.ads.internal.util.client.zzf,zzj,com.tananaev.passportreader_22.apk,GENUINE_no
14464,4,MessageDigestSpec,com.google.android.gms.common.util.AndroidUtilsLight,getPackageCertificateHashBytes,com.tananaev.passportreader_22.apk,GENUINE_no
14465,4,MessageDigestSpec,com.google.android.gms.common.util.AndroidUtilsLight,zza,com.tananaev.passportreader_22.apk,GENUINE_no
14466,4,MessageDigestSpec,com.google.android.gms.internal.ads.zzazu,run,com.tananaev.passportreader_22.apk,GENUINE_no
14467,4,MessageDigestSpec,com.google.android.gms.internal.ads.zzazv,zze,com.tananaev.passportreader_22.apk,GENUINE_no
14468,3,CipherSpec,com.google.android.gms.internal.ads.zzbbe,zzb,com.tananaev.passportreader_22.apk,LEGAL_REUSE_REJECTED
14471,4,MessageDigestSpec,com.google.android.gms.measurement.internal.zzgi,zzh,com.tananaev.passportreader_22.apk,GENUINE_no
14472,4,MessageDigestSpec,com.google.android.gms.measurement.internal.zzpp,zzO,com.tananaev.passportreader_22.apk,GENUINE_no
14473,4,MessageDigestSpec,com.google.firebase.crashlytics.internal.common.CommonUtils,hash,com.tananaev.passportreader_22.apk,GENUINE_no
14474,2,SecureRandomSpec,org.spongycastle.crypto.prng.BasicEntropySourceProvider$1,getEntropy,com.tananaev.passportreader_22.apk,UNOBSERVED_CREATION
14476,2,SecureRandomSpec,org.spongycastle.jcajce.provider.drbg.DRBG,createBaseRandom,com.tananaev.passportreader_22.apk,UNOBSERVED_CREATION
14477,2,SecureRandomSpec,org.spongycastle.jcajce.provider.drbg.DRBG$HybridSecureRandom,<init>,com.tananaev.passportreader_22.apk,UNOBSERVED_CREATION
14478,2,SecureRandomSpec,org.spongycastle.jcajce.provider.drbg.DRBG$HybridSecureRandom$SignallingEntropySource,getEntropy,com.tananaev.passportreader_22.apk,UNOBSERVED_CREATION
14479,2,SecureRandomSpec,org.spongycastle.jcajce.provider.drbg.DRBG$HybridSecureRandom$SignallingEntropySource$EntropyGatherer,run,com.tananaev.passportreader_22.apk,UNOBSERVED_CREATION
14480,4,MessageDigestSpec,com.google.android.gms.ads.internal.util.client.zzf,zzG,com.tananaev.passportreader_22.apk,GENUINE_no
14481,4,MessageDigestSpec,com.google.android.gms.ads.internal.util.client.zzf,zzj,com.tananaev.passportreader_22.apk,GENUINE_no
14482,4,MessageDigestSpec,com.google.android.gms.common.util.AndroidUtilsLight,getPackageCertificateHashBytes,com.tananaev.passportreader_22.apk,GENUINE_no
14483,4,MessageDigestSpec,com.google.android.gms.common.util.AndroidUtilsLight,zza,com.tananaev.passportreader_22.apk,GENUINE_no
14484,4,MessageDigestSpec,com.google.android.gms.internal.ads.zzazu,run,com.tananaev.passportreader_22.apk,GENUINE_no
14485,4,MessageDigestSpec,com.google.android.gms.internal.ads.zzazv,zze,com.tananaev.passportreader_22.apk,GENUINE_no
14486,3,CipherSpec,com.google.android.gms.internal.ads.zzbbe,zzb,com.tananaev.passportreader_22.apk,LEGAL_REUSE_REJECTED
14489,4,MessageDigestSpec,com.google.android.gms.measurement.internal.zzgi,zzh,com.tananaev.passportreader_22.apk,GENUINE_no
14490,4,MessageDigestSpec,com.google.android.gms.measurement.internal.zzpp,zzO,com.tananaev.passportreader_22.apk,GENUINE_no
14491,4,MessageDigestSpec,com.google.firebase.crashlytics.internal.common.CommonUtils,hash,com.tananaev.passportreader_22.apk,GENUINE_no
14492,2,SecureRandomSpec,org.spongycastle.crypto.prng.BasicEntropySourceProvider$1,getEntropy,com.tananaev.passportreader_22.apk,UNOBSERVED_CREATION
14494,2,SecureRandomSpec,org.spongycastle.jcajce.provider.drbg.DRBG,createBaseRandom,com.tananaev.passportreader_22.apk,UNOBSERVED_CREATION
14495,2,SecureRandomSpec,org.spongycastle.jcajce.provider.drbg.DRBG$HybridSecureRandom,<init>,com.tananaev.passportreader_22.apk,UNOBSERVED_CREATION
14496,2,SecureRandomSpec,org.spongycastle.jcajce.provider.drbg.DRBG$HybridSecureRandom$SignallingEntropySource,getEntropy,com.tananaev.passportreader_22.apk,UNOBSERVED_CREATION
14497,2,SecureRandomSpec,org.spongycastle.jcajce.provider.drbg.DRBG$HybridSecureRandom$SignallingEntropySource$EntropyGatherer,run,com.tananaev.passportreader_22.apk,UNOBSERVED_CREATION
14498,4,MessageDigestSpec,com.google.android.gms.ads.internal.util.client.zzf,zzG,com.tananaev.passportreader_22.apk,GENUINE_no
14499,4,MessageDigestSpec,com.google.android.gms.ads.internal.util.client.zzf,zzj,com.tananaev.passportreader_22.apk,GENUINE_no
14500,4,MessageDigestSpec,com.google.android.gms.common.util.AndroidUtilsLight,getPackageCertificateHashBytes,com.tananaev.passportreader_22.apk,GENUINE_no
14501,4,MessageDigestSpec,com.google.android.gms.common.util.AndroidUtilsLight,zza,com.tananaev.passportreader_22.apk,GENUINE_no
14502,4,MessageDigestSpec,com.google.android.gms.internal.ads.zzazu,run,com.tananaev.passportreader_22.apk,GENUINE_no
14503,4,MessageDigestSpec,com.google.android.gms.internal.ads.zzazv,zze,com.tananaev.passportreader_22.apk,GENUINE_no
14504,3,CipherSpec,com.google.android.gms.internal.ads.zzbbe,zzb,com.tananaev.passportreader_22.apk,LEGAL_REUSE_REJECTED
14507,4,MessageDigestSpec,com.google.android.gms.measurement.internal.zzgi,zzh,com.tananaev.passportreader_22.apk,GENUINE_no
14508,4,MessageDigestSpec,com.google.android.gms.measurement.internal.zzpp,zzO,com.tananaev.passportreader_22.apk,GENUINE_no
14509,4,MessageDigestSpec,com.google.firebase.crashlytics.internal.common.CommonUtils,hash,com.tananaev.passportreader_22.apk,GENUINE_no
14510,2,SecureRandomSpec,org.spongycastle.crypto.prng.BasicEntropySourceProvider$1,getEntropy,com.tananaev.passportreader_22.apk,UNOBSERVED_CREATION
14512,2,SecureRandomSpec,org.spongycastle.jcajce.provider.drbg.DRBG,createBaseRandom,com.tananaev.passportreader_22.apk,UNOBSERVED_CREATION
14513,2,SecureRandomSpec,org.spongycastle.jcajce.provider.drbg.DRBG$HybridSecureRandom,<init>,com.tananaev.passportreader_22.apk,UNOBSERVED_CREATION
14514,2,SecureRandomSpec,org.spongycastle.jcajce.provider.drbg.DRBG$HybridSecureRandom$SignallingEntropySource,getEntropy,com.tananaev.passportreader_22.apk,UNOBSERVED_CREATION
14515,2,SecureRandomSpec,org.spongycastle.jcajce.provider.drbg.DRBG$HybridSecureRandom$SignallingEntropySource$EntropyGatherer,run,com.tananaev.passportreader_22.apk,UNOBSERVED_CREATION
14516,4,MessageDigestSpec,com.google.android.gms.ads.internal.util.client.zzf,zzG,com.tananaev.passportreader_22.apk,GENUINE_no
14517,4,MessageDigestSpec,com.google.android.gms.ads.internal.util.client.zzf,zzj,com.tananaev.passportreader_22.apk,GENUINE_no
14518,4,MessageDigestSpec,com.google.android.gms.common.util.AndroidUtilsLight,getPackageCertificateHashBytes,com.tananaev.passportreader_22.apk,GENUINE_no
14519,4,MessageDigestSpec,com.google.android.gms.common.util.AndroidUtilsLight,zza,com.tananaev.passportreader_22.apk,GENUINE_no
14520,4,MessageDigestSpec,com.google.android.gms.internal.ads.zzazu,run,com.tananaev.passportreader_22.apk,GENUINE_no
14521,4,MessageDigestSpec,com.google.android.gms.internal.ads.zzazv,zze,com.tananaev.passportreader_22.apk,GENUINE_no
14522,3,CipherSpec,com.google.android.gms.internal.ads.zzbbe,zzb,com.tananaev.passportreader_22.apk,LEGAL_REUSE_REJECTED
14525,4,MessageDigestSpec,com.google.android.gms.measurement.internal.zzgi,zzh,com.tananaev.passportreader_22.apk,GENUINE_no
14526,4,MessageDigestSpec,com.google.android.gms.measurement.internal.zzpp,zzO,com.tananaev.passportreader_22.apk,GENUINE_no
14527,4,MessageDigestSpec,com.google.firebase.crashlytics.internal.common.CommonUtils,hash,com.tananaev.passportreader_22.apk,GENUINE_no
14528,2,SecureRandomSpec,org.spongycastle.crypto.prng.BasicEntropySourceProvider$1,getEntropy,com.tananaev.passportreader_22.apk,UNOBSERVED_CREATION
14530,2,SecureRandomSpec,org.spongycastle.jcajce.provider.drbg.DRBG,createBaseRandom,com.tananaev.passportreader_22.apk,UNOBSERVED_CREATION
14531,2,SecureRandomSpec,org.spongycastle.jcajce.provider.drbg.DRBG$HybridSecureRandom,<init>,com.tananaev.passportreader_22.apk,UNOBSERVED_CREATION
14532,2,SecureRandomSpec,org.spongycastle.jcajce.provider.drbg.DRBG$HybridSecureRandom$SignallingEntropySource,getEntropy,com.tananaev.passportreader_22.apk,UNOBSERVED_CREATION
14533,2,SecureRandomSpec,org.spongycastle.jcajce.provider.drbg.DRBG$HybridSecureRandom$SignallingEntropySource$EntropyGatherer,run,com.tananaev.passportreader_22.apk,UNOBSERVED_CREATION
14534,4,MessageDigestSpec,com.google.android.gms.ads.internal.util.client.zzf,zzG,com.tananaev.passportreader_22.apk,GENUINE_no
14535,4,MessageDigestSpec,com.google.android.gms.ads.internal.util.client.zzf,zzj,com.tananaev.passportreader_22.apk,GENUINE_no
14536,4,MessageDigestSpec,com.google.android.gms.common.util.AndroidUtilsLight,getPackageCertificateHashBytes,com.tananaev.passportreader_22.apk,GENUINE_no
14537,4,MessageDigestSpec,com.google.android.gms.common.util.AndroidUtilsLight,zza,com.tananaev.passportreader_22.apk,GENUINE_no
14538,4,MessageDigestSpec,com.google.android.gms.internal.ads.zzazu,run,com.tananaev.passportreader_22.apk,GENUINE_no
14539,4,MessageDigestSpec,com.google.android.gms.internal.ads.zzazv,zze,com.tananaev.passportreader_22.apk,GENUINE_no
14540,3,CipherSpec,com.google.android.gms.internal.ads.zzbbe,zzb,com.tananaev.passportreader_22.apk,LEGAL_REUSE_REJECTED
14543,4,MessageDigestSpec,com.google.android.gms.measurement.internal.zzgi,zzh,com.tananaev.passportreader_22.apk,GENUINE_no
14544,4,MessageDigestSpec,com.google.android.gms.measurement.internal.zzpp,zzO,com.tananaev.passportreader_22.apk,GENUINE_no
14545,4,MessageDigestSpec,com.google.firebase.crashlytics.internal.common.CommonUtils,hash,com.tananaev.passportreader_22.apk,GENUINE_no
14546,2,SecureRandomSpec,org.spongycastle.crypto.prng.BasicEntropySourceProvider$1,getEntropy,com.tananaev.passportreader_22.apk,UNOBSERVED_CREATION
14548,2,SecureRandomSpec,org.spongycastle.jcajce.provider.drbg.DRBG,createBaseRandom,com.tananaev.passportreader_22.apk,UNOBSERVED_CREATION
14549,2,SecureRandomSpec,org.spongycastle.jcajce.provider.drbg.DRBG$HybridSecureRandom,<init>,com.tananaev.passportreader_22.apk,UNOBSERVED_CREATION
14550,2,SecureRandomSpec,org.spongycastle.jcajce.provider.drbg.DRBG$HybridSecureRandom$SignallingEntropySource,getEntropy,com.tananaev.passportreader_22.apk,UNOBSERVED_CREATION
14551,2,SecureRandomSpec,org.spongycastle.jcajce.provider.drbg.DRBG$HybridSecureRandom$SignallingEntropySource$EntropyGatherer,run,com.tananaev.passportreader_22.apk,UNOBSERVED_CREATION
14552,4,MessageDigestSpec,com.google.android.gms.ads.internal.util.client.zzf,zzG,com.tananaev.passportreader_22.apk,GENUINE_no
14553,4,MessageDigestSpec,com.google.android.gms.ads.internal.util.client.zzf,zzj,com.tananaev.passportreader_22.apk,GENUINE_no
14554,4,MessageDigestSpec,com.google.android.gms.common.util.AndroidUtilsLight,getPackageCertificateHashBytes,com.tananaev.passportreader_22.apk,GENUINE_no
14555,4,MessageDigestSpec,com.google.android.gms.common.util.AndroidUtilsLight,zza,com.tananaev.passportreader_22.apk,GENUINE_no
14556,4,MessageDigestSpec,com.google.android.gms.internal.ads.zzazu,run,com.tananaev.passportreader_22.apk,GENUINE_no
14557,4,MessageDigestSpec,com.google.android.gms.internal.ads.zzazv,zze,com.tananaev.passportreader_22.apk,GENUINE_no
14558,3,CipherSpec,com.google.android.gms.internal.ads.zzbbe,zzb,com.tananaev.passportreader_22.apk,LEGAL_REUSE_REJECTED
14561,4,MessageDigestSpec,com.google.android.gms.measurement.internal.zzgi,zzh,com.tananaev.passportreader_22.apk,GENUINE_no
14562,4,MessageDigestSpec,com.google.android.gms.measurement.internal.zzpp,zzO,com.tananaev.passportreader_22.apk,GENUINE_no
14563,4,MessageDigestSpec,com.google.firebase.crashlytics.internal.common.CommonUtils,hash,com.tananaev.passportreader_22.apk,GENUINE_no
14564,2,SecureRandomSpec,org.spongycastle.crypto.prng.BasicEntropySourceProvider$1,getEntropy,com.tananaev.passportreader_22.apk,UNOBSERVED_CREATION
14566,2,SecureRandomSpec,org.spongycastle.jcajce.provider.drbg.DRBG,createBaseRandom,com.tananaev.passportreader_22.apk,UNOBSERVED_CREATION
14567,2,SecureRandomSpec,org.spongycastle.jcajce.provider.drbg.DRBG$HybridSecureRandom,<init>,com.tananaev.passportreader_22.apk,UNOBSERVED_CREATION
14568,2,SecureRandomSpec,org.spongycastle.jcajce.provider.drbg.DRBG$HybridSecureRandom$SignallingEntropySource,getEntropy,com.tananaev.passportreader_22.apk,UNOBSERVED_CREATION
14569,2,SecureRandomSpec,org.spongycastle.jcajce.provider.drbg.DRBG$HybridSecureRandom$SignallingEntropySource$EntropyGatherer,run,com.tananaev.passportreader_22.apk,UNOBSERVED_CREATION
14570,4,MessageDigestSpec,com.google.android.gms.ads.internal.util.client.zzf,zzG,com.tananaev.passportreader_22.apk,GENUINE_no
14571,4,MessageDigestSpec,com.google.android.gms.ads.internal.util.client.zzf,zzj,com.tananaev.passportreader_22.apk,GENUINE_no
14572,4,MessageDigestSpec,com.google.android.gms.common.util.AndroidUtilsLight,getPackageCertificateHashBytes,com.tananaev.passportreader_22.apk,GENUINE_no
14573,4,MessageDigestSpec,com.google.android.gms.common.util.AndroidUtilsLight,zza,com.tananaev.passportreader_22.apk,GENUINE_no
14574,4,MessageDigestSpec,com.google.android.gms.internal.ads.zzazu,run,com.tananaev.passportreader_22.apk,GENUINE_no
14575,4,MessageDigestSpec,com.google.android.gms.internal.ads.zzazv,zze,com.tananaev.passportreader_22.apk,GENUINE_no
14576,3,CipherSpec,com.google.android.gms.internal.ads.zzbbe,zzb,com.tananaev.passportreader_22.apk,LEGAL_REUSE_REJECTED
14579,4,MessageDigestSpec,com.google.android.gms.measurement.internal.zzgi,zzh,com.tananaev.passportreader_22.apk,GENUINE_no
14580,4,MessageDigestSpec,com.google.android.gms.measurement.internal.zzpp,zzO,com.tananaev.passportreader_22.apk,GENUINE_no
14581,4,MessageDigestSpec,com.google.firebase.crashlytics.internal.common.CommonUtils,hash,com.tananaev.passportreader_22.apk,GENUINE_no
14582,2,SecureRandomSpec,org.spongycastle.crypto.prng.BasicEntropySourceProvider$1,getEntropy,com.tananaev.passportreader_22.apk,UNOBSERVED_CREATION
14584,2,SecureRandomSpec,org.spongycastle.jcajce.provider.drbg.DRBG,createBaseRandom,com.tananaev.passportreader_22.apk,UNOBSERVED_CREATION
14585,2,SecureRandomSpec,org.spongycastle.jcajce.provider.drbg.DRBG$HybridSecureRandom,<init>,com.tananaev.passportreader_22.apk,UNOBSERVED_CREATION
14586,2,SecureRandomSpec,org.spongycastle.jcajce.provider.drbg.DRBG$HybridSecureRandom$SignallingEntropySource,getEntropy,com.tananaev.passportreader_22.apk,UNOBSERVED_CREATION
14587,2,SecureRandomSpec,org.spongycastle.jcajce.provider.drbg.DRBG$HybridSecureRandom$SignallingEntropySource$EntropyGatherer,run,com.tananaev.passportreader_22.apk,UNOBSERVED_CREATION
14588,4,MessageDigestSpec,com.google.android.gms.ads.internal.util.client.zzf,zzG,com.tananaev.passportreader_22.apk,GENUINE_no
14589,4,MessageDigestSpec,com.google.android.gms.ads.internal.util.client.zzf,zzj,com.tananaev.passportreader_22.apk,GENUINE_no
14590,4,MessageDigestSpec,com.google.android.gms.common.util.AndroidUtilsLight,getPackageCertificateHashBytes,com.tananaev.passportreader_22.apk,GENUINE_no
14591,4,MessageDigestSpec,com.google.android.gms.common.util.AndroidUtilsLight,zza,com.tananaev.passportreader_22.apk,GENUINE_no
14592,4,MessageDigestSpec,com.google.android.gms.internal.ads.zzazu,run,com.tananaev.passportreader_22.apk,GENUINE_no
14593,4,MessageDigestSpec,com.google.android.gms.internal.ads.zzazv,zze,com.tananaev.passportreader_22.apk,GENUINE_no
14594,3,CipherSpec,com.google.android.gms.internal.ads.zzbbe,zzb,com.tananaev.passportreader_22.apk,LEGAL_REUSE_REJECTED
14597,4,MessageDigestSpec,com.google.android.gms.measurement.internal.zzgi,zzh,com.tananaev.passportreader_22.apk,GENUINE_no
14598,4,MessageDigestSpec,com.google.android.gms.measurement.internal.zzpp,zzO,com.tananaev.passportreader_22.apk,GENUINE_no
14599,4,MessageDigestSpec,com.google.firebase.crashlytics.internal.common.CommonUtils,hash,com.tananaev.passportreader_22.apk,GENUINE_no
14600,2,SecureRandomSpec,org.spongycastle.crypto.prng.BasicEntropySourceProvider$1,getEntropy,com.tananaev.passportreader_22.apk,UNOBSERVED_CREATION
14602,2,SecureRandomSpec,org.spongycastle.jcajce.provider.drbg.DRBG,createBaseRandom,com.tananaev.passportreader_22.apk,UNOBSERVED_CREATION
14603,2,SecureRandomSpec,org.spongycastle.jcajce.provider.drbg.DRBG$HybridSecureRandom,<init>,com.tananaev.passportreader_22.apk,UNOBSERVED_CREATION
14604,2,SecureRandomSpec,org.spongycastle.jcajce.provider.drbg.DRBG$HybridSecureRandom$SignallingEntropySource,getEntropy,com.tananaev.passportreader_22.apk,UNOBSERVED_CREATION
14605,2,SecureRandomSpec,org.spongycastle.jcajce.provider.drbg.DRBG$HybridSecureRandom$SignallingEntropySource$EntropyGatherer,run,com.tananaev.passportreader_22.apk,UNOBSERVED_CREATION
14606,4,MessageDigestSpec,com.google.android.gms.ads.internal.util.client.zzf,zzG,com.tananaev.passportreader_22.apk,GENUINE_no
14607,4,MessageDigestSpec,com.google.android.gms.ads.internal.util.client.zzf,zzj,com.tananaev.passportreader_22.apk,GENUINE_no
14608,4,MessageDigestSpec,com.google.android.gms.common.util.AndroidUtilsLight,getPackageCertificateHashBytes,com.tananaev.passportreader_22.apk,GENUINE_no
14609,4,MessageDigestSpec,com.google.android.gms.common.util.AndroidUtilsLight,zza,com.tananaev.passportreader_22.apk,GENUINE_no
14610,4,MessageDigestSpec,com.google.android.gms.internal.ads.zzazu,run,com.tananaev.passportreader_22.apk,GENUINE_no
14611,4,MessageDigestSpec,com.google.android.gms.internal.ads.zzazv,zze,com.tananaev.passportreader_22.apk,GENUINE_no
14612,3,CipherSpec,com.google.android.gms.internal.ads.zzbbe,zzb,com.tananaev.passportreader_22.apk,LEGAL_REUSE_REJECTED
14615,4,MessageDigestSpec,com.google.android.gms.measurement.internal.zzgi,zzh,com.tananaev.passportreader_22.apk,GENUINE_no
14616,4,MessageDigestSpec,com.google.android.gms.measurement.internal.zzpp,zzO,com.tananaev.passportreader_22.apk,GENUINE_no
14617,4,MessageDigestSpec,com.google.firebase.crashlytics.internal.common.CommonUtils,hash,com.tananaev.passportreader_22.apk,GENUINE_no
14618,2,SecureRandomSpec,org.spongycastle.crypto.prng.BasicEntropySourceProvider$1,getEntropy,com.tananaev.passportreader_22.apk,UNOBSERVED_CREATION
14620,2,SecureRandomSpec,org.spongycastle.jcajce.provider.drbg.DRBG,createBaseRandom,com.tananaev.passportreader_22.apk,UNOBSERVED_CREATION
14621,2,SecureRandomSpec,org.spongycastle.jcajce.provider.drbg.DRBG$HybridSecureRandom,<init>,com.tananaev.passportreader_22.apk,UNOBSERVED_CREATION
14622,2,SecureRandomSpec,org.spongycastle.jcajce.provider.drbg.DRBG$HybridSecureRandom$SignallingEntropySource,getEntropy,com.tananaev.passportreader_22.apk,UNOBSERVED_CREATION
14623,2,SecureRandomSpec,org.spongycastle.jcajce.provider.drbg.DRBG$HybridSecureRandom$SignallingEntropySource$EntropyGatherer,run,com.tananaev.passportreader_22.apk,UNOBSERVED_CREATION
14624,4,MessageDigestSpec,com.google.android.gms.ads.internal.util.client.zzf,zzG,com.tananaev.passportreader_22.apk,GENUINE_no
14625,4,MessageDigestSpec,com.google.android.gms.ads.internal.util.client.zzf,zzj,com.tananaev.passportreader_22.apk,GENUINE_no
14626,4,MessageDigestSpec,com.google.android.gms.common.util.AndroidUtilsLight,getPackageCertificateHashBytes,com.tananaev.passportreader_22.apk,GENUINE_no
14627,4,MessageDigestSpec,com.google.android.gms.common.util.AndroidUtilsLight,zza,com.tananaev.passportreader_22.apk,GENUINE_no
14628,4,MessageDigestSpec,com.google.android.gms.internal.ads.zzazu,run,com.tananaev.passportreader_22.apk,GENUINE_no
14629,4,MessageDigestSpec,com.google.android.gms.internal.ads.zzazv,zze,com.tananaev.passportreader_22.apk,GENUINE_no
14630,3,CipherSpec,com.google.android.gms.internal.ads.zzbbe,zzb,com.tananaev.passportreader_22.apk,LEGAL_REUSE_REJECTED
14633,4,MessageDigestSpec,com.google.android.gms.measurement.internal.zzgi,zzh,com.tananaev.passportreader_22.apk,GENUINE_no
14634,4,MessageDigestSpec,com.google.android.gms.measurement.internal.zzpp,zzO,com.tananaev.passportreader_22.apk,GENUINE_no
14635,4,MessageDigestSpec,com.google.firebase.crashlytics.internal.common.CommonUtils,hash,com.tananaev.passportreader_22.apk,GENUINE_no
14636,2,SecureRandomSpec,org.spongycastle.crypto.prng.BasicEntropySourceProvider$1,getEntropy,com.tananaev.passportreader_22.apk,UNOBSERVED_CREATION
14638,2,SecureRandomSpec,org.spongycastle.jcajce.provider.drbg.DRBG,createBaseRandom,com.tananaev.passportreader_22.apk,UNOBSERVED_CREATION
14639,2,SecureRandomSpec,org.spongycastle.jcajce.provider.drbg.DRBG$HybridSecureRandom,<init>,com.tananaev.passportreader_22.apk,UNOBSERVED_CREATION
14640,2,SecureRandomSpec,org.spongycastle.jcajce.provider.drbg.DRBG$HybridSecureRandom$SignallingEntropySource,getEntropy,com.tananaev.passportreader_22.apk,UNOBSERVED_CREATION
14641,2,SecureRandomSpec,org.spongycastle.jcajce.provider.drbg.DRBG$HybridSecureRandom$SignallingEntropySource$EntropyGatherer,run,com.tananaev.passportreader_22.apk,UNOBSERVED_CREATION
14642,4,MessageDigestSpec,com.google.android.gms.ads.internal.util.client.zzf,zzG,com.tananaev.passportreader_22.apk,GENUINE_no
14643,4,MessageDigestSpec,com.google.android.gms.ads.internal.util.client.zzf,zzj,com.tananaev.passportreader_22.apk,GENUINE_no
14644,4,MessageDigestSpec,com.google.android.gms.common.util.AndroidUtilsLight,getPackageCertificateHashBytes,com.tananaev.passportreader_22.apk,GENUINE_no
14645,4,MessageDigestSpec,com.google.android.gms.common.util.AndroidUtilsLight,zza,com.tananaev.passportreader_22.apk,GENUINE_no
14646,4,MessageDigestSpec,com.google.android.gms.internal.ads.zzazu,run,com.tananaev.passportreader_22.apk,GENUINE_no
14647,4,MessageDigestSpec,com.google.android.gms.internal.ads.zzazv,zze,com.tananaev.passportreader_22.apk,GENUINE_no
14648,3,CipherSpec,com.google.android.gms.internal.ads.zzbbe,zzb,com.tananaev.passportreader_22.apk,LEGAL_REUSE_REJECTED
14651,4,MessageDigestSpec,com.google.android.gms.measurement.internal.zzgi,zzh,com.tananaev.passportreader_22.apk,GENUINE_no
14652,4,MessageDigestSpec,com.google.android.gms.measurement.internal.zzpp,zzO,com.tananaev.passportreader_22.apk,GENUINE_no
14653,4,MessageDigestSpec,com.google.firebase.crashlytics.internal.common.CommonUtils,hash,com.tananaev.passportreader_22.apk,GENUINE_no
14654,2,SecureRandomSpec,org.spongycastle.crypto.prng.BasicEntropySourceProvider$1,getEntropy,com.tananaev.passportreader_22.apk,UNOBSERVED_CREATION
14656,2,SecureRandomSpec,org.spongycastle.jcajce.provider.drbg.DRBG,createBaseRandom,com.tananaev.passportreader_22.apk,UNOBSERVED_CREATION
14657,2,SecureRandomSpec,org.spongycastle.jcajce.provider.drbg.DRBG$HybridSecureRandom,<init>,com.tananaev.passportreader_22.apk,UNOBSERVED_CREATION
14658,2,SecureRandomSpec,org.spongycastle.jcajce.provider.drbg.DRBG$HybridSecureRandom$SignallingEntropySource,getEntropy,com.tananaev.passportreader_22.apk,UNOBSERVED_CREATION
14659,2,SecureRandomSpec,org.spongycastle.jcajce.provider.drbg.DRBG$HybridSecureRandom$SignallingEntropySource$EntropyGatherer,run,com.tananaev.passportreader_22.apk,UNOBSERVED_CREATION
14660,4,MessageDigestSpec,com.google.android.gms.ads.internal.util.client.zzf,zzG,com.tananaev.passportreader_22.apk,GENUINE_no
14661,4,MessageDigestSpec,com.google.android.gms.ads.internal.util.client.zzf,zzj,com.tananaev.passportreader_22.apk,GENUINE_no
14662,4,MessageDigestSpec,com.google.android.gms.common.util.AndroidUtilsLight,getPackageCertificateHashBytes,com.tananaev.passportreader_22.apk,GENUINE_no
14663,4,MessageDigestSpec,com.google.android.gms.common.util.AndroidUtilsLight,zza,com.tananaev.passportreader_22.apk,GENUINE_no
14664,4,MessageDigestSpec,com.google.android.gms.internal.ads.zzazu,run,com.tananaev.passportreader_22.apk,GENUINE_no
14665,4,MessageDigestSpec,com.google.android.gms.internal.ads.zzazv,zze,com.tananaev.passportreader_22.apk,GENUINE_no
14666,3,CipherSpec,com.google.android.gms.internal.ads.zzbbe,zzb,com.tananaev.passportreader_22.apk,LEGAL_REUSE_REJECTED
14669,4,MessageDigestSpec,com.google.android.gms.measurement.internal.zzgi,zzh,com.tananaev.passportreader_22.apk,GENUINE_no
14670,4,MessageDigestSpec,com.google.android.gms.measurement.internal.zzpp,zzO,com.tananaev.passportreader_22.apk,GENUINE_no
14671,4,MessageDigestSpec,com.google.firebase.crashlytics.internal.common.CommonUtils,hash,com.tananaev.passportreader_22.apk,GENUINE_no
14672,2,SecureRandomSpec,org.spongycastle.crypto.prng.BasicEntropySourceProvider$1,getEntropy,com.tananaev.passportreader_22.apk,UNOBSERVED_CREATION
14674,2,SecureRandomSpec,org.spongycastle.jcajce.provider.drbg.DRBG,createBaseRandom,com.tananaev.passportreader_22.apk,UNOBSERVED_CREATION
14675,2,SecureRandomSpec,org.spongycastle.jcajce.provider.drbg.DRBG$HybridSecureRandom,<init>,com.tananaev.passportreader_22.apk,UNOBSERVED_CREATION
14676,2,SecureRandomSpec,org.spongycastle.jcajce.provider.drbg.DRBG$HybridSecureRandom$SignallingEntropySource,getEntropy,com.tananaev.passportreader_22.apk,UNOBSERVED_CREATION
14677,2,SecureRandomSpec,org.spongycastle.jcajce.provider.drbg.DRBG$HybridSecureRandom$SignallingEntropySource$EntropyGatherer,run,com.tananaev.passportreader_22.apk,UNOBSERVED_CREATION
14678,4,MessageDigestSpec,com.google.android.gms.ads.internal.util.client.zzf,zzG,com.tananaev.passportreader_22.apk,GENUINE_no
14679,4,MessageDigestSpec,com.google.android.gms.ads.internal.util.client.zzf,zzj,com.tananaev.passportreader_22.apk,GENUINE_no
14680,4,MessageDigestSpec,com.google.android.gms.common.util.AndroidUtilsLight,getPackageCertificateHashBytes,com.tananaev.passportreader_22.apk,GENUINE_no
14681,4,MessageDigestSpec,com.google.android.gms.common.util.AndroidUtilsLight,zza,com.tananaev.passportreader_22.apk,GENUINE_no
14682,4,MessageDigestSpec,com.google.android.gms.internal.ads.zzazu,run,com.tananaev.passportreader_22.apk,GENUINE_no
14683,4,MessageDigestSpec,com.google.android.gms.internal.ads.zzazv,zze,com.tananaev.passportreader_22.apk,GENUINE_no
14684,3,CipherSpec,com.google.android.gms.internal.ads.zzbbe,zzb,com.tananaev.passportreader_22.apk,LEGAL_REUSE_REJECTED
14687,4,MessageDigestSpec,com.google.android.gms.measurement.internal.zzgi,zzh,com.tananaev.passportreader_22.apk,GENUINE_no
14688,4,MessageDigestSpec,com.google.android.gms.measurement.internal.zzpp,zzO,com.tananaev.passportreader_22.apk,GENUINE_no
14689,4,MessageDigestSpec,com.google.firebase.crashlytics.internal.common.CommonUtils,hash,com.tananaev.passportreader_22.apk,GENUINE_no
14690,2,SecureRandomSpec,org.spongycastle.crypto.prng.BasicEntropySourceProvider$1,getEntropy,com.tananaev.passportreader_22.apk,UNOBSERVED_CREATION
14692,2,SecureRandomSpec,org.spongycastle.jcajce.provider.drbg.DRBG,createBaseRandom,com.tananaev.passportreader_22.apk,UNOBSERVED_CREATION
14693,2,SecureRandomSpec,org.spongycastle.jcajce.provider.drbg.DRBG$HybridSecureRandom,<init>,com.tananaev.passportreader_22.apk,UNOBSERVED_CREATION
14694,2,SecureRandomSpec,org.spongycastle.jcajce.provider.drbg.DRBG$HybridSecureRandom$SignallingEntropySource,getEntropy,com.tananaev.passportreader_22.apk,UNOBSERVED_CREATION
14695,2,SecureRandomSpec,org.spongycastle.jcajce.provider.drbg.DRBG$HybridSecureRandom$SignallingEntropySource$EntropyGatherer,run,com.tananaev.passportreader_22.apk,UNOBSERVED_CREATION
14696,4,MessageDigestSpec,com.google.android.gms.ads.internal.util.client.zzf,zzG,com.tananaev.passportreader_22.apk,GENUINE_no
14697,4,MessageDigestSpec,com.google.android.gms.ads.internal.util.client.zzf,zzj,com.tananaev.passportreader_22.apk,GENUINE_no
14698,4,MessageDigestSpec,com.google.android.gms.common.util.AndroidUtilsLight,getPackageCertificateHashBytes,com.tananaev.passportreader_22.apk,GENUINE_no
14699,4,MessageDigestSpec,com.google.android.gms.common.util.AndroidUtilsLight,zza,com.tananaev.passportreader_22.apk,GENUINE_no
14700,4,MessageDigestSpec,com.google.android.gms.internal.ads.zzazu,run,com.tananaev.passportreader_22.apk,GENUINE_no
14701,4,MessageDigestSpec,com.google.android.gms.internal.ads.zzazv,zze,com.tananaev.passportreader_22.apk,GENUINE_no
14702,3,CipherSpec,com.google.android.gms.internal.ads.zzbbe,zzb,com.tananaev.passportreader_22.apk,LEGAL_REUSE_REJECTED
14705,4,MessageDigestSpec,com.google.android.gms.measurement.internal.zzgi,zzh,com.tananaev.passportreader_22.apk,GENUINE_no
14706,4,MessageDigestSpec,com.google.android.gms.measurement.internal.zzpp,zzO,com.tananaev.passportreader_22.apk,GENUINE_no
14707,4,MessageDigestSpec,com.google.firebase.crashlytics.internal.common.CommonUtils,hash,com.tananaev.passportreader_22.apk,GENUINE_no
14708,2,SecureRandomSpec,org.spongycastle.crypto.prng.BasicEntropySourceProvider$1,getEntropy,com.tananaev.passportreader_22.apk,UNOBSERVED_CREATION
14710,2,SecureRandomSpec,org.spongycastle.jcajce.provider.drbg.DRBG,createBaseRandom,com.tananaev.passportreader_22.apk,UNOBSERVED_CREATION
14711,2,SecureRandomSpec,org.spongycastle.jcajce.provider.drbg.DRBG$HybridSecureRandom,<init>,com.tananaev.passportreader_22.apk,UNOBSERVED_CREATION
14712,2,SecureRandomSpec,org.spongycastle.jcajce.provider.drbg.DRBG$HybridSecureRandom$SignallingEntropySource,getEntropy,com.tananaev.passportreader_22.apk,UNOBSERVED_CREATION
14713,2,SecureRandomSpec,org.spongycastle.jcajce.provider.drbg.DRBG$HybridSecureRandom$SignallingEntropySource$EntropyGatherer,run,com.tananaev.passportreader_22.apk,UNOBSERVED_CREATION
14714,4,MessageDigestSpec,com.google.android.gms.ads.internal.util.client.zzf,zzG,com.tananaev.passportreader_22.apk,GENUINE_no
14715,4,MessageDigestSpec,com.google.android.gms.ads.internal.util.client.zzf,zzj,com.tananaev.passportreader_22.apk,GENUINE_no
14716,4,MessageDigestSpec,com.google.android.gms.common.util.AndroidUtilsLight,getPackageCertificateHashBytes,com.tananaev.passportreader_22.apk,GENUINE_no
14717,4,MessageDigestSpec,com.google.android.gms.common.util.AndroidUtilsLight,zza,com.tananaev.passportreader_22.apk,GENUINE_no
14718,4,MessageDigestSpec,com.google.android.gms.internal.ads.zzazu,run,com.tananaev.passportreader_22.apk,GENUINE_no
14719,4,MessageDigestSpec,com.google.android.gms.internal.ads.zzazv,zze,com.tananaev.passportreader_22.apk,GENUINE_no
14720,3,CipherSpec,com.google.android.gms.internal.ads.zzbbe,zzb,com.tananaev.passportreader_22.apk,LEGAL_REUSE_REJECTED
14723,4,MessageDigestSpec,com.google.android.gms.measurement.internal.zzgi,zzh,com.tananaev.passportreader_22.apk,GENUINE_no
14724,4,MessageDigestSpec,com.google.android.gms.measurement.internal.zzpp,zzO,com.tananaev.passportreader_22.apk,GENUINE_no
14725,4,MessageDigestSpec,com.google.firebase.crashlytics.internal.common.CommonUtils,hash,com.tananaev.passportreader_22.apk,GENUINE_no
14726,2,SecureRandomSpec,org.spongycastle.crypto.prng.BasicEntropySourceProvider$1,getEntropy,com.tananaev.passportreader_22.apk,UNOBSERVED_CREATION
14728,2,SecureRandomSpec,org.spongycastle.jcajce.provider.drbg.DRBG,createBaseRandom,com.tananaev.passportreader_22.apk,UNOBSERVED_CREATION
14729,2,SecureRandomSpec,org.spongycastle.jcajce.provider.drbg.DRBG$HybridSecureRandom,<init>,com.tananaev.passportreader_22.apk,UNOBSERVED_CREATION
14730,2,SecureRandomSpec,org.spongycastle.jcajce.provider.drbg.DRBG$HybridSecureRandom$SignallingEntropySource,getEntropy,com.tananaev.passportreader_22.apk,UNOBSERVED_CREATION
14731,2,SecureRandomSpec,org.spongycastle.jcajce.provider.drbg.DRBG$HybridSecureRandom$SignallingEntropySource$EntropyGatherer,run,com.tananaev.passportreader_22.apk,UNOBSERVED_CREATION
14732,4,MessageDigestSpec,com.google.android.gms.ads.internal.util.client.zzf,zzG,com.tananaev.passportreader_22.apk,GENUINE_no
14733,4,MessageDigestSpec,com.google.android.gms.ads.internal.util.client.zzf,zzj,com.tananaev.passportreader_22.apk,GENUINE_no
14734,4,MessageDigestSpec,com.google.android.gms.common.util.AndroidUtilsLight,getPackageCertificateHashBytes,com.tananaev.passportreader_22.apk,GENUINE_no
14735,4,MessageDigestSpec,com.google.android.gms.common.util.AndroidUtilsLight,zza,com.tananaev.passportreader_22.apk,GENUINE_no
14736,4,MessageDigestSpec,com.google.android.gms.internal.ads.zzazu,run,com.tananaev.passportreader_22.apk,GENUINE_no
14737,4,MessageDigestSpec,com.google.android.gms.internal.ads.zzazv,zze,com.tananaev.passportreader_22.apk,GENUINE_no
14738,3,CipherSpec,com.google.android.gms.internal.ads.zzbbe,zzb,com.tananaev.passportreader_22.apk,LEGAL_REUSE_REJECTED
14741,4,MessageDigestSpec,com.google.android.gms.measurement.internal.zzgi,zzh,com.tananaev.passportreader_22.apk,GENUINE_no
14742,4,MessageDigestSpec,com.google.android.gms.measurement.internal.zzpp,zzO,com.tananaev.passportreader_22.apk,GENUINE_no
14743,4,MessageDigestSpec,com.google.firebase.crashlytics.internal.common.CommonUtils,hash,com.tananaev.passportreader_22.apk,GENUINE_no
14744,2,SecureRandomSpec,org.spongycastle.crypto.prng.BasicEntropySourceProvider$1,getEntropy,com.tananaev.passportreader_22.apk,UNOBSERVED_CREATION
14746,2,SecureRandomSpec,org.spongycastle.jcajce.provider.drbg.DRBG,createBaseRandom,com.tananaev.passportreader_22.apk,UNOBSERVED_CREATION
14747,2,SecureRandomSpec,org.spongycastle.jcajce.provider.drbg.DRBG$HybridSecureRandom,<init>,com.tananaev.passportreader_22.apk,UNOBSERVED_CREATION
14748,2,SecureRandomSpec,org.spongycastle.jcajce.provider.drbg.DRBG$HybridSecureRandom$SignallingEntropySource,getEntropy,com.tananaev.passportreader_22.apk,UNOBSERVED_CREATION
14749,2,SecureRandomSpec,org.spongycastle.jcajce.provider.drbg.DRBG$HybridSecureRandom$SignallingEntropySource$EntropyGatherer,run,com.tananaev.passportreader_22.apk,UNOBSERVED_CREATION
14750,4,MessageDigestSpec,com.google.android.gms.ads.internal.util.client.zzf,zzG,com.tananaev.passportreader_22.apk,GENUINE_no
14751,4,MessageDigestSpec,com.google.android.gms.ads.internal.util.client.zzf,zzj,com.tananaev.passportreader_22.apk,GENUINE_no
14752,4,MessageDigestSpec,com.google.android.gms.common.util.AndroidUtilsLight,getPackageCertificateHashBytes,com.tananaev.passportreader_22.apk,GENUINE_no
14753,4,MessageDigestSpec,com.google.android.gms.common.util.AndroidUtilsLight,zza,com.tananaev.passportreader_22.apk,GENUINE_no
14754,4,MessageDigestSpec,com.google.android.gms.internal.ads.zzazu,run,com.tananaev.passportreader_22.apk,GENUINE_no
14755,4,MessageDigestSpec,com.google.android.gms.internal.ads.zzazv,zze,com.tananaev.passportreader_22.apk,GENUINE_no
14756,3,CipherSpec,com.google.android.gms.internal.ads.zzbbe,zzb,com.tananaev.passportreader_22.apk,LEGAL_REUSE_REJECTED
14759,4,MessageDigestSpec,com.google.android.gms.measurement.internal.zzgi,zzh,com.tananaev.passportreader_22.apk,GENUINE_no
14760,4,MessageDigestSpec,com.google.android.gms.measurement.internal.zzpp,zzO,com.tananaev.passportreader_22.apk,GENUINE_no
14761,4,MessageDigestSpec,com.google.firebase.crashlytics.internal.common.CommonUtils,hash,com.tananaev.passportreader_22.apk,GENUINE_no
14762,2,SecureRandomSpec,org.spongycastle.crypto.prng.BasicEntropySourceProvider$1,getEntropy,com.tananaev.passportreader_22.apk,UNOBSERVED_CREATION
14764,2,SecureRandomSpec,org.spongycastle.jcajce.provider.drbg.DRBG,createBaseRandom,com.tananaev.passportreader_22.apk,UNOBSERVED_CREATION
14765,2,SecureRandomSpec,org.spongycastle.jcajce.provider.drbg.DRBG$HybridSecureRandom,<init>,com.tananaev.passportreader_22.apk,UNOBSERVED_CREATION
14766,2,SecureRandomSpec,org.spongycastle.jcajce.provider.drbg.DRBG$HybridSecureRandom$SignallingEntropySource,getEntropy,com.tananaev.passportreader_22.apk,UNOBSERVED_CREATION
14767,2,SecureRandomSpec,org.spongycastle.jcajce.provider.drbg.DRBG$HybridSecureRandom$SignallingEntropySource$EntropyGatherer,run,com.tananaev.passportreader_22.apk,UNOBSERVED_CREATION
14768,4,MessageDigestSpec,com.google.android.gms.ads.internal.util.client.zzf,zzG,com.tananaev.passportreader_22.apk,GENUINE_no
14769,4,MessageDigestSpec,com.google.android.gms.ads.internal.util.client.zzf,zzj,com.tananaev.passportreader_22.apk,GENUINE_no
14770,4,MessageDigestSpec,com.google.android.gms.common.util.AndroidUtilsLight,getPackageCertificateHashBytes,com.tananaev.passportreader_22.apk,GENUINE_no
14771,4,MessageDigestSpec,com.google.android.gms.common.util.AndroidUtilsLight,zza,com.tananaev.passportreader_22.apk,GENUINE_no
14772,4,MessageDigestSpec,com.google.android.gms.internal.ads.zzazu,run,com.tananaev.passportreader_22.apk,GENUINE_no
14773,4,MessageDigestSpec,com.google.android.gms.internal.ads.zzazv,zze,com.tananaev.passportreader_22.apk,GENUINE_no
14774,3,CipherSpec,com.google.android.gms.internal.ads.zzbbe,zzb,com.tananaev.passportreader_22.apk,LEGAL_REUSE_REJECTED
14777,4,MessageDigestSpec,com.google.android.gms.measurement.internal.zzgi,zzh,com.tananaev.passportreader_22.apk,GENUINE_no
14778,4,MessageDigestSpec,com.google.android.gms.measurement.internal.zzpp,zzO,com.tananaev.passportreader_22.apk,GENUINE_no
14779,4,MessageDigestSpec,com.google.firebase.crashlytics.internal.common.CommonUtils,hash,com.tananaev.passportreader_22.apk,GENUINE_no
14780,2,SecureRandomSpec,org.spongycastle.crypto.prng.BasicEntropySourceProvider$1,getEntropy,com.tananaev.passportreader_22.apk,UNOBSERVED_CREATION
14782,2,SecureRandomSpec,org.spongycastle.jcajce.provider.drbg.DRBG,createBaseRandom,com.tananaev.passportreader_22.apk,UNOBSERVED_CREATION
14783,2,SecureRandomSpec,org.spongycastle.jcajce.provider.drbg.DRBG$HybridSecureRandom,<init>,com.tananaev.passportreader_22.apk,UNOBSERVED_CREATION
14784,2,SecureRandomSpec,org.spongycastle.jcajce.provider.drbg.DRBG$HybridSecureRandom$SignallingEntropySource,getEntropy,com.tananaev.passportreader_22.apk,UNOBSERVED_CREATION
14785,2,SecureRandomSpec,org.spongycastle.jcajce.provider.drbg.DRBG$HybridSecureRandom$SignallingEntropySource$EntropyGatherer,run,com.tananaev.passportreader_22.apk,UNOBSERVED_CREATION
14786,4,MessageDigestSpec,com.google.android.gms.ads.internal.util.client.zzf,zzG,com.tananaev.passportreader_22.apk,GENUINE_no
14787,4,MessageDigestSpec,com.google.android.gms.ads.internal.util.client.zzf,zzj,com.tananaev.passportreader_22.apk,GENUINE_no
14788,4,MessageDigestSpec,com.google.android.gms.common.util.AndroidUtilsLight,getPackageCertificateHashBytes,com.tananaev.passportreader_22.apk,GENUINE_no
14789,4,MessageDigestSpec,com.google.android.gms.common.util.AndroidUtilsLight,zza,com.tananaev.passportreader_22.apk,GENUINE_no
14790,4,MessageDigestSpec,com.google.android.gms.internal.ads.zzazu,run,com.tananaev.passportreader_22.apk,GENUINE_no
14791,4,MessageDigestSpec,com.google.android.gms.internal.ads.zzazv,zze,com.tananaev.passportreader_22.apk,GENUINE_no
14792,3,CipherSpec,com.google.android.gms.internal.ads.zzbbe,zzb,com.tananaev.passportreader_22.apk,LEGAL_REUSE_REJECTED
14795,4,MessageDigestSpec,com.google.android.gms.measurement.internal.zzgi,zzh,com.tananaev.passportreader_22.apk,GENUINE_no
14796,4,MessageDigestSpec,com.google.android.gms.measurement.internal.zzpp,zzO,com.tananaev.passportreader_22.apk,GENUINE_no
14797,4,MessageDigestSpec,com.google.firebase.crashlytics.internal.common.CommonUtils,hash,com.tananaev.passportreader_22.apk,GENUINE_no
14798,2,SecureRandomSpec,org.spongycastle.crypto.prng.BasicEntropySourceProvider$1,getEntropy,com.tananaev.passportreader_22.apk,UNOBSERVED_CREATION
14800,2,SecureRandomSpec,org.spongycastle.jcajce.provider.drbg.DRBG,createBaseRandom,com.tananaev.passportreader_22.apk,UNOBSERVED_CREATION
14801,2,SecureRandomSpec,org.spongycastle.jcajce.provider.drbg.DRBG$HybridSecureRandom,<init>,com.tananaev.passportreader_22.apk,UNOBSERVED_CREATION
14802,2,SecureRandomSpec,org.spongycastle.jcajce.provider.drbg.DRBG$HybridSecureRandom$SignallingEntropySource,getEntropy,com.tananaev.passportreader_22.apk,UNOBSERVED_CREATION
14803,2,SecureRandomSpec,org.spongycastle.jcajce.provider.drbg.DRBG$HybridSecureRandom$SignallingEntropySource$EntropyGatherer,run,com.tananaev.passportreader_22.apk,UNOBSERVED_CREATION
14804,4,MessageDigestSpec,com.google.android.gms.ads.internal.util.client.zzf,zzG,com.tananaev.passportreader_22.apk,GENUINE_no
14805,4,MessageDigestSpec,com.google.android.gms.ads.internal.util.client.zzf,zzj,com.tananaev.passportreader_22.apk,GENUINE_no
14806,4,MessageDigestSpec,com.google.android.gms.common.util.AndroidUtilsLight,getPackageCertificateHashBytes,com.tananaev.passportreader_22.apk,GENUINE_no
14807,4,MessageDigestSpec,com.google.android.gms.common.util.AndroidUtilsLight,zza,com.tananaev.passportreader_22.apk,GENUINE_no
14808,4,MessageDigestSpec,com.google.android.gms.internal.ads.zzazu,run,com.tananaev.passportreader_22.apk,GENUINE_no
14809,4,MessageDigestSpec,com.google.android.gms.internal.ads.zzazv,zze,com.tananaev.passportreader_22.apk,GENUINE_no
14810,3,CipherSpec,com.google.android.gms.internal.ads.zzbbe,zzb,com.tananaev.passportreader_22.apk,LEGAL_REUSE_REJECTED
14813,4,MessageDigestSpec,com.google.android.gms.measurement.internal.zzgi,zzh,com.tananaev.passportreader_22.apk,GENUINE_no
14814,4,MessageDigestSpec,com.google.android.gms.measurement.internal.zzpp,zzO,com.tananaev.passportreader_22.apk,GENUINE_no
14815,4,MessageDigestSpec,com.google.firebase.crashlytics.internal.common.CommonUtils,hash,com.tananaev.passportreader_22.apk,GENUINE_no
14816,2,SecureRandomSpec,org.spongycastle.crypto.prng.BasicEntropySourceProvider$1,getEntropy,com.tananaev.passportreader_22.apk,UNOBSERVED_CREATION
14818,2,SecureRandomSpec,org.spongycastle.jcajce.provider.drbg.DRBG,createBaseRandom,com.tananaev.passportreader_22.apk,UNOBSERVED_CREATION
14819,2,SecureRandomSpec,org.spongycastle.jcajce.provider.drbg.DRBG$HybridSecureRandom,<init>,com.tananaev.passportreader_22.apk,UNOBSERVED_CREATION
14820,2,SecureRandomSpec,org.spongycastle.jcajce.provider.drbg.DRBG$HybridSecureRandom$SignallingEntropySource,getEntropy,com.tananaev.passportreader_22.apk,UNOBSERVED_CREATION
14821,2,SecureRandomSpec,org.spongycastle.jcajce.provider.drbg.DRBG$HybridSecureRandom$SignallingEntropySource$EntropyGatherer,run,com.tananaev.passportreader_22.apk,UNOBSERVED_CREATION
14822,4,MessageDigestSpec,com.google.android.gms.ads.internal.util.client.zzf,zzG,com.tananaev.passportreader_22.apk,GENUINE_no
14823,4,MessageDigestSpec,com.google.android.gms.ads.internal.util.client.zzf,zzj,com.tananaev.passportreader_22.apk,GENUINE_no
14824,4,MessageDigestSpec,com.google.android.gms.common.util.AndroidUtilsLight,getPackageCertificateHashBytes,com.tananaev.passportreader_22.apk,GENUINE_no
14825,4,MessageDigestSpec,com.google.android.gms.common.util.AndroidUtilsLight,zza,com.tananaev.passportreader_22.apk,GENUINE_no
14826,4,MessageDigestSpec,com.google.android.gms.internal.ads.zzazu,run,com.tananaev.passportreader_22.apk,GENUINE_no
14827,4,MessageDigestSpec,com.google.android.gms.internal.ads.zzazv,zze,com.tananaev.passportreader_22.apk,GENUINE_no
14828,3,CipherSpec,com.google.android.gms.internal.ads.zzbbe,zzb,com.tananaev.passportreader_22.apk,LEGAL_REUSE_REJECTED
14831,4,MessageDigestSpec,com.google.android.gms.measurement.internal.zzgi,zzh,com.tananaev.passportreader_22.apk,GENUINE_no
14832,4,MessageDigestSpec,com.google.android.gms.measurement.internal.zzpp,zzO,com.tananaev.passportreader_22.apk,GENUINE_no
14833,4,MessageDigestSpec,com.google.firebase.crashlytics.internal.common.CommonUtils,hash,com.tananaev.passportreader_22.apk,GENUINE_no
14834,2,SecureRandomSpec,org.spongycastle.crypto.prng.BasicEntropySourceProvider$1,getEntropy,com.tananaev.passportreader_22.apk,UNOBSERVED_CREATION
14836,2,SecureRandomSpec,org.spongycastle.jcajce.provider.drbg.DRBG,createBaseRandom,com.tananaev.passportreader_22.apk,UNOBSERVED_CREATION
14837,2,SecureRandomSpec,org.spongycastle.jcajce.provider.drbg.DRBG$HybridSecureRandom,<init>,com.tananaev.passportreader_22.apk,UNOBSERVED_CREATION
14838,2,SecureRandomSpec,org.spongycastle.jcajce.provider.drbg.DRBG$HybridSecureRandom$SignallingEntropySource,getEntropy,com.tananaev.passportreader_22.apk,UNOBSERVED_CREATION
14839,2,SecureRandomSpec,org.spongycastle.jcajce.provider.drbg.DRBG$HybridSecureRandom$SignallingEntropySource$EntropyGatherer,run,com.tananaev.passportreader_22.apk,UNOBSERVED_CREATION
14840,4,MessageDigestSpec,com.google.android.gms.ads.internal.util.client.zzf,zzG,com.tananaev.passportreader_22.apk,GENUINE_no
14841,4,MessageDigestSpec,com.google.android.gms.ads.internal.util.client.zzf,zzj,com.tananaev.passportreader_22.apk,GENUINE_no
14842,4,MessageDigestSpec,com.google.android.gms.common.util.AndroidUtilsLight,getPackageCertificateHashBytes,com.tananaev.passportreader_22.apk,GENUINE_no
14843,4,MessageDigestSpec,com.google.android.gms.common.util.AndroidUtilsLight,zza,com.tananaev.passportreader_22.apk,GENUINE_no
14844,4,MessageDigestSpec,com.google.android.gms.internal.ads.zzazu,run,com.tananaev.passportreader_22.apk,GENUINE_no
14845,4,MessageDigestSpec,com.google.android.gms.internal.ads.zzazv,zze,com.tananaev.passportreader_22.apk,GENUINE_no
14846,3,CipherSpec,com.google.android.gms.internal.ads.zzbbe,zzb,com.tananaev.passportreader_22.apk,LEGAL_REUSE_REJECTED
14849,4,MessageDigestSpec,com.google.android.gms.measurement.internal.zzgi,zzh,com.tananaev.passportreader_22.apk,GENUINE_no
14850,4,MessageDigestSpec,com.google.android.gms.measurement.internal.zzpp,zzO,com.tananaev.passportreader_22.apk,GENUINE_no
14851,4,MessageDigestSpec,com.google.firebase.crashlytics.internal.common.CommonUtils,hash,com.tananaev.passportreader_22.apk,GENUINE_no
14852,2,SecureRandomSpec,org.spongycastle.crypto.prng.BasicEntropySourceProvider$1,getEntropy,com.tananaev.passportreader_22.apk,UNOBSERVED_CREATION
14854,2,SecureRandomSpec,org.spongycastle.jcajce.provider.drbg.DRBG,createBaseRandom,com.tananaev.passportreader_22.apk,UNOBSERVED_CREATION
14855,2,SecureRandomSpec,org.spongycastle.jcajce.provider.drbg.DRBG$HybridSecureRandom,<init>,com.tananaev.passportreader_22.apk,UNOBSERVED_CREATION
14856,2,SecureRandomSpec,org.spongycastle.jcajce.provider.drbg.DRBG$HybridSecureRandom$SignallingEntropySource,getEntropy,com.tananaev.passportreader_22.apk,UNOBSERVED_CREATION
14857,2,SecureRandomSpec,org.spongycastle.jcajce.provider.drbg.DRBG$HybridSecureRandom$SignallingEntropySource$EntropyGatherer,run,com.tananaev.passportreader_22.apk,UNOBSERVED_CREATION
14858,4,MessageDigestSpec,com.google.android.gms.ads.internal.util.client.zzf,zzG,com.tananaev.passportreader_22.apk,GENUINE_no
14859,4,MessageDigestSpec,com.google.android.gms.ads.internal.util.client.zzf,zzj,com.tananaev.passportreader_22.apk,GENUINE_no
14860,4,MessageDigestSpec,com.google.android.gms.common.util.AndroidUtilsLight,getPackageCertificateHashBytes,com.tananaev.passportreader_22.apk,GENUINE_no
14861,4,MessageDigestSpec,com.google.android.gms.common.util.AndroidUtilsLight,zza,com.tananaev.passportreader_22.apk,GENUINE_no
14862,4,MessageDigestSpec,com.google.android.gms.internal.ads.zzazu,run,com.tananaev.passportreader_22.apk,GENUINE_no
14863,4,MessageDigestSpec,com.google.android.gms.internal.ads.zzazv,zze,com.tananaev.passportreader_22.apk,GENUINE_no
14864,3,CipherSpec,com.google.android.gms.internal.ads.zzbbe,zzb,com.tananaev.passportreader_22.apk,LEGAL_REUSE_REJECTED
14867,4,MessageDigestSpec,com.google.android.gms.measurement.internal.zzgi,zzh,com.tananaev.passportreader_22.apk,GENUINE_no
14868,4,MessageDigestSpec,com.google.android.gms.measurement.internal.zzpp,zzO,com.tananaev.passportreader_22.apk,GENUINE_no
14869,4,MessageDigestSpec,com.google.firebase.crashlytics.internal.common.CommonUtils,hash,com.tananaev.passportreader_22.apk,GENUINE_no
14870,2,SecureRandomSpec,org.spongycastle.crypto.prng.BasicEntropySourceProvider$1,getEntropy,com.tananaev.passportreader_22.apk,UNOBSERVED_CREATION
14872,2,SecureRandomSpec,org.spongycastle.jcajce.provider.drbg.DRBG,createBaseRandom,com.tananaev.passportreader_22.apk,UNOBSERVED_CREATION
14873,2,SecureRandomSpec,org.spongycastle.jcajce.provider.drbg.DRBG$HybridSecureRandom,<init>,com.tananaev.passportreader_22.apk,UNOBSERVED_CREATION
14874,2,SecureRandomSpec,org.spongycastle.jcajce.provider.drbg.DRBG$HybridSecureRandom$SignallingEntropySource,getEntropy,com.tananaev.passportreader_22.apk,UNOBSERVED_CREATION
14875,2,SecureRandomSpec,org.spongycastle.jcajce.provider.drbg.DRBG$HybridSecureRandom$SignallingEntropySource$EntropyGatherer,run,com.tananaev.passportreader_22.apk,UNOBSERVED_CREATION
14876,4,MessageDigestSpec,com.google.android.gms.ads.internal.util.client.zzf,zzG,com.tananaev.passportreader_22.apk,GENUINE_no
14877,4,MessageDigestSpec,com.google.android.gms.ads.internal.util.client.zzf,zzj,com.tananaev.passportreader_22.apk,GENUINE_no
14878,4,MessageDigestSpec,com.google.android.gms.common.util.AndroidUtilsLight,getPackageCertificateHashBytes,com.tananaev.passportreader_22.apk,GENUINE_no
14879,4,MessageDigestSpec,com.google.android.gms.common.util.AndroidUtilsLight,zza,com.tananaev.passportreader_22.apk,GENUINE_no
14880,4,MessageDigestSpec,com.google.android.gms.internal.ads.zzazu,run,com.tananaev.passportreader_22.apk,GENUINE_no
14881,4,MessageDigestSpec,com.google.android.gms.internal.ads.zzazv,zze,com.tananaev.passportreader_22.apk,GENUINE_no
14882,3,CipherSpec,com.google.android.gms.internal.ads.zzbbe,zzb,com.tananaev.passportreader_22.apk,LEGAL_REUSE_REJECTED
14885,4,MessageDigestSpec,com.google.android.gms.measurement.internal.zzgi,zzh,com.tananaev.passportreader_22.apk,GENUINE_no
14886,4,MessageDigestSpec,com.google.android.gms.measurement.internal.zzpp,zzO,com.tananaev.passportreader_22.apk,GENUINE_no
14887,4,MessageDigestSpec,com.google.firebase.crashlytics.internal.common.CommonUtils,hash,com.tananaev.passportreader_22.apk,GENUINE_no
14888,2,SecureRandomSpec,org.spongycastle.crypto.prng.BasicEntropySourceProvider$1,getEntropy,com.tananaev.passportreader_22.apk,UNOBSERVED_CREATION
14890,2,SecureRandomSpec,org.spongycastle.jcajce.provider.drbg.DRBG,createBaseRandom,com.tananaev.passportreader_22.apk,UNOBSERVED_CREATION
14891,2,SecureRandomSpec,org.spongycastle.jcajce.provider.drbg.DRBG$HybridSecureRandom,<init>,com.tananaev.passportreader_22.apk,UNOBSERVED_CREATION
14892,2,SecureRandomSpec,org.spongycastle.jcajce.provider.drbg.DRBG$HybridSecureRandom$SignallingEntropySource,getEntropy,com.tananaev.passportreader_22.apk,UNOBSERVED_CREATION
14893,2,SecureRandomSpec,org.spongycastle.jcajce.provider.drbg.DRBG$HybridSecureRandom$SignallingEntropySource$EntropyGatherer,run,com.tananaev.passportreader_22.apk,UNOBSERVED_CREATION
14894,4,MessageDigestSpec,com.google.android.gms.ads.internal.util.client.zzf,zzG,com.tananaev.passportreader_22.apk,GENUINE_no
14895,4,MessageDigestSpec,com.google.android.gms.ads.internal.util.client.zzf,zzj,com.tananaev.passportreader_22.apk,GENUINE_no
14896,4,MessageDigestSpec,com.google.android.gms.common.util.AndroidUtilsLight,getPackageCertificateHashBytes,com.tananaev.passportreader_22.apk,GENUINE_no
14897,4,MessageDigestSpec,com.google.android.gms.common.util.AndroidUtilsLight,zza,com.tananaev.passportreader_22.apk,GENUINE_no
14898,4,MessageDigestSpec,com.google.android.gms.internal.ads.zzazu,run,com.tananaev.passportreader_22.apk,GENUINE_no
14899,4,MessageDigestSpec,com.google.android.gms.internal.ads.zzazv,zze,com.tananaev.passportreader_22.apk,GENUINE_no
14900,3,CipherSpec,com.google.android.gms.internal.ads.zzbbe,zzb,com.tananaev.passportreader_22.apk,LEGAL_REUSE_REJECTED
14903,4,MessageDigestSpec,com.google.android.gms.measurement.internal.zzgi,zzh,com.tananaev.passportreader_22.apk,GENUINE_no
14904,4,MessageDigestSpec,com.google.android.gms.measurement.internal.zzpp,zzO,com.tananaev.passportreader_22.apk,GENUINE_no
14905,4,MessageDigestSpec,com.google.firebase.crashlytics.internal.common.CommonUtils,hash,com.tananaev.passportreader_22.apk,GENUINE_no
14906,2,SecureRandomSpec,org.spongycastle.crypto.prng.BasicEntropySourceProvider$1,getEntropy,com.tananaev.passportreader_22.apk,UNOBSERVED_CREATION
14908,2,SecureRandomSpec,org.spongycastle.jcajce.provider.drbg.DRBG,createBaseRandom,com.tananaev.passportreader_22.apk,UNOBSERVED_CREATION
14909,2,SecureRandomSpec,org.spongycastle.jcajce.provider.drbg.DRBG$HybridSecureRandom,<init>,com.tananaev.passportreader_22.apk,UNOBSERVED_CREATION
14910,2,SecureRandomSpec,org.spongycastle.jcajce.provider.drbg.DRBG$HybridSecureRandom$SignallingEntropySource,getEntropy,com.tananaev.passportreader_22.apk,UNOBSERVED_CREATION
14911,2,SecureRandomSpec,org.spongycastle.jcajce.provider.drbg.DRBG$HybridSecureRandom$SignallingEntropySource$EntropyGatherer,run,com.tananaev.passportreader_22.apk,UNOBSERVED_CREATION
14912,4,MessageDigestSpec,com.google.android.gms.ads.internal.util.client.zzf,zzG,com.tananaev.passportreader_22.apk,GENUINE_no
14913,4,MessageDigestSpec,com.google.android.gms.ads.internal.util.client.zzf,zzj,com.tananaev.passportreader_22.apk,GENUINE_no
14914,4,MessageDigestSpec,com.google.android.gms.common.util.AndroidUtilsLight,getPackageCertificateHashBytes,com.tananaev.passportreader_22.apk,GENUINE_no
14915,4,MessageDigestSpec,com.google.android.gms.common.util.AndroidUtilsLight,zza,com.tananaev.passportreader_22.apk,GENUINE_no
14916,4,MessageDigestSpec,com.google.android.gms.internal.ads.zzazu,run,com.tananaev.passportreader_22.apk,GENUINE_no
14917,4,MessageDigestSpec,com.google.android.gms.internal.ads.zzazv,zze,com.tananaev.passportreader_22.apk,GENUINE_no
14918,3,CipherSpec,com.google.android.gms.internal.ads.zzbbe,zzb,com.tananaev.passportreader_22.apk,LEGAL_REUSE_REJECTED
14921,4,MessageDigestSpec,com.google.android.gms.measurement.internal.zzgi,zzh,com.tananaev.passportreader_22.apk,GENUINE_no
14922,4,MessageDigestSpec,com.google.android.gms.measurement.internal.zzpp,zzO,com.tananaev.passportreader_22.apk,GENUINE_no
14923,4,MessageDigestSpec,com.google.firebase.crashlytics.internal.common.CommonUtils,hash,com.tananaev.passportreader_22.apk,GENUINE_no
14924,2,SecureRandomSpec,org.spongycastle.crypto.prng.BasicEntropySourceProvider$1,getEntropy,com.tananaev.passportreader_22.apk,UNOBSERVED_CREATION
14926,2,SecureRandomSpec,org.spongycastle.jcajce.provider.drbg.DRBG,createBaseRandom,com.tananaev.passportreader_22.apk,UNOBSERVED_CREATION
14927,2,SecureRandomSpec,org.spongycastle.jcajce.provider.drbg.DRBG$HybridSecureRandom,<init>,com.tananaev.passportreader_22.apk,UNOBSERVED_CREATION
14928,2,SecureRandomSpec,org.spongycastle.jcajce.provider.drbg.DRBG$HybridSecureRandom$SignallingEntropySource,getEntropy,com.tananaev.passportreader_22.apk,UNOBSERVED_CREATION
14929,2,SecureRandomSpec,org.spongycastle.jcajce.provider.drbg.DRBG$HybridSecureRandom$SignallingEntropySource$EntropyGatherer,run,com.tananaev.passportreader_22.apk,UNOBSERVED_CREATION
14930,4,MessageDigestSpec,com.google.android.gms.ads.internal.util.client.zzf,zzG,com.tananaev.passportreader_22.apk,GENUINE_no
14931,4,MessageDigestSpec,com.google.android.gms.ads.internal.util.client.zzf,zzj,com.tananaev.passportreader_22.apk,GENUINE_no
14932,4,MessageDigestSpec,com.google.android.gms.common.util.AndroidUtilsLight,getPackageCertificateHashBytes,com.tananaev.passportreader_22.apk,GENUINE_no
14933,4,MessageDigestSpec,com.google.android.gms.common.util.AndroidUtilsLight,zza,com.tananaev.passportreader_22.apk,GENUINE_no
14934,4,MessageDigestSpec,com.google.android.gms.internal.ads.zzazu,run,com.tananaev.passportreader_22.apk,GENUINE_no
14935,4,MessageDigestSpec,com.google.android.gms.internal.ads.zzazv,zze,com.tananaev.passportreader_22.apk,GENUINE_no
14936,3,CipherSpec,com.google.android.gms.internal.ads.zzbbe,zzb,com.tananaev.passportreader_22.apk,LEGAL_REUSE_REJECTED
14939,4,MessageDigestSpec,com.google.android.gms.measurement.internal.zzgi,zzh,com.tananaev.passportreader_22.apk,GENUINE_no
14940,4,MessageDigestSpec,com.google.android.gms.measurement.internal.zzpp,zzO,com.tananaev.passportreader_22.apk,GENUINE_no
14941,4,MessageDigestSpec,com.google.firebase.crashlytics.internal.common.CommonUtils,hash,com.tananaev.passportreader_22.apk,GENUINE_no
14942,2,SecureRandomSpec,org.spongycastle.crypto.prng.BasicEntropySourceProvider$1,getEntropy,com.tananaev.passportreader_22.apk,UNOBSERVED_CREATION
14944,2,SecureRandomSpec,org.spongycastle.jcajce.provider.drbg.DRBG,createBaseRandom,com.tananaev.passportreader_22.apk,UNOBSERVED_CREATION
14945,2,SecureRandomSpec,org.spongycastle.jcajce.provider.drbg.DRBG$HybridSecureRandom,<init>,com.tananaev.passportreader_22.apk,UNOBSERVED_CREATION
14946,2,SecureRandomSpec,org.spongycastle.jcajce.provider.drbg.DRBG$HybridSecureRandom$SignallingEntropySource,getEntropy,com.tananaev.passportreader_22.apk,UNOBSERVED_CREATION
14947,2,SecureRandomSpec,org.spongycastle.jcajce.provider.drbg.DRBG$HybridSecureRandom$SignallingEntropySource$EntropyGatherer,run,com.tananaev.passportreader_22.apk,UNOBSERVED_CREATION
14948,4,MessageDigestSpec,com.google.android.gms.ads.internal.util.client.zzf,zzG,com.tananaev.passportreader_22.apk,GENUINE_no
14949,4,MessageDigestSpec,com.google.android.gms.ads.internal.util.client.zzf,zzj,com.tananaev.passportreader_22.apk,GENUINE_no
14950,4,MessageDigestSpec,com.google.android.gms.common.util.AndroidUtilsLight,getPackageCertificateHashBytes,com.tananaev.passportreader_22.apk,GENUINE_no
14951,4,MessageDigestSpec,com.google.android.gms.common.util.AndroidUtilsLight,zza,com.tananaev.passportreader_22.apk,GENUINE_no
14952,4,MessageDigestSpec,com.google.android.gms.internal.ads.zzazu,run,com.tananaev.passportreader_22.apk,GENUINE_no
14953,4,MessageDigestSpec,com.google.android.gms.internal.ads.zzazv,zze,com.tananaev.passportreader_22.apk,GENUINE_no
14954,3,CipherSpec,com.google.android.gms.internal.ads.zzbbe,zzb,com.tananaev.passportreader_22.apk,LEGAL_REUSE_REJECTED
14957,4,MessageDigestSpec,com.google.android.gms.measurement.internal.zzgi,zzh,com.tananaev.passportreader_22.apk,GENUINE_no
14958,4,MessageDigestSpec,com.google.android.gms.measurement.internal.zzpp,zzO,com.tananaev.passportreader_22.apk,GENUINE_no
14959,4,MessageDigestSpec,com.google.firebase.crashlytics.internal.common.CommonUtils,hash,com.tananaev.passportreader_22.apk,GENUINE_no
14960,2,SecureRandomSpec,org.spongycastle.crypto.prng.BasicEntropySourceProvider$1,getEntropy,com.tananaev.passportreader_22.apk,UNOBSERVED_CREATION
14962,2,SecureRandomSpec,org.spongycastle.jcajce.provider.drbg.DRBG,createBaseRandom,com.tananaev.passportreader_22.apk,UNOBSERVED_CREATION
14963,2,SecureRandomSpec,org.spongycastle.jcajce.provider.drbg.DRBG$HybridSecureRandom,<init>,com.tananaev.passportreader_22.apk,UNOBSERVED_CREATION
14964,2,SecureRandomSpec,org.spongycastle.jcajce.provider.drbg.DRBG$HybridSecureRandom$SignallingEntropySource,getEntropy,com.tananaev.passportreader_22.apk,UNOBSERVED_CREATION
14965,2,SecureRandomSpec,org.spongycastle.jcajce.provider.drbg.DRBG$HybridSecureRandom$SignallingEntropySource$EntropyGatherer,run,com.tananaev.passportreader_22.apk,UNOBSERVED_CREATION
14966,4,MessageDigestSpec,com.google.android.gms.ads.internal.util.client.zzf,zzG,com.tananaev.passportreader_22.apk,GENUINE_no
14967,4,MessageDigestSpec,com.google.android.gms.ads.internal.util.client.zzf,zzj,com.tananaev.passportreader_22.apk,GENUINE_no
14968,4,MessageDigestSpec,com.google.android.gms.common.util.AndroidUtilsLight,getPackageCertificateHashBytes,com.tananaev.passportreader_22.apk,GENUINE_no
14969,4,MessageDigestSpec,com.google.android.gms.common.util.AndroidUtilsLight,zza,com.tananaev.passportreader_22.apk,GENUINE_no
14970,4,MessageDigestSpec,com.google.android.gms.internal.ads.zzazu,run,com.tananaev.passportreader_22.apk,GENUINE_no
14971,4,MessageDigestSpec,com.google.android.gms.internal.ads.zzazv,zze,com.tananaev.passportreader_22.apk,GENUINE_no
14972,3,CipherSpec,com.google.android.gms.internal.ads.zzbbe,zzb,com.tananaev.passportreader_22.apk,LEGAL_REUSE_REJECTED
14975,4,MessageDigestSpec,com.google.android.gms.measurement.internal.zzgi,zzh,com.tananaev.passportreader_22.apk,GENUINE_no
14976,4,MessageDigestSpec,com.google.android.gms.measurement.internal.zzpp,zzO,com.tananaev.passportreader_22.apk,GENUINE_no
14977,4,MessageDigestSpec,com.google.firebase.crashlytics.internal.common.CommonUtils,hash,com.tananaev.passportreader_22.apk,GENUINE_no
14978,2,SecureRandomSpec,org.spongycastle.crypto.prng.BasicEntropySourceProvider$1,getEntropy,com.tananaev.passportreader_22.apk,UNOBSERVED_CREATION
14980,2,SecureRandomSpec,org.spongycastle.jcajce.provider.drbg.DRBG,createBaseRandom,com.tananaev.passportreader_22.apk,UNOBSERVED_CREATION
14981,2,SecureRandomSpec,org.spongycastle.jcajce.provider.drbg.DRBG$HybridSecureRandom,<init>,com.tananaev.passportreader_22.apk,UNOBSERVED_CREATION
14982,2,SecureRandomSpec,org.spongycastle.jcajce.provider.drbg.DRBG$HybridSecureRandom$SignallingEntropySource,getEntropy,com.tananaev.passportreader_22.apk,UNOBSERVED_CREATION
14983,2,SecureRandomSpec,org.spongycastle.jcajce.provider.drbg.DRBG$HybridSecureRandom$SignallingEntropySource$EntropyGatherer,run,com.tananaev.passportreader_22.apk,UNOBSERVED_CREATION
14984,4,MessageDigestSpec,com.google.android.gms.ads.internal.util.client.zzf,zzG,com.tananaev.passportreader_22.apk,GENUINE_no
14985,4,MessageDigestSpec,com.google.android.gms.ads.internal.util.client.zzf,zzj,com.tananaev.passportreader_22.apk,GENUINE_no
14986,4,MessageDigestSpec,com.google.android.gms.common.util.AndroidUtilsLight,getPackageCertificateHashBytes,com.tananaev.passportreader_22.apk,GENUINE_no
14987,4,MessageDigestSpec,com.google.android.gms.common.util.AndroidUtilsLight,zza,com.tananaev.passportreader_22.apk,GENUINE_no
14988,4,MessageDigestSpec,com.google.android.gms.internal.ads.zzazu,run,com.tananaev.passportreader_22.apk,GENUINE_no
14989,4,MessageDigestSpec,com.google.android.gms.internal.ads.zzazv,zze,com.tananaev.passportreader_22.apk,GENUINE_no
14990,3,CipherSpec,com.google.android.gms.internal.ads.zzbbe,zzb,com.tananaev.passportreader_22.apk,LEGAL_REUSE_REJECTED
14993,4,MessageDigestSpec,com.google.android.gms.measurement.internal.zzgi,zzh,com.tananaev.passportreader_22.apk,GENUINE_no
14994,4,MessageDigestSpec,com.google.android.gms.measurement.internal.zzpp,zzO,com.tananaev.passportreader_22.apk,GENUINE_no
14995,4,MessageDigestSpec,com.google.firebase.crashlytics.internal.common.CommonUtils,hash,com.tananaev.passportreader_22.apk,GENUINE_no
14996,2,SecureRandomSpec,org.spongycastle.crypto.prng.BasicEntropySourceProvider$1,getEntropy,com.tananaev.passportreader_22.apk,UNOBSERVED_CREATION
14998,2,SecureRandomSpec,org.spongycastle.jcajce.provider.drbg.DRBG,createBaseRandom,com.tananaev.passportreader_22.apk,UNOBSERVED_CREATION
14999,2,SecureRandomSpec,org.spongycastle.jcajce.provider.drbg.DRBG$HybridSecureRandom,<init>,com.tananaev.passportreader_22.apk,UNOBSERVED_CREATION
15000,2,SecureRandomSpec,org.spongycastle.jcajce.provider.drbg.DRBG$HybridSecureRandom$SignallingEntropySource,getEntropy,com.tananaev.passportreader_22.apk,UNOBSERVED_CREATION
15001,2,SecureRandomSpec,org.spongycastle.jcajce.provider.drbg.DRBG$HybridSecureRandom$SignallingEntropySource$EntropyGatherer,run,com.tananaev.passportreader_22.apk,UNOBSERVED_CREATION
15002,4,MessageDigestSpec,com.google.android.gms.ads.internal.util.client.zzf,zzG,com.tananaev.passportreader_22.apk,GENUINE_no
15003,4,MessageDigestSpec,com.google.android.gms.ads.internal.util.client.zzf,zzj,com.tananaev.passportreader_22.apk,GENUINE_no
15004,4,MessageDigestSpec,com.google.android.gms.common.util.AndroidUtilsLight,getPackageCertificateHashBytes,com.tananaev.passportreader_22.apk,GENUINE_no
15005,4,MessageDigestSpec,com.google.android.gms.common.util.AndroidUtilsLight,zza,com.tananaev.passportreader_22.apk,GENUINE_no
15006,4,MessageDigestSpec,com.google.android.gms.internal.ads.zzazu,run,com.tananaev.passportreader_22.apk,GENUINE_no
15007,4,MessageDigestSpec,com.google.android.gms.internal.ads.zzazv,zze,com.tananaev.passportreader_22.apk,GENUINE_no
15008,3,CipherSpec,com.google.android.gms.internal.ads.zzbbe,zzb,com.tananaev.passportreader_22.apk,LEGAL_REUSE_REJECTED
15011,4,MessageDigestSpec,com.google.android.gms.measurement.internal.zzgi,zzh,com.tananaev.passportreader_22.apk,GENUINE_no
15012,4,MessageDigestSpec,com.google.android.gms.measurement.internal.zzpp,zzO,com.tananaev.passportreader_22.apk,GENUINE_no
15013,4,MessageDigestSpec,com.google.firebase.crashlytics.internal.common.CommonUtils,hash,com.tananaev.passportreader_22.apk,GENUINE_no
15014,2,SecureRandomSpec,org.spongycastle.crypto.prng.BasicEntropySourceProvider$1,getEntropy,com.tananaev.passportreader_22.apk,UNOBSERVED_CREATION
15016,2,SecureRandomSpec,org.spongycastle.jcajce.provider.drbg.DRBG,createBaseRandom,com.tananaev.passportreader_22.apk,UNOBSERVED_CREATION
15017,2,SecureRandomSpec,org.spongycastle.jcajce.provider.drbg.DRBG$HybridSecureRandom,<init>,com.tananaev.passportreader_22.apk,UNOBSERVED_CREATION
15018,2,SecureRandomSpec,org.spongycastle.jcajce.provider.drbg.DRBG$HybridSecureRandom$SignallingEntropySource,getEntropy,com.tananaev.passportreader_22.apk,UNOBSERVED_CREATION
15019,2,SecureRandomSpec,org.spongycastle.jcajce.provider.drbg.DRBG$HybridSecureRandom$SignallingEntropySource$EntropyGatherer,run,com.tananaev.passportreader_22.apk,UNOBSERVED_CREATION
15020,4,MessageDigestSpec,com.google.android.gms.ads.internal.util.client.zzf,zzG,com.tananaev.passportreader_22.apk,GENUINE_no
15021,4,MessageDigestSpec,com.google.android.gms.ads.internal.util.client.zzf,zzj,com.tananaev.passportreader_22.apk,GENUINE_no
15022,4,MessageDigestSpec,com.google.android.gms.common.util.AndroidUtilsLight,getPackageCertificateHashBytes,com.tananaev.passportreader_22.apk,GENUINE_no
15023,4,MessageDigestSpec,com.google.android.gms.common.util.AndroidUtilsLight,zza,com.tananaev.passportreader_22.apk,GENUINE_no
15024,4,MessageDigestSpec,com.google.android.gms.internal.ads.zzazu,run,com.tananaev.passportreader_22.apk,GENUINE_no
15025,4,MessageDigestSpec,com.google.android.gms.internal.ads.zzazv,zze,com.tananaev.passportreader_22.apk,GENUINE_no
15026,3,CipherSpec,com.google.android.gms.internal.ads.zzbbe,zzb,com.tananaev.passportreader_22.apk,LEGAL_REUSE_REJECTED
15029,4,MessageDigestSpec,com.google.android.gms.measurement.internal.zzgi,zzh,com.tananaev.passportreader_22.apk,GENUINE_no
15030,4,MessageDigestSpec,com.google.android.gms.measurement.internal.zzpp,zzO,com.tananaev.passportreader_22.apk,GENUINE_no
15031,4,MessageDigestSpec,com.google.firebase.crashlytics.internal.common.CommonUtils,hash,com.tananaev.passportreader_22.apk,GENUINE_no
15032,2,SecureRandomSpec,org.spongycastle.crypto.prng.BasicEntropySourceProvider$1,getEntropy,com.tananaev.passportreader_22.apk,UNOBSERVED_CREATION
15034,2,SecureRandomSpec,org.spongycastle.jcajce.provider.drbg.DRBG,createBaseRandom,com.tananaev.passportreader_22.apk,UNOBSERVED_CREATION
15035,2,SecureRandomSpec,org.spongycastle.jcajce.provider.drbg.DRBG$HybridSecureRandom,<init>,com.tananaev.passportreader_22.apk,UNOBSERVED_CREATION
15036,2,SecureRandomSpec,org.spongycastle.jcajce.provider.drbg.DRBG$HybridSecureRandom$SignallingEntropySource,getEntropy,com.tananaev.passportreader_22.apk,UNOBSERVED_CREATION
15037,2,SecureRandomSpec,org.spongycastle.jcajce.provider.drbg.DRBG$HybridSecureRandom$SignallingEntropySource$EntropyGatherer,run,com.tananaev.passportreader_22.apk,UNOBSERVED_CREATION
15038,4,MessageDigestSpec,com.google.android.gms.ads.internal.util.client.zzf,zzG,com.tananaev.passportreader_22.apk,GENUINE_no
15039,4,MessageDigestSpec,com.google.android.gms.ads.internal.util.client.zzf,zzj,com.tananaev.passportreader_22.apk,GENUINE_no
15040,4,MessageDigestSpec,com.google.android.gms.common.util.AndroidUtilsLight,getPackageCertificateHashBytes,com.tananaev.passportreader_22.apk,GENUINE_no
15041,4,MessageDigestSpec,com.google.android.gms.common.util.AndroidUtilsLight,zza,com.tananaev.passportreader_22.apk,GENUINE_no
15042,4,MessageDigestSpec,com.google.android.gms.internal.ads.zzazu,run,com.tananaev.passportreader_22.apk,GENUINE_no
15043,4,MessageDigestSpec,com.google.android.gms.internal.ads.zzazv,zze,com.tananaev.passportreader_22.apk,GENUINE_no
15044,3,CipherSpec,com.google.android.gms.internal.ads.zzbbe,zzb,com.tananaev.passportreader_22.apk,LEGAL_REUSE_REJECTED
15047,4,MessageDigestSpec,com.google.android.gms.measurement.internal.zzgi,zzh,com.tananaev.passportreader_22.apk,GENUINE_no
15048,4,MessageDigestSpec,com.google.android.gms.measurement.internal.zzpp,zzO,com.tananaev.passportreader_22.apk,GENUINE_no
15049,4,MessageDigestSpec,com.google.firebase.crashlytics.internal.common.CommonUtils,hash,com.tananaev.passportreader_22.apk,GENUINE_no
15050,2,SecureRandomSpec,org.spongycastle.crypto.prng.BasicEntropySourceProvider$1,getEntropy,com.tananaev.passportreader_22.apk,UNOBSERVED_CREATION
15052,2,SecureRandomSpec,org.spongycastle.jcajce.provider.drbg.DRBG,createBaseRandom,com.tananaev.passportreader_22.apk,UNOBSERVED_CREATION
15053,2,SecureRandomSpec,org.spongycastle.jcajce.provider.drbg.DRBG$HybridSecureRandom,<init>,com.tananaev.passportreader_22.apk,UNOBSERVED_CREATION
15054,2,SecureRandomSpec,org.spongycastle.jcajce.provider.drbg.DRBG$HybridSecureRandom$SignallingEntropySource,getEntropy,com.tananaev.passportreader_22.apk,UNOBSERVED_CREATION
15055,2,SecureRandomSpec,org.spongycastle.jcajce.provider.drbg.DRBG$HybridSecureRandom$SignallingEntropySource$EntropyGatherer,run,com.tananaev.passportreader_22.apk,UNOBSERVED_CREATION
15056,4,MessageDigestSpec,com.google.android.gms.ads.internal.util.client.zzf,zzG,com.tananaev.passportreader_22.apk,GENUINE_no
15057,4,MessageDigestSpec,com.google.android.gms.ads.internal.util.client.zzf,zzj,com.tananaev.passportreader_22.apk,GENUINE_no
15058,4,MessageDigestSpec,com.google.android.gms.common.util.AndroidUtilsLight,getPackageCertificateHashBytes,com.tananaev.passportreader_22.apk,GENUINE_no
15059,4,MessageDigestSpec,com.google.android.gms.common.util.AndroidUtilsLight,zza,com.tananaev.passportreader_22.apk,GENUINE_no
15060,4,MessageDigestSpec,com.google.android.gms.internal.ads.zzazu,run,com.tananaev.passportreader_22.apk,GENUINE_no
15061,4,MessageDigestSpec,com.google.android.gms.internal.ads.zzazv,zze,com.tananaev.passportreader_22.apk,GENUINE_no
15062,3,CipherSpec,com.google.android.gms.internal.ads.zzbbe,zzb,com.tananaev.passportreader_22.apk,LEGAL_REUSE_REJECTED
15065,4,MessageDigestSpec,com.google.android.gms.measurement.internal.zzgi,zzh,com.tananaev.passportreader_22.apk,GENUINE_no
15066,4,MessageDigestSpec,com.google.android.gms.measurement.internal.zzpp,zzO,com.tananaev.passportreader_22.apk,GENUINE_no
15067,4,MessageDigestSpec,com.google.firebase.crashlytics.internal.common.CommonUtils,hash,com.tananaev.passportreader_22.apk,GENUINE_no
15068,2,SecureRandomSpec,org.spongycastle.crypto.prng.BasicEntropySourceProvider$1,getEntropy,com.tananaev.passportreader_22.apk,UNOBSERVED_CREATION
15070,2,SecureRandomSpec,org.spongycastle.jcajce.provider.drbg.DRBG,createBaseRandom,com.tananaev.passportreader_22.apk,UNOBSERVED_CREATION
15071,2,SecureRandomSpec,org.spongycastle.jcajce.provider.drbg.DRBG$HybridSecureRandom,<init>,com.tananaev.passportreader_22.apk,UNOBSERVED_CREATION
15072,2,SecureRandomSpec,org.spongycastle.jcajce.provider.drbg.DRBG$HybridSecureRandom$SignallingEntropySource,getEntropy,com.tananaev.passportreader_22.apk,UNOBSERVED_CREATION
15073,2,SecureRandomSpec,org.spongycastle.jcajce.provider.drbg.DRBG$HybridSecureRandom$SignallingEntropySource$EntropyGatherer,run,com.tananaev.passportreader_22.apk,UNOBSERVED_CREATION
15074,4,MessageDigestSpec,com.google.android.gms.ads.internal.util.client.zzf,zzG,com.tananaev.passportreader_22.apk,GENUINE_no
15075,4,MessageDigestSpec,com.google.android.gms.ads.internal.util.client.zzf,zzj,com.tananaev.passportreader_22.apk,GENUINE_no
15076,4,MessageDigestSpec,com.google.android.gms.common.util.AndroidUtilsLight,getPackageCertificateHashBytes,com.tananaev.passportreader_22.apk,GENUINE_no
15077,4,MessageDigestSpec,com.google.android.gms.common.util.AndroidUtilsLight,zza,com.tananaev.passportreader_22.apk,GENUINE_no
15078,4,MessageDigestSpec,com.google.android.gms.internal.ads.zzazu,run,com.tananaev.passportreader_22.apk,GENUINE_no
15079,4,MessageDigestSpec,com.google.android.gms.internal.ads.zzazv,zze,com.tananaev.passportreader_22.apk,GENUINE_no
15080,3,CipherSpec,com.google.android.gms.internal.ads.zzbbe,zzb,com.tananaev.passportreader_22.apk,LEGAL_REUSE_REJECTED
15083,4,MessageDigestSpec,com.google.android.gms.measurement.internal.zzgi,zzh,com.tananaev.passportreader_22.apk,GENUINE_no
15084,4,MessageDigestSpec,com.google.android.gms.measurement.internal.zzpp,zzO,com.tananaev.passportreader_22.apk,GENUINE_no
15085,4,MessageDigestSpec,com.google.firebase.crashlytics.internal.common.CommonUtils,hash,com.tananaev.passportreader_22.apk,GENUINE_no
15086,2,SecureRandomSpec,org.spongycastle.crypto.prng.BasicEntropySourceProvider$1,getEntropy,com.tananaev.passportreader_22.apk,UNOBSERVED_CREATION
15088,2,SecureRandomSpec,org.spongycastle.jcajce.provider.drbg.DRBG,createBaseRandom,com.tananaev.passportreader_22.apk,UNOBSERVED_CREATION
15089,2,SecureRandomSpec,org.spongycastle.jcajce.provider.drbg.DRBG$HybridSecureRandom,<init>,com.tananaev.passportreader_22.apk,UNOBSERVED_CREATION
15090,2,SecureRandomSpec,org.spongycastle.jcajce.provider.drbg.DRBG$HybridSecureRandom$SignallingEntropySource,getEntropy,com.tananaev.passportreader_22.apk,UNOBSERVED_CREATION
15091,2,SecureRandomSpec,org.spongycastle.jcajce.provider.drbg.DRBG$HybridSecureRandom$SignallingEntropySource$EntropyGatherer,run,com.tananaev.passportreader_22.apk,UNOBSERVED_CREATION
15092,4,MessageDigestSpec,com.google.android.gms.ads.internal.util.client.zzf,zzG,com.tananaev.passportreader_22.apk,GENUINE_no
15093,4,MessageDigestSpec,com.google.android.gms.ads.internal.util.client.zzf,zzj,com.tananaev.passportreader_22.apk,GENUINE_no
15094,4,MessageDigestSpec,com.google.android.gms.common.util.AndroidUtilsLight,getPackageCertificateHashBytes,com.tananaev.passportreader_22.apk,GENUINE_no
15095,4,MessageDigestSpec,com.google.android.gms.common.util.AndroidUtilsLight,zza,com.tananaev.passportreader_22.apk,GENUINE_no
15096,4,MessageDigestSpec,com.google.android.gms.internal.ads.zzazu,run,com.tananaev.passportreader_22.apk,GENUINE_no
15097,4,MessageDigestSpec,com.google.android.gms.internal.ads.zzazv,zze,com.tananaev.passportreader_22.apk,GENUINE_no
15098,3,CipherSpec,com.google.android.gms.internal.ads.zzbbe,zzb,com.tananaev.passportreader_22.apk,LEGAL_REUSE_REJECTED
15101,4,MessageDigestSpec,com.google.android.gms.measurement.internal.zzgi,zzh,com.tananaev.passportreader_22.apk,GENUINE_no
15102,4,MessageDigestSpec,com.google.android.gms.measurement.internal.zzpp,zzO,com.tananaev.passportreader_22.apk,GENUINE_no
15103,4,MessageDigestSpec,com.google.firebase.crashlytics.internal.common.CommonUtils,hash,com.tananaev.passportreader_22.apk,GENUINE_no
15104,2,SecureRandomSpec,org.spongycastle.crypto.prng.BasicEntropySourceProvider$1,getEntropy,com.tananaev.passportreader_22.apk,UNOBSERVED_CREATION
15106,2,SecureRandomSpec,org.spongycastle.jcajce.provider.drbg.DRBG,createBaseRandom,com.tananaev.passportreader_22.apk,UNOBSERVED_CREATION
15107,2,SecureRandomSpec,org.spongycastle.jcajce.provider.drbg.DRBG$HybridSecureRandom,<init>,com.tananaev.passportreader_22.apk,UNOBSERVED_CREATION
15108,2,SecureRandomSpec,org.spongycastle.jcajce.provider.drbg.DRBG$HybridSecureRandom$SignallingEntropySource,getEntropy,com.tananaev.passportreader_22.apk,UNOBSERVED_CREATION
15109,2,SecureRandomSpec,org.spongycastle.jcajce.provider.drbg.DRBG$HybridSecureRandom$SignallingEntropySource$EntropyGatherer,run,com.tananaev.passportreader_22.apk,UNOBSERVED_CREATION
15110,4,MessageDigestSpec,com.google.android.gms.ads.internal.util.client.zzf,zzG,com.tananaev.passportreader_22.apk,GENUINE_no
15111,4,MessageDigestSpec,com.google.android.gms.ads.internal.util.client.zzf,zzj,com.tananaev.passportreader_22.apk,GENUINE_no
15112,4,MessageDigestSpec,com.google.android.gms.common.util.AndroidUtilsLight,getPackageCertificateHashBytes,com.tananaev.passportreader_22.apk,GENUINE_no
15113,4,MessageDigestSpec,com.google.android.gms.common.util.AndroidUtilsLight,zza,com.tananaev.passportreader_22.apk,GENUINE_no
15114,4,MessageDigestSpec,com.google.android.gms.internal.ads.zzazu,run,com.tananaev.passportreader_22.apk,GENUINE_no
15115,4,MessageDigestSpec,com.google.android.gms.internal.ads.zzazv,zze,com.tananaev.passportreader_22.apk,GENUINE_no
15116,3,CipherSpec,com.google.android.gms.internal.ads.zzbbe,zzb,com.tananaev.passportreader_22.apk,LEGAL_REUSE_REJECTED
15119,4,MessageDigestSpec,com.google.android.gms.measurement.internal.zzgi,zzh,com.tananaev.passportreader_22.apk,GENUINE_no
15120,4,MessageDigestSpec,com.google.android.gms.measurement.internal.zzpp,zzO,com.tananaev.passportreader_22.apk,GENUINE_no
15121,4,MessageDigestSpec,com.google.firebase.crashlytics.internal.common.CommonUtils,hash,com.tananaev.passportreader_22.apk,GENUINE_no
15122,2,SecureRandomSpec,org.spongycastle.crypto.prng.BasicEntropySourceProvider$1,getEntropy,com.tananaev.passportreader_22.apk,UNOBSERVED_CREATION
15124,2,SecureRandomSpec,org.spongycastle.jcajce.provider.drbg.DRBG,createBaseRandom,com.tananaev.passportreader_22.apk,UNOBSERVED_CREATION
15125,2,SecureRandomSpec,org.spongycastle.jcajce.provider.drbg.DRBG$HybridSecureRandom,<init>,com.tananaev.passportreader_22.apk,UNOBSERVED_CREATION
15126,2,SecureRandomSpec,org.spongycastle.jcajce.provider.drbg.DRBG$HybridSecureRandom$SignallingEntropySource,getEntropy,com.tananaev.passportreader_22.apk,UNOBSERVED_CREATION
15127,2,SecureRandomSpec,org.spongycastle.jcajce.provider.drbg.DRBG$HybridSecureRandom$SignallingEntropySource$EntropyGatherer,run,com.tananaev.passportreader_22.apk,UNOBSERVED_CREATION
15128,4,MessageDigestSpec,com.google.android.gms.ads.internal.util.client.zzf,zzG,com.tananaev.passportreader_22.apk,GENUINE_no
15129,4,MessageDigestSpec,com.google.android.gms.ads.internal.util.client.zzf,zzj,com.tananaev.passportreader_22.apk,GENUINE_no
15130,4,MessageDigestSpec,com.google.android.gms.common.util.AndroidUtilsLight,getPackageCertificateHashBytes,com.tananaev.passportreader_22.apk,GENUINE_no
15131,4,MessageDigestSpec,com.google.android.gms.common.util.AndroidUtilsLight,zza,com.tananaev.passportreader_22.apk,GENUINE_no
15132,4,MessageDigestSpec,com.google.android.gms.internal.ads.zzazu,run,com.tananaev.passportreader_22.apk,GENUINE_no
15133,4,MessageDigestSpec,com.google.android.gms.internal.ads.zzazv,zze,com.tananaev.passportreader_22.apk,GENUINE_no
15134,3,CipherSpec,com.google.android.gms.internal.ads.zzbbe,zzb,com.tananaev.passportreader_22.apk,LEGAL_REUSE_REJECTED
15137,4,MessageDigestSpec,com.google.android.gms.measurement.internal.zzgi,zzh,com.tananaev.passportreader_22.apk,GENUINE_no
15138,4,MessageDigestSpec,com.google.android.gms.measurement.internal.zzpp,zzO,com.tananaev.passportreader_22.apk,GENUINE_no
15139,4,MessageDigestSpec,com.google.firebase.crashlytics.internal.common.CommonUtils,hash,com.tananaev.passportreader_22.apk,GENUINE_no
15140,2,SecureRandomSpec,org.spongycastle.crypto.prng.BasicEntropySourceProvider$1,getEntropy,com.tananaev.passportreader_22.apk,UNOBSERVED_CREATION
15142,2,SecureRandomSpec,org.spongycastle.jcajce.provider.drbg.DRBG,createBaseRandom,com.tananaev.passportreader_22.apk,UNOBSERVED_CREATION
15143,2,SecureRandomSpec,org.spongycastle.jcajce.provider.drbg.DRBG$HybridSecureRandom,<init>,com.tananaev.passportreader_22.apk,UNOBSERVED_CREATION
15144,2,SecureRandomSpec,org.spongycastle.jcajce.provider.drbg.DRBG$HybridSecureRandom$SignallingEntropySource,getEntropy,com.tananaev.passportreader_22.apk,UNOBSERVED_CREATION
15145,2,SecureRandomSpec,org.spongycastle.jcajce.provider.drbg.DRBG$HybridSecureRandom$SignallingEntropySource$EntropyGatherer,run,com.tananaev.passportreader_22.apk,UNOBSERVED_CREATION
15146,4,MessageDigestSpec,com.google.android.gms.ads.internal.util.client.zzf,zzG,com.tananaev.passportreader_22.apk,GENUINE_no
15147,4,MessageDigestSpec,com.google.android.gms.ads.internal.util.client.zzf,zzj,com.tananaev.passportreader_22.apk,GENUINE_no
15148,4,MessageDigestSpec,com.google.android.gms.common.util.AndroidUtilsLight,getPackageCertificateHashBytes,com.tananaev.passportreader_22.apk,GENUINE_no
15149,4,MessageDigestSpec,com.google.android.gms.common.util.AndroidUtilsLight,zza,com.tananaev.passportreader_22.apk,GENUINE_no
15150,4,MessageDigestSpec,com.google.android.gms.internal.ads.zzazu,run,com.tananaev.passportreader_22.apk,GENUINE_no
15151,4,MessageDigestSpec,com.google.android.gms.internal.ads.zzazv,zze,com.tananaev.passportreader_22.apk,GENUINE_no
15152,3,CipherSpec,com.google.android.gms.internal.ads.zzbbe,zzb,com.tananaev.passportreader_22.apk,LEGAL_REUSE_REJECTED
15155,4,MessageDigestSpec,com.google.android.gms.measurement.internal.zzgi,zzh,com.tananaev.passportreader_22.apk,GENUINE_no
15156,4,MessageDigestSpec,com.google.android.gms.measurement.internal.zzpp,zzO,com.tananaev.passportreader_22.apk,GENUINE_no
15157,4,MessageDigestSpec,com.google.firebase.crashlytics.internal.common.CommonUtils,hash,com.tananaev.passportreader_22.apk,GENUINE_no
15158,2,SecureRandomSpec,org.spongycastle.crypto.prng.BasicEntropySourceProvider$1,getEntropy,com.tananaev.passportreader_22.apk,UNOBSERVED_CREATION
15160,2,SecureRandomSpec,org.spongycastle.jcajce.provider.drbg.DRBG,createBaseRandom,com.tananaev.passportreader_22.apk,UNOBSERVED_CREATION
15161,2,SecureRandomSpec,org.spongycastle.jcajce.provider.drbg.DRBG$HybridSecureRandom,<init>,com.tananaev.passportreader_22.apk,UNOBSERVED_CREATION
15162,2,SecureRandomSpec,org.spongycastle.jcajce.provider.drbg.DRBG$HybridSecureRandom$SignallingEntropySource,getEntropy,com.tananaev.passportreader_22.apk,UNOBSERVED_CREATION
15163,2,SecureRandomSpec,org.spongycastle.jcajce.provider.drbg.DRBG$HybridSecureRandom$SignallingEntropySource$EntropyGatherer,run,com.tananaev.passportreader_22.apk,UNOBSERVED_CREATION
15164,4,MessageDigestSpec,com.google.android.gms.ads.internal.util.client.zzf,zzG,com.tananaev.passportreader_22.apk,GENUINE_no
15165,4,MessageDigestSpec,com.google.android.gms.ads.internal.util.client.zzf,zzj,com.tananaev.passportreader_22.apk,GENUINE_no
15166,4,MessageDigestSpec,com.google.android.gms.common.util.AndroidUtilsLight,getPackageCertificateHashBytes,com.tananaev.passportreader_22.apk,GENUINE_no
15167,4,MessageDigestSpec,com.google.android.gms.common.util.AndroidUtilsLight,zza,com.tananaev.passportreader_22.apk,GENUINE_no
15168,4,MessageDigestSpec,com.google.android.gms.internal.ads.zzazu,run,com.tananaev.passportreader_22.apk,GENUINE_no
15169,4,MessageDigestSpec,com.google.android.gms.internal.ads.zzazv,zze,com.tananaev.passportreader_22.apk,GENUINE_no
15170,3,CipherSpec,com.google.android.gms.internal.ads.zzbbe,zzb,com.tananaev.passportreader_22.apk,LEGAL_REUSE_REJECTED
15173,4,MessageDigestSpec,com.google.android.gms.measurement.internal.zzgi,zzh,com.tananaev.passportreader_22.apk,GENUINE_no
15174,4,MessageDigestSpec,com.google.android.gms.measurement.internal.zzpp,zzO,com.tananaev.passportreader_22.apk,GENUINE_no
15175,4,MessageDigestSpec,com.google.firebase.crashlytics.internal.common.CommonUtils,hash,com.tananaev.passportreader_22.apk,GENUINE_no
15176,2,SecureRandomSpec,org.spongycastle.crypto.prng.BasicEntropySourceProvider$1,getEntropy,com.tananaev.passportreader_22.apk,UNOBSERVED_CREATION
15178,2,SecureRandomSpec,org.spongycastle.jcajce.provider.drbg.DRBG,createBaseRandom,com.tananaev.passportreader_22.apk,UNOBSERVED_CREATION
15179,2,SecureRandomSpec,org.spongycastle.jcajce.provider.drbg.DRBG$HybridSecureRandom,<init>,com.tananaev.passportreader_22.apk,UNOBSERVED_CREATION
15180,2,SecureRandomSpec,org.spongycastle.jcajce.provider.drbg.DRBG$HybridSecureRandom$SignallingEntropySource,getEntropy,com.tananaev.passportreader_22.apk,UNOBSERVED_CREATION
15181,2,SecureRandomSpec,org.spongycastle.jcajce.provider.drbg.DRBG$HybridSecureRandom$SignallingEntropySource$EntropyGatherer,run,com.tananaev.passportreader_22.apk,UNOBSERVED_CREATION
15182,4,MessageDigestSpec,com.google.android.gms.ads.internal.util.client.zzf,zzG,com.tananaev.passportreader_22.apk,GENUINE_no
15183,4,MessageDigestSpec,com.google.android.gms.ads.internal.util.client.zzf,zzj,com.tananaev.passportreader_22.apk,GENUINE_no
15184,4,MessageDigestSpec,com.google.android.gms.common.util.AndroidUtilsLight,getPackageCertificateHashBytes,com.tananaev.passportreader_22.apk,GENUINE_no
15185,4,MessageDigestSpec,com.google.android.gms.common.util.AndroidUtilsLight,zza,com.tananaev.passportreader_22.apk,GENUINE_no
15186,4,MessageDigestSpec,com.google.android.gms.internal.ads.zzazu,run,com.tananaev.passportreader_22.apk,GENUINE_no
15187,4,MessageDigestSpec,com.google.android.gms.internal.ads.zzazv,zze,com.tananaev.passportreader_22.apk,GENUINE_no
15188,3,CipherSpec,com.google.android.gms.internal.ads.zzbbe,zzb,com.tananaev.passportreader_22.apk,LEGAL_REUSE_REJECTED
15191,4,MessageDigestSpec,com.google.android.gms.measurement.internal.zzgi,zzh,com.tananaev.passportreader_22.apk,GENUINE_no
15192,4,MessageDigestSpec,com.google.android.gms.measurement.internal.zzpp,zzO,com.tananaev.passportreader_22.apk,GENUINE_no
15193,4,MessageDigestSpec,com.google.firebase.crashlytics.internal.common.CommonUtils,hash,com.tananaev.passportreader_22.apk,GENUINE_no
15194,2,SecureRandomSpec,org.spongycastle.crypto.prng.BasicEntropySourceProvider$1,getEntropy,com.tananaev.passportreader_22.apk,UNOBSERVED_CREATION
15196,2,SecureRandomSpec,org.spongycastle.jcajce.provider.drbg.DRBG,createBaseRandom,com.tananaev.passportreader_22.apk,UNOBSERVED_CREATION
15197,2,SecureRandomSpec,org.spongycastle.jcajce.provider.drbg.DRBG$HybridSecureRandom,<init>,com.tananaev.passportreader_22.apk,UNOBSERVED_CREATION
15198,2,SecureRandomSpec,org.spongycastle.jcajce.provider.drbg.DRBG$HybridSecureRandom$SignallingEntropySource,getEntropy,com.tananaev.passportreader_22.apk,UNOBSERVED_CREATION
15199,2,SecureRandomSpec,org.spongycastle.jcajce.provider.drbg.DRBG$HybridSecureRandom$SignallingEntropySource$EntropyGatherer,run,com.tananaev.passportreader_22.apk,UNOBSERVED_CREATION
15200,4,MessageDigestSpec,com.google.android.gms.ads.internal.util.client.zzf,zzG,com.tananaev.passportreader_22.apk,GENUINE_no
15201,4,MessageDigestSpec,com.google.android.gms.ads.internal.util.client.zzf,zzj,com.tananaev.passportreader_22.apk,GENUINE_no
15202,4,MessageDigestSpec,com.google.android.gms.common.util.AndroidUtilsLight,getPackageCertificateHashBytes,com.tananaev.passportreader_22.apk,GENUINE_no
15203,4,MessageDigestSpec,com.google.android.gms.common.util.AndroidUtilsLight,zza,com.tananaev.passportreader_22.apk,GENUINE_no
15204,4,MessageDigestSpec,com.google.android.gms.internal.ads.zzazu,run,com.tananaev.passportreader_22.apk,GENUINE_no
15205,4,MessageDigestSpec,com.google.android.gms.internal.ads.zzazv,zze,com.tananaev.passportreader_22.apk,GENUINE_no
15207,4,MessageDigestSpec,com.google.android.gms.measurement.internal.zzgi,zzh,com.tananaev.passportreader_22.apk,GENUINE_no
15208,4,MessageDigestSpec,com.google.android.gms.measurement.internal.zzpp,zzO,com.tananaev.passportreader_22.apk,GENUINE_no
15209,4,MessageDigestSpec,com.google.firebase.crashlytics.internal.common.CommonUtils,hash,com.tananaev.passportreader_22.apk,GENUINE_no
15210,2,SecureRandomSpec,org.spongycastle.crypto.prng.BasicEntropySourceProvider$1,getEntropy,com.tananaev.passportreader_22.apk,UNOBSERVED_CREATION
15212,2,SecureRandomSpec,org.spongycastle.jcajce.provider.drbg.DRBG,createBaseRandom,com.tananaev.passportreader_22.apk,UNOBSERVED_CREATION
15213,2,SecureRandomSpec,org.spongycastle.jcajce.provider.drbg.DRBG$HybridSecureRandom,<init>,com.tananaev.passportreader_22.apk,UNOBSERVED_CREATION
15214,2,SecureRandomSpec,org.spongycastle.jcajce.provider.drbg.DRBG$HybridSecureRandom$SignallingEntropySource,getEntropy,com.tananaev.passportreader_22.apk,UNOBSERVED_CREATION
15215,2,SecureRandomSpec,org.spongycastle.jcajce.provider.drbg.DRBG$HybridSecureRandom$SignallingEntropySource$EntropyGatherer,run,com.tananaev.passportreader_22.apk,UNOBSERVED_CREATION
15216,4,MessageDigestSpec,com.google.android.gms.ads.internal.util.client.zzf,zzG,com.tananaev.passportreader_22.apk,GENUINE_no
15217,4,MessageDigestSpec,com.google.android.gms.ads.internal.util.client.zzf,zzj,com.tananaev.passportreader_22.apk,GENUINE_no
15218,4,MessageDigestSpec,com.google.android.gms.common.util.AndroidUtilsLight,getPackageCertificateHashBytes,com.tananaev.passportreader_22.apk,GENUINE_no
15219,4,MessageDigestSpec,com.google.android.gms.common.util.AndroidUtilsLight,zza,com.tananaev.passportreader_22.apk,GENUINE_no
15220,4,MessageDigestSpec,com.google.android.gms.internal.ads.zzazu,run,com.tananaev.passportreader_22.apk,GENUINE_no
15221,4,MessageDigestSpec,com.google.android.gms.internal.ads.zzazv,zze,com.tananaev.passportreader_22.apk,GENUINE_no
15222,3,CipherSpec,com.google.android.gms.internal.ads.zzbbe,zzb,com.tananaev.passportreader_22.apk,LEGAL_REUSE_REJECTED
15225,4,MessageDigestSpec,com.google.android.gms.measurement.internal.zzgi,zzh,com.tananaev.passportreader_22.apk,GENUINE_no
15226,4,MessageDigestSpec,com.google.android.gms.measurement.internal.zzpp,zzO,com.tananaev.passportreader_22.apk,GENUINE_no
15227,4,MessageDigestSpec,com.google.firebase.crashlytics.internal.common.CommonUtils,hash,com.tananaev.passportreader_22.apk,GENUINE_no
15228,2,SecureRandomSpec,org.spongycastle.crypto.prng.BasicEntropySourceProvider$1,getEntropy,com.tananaev.passportreader_22.apk,UNOBSERVED_CREATION
15230,2,SecureRandomSpec,org.spongycastle.jcajce.provider.drbg.DRBG,createBaseRandom,com.tananaev.passportreader_22.apk,UNOBSERVED_CREATION
15231,2,SecureRandomSpec,org.spongycastle.jcajce.provider.drbg.DRBG$HybridSecureRandom,<init>,com.tananaev.passportreader_22.apk,UNOBSERVED_CREATION
15232,2,SecureRandomSpec,org.spongycastle.jcajce.provider.drbg.DRBG$HybridSecureRandom$SignallingEntropySource,getEntropy,com.tananaev.passportreader_22.apk,UNOBSERVED_CREATION
15233,2,SecureRandomSpec,org.spongycastle.jcajce.provider.drbg.DRBG$HybridSecureRandom$SignallingEntropySource$EntropyGatherer,run,com.tananaev.passportreader_22.apk,UNOBSERVED_CREATION
15234,4,MessageDigestSpec,com.google.android.gms.ads.internal.util.client.zzf,zzG,com.tananaev.passportreader_22.apk,GENUINE_no
15235,4,MessageDigestSpec,com.google.android.gms.ads.internal.util.client.zzf,zzj,com.tananaev.passportreader_22.apk,GENUINE_no
15236,4,MessageDigestSpec,com.google.android.gms.common.util.AndroidUtilsLight,getPackageCertificateHashBytes,com.tananaev.passportreader_22.apk,GENUINE_no
15237,4,MessageDigestSpec,com.google.android.gms.common.util.AndroidUtilsLight,zza,com.tananaev.passportreader_22.apk,GENUINE_no
15238,4,MessageDigestSpec,com.google.android.gms.internal.ads.zzazu,run,com.tananaev.passportreader_22.apk,GENUINE_no
15239,4,MessageDigestSpec,com.google.android.gms.internal.ads.zzazv,zze,com.tananaev.passportreader_22.apk,GENUINE_no
15240,3,CipherSpec,com.google.android.gms.internal.ads.zzbbe,zzb,com.tananaev.passportreader_22.apk,LEGAL_REUSE_REJECTED
15243,4,MessageDigestSpec,com.google.android.gms.measurement.internal.zzgi,zzh,com.tananaev.passportreader_22.apk,GENUINE_no
15244,4,MessageDigestSpec,com.google.android.gms.measurement.internal.zzpp,zzO,com.tananaev.passportreader_22.apk,GENUINE_no
15245,4,MessageDigestSpec,com.google.firebase.crashlytics.internal.common.CommonUtils,hash,com.tananaev.passportreader_22.apk,GENUINE_no
15246,2,SecureRandomSpec,org.spongycastle.crypto.prng.BasicEntropySourceProvider$1,getEntropy,com.tananaev.passportreader_22.apk,UNOBSERVED_CREATION
15248,2,SecureRandomSpec,org.spongycastle.jcajce.provider.drbg.DRBG,createBaseRandom,com.tananaev.passportreader_22.apk,UNOBSERVED_CREATION
15249,2,SecureRandomSpec,org.spongycastle.jcajce.provider.drbg.DRBG$HybridSecureRandom,<init>,com.tananaev.passportreader_22.apk,UNOBSERVED_CREATION
15250,2,SecureRandomSpec,org.spongycastle.jcajce.provider.drbg.DRBG$HybridSecureRandom$SignallingEntropySource,getEntropy,com.tananaev.passportreader_22.apk,UNOBSERVED_CREATION
15251,2,SecureRandomSpec,org.spongycastle.jcajce.provider.drbg.DRBG$HybridSecureRandom$SignallingEntropySource$EntropyGatherer,run,com.tananaev.passportreader_22.apk,UNOBSERVED_CREATION
15252,4,MessageDigestSpec,com.google.android.gms.ads.internal.util.client.zzf,zzG,com.tananaev.passportreader_22.apk,GENUINE_no
15253,4,MessageDigestSpec,com.google.android.gms.ads.internal.util.client.zzf,zzj,com.tananaev.passportreader_22.apk,GENUINE_no
15254,4,MessageDigestSpec,com.google.android.gms.common.util.AndroidUtilsLight,getPackageCertificateHashBytes,com.tananaev.passportreader_22.apk,GENUINE_no
15255,4,MessageDigestSpec,com.google.android.gms.common.util.AndroidUtilsLight,zza,com.tananaev.passportreader_22.apk,GENUINE_no
15256,4,MessageDigestSpec,com.google.android.gms.internal.ads.zzazu,run,com.tananaev.passportreader_22.apk,GENUINE_no
15257,4,MessageDigestSpec,com.google.android.gms.internal.ads.zzazv,zze,com.tananaev.passportreader_22.apk,GENUINE_no
15258,3,CipherSpec,com.google.android.gms.internal.ads.zzbbe,zzb,com.tananaev.passportreader_22.apk,LEGAL_REUSE_REJECTED
15261,4,MessageDigestSpec,com.google.android.gms.measurement.internal.zzgi,zzh,com.tananaev.passportreader_22.apk,GENUINE_no
15262,4,MessageDigestSpec,com.google.android.gms.measurement.internal.zzpp,zzO,com.tananaev.passportreader_22.apk,GENUINE_no
15263,4,MessageDigestSpec,com.google.firebase.crashlytics.internal.common.CommonUtils,hash,com.tananaev.passportreader_22.apk,GENUINE_no
15264,2,SecureRandomSpec,org.spongycastle.crypto.prng.BasicEntropySourceProvider$1,getEntropy,com.tananaev.passportreader_22.apk,UNOBSERVED_CREATION
15266,2,SecureRandomSpec,org.spongycastle.jcajce.provider.drbg.DRBG,createBaseRandom,com.tananaev.passportreader_22.apk,UNOBSERVED_CREATION
15267,2,SecureRandomSpec,org.spongycastle.jcajce.provider.drbg.DRBG$HybridSecureRandom,<init>,com.tananaev.passportreader_22.apk,UNOBSERVED_CREATION
15268,2,SecureRandomSpec,org.spongycastle.jcajce.provider.drbg.DRBG$HybridSecureRandom$SignallingEntropySource,getEntropy,com.tananaev.passportreader_22.apk,UNOBSERVED_CREATION
15269,2,SecureRandomSpec,org.spongycastle.jcajce.provider.drbg.DRBG$HybridSecureRandom$SignallingEntropySource$EntropyGatherer,run,com.tananaev.passportreader_22.apk,UNOBSERVED_CREATION
15270,4,MessageDigestSpec,com.google.android.gms.ads.internal.util.client.zzf,zzG,com.tananaev.passportreader_22.apk,GENUINE_no
15271,4,MessageDigestSpec,com.google.android.gms.ads.internal.util.client.zzf,zzj,com.tananaev.passportreader_22.apk,GENUINE_no
15272,4,MessageDigestSpec,com.google.android.gms.common.util.AndroidUtilsLight,getPackageCertificateHashBytes,com.tananaev.passportreader_22.apk,GENUINE_no
15273,4,MessageDigestSpec,com.google.android.gms.common.util.AndroidUtilsLight,zza,com.tananaev.passportreader_22.apk,GENUINE_no
15274,4,MessageDigestSpec,com.google.android.gms.internal.ads.zzazu,run,com.tananaev.passportreader_22.apk,GENUINE_no
15275,4,MessageDigestSpec,com.google.android.gms.internal.ads.zzazv,zze,com.tananaev.passportreader_22.apk,GENUINE_no
15276,3,CipherSpec,com.google.android.gms.internal.ads.zzbbe,zzb,com.tananaev.passportreader_22.apk,LEGAL_REUSE_REJECTED
15279,4,MessageDigestSpec,com.google.android.gms.measurement.internal.zzgi,zzh,com.tananaev.passportreader_22.apk,GENUINE_no
15280,4,MessageDigestSpec,com.google.android.gms.measurement.internal.zzpp,zzO,com.tananaev.passportreader_22.apk,GENUINE_no
15281,4,MessageDigestSpec,com.google.firebase.crashlytics.internal.common.CommonUtils,hash,com.tananaev.passportreader_22.apk,GENUINE_no
15282,2,SecureRandomSpec,org.spongycastle.crypto.prng.BasicEntropySourceProvider$1,getEntropy,com.tananaev.passportreader_22.apk,UNOBSERVED_CREATION
15284,2,SecureRandomSpec,org.spongycastle.jcajce.provider.drbg.DRBG,createBaseRandom,com.tananaev.passportreader_22.apk,UNOBSERVED_CREATION
15285,2,SecureRandomSpec,org.spongycastle.jcajce.provider.drbg.DRBG$HybridSecureRandom,<init>,com.tananaev.passportreader_22.apk,UNOBSERVED_CREATION
15286,2,SecureRandomSpec,org.spongycastle.jcajce.provider.drbg.DRBG$HybridSecureRandom$SignallingEntropySource,getEntropy,com.tananaev.passportreader_22.apk,UNOBSERVED_CREATION
15287,2,SecureRandomSpec,org.spongycastle.jcajce.provider.drbg.DRBG$HybridSecureRandom$SignallingEntropySource$EntropyGatherer,run,com.tananaev.passportreader_22.apk,UNOBSERVED_CREATION
15288,4,MessageDigestSpec,com.google.android.gms.ads.internal.util.client.zzf,zzG,com.tananaev.passportreader_22.apk,GENUINE_no
15289,4,MessageDigestSpec,com.google.android.gms.ads.internal.util.client.zzf,zzj,com.tananaev.passportreader_22.apk,GENUINE_no
15290,4,MessageDigestSpec,com.google.android.gms.common.util.AndroidUtilsLight,getPackageCertificateHashBytes,com.tananaev.passportreader_22.apk,GENUINE_no
15291,4,MessageDigestSpec,com.google.android.gms.common.util.AndroidUtilsLight,zza,com.tananaev.passportreader_22.apk,GENUINE_no
15292,4,MessageDigestSpec,com.google.android.gms.internal.ads.zzazu,run,com.tananaev.passportreader_22.apk,GENUINE_no
15293,4,MessageDigestSpec,com.google.android.gms.internal.ads.zzazv,zze,com.tananaev.passportreader_22.apk,GENUINE_no
15294,3,CipherSpec,com.google.android.gms.internal.ads.zzbbe,zzb,com.tananaev.passportreader_22.apk,LEGAL_REUSE_REJECTED
15297,4,MessageDigestSpec,com.google.android.gms.measurement.internal.zzgi,zzh,com.tananaev.passportreader_22.apk,GENUINE_no
15298,4,MessageDigestSpec,com.google.android.gms.measurement.internal.zzpp,zzO,com.tananaev.passportreader_22.apk,GENUINE_no
15299,4,MessageDigestSpec,com.google.firebase.crashlytics.internal.common.CommonUtils,hash,com.tananaev.passportreader_22.apk,GENUINE_no
15300,2,SecureRandomSpec,org.spongycastle.crypto.prng.BasicEntropySourceProvider$1,getEntropy,com.tananaev.passportreader_22.apk,UNOBSERVED_CREATION
15302,2,SecureRandomSpec,org.spongycastle.jcajce.provider.drbg.DRBG,createBaseRandom,com.tananaev.passportreader_22.apk,UNOBSERVED_CREATION
15303,2,SecureRandomSpec,org.spongycastle.jcajce.provider.drbg.DRBG$HybridSecureRandom,<init>,com.tananaev.passportreader_22.apk,UNOBSERVED_CREATION
15304,2,SecureRandomSpec,org.spongycastle.jcajce.provider.drbg.DRBG$HybridSecureRandom$SignallingEntropySource,getEntropy,com.tananaev.passportreader_22.apk,UNOBSERVED_CREATION
15305,2,SecureRandomSpec,org.spongycastle.jcajce.provider.drbg.DRBG$HybridSecureRandom$SignallingEntropySource$EntropyGatherer,run,com.tananaev.passportreader_22.apk,UNOBSERVED_CREATION
15306,4,MessageDigestSpec,com.google.android.gms.ads.internal.util.client.zzf,zzG,com.tananaev.passportreader_22.apk,GENUINE_no
15307,4,MessageDigestSpec,com.google.android.gms.ads.internal.util.client.zzf,zzj,com.tananaev.passportreader_22.apk,GENUINE_no
15308,4,MessageDigestSpec,com.google.android.gms.common.util.AndroidUtilsLight,getPackageCertificateHashBytes,com.tananaev.passportreader_22.apk,GENUINE_no
15309,4,MessageDigestSpec,com.google.android.gms.common.util.AndroidUtilsLight,zza,com.tananaev.passportreader_22.apk,GENUINE_no
15310,4,MessageDigestSpec,com.google.android.gms.internal.ads.zzazu,run,com.tananaev.passportreader_22.apk,GENUINE_no
15311,4,MessageDigestSpec,com.google.android.gms.internal.ads.zzazv,zze,com.tananaev.passportreader_22.apk,GENUINE_no
15312,3,CipherSpec,com.google.android.gms.internal.ads.zzbbe,zzb,com.tananaev.passportreader_22.apk,LEGAL_REUSE_REJECTED
15315,4,MessageDigestSpec,com.google.android.gms.measurement.internal.zzgi,zzh,com.tananaev.passportreader_22.apk,GENUINE_no
15316,4,MessageDigestSpec,com.google.android.gms.measurement.internal.zzpp,zzO,com.tananaev.passportreader_22.apk,GENUINE_no
15317,4,MessageDigestSpec,com.google.firebase.crashlytics.internal.common.CommonUtils,hash,com.tananaev.passportreader_22.apk,GENUINE_no
15318,2,SecureRandomSpec,org.spongycastle.crypto.prng.BasicEntropySourceProvider$1,getEntropy,com.tananaev.passportreader_22.apk,UNOBSERVED_CREATION
15320,2,SecureRandomSpec,org.spongycastle.jcajce.provider.drbg.DRBG,createBaseRandom,com.tananaev.passportreader_22.apk,UNOBSERVED_CREATION
15321,2,SecureRandomSpec,org.spongycastle.jcajce.provider.drbg.DRBG$HybridSecureRandom,<init>,com.tananaev.passportreader_22.apk,UNOBSERVED_CREATION
15322,2,SecureRandomSpec,org.spongycastle.jcajce.provider.drbg.DRBG$HybridSecureRandom$SignallingEntropySource,getEntropy,com.tananaev.passportreader_22.apk,UNOBSERVED_CREATION
15323,2,SecureRandomSpec,org.spongycastle.jcajce.provider.drbg.DRBG$HybridSecureRandom$SignallingEntropySource$EntropyGatherer,run,com.tananaev.passportreader_22.apk,UNOBSERVED_CREATION
15324,4,MessageDigestSpec,com.google.android.gms.ads.internal.util.client.zzf,zzG,com.tananaev.passportreader_22.apk,GENUINE_no
15325,4,MessageDigestSpec,com.google.android.gms.ads.internal.util.client.zzf,zzj,com.tananaev.passportreader_22.apk,GENUINE_no
15326,4,MessageDigestSpec,com.google.android.gms.common.util.AndroidUtilsLight,getPackageCertificateHashBytes,com.tananaev.passportreader_22.apk,GENUINE_no
15327,4,MessageDigestSpec,com.google.android.gms.common.util.AndroidUtilsLight,zza,com.tananaev.passportreader_22.apk,GENUINE_no
15328,4,MessageDigestSpec,com.google.android.gms.internal.ads.zzazu,run,com.tananaev.passportreader_22.apk,GENUINE_no
15329,4,MessageDigestSpec,com.google.android.gms.internal.ads.zzazv,zze,com.tananaev.passportreader_22.apk,GENUINE_no
15330,3,CipherSpec,com.google.android.gms.internal.ads.zzbbe,zzb,com.tananaev.passportreader_22.apk,LEGAL_REUSE_REJECTED
15333,4,MessageDigestSpec,com.google.android.gms.measurement.internal.zzgi,zzh,com.tananaev.passportreader_22.apk,GENUINE_no
15334,4,MessageDigestSpec,com.google.android.gms.measurement.internal.zzpp,zzO,com.tananaev.passportreader_22.apk,GENUINE_no
15335,4,MessageDigestSpec,com.google.firebase.crashlytics.internal.common.CommonUtils,hash,com.tananaev.passportreader_22.apk,GENUINE_no
15336,2,SecureRandomSpec,org.spongycastle.crypto.prng.BasicEntropySourceProvider$1,getEntropy,com.tananaev.passportreader_22.apk,UNOBSERVED_CREATION
15338,2,SecureRandomSpec,org.spongycastle.jcajce.provider.drbg.DRBG,createBaseRandom,com.tananaev.passportreader_22.apk,UNOBSERVED_CREATION
15339,2,SecureRandomSpec,org.spongycastle.jcajce.provider.drbg.DRBG$HybridSecureRandom,<init>,com.tananaev.passportreader_22.apk,UNOBSERVED_CREATION
15340,2,SecureRandomSpec,org.spongycastle.jcajce.provider.drbg.DRBG$HybridSecureRandom$SignallingEntropySource,getEntropy,com.tananaev.passportreader_22.apk,UNOBSERVED_CREATION
15341,2,SecureRandomSpec,org.spongycastle.jcajce.provider.drbg.DRBG$HybridSecureRandom$SignallingEntropySource$EntropyGatherer,run,com.tananaev.passportreader_22.apk,UNOBSERVED_CREATION
15342,4,MessageDigestSpec,com.google.android.gms.ads.internal.util.client.zzf,zzG,com.tananaev.passportreader_22.apk,GENUINE_no
15343,4,MessageDigestSpec,com.google.android.gms.ads.internal.util.client.zzf,zzj,com.tananaev.passportreader_22.apk,GENUINE_no
15344,4,MessageDigestSpec,com.google.android.gms.common.util.AndroidUtilsLight,getPackageCertificateHashBytes,com.tananaev.passportreader_22.apk,GENUINE_no
15345,4,MessageDigestSpec,com.google.android.gms.common.util.AndroidUtilsLight,zza,com.tananaev.passportreader_22.apk,GENUINE_no
15346,4,MessageDigestSpec,com.google.android.gms.internal.ads.zzazu,run,com.tananaev.passportreader_22.apk,GENUINE_no
15347,4,MessageDigestSpec,com.google.android.gms.internal.ads.zzazv,zze,com.tananaev.passportreader_22.apk,GENUINE_no
15348,3,CipherSpec,com.google.android.gms.internal.ads.zzbbe,zzb,com.tananaev.passportreader_22.apk,LEGAL_REUSE_REJECTED
15351,4,MessageDigestSpec,com.google.android.gms.measurement.internal.zzgi,zzh,com.tananaev.passportreader_22.apk,GENUINE_no
15352,4,MessageDigestSpec,com.google.android.gms.measurement.internal.zzpp,zzO,com.tananaev.passportreader_22.apk,GENUINE_no
15353,4,MessageDigestSpec,com.google.firebase.crashlytics.internal.common.CommonUtils,hash,com.tananaev.passportreader_22.apk,GENUINE_no
15354,2,SecureRandomSpec,org.spongycastle.crypto.prng.BasicEntropySourceProvider$1,getEntropy,com.tananaev.passportreader_22.apk,UNOBSERVED_CREATION
15356,2,SecureRandomSpec,org.spongycastle.jcajce.provider.drbg.DRBG,createBaseRandom,com.tananaev.passportreader_22.apk,UNOBSERVED_CREATION
15357,2,SecureRandomSpec,org.spongycastle.jcajce.provider.drbg.DRBG$HybridSecureRandom,<init>,com.tananaev.passportreader_22.apk,UNOBSERVED_CREATION
15358,2,SecureRandomSpec,org.spongycastle.jcajce.provider.drbg.DRBG$HybridSecureRandom$SignallingEntropySource,getEntropy,com.tananaev.passportreader_22.apk,UNOBSERVED_CREATION
15359,2,SecureRandomSpec,org.spongycastle.jcajce.provider.drbg.DRBG$HybridSecureRandom$SignallingEntropySource$EntropyGatherer,run,com.tananaev.passportreader_22.apk,UNOBSERVED_CREATION
15360,4,MessageDigestSpec,com.google.android.gms.ads.internal.util.client.zzf,zzG,com.tananaev.passportreader_22.apk,GENUINE_no
15361,4,MessageDigestSpec,com.google.android.gms.ads.internal.util.client.zzf,zzj,com.tananaev.passportreader_22.apk,GENUINE_no
15362,4,MessageDigestSpec,com.google.android.gms.common.util.AndroidUtilsLight,getPackageCertificateHashBytes,com.tananaev.passportreader_22.apk,GENUINE_no
15363,4,MessageDigestSpec,com.google.android.gms.common.util.AndroidUtilsLight,zza,com.tananaev.passportreader_22.apk,GENUINE_no
15364,4,MessageDigestSpec,com.google.android.gms.internal.ads.zzazu,run,com.tananaev.passportreader_22.apk,GENUINE_no
15365,4,MessageDigestSpec,com.google.android.gms.internal.ads.zzazv,zze,com.tananaev.passportreader_22.apk,GENUINE_no
15366,3,CipherSpec,com.google.android.gms.internal.ads.zzbbe,zzb,com.tananaev.passportreader_22.apk,LEGAL_REUSE_REJECTED
15369,4,MessageDigestSpec,com.google.android.gms.measurement.internal.zzgi,zzh,com.tananaev.passportreader_22.apk,GENUINE_no
15370,4,MessageDigestSpec,com.google.android.gms.measurement.internal.zzpp,zzO,com.tananaev.passportreader_22.apk,GENUINE_no
15371,4,MessageDigestSpec,com.google.firebase.crashlytics.internal.common.CommonUtils,hash,com.tananaev.passportreader_22.apk,GENUINE_no
15372,2,SecureRandomSpec,org.spongycastle.crypto.prng.BasicEntropySourceProvider$1,getEntropy,com.tananaev.passportreader_22.apk,UNOBSERVED_CREATION
15374,2,SecureRandomSpec,org.spongycastle.jcajce.provider.drbg.DRBG,createBaseRandom,com.tananaev.passportreader_22.apk,UNOBSERVED_CREATION
15375,2,SecureRandomSpec,org.spongycastle.jcajce.provider.drbg.DRBG$HybridSecureRandom,<init>,com.tananaev.passportreader_22.apk,UNOBSERVED_CREATION
15376,2,SecureRandomSpec,org.spongycastle.jcajce.provider.drbg.DRBG$HybridSecureRandom$SignallingEntropySource,getEntropy,com.tananaev.passportreader_22.apk,UNOBSERVED_CREATION
15377,2,SecureRandomSpec,org.spongycastle.jcajce.provider.drbg.DRBG$HybridSecureRandom$SignallingEntropySource$EntropyGatherer,run,com.tananaev.passportreader_22.apk,UNOBSERVED_CREATION
15378,4,MessageDigestSpec,com.google.android.gms.ads.internal.util.client.zzf,zzG,com.tananaev.passportreader_22.apk,GENUINE_no
15379,4,MessageDigestSpec,com.google.android.gms.ads.internal.util.client.zzf,zzj,com.tananaev.passportreader_22.apk,GENUINE_no
15380,4,MessageDigestSpec,com.google.android.gms.common.util.AndroidUtilsLight,getPackageCertificateHashBytes,com.tananaev.passportreader_22.apk,GENUINE_no
15381,4,MessageDigestSpec,com.google.android.gms.common.util.AndroidUtilsLight,zza,com.tananaev.passportreader_22.apk,GENUINE_no
15382,4,MessageDigestSpec,com.google.android.gms.internal.ads.zzazu,run,com.tananaev.passportreader_22.apk,GENUINE_no
15383,4,MessageDigestSpec,com.google.android.gms.internal.ads.zzazv,zze,com.tananaev.passportreader_22.apk,GENUINE_no
15384,3,CipherSpec,com.google.android.gms.internal.ads.zzbbe,zzb,com.tananaev.passportreader_22.apk,LEGAL_REUSE_REJECTED
15387,4,MessageDigestSpec,com.google.android.gms.measurement.internal.zzgi,zzh,com.tananaev.passportreader_22.apk,GENUINE_no
15388,4,MessageDigestSpec,com.google.android.gms.measurement.internal.zzpp,zzO,com.tananaev.passportreader_22.apk,GENUINE_no
15389,4,MessageDigestSpec,com.google.firebase.crashlytics.internal.common.CommonUtils,hash,com.tananaev.passportreader_22.apk,GENUINE_no
15390,2,SecureRandomSpec,org.spongycastle.crypto.prng.BasicEntropySourceProvider$1,getEntropy,com.tananaev.passportreader_22.apk,UNOBSERVED_CREATION
15392,2,SecureRandomSpec,org.spongycastle.jcajce.provider.drbg.DRBG,createBaseRandom,com.tananaev.passportreader_22.apk,UNOBSERVED_CREATION
15393,2,SecureRandomSpec,org.spongycastle.jcajce.provider.drbg.DRBG$HybridSecureRandom,<init>,com.tananaev.passportreader_22.apk,UNOBSERVED_CREATION
15394,2,SecureRandomSpec,org.spongycastle.jcajce.provider.drbg.DRBG$HybridSecureRandom$SignallingEntropySource,getEntropy,com.tananaev.passportreader_22.apk,UNOBSERVED_CREATION
15395,2,SecureRandomSpec,org.spongycastle.jcajce.provider.drbg.DRBG$HybridSecureRandom$SignallingEntropySource$EntropyGatherer,run,com.tananaev.passportreader_22.apk,UNOBSERVED_CREATION
15396,4,MessageDigestSpec,com.google.android.gms.ads.internal.util.client.zzf,zzG,com.tananaev.passportreader_22.apk,GENUINE_no
15397,4,MessageDigestSpec,com.google.android.gms.ads.internal.util.client.zzf,zzj,com.tananaev.passportreader_22.apk,GENUINE_no
15398,4,MessageDigestSpec,com.google.android.gms.common.util.AndroidUtilsLight,getPackageCertificateHashBytes,com.tananaev.passportreader_22.apk,GENUINE_no
15399,4,MessageDigestSpec,com.google.android.gms.common.util.AndroidUtilsLight,zza,com.tananaev.passportreader_22.apk,GENUINE_no
15400,4,MessageDigestSpec,com.google.android.gms.internal.ads.zzazu,run,com.tananaev.passportreader_22.apk,GENUINE_no
15401,4,MessageDigestSpec,com.google.android.gms.internal.ads.zzazv,zze,com.tananaev.passportreader_22.apk,GENUINE_no
15402,3,CipherSpec,com.google.android.gms.internal.ads.zzbbe,zzb,com.tananaev.passportreader_22.apk,LEGAL_REUSE_REJECTED
15405,4,MessageDigestSpec,com.google.android.gms.measurement.internal.zzgi,zzh,com.tananaev.passportreader_22.apk,GENUINE_no
15406,4,MessageDigestSpec,com.google.android.gms.measurement.internal.zzpp,zzO,com.tananaev.passportreader_22.apk,GENUINE_no
15407,4,MessageDigestSpec,com.google.firebase.crashlytics.internal.common.CommonUtils,hash,com.tananaev.passportreader_22.apk,GENUINE_no
15408,2,SecureRandomSpec,org.spongycastle.crypto.prng.BasicEntropySourceProvider$1,getEntropy,com.tananaev.passportreader_22.apk,UNOBSERVED_CREATION
15410,2,SecureRandomSpec,org.spongycastle.jcajce.provider.drbg.DRBG,createBaseRandom,com.tananaev.passportreader_22.apk,UNOBSERVED_CREATION
15411,2,SecureRandomSpec,org.spongycastle.jcajce.provider.drbg.DRBG$HybridSecureRandom,<init>,com.tananaev.passportreader_22.apk,UNOBSERVED_CREATION
15412,2,SecureRandomSpec,org.spongycastle.jcajce.provider.drbg.DRBG$HybridSecureRandom$SignallingEntropySource,getEntropy,com.tananaev.passportreader_22.apk,UNOBSERVED_CREATION
15413,2,SecureRandomSpec,org.spongycastle.jcajce.provider.drbg.DRBG$HybridSecureRandom$SignallingEntropySource$EntropyGatherer,run,com.tananaev.passportreader_22.apk,UNOBSERVED_CREATION
15414,4,MessageDigestSpec,com.google.android.gms.ads.internal.util.client.zzf,zzG,com.tananaev.passportreader_22.apk,GENUINE_no
15415,4,MessageDigestSpec,com.google.android.gms.ads.internal.util.client.zzf,zzj,com.tananaev.passportreader_22.apk,GENUINE_no
15416,4,MessageDigestSpec,com.google.android.gms.common.util.AndroidUtilsLight,getPackageCertificateHashBytes,com.tananaev.passportreader_22.apk,GENUINE_no
15417,4,MessageDigestSpec,com.google.android.gms.common.util.AndroidUtilsLight,zza,com.tananaev.passportreader_22.apk,GENUINE_no
15418,4,MessageDigestSpec,com.google.android.gms.internal.ads.zzazu,run,com.tananaev.passportreader_22.apk,GENUINE_no
15419,4,MessageDigestSpec,com.google.android.gms.internal.ads.zzazv,zze,com.tananaev.passportreader_22.apk,GENUINE_no
15420,3,CipherSpec,com.google.android.gms.internal.ads.zzbbe,zzb,com.tananaev.passportreader_22.apk,LEGAL_REUSE_REJECTED
15423,4,MessageDigestSpec,com.google.android.gms.measurement.internal.zzgi,zzh,com.tananaev.passportreader_22.apk,GENUINE_no
15424,4,MessageDigestSpec,com.google.android.gms.measurement.internal.zzpp,zzO,com.tananaev.passportreader_22.apk,GENUINE_no
15425,4,MessageDigestSpec,com.google.firebase.crashlytics.internal.common.CommonUtils,hash,com.tananaev.passportreader_22.apk,GENUINE_no
15426,2,SecureRandomSpec,org.spongycastle.crypto.prng.BasicEntropySourceProvider$1,getEntropy,com.tananaev.passportreader_22.apk,UNOBSERVED_CREATION
15428,2,SecureRandomSpec,org.spongycastle.jcajce.provider.drbg.DRBG,createBaseRandom,com.tananaev.passportreader_22.apk,UNOBSERVED_CREATION
15429,2,SecureRandomSpec,org.spongycastle.jcajce.provider.drbg.DRBG$HybridSecureRandom,<init>,com.tananaev.passportreader_22.apk,UNOBSERVED_CREATION
15430,2,SecureRandomSpec,org.spongycastle.jcajce.provider.drbg.DRBG$HybridSecureRandom$SignallingEntropySource,getEntropy,com.tananaev.passportreader_22.apk,UNOBSERVED_CREATION
15431,2,SecureRandomSpec,org.spongycastle.jcajce.provider.drbg.DRBG$HybridSecureRandom$SignallingEntropySource$EntropyGatherer,run,com.tananaev.passportreader_22.apk,UNOBSERVED_CREATION
15432,4,MessageDigestSpec,com.google.android.gms.ads.internal.util.client.zzf,zzG,com.tananaev.passportreader_22.apk,GENUINE_no
15433,4,MessageDigestSpec,com.google.android.gms.ads.internal.util.client.zzf,zzj,com.tananaev.passportreader_22.apk,GENUINE_no
15434,4,MessageDigestSpec,com.google.android.gms.common.util.AndroidUtilsLight,getPackageCertificateHashBytes,com.tananaev.passportreader_22.apk,GENUINE_no
15435,4,MessageDigestSpec,com.google.android.gms.common.util.AndroidUtilsLight,zza,com.tananaev.passportreader_22.apk,GENUINE_no
15436,4,MessageDigestSpec,com.google.android.gms.internal.ads.zzazu,run,com.tananaev.passportreader_22.apk,GENUINE_no
15437,4,MessageDigestSpec,com.google.android.gms.internal.ads.zzazv,zze,com.tananaev.passportreader_22.apk,GENUINE_no
15438,3,CipherSpec,com.google.android.gms.internal.ads.zzbbe,zzb,com.tananaev.passportreader_22.apk,LEGAL_REUSE_REJECTED
15441,4,MessageDigestSpec,com.google.android.gms.measurement.internal.zzgi,zzh,com.tananaev.passportreader_22.apk,GENUINE_no
15442,4,MessageDigestSpec,com.google.android.gms.measurement.internal.zzpp,zzO,com.tananaev.passportreader_22.apk,GENUINE_no
15443,4,MessageDigestSpec,com.google.firebase.crashlytics.internal.common.CommonUtils,hash,com.tananaev.passportreader_22.apk,GENUINE_no
15444,2,SecureRandomSpec,org.spongycastle.crypto.prng.BasicEntropySourceProvider$1,getEntropy,com.tananaev.passportreader_22.apk,UNOBSERVED_CREATION
15446,2,SecureRandomSpec,org.spongycastle.jcajce.provider.drbg.DRBG,createBaseRandom,com.tananaev.passportreader_22.apk,UNOBSERVED_CREATION
15447,2,SecureRandomSpec,org.spongycastle.jcajce.provider.drbg.DRBG$HybridSecureRandom,<init>,com.tananaev.passportreader_22.apk,UNOBSERVED_CREATION
15448,2,SecureRandomSpec,org.spongycastle.jcajce.provider.drbg.DRBG$HybridSecureRandom$SignallingEntropySource,getEntropy,com.tananaev.passportreader_22.apk,UNOBSERVED_CREATION
15449,2,SecureRandomSpec,org.spongycastle.jcajce.provider.drbg.DRBG$HybridSecureRandom$SignallingEntropySource$EntropyGatherer,run,com.tananaev.passportreader_22.apk,UNOBSERVED_CREATION
15450,4,MessageDigestSpec,com.google.android.gms.ads.internal.util.client.zzf,zzG,com.tananaev.passportreader_22.apk,GENUINE_no
15451,4,MessageDigestSpec,com.google.android.gms.ads.internal.util.client.zzf,zzj,com.tananaev.passportreader_22.apk,GENUINE_no
15452,4,MessageDigestSpec,com.google.android.gms.common.util.AndroidUtilsLight,getPackageCertificateHashBytes,com.tananaev.passportreader_22.apk,GENUINE_no
15453,4,MessageDigestSpec,com.google.android.gms.common.util.AndroidUtilsLight,zza,com.tananaev.passportreader_22.apk,GENUINE_no
15454,4,MessageDigestSpec,com.google.android.gms.internal.ads.zzazu,run,com.tananaev.passportreader_22.apk,GENUINE_no
15455,4,MessageDigestSpec,com.google.android.gms.internal.ads.zzazv,zze,com.tananaev.passportreader_22.apk,GENUINE_no
15456,3,CipherSpec,com.google.android.gms.internal.ads.zzbbe,zzb,com.tananaev.passportreader_22.apk,LEGAL_REUSE_REJECTED
15459,4,MessageDigestSpec,com.google.android.gms.measurement.internal.zzgi,zzh,com.tananaev.passportreader_22.apk,GENUINE_no
15460,4,MessageDigestSpec,com.google.android.gms.measurement.internal.zzpp,zzO,com.tananaev.passportreader_22.apk,GENUINE_no
15461,4,MessageDigestSpec,com.google.firebase.crashlytics.internal.common.CommonUtils,hash,com.tananaev.passportreader_22.apk,GENUINE_no
15462,2,SecureRandomSpec,org.spongycastle.crypto.prng.BasicEntropySourceProvider$1,getEntropy,com.tananaev.passportreader_22.apk,UNOBSERVED_CREATION
15464,2,SecureRandomSpec,org.spongycastle.jcajce.provider.drbg.DRBG,createBaseRandom,com.tananaev.passportreader_22.apk,UNOBSERVED_CREATION
15465,2,SecureRandomSpec,org.spongycastle.jcajce.provider.drbg.DRBG$HybridSecureRandom,<init>,com.tananaev.passportreader_22.apk,UNOBSERVED_CREATION
15466,2,SecureRandomSpec,org.spongycastle.jcajce.provider.drbg.DRBG$HybridSecureRandom$SignallingEntropySource,getEntropy,com.tananaev.passportreader_22.apk,UNOBSERVED_CREATION
15467,2,SecureRandomSpec,org.spongycastle.jcajce.provider.drbg.DRBG$HybridSecureRandom$SignallingEntropySource$EntropyGatherer,run,com.tananaev.passportreader_22.apk,UNOBSERVED_CREATION
15468,4,MessageDigestSpec,com.google.android.gms.ads.internal.util.client.zzf,zzG,com.tananaev.passportreader_22.apk,GENUINE_no
15469,4,MessageDigestSpec,com.google.android.gms.ads.internal.util.client.zzf,zzj,com.tananaev.passportreader_22.apk,GENUINE_no
15470,4,MessageDigestSpec,com.google.android.gms.common.util.AndroidUtilsLight,getPackageCertificateHashBytes,com.tananaev.passportreader_22.apk,GENUINE_no
15471,4,MessageDigestSpec,com.google.android.gms.common.util.AndroidUtilsLight,zza,com.tananaev.passportreader_22.apk,GENUINE_no
15472,4,MessageDigestSpec,com.google.android.gms.internal.ads.zzazu,run,com.tananaev.passportreader_22.apk,GENUINE_no
15473,4,MessageDigestSpec,com.google.android.gms.internal.ads.zzazv,zze,com.tananaev.passportreader_22.apk,GENUINE_no
15474,3,CipherSpec,com.google.android.gms.internal.ads.zzbbe,zzb,com.tananaev.passportreader_22.apk,LEGAL_REUSE_REJECTED
15477,4,MessageDigestSpec,com.google.android.gms.measurement.internal.zzgi,zzh,com.tananaev.passportreader_22.apk,GENUINE_no
15478,4,MessageDigestSpec,com.google.android.gms.measurement.internal.zzpp,zzO,com.tananaev.passportreader_22.apk,GENUINE_no
15479,4,MessageDigestSpec,com.google.firebase.crashlytics.internal.common.CommonUtils,hash,com.tananaev.passportreader_22.apk,GENUINE_no
15480,2,SecureRandomSpec,org.spongycastle.crypto.prng.BasicEntropySourceProvider$1,getEntropy,com.tananaev.passportreader_22.apk,UNOBSERVED_CREATION
15482,2,SecureRandomSpec,org.spongycastle.jcajce.provider.drbg.DRBG,createBaseRandom,com.tananaev.passportreader_22.apk,UNOBSERVED_CREATION
15483,2,SecureRandomSpec,org.spongycastle.jcajce.provider.drbg.DRBG$HybridSecureRandom,<init>,com.tananaev.passportreader_22.apk,UNOBSERVED_CREATION
15484,2,SecureRandomSpec,org.spongycastle.jcajce.provider.drbg.DRBG$HybridSecureRandom$SignallingEntropySource,getEntropy,com.tananaev.passportreader_22.apk,UNOBSERVED_CREATION
15485,2,SecureRandomSpec,org.spongycastle.jcajce.provider.drbg.DRBG$HybridSecureRandom$SignallingEntropySource$EntropyGatherer,run,com.tananaev.passportreader_22.apk,UNOBSERVED_CREATION
15486,4,MessageDigestSpec,com.google.android.gms.ads.internal.util.client.zzf,zzG,com.tananaev.passportreader_22.apk,GENUINE_no
15487,4,MessageDigestSpec,com.google.android.gms.ads.internal.util.client.zzf,zzj,com.tananaev.passportreader_22.apk,GENUINE_no
15488,4,MessageDigestSpec,com.google.android.gms.common.util.AndroidUtilsLight,getPackageCertificateHashBytes,com.tananaev.passportreader_22.apk,GENUINE_no
15489,4,MessageDigestSpec,com.google.android.gms.common.util.AndroidUtilsLight,zza,com.tananaev.passportreader_22.apk,GENUINE_no
15490,4,MessageDigestSpec,com.google.android.gms.internal.ads.zzazu,run,com.tananaev.passportreader_22.apk,GENUINE_no
15491,4,MessageDigestSpec,com.google.android.gms.internal.ads.zzazv,zze,com.tananaev.passportreader_22.apk,GENUINE_no
15492,3,CipherSpec,com.google.android.gms.internal.ads.zzbbe,zzb,com.tananaev.passportreader_22.apk,LEGAL_REUSE_REJECTED
15495,4,MessageDigestSpec,com.google.android.gms.measurement.internal.zzgi,zzh,com.tananaev.passportreader_22.apk,GENUINE_no
15496,4,MessageDigestSpec,com.google.android.gms.measurement.internal.zzpp,zzO,com.tananaev.passportreader_22.apk,GENUINE_no
15497,4,MessageDigestSpec,com.google.firebase.crashlytics.internal.common.CommonUtils,hash,com.tananaev.passportreader_22.apk,GENUINE_no
15498,2,SecureRandomSpec,org.spongycastle.crypto.prng.BasicEntropySourceProvider$1,getEntropy,com.tananaev.passportreader_22.apk,UNOBSERVED_CREATION
15500,2,SecureRandomSpec,org.spongycastle.jcajce.provider.drbg.DRBG,createBaseRandom,com.tananaev.passportreader_22.apk,UNOBSERVED_CREATION
15501,2,SecureRandomSpec,org.spongycastle.jcajce.provider.drbg.DRBG$HybridSecureRandom,<init>,com.tananaev.passportreader_22.apk,UNOBSERVED_CREATION
15502,2,SecureRandomSpec,org.spongycastle.jcajce.provider.drbg.DRBG$HybridSecureRandom$SignallingEntropySource,getEntropy,com.tananaev.passportreader_22.apk,UNOBSERVED_CREATION
15503,2,SecureRandomSpec,org.spongycastle.jcajce.provider.drbg.DRBG$HybridSecureRandom$SignallingEntropySource$EntropyGatherer,run,com.tananaev.passportreader_22.apk,UNOBSERVED_CREATION
15504,4,MessageDigestSpec,com.google.android.gms.ads.internal.util.client.zzf,zzG,com.tananaev.passportreader_22.apk,GENUINE_no
15505,4,MessageDigestSpec,com.google.android.gms.ads.internal.util.client.zzf,zzj,com.tananaev.passportreader_22.apk,GENUINE_no
15506,4,MessageDigestSpec,com.google.android.gms.common.util.AndroidUtilsLight,getPackageCertificateHashBytes,com.tananaev.passportreader_22.apk,GENUINE_no
15507,4,MessageDigestSpec,com.google.android.gms.common.util.AndroidUtilsLight,zza,com.tananaev.passportreader_22.apk,GENUINE_no
15508,4,MessageDigestSpec,com.google.android.gms.internal.ads.zzazu,run,com.tananaev.passportreader_22.apk,GENUINE_no
15509,4,MessageDigestSpec,com.google.android.gms.internal.ads.zzazv,zze,com.tananaev.passportreader_22.apk,GENUINE_no
15510,3,CipherSpec,com.google.android.gms.internal.ads.zzbbe,zzb,com.tananaev.passportreader_22.apk,LEGAL_REUSE_REJECTED
15513,4,MessageDigestSpec,com.google.android.gms.measurement.internal.zzgi,zzh,com.tananaev.passportreader_22.apk,GENUINE_no
15514,4,MessageDigestSpec,com.google.android.gms.measurement.internal.zzpp,zzO,com.tananaev.passportreader_22.apk,GENUINE_no
15515,4,MessageDigestSpec,com.google.firebase.crashlytics.internal.common.CommonUtils,hash,com.tananaev.passportreader_22.apk,GENUINE_no
15516,2,SecureRandomSpec,org.spongycastle.crypto.prng.BasicEntropySourceProvider$1,getEntropy,com.tananaev.passportreader_22.apk,UNOBSERVED_CREATION
15518,2,SecureRandomSpec,org.spongycastle.jcajce.provider.drbg.DRBG,createBaseRandom,com.tananaev.passportreader_22.apk,UNOBSERVED_CREATION
15519,2,SecureRandomSpec,org.spongycastle.jcajce.provider.drbg.DRBG$HybridSecureRandom,<init>,com.tananaev.passportreader_22.apk,UNOBSERVED_CREATION
15520,2,SecureRandomSpec,org.spongycastle.jcajce.provider.drbg.DRBG$HybridSecureRandom$SignallingEntropySource,getEntropy,com.tananaev.passportreader_22.apk,UNOBSERVED_CREATION
15521,2,SecureRandomSpec,org.spongycastle.jcajce.provider.drbg.DRBG$HybridSecureRandom$SignallingEntropySource$EntropyGatherer,run,com.tananaev.passportreader_22.apk,UNOBSERVED_CREATION
15522,4,MessageDigestSpec,com.google.android.gms.ads.internal.util.client.zzf,zzG,com.tananaev.passportreader_22.apk,GENUINE_no
15523,4,MessageDigestSpec,com.google.android.gms.ads.internal.util.client.zzf,zzj,com.tananaev.passportreader_22.apk,GENUINE_no
15524,4,MessageDigestSpec,com.google.android.gms.common.util.AndroidUtilsLight,getPackageCertificateHashBytes,com.tananaev.passportreader_22.apk,GENUINE_no
15525,4,MessageDigestSpec,com.google.android.gms.common.util.AndroidUtilsLight,zza,com.tananaev.passportreader_22.apk,GENUINE_no
15526,4,MessageDigestSpec,com.google.android.gms.internal.ads.zzazu,run,com.tananaev.passportreader_22.apk,GENUINE_no
15527,4,MessageDigestSpec,com.google.android.gms.internal.ads.zzazv,zze,com.tananaev.passportreader_22.apk,GENUINE_no
15528,3,CipherSpec,com.google.android.gms.internal.ads.zzbbe,zzb,com.tananaev.passportreader_22.apk,LEGAL_REUSE_REJECTED
15531,4,MessageDigestSpec,com.google.android.gms.measurement.internal.zzgi,zzh,com.tananaev.passportreader_22.apk,GENUINE_no
15532,4,MessageDigestSpec,com.google.android.gms.measurement.internal.zzpp,zzO,com.tananaev.passportreader_22.apk,GENUINE_no
15533,4,MessageDigestSpec,com.google.firebase.crashlytics.internal.common.CommonUtils,hash,com.tananaev.passportreader_22.apk,GENUINE_no
15534,2,SecureRandomSpec,org.spongycastle.crypto.prng.BasicEntropySourceProvider$1,getEntropy,com.tananaev.passportreader_22.apk,UNOBSERVED_CREATION
15536,2,SecureRandomSpec,org.spongycastle.jcajce.provider.drbg.DRBG,createBaseRandom,com.tananaev.passportreader_22.apk,UNOBSERVED_CREATION
15537,2,SecureRandomSpec,org.spongycastle.jcajce.provider.drbg.DRBG$HybridSecureRandom,<init>,com.tananaev.passportreader_22.apk,UNOBSERVED_CREATION
15538,2,SecureRandomSpec,org.spongycastle.jcajce.provider.drbg.DRBG$HybridSecureRandom$SignallingEntropySource,getEntropy,com.tananaev.passportreader_22.apk,UNOBSERVED_CREATION
15539,2,SecureRandomSpec,org.spongycastle.jcajce.provider.drbg.DRBG$HybridSecureRandom$SignallingEntropySource$EntropyGatherer,run,com.tananaev.passportreader_22.apk,UNOBSERVED_CREATION
15540,4,MessageDigestSpec,com.google.android.gms.ads.internal.util.client.zzf,zzG,com.tananaev.passportreader_22.apk,GENUINE_no
15541,4,MessageDigestSpec,com.google.android.gms.ads.internal.util.client.zzf,zzj,com.tananaev.passportreader_22.apk,GENUINE_no
15542,4,MessageDigestSpec,com.google.android.gms.common.util.AndroidUtilsLight,getPackageCertificateHashBytes,com.tananaev.passportreader_22.apk,GENUINE_no
15543,4,MessageDigestSpec,com.google.android.gms.common.util.AndroidUtilsLight,zza,com.tananaev.passportreader_22.apk,GENUINE_no
15544,4,MessageDigestSpec,com.google.android.gms.internal.ads.zzazu,run,com.tananaev.passportreader_22.apk,GENUINE_no
15545,4,MessageDigestSpec,com.google.android.gms.internal.ads.zzazv,zze,com.tananaev.passportreader_22.apk,GENUINE_no
15546,3,CipherSpec,com.google.android.gms.internal.ads.zzbbe,zzb,com.tananaev.passportreader_22.apk,LEGAL_REUSE_REJECTED
15549,4,MessageDigestSpec,com.google.android.gms.measurement.internal.zzgi,zzh,com.tananaev.passportreader_22.apk,GENUINE_no
15550,4,MessageDigestSpec,com.google.android.gms.measurement.internal.zzpp,zzO,com.tananaev.passportreader_22.apk,GENUINE_no
15551,4,MessageDigestSpec,com.google.firebase.crashlytics.internal.common.CommonUtils,hash,com.tananaev.passportreader_22.apk,GENUINE_no
15552,2,SecureRandomSpec,org.spongycastle.crypto.prng.BasicEntropySourceProvider$1,getEntropy,com.tananaev.passportreader_22.apk,UNOBSERVED_CREATION
15554,2,SecureRandomSpec,org.spongycastle.jcajce.provider.drbg.DRBG,createBaseRandom,com.tananaev.passportreader_22.apk,UNOBSERVED_CREATION
15555,2,SecureRandomSpec,org.spongycastle.jcajce.provider.drbg.DRBG$HybridSecureRandom,<init>,com.tananaev.passportreader_22.apk,UNOBSERVED_CREATION
15556,2,SecureRandomSpec,org.spongycastle.jcajce.provider.drbg.DRBG$HybridSecureRandom$SignallingEntropySource,getEntropy,com.tananaev.passportreader_22.apk,UNOBSERVED_CREATION
15557,2,SecureRandomSpec,org.spongycastle.jcajce.provider.drbg.DRBG$HybridSecureRandom$SignallingEntropySource$EntropyGatherer,run,com.tananaev.passportreader_22.apk,UNOBSERVED_CREATION
15558,4,MessageDigestSpec,com.google.android.gms.ads.internal.util.client.zzf,zzG,com.tananaev.passportreader_22.apk,GENUINE_no
15559,4,MessageDigestSpec,com.google.android.gms.ads.internal.util.client.zzf,zzj,com.tananaev.passportreader_22.apk,GENUINE_no
15560,4,MessageDigestSpec,com.google.android.gms.common.util.AndroidUtilsLight,getPackageCertificateHashBytes,com.tananaev.passportreader_22.apk,GENUINE_no
15561,4,MessageDigestSpec,com.google.android.gms.common.util.AndroidUtilsLight,zza,com.tananaev.passportreader_22.apk,GENUINE_no
15562,4,MessageDigestSpec,com.google.android.gms.internal.ads.zzazu,run,com.tananaev.passportreader_22.apk,GENUINE_no
15563,4,MessageDigestSpec,com.google.android.gms.internal.ads.zzazv,zze,com.tananaev.passportreader_22.apk,GENUINE_no
15564,3,CipherSpec,com.google.android.gms.internal.ads.zzbbe,zzb,com.tananaev.passportreader_22.apk,LEGAL_REUSE_REJECTED
15567,4,MessageDigestSpec,com.google.android.gms.measurement.internal.zzgi,zzh,com.tananaev.passportreader_22.apk,GENUINE_no
15568,4,MessageDigestSpec,com.google.android.gms.measurement.internal.zzpp,zzO,com.tananaev.passportreader_22.apk,GENUINE_no
15569,4,MessageDigestSpec,com.google.firebase.crashlytics.internal.common.CommonUtils,hash,com.tananaev.passportreader_22.apk,GENUINE_no
15570,2,SecureRandomSpec,org.spongycastle.crypto.prng.BasicEntropySourceProvider$1,getEntropy,com.tananaev.passportreader_22.apk,UNOBSERVED_CREATION
15572,2,SecureRandomSpec,org.spongycastle.jcajce.provider.drbg.DRBG,createBaseRandom,com.tananaev.passportreader_22.apk,UNOBSERVED_CREATION
15573,2,SecureRandomSpec,org.spongycastle.jcajce.provider.drbg.DRBG$HybridSecureRandom,<init>,com.tananaev.passportreader_22.apk,UNOBSERVED_CREATION
15574,2,SecureRandomSpec,org.spongycastle.jcajce.provider.drbg.DRBG$HybridSecureRandom$SignallingEntropySource,getEntropy,com.tananaev.passportreader_22.apk,UNOBSERVED_CREATION
15575,2,SecureRandomSpec,org.spongycastle.jcajce.provider.drbg.DRBG$HybridSecureRandom$SignallingEntropySource$EntropyGatherer,run,com.tananaev.passportreader_22.apk,UNOBSERVED_CREATION
15576,4,MessageDigestSpec,com.google.android.gms.ads.internal.util.client.zzf,zzG,com.tananaev.passportreader_22.apk,GENUINE_no
15577,4,MessageDigestSpec,com.google.android.gms.ads.internal.util.client.zzf,zzj,com.tananaev.passportreader_22.apk,GENUINE_no
15578,4,MessageDigestSpec,com.google.android.gms.common.util.AndroidUtilsLight,getPackageCertificateHashBytes,com.tananaev.passportreader_22.apk,GENUINE_no
15579,4,MessageDigestSpec,com.google.android.gms.common.util.AndroidUtilsLight,zza,com.tananaev.passportreader_22.apk,GENUINE_no
15580,4,MessageDigestSpec,com.google.android.gms.internal.ads.zzazu,run,com.tananaev.passportreader_22.apk,GENUINE_no
15581,4,MessageDigestSpec,com.google.android.gms.internal.ads.zzazv,zze,com.tananaev.passportreader_22.apk,GENUINE_no
15582,3,CipherSpec,com.google.android.gms.internal.ads.zzbbe,zzb,com.tananaev.passportreader_22.apk,LEGAL_REUSE_REJECTED
15585,4,MessageDigestSpec,com.google.android.gms.measurement.internal.zzgi,zzh,com.tananaev.passportreader_22.apk,GENUINE_no
15586,4,MessageDigestSpec,com.google.android.gms.measurement.internal.zzpp,zzO,com.tananaev.passportreader_22.apk,GENUINE_no
15587,4,MessageDigestSpec,com.google.firebase.crashlytics.internal.common.CommonUtils,hash,com.tananaev.passportreader_22.apk,GENUINE_no
15588,2,SecureRandomSpec,org.spongycastle.crypto.prng.BasicEntropySourceProvider$1,getEntropy,com.tananaev.passportreader_22.apk,UNOBSERVED_CREATION
15590,2,SecureRandomSpec,org.spongycastle.jcajce.provider.drbg.DRBG,createBaseRandom,com.tananaev.passportreader_22.apk,UNOBSERVED_CREATION
15591,2,SecureRandomSpec,org.spongycastle.jcajce.provider.drbg.DRBG$HybridSecureRandom,<init>,com.tananaev.passportreader_22.apk,UNOBSERVED_CREATION
15592,2,SecureRandomSpec,org.spongycastle.jcajce.provider.drbg.DRBG$HybridSecureRandom$SignallingEntropySource,getEntropy,com.tananaev.passportreader_22.apk,UNOBSERVED_CREATION
15593,2,SecureRandomSpec,org.spongycastle.jcajce.provider.drbg.DRBG$HybridSecureRandom$SignallingEntropySource$EntropyGatherer,run,com.tananaev.passportreader_22.apk,UNOBSERVED_CREATION
15594,4,MessageDigestSpec,com.google.android.gms.ads.internal.util.client.zzf,zzG,com.tananaev.passportreader_22.apk,GENUINE_no
15595,4,MessageDigestSpec,com.google.android.gms.ads.internal.util.client.zzf,zzj,com.tananaev.passportreader_22.apk,GENUINE_no
15596,4,MessageDigestSpec,com.google.android.gms.common.util.AndroidUtilsLight,getPackageCertificateHashBytes,com.tananaev.passportreader_22.apk,GENUINE_no
15597,4,MessageDigestSpec,com.google.android.gms.common.util.AndroidUtilsLight,zza,com.tananaev.passportreader_22.apk,GENUINE_no
15598,4,MessageDigestSpec,com.google.android.gms.internal.ads.zzazu,run,com.tananaev.passportreader_22.apk,GENUINE_no
15599,4,MessageDigestSpec,com.google.android.gms.internal.ads.zzazv,zze,com.tananaev.passportreader_22.apk,GENUINE_no
15600,3,CipherSpec,com.google.android.gms.internal.ads.zzbbe,zzb,com.tananaev.passportreader_22.apk,LEGAL_REUSE_REJECTED
15603,4,MessageDigestSpec,com.google.android.gms.measurement.internal.zzgi,zzh,com.tananaev.passportreader_22.apk,GENUINE_no
15604,4,MessageDigestSpec,com.google.android.gms.measurement.internal.zzpp,zzO,com.tananaev.passportreader_22.apk,GENUINE_no
15605,4,MessageDigestSpec,com.google.firebase.crashlytics.internal.common.CommonUtils,hash,com.tananaev.passportreader_22.apk,GENUINE_no
15606,2,SecureRandomSpec,org.spongycastle.crypto.prng.BasicEntropySourceProvider$1,getEntropy,com.tananaev.passportreader_22.apk,UNOBSERVED_CREATION
15608,2,SecureRandomSpec,org.spongycastle.jcajce.provider.drbg.DRBG,createBaseRandom,com.tananaev.passportreader_22.apk,UNOBSERVED_CREATION
15609,2,SecureRandomSpec,org.spongycastle.jcajce.provider.drbg.DRBG$HybridSecureRandom,<init>,com.tananaev.passportreader_22.apk,UNOBSERVED_CREATION
15610,2,SecureRandomSpec,org.spongycastle.jcajce.provider.drbg.DRBG$HybridSecureRandom$SignallingEntropySource,getEntropy,com.tananaev.passportreader_22.apk,UNOBSERVED_CREATION
15611,2,SecureRandomSpec,org.spongycastle.jcajce.provider.drbg.DRBG$HybridSecureRandom$SignallingEntropySource$EntropyGatherer,run,com.tananaev.passportreader_22.apk,UNOBSERVED_CREATION
15612,4,MessageDigestSpec,com.google.android.gms.ads.internal.util.client.zzf,zzG,com.tananaev.passportreader_22.apk,GENUINE_no
15613,4,MessageDigestSpec,com.google.android.gms.ads.internal.util.client.zzf,zzj,com.tananaev.passportreader_22.apk,GENUINE_no
15614,4,MessageDigestSpec,com.google.android.gms.common.util.AndroidUtilsLight,getPackageCertificateHashBytes,com.tananaev.passportreader_22.apk,GENUINE_no
15615,4,MessageDigestSpec,com.google.android.gms.common.util.AndroidUtilsLight,zza,com.tananaev.passportreader_22.apk,GENUINE_no
15616,4,MessageDigestSpec,com.google.android.gms.internal.ads.zzazu,run,com.tananaev.passportreader_22.apk,GENUINE_no
15617,4,MessageDigestSpec,com.google.android.gms.internal.ads.zzazv,zze,com.tananaev.passportreader_22.apk,GENUINE_no
15618,3,CipherSpec,com.google.android.gms.internal.ads.zzbbe,zzb,com.tananaev.passportreader_22.apk,LEGAL_REUSE_REJECTED
15621,4,MessageDigestSpec,com.google.android.gms.measurement.internal.zzgi,zzh,com.tananaev.passportreader_22.apk,GENUINE_no
15622,4,MessageDigestSpec,com.google.android.gms.measurement.internal.zzpp,zzO,com.tananaev.passportreader_22.apk,GENUINE_no
15623,4,MessageDigestSpec,com.google.firebase.crashlytics.internal.common.CommonUtils,hash,com.tananaev.passportreader_22.apk,GENUINE_no
15624,2,SecureRandomSpec,org.spongycastle.crypto.prng.BasicEntropySourceProvider$1,getEntropy,com.tananaev.passportreader_22.apk,UNOBSERVED_CREATION
15626,2,SecureRandomSpec,org.spongycastle.jcajce.provider.drbg.DRBG,createBaseRandom,com.tananaev.passportreader_22.apk,UNOBSERVED_CREATION
15627,2,SecureRandomSpec,org.spongycastle.jcajce.provider.drbg.DRBG$HybridSecureRandom,<init>,com.tananaev.passportreader_22.apk,UNOBSERVED_CREATION
15628,2,SecureRandomSpec,org.spongycastle.jcajce.provider.drbg.DRBG$HybridSecureRandom$SignallingEntropySource,getEntropy,com.tananaev.passportreader_22.apk,UNOBSERVED_CREATION
15629,2,SecureRandomSpec,org.spongycastle.jcajce.provider.drbg.DRBG$HybridSecureRandom$SignallingEntropySource$EntropyGatherer,run,com.tananaev.passportreader_22.apk,UNOBSERVED_CREATION
15630,4,MessageDigestSpec,com.google.android.gms.ads.internal.util.client.zzf,zzG,com.tananaev.passportreader_22.apk,GENUINE_no
15631,4,MessageDigestSpec,com.google.android.gms.ads.internal.util.client.zzf,zzj,com.tananaev.passportreader_22.apk,GENUINE_no
15632,4,MessageDigestSpec,com.google.android.gms.common.util.AndroidUtilsLight,getPackageCertificateHashBytes,com.tananaev.passportreader_22.apk,GENUINE_no
15633,4,MessageDigestSpec,com.google.android.gms.common.util.AndroidUtilsLight,zza,com.tananaev.passportreader_22.apk,GENUINE_no
15634,4,MessageDigestSpec,com.google.android.gms.internal.ads.zzazu,run,com.tananaev.passportreader_22.apk,GENUINE_no
15635,4,MessageDigestSpec,com.google.android.gms.internal.ads.zzazv,zze,com.tananaev.passportreader_22.apk,GENUINE_no
15636,3,CipherSpec,com.google.android.gms.internal.ads.zzbbe,zzb,com.tananaev.passportreader_22.apk,LEGAL_REUSE_REJECTED
15639,4,MessageDigestSpec,com.google.android.gms.measurement.internal.zzgi,zzh,com.tananaev.passportreader_22.apk,GENUINE_no
15640,4,MessageDigestSpec,com.google.android.gms.measurement.internal.zzpp,zzO,com.tananaev.passportreader_22.apk,GENUINE_no
15641,4,MessageDigestSpec,com.google.firebase.crashlytics.internal.common.CommonUtils,hash,com.tananaev.passportreader_22.apk,GENUINE_no
15642,2,SecureRandomSpec,org.spongycastle.crypto.prng.BasicEntropySourceProvider$1,getEntropy,com.tananaev.passportreader_22.apk,UNOBSERVED_CREATION
15644,2,SecureRandomSpec,org.spongycastle.jcajce.provider.drbg.DRBG,createBaseRandom,com.tananaev.passportreader_22.apk,UNOBSERVED_CREATION
15645,2,SecureRandomSpec,org.spongycastle.jcajce.provider.drbg.DRBG$HybridSecureRandom,<init>,com.tananaev.passportreader_22.apk,UNOBSERVED_CREATION
15646,2,SecureRandomSpec,org.spongycastle.jcajce.provider.drbg.DRBG$HybridSecureRandom$SignallingEntropySource,getEntropy,com.tananaev.passportreader_22.apk,UNOBSERVED_CREATION
15647,2,SecureRandomSpec,org.spongycastle.jcajce.provider.drbg.DRBG$HybridSecureRandom$SignallingEntropySource$EntropyGatherer,run,com.tananaev.passportreader_22.apk,UNOBSERVED_CREATION
15648,4,MessageDigestSpec,com.google.android.gms.ads.internal.util.client.zzf,zzG,com.tananaev.passportreader_22.apk,GENUINE_no
15649,4,MessageDigestSpec,com.google.android.gms.ads.internal.util.client.zzf,zzj,com.tananaev.passportreader_22.apk,GENUINE_no
15650,4,MessageDigestSpec,com.google.android.gms.common.util.AndroidUtilsLight,getPackageCertificateHashBytes,com.tananaev.passportreader_22.apk,GENUINE_no
15651,4,MessageDigestSpec,com.google.android.gms.common.util.AndroidUtilsLight,zza,com.tananaev.passportreader_22.apk,GENUINE_no
15652,4,MessageDigestSpec,com.google.android.gms.internal.ads.zzazu,run,com.tananaev.passportreader_22.apk,GENUINE_no
15653,4,MessageDigestSpec,com.google.android.gms.internal.ads.zzazv,zze,com.tananaev.passportreader_22.apk,GENUINE_no
15654,3,CipherSpec,com.google.android.gms.internal.ads.zzbbe,zzb,com.tananaev.passportreader_22.apk,LEGAL_REUSE_REJECTED
15657,4,MessageDigestSpec,com.google.android.gms.measurement.internal.zzgi,zzh,com.tananaev.passportreader_22.apk,GENUINE_no
15658,4,MessageDigestSpec,com.google.android.gms.measurement.internal.zzpp,zzO,com.tananaev.passportreader_22.apk,GENUINE_no
15659,4,MessageDigestSpec,com.google.firebase.crashlytics.internal.common.CommonUtils,hash,com.tananaev.passportreader_22.apk,GENUINE_no
15660,2,SecureRandomSpec,org.spongycastle.crypto.prng.BasicEntropySourceProvider$1,getEntropy,com.tananaev.passportreader_22.apk,UNOBSERVED_CREATION
15662,2,SecureRandomSpec,org.spongycastle.jcajce.provider.drbg.DRBG,createBaseRandom,com.tananaev.passportreader_22.apk,UNOBSERVED_CREATION
15663,2,SecureRandomSpec,org.spongycastle.jcajce.provider.drbg.DRBG$HybridSecureRandom,<init>,com.tananaev.passportreader_22.apk,UNOBSERVED_CREATION
15664,2,SecureRandomSpec,org.spongycastle.jcajce.provider.drbg.DRBG$HybridSecureRandom$SignallingEntropySource,getEntropy,com.tananaev.passportreader_22.apk,UNOBSERVED_CREATION
15665,2,SecureRandomSpec,org.spongycastle.jcajce.provider.drbg.DRBG$HybridSecureRandom$SignallingEntropySource$EntropyGatherer,run,com.tananaev.passportreader_22.apk,UNOBSERVED_CREATION
15666,4,MessageDigestSpec,com.google.android.gms.ads.internal.util.client.zzf,zzG,com.tananaev.passportreader_22.apk,GENUINE_no
15667,4,MessageDigestSpec,com.google.android.gms.ads.internal.util.client.zzf,zzj,com.tananaev.passportreader_22.apk,GENUINE_no
15668,4,MessageDigestSpec,com.google.android.gms.common.util.AndroidUtilsLight,getPackageCertificateHashBytes,com.tananaev.passportreader_22.apk,GENUINE_no
15669,4,MessageDigestSpec,com.google.android.gms.common.util.AndroidUtilsLight,zza,com.tananaev.passportreader_22.apk,GENUINE_no
15670,4,MessageDigestSpec,com.google.android.gms.internal.ads.zzazu,run,com.tananaev.passportreader_22.apk,GENUINE_no
15671,4,MessageDigestSpec,com.google.android.gms.internal.ads.zzazv,zze,com.tananaev.passportreader_22.apk,GENUINE_no
15672,3,CipherSpec,com.google.android.gms.internal.ads.zzbbe,zzb,com.tananaev.passportreader_22.apk,LEGAL_REUSE_REJECTED
15675,4,MessageDigestSpec,com.google.android.gms.measurement.internal.zzgi,zzh,com.tananaev.passportreader_22.apk,GENUINE_no
15676,4,MessageDigestSpec,com.google.android.gms.measurement.internal.zzpp,zzO,com.tananaev.passportreader_22.apk,GENUINE_no
15677,4,MessageDigestSpec,com.google.firebase.crashlytics.internal.common.CommonUtils,hash,com.tananaev.passportreader_22.apk,GENUINE_no
15678,2,SecureRandomSpec,org.spongycastle.crypto.prng.BasicEntropySourceProvider$1,getEntropy,com.tananaev.passportreader_22.apk,UNOBSERVED_CREATION
15680,2,SecureRandomSpec,org.spongycastle.jcajce.provider.drbg.DRBG,createBaseRandom,com.tananaev.passportreader_22.apk,UNOBSERVED_CREATION
15681,2,SecureRandomSpec,org.spongycastle.jcajce.provider.drbg.DRBG$HybridSecureRandom,<init>,com.tananaev.passportreader_22.apk,UNOBSERVED_CREATION
15682,2,SecureRandomSpec,org.spongycastle.jcajce.provider.drbg.DRBG$HybridSecureRandom$SignallingEntropySource,getEntropy,com.tananaev.passportreader_22.apk,UNOBSERVED_CREATION
15683,2,SecureRandomSpec,org.spongycastle.jcajce.provider.drbg.DRBG$HybridSecureRandom$SignallingEntropySource$EntropyGatherer,run,com.tananaev.passportreader_22.apk,UNOBSERVED_CREATION
15684,4,MessageDigestSpec,com.google.android.gms.ads.internal.util.client.zzf,zzG,com.tananaev.passportreader_22.apk,GENUINE_no
15685,4,MessageDigestSpec,com.google.android.gms.ads.internal.util.client.zzf,zzj,com.tananaev.passportreader_22.apk,GENUINE_no
15686,4,MessageDigestSpec,com.google.android.gms.common.util.AndroidUtilsLight,getPackageCertificateHashBytes,com.tananaev.passportreader_22.apk,GENUINE_no
15687,4,MessageDigestSpec,com.google.android.gms.common.util.AndroidUtilsLight,zza,com.tananaev.passportreader_22.apk,GENUINE_no
15688,4,MessageDigestSpec,com.google.android.gms.internal.ads.zzazu,run,com.tananaev.passportreader_22.apk,GENUINE_no
15689,4,MessageDigestSpec,com.google.android.gms.internal.ads.zzazv,zze,com.tananaev.passportreader_22.apk,GENUINE_no
15690,3,CipherSpec,com.google.android.gms.internal.ads.zzbbe,zzb,com.tananaev.passportreader_22.apk,LEGAL_REUSE_REJECTED
15693,4,MessageDigestSpec,com.google.android.gms.measurement.internal.zzgi,zzh,com.tananaev.passportreader_22.apk,GENUINE_no
15694,4,MessageDigestSpec,com.google.android.gms.measurement.internal.zzpp,zzO,com.tananaev.passportreader_22.apk,GENUINE_no
15695,4,MessageDigestSpec,com.google.firebase.crashlytics.internal.common.CommonUtils,hash,com.tananaev.passportreader_22.apk,GENUINE_no
15696,2,SecureRandomSpec,org.spongycastle.crypto.prng.BasicEntropySourceProvider$1,getEntropy,com.tananaev.passportreader_22.apk,UNOBSERVED_CREATION
15698,2,SecureRandomSpec,org.spongycastle.jcajce.provider.drbg.DRBG,createBaseRandom,com.tananaev.passportreader_22.apk,UNOBSERVED_CREATION
15699,2,SecureRandomSpec,org.spongycastle.jcajce.provider.drbg.DRBG$HybridSecureRandom,<init>,com.tananaev.passportreader_22.apk,UNOBSERVED_CREATION
15700,2,SecureRandomSpec,org.spongycastle.jcajce.provider.drbg.DRBG$HybridSecureRandom$SignallingEntropySource,getEntropy,com.tananaev.passportreader_22.apk,UNOBSERVED_CREATION
15701,2,SecureRandomSpec,org.spongycastle.jcajce.provider.drbg.DRBG$HybridSecureRandom$SignallingEntropySource$EntropyGatherer,run,com.tananaev.passportreader_22.apk,UNOBSERVED_CREATION
15702,4,MessageDigestSpec,com.google.android.gms.ads.internal.util.client.zzf,zzG,com.tananaev.passportreader_22.apk,GENUINE_no
15703,4,MessageDigestSpec,com.google.android.gms.ads.internal.util.client.zzf,zzj,com.tananaev.passportreader_22.apk,GENUINE_no
15704,4,MessageDigestSpec,com.google.android.gms.common.util.AndroidUtilsLight,getPackageCertificateHashBytes,com.tananaev.passportreader_22.apk,GENUINE_no
15705,4,MessageDigestSpec,com.google.android.gms.common.util.AndroidUtilsLight,zza,com.tananaev.passportreader_22.apk,GENUINE_no
15706,4,MessageDigestSpec,com.google.android.gms.internal.ads.zzazu,run,com.tananaev.passportreader_22.apk,GENUINE_no
15707,4,MessageDigestSpec,com.google.android.gms.internal.ads.zzazv,zze,com.tananaev.passportreader_22.apk,GENUINE_no
15708,3,CipherSpec,com.google.android.gms.internal.ads.zzbbe,zzb,com.tananaev.passportreader_22.apk,LEGAL_REUSE_REJECTED
15711,4,MessageDigestSpec,com.google.android.gms.measurement.internal.zzgi,zzh,com.tananaev.passportreader_22.apk,GENUINE_no
15712,4,MessageDigestSpec,com.google.android.gms.measurement.internal.zzpp,zzO,com.tananaev.passportreader_22.apk,GENUINE_no
15713,4,MessageDigestSpec,com.google.firebase.crashlytics.internal.common.CommonUtils,hash,com.tananaev.passportreader_22.apk,GENUINE_no
15714,2,SecureRandomSpec,org.spongycastle.crypto.prng.BasicEntropySourceProvider$1,getEntropy,com.tananaev.passportreader_22.apk,UNOBSERVED_CREATION
15716,2,SecureRandomSpec,org.spongycastle.jcajce.provider.drbg.DRBG,createBaseRandom,com.tananaev.passportreader_22.apk,UNOBSERVED_CREATION
15717,2,SecureRandomSpec,org.spongycastle.jcajce.provider.drbg.DRBG$HybridSecureRandom,<init>,com.tananaev.passportreader_22.apk,UNOBSERVED_CREATION
15718,2,SecureRandomSpec,org.spongycastle.jcajce.provider.drbg.DRBG$HybridSecureRandom$SignallingEntropySource,getEntropy,com.tananaev.passportreader_22.apk,UNOBSERVED_CREATION
15719,2,SecureRandomSpec,org.spongycastle.jcajce.provider.drbg.DRBG$HybridSecureRandom$SignallingEntropySource$EntropyGatherer,run,com.tananaev.passportreader_22.apk,UNOBSERVED_CREATION
15720,4,MessageDigestSpec,com.google.android.gms.ads.internal.util.client.zzf,zzG,com.tananaev.passportreader_22.apk,GENUINE_no
15721,4,MessageDigestSpec,com.google.android.gms.ads.internal.util.client.zzf,zzj,com.tananaev.passportreader_22.apk,GENUINE_no
15722,4,MessageDigestSpec,com.google.android.gms.common.util.AndroidUtilsLight,getPackageCertificateHashBytes,com.tananaev.passportreader_22.apk,GENUINE_no
15723,4,MessageDigestSpec,com.google.android.gms.common.util.AndroidUtilsLight,zza,com.tananaev.passportreader_22.apk,GENUINE_no
15724,4,MessageDigestSpec,com.google.android.gms.internal.ads.zzazu,run,com.tananaev.passportreader_22.apk,GENUINE_no
15725,4,MessageDigestSpec,com.google.android.gms.internal.ads.zzazv,zze,com.tananaev.passportreader_22.apk,GENUINE_no
15726,3,CipherSpec,com.google.android.gms.internal.ads.zzbbe,zzb,com.tananaev.passportreader_22.apk,LEGAL_REUSE_REJECTED
15729,4,MessageDigestSpec,com.google.android.gms.measurement.internal.zzgi,zzh,com.tananaev.passportreader_22.apk,GENUINE_no
15730,4,MessageDigestSpec,com.google.android.gms.measurement.internal.zzpp,zzO,com.tananaev.passportreader_22.apk,GENUINE_no
15731,4,MessageDigestSpec,com.google.firebase.crashlytics.internal.common.CommonUtils,hash,com.tananaev.passportreader_22.apk,GENUINE_no
15732,2,SecureRandomSpec,org.spongycastle.crypto.prng.BasicEntropySourceProvider$1,getEntropy,com.tananaev.passportreader_22.apk,UNOBSERVED_CREATION
15734,2,SecureRandomSpec,org.spongycastle.jcajce.provider.drbg.DRBG,createBaseRandom,com.tananaev.passportreader_22.apk,UNOBSERVED_CREATION
15735,2,SecureRandomSpec,org.spongycastle.jcajce.provider.drbg.DRBG$HybridSecureRandom,<init>,com.tananaev.passportreader_22.apk,UNOBSERVED_CREATION
15736,2,SecureRandomSpec,org.spongycastle.jcajce.provider.drbg.DRBG$HybridSecureRandom$SignallingEntropySource,getEntropy,com.tananaev.passportreader_22.apk,UNOBSERVED_CREATION
15737,2,SecureRandomSpec,org.spongycastle.jcajce.provider.drbg.DRBG$HybridSecureRandom$SignallingEntropySource$EntropyGatherer,run,com.tananaev.passportreader_22.apk,UNOBSERVED_CREATION
15738,4,MessageDigestSpec,com.google.android.gms.ads.internal.util.client.zzf,zzG,com.tananaev.passportreader_22.apk,GENUINE_no
15739,4,MessageDigestSpec,com.google.android.gms.ads.internal.util.client.zzf,zzj,com.tananaev.passportreader_22.apk,GENUINE_no
15740,4,MessageDigestSpec,com.google.android.gms.common.util.AndroidUtilsLight,getPackageCertificateHashBytes,com.tananaev.passportreader_22.apk,GENUINE_no
15741,4,MessageDigestSpec,com.google.android.gms.common.util.AndroidUtilsLight,zza,com.tananaev.passportreader_22.apk,GENUINE_no
15742,4,MessageDigestSpec,com.google.android.gms.internal.ads.zzazu,run,com.tananaev.passportreader_22.apk,GENUINE_no
15743,4,MessageDigestSpec,com.google.android.gms.internal.ads.zzazv,zze,com.tananaev.passportreader_22.apk,GENUINE_no
15744,3,CipherSpec,com.google.android.gms.internal.ads.zzbbe,zzb,com.tananaev.passportreader_22.apk,LEGAL_REUSE_REJECTED
15747,4,MessageDigestSpec,com.google.android.gms.measurement.internal.zzgi,zzh,com.tananaev.passportreader_22.apk,GENUINE_no
15748,4,MessageDigestSpec,com.google.android.gms.measurement.internal.zzpp,zzO,com.tananaev.passportreader_22.apk,GENUINE_no
15749,4,MessageDigestSpec,com.google.firebase.crashlytics.internal.common.CommonUtils,hash,com.tananaev.passportreader_22.apk,GENUINE_no
15750,2,SecureRandomSpec,org.spongycastle.crypto.prng.BasicEntropySourceProvider$1,getEntropy,com.tananaev.passportreader_22.apk,UNOBSERVED_CREATION
15752,2,SecureRandomSpec,org.spongycastle.jcajce.provider.drbg.DRBG,createBaseRandom,com.tananaev.passportreader_22.apk,UNOBSERVED_CREATION
15753,2,SecureRandomSpec,org.spongycastle.jcajce.provider.drbg.DRBG$HybridSecureRandom,<init>,com.tananaev.passportreader_22.apk,UNOBSERVED_CREATION
15754,2,SecureRandomSpec,org.spongycastle.jcajce.provider.drbg.DRBG$HybridSecureRandom$SignallingEntropySource,getEntropy,com.tananaev.passportreader_22.apk,UNOBSERVED_CREATION
15755,2,SecureRandomSpec,org.spongycastle.jcajce.provider.drbg.DRBG$HybridSecureRandom$SignallingEntropySource$EntropyGatherer,run,com.tananaev.passportreader_22.apk,UNOBSERVED_CREATION
15756,4,MessageDigestSpec,com.google.android.gms.ads.internal.util.client.zzf,zzG,com.tananaev.passportreader_22.apk,GENUINE_no
15757,4,MessageDigestSpec,com.google.android.gms.ads.internal.util.client.zzf,zzj,com.tananaev.passportreader_22.apk,GENUINE_no
15758,4,MessageDigestSpec,com.google.android.gms.common.util.AndroidUtilsLight,getPackageCertificateHashBytes,com.tananaev.passportreader_22.apk,GENUINE_no
15759,4,MessageDigestSpec,com.google.android.gms.common.util.AndroidUtilsLight,zza,com.tananaev.passportreader_22.apk,GENUINE_no
15760,4,MessageDigestSpec,com.google.android.gms.internal.ads.zzazu,run,com.tananaev.passportreader_22.apk,GENUINE_no
15761,4,MessageDigestSpec,com.google.android.gms.internal.ads.zzazv,zze,com.tananaev.passportreader_22.apk,GENUINE_no
15762,3,CipherSpec,com.google.android.gms.internal.ads.zzbbe,zzb,com.tananaev.passportreader_22.apk,LEGAL_REUSE_REJECTED
15765,4,MessageDigestSpec,com.google.android.gms.measurement.internal.zzgi,zzh,com.tananaev.passportreader_22.apk,GENUINE_no
15766,4,MessageDigestSpec,com.google.android.gms.measurement.internal.zzpp,zzO,com.tananaev.passportreader_22.apk,GENUINE_no
15767,4,MessageDigestSpec,com.google.firebase.crashlytics.internal.common.CommonUtils,hash,com.tananaev.passportreader_22.apk,GENUINE_no
15768,2,SecureRandomSpec,org.spongycastle.crypto.prng.BasicEntropySourceProvider$1,getEntropy,com.tananaev.passportreader_22.apk,UNOBSERVED_CREATION
15770,2,SecureRandomSpec,org.spongycastle.jcajce.provider.drbg.DRBG,createBaseRandom,com.tananaev.passportreader_22.apk,UNOBSERVED_CREATION
15771,2,SecureRandomSpec,org.spongycastle.jcajce.provider.drbg.DRBG$HybridSecureRandom,<init>,com.tananaev.passportreader_22.apk,UNOBSERVED_CREATION
15772,2,SecureRandomSpec,org.spongycastle.jcajce.provider.drbg.DRBG$HybridSecureRandom$SignallingEntropySource,getEntropy,com.tananaev.passportreader_22.apk,UNOBSERVED_CREATION
15773,2,SecureRandomSpec,org.spongycastle.jcajce.provider.drbg.DRBG$HybridSecureRandom$SignallingEntropySource$EntropyGatherer,run,com.tananaev.passportreader_22.apk,UNOBSERVED_CREATION
15774,4,MessageDigestSpec,com.google.android.gms.ads.internal.util.client.zzf,zzG,com.tananaev.passportreader_22.apk,GENUINE_no
15775,4,MessageDigestSpec,com.google.android.gms.ads.internal.util.client.zzf,zzj,com.tananaev.passportreader_22.apk,GENUINE_no
15776,4,MessageDigestSpec,com.google.android.gms.common.util.AndroidUtilsLight,getPackageCertificateHashBytes,com.tananaev.passportreader_22.apk,GENUINE_no
15777,4,MessageDigestSpec,com.google.android.gms.common.util.AndroidUtilsLight,zza,com.tananaev.passportreader_22.apk,GENUINE_no
15778,4,MessageDigestSpec,com.google.android.gms.internal.ads.zzazu,run,com.tananaev.passportreader_22.apk,GENUINE_no
15779,4,MessageDigestSpec,com.google.android.gms.internal.ads.zzazv,zze,com.tananaev.passportreader_22.apk,GENUINE_no
15780,3,CipherSpec,com.google.android.gms.internal.ads.zzbbe,zzb,com.tananaev.passportreader_22.apk,LEGAL_REUSE_REJECTED
15783,4,MessageDigestSpec,com.google.android.gms.measurement.internal.zzgi,zzh,com.tananaev.passportreader_22.apk,GENUINE_no
15784,4,MessageDigestSpec,com.google.android.gms.measurement.internal.zzpp,zzO,com.tananaev.passportreader_22.apk,GENUINE_no
15785,4,MessageDigestSpec,com.google.firebase.crashlytics.internal.common.CommonUtils,hash,com.tananaev.passportreader_22.apk,GENUINE_no
15786,2,SecureRandomSpec,org.spongycastle.crypto.prng.BasicEntropySourceProvider$1,getEntropy,com.tananaev.passportreader_22.apk,UNOBSERVED_CREATION
15788,2,SecureRandomSpec,org.spongycastle.jcajce.provider.drbg.DRBG,createBaseRandom,com.tananaev.passportreader_22.apk,UNOBSERVED_CREATION
15789,2,SecureRandomSpec,org.spongycastle.jcajce.provider.drbg.DRBG$HybridSecureRandom,<init>,com.tananaev.passportreader_22.apk,UNOBSERVED_CREATION
15790,2,SecureRandomSpec,org.spongycastle.jcajce.provider.drbg.DRBG$HybridSecureRandom$SignallingEntropySource,getEntropy,com.tananaev.passportreader_22.apk,UNOBSERVED_CREATION
15791,2,SecureRandomSpec,org.spongycastle.jcajce.provider.drbg.DRBG$HybridSecureRandom$SignallingEntropySource$EntropyGatherer,run,com.tananaev.passportreader_22.apk,UNOBSERVED_CREATION
15792,4,MessageDigestSpec,com.google.android.gms.ads.internal.util.client.zzf,zzG,com.tananaev.passportreader_22.apk,GENUINE_no
15793,4,MessageDigestSpec,com.google.android.gms.ads.internal.util.client.zzf,zzj,com.tananaev.passportreader_22.apk,GENUINE_no
15794,4,MessageDigestSpec,com.google.android.gms.common.util.AndroidUtilsLight,getPackageCertificateHashBytes,com.tananaev.passportreader_22.apk,GENUINE_no
15795,4,MessageDigestSpec,com.google.android.gms.common.util.AndroidUtilsLight,zza,com.tananaev.passportreader_22.apk,GENUINE_no
15796,4,MessageDigestSpec,com.google.android.gms.internal.ads.zzazu,run,com.tananaev.passportreader_22.apk,GENUINE_no
15797,4,MessageDigestSpec,com.google.android.gms.internal.ads.zzazv,zze,com.tananaev.passportreader_22.apk,GENUINE_no
15798,3,CipherSpec,com.google.android.gms.internal.ads.zzbbe,zzb,com.tananaev.passportreader_22.apk,LEGAL_REUSE_REJECTED
15801,4,MessageDigestSpec,com.google.android.gms.measurement.internal.zzgi,zzh,com.tananaev.passportreader_22.apk,GENUINE_no
15802,4,MessageDigestSpec,com.google.android.gms.measurement.internal.zzpp,zzO,com.tananaev.passportreader_22.apk,GENUINE_no
15803,4,MessageDigestSpec,com.google.firebase.crashlytics.internal.common.CommonUtils,hash,com.tananaev.passportreader_22.apk,GENUINE_no
15804,2,SecureRandomSpec,org.spongycastle.crypto.prng.BasicEntropySourceProvider$1,getEntropy,com.tananaev.passportreader_22.apk,UNOBSERVED_CREATION
15806,2,SecureRandomSpec,org.spongycastle.jcajce.provider.drbg.DRBG,createBaseRandom,com.tananaev.passportreader_22.apk,UNOBSERVED_CREATION
15807,2,SecureRandomSpec,org.spongycastle.jcajce.provider.drbg.DRBG$HybridSecureRandom,<init>,com.tananaev.passportreader_22.apk,UNOBSERVED_CREATION
15808,2,SecureRandomSpec,org.spongycastle.jcajce.provider.drbg.DRBG$HybridSecureRandom$SignallingEntropySource,getEntropy,com.tananaev.passportreader_22.apk,UNOBSERVED_CREATION
15809,2,SecureRandomSpec,org.spongycastle.jcajce.provider.drbg.DRBG$HybridSecureRandom$SignallingEntropySource$EntropyGatherer,run,com.tananaev.passportreader_22.apk,UNOBSERVED_CREATION
15810,4,MessageDigestSpec,com.google.android.gms.ads.internal.util.client.zzf,zzG,com.tananaev.passportreader_22.apk,GENUINE_no
15811,4,MessageDigestSpec,com.google.android.gms.ads.internal.util.client.zzf,zzj,com.tananaev.passportreader_22.apk,GENUINE_no
15812,4,MessageDigestSpec,com.google.android.gms.common.util.AndroidUtilsLight,getPackageCertificateHashBytes,com.tananaev.passportreader_22.apk,GENUINE_no
15813,4,MessageDigestSpec,com.google.android.gms.common.util.AndroidUtilsLight,zza,com.tananaev.passportreader_22.apk,GENUINE_no
15814,4,MessageDigestSpec,com.google.android.gms.internal.ads.zzazu,run,com.tananaev.passportreader_22.apk,GENUINE_no
15815,4,MessageDigestSpec,com.google.android.gms.internal.ads.zzazv,zze,com.tananaev.passportreader_22.apk,GENUINE_no
15816,3,CipherSpec,com.google.android.gms.internal.ads.zzbbe,zzb,com.tananaev.passportreader_22.apk,LEGAL_REUSE_REJECTED
15819,4,MessageDigestSpec,com.google.android.gms.measurement.internal.zzgi,zzh,com.tananaev.passportreader_22.apk,GENUINE_no
15820,4,MessageDigestSpec,com.google.android.gms.measurement.internal.zzpp,zzO,com.tananaev.passportreader_22.apk,GENUINE_no
15821,4,MessageDigestSpec,com.google.firebase.crashlytics.internal.common.CommonUtils,hash,com.tananaev.passportreader_22.apk,GENUINE_no
15822,2,SecureRandomSpec,org.spongycastle.crypto.prng.BasicEntropySourceProvider$1,getEntropy,com.tananaev.passportreader_22.apk,UNOBSERVED_CREATION
15824,2,SecureRandomSpec,org.spongycastle.jcajce.provider.drbg.DRBG,createBaseRandom,com.tananaev.passportreader_22.apk,UNOBSERVED_CREATION
15825,2,SecureRandomSpec,org.spongycastle.jcajce.provider.drbg.DRBG$HybridSecureRandom,<init>,com.tananaev.passportreader_22.apk,UNOBSERVED_CREATION
15826,2,SecureRandomSpec,org.spongycastle.jcajce.provider.drbg.DRBG$HybridSecureRandom$SignallingEntropySource,getEntropy,com.tananaev.passportreader_22.apk,UNOBSERVED_CREATION
15827,2,SecureRandomSpec,org.spongycastle.jcajce.provider.drbg.DRBG$HybridSecureRandom$SignallingEntropySource$EntropyGatherer,run,com.tananaev.passportreader_22.apk,UNOBSERVED_CREATION
15828,4,MessageDigestSpec,com.google.android.gms.ads.internal.util.client.zzf,zzG,com.tananaev.passportreader_22.apk,GENUINE_no
15829,4,MessageDigestSpec,com.google.android.gms.ads.internal.util.client.zzf,zzj,com.tananaev.passportreader_22.apk,GENUINE_no
15830,4,MessageDigestSpec,com.google.android.gms.common.util.AndroidUtilsLight,getPackageCertificateHashBytes,com.tananaev.passportreader_22.apk,GENUINE_no
15831,4,MessageDigestSpec,com.google.android.gms.common.util.AndroidUtilsLight,zza,com.tananaev.passportreader_22.apk,GENUINE_no
15832,4,MessageDigestSpec,com.google.android.gms.internal.ads.zzazu,run,com.tananaev.passportreader_22.apk,GENUINE_no
15833,4,MessageDigestSpec,com.google.android.gms.internal.ads.zzazv,zze,com.tananaev.passportreader_22.apk,GENUINE_no
15834,3,CipherSpec,com.google.android.gms.internal.ads.zzbbe,zzb,com.tananaev.passportreader_22.apk,LEGAL_REUSE_REJECTED
15837,4,MessageDigestSpec,com.google.android.gms.measurement.internal.zzgi,zzh,com.tananaev.passportreader_22.apk,GENUINE_no
15838,4,MessageDigestSpec,com.google.android.gms.measurement.internal.zzpp,zzO,com.tananaev.passportreader_22.apk,GENUINE_no
15839,4,MessageDigestSpec,com.google.firebase.crashlytics.internal.common.CommonUtils,hash,com.tananaev.passportreader_22.apk,GENUINE_no
15840,2,SecureRandomSpec,org.spongycastle.crypto.prng.BasicEntropySourceProvider$1,getEntropy,com.tananaev.passportreader_22.apk,UNOBSERVED_CREATION
15842,2,SecureRandomSpec,org.spongycastle.jcajce.provider.drbg.DRBG,createBaseRandom,com.tananaev.passportreader_22.apk,UNOBSERVED_CREATION
15843,2,SecureRandomSpec,org.spongycastle.jcajce.provider.drbg.DRBG$HybridSecureRandom,<init>,com.tananaev.passportreader_22.apk,UNOBSERVED_CREATION
15844,2,SecureRandomSpec,org.spongycastle.jcajce.provider.drbg.DRBG$HybridSecureRandom$SignallingEntropySource,getEntropy,com.tananaev.passportreader_22.apk,UNOBSERVED_CREATION
15845,2,SecureRandomSpec,org.spongycastle.jcajce.provider.drbg.DRBG$HybridSecureRandom$SignallingEntropySource$EntropyGatherer,run,com.tananaev.passportreader_22.apk,UNOBSERVED_CREATION
15846,4,MessageDigestSpec,com.google.android.gms.ads.internal.util.client.zzf,zzG,com.tananaev.passportreader_22.apk,GENUINE_no
15847,4,MessageDigestSpec,com.google.android.gms.ads.internal.util.client.zzf,zzj,com.tananaev.passportreader_22.apk,GENUINE_no
15848,4,MessageDigestSpec,com.google.android.gms.common.util.AndroidUtilsLight,getPackageCertificateHashBytes,com.tananaev.passportreader_22.apk,GENUINE_no
15849,4,MessageDigestSpec,com.google.android.gms.common.util.AndroidUtilsLight,zza,com.tananaev.passportreader_22.apk,GENUINE_no
15850,4,MessageDigestSpec,com.google.android.gms.internal.ads.zzazu,run,com.tananaev.passportreader_22.apk,GENUINE_no
15851,4,MessageDigestSpec,com.google.android.gms.internal.ads.zzazv,zze,com.tananaev.passportreader_22.apk,GENUINE_no
15852,3,CipherSpec,com.google.android.gms.internal.ads.zzbbe,zzb,com.tananaev.passportreader_22.apk,LEGAL_REUSE_REJECTED
15855,4,MessageDigestSpec,com.google.android.gms.measurement.internal.zzgi,zzh,com.tananaev.passportreader_22.apk,GENUINE_no
15856,4,MessageDigestSpec,com.google.android.gms.measurement.internal.zzpp,zzO,com.tananaev.passportreader_22.apk,GENUINE_no
15857,4,MessageDigestSpec,com.google.firebase.crashlytics.internal.common.CommonUtils,hash,com.tananaev.passportreader_22.apk,GENUINE_no
15858,2,SecureRandomSpec,org.spongycastle.crypto.prng.BasicEntropySourceProvider$1,getEntropy,com.tananaev.passportreader_22.apk,UNOBSERVED_CREATION
15860,2,SecureRandomSpec,org.spongycastle.jcajce.provider.drbg.DRBG,createBaseRandom,com.tananaev.passportreader_22.apk,UNOBSERVED_CREATION
15861,2,SecureRandomSpec,org.spongycastle.jcajce.provider.drbg.DRBG$HybridSecureRandom,<init>,com.tananaev.passportreader_22.apk,UNOBSERVED_CREATION
15862,2,SecureRandomSpec,org.spongycastle.jcajce.provider.drbg.DRBG$HybridSecureRandom$SignallingEntropySource,getEntropy,com.tananaev.passportreader_22.apk,UNOBSERVED_CREATION
15863,2,SecureRandomSpec,org.spongycastle.jcajce.provider.drbg.DRBG$HybridSecureRandom$SignallingEntropySource$EntropyGatherer,run,com.tananaev.passportreader_22.apk,UNOBSERVED_CREATION
15864,4,MessageDigestSpec,com.google.android.gms.ads.internal.util.client.zzf,zzG,com.tananaev.passportreader_22.apk,GENUINE_no
15865,4,MessageDigestSpec,com.google.android.gms.ads.internal.util.client.zzf,zzj,com.tananaev.passportreader_22.apk,GENUINE_no
15866,4,MessageDigestSpec,com.google.android.gms.common.util.AndroidUtilsLight,getPackageCertificateHashBytes,com.tananaev.passportreader_22.apk,GENUINE_no
15867,4,MessageDigestSpec,com.google.android.gms.common.util.AndroidUtilsLight,zza,com.tananaev.passportreader_22.apk,GENUINE_no
15868,4,MessageDigestSpec,com.google.android.gms.internal.ads.zzazu,run,com.tananaev.passportreader_22.apk,GENUINE_no
15869,4,MessageDigestSpec,com.google.android.gms.internal.ads.zzazv,zze,com.tananaev.passportreader_22.apk,GENUINE_no
15870,3,CipherSpec,com.google.android.gms.internal.ads.zzbbe,zzb,com.tananaev.passportreader_22.apk,LEGAL_REUSE_REJECTED
15873,4,MessageDigestSpec,com.google.android.gms.measurement.internal.zzgi,zzh,com.tananaev.passportreader_22.apk,GENUINE_no
15874,4,MessageDigestSpec,com.google.android.gms.measurement.internal.zzpp,zzO,com.tananaev.passportreader_22.apk,GENUINE_no
15875,4,MessageDigestSpec,com.google.firebase.crashlytics.internal.common.CommonUtils,hash,com.tananaev.passportreader_22.apk,GENUINE_no
15876,2,SecureRandomSpec,org.spongycastle.crypto.prng.BasicEntropySourceProvider$1,getEntropy,com.tananaev.passportreader_22.apk,UNOBSERVED_CREATION
15878,2,SecureRandomSpec,org.spongycastle.jcajce.provider.drbg.DRBG,createBaseRandom,com.tananaev.passportreader_22.apk,UNOBSERVED_CREATION
15879,2,SecureRandomSpec,org.spongycastle.jcajce.provider.drbg.DRBG$HybridSecureRandom,<init>,com.tananaev.passportreader_22.apk,UNOBSERVED_CREATION
15880,2,SecureRandomSpec,org.spongycastle.jcajce.provider.drbg.DRBG$HybridSecureRandom$SignallingEntropySource,getEntropy,com.tananaev.passportreader_22.apk,UNOBSERVED_CREATION
15881,2,SecureRandomSpec,org.spongycastle.jcajce.provider.drbg.DRBG$HybridSecureRandom$SignallingEntropySource$EntropyGatherer,run,com.tananaev.passportreader_22.apk,UNOBSERVED_CREATION
15882,4,MessageDigestSpec,com.google.android.gms.ads.internal.util.client.zzf,zzG,com.tananaev.passportreader_22.apk,GENUINE_no
15883,4,MessageDigestSpec,com.google.android.gms.ads.internal.util.client.zzf,zzj,com.tananaev.passportreader_22.apk,GENUINE_no
15884,4,MessageDigestSpec,com.google.android.gms.common.util.AndroidUtilsLight,getPackageCertificateHashBytes,com.tananaev.passportreader_22.apk,GENUINE_no
15885,4,MessageDigestSpec,com.google.android.gms.common.util.AndroidUtilsLight,zza,com.tananaev.passportreader_22.apk,GENUINE_no
15886,4,MessageDigestSpec,com.google.android.gms.internal.ads.zzazu,run,com.tananaev.passportreader_22.apk,GENUINE_no
15887,4,MessageDigestSpec,com.google.android.gms.internal.ads.zzazv,zze,com.tananaev.passportreader_22.apk,GENUINE_no
15888,3,CipherSpec,com.google.android.gms.internal.ads.zzbbe,zzb,com.tananaev.passportreader_22.apk,LEGAL_REUSE_REJECTED
15891,4,MessageDigestSpec,com.google.android.gms.measurement.internal.zzgi,zzh,com.tananaev.passportreader_22.apk,GENUINE_no
15892,4,MessageDigestSpec,com.google.android.gms.measurement.internal.zzpp,zzO,com.tananaev.passportreader_22.apk,GENUINE_no
15893,4,MessageDigestSpec,com.google.firebase.crashlytics.internal.common.CommonUtils,hash,com.tananaev.passportreader_22.apk,GENUINE_no
15894,2,SecureRandomSpec,org.spongycastle.crypto.prng.BasicEntropySourceProvider$1,getEntropy,com.tananaev.passportreader_22.apk,UNOBSERVED_CREATION
15896,2,SecureRandomSpec,org.spongycastle.jcajce.provider.drbg.DRBG,createBaseRandom,com.tananaev.passportreader_22.apk,UNOBSERVED_CREATION
15897,2,SecureRandomSpec,org.spongycastle.jcajce.provider.drbg.DRBG$HybridSecureRandom,<init>,com.tananaev.passportreader_22.apk,UNOBSERVED_CREATION
15898,2,SecureRandomSpec,org.spongycastle.jcajce.provider.drbg.DRBG$HybridSecureRandom$SignallingEntropySource,getEntropy,com.tananaev.passportreader_22.apk,UNOBSERVED_CREATION
15899,2,SecureRandomSpec,org.spongycastle.jcajce.provider.drbg.DRBG$HybridSecureRandom$SignallingEntropySource$EntropyGatherer,run,com.tananaev.passportreader_22.apk,UNOBSERVED_CREATION
15900,4,MessageDigestSpec,com.google.android.gms.ads.internal.util.client.zzf,zzG,com.tananaev.passportreader_22.apk,GENUINE_no
15901,4,MessageDigestSpec,com.google.android.gms.ads.internal.util.client.zzf,zzj,com.tananaev.passportreader_22.apk,GENUINE_no
15902,4,MessageDigestSpec,com.google.android.gms.common.util.AndroidUtilsLight,getPackageCertificateHashBytes,com.tananaev.passportreader_22.apk,GENUINE_no
15903,4,MessageDigestSpec,com.google.android.gms.common.util.AndroidUtilsLight,zza,com.tananaev.passportreader_22.apk,GENUINE_no
15904,4,MessageDigestSpec,com.google.android.gms.internal.ads.zzazu,run,com.tananaev.passportreader_22.apk,GENUINE_no
15905,4,MessageDigestSpec,com.google.android.gms.internal.ads.zzazv,zze,com.tananaev.passportreader_22.apk,GENUINE_no
15906,3,CipherSpec,com.google.android.gms.internal.ads.zzbbe,zzb,com.tananaev.passportreader_22.apk,LEGAL_REUSE_REJECTED
15909,4,MessageDigestSpec,com.google.android.gms.measurement.internal.zzgi,zzh,com.tananaev.passportreader_22.apk,GENUINE_no
15910,4,MessageDigestSpec,com.google.android.gms.measurement.internal.zzpp,zzO,com.tananaev.passportreader_22.apk,GENUINE_no
15911,4,MessageDigestSpec,com.google.firebase.crashlytics.internal.common.CommonUtils,hash,com.tananaev.passportreader_22.apk,GENUINE_no
15912,2,SecureRandomSpec,org.spongycastle.crypto.prng.BasicEntropySourceProvider$1,getEntropy,com.tananaev.passportreader_22.apk,UNOBSERVED_CREATION
15914,2,SecureRandomSpec,org.spongycastle.jcajce.provider.drbg.DRBG,createBaseRandom,com.tananaev.passportreader_22.apk,UNOBSERVED_CREATION
15915,2,SecureRandomSpec,org.spongycastle.jcajce.provider.drbg.DRBG$HybridSecureRandom,<init>,com.tananaev.passportreader_22.apk,UNOBSERVED_CREATION
15916,2,SecureRandomSpec,org.spongycastle.jcajce.provider.drbg.DRBG$HybridSecureRandom$SignallingEntropySource,getEntropy,com.tananaev.passportreader_22.apk,UNOBSERVED_CREATION
15917,2,SecureRandomSpec,org.spongycastle.jcajce.provider.drbg.DRBG$HybridSecureRandom$SignallingEntropySource$EntropyGatherer,run,com.tananaev.passportreader_22.apk,UNOBSERVED_CREATION
15918,4,MessageDigestSpec,com.google.android.gms.ads.internal.util.client.zzf,zzG,com.tananaev.passportreader_22.apk,GENUINE_no
15919,4,MessageDigestSpec,com.google.android.gms.ads.internal.util.client.zzf,zzj,com.tananaev.passportreader_22.apk,GENUINE_no
15920,4,MessageDigestSpec,com.google.android.gms.common.util.AndroidUtilsLight,getPackageCertificateHashBytes,com.tananaev.passportreader_22.apk,GENUINE_no
15921,4,MessageDigestSpec,com.google.android.gms.common.util.AndroidUtilsLight,zza,com.tananaev.passportreader_22.apk,GENUINE_no
15922,4,MessageDigestSpec,com.google.android.gms.internal.ads.zzazu,run,com.tananaev.passportreader_22.apk,GENUINE_no
15923,4,MessageDigestSpec,com.google.android.gms.internal.ads.zzazv,zze,com.tananaev.passportreader_22.apk,GENUINE_no
15924,3,CipherSpec,com.google.android.gms.internal.ads.zzbbe,zzb,com.tananaev.passportreader_22.apk,LEGAL_REUSE_REJECTED
15927,4,MessageDigestSpec,com.google.android.gms.measurement.internal.zzgi,zzh,com.tananaev.passportreader_22.apk,GENUINE_no
15928,4,MessageDigestSpec,com.google.android.gms.measurement.internal.zzpp,zzO,com.tananaev.passportreader_22.apk,GENUINE_no
15929,4,MessageDigestSpec,com.google.firebase.crashlytics.internal.common.CommonUtils,hash,com.tananaev.passportreader_22.apk,GENUINE_no
15930,2,SecureRandomSpec,org.spongycastle.crypto.prng.BasicEntropySourceProvider$1,getEntropy,com.tananaev.passportreader_22.apk,UNOBSERVED_CREATION
15932,2,SecureRandomSpec,org.spongycastle.jcajce.provider.drbg.DRBG,createBaseRandom,com.tananaev.passportreader_22.apk,UNOBSERVED_CREATION
15933,2,SecureRandomSpec,org.spongycastle.jcajce.provider.drbg.DRBG$HybridSecureRandom,<init>,com.tananaev.passportreader_22.apk,UNOBSERVED_CREATION
15934,2,SecureRandomSpec,org.spongycastle.jcajce.provider.drbg.DRBG$HybridSecureRandom$SignallingEntropySource,getEntropy,com.tananaev.passportreader_22.apk,UNOBSERVED_CREATION
15935,2,SecureRandomSpec,org.spongycastle.jcajce.provider.drbg.DRBG$HybridSecureRandom$SignallingEntropySource$EntropyGatherer,run,com.tananaev.passportreader_22.apk,UNOBSERVED_CREATION
15936,4,MessageDigestSpec,com.google.android.gms.ads.internal.util.client.zzf,zzG,com.tananaev.passportreader_22.apk,GENUINE_no
15937,4,MessageDigestSpec,com.google.android.gms.ads.internal.util.client.zzf,zzj,com.tananaev.passportreader_22.apk,GENUINE_no
15938,4,MessageDigestSpec,com.google.android.gms.common.util.AndroidUtilsLight,getPackageCertificateHashBytes,com.tananaev.passportreader_22.apk,GENUINE_no
15939,4,MessageDigestSpec,com.google.android.gms.common.util.AndroidUtilsLight,zza,com.tananaev.passportreader_22.apk,GENUINE_no
15940,4,MessageDigestSpec,com.google.android.gms.internal.ads.zzazu,run,com.tananaev.passportreader_22.apk,GENUINE_no
15941,4,MessageDigestSpec,com.google.android.gms.internal.ads.zzazv,zze,com.tananaev.passportreader_22.apk,GENUINE_no
15942,3,CipherSpec,com.google.android.gms.internal.ads.zzbbe,zzb,com.tananaev.passportreader_22.apk,LEGAL_REUSE_REJECTED
15945,4,MessageDigestSpec,com.google.android.gms.measurement.internal.zzgi,zzh,com.tananaev.passportreader_22.apk,GENUINE_no
15946,4,MessageDigestSpec,com.google.android.gms.measurement.internal.zzpp,zzO,com.tananaev.passportreader_22.apk,GENUINE_no
15947,4,MessageDigestSpec,com.google.firebase.crashlytics.internal.common.CommonUtils,hash,com.tananaev.passportreader_22.apk,GENUINE_no
15948,2,SecureRandomSpec,org.spongycastle.crypto.prng.BasicEntropySourceProvider$1,getEntropy,com.tananaev.passportreader_22.apk,UNOBSERVED_CREATION
15950,2,SecureRandomSpec,org.spongycastle.jcajce.provider.drbg.DRBG,createBaseRandom,com.tananaev.passportreader_22.apk,UNOBSERVED_CREATION
15951,2,SecureRandomSpec,org.spongycastle.jcajce.provider.drbg.DRBG$HybridSecureRandom,<init>,com.tananaev.passportreader_22.apk,UNOBSERVED_CREATION
15952,2,SecureRandomSpec,org.spongycastle.jcajce.provider.drbg.DRBG$HybridSecureRandom$SignallingEntropySource,getEntropy,com.tananaev.passportreader_22.apk,UNOBSERVED_CREATION
15953,2,SecureRandomSpec,org.spongycastle.jcajce.provider.drbg.DRBG$HybridSecureRandom$SignallingEntropySource$EntropyGatherer,run,com.tananaev.passportreader_22.apk,UNOBSERVED_CREATION
15954,4,MessageDigestSpec,com.google.android.gms.ads.internal.util.client.zzf,zzG,com.tananaev.passportreader_22.apk,GENUINE_no
15955,4,MessageDigestSpec,com.google.android.gms.ads.internal.util.client.zzf,zzj,com.tananaev.passportreader_22.apk,GENUINE_no
15956,4,MessageDigestSpec,com.google.android.gms.common.util.AndroidUtilsLight,getPackageCertificateHashBytes,com.tananaev.passportreader_22.apk,GENUINE_no
15957,4,MessageDigestSpec,com.google.android.gms.common.util.AndroidUtilsLight,zza,com.tananaev.passportreader_22.apk,GENUINE_no
15958,4,MessageDigestSpec,com.google.android.gms.internal.ads.zzazu,run,com.tananaev.passportreader_22.apk,GENUINE_no
15959,4,MessageDigestSpec,com.google.android.gms.internal.ads.zzazv,zze,com.tananaev.passportreader_22.apk,GENUINE_no
15960,3,CipherSpec,com.google.android.gms.internal.ads.zzbbe,zzb,com.tananaev.passportreader_22.apk,LEGAL_REUSE_REJECTED
15963,4,MessageDigestSpec,com.google.android.gms.measurement.internal.zzgi,zzh,com.tananaev.passportreader_22.apk,GENUINE_no
15964,4,MessageDigestSpec,com.google.android.gms.measurement.internal.zzpp,zzO,com.tananaev.passportreader_22.apk,GENUINE_no
15965,4,MessageDigestSpec,com.google.firebase.crashlytics.internal.common.CommonUtils,hash,com.tananaev.passportreader_22.apk,GENUINE_no
15966,2,SecureRandomSpec,org.spongycastle.crypto.prng.BasicEntropySourceProvider$1,getEntropy,com.tananaev.passportreader_22.apk,UNOBSERVED_CREATION
15968,2,SecureRandomSpec,org.spongycastle.jcajce.provider.drbg.DRBG,createBaseRandom,com.tananaev.passportreader_22.apk,UNOBSERVED_CREATION
15969,2,SecureRandomSpec,org.spongycastle.jcajce.provider.drbg.DRBG$HybridSecureRandom,<init>,com.tananaev.passportreader_22.apk,UNOBSERVED_CREATION
15970,2,SecureRandomSpec,org.spongycastle.jcajce.provider.drbg.DRBG$HybridSecureRandom$SignallingEntropySource,getEntropy,com.tananaev.passportreader_22.apk,UNOBSERVED_CREATION
15971,2,SecureRandomSpec,org.spongycastle.jcajce.provider.drbg.DRBG$HybridSecureRandom$SignallingEntropySource$EntropyGatherer,run,com.tananaev.passportreader_22.apk,UNOBSERVED_CREATION
15972,4,MessageDigestSpec,com.google.android.gms.ads.internal.util.client.zzf,zzG,com.tananaev.passportreader_22.apk,GENUINE_no
15973,4,MessageDigestSpec,com.google.android.gms.ads.internal.util.client.zzf,zzj,com.tananaev.passportreader_22.apk,GENUINE_no
15974,4,MessageDigestSpec,com.google.android.gms.common.util.AndroidUtilsLight,getPackageCertificateHashBytes,com.tananaev.passportreader_22.apk,GENUINE_no
15975,4,MessageDigestSpec,com.google.android.gms.common.util.AndroidUtilsLight,zza,com.tananaev.passportreader_22.apk,GENUINE_no
15976,4,MessageDigestSpec,com.google.android.gms.internal.ads.zzazu,run,com.tananaev.passportreader_22.apk,GENUINE_no
15977,4,MessageDigestSpec,com.google.android.gms.internal.ads.zzazv,zze,com.tananaev.passportreader_22.apk,GENUINE_no
15978,3,CipherSpec,com.google.android.gms.internal.ads.zzbbe,zzb,com.tananaev.passportreader_22.apk,LEGAL_REUSE_REJECTED
15981,4,MessageDigestSpec,com.google.android.gms.measurement.internal.zzgi,zzh,com.tananaev.passportreader_22.apk,GENUINE_no
15982,4,MessageDigestSpec,com.google.android.gms.measurement.internal.zzpp,zzO,com.tananaev.passportreader_22.apk,GENUINE_no
15983,4,MessageDigestSpec,com.google.firebase.crashlytics.internal.common.CommonUtils,hash,com.tananaev.passportreader_22.apk,GENUINE_no
15984,2,SecureRandomSpec,org.spongycastle.crypto.prng.BasicEntropySourceProvider$1,getEntropy,com.tananaev.passportreader_22.apk,UNOBSERVED_CREATION
15986,2,SecureRandomSpec,org.spongycastle.jcajce.provider.drbg.DRBG,createBaseRandom,com.tananaev.passportreader_22.apk,UNOBSERVED_CREATION
15987,2,SecureRandomSpec,org.spongycastle.jcajce.provider.drbg.DRBG$HybridSecureRandom,<init>,com.tananaev.passportreader_22.apk,UNOBSERVED_CREATION
15988,2,SecureRandomSpec,org.spongycastle.jcajce.provider.drbg.DRBG$HybridSecureRandom$SignallingEntropySource,getEntropy,com.tananaev.passportreader_22.apk,UNOBSERVED_CREATION
15989,2,SecureRandomSpec,org.spongycastle.jcajce.provider.drbg.DRBG$HybridSecureRandom$SignallingEntropySource$EntropyGatherer,run,com.tananaev.passportreader_22.apk,UNOBSERVED_CREATION
15990,4,MessageDigestSpec,com.google.android.gms.ads.internal.util.client.zzf,zzG,com.tananaev.passportreader_22.apk,GENUINE_no
15991,4,MessageDigestSpec,com.google.android.gms.ads.internal.util.client.zzf,zzj,com.tananaev.passportreader_22.apk,GENUINE_no
15992,4,MessageDigestSpec,com.google.android.gms.common.util.AndroidUtilsLight,getPackageCertificateHashBytes,com.tananaev.passportreader_22.apk,GENUINE_no
15993,4,MessageDigestSpec,com.google.android.gms.common.util.AndroidUtilsLight,zza,com.tananaev.passportreader_22.apk,GENUINE_no
15994,4,MessageDigestSpec,com.google.android.gms.internal.ads.zzazu,run,com.tananaev.passportreader_22.apk,GENUINE_no
15995,4,MessageDigestSpec,com.google.android.gms.internal.ads.zzazv,zze,com.tananaev.passportreader_22.apk,GENUINE_no
15996,3,CipherSpec,com.google.android.gms.internal.ads.zzbbe,zzb,com.tananaev.passportreader_22.apk,LEGAL_REUSE_REJECTED
15999,4,MessageDigestSpec,com.google.android.gms.measurement.internal.zzgi,zzh,com.tananaev.passportreader_22.apk,GENUINE_no
16000,4,MessageDigestSpec,com.google.android.gms.measurement.internal.zzpp,zzO,com.tananaev.passportreader_22.apk,GENUINE_no
16001,4,MessageDigestSpec,com.google.firebase.crashlytics.internal.common.CommonUtils,hash,com.tananaev.passportreader_22.apk,GENUINE_no
16002,2,SecureRandomSpec,org.spongycastle.crypto.prng.BasicEntropySourceProvider$1,getEntropy,com.tananaev.passportreader_22.apk,UNOBSERVED_CREATION
16004,2,SecureRandomSpec,org.spongycastle.jcajce.provider.drbg.DRBG,createBaseRandom,com.tananaev.passportreader_22.apk,UNOBSERVED_CREATION
16005,2,SecureRandomSpec,org.spongycastle.jcajce.provider.drbg.DRBG$HybridSecureRandom,<init>,com.tananaev.passportreader_22.apk,UNOBSERVED_CREATION
16006,2,SecureRandomSpec,org.spongycastle.jcajce.provider.drbg.DRBG$HybridSecureRandom$SignallingEntropySource,getEntropy,com.tananaev.passportreader_22.apk,UNOBSERVED_CREATION
16007,2,SecureRandomSpec,org.spongycastle.jcajce.provider.drbg.DRBG$HybridSecureRandom$SignallingEntropySource$EntropyGatherer,run,com.tananaev.passportreader_22.apk,UNOBSERVED_CREATION
16008,4,MessageDigestSpec,com.google.android.gms.ads.internal.util.client.zzf,zzG,com.tananaev.passportreader_22.apk,GENUINE_no
16009,4,MessageDigestSpec,com.google.android.gms.ads.internal.util.client.zzf,zzj,com.tananaev.passportreader_22.apk,GENUINE_no
16010,4,MessageDigestSpec,com.google.android.gms.common.util.AndroidUtilsLight,getPackageCertificateHashBytes,com.tananaev.passportreader_22.apk,GENUINE_no
16011,4,MessageDigestSpec,com.google.android.gms.common.util.AndroidUtilsLight,zza,com.tananaev.passportreader_22.apk,GENUINE_no
16012,4,MessageDigestSpec,com.google.android.gms.internal.ads.zzazu,run,com.tananaev.passportreader_22.apk,GENUINE_no
16013,4,MessageDigestSpec,com.google.android.gms.internal.ads.zzazv,zze,com.tananaev.passportreader_22.apk,GENUINE_no
16014,3,CipherSpec,com.google.android.gms.internal.ads.zzbbe,zzb,com.tananaev.passportreader_22.apk,LEGAL_REUSE_REJECTED
16017,4,MessageDigestSpec,com.google.android.gms.measurement.internal.zzgi,zzh,com.tananaev.passportreader_22.apk,GENUINE_no
16018,4,MessageDigestSpec,com.google.android.gms.measurement.internal.zzpp,zzO,com.tananaev.passportreader_22.apk,GENUINE_no
16019,4,MessageDigestSpec,com.google.firebase.crashlytics.internal.common.CommonUtils,hash,com.tananaev.passportreader_22.apk,GENUINE_no
16020,2,SecureRandomSpec,org.spongycastle.crypto.prng.BasicEntropySourceProvider$1,getEntropy,com.tananaev.passportreader_22.apk,UNOBSERVED_CREATION
16022,2,SecureRandomSpec,org.spongycastle.jcajce.provider.drbg.DRBG,createBaseRandom,com.tananaev.passportreader_22.apk,UNOBSERVED_CREATION
16023,2,SecureRandomSpec,org.spongycastle.jcajce.provider.drbg.DRBG$HybridSecureRandom,<init>,com.tananaev.passportreader_22.apk,UNOBSERVED_CREATION
16024,2,SecureRandomSpec,org.spongycastle.jcajce.provider.drbg.DRBG$HybridSecureRandom$SignallingEntropySource,getEntropy,com.tananaev.passportreader_22.apk,UNOBSERVED_CREATION
16025,2,SecureRandomSpec,org.spongycastle.jcajce.provider.drbg.DRBG$HybridSecureRandom$SignallingEntropySource$EntropyGatherer,run,com.tananaev.passportreader_22.apk,UNOBSERVED_CREATION
16026,4,MessageDigestSpec,com.google.android.gms.ads.internal.util.client.zzf,zzG,com.tananaev.passportreader_22.apk,GENUINE_no
16027,4,MessageDigestSpec,com.google.android.gms.ads.internal.util.client.zzf,zzj,com.tananaev.passportreader_22.apk,GENUINE_no
16028,4,MessageDigestSpec,com.google.android.gms.common.util.AndroidUtilsLight,getPackageCertificateHashBytes,com.tananaev.passportreader_22.apk,GENUINE_no
16029,4,MessageDigestSpec,com.google.android.gms.common.util.AndroidUtilsLight,zza,com.tananaev.passportreader_22.apk,GENUINE_no
16030,4,MessageDigestSpec,com.google.android.gms.internal.ads.zzazu,run,com.tananaev.passportreader_22.apk,GENUINE_no
16031,4,MessageDigestSpec,com.google.android.gms.internal.ads.zzazv,zze,com.tananaev.passportreader_22.apk,GENUINE_no
16032,3,CipherSpec,com.google.android.gms.internal.ads.zzbbe,zzb,com.tananaev.passportreader_22.apk,LEGAL_REUSE_REJECTED
16035,4,MessageDigestSpec,com.google.android.gms.measurement.internal.zzgi,zzh,com.tananaev.passportreader_22.apk,GENUINE_no
16036,4,MessageDigestSpec,com.google.android.gms.measurement.internal.zzpp,zzO,com.tananaev.passportreader_22.apk,GENUINE_no
16037,4,MessageDigestSpec,com.google.firebase.crashlytics.internal.common.CommonUtils,hash,com.tananaev.passportreader_22.apk,GENUINE_no
16038,2,SecureRandomSpec,org.spongycastle.crypto.prng.BasicEntropySourceProvider$1,getEntropy,com.tananaev.passportreader_22.apk,UNOBSERVED_CREATION
16040,2,SecureRandomSpec,org.spongycastle.jcajce.provider.drbg.DRBG,createBaseRandom,com.tananaev.passportreader_22.apk,UNOBSERVED_CREATION
16041,2,SecureRandomSpec,org.spongycastle.jcajce.provider.drbg.DRBG$HybridSecureRandom,<init>,com.tananaev.passportreader_22.apk,UNOBSERVED_CREATION
16042,2,SecureRandomSpec,org.spongycastle.jcajce.provider.drbg.DRBG$HybridSecureRandom$SignallingEntropySource,getEntropy,com.tananaev.passportreader_22.apk,UNOBSERVED_CREATION
16043,2,SecureRandomSpec,org.spongycastle.jcajce.provider.drbg.DRBG$HybridSecureRandom$SignallingEntropySource$EntropyGatherer,run,com.tananaev.passportreader_22.apk,UNOBSERVED_CREATION
16044,4,MessageDigestSpec,com.google.android.gms.ads.internal.util.client.zzf,zzG,com.tananaev.passportreader_22.apk,GENUINE_no
16045,4,MessageDigestSpec,com.google.android.gms.ads.internal.util.client.zzf,zzj,com.tananaev.passportreader_22.apk,GENUINE_no
16046,4,MessageDigestSpec,com.google.android.gms.common.util.AndroidUtilsLight,getPackageCertificateHashBytes,com.tananaev.passportreader_22.apk,GENUINE_no
16047,4,MessageDigestSpec,com.google.android.gms.common.util.AndroidUtilsLight,zza,com.tananaev.passportreader_22.apk,GENUINE_no
16048,4,MessageDigestSpec,com.google.android.gms.internal.ads.zzazu,run,com.tananaev.passportreader_22.apk,GENUINE_no
16049,4,MessageDigestSpec,com.google.android.gms.internal.ads.zzazv,zze,com.tananaev.passportreader_22.apk,GENUINE_no
16050,3,CipherSpec,com.google.android.gms.internal.ads.zzbbe,zzb,com.tananaev.passportreader_22.apk,LEGAL_REUSE_REJECTED
16053,4,MessageDigestSpec,com.google.android.gms.measurement.internal.zzgi,zzh,com.tananaev.passportreader_22.apk,GENUINE_no
16054,4,MessageDigestSpec,com.google.android.gms.measurement.internal.zzpp,zzO,com.tananaev.passportreader_22.apk,GENUINE_no
16055,4,MessageDigestSpec,com.google.firebase.crashlytics.internal.common.CommonUtils,hash,com.tananaev.passportreader_22.apk,GENUINE_no
16056,2,SecureRandomSpec,org.spongycastle.crypto.prng.BasicEntropySourceProvider$1,getEntropy,com.tananaev.passportreader_22.apk,UNOBSERVED_CREATION
16058,2,SecureRandomSpec,org.spongycastle.jcajce.provider.drbg.DRBG,createBaseRandom,com.tananaev.passportreader_22.apk,UNOBSERVED_CREATION
16059,2,SecureRandomSpec,org.spongycastle.jcajce.provider.drbg.DRBG$HybridSecureRandom,<init>,com.tananaev.passportreader_22.apk,UNOBSERVED_CREATION
16060,2,SecureRandomSpec,org.spongycastle.jcajce.provider.drbg.DRBG$HybridSecureRandom$SignallingEntropySource,getEntropy,com.tananaev.passportreader_22.apk,UNOBSERVED_CREATION
16061,2,SecureRandomSpec,org.spongycastle.jcajce.provider.drbg.DRBG$HybridSecureRandom$SignallingEntropySource$EntropyGatherer,run,com.tananaev.passportreader_22.apk,UNOBSERVED_CREATION
16070,4,CipherSpec,com.google.crypto.tink.subtle.PrfAesCmac,compute,com.tk.quicksearch_65.apk,GENUINE_no
16071,4,CipherSpec,com.google.crypto.tink.subtle.PrfAesCmac,generateSubKeys,com.tk.quicksearch_65.apk,GENUINE_no
16080,4,CipherSpec,com.google.crypto.tink.subtle.PrfAesCmac,compute,com.tk.quicksearch_65.apk,GENUINE_no
16081,4,CipherSpec,com.google.crypto.tink.subtle.PrfAesCmac,generateSubKeys,com.tk.quicksearch_65.apk,GENUINE_no
16090,4,CipherSpec,com.google.crypto.tink.subtle.PrfAesCmac,compute,com.tk.quicksearch_65.apk,GENUINE_no
16091,4,CipherSpec,com.google.crypto.tink.subtle.PrfAesCmac,generateSubKeys,com.tk.quicksearch_65.apk,GENUINE_no
16100,4,CipherSpec,com.google.crypto.tink.subtle.PrfAesCmac,compute,com.tk.quicksearch_65.apk,GENUINE_no
16101,4,CipherSpec,com.google.crypto.tink.subtle.PrfAesCmac,generateSubKeys,com.tk.quicksearch_65.apk,GENUINE_no
16110,4,CipherSpec,com.google.crypto.tink.subtle.PrfAesCmac,compute,com.tk.quicksearch_65.apk,GENUINE_no
16111,4,CipherSpec,com.google.crypto.tink.subtle.PrfAesCmac,generateSubKeys,com.tk.quicksearch_65.apk,GENUINE_no
16120,4,CipherSpec,com.google.crypto.tink.subtle.PrfAesCmac,compute,com.tk.quicksearch_65.apk,GENUINE_no
16121,4,CipherSpec,com.google.crypto.tink.subtle.PrfAesCmac,generateSubKeys,com.tk.quicksearch_65.apk,GENUINE_no
16130,4,CipherSpec,com.google.crypto.tink.subtle.PrfAesCmac,compute,com.tk.quicksearch_65.apk,GENUINE_no
16131,4,CipherSpec,com.google.crypto.tink.subtle.PrfAesCmac,generateSubKeys,com.tk.quicksearch_65.apk,GENUINE_no
16140,4,CipherSpec,com.google.crypto.tink.subtle.PrfAesCmac,compute,com.tk.quicksearch_65.apk,GENUINE_no
16141,4,CipherSpec,com.google.crypto.tink.subtle.PrfAesCmac,generateSubKeys,com.tk.quicksearch_65.apk,GENUINE_no
16150,4,CipherSpec,com.google.crypto.tink.subtle.PrfAesCmac,compute,com.tk.quicksearch_65.apk,GENUINE_no
16151,4,CipherSpec,com.google.crypto.tink.subtle.PrfAesCmac,generateSubKeys,com.tk.quicksearch_65.apk,GENUINE_no
16160,4,CipherSpec,com.google.crypto.tink.subtle.PrfAesCmac,compute,com.tk.quicksearch_65.apk,GENUINE_no
16161,4,CipherSpec,com.google.crypto.tink.subtle.PrfAesCmac,generateSubKeys,com.tk.quicksearch_65.apk,GENUINE_no
16170,4,CipherSpec,com.google.crypto.tink.subtle.PrfAesCmac,compute,com.tk.quicksearch_65.apk,GENUINE_no
16171,4,CipherSpec,com.google.crypto.tink.subtle.PrfAesCmac,generateSubKeys,com.tk.quicksearch_65.apk,GENUINE_no
16180,4,CipherSpec,com.google.crypto.tink.subtle.PrfAesCmac,compute,com.tk.quicksearch_65.apk,GENUINE_no
16181,4,CipherSpec,com.google.crypto.tink.subtle.PrfAesCmac,generateSubKeys,com.tk.quicksearch_65.apk,GENUINE_no
16190,4,CipherSpec,com.google.crypto.tink.subtle.PrfAesCmac,compute,com.tk.quicksearch_65.apk,GENUINE_no
16191,4,CipherSpec,com.google.crypto.tink.subtle.PrfAesCmac,generateSubKeys,com.tk.quicksearch_65.apk,GENUINE_no
16200,4,CipherSpec,com.google.crypto.tink.subtle.PrfAesCmac,compute,com.tk.quicksearch_65.apk,GENUINE_no
16201,4,CipherSpec,com.google.crypto.tink.subtle.PrfAesCmac,generateSubKeys,com.tk.quicksearch_65.apk,GENUINE_no
16210,4,CipherSpec,com.google.crypto.tink.subtle.PrfAesCmac,compute,com.tk.quicksearch_65.apk,GENUINE_no
16211,4,CipherSpec,com.google.crypto.tink.subtle.PrfAesCmac,generateSubKeys,com.tk.quicksearch_65.apk,GENUINE_no
16220,4,CipherSpec,com.google.crypto.tink.subtle.PrfAesCmac,compute,com.tk.quicksearch_65.apk,GENUINE_no
16221,4,CipherSpec,com.google.crypto.tink.subtle.PrfAesCmac,generateSubKeys,com.tk.quicksearch_65.apk,GENUINE_no
16230,4,CipherSpec,com.google.crypto.tink.subtle.PrfAesCmac,compute,com.tk.quicksearch_65.apk,GENUINE_no
16231,4,CipherSpec,com.google.crypto.tink.subtle.PrfAesCmac,generateSubKeys,com.tk.quicksearch_65.apk,GENUINE_no
16240,4,CipherSpec,com.google.crypto.tink.subtle.PrfAesCmac,compute,com.tk.quicksearch_65.apk,GENUINE_no
16241,4,CipherSpec,com.google.crypto.tink.subtle.PrfAesCmac,generateSubKeys,com.tk.quicksearch_65.apk,GENUINE_no
16250,4,CipherSpec,com.google.crypto.tink.subtle.PrfAesCmac,compute,com.tk.quicksearch_65.apk,GENUINE_no
16251,4,CipherSpec,com.google.crypto.tink.subtle.PrfAesCmac,generateSubKeys,com.tk.quicksearch_65.apk,GENUINE_no
16260,4,CipherSpec,com.google.crypto.tink.subtle.PrfAesCmac,compute,com.tk.quicksearch_65.apk,GENUINE_no
16261,4,CipherSpec,com.google.crypto.tink.subtle.PrfAesCmac,generateSubKeys,com.tk.quicksearch_65.apk,GENUINE_no
16270,4,CipherSpec,com.google.crypto.tink.subtle.PrfAesCmac,compute,com.tk.quicksearch_65.apk,GENUINE_no
16271,4,CipherSpec,com.google.crypto.tink.subtle.PrfAesCmac,generateSubKeys,com.tk.quicksearch_65.apk,GENUINE_no
16280,4,CipherSpec,com.google.crypto.tink.subtle.PrfAesCmac,compute,com.tk.quicksearch_65.apk,GENUINE_no
16281,4,CipherSpec,com.google.crypto.tink.subtle.PrfAesCmac,generateSubKeys,com.tk.quicksearch_65.apk,GENUINE_no
16290,4,CipherSpec,com.google.crypto.tink.subtle.PrfAesCmac,compute,com.tk.quicksearch_65.apk,GENUINE_no
16291,4,CipherSpec,com.google.crypto.tink.subtle.PrfAesCmac,generateSubKeys,com.tk.quicksearch_65.apk,GENUINE_no
16300,4,CipherSpec,com.google.crypto.tink.subtle.PrfAesCmac,compute,com.tk.quicksearch_65.apk,GENUINE_no
16301,4,CipherSpec,com.google.crypto.tink.subtle.PrfAesCmac,generateSubKeys,com.tk.quicksearch_65.apk,GENUINE_no
16310,4,CipherSpec,com.google.crypto.tink.subtle.PrfAesCmac,compute,com.tk.quicksearch_65.apk,GENUINE_no
16311,4,CipherSpec,com.google.crypto.tink.subtle.PrfAesCmac,generateSubKeys,com.tk.quicksearch_65.apk,GENUINE_no
16320,4,CipherSpec,com.google.crypto.tink.subtle.PrfAesCmac,compute,com.tk.quicksearch_65.apk,GENUINE_no
16321,4,CipherSpec,com.google.crypto.tink.subtle.PrfAesCmac,generateSubKeys,com.tk.quicksearch_65.apk,GENUINE_no
16330,4,CipherSpec,com.google.crypto.tink.subtle.PrfAesCmac,compute,com.tk.quicksearch_65.apk,GENUINE_no
16331,4,CipherSpec,com.google.crypto.tink.subtle.PrfAesCmac,generateSubKeys,com.tk.quicksearch_65.apk,GENUINE_no
16340,4,CipherSpec,com.google.crypto.tink.subtle.PrfAesCmac,compute,com.tk.quicksearch_65.apk,GENUINE_no
16341,4,CipherSpec,com.google.crypto.tink.subtle.PrfAesCmac,generateSubKeys,com.tk.quicksearch_65.apk,GENUINE_no
16350,4,CipherSpec,com.google.crypto.tink.subtle.PrfAesCmac,compute,com.tk.quicksearch_65.apk,GENUINE_no
16351,4,CipherSpec,com.google.crypto.tink.subtle.PrfAesCmac,generateSubKeys,com.tk.quicksearch_65.apk,GENUINE_no
16360,4,CipherSpec,com.google.crypto.tink.subtle.PrfAesCmac,compute,com.tk.quicksearch_65.apk,GENUINE_no
16361,4,CipherSpec,com.google.crypto.tink.subtle.PrfAesCmac,generateSubKeys,com.tk.quicksearch_65.apk,GENUINE_no
16370,4,CipherSpec,com.google.crypto.tink.subtle.PrfAesCmac,compute,com.tk.quicksearch_65.apk,GENUINE_no
16371,4,CipherSpec,com.google.crypto.tink.subtle.PrfAesCmac,generateSubKeys,com.tk.quicksearch_65.apk,GENUINE_no
16380,4,CipherSpec,com.google.crypto.tink.subtle.PrfAesCmac,compute,com.tk.quicksearch_65.apk,GENUINE_no
16381,4,CipherSpec,com.google.crypto.tink.subtle.PrfAesCmac,generateSubKeys,com.tk.quicksearch_65.apk,GENUINE_no
16390,4,CipherSpec,com.google.crypto.tink.subtle.PrfAesCmac,compute,com.tk.quicksearch_65.apk,GENUINE_no
16391,4,CipherSpec,com.google.crypto.tink.subtle.PrfAesCmac,generateSubKeys,com.tk.quicksearch_65.apk,GENUINE_no
16400,4,CipherSpec,com.google.crypto.tink.subtle.PrfAesCmac,compute,com.tk.quicksearch_65.apk,GENUINE_no
16401,4,CipherSpec,com.google.crypto.tink.subtle.PrfAesCmac,generateSubKeys,com.tk.quicksearch_65.apk,GENUINE_no
16410,4,CipherSpec,com.google.crypto.tink.subtle.PrfAesCmac,compute,com.tk.quicksearch_65.apk,GENUINE_no
16411,4,CipherSpec,com.google.crypto.tink.subtle.PrfAesCmac,generateSubKeys,com.tk.quicksearch_65.apk,GENUINE_no
16420,4,CipherSpec,com.google.crypto.tink.subtle.PrfAesCmac,compute,com.tk.quicksearch_65.apk,GENUINE_no
16421,4,CipherSpec,com.google.crypto.tink.subtle.PrfAesCmac,generateSubKeys,com.tk.quicksearch_65.apk,GENUINE_no
16430,4,CipherSpec,com.google.crypto.tink.subtle.PrfAesCmac,compute,com.tk.quicksearch_65.apk,GENUINE_no
16431,4,CipherSpec,com.google.crypto.tink.subtle.PrfAesCmac,generateSubKeys,com.tk.quicksearch_65.apk,GENUINE_no
16440,4,CipherSpec,com.google.crypto.tink.subtle.PrfAesCmac,compute,com.tk.quicksearch_65.apk,GENUINE_no
16441,4,CipherSpec,com.google.crypto.tink.subtle.PrfAesCmac,generateSubKeys,com.tk.quicksearch_65.apk,GENUINE_no
16450,4,CipherSpec,com.google.crypto.tink.subtle.PrfAesCmac,compute,com.tk.quicksearch_65.apk,GENUINE_no
16451,4,CipherSpec,com.google.crypto.tink.subtle.PrfAesCmac,generateSubKeys,com.tk.quicksearch_65.apk,GENUINE_no
16460,4,CipherSpec,com.google.crypto.tink.subtle.PrfAesCmac,compute,com.tk.quicksearch_65.apk,GENUINE_no
16461,4,CipherSpec,com.google.crypto.tink.subtle.PrfAesCmac,generateSubKeys,com.tk.quicksearch_65.apk,GENUINE_no
16470,4,CipherSpec,com.google.crypto.tink.subtle.PrfAesCmac,compute,com.tk.quicksearch_65.apk,GENUINE_no
16471,4,CipherSpec,com.google.crypto.tink.subtle.PrfAesCmac,generateSubKeys,com.tk.quicksearch_65.apk,GENUINE_no
16480,4,CipherSpec,com.google.crypto.tink.subtle.PrfAesCmac,compute,com.tk.quicksearch_65.apk,GENUINE_no
16481,4,CipherSpec,com.google.crypto.tink.subtle.PrfAesCmac,generateSubKeys,com.tk.quicksearch_65.apk,GENUINE_no
16490,4,CipherSpec,com.google.crypto.tink.subtle.PrfAesCmac,compute,com.tk.quicksearch_65.apk,GENUINE_no
16491,4,CipherSpec,com.google.crypto.tink.subtle.PrfAesCmac,generateSubKeys,com.tk.quicksearch_65.apk,GENUINE_no
16500,4,CipherSpec,com.google.crypto.tink.subtle.PrfAesCmac,compute,com.tk.quicksearch_65.apk,GENUINE_no
16501,4,CipherSpec,com.google.crypto.tink.subtle.PrfAesCmac,generateSubKeys,com.tk.quicksearch_65.apk,GENUINE_no
16510,4,CipherSpec,com.google.crypto.tink.subtle.PrfAesCmac,compute,com.tk.quicksearch_65.apk,GENUINE_no
16511,4,CipherSpec,com.google.crypto.tink.subtle.PrfAesCmac,generateSubKeys,com.tk.quicksearch_65.apk,GENUINE_no
16520,4,CipherSpec,com.google.crypto.tink.subtle.PrfAesCmac,compute,com.tk.quicksearch_65.apk,GENUINE_no
16521,4,CipherSpec,com.google.crypto.tink.subtle.PrfAesCmac,generateSubKeys,com.tk.quicksearch_65.apk,GENUINE_no
16530,4,CipherSpec,com.google.crypto.tink.subtle.PrfAesCmac,compute,com.tk.quicksearch_65.apk,GENUINE_no
16531,4,CipherSpec,com.google.crypto.tink.subtle.PrfAesCmac,generateSubKeys,com.tk.quicksearch_65.apk,GENUINE_no
16540,4,CipherSpec,com.google.crypto.tink.subtle.PrfAesCmac,compute,com.tk.quicksearch_65.apk,GENUINE_no
16541,4,CipherSpec,com.google.crypto.tink.subtle.PrfAesCmac,generateSubKeys,com.tk.quicksearch_65.apk,GENUINE_no
16550,4,CipherSpec,com.google.crypto.tink.subtle.PrfAesCmac,compute,com.tk.quicksearch_65.apk,GENUINE_no
16551,4,CipherSpec,com.google.crypto.tink.subtle.PrfAesCmac,generateSubKeys,com.tk.quicksearch_65.apk,GENUINE_no
16560,4,CipherSpec,com.google.crypto.tink.subtle.PrfAesCmac,compute,com.tk.quicksearch_65.apk,GENUINE_no
16561,4,CipherSpec,com.google.crypto.tink.subtle.PrfAesCmac,generateSubKeys,com.tk.quicksearch_65.apk,GENUINE_no
16570,4,CipherSpec,com.google.crypto.tink.subtle.PrfAesCmac,compute,com.tk.quicksearch_65.apk,GENUINE_no
16571,4,CipherSpec,com.google.crypto.tink.subtle.PrfAesCmac,generateSubKeys,com.tk.quicksearch_65.apk,GENUINE_no
16580,4,CipherSpec,com.google.crypto.tink.subtle.PrfAesCmac,compute,com.tk.quicksearch_65.apk,GENUINE_no
16581,4,CipherSpec,com.google.crypto.tink.subtle.PrfAesCmac,generateSubKeys,com.tk.quicksearch_65.apk,GENUINE_no
16590,4,CipherSpec,com.google.crypto.tink.subtle.PrfAesCmac,compute,com.tk.quicksearch_65.apk,GENUINE_no
16591,4,CipherSpec,com.google.crypto.tink.subtle.PrfAesCmac,generateSubKeys,com.tk.quicksearch_65.apk,GENUINE_no
16600,4,CipherSpec,com.google.crypto.tink.subtle.PrfAesCmac,compute,com.tk.quicksearch_65.apk,GENUINE_no
16601,4,CipherSpec,com.google.crypto.tink.subtle.PrfAesCmac,generateSubKeys,com.tk.quicksearch_65.apk,GENUINE_no
16610,4,CipherSpec,com.google.crypto.tink.subtle.PrfAesCmac,compute,com.tk.quicksearch_65.apk,GENUINE_no
16611,4,CipherSpec,com.google.crypto.tink.subtle.PrfAesCmac,generateSubKeys,com.tk.quicksearch_65.apk,GENUINE_no
16620,4,CipherSpec,com.google.crypto.tink.subtle.PrfAesCmac,compute,com.tk.quicksearch_65.apk,GENUINE_no
16621,4,CipherSpec,com.google.crypto.tink.subtle.PrfAesCmac,generateSubKeys,com.tk.quicksearch_65.apk,GENUINE_no
16630,4,CipherSpec,com.google.crypto.tink.subtle.PrfAesCmac,compute,com.tk.quicksearch_65.apk,GENUINE_no
16631,4,CipherSpec,com.google.crypto.tink.subtle.PrfAesCmac,generateSubKeys,com.tk.quicksearch_65.apk,GENUINE_no
16640,4,CipherSpec,com.google.crypto.tink.subtle.PrfAesCmac,compute,com.tk.quicksearch_65.apk,GENUINE_no
16641,4,CipherSpec,com.google.crypto.tink.subtle.PrfAesCmac,generateSubKeys,com.tk.quicksearch_65.apk,GENUINE_no
16650,4,CipherSpec,com.google.crypto.tink.subtle.PrfAesCmac,compute,com.tk.quicksearch_65.apk,GENUINE_no
16651,4,CipherSpec,com.google.crypto.tink.subtle.PrfAesCmac,generateSubKeys,com.tk.quicksearch_65.apk,GENUINE_no
16660,4,CipherSpec,com.google.crypto.tink.subtle.PrfAesCmac,compute,com.tk.quicksearch_65.apk,GENUINE_no
16661,4,CipherSpec,com.google.crypto.tink.subtle.PrfAesCmac,generateSubKeys,com.tk.quicksearch_65.apk,GENUINE_no
16670,4,CipherSpec,com.google.crypto.tink.subtle.PrfAesCmac,compute,com.tk.quicksearch_65.apk,GENUINE_no
16671,4,CipherSpec,com.google.crypto.tink.subtle.PrfAesCmac,generateSubKeys,com.tk.quicksearch_65.apk,GENUINE_no
16680,4,CipherSpec,com.google.crypto.tink.subtle.PrfAesCmac,compute,com.tk.quicksearch_65.apk,GENUINE_no
16681,4,CipherSpec,com.google.crypto.tink.subtle.PrfAesCmac,generateSubKeys,com.tk.quicksearch_65.apk,GENUINE_no
16690,4,CipherSpec,com.google.crypto.tink.subtle.PrfAesCmac,compute,com.tk.quicksearch_65.apk,GENUINE_no
16691,4,CipherSpec,com.google.crypto.tink.subtle.PrfAesCmac,generateSubKeys,com.tk.quicksearch_65.apk,GENUINE_no
16700,4,CipherSpec,com.google.crypto.tink.subtle.PrfAesCmac,compute,com.tk.quicksearch_65.apk,GENUINE_no
16701,4,CipherSpec,com.google.crypto.tink.subtle.PrfAesCmac,generateSubKeys,com.tk.quicksearch_65.apk,GENUINE_no
16710,4,CipherSpec,com.google.crypto.tink.subtle.PrfAesCmac,compute,com.tk.quicksearch_65.apk,GENUINE_no
16711,4,CipherSpec,com.google.crypto.tink.subtle.PrfAesCmac,generateSubKeys,com.tk.quicksearch_65.apk,GENUINE_no
16720,4,CipherSpec,com.google.crypto.tink.subtle.PrfAesCmac,compute,com.tk.quicksearch_65.apk,GENUINE_no
16721,4,CipherSpec,com.google.crypto.tink.subtle.PrfAesCmac,generateSubKeys,com.tk.quicksearch_65.apk,GENUINE_no
16730,4,CipherSpec,com.google.crypto.tink.subtle.PrfAesCmac,compute,com.tk.quicksearch_65.apk,GENUINE_no
16731,4,CipherSpec,com.google.crypto.tink.subtle.PrfAesCmac,generateSubKeys,com.tk.quicksearch_65.apk,GENUINE_no
16740,4,CipherSpec,com.google.crypto.tink.subtle.PrfAesCmac,compute,com.tk.quicksearch_65.apk,GENUINE_no
16741,4,CipherSpec,com.google.crypto.tink.subtle.PrfAesCmac,generateSubKeys,com.tk.quicksearch_65.apk,GENUINE_no
16750,4,CipherSpec,com.google.crypto.tink.subtle.PrfAesCmac,compute,com.tk.quicksearch_65.apk,GENUINE_no
16751,4,CipherSpec,com.google.crypto.tink.subtle.PrfAesCmac,generateSubKeys,com.tk.quicksearch_65.apk,GENUINE_no
16760,4,CipherSpec,com.google.crypto.tink.subtle.PrfAesCmac,compute,com.tk.quicksearch_65.apk,GENUINE_no
16761,4,CipherSpec,com.google.crypto.tink.subtle.PrfAesCmac,generateSubKeys,com.tk.quicksearch_65.apk,GENUINE_no
16770,4,CipherSpec,com.google.crypto.tink.subtle.PrfAesCmac,compute,com.tk.quicksearch_65.apk,GENUINE_no
16771,4,CipherSpec,com.google.crypto.tink.subtle.PrfAesCmac,generateSubKeys,com.tk.quicksearch_65.apk,GENUINE_no
16780,4,CipherSpec,com.google.crypto.tink.subtle.PrfAesCmac,compute,com.tk.quicksearch_65.apk,GENUINE_no
16781,4,CipherSpec,com.google.crypto.tink.subtle.PrfAesCmac,generateSubKeys,com.tk.quicksearch_65.apk,GENUINE_no
16790,4,CipherSpec,com.google.crypto.tink.subtle.PrfAesCmac,compute,com.tk.quicksearch_65.apk,GENUINE_no
16791,4,CipherSpec,com.google.crypto.tink.subtle.PrfAesCmac,generateSubKeys,com.tk.quicksearch_65.apk,GENUINE_no
16800,4,CipherSpec,com.google.crypto.tink.subtle.PrfAesCmac,compute,com.tk.quicksearch_65.apk,GENUINE_no
16801,4,CipherSpec,com.google.crypto.tink.subtle.PrfAesCmac,generateSubKeys,com.tk.quicksearch_65.apk,GENUINE_no
16810,4,CipherSpec,com.google.crypto.tink.subtle.PrfAesCmac,compute,com.tk.quicksearch_65.apk,GENUINE_no
16811,4,CipherSpec,com.google.crypto.tink.subtle.PrfAesCmac,generateSubKeys,com.tk.quicksearch_65.apk,GENUINE_no
16820,4,CipherSpec,com.google.crypto.tink.subtle.PrfAesCmac,compute,com.tk.quicksearch_65.apk,GENUINE_no
16821,4,CipherSpec,com.google.crypto.tink.subtle.PrfAesCmac,generateSubKeys,com.tk.quicksearch_65.apk,GENUINE_no
16830,4,CipherSpec,com.google.crypto.tink.subtle.PrfAesCmac,compute,com.tk.quicksearch_65.apk,GENUINE_no
16831,4,CipherSpec,com.google.crypto.tink.subtle.PrfAesCmac,generateSubKeys,com.tk.quicksearch_65.apk,GENUINE_no
16840,4,CipherSpec,com.google.crypto.tink.subtle.PrfAesCmac,compute,com.tk.quicksearch_65.apk,GENUINE_no
16841,4,CipherSpec,com.google.crypto.tink.subtle.PrfAesCmac,generateSubKeys,com.tk.quicksearch_65.apk,GENUINE_no
16850,4,CipherSpec,com.google.crypto.tink.subtle.PrfAesCmac,compute,com.tk.quicksearch_65.apk,GENUINE_no
16851,4,CipherSpec,com.google.crypto.tink.subtle.PrfAesCmac,generateSubKeys,com.tk.quicksearch_65.apk,GENUINE_no
16860,4,CipherSpec,com.google.crypto.tink.subtle.PrfAesCmac,compute,com.tk.quicksearch_65.apk,GENUINE_no
16861,4,CipherSpec,com.google.crypto.tink.subtle.PrfAesCmac,generateSubKeys,com.tk.quicksearch_65.apk,GENUINE_no
16870,4,CipherSpec,com.google.crypto.tink.subtle.PrfAesCmac,compute,com.tk.quicksearch_65.apk,GENUINE_no
16871,4,CipherSpec,com.google.crypto.tink.subtle.PrfAesCmac,generateSubKeys,com.tk.quicksearch_65.apk,GENUINE_no
16880,4,CipherSpec,com.google.crypto.tink.subtle.PrfAesCmac,compute,com.tk.quicksearch_65.apk,GENUINE_no
16881,4,CipherSpec,com.google.crypto.tink.subtle.PrfAesCmac,generateSubKeys,com.tk.quicksearch_65.apk,GENUINE_no
16890,4,CipherSpec,com.google.crypto.tink.subtle.PrfAesCmac,compute,com.tk.quicksearch_65.apk,GENUINE_no
16891,4,CipherSpec,com.google.crypto.tink.subtle.PrfAesCmac,generateSubKeys,com.tk.quicksearch_65.apk,GENUINE_no
16900,4,CipherSpec,com.google.crypto.tink.subtle.PrfAesCmac,compute,com.tk.quicksearch_65.apk,GENUINE_no
16901,4,CipherSpec,com.google.crypto.tink.subtle.PrfAesCmac,generateSubKeys,com.tk.quicksearch_65.apk,GENUINE_no
16910,4,CipherSpec,com.google.crypto.tink.subtle.PrfAesCmac,compute,com.tk.quicksearch_65.apk,GENUINE_no
16911,4,CipherSpec,com.google.crypto.tink.subtle.PrfAesCmac,generateSubKeys,com.tk.quicksearch_65.apk,GENUINE_no
16920,4,CipherSpec,com.google.crypto.tink.subtle.PrfAesCmac,compute,com.tk.quicksearch_65.apk,GENUINE_no
16921,4,CipherSpec,com.google.crypto.tink.subtle.PrfAesCmac,generateSubKeys,com.tk.quicksearch_65.apk,GENUINE_no
16930,4,CipherSpec,com.google.crypto.tink.subtle.PrfAesCmac,compute,com.tk.quicksearch_65.apk,GENUINE_no
16931,4,CipherSpec,com.google.crypto.tink.subtle.PrfAesCmac,generateSubKeys,com.tk.quicksearch_65.apk,GENUINE_no
16940,4,CipherSpec,com.google.crypto.tink.subtle.PrfAesCmac,compute,com.tk.quicksearch_65.apk,GENUINE_no
16941,4,CipherSpec,com.google.crypto.tink.subtle.PrfAesCmac,generateSubKeys,com.tk.quicksearch_65.apk,GENUINE_no
16950,4,CipherSpec,com.google.crypto.tink.subtle.PrfAesCmac,compute,com.tk.quicksearch_65.apk,GENUINE_no
16951,4,CipherSpec,com.google.crypto.tink.subtle.PrfAesCmac,generateSubKeys,com.tk.quicksearch_65.apk,GENUINE_no
16960,4,CipherSpec,com.google.crypto.tink.subtle.PrfAesCmac,compute,com.tk.quicksearch_65.apk,GENUINE_no
16961,4,CipherSpec,com.google.crypto.tink.subtle.PrfAesCmac,generateSubKeys,com.tk.quicksearch_65.apk,GENUINE_no
17084,4,MessageDigestSpec,com.vrem.wifianalyzer.wifi.accesspoint.AccessPointsAdapterData,calculateChildType,com.vrem.wifianalyzer_71.apk,GENUINE_no
17085,4,MessageDigestSpec,com.vrem.wifianalyzer.wifi.graphutils.GraphWrapper,calculateGraphType,com.vrem.wifianalyzer_71.apk,GENUINE_no
17086,4,MessageDigestSpec,com.vrem.wifianalyzer.wifi.accesspoint.AccessPointsAdapterData,calculateChildType,com.vrem.wifianalyzer_71.apk,GENUINE_no
17087,4,MessageDigestSpec,com.vrem.wifianalyzer.wifi.graphutils.GraphWrapper,calculateGraphType,com.vrem.wifianalyzer_71.apk,GENUINE_no
17088,4,MessageDigestSpec,com.vrem.wifianalyzer.wifi.accesspoint.AccessPointsAdapterData,calculateChildType,com.vrem.wifianalyzer_71.apk,GENUINE_no
17089,4,MessageDigestSpec,com.vrem.wifianalyzer.wifi.graphutils.GraphWrapper,calculateGraphType,com.vrem.wifianalyzer_71.apk,GENUINE_no
17090,4,MessageDigestSpec,com.vrem.wifianalyzer.wifi.accesspoint.AccessPointsAdapterData,calculateChildType,com.vrem.wifianalyzer_71.apk,GENUINE_no
17091,4,MessageDigestSpec,com.vrem.wifianalyzer.wifi.graphutils.GraphWrapper,calculateGraphType,com.vrem.wifianalyzer_71.apk,GENUINE_no
17092,4,MessageDigestSpec,com.vrem.wifianalyzer.wifi.accesspoint.AccessPointsAdapterData,calculateChildType,com.vrem.wifianalyzer_71.apk,GENUINE_no
17093,4,MessageDigestSpec,com.vrem.wifianalyzer.wifi.graphutils.GraphWrapper,calculateGraphType,com.vrem.wifianalyzer_71.apk,GENUINE_no
17094,4,MessageDigestSpec,com.vrem.wifianalyzer.wifi.accesspoint.AccessPointsAdapterData,calculateChildType,com.vrem.wifianalyzer_71.apk,GENUINE_no
17095,4,MessageDigestSpec,com.vrem.wifianalyzer.wifi.graphutils.GraphWrapper,calculateGraphType,com.vrem.wifianalyzer_71.apk,GENUINE_no
17096,4,MessageDigestSpec,com.vrem.wifianalyzer.wifi.accesspoint.AccessPointsAdapterData,calculateChildType,com.vrem.wifianalyzer_71.apk,GENUINE_no
17097,4,MessageDigestSpec,com.vrem.wifianalyzer.wifi.graphutils.GraphWrapper,calculateGraphType,com.vrem.wifianalyzer_71.apk,GENUINE_no
17098,4,MessageDigestSpec,com.vrem.wifianalyzer.wifi.accesspoint.AccessPointsAdapterData,calculateChildType,com.vrem.wifianalyzer_71.apk,GENUINE_no
17099,4,MessageDigestSpec,com.vrem.wifianalyzer.wifi.graphutils.GraphWrapper,calculateGraphType,com.vrem.wifianalyzer_71.apk,GENUINE_no
17100,4,MessageDigestSpec,com.vrem.wifianalyzer.wifi.accesspoint.AccessPointsAdapterData,calculateChildType,com.vrem.wifianalyzer_71.apk,GENUINE_no
17101,4,MessageDigestSpec,com.vrem.wifianalyzer.wifi.graphutils.GraphWrapper,calculateGraphType,com.vrem.wifianalyzer_71.apk,GENUINE_no
17102,4,MessageDigestSpec,com.vrem.wifianalyzer.wifi.accesspoint.AccessPointsAdapterData,calculateChildType,com.vrem.wifianalyzer_71.apk,GENUINE_no
17103,4,MessageDigestSpec,com.vrem.wifianalyzer.wifi.accesspoint.AccessPointsAdapterData,calculateChildType,com.vrem.wifianalyzer_71.apk,GENUINE_no
17104,4,MessageDigestSpec,com.vrem.wifianalyzer.wifi.graphutils.GraphWrapper,calculateGraphType,com.vrem.wifianalyzer_71.apk,GENUINE_no
17105,4,MessageDigestSpec,com.vrem.wifianalyzer.wifi.accesspoint.AccessPointsAdapterData,calculateChildType,com.vrem.wifianalyzer_71.apk,GENUINE_no
17106,4,MessageDigestSpec,com.vrem.wifianalyzer.wifi.graphutils.GraphWrapper,calculateGraphType,com.vrem.wifianalyzer_71.apk,GENUINE_no
17107,4,MessageDigestSpec,com.vrem.wifianalyzer.wifi.accesspoint.AccessPointsAdapterData,calculateChildType,com.vrem.wifianalyzer_71.apk,GENUINE_no
17108,4,MessageDigestSpec,com.vrem.wifianalyzer.wifi.accesspoint.AccessPointsAdapterData,calculateChildType,com.vrem.wifianalyzer_71.apk,GENUINE_no
17109,4,MessageDigestSpec,com.vrem.wifianalyzer.wifi.graphutils.GraphWrapper,calculateGraphType,com.vrem.wifianalyzer_71.apk,GENUINE_no
17110,4,MessageDigestSpec,com.vrem.wifianalyzer.wifi.accesspoint.AccessPointsAdapterData,calculateChildType,com.vrem.wifianalyzer_71.apk,GENUINE_no
17111,4,MessageDigestSpec,com.vrem.wifianalyzer.wifi.graphutils.GraphWrapper,calculateGraphType,com.vrem.wifianalyzer_71.apk,GENUINE_no
17112,4,MessageDigestSpec,com.vrem.wifianalyzer.wifi.accesspoint.AccessPointsAdapterData,calculateChildType,com.vrem.wifianalyzer_71.apk,GENUINE_no
17113,4,MessageDigestSpec,com.vrem.wifianalyzer.wifi.accesspoint.AccessPointsAdapterData,calculateChildType,com.vrem.wifianalyzer_71.apk,GENUINE_no
17114,4,MessageDigestSpec,com.vrem.wifianalyzer.wifi.graphutils.GraphWrapper,calculateGraphType,com.vrem.wifianalyzer_71.apk,GENUINE_no
17115,4,MessageDigestSpec,com.vrem.wifianalyzer.wifi.accesspoint.AccessPointsAdapterData,calculateChildType,com.vrem.wifianalyzer_71.apk,GENUINE_no
17116,4,MessageDigestSpec,com.vrem.wifianalyzer.wifi.graphutils.GraphWrapper,calculateGraphType,com.vrem.wifianalyzer_71.apk,GENUINE_no
17117,4,MessageDigestSpec,com.vrem.wifianalyzer.wifi.accesspoint.AccessPointsAdapterData,calculateChildType,com.vrem.wifianalyzer_71.apk,GENUINE_no
17118,4,MessageDigestSpec,com.vrem.wifianalyzer.wifi.accesspoint.AccessPointsAdapterData,calculateChildType,com.vrem.wifianalyzer_71.apk,GENUINE_no
17119,4,MessageDigestSpec,com.vrem.wifianalyzer.wifi.accesspoint.AccessPointsAdapterData,calculateChildType,com.vrem.wifianalyzer_71.apk,GENUINE_no
17120,4,MessageDigestSpec,com.vrem.wifianalyzer.wifi.graphutils.GraphWrapper,calculateGraphType,com.vrem.wifianalyzer_71.apk,GENUINE_no
17121,4,MessageDigestSpec,com.vrem.wifianalyzer.wifi.accesspoint.AccessPointsAdapterData,calculateChildType,com.vrem.wifianalyzer_71.apk,GENUINE_no
17122,4,MessageDigestSpec,com.vrem.wifianalyzer.wifi.accesspoint.AccessPointsAdapterData,calculateChildType,com.vrem.wifianalyzer_71.apk,GENUINE_no
17123,4,MessageDigestSpec,com.vrem.wifianalyzer.wifi.accesspoint.AccessPointsAdapterData,calculateChildType,com.vrem.wifianalyzer_71.apk,GENUINE_no
17124,4,MessageDigestSpec,com.vrem.wifianalyzer.wifi.graphutils.GraphWrapper,calculateGraphType,com.vrem.wifianalyzer_71.apk,GENUINE_no
17125,4,MessageDigestSpec,com.vrem.wifianalyzer.wifi.accesspoint.AccessPointsAdapterData,calculateChildType,com.vrem.wifianalyzer_71.apk,GENUINE_no
17126,4,MessageDigestSpec,com.vrem.wifianalyzer.wifi.accesspoint.AccessPointsAdapterData,calculateChildType,com.vrem.wifianalyzer_71.apk,GENUINE_no
17127,4,MessageDigestSpec,com.vrem.wifianalyzer.wifi.accesspoint.AccessPointsAdapterData,calculateChildType,com.vrem.wifianalyzer_71.apk,GENUINE_no
17128,4,MessageDigestSpec,com.vrem.wifianalyzer.wifi.graphutils.GraphWrapper,calculateGraphType,com.vrem.wifianalyzer_71.apk,GENUINE_no
17129,4,MessageDigestSpec,com.vrem.wifianalyzer.wifi.accesspoint.AccessPointsAdapterData,calculateChildType,com.vrem.wifianalyzer_71.apk,GENUINE_no
17130,4,MessageDigestSpec,com.vrem.wifianalyzer.wifi.accesspoint.AccessPointsAdapterData,calculateChildType,com.vrem.wifianalyzer_71.apk,GENUINE_no
17131,4,MessageDigestSpec,com.vrem.wifianalyzer.wifi.accesspoint.AccessPointsAdapterData,calculateChildType,com.vrem.wifianalyzer_71.apk,GENUINE_no
17132,4,MessageDigestSpec,com.vrem.wifianalyzer.wifi.accesspoint.AccessPointsAdapterData,calculateChildType,com.vrem.wifianalyzer_71.apk,GENUINE_no
17133,4,MessageDigestSpec,com.vrem.wifianalyzer.wifi.accesspoint.AccessPointsAdapterData,calculateChildType,com.vrem.wifianalyzer_71.apk,GENUINE_no
17134,4,MessageDigestSpec,com.vrem.wifianalyzer.wifi.accesspoint.AccessPointsAdapterData,calculateChildType,com.vrem.wifianalyzer_71.apk,GENUINE_no
17135,4,MessageDigestSpec,com.vrem.wifianalyzer.wifi.accesspoint.AccessPointsAdapterData,calculateChildType,com.vrem.wifianalyzer_71.apk,GENUINE_no
17136,4,MessageDigestSpec,com.vrem.wifianalyzer.wifi.accesspoint.AccessPointsAdapterData,calculateChildType,com.vrem.wifianalyzer_71.apk,GENUINE_no
17137,4,MessageDigestSpec,com.vrem.wifianalyzer.wifi.accesspoint.AccessPointsAdapterData,calculateChildType,com.vrem.wifianalyzer_71.apk,GENUINE_no
17138,4,MessageDigestSpec,com.vrem.wifianalyzer.wifi.accesspoint.AccessPointsAdapterData,calculateChildType,com.vrem.wifianalyzer_71.apk,GENUINE_no
17139,4,MessageDigestSpec,com.vrem.wifianalyzer.wifi.accesspoint.AccessPointsAdapterData,calculateChildType,com.vrem.wifianalyzer_71.apk,GENUINE_no
17140,4,MessageDigestSpec,com.vrem.wifianalyzer.wifi.accesspoint.AccessPointsAdapterData,calculateChildType,com.vrem.wifianalyzer_71.apk,GENUINE_no
17141,4,MessageDigestSpec,com.vrem.wifianalyzer.wifi.accesspoint.AccessPointsAdapterData,calculateChildType,com.vrem.wifianalyzer_71.apk,GENUINE_no
17142,4,MessageDigestSpec,com.vrem.wifianalyzer.wifi.accesspoint.AccessPointsAdapterData,calculateChildType,com.vrem.wifianalyzer_71.apk,GENUINE_no
17143,4,MessageDigestSpec,com.vrem.wifianalyzer.wifi.accesspoint.AccessPointsAdapterData,calculateChildType,com.vrem.wifianalyzer_71.apk,GENUINE_no
17144,4,MessageDigestSpec,com.vrem.wifianalyzer.wifi.graphutils.GraphWrapper,calculateGraphType,com.vrem.wifianalyzer_71.apk,GENUINE_no
17145,4,MessageDigestSpec,com.vrem.wifianalyzer.wifi.accesspoint.AccessPointsAdapterData,calculateChildType,com.vrem.wifianalyzer_71.apk,GENUINE_no
17146,4,MessageDigestSpec,com.vrem.wifianalyzer.wifi.accesspoint.AccessPointsAdapterData,calculateChildType,com.vrem.wifianalyzer_71.apk,GENUINE_no
17147,4,MessageDigestSpec,com.vrem.wifianalyzer.wifi.accesspoint.AccessPointsAdapterData,calculateChildType,com.vrem.wifianalyzer_71.apk,GENUINE_no
17148,4,MessageDigestSpec,com.vrem.wifianalyzer.wifi.graphutils.GraphWrapper,calculateGraphType,com.vrem.wifianalyzer_71.apk,GENUINE_no
17149,4,MessageDigestSpec,com.vrem.wifianalyzer.wifi.accesspoint.AccessPointsAdapterData,calculateChildType,com.vrem.wifianalyzer_71.apk,GENUINE_no
17150,4,MessageDigestSpec,com.vrem.wifianalyzer.wifi.accesspoint.AccessPointsAdapterData,calculateChildType,com.vrem.wifianalyzer_71.apk,GENUINE_no
17151,4,MessageDigestSpec,com.vrem.wifianalyzer.wifi.accesspoint.AccessPointsAdapterData,calculateChildType,com.vrem.wifianalyzer_71.apk,GENUINE_no
17152,4,MessageDigestSpec,com.vrem.wifianalyzer.wifi.accesspoint.AccessPointsAdapterData,calculateChildType,com.vrem.wifianalyzer_71.apk,GENUINE_no
17153,4,MessageDigestSpec,com.vrem.wifianalyzer.wifi.accesspoint.AccessPointsAdapterData,calculateChildType,com.vrem.wifianalyzer_71.apk,GENUINE_no
17154,4,MessageDigestSpec,com.vrem.wifianalyzer.wifi.accesspoint.AccessPointsAdapterData,calculateChildType,com.vrem.wifianalyzer_71.apk,GENUINE_no
17155,4,MessageDigestSpec,com.vrem.wifianalyzer.wifi.accesspoint.AccessPointsAdapterData,calculateChildType,com.vrem.wifianalyzer_71.apk,GENUINE_no
17156,4,MessageDigestSpec,com.vrem.wifianalyzer.wifi.accesspoint.AccessPointsAdapterData,calculateChildType,com.vrem.wifianalyzer_71.apk,GENUINE_no
17157,4,MessageDigestSpec,com.vrem.wifianalyzer.wifi.accesspoint.AccessPointsAdapterData,calculateChildType,com.vrem.wifianalyzer_71.apk,GENUINE_no
17158,4,MessageDigestSpec,com.vrem.wifianalyzer.wifi.accesspoint.AccessPointsAdapterData,calculateChildType,com.vrem.wifianalyzer_71.apk,GENUINE_no
17159,4,MessageDigestSpec,com.vrem.wifianalyzer.wifi.accesspoint.AccessPointsAdapterData,calculateChildType,com.vrem.wifianalyzer_71.apk,GENUINE_no
17160,4,MessageDigestSpec,com.vrem.wifianalyzer.wifi.accesspoint.AccessPointsAdapterData,calculateChildType,com.vrem.wifianalyzer_71.apk,GENUINE_no
17161,4,MessageDigestSpec,com.vrem.wifianalyzer.wifi.accesspoint.AccessPointsAdapterData,calculateChildType,com.vrem.wifianalyzer_71.apk,GENUINE_no
17162,4,MessageDigestSpec,com.vrem.wifianalyzer.wifi.accesspoint.AccessPointsAdapterData,calculateChildType,com.vrem.wifianalyzer_71.apk,GENUINE_no
17163,4,MessageDigestSpec,com.vrem.wifianalyzer.wifi.accesspoint.AccessPointsAdapterData,calculateChildType,com.vrem.wifianalyzer_71.apk,GENUINE_no
17164,4,MessageDigestSpec,com.vrem.wifianalyzer.wifi.accesspoint.AccessPointsAdapterData,calculateChildType,com.vrem.wifianalyzer_71.apk,GENUINE_no
17165,4,MessageDigestSpec,com.vrem.wifianalyzer.wifi.accesspoint.AccessPointsAdapterData,calculateChildType,com.vrem.wifianalyzer_71.apk,GENUINE_no
17166,4,MessageDigestSpec,com.vrem.wifianalyzer.wifi.accesspoint.AccessPointsAdapterData,calculateChildType,com.vrem.wifianalyzer_71.apk,GENUINE_no
17167,4,MessageDigestSpec,com.vrem.wifianalyzer.wifi.accesspoint.AccessPointsAdapterData,calculateChildType,com.vrem.wifianalyzer_71.apk,GENUINE_no
17168,4,MessageDigestSpec,com.vrem.wifianalyzer.wifi.graphutils.GraphWrapper,calculateGraphType,com.vrem.wifianalyzer_71.apk,GENUINE_no
17169,4,MessageDigestSpec,com.vrem.wifianalyzer.wifi.accesspoint.AccessPointsAdapterData,calculateChildType,com.vrem.wifianalyzer_71.apk,GENUINE_no
17170,4,MessageDigestSpec,com.vrem.wifianalyzer.wifi.graphutils.GraphWrapper,calculateGraphType,com.vrem.wifianalyzer_71.apk,GENUINE_no
17171,4,MessageDigestSpec,com.vrem.wifianalyzer.wifi.accesspoint.AccessPointsAdapterData,calculateChildType,com.vrem.wifianalyzer_71.apk,GENUINE_no
17172,4,MessageDigestSpec,com.vrem.wifianalyzer.wifi.graphutils.GraphWrapper,calculateGraphType,com.vrem.wifianalyzer_71.apk,GENUINE_no
17173,4,MessageDigestSpec,com.vrem.wifianalyzer.wifi.accesspoint.AccessPointsAdapterData,calculateChildType,com.vrem.wifianalyzer_71.apk,GENUINE_no
17174,4,MessageDigestSpec,com.vrem.wifianalyzer.wifi.graphutils.GraphWrapper,calculateGraphType,com.vrem.wifianalyzer_71.apk,GENUINE_no
17175,4,MessageDigestSpec,com.vrem.wifianalyzer.wifi.accesspoint.AccessPointsAdapterData,calculateChildType,com.vrem.wifianalyzer_71.apk,GENUINE_no
17176,4,MessageDigestSpec,com.vrem.wifianalyzer.wifi.graphutils.GraphWrapper,calculateGraphType,com.vrem.wifianalyzer_71.apk,GENUINE_no
17177,4,MessageDigestSpec,com.vrem.wifianalyzer.wifi.accesspoint.AccessPointsAdapterData,calculateChildType,com.vrem.wifianalyzer_71.apk,GENUINE_no
17178,4,MessageDigestSpec,com.vrem.wifianalyzer.wifi.graphutils.GraphWrapper,calculateGraphType,com.vrem.wifianalyzer_71.apk,GENUINE_no
17179,4,MessageDigestSpec,com.vrem.wifianalyzer.wifi.accesspoint.AccessPointsAdapterData,calculateChildType,com.vrem.wifianalyzer_71.apk,GENUINE_no
17180,4,MessageDigestSpec,com.vrem.wifianalyzer.wifi.graphutils.GraphWrapper,calculateGraphType,com.vrem.wifianalyzer_71.apk,GENUINE_no
17181,4,MessageDigestSpec,com.vrem.wifianalyzer.wifi.accesspoint.AccessPointsAdapterData,calculateChildType,com.vrem.wifianalyzer_71.apk,GENUINE_no
17182,4,MessageDigestSpec,com.vrem.wifianalyzer.wifi.accesspoint.AccessPointsAdapterData,calculateChildType,com.vrem.wifianalyzer_71.apk,GENUINE_no
17183,4,MessageDigestSpec,com.vrem.wifianalyzer.wifi.graphutils.GraphWrapper,calculateGraphType,com.vrem.wifianalyzer_71.apk,GENUINE_no
17184,4,MessageDigestSpec,com.vrem.wifianalyzer.wifi.accesspoint.AccessPointsAdapterData,calculateChildType,com.vrem.wifianalyzer_71.apk,GENUINE_no
17185,4,MessageDigestSpec,com.vrem.wifianalyzer.wifi.graphutils.GraphWrapper,calculateGraphType,com.vrem.wifianalyzer_71.apk,GENUINE_no
17186,4,MessageDigestSpec,com.vrem.wifianalyzer.wifi.accesspoint.AccessPointsAdapterData,calculateChildType,com.vrem.wifianalyzer_71.apk,GENUINE_no
17187,4,MessageDigestSpec,com.vrem.wifianalyzer.wifi.graphutils.GraphWrapper,calculateGraphType,com.vrem.wifianalyzer_71.apk,GENUINE_no
17188,4,MessageDigestSpec,com.vrem.wifianalyzer.wifi.accesspoint.AccessPointsAdapterData,calculateChildType,com.vrem.wifianalyzer_71.apk,GENUINE_no
17189,4,MessageDigestSpec,com.vrem.wifianalyzer.wifi.graphutils.GraphWrapper,calculateGraphType,com.vrem.wifianalyzer_71.apk,GENUINE_no
17190,4,MessageDigestSpec,com.vrem.wifianalyzer.wifi.accesspoint.AccessPointsAdapterData,calculateChildType,com.vrem.wifianalyzer_71.apk,GENUINE_no
17191,4,MessageDigestSpec,com.vrem.wifianalyzer.wifi.accesspoint.AccessPointsAdapterData,calculateChildType,com.vrem.wifianalyzer_71.apk,GENUINE_no
17192,4,MessageDigestSpec,com.vrem.wifianalyzer.wifi.graphutils.GraphWrapper,calculateGraphType,com.vrem.wifianalyzer_71.apk,GENUINE_no
17193,4,MessageDigestSpec,com.vrem.wifianalyzer.wifi.accesspoint.AccessPointsAdapterData,calculateChildType,com.vrem.wifianalyzer_71.apk,GENUINE_no
17194,4,MessageDigestSpec,com.vrem.wifianalyzer.wifi.graphutils.GraphWrapper,calculateGraphType,com.vrem.wifianalyzer_71.apk,GENUINE_no
17195,4,MessageDigestSpec,com.vrem.wifianalyzer.wifi.accesspoint.AccessPointsAdapterData,calculateChildType,com.vrem.wifianalyzer_71.apk,GENUINE_no
17196,4,MessageDigestSpec,com.vrem.wifianalyzer.wifi.graphutils.GraphWrapper,calculateGraphType,com.vrem.wifianalyzer_71.apk,GENUINE_no
17197,4,MessageDigestSpec,com.vrem.wifianalyzer.wifi.accesspoint.AccessPointsAdapterData,calculateChildType,com.vrem.wifianalyzer_71.apk,GENUINE_no
17198,4,MessageDigestSpec,com.vrem.wifianalyzer.wifi.graphutils.GraphWrapper,calculateGraphType,com.vrem.wifianalyzer_71.apk,GENUINE_no
17199,4,MessageDigestSpec,com.vrem.wifianalyzer.wifi.accesspoint.AccessPointsAdapterData,calculateChildType,com.vrem.wifianalyzer_71.apk,GENUINE_no
17200,4,MessageDigestSpec,com.vrem.wifianalyzer.wifi.graphutils.GraphWrapper,calculateGraphType,com.vrem.wifianalyzer_71.apk,GENUINE_no
17201,4,MessageDigestSpec,com.vrem.wifianalyzer.wifi.accesspoint.AccessPointsAdapterData,calculateChildType,com.vrem.wifianalyzer_71.apk,GENUINE_no
17202,4,MessageDigestSpec,com.vrem.wifianalyzer.wifi.graphutils.GraphWrapper,calculateGraphType,com.vrem.wifianalyzer_71.apk,GENUINE_no
17203,4,MessageDigestSpec,com.vrem.wifianalyzer.wifi.accesspoint.AccessPointsAdapterData,calculateChildType,com.vrem.wifianalyzer_71.apk,GENUINE_no
17204,4,MessageDigestSpec,com.vrem.wifianalyzer.wifi.graphutils.GraphWrapper,calculateGraphType,com.vrem.wifianalyzer_71.apk,GENUINE_no
17205,4,MessageDigestSpec,com.vrem.wifianalyzer.wifi.accesspoint.AccessPointsAdapterData,calculateChildType,com.vrem.wifianalyzer_71.apk,GENUINE_no
17206,4,MessageDigestSpec,com.vrem.wifianalyzer.wifi.graphutils.GraphWrapper,calculateGraphType,com.vrem.wifianalyzer_71.apk,GENUINE_no
17207,4,MessageDigestSpec,com.vrem.wifianalyzer.wifi.accesspoint.AccessPointsAdapterData,calculateChildType,com.vrem.wifianalyzer_71.apk,GENUINE_no
17208,4,MessageDigestSpec,com.vrem.wifianalyzer.wifi.graphutils.GraphWrapper,calculateGraphType,com.vrem.wifianalyzer_71.apk,GENUINE_no
17209,4,MessageDigestSpec,com.vrem.wifianalyzer.wifi.accesspoint.AccessPointsAdapterData,calculateChildType,com.vrem.wifianalyzer_71.apk,GENUINE_no
17210,4,MessageDigestSpec,com.vrem.wifianalyzer.wifi.graphutils.GraphWrapper,calculateGraphType,com.vrem.wifianalyzer_71.apk,GENUINE_no
17211,4,MessageDigestSpec,com.vrem.wifianalyzer.wifi.accesspoint.AccessPointsAdapterData,calculateChildType,com.vrem.wifianalyzer_71.apk,GENUINE_no
17212,4,MessageDigestSpec,com.vrem.wifianalyzer.wifi.graphutils.GraphWrapper,calculateGraphType,com.vrem.wifianalyzer_71.apk,GENUINE_no
17213,4,MessageDigestSpec,com.vrem.wifianalyzer.wifi.accesspoint.AccessPointsAdapterData,calculateChildType,com.vrem.wifianalyzer_71.apk,GENUINE_no
17214,4,MessageDigestSpec,com.vrem.wifianalyzer.wifi.graphutils.GraphWrapper,calculateGraphType,com.vrem.wifianalyzer_71.apk,GENUINE_no
17215,4,MessageDigestSpec,com.vrem.wifianalyzer.wifi.accesspoint.AccessPointsAdapterData,calculateChildType,com.vrem.wifianalyzer_71.apk,GENUINE_no
17216,4,MessageDigestSpec,com.vrem.wifianalyzer.wifi.graphutils.GraphWrapper,calculateGraphType,com.vrem.wifianalyzer_71.apk,GENUINE_no
17217,4,MessageDigestSpec,com.vrem.wifianalyzer.wifi.accesspoint.AccessPointsAdapterData,calculateChildType,com.vrem.wifianalyzer_71.apk,GENUINE_no
17218,4,MessageDigestSpec,com.vrem.wifianalyzer.wifi.graphutils.GraphWrapper,calculateGraphType,com.vrem.wifianalyzer_71.apk,GENUINE_no
17219,4,MessageDigestSpec,com.vrem.wifianalyzer.wifi.accesspoint.AccessPointsAdapterData,calculateChildType,com.vrem.wifianalyzer_71.apk,GENUINE_no
17220,4,MessageDigestSpec,com.vrem.wifianalyzer.wifi.graphutils.GraphWrapper,calculateGraphType,com.vrem.wifianalyzer_71.apk,GENUINE_no
17221,4,MessageDigestSpec,com.vrem.wifianalyzer.wifi.accesspoint.AccessPointsAdapterData,calculateChildType,com.vrem.wifianalyzer_71.apk,GENUINE_no
17222,4,MessageDigestSpec,com.vrem.wifianalyzer.wifi.graphutils.GraphWrapper,calculateGraphType,com.vrem.wifianalyzer_71.apk,GENUINE_no
17223,4,MessageDigestSpec,com.vrem.wifianalyzer.wifi.accesspoint.AccessPointsAdapterData,calculateChildType,com.vrem.wifianalyzer_71.apk,GENUINE_no
17224,4,MessageDigestSpec,com.vrem.wifianalyzer.wifi.graphutils.GraphWrapper,calculateGraphType,com.vrem.wifianalyzer_71.apk,GENUINE_no
17225,4,MessageDigestSpec,com.vrem.wifianalyzer.wifi.accesspoint.AccessPointsAdapterData,calculateChildType,com.vrem.wifianalyzer_71.apk,GENUINE_no
17226,4,MessageDigestSpec,com.vrem.wifianalyzer.wifi.graphutils.GraphWrapper,calculateGraphType,com.vrem.wifianalyzer_71.apk,GENUINE_no
17227,4,MessageDigestSpec,com.vrem.wifianalyzer.wifi.accesspoint.AccessPointsAdapterData,calculateChildType,com.vrem.wifianalyzer_71.apk,GENUINE_no
17228,4,MessageDigestSpec,com.vrem.wifianalyzer.wifi.graphutils.GraphWrapper,calculateGraphType,com.vrem.wifianalyzer_71.apk,GENUINE_no
17229,4,MessageDigestSpec,com.vrem.wifianalyzer.wifi.accesspoint.AccessPointsAdapterData,calculateChildType,com.vrem.wifianalyzer_71.apk,GENUINE_no
17230,4,MessageDigestSpec,com.vrem.wifianalyzer.wifi.graphutils.GraphWrapper,calculateGraphType,com.vrem.wifianalyzer_71.apk,GENUINE_no
17231,4,MessageDigestSpec,com.vrem.wifianalyzer.wifi.accesspoint.AccessPointsAdapterData,calculateChildType,com.vrem.wifianalyzer_71.apk,GENUINE_no
17232,4,MessageDigestSpec,com.vrem.wifianalyzer.wifi.graphutils.GraphWrapper,calculateGraphType,com.vrem.wifianalyzer_71.apk,GENUINE_no
17233,4,MessageDigestSpec,com.vrem.wifianalyzer.wifi.accesspoint.AccessPointsAdapterData,calculateChildType,com.vrem.wifianalyzer_71.apk,GENUINE_no
17234,4,MessageDigestSpec,com.vrem.wifianalyzer.wifi.graphutils.GraphWrapper,calculateGraphType,com.vrem.wifianalyzer_71.apk,GENUINE_no
17235,4,MessageDigestSpec,com.vrem.wifianalyzer.wifi.accesspoint.AccessPointsAdapterData,calculateChildType,com.vrem.wifianalyzer_71.apk,GENUINE_no
17236,4,MessageDigestSpec,com.vrem.wifianalyzer.wifi.graphutils.GraphWrapper,calculateGraphType,com.vrem.wifianalyzer_71.apk,GENUINE_no
17338,6,SSLContextSpec,de.lukasneugebauer.nextcloudcookbook.core.util.OkHttpClientProvider,configureTrustAllCertificates,de.lukasneugebauer.nextcloudcookbook_62.apk,GENUINE_yes
17341,6,SSLContextSpec,de.lukasneugebauer.nextcloudcookbook.core.util.OkHttpClientProvider,configureTrustAllCertificates,de.lukasneugebauer.nextcloudcookbook_62.apk,GENUINE_yes
17344,6,SSLContextSpec,de.lukasneugebauer.nextcloudcookbook.core.util.OkHttpClientProvider,configureTrustAllCertificates,de.lukasneugebauer.nextcloudcookbook_62.apk,GENUINE_yes
17347,6,SSLContextSpec,de.lukasneugebauer.nextcloudcookbook.core.util.OkHttpClientProvider,configureTrustAllCertificates,de.lukasneugebauer.nextcloudcookbook_62.apk,GENUINE_yes
17350,6,SSLContextSpec,de.lukasneugebauer.nextcloudcookbook.core.util.OkHttpClientProvider,configureTrustAllCertificates,de.lukasneugebauer.nextcloudcookbook_62.apk,GENUINE_yes
17355,6,SSLContextSpec,de.lukasneugebauer.nextcloudcookbook.core.util.OkHttpClientProvider,configureTrustAllCertificates,de.lukasneugebauer.nextcloudcookbook_62.apk,GENUINE_yes
17358,6,SSLContextSpec,de.lukasneugebauer.nextcloudcookbook.core.util.OkHttpClientProvider,configureTrustAllCertificates,de.lukasneugebauer.nextcloudcookbook_62.apk,GENUINE_yes
17363,6,SSLContextSpec,de.lukasneugebauer.nextcloudcookbook.core.util.OkHttpClientProvider,configureTrustAllCertificates,de.lukasneugebauer.nextcloudcookbook_62.apk,GENUINE_yes
17366,6,SSLContextSpec,de.lukasneugebauer.nextcloudcookbook.core.util.OkHttpClientProvider,configureTrustAllCertificates,de.lukasneugebauer.nextcloudcookbook_62.apk,GENUINE_yes
17371,6,SSLContextSpec,de.lukasneugebauer.nextcloudcookbook.core.util.OkHttpClientProvider,configureTrustAllCertificates,de.lukasneugebauer.nextcloudcookbook_62.apk,GENUINE_yes
17374,6,SSLContextSpec,de.lukasneugebauer.nextcloudcookbook.core.util.OkHttpClientProvider,configureTrustAllCertificates,de.lukasneugebauer.nextcloudcookbook_62.apk,GENUINE_yes
17379,6,SSLContextSpec,de.lukasneugebauer.nextcloudcookbook.core.util.OkHttpClientProvider,configureTrustAllCertificates,de.lukasneugebauer.nextcloudcookbook_62.apk,GENUINE_yes
17382,6,SSLContextSpec,de.lukasneugebauer.nextcloudcookbook.core.util.OkHttpClientProvider,configureTrustAllCertificates,de.lukasneugebauer.nextcloudcookbook_62.apk,GENUINE_yes
17385,6,SSLContextSpec,de.lukasneugebauer.nextcloudcookbook.core.util.OkHttpClientProvider,configureTrustAllCertificates,de.lukasneugebauer.nextcloudcookbook_62.apk,GENUINE_yes
17388,6,SSLContextSpec,de.lukasneugebauer.nextcloudcookbook.core.util.OkHttpClientProvider,configureTrustAllCertificates,de.lukasneugebauer.nextcloudcookbook_62.apk,GENUINE_yes
17391,6,SSLContextSpec,de.lukasneugebauer.nextcloudcookbook.core.util.OkHttpClientProvider,configureTrustAllCertificates,de.lukasneugebauer.nextcloudcookbook_62.apk,GENUINE_yes
17394,6,SSLContextSpec,de.lukasneugebauer.nextcloudcookbook.core.util.OkHttpClientProvider,configureTrustAllCertificates,de.lukasneugebauer.nextcloudcookbook_62.apk,GENUINE_yes
17397,6,SSLContextSpec,de.lukasneugebauer.nextcloudcookbook.core.util.OkHttpClientProvider,configureTrustAllCertificates,de.lukasneugebauer.nextcloudcookbook_62.apk,GENUINE_yes
17400,6,SSLContextSpec,de.lukasneugebauer.nextcloudcookbook.core.util.OkHttpClientProvider,configureTrustAllCertificates,de.lukasneugebauer.nextcloudcookbook_62.apk,GENUINE_yes
17405,6,SSLContextSpec,de.lukasneugebauer.nextcloudcookbook.core.util.OkHttpClientProvider,configureTrustAllCertificates,de.lukasneugebauer.nextcloudcookbook_62.apk,GENUINE_yes
17408,6,SSLContextSpec,de.lukasneugebauer.nextcloudcookbook.core.util.OkHttpClientProvider,configureTrustAllCertificates,de.lukasneugebauer.nextcloudcookbook_62.apk,GENUINE_yes
17411,6,SSLContextSpec,de.lukasneugebauer.nextcloudcookbook.core.util.OkHttpClientProvider,configureTrustAllCertificates,de.lukasneugebauer.nextcloudcookbook_62.apk,GENUINE_yes
17414,6,SSLContextSpec,de.lukasneugebauer.nextcloudcookbook.core.util.OkHttpClientProvider,configureTrustAllCertificates,de.lukasneugebauer.nextcloudcookbook_62.apk,GENUINE_yes
17417,6,SSLContextSpec,de.lukasneugebauer.nextcloudcookbook.core.util.OkHttpClientProvider,configureTrustAllCertificates,de.lukasneugebauer.nextcloudcookbook_62.apk,GENUINE_yes
17420,6,SSLContextSpec,de.lukasneugebauer.nextcloudcookbook.core.util.OkHttpClientProvider,configureTrustAllCertificates,de.lukasneugebauer.nextcloudcookbook_62.apk,GENUINE_yes
17423,6,SSLContextSpec,de.lukasneugebauer.nextcloudcookbook.core.util.OkHttpClientProvider,configureTrustAllCertificates,de.lukasneugebauer.nextcloudcookbook_62.apk,GENUINE_yes
17426,6,SSLContextSpec,de.lukasneugebauer.nextcloudcookbook.core.util.OkHttpClientProvider,configureTrustAllCertificates,de.lukasneugebauer.nextcloudcookbook_62.apk,GENUINE_yes
17429,6,SSLContextSpec,de.lukasneugebauer.nextcloudcookbook.core.util.OkHttpClientProvider,configureTrustAllCertificates,de.lukasneugebauer.nextcloudcookbook_62.apk,GENUINE_yes
17432,6,SSLContextSpec,de.lukasneugebauer.nextcloudcookbook.core.util.OkHttpClientProvider,configureTrustAllCertificates,de.lukasneugebauer.nextcloudcookbook_62.apk,GENUINE_yes
17435,6,SSLContextSpec,de.lukasneugebauer.nextcloudcookbook.core.util.OkHttpClientProvider,configureTrustAllCertificates,de.lukasneugebauer.nextcloudcookbook_62.apk,GENUINE_yes
17438,6,SSLContextSpec,de.lukasneugebauer.nextcloudcookbook.core.util.OkHttpClientProvider,configureTrustAllCertificates,de.lukasneugebauer.nextcloudcookbook_62.apk,GENUINE_yes
17441,6,SSLContextSpec,de.lukasneugebauer.nextcloudcookbook.core.util.OkHttpClientProvider,configureTrustAllCertificates,de.lukasneugebauer.nextcloudcookbook_62.apk,GENUINE_yes
17444,6,SSLContextSpec,de.lukasneugebauer.nextcloudcookbook.core.util.OkHttpClientProvider,configureTrustAllCertificates,de.lukasneugebauer.nextcloudcookbook_62.apk,GENUINE_yes
17445,6,SSLContextSpec,de.lukasneugebauer.nextcloudcookbook.core.util.OkHttpClientProvider,configureTrustAllCertificates,de.lukasneugebauer.nextcloudcookbook_62.apk,GENUINE_yes
17448,6,SSLContextSpec,de.lukasneugebauer.nextcloudcookbook.core.util.OkHttpClientProvider,configureTrustAllCertificates,de.lukasneugebauer.nextcloudcookbook_62.apk,GENUINE_yes
17451,6,SSLContextSpec,de.lukasneugebauer.nextcloudcookbook.core.util.OkHttpClientProvider,configureTrustAllCertificates,de.lukasneugebauer.nextcloudcookbook_62.apk,GENUINE_yes
17454,6,SSLContextSpec,de.lukasneugebauer.nextcloudcookbook.core.util.OkHttpClientProvider,configureTrustAllCertificates,de.lukasneugebauer.nextcloudcookbook_62.apk,GENUINE_yes
17457,6,SSLContextSpec,de.lukasneugebauer.nextcloudcookbook.core.util.OkHttpClientProvider,configureTrustAllCertificates,de.lukasneugebauer.nextcloudcookbook_62.apk,GENUINE_yes
17460,6,SSLContextSpec,de.lukasneugebauer.nextcloudcookbook.core.util.OkHttpClientProvider,configureTrustAllCertificates,de.lukasneugebauer.nextcloudcookbook_62.apk,GENUINE_yes
17463,6,SSLContextSpec,de.lukasneugebauer.nextcloudcookbook.core.util.OkHttpClientProvider,configureTrustAllCertificates,de.lukasneugebauer.nextcloudcookbook_62.apk,GENUINE_yes
17466,6,SSLContextSpec,de.lukasneugebauer.nextcloudcookbook.core.util.OkHttpClientProvider,configureTrustAllCertificates,de.lukasneugebauer.nextcloudcookbook_62.apk,GENUINE_yes
17469,6,SSLContextSpec,de.lukasneugebauer.nextcloudcookbook.core.util.OkHttpClientProvider,configureTrustAllCertificates,de.lukasneugebauer.nextcloudcookbook_62.apk,GENUINE_yes
17472,6,SSLContextSpec,de.lukasneugebauer.nextcloudcookbook.core.util.OkHttpClientProvider,configureTrustAllCertificates,de.lukasneugebauer.nextcloudcookbook_62.apk,GENUINE_yes
17475,6,SSLContextSpec,de.lukasneugebauer.nextcloudcookbook.core.util.OkHttpClientProvider,configureTrustAllCertificates,de.lukasneugebauer.nextcloudcookbook_62.apk,GENUINE_yes
17478,6,SSLContextSpec,de.lukasneugebauer.nextcloudcookbook.core.util.OkHttpClientProvider,configureTrustAllCertificates,de.lukasneugebauer.nextcloudcookbook_62.apk,GENUINE_yes
17481,6,SSLContextSpec,de.lukasneugebauer.nextcloudcookbook.core.util.OkHttpClientProvider,configureTrustAllCertificates,de.lukasneugebauer.nextcloudcookbook_62.apk,GENUINE_yes
17484,6,SSLContextSpec,de.lukasneugebauer.nextcloudcookbook.core.util.OkHttpClientProvider,configureTrustAllCertificates,de.lukasneugebauer.nextcloudcookbook_62.apk,GENUINE_yes
17487,6,SSLContextSpec,de.lukasneugebauer.nextcloudcookbook.core.util.OkHttpClientProvider,configureTrustAllCertificates,de.lukasneugebauer.nextcloudcookbook_62.apk,GENUINE_yes
17490,6,SSLContextSpec,de.lukasneugebauer.nextcloudcookbook.core.util.OkHttpClientProvider,configureTrustAllCertificates,de.lukasneugebauer.nextcloudcookbook_62.apk,GENUINE_yes
17493,6,SSLContextSpec,de.lukasneugebauer.nextcloudcookbook.core.util.OkHttpClientProvider,configureTrustAllCertificates,de.lukasneugebauer.nextcloudcookbook_62.apk,GENUINE_yes
17496,6,SSLContextSpec,de.lukasneugebauer.nextcloudcookbook.core.util.OkHttpClientProvider,configureTrustAllCertificates,de.lukasneugebauer.nextcloudcookbook_62.apk,GENUINE_yes
17499,6,SSLContextSpec,de.lukasneugebauer.nextcloudcookbook.core.util.OkHttpClientProvider,configureTrustAllCertificates,de.lukasneugebauer.nextcloudcookbook_62.apk,GENUINE_yes
17502,6,SSLContextSpec,de.lukasneugebauer.nextcloudcookbook.core.util.OkHttpClientProvider,configureTrustAllCertificates,de.lukasneugebauer.nextcloudcookbook_62.apk,GENUINE_yes
17505,6,SSLContextSpec,de.lukasneugebauer.nextcloudcookbook.core.util.OkHttpClientProvider,configureTrustAllCertificates,de.lukasneugebauer.nextcloudcookbook_62.apk,GENUINE_yes
17508,6,SSLContextSpec,de.lukasneugebauer.nextcloudcookbook.core.util.OkHttpClientProvider,configureTrustAllCertificates,de.lukasneugebauer.nextcloudcookbook_62.apk,GENUINE_yes
17511,6,SSLContextSpec,de.lukasneugebauer.nextcloudcookbook.core.util.OkHttpClientProvider,configureTrustAllCertificates,de.lukasneugebauer.nextcloudcookbook_62.apk,GENUINE_yes
17514,6,SSLContextSpec,de.lukasneugebauer.nextcloudcookbook.core.util.OkHttpClientProvider,configureTrustAllCertificates,de.lukasneugebauer.nextcloudcookbook_62.apk,GENUINE_yes
17521,6,SSLContextSpec,de.lukasneugebauer.nextcloudcookbook.core.util.OkHttpClientProvider,configureTrustAllCertificates,de.lukasneugebauer.nextcloudcookbook_62.apk,GENUINE_yes
17528,6,SSLContextSpec,de.lukasneugebauer.nextcloudcookbook.core.util.OkHttpClientProvider,configureTrustAllCertificates,de.lukasneugebauer.nextcloudcookbook_62.apk,GENUINE_yes
17531,6,SSLContextSpec,de.lukasneugebauer.nextcloudcookbook.core.util.OkHttpClientProvider,configureTrustAllCertificates,de.lukasneugebauer.nextcloudcookbook_62.apk,GENUINE_yes
17534,6,SSLContextSpec,de.lukasneugebauer.nextcloudcookbook.core.util.OkHttpClientProvider,configureTrustAllCertificates,de.lukasneugebauer.nextcloudcookbook_62.apk,GENUINE_yes
17537,6,SSLContextSpec,de.lukasneugebauer.nextcloudcookbook.core.util.OkHttpClientProvider,configureTrustAllCertificates,de.lukasneugebauer.nextcloudcookbook_62.apk,GENUINE_yes
17544,6,SSLContextSpec,de.lukasneugebauer.nextcloudcookbook.core.util.OkHttpClientProvider,configureTrustAllCertificates,de.lukasneugebauer.nextcloudcookbook_62.apk,GENUINE_yes
17549,6,SSLContextSpec,de.lukasneugebauer.nextcloudcookbook.core.util.OkHttpClientProvider,configureTrustAllCertificates,de.lukasneugebauer.nextcloudcookbook_62.apk,GENUINE_yes
17554,6,SSLContextSpec,de.lukasneugebauer.nextcloudcookbook.core.util.OkHttpClientProvider,configureTrustAllCertificates,de.lukasneugebauer.nextcloudcookbook_62.apk,GENUINE_yes
17559,6,SSLContextSpec,de.lukasneugebauer.nextcloudcookbook.core.util.OkHttpClientProvider,configureTrustAllCertificates,de.lukasneugebauer.nextcloudcookbook_62.apk,GENUINE_yes
17572,6,SSLContextSpec,de.lukasneugebauer.nextcloudcookbook.core.util.OkHttpClientProvider,configureTrustAllCertificates,de.lukasneugebauer.nextcloudcookbook_62.apk,GENUINE_yes
17579,6,SSLContextSpec,de.lukasneugebauer.nextcloudcookbook.core.util.OkHttpClientProvider,configureTrustAllCertificates,de.lukasneugebauer.nextcloudcookbook_62.apk,GENUINE_yes
17582,6,SSLContextSpec,de.lukasneugebauer.nextcloudcookbook.core.util.OkHttpClientProvider,configureTrustAllCertificates,de.lukasneugebauer.nextcloudcookbook_62.apk,GENUINE_yes
17585,6,SSLContextSpec,de.lukasneugebauer.nextcloudcookbook.core.util.OkHttpClientProvider,configureTrustAllCertificates,de.lukasneugebauer.nextcloudcookbook_62.apk,GENUINE_yes
17588,6,SSLContextSpec,de.lukasneugebauer.nextcloudcookbook.core.util.OkHttpClientProvider,configureTrustAllCertificates,de.lukasneugebauer.nextcloudcookbook_62.apk,GENUINE_yes
17593,6,SSLContextSpec,de.lukasneugebauer.nextcloudcookbook.core.util.OkHttpClientProvider,configureTrustAllCertificates,de.lukasneugebauer.nextcloudcookbook_62.apk,GENUINE_yes
17596,6,SSLContextSpec,de.lukasneugebauer.nextcloudcookbook.core.util.OkHttpClientProvider,configureTrustAllCertificates,de.lukasneugebauer.nextcloudcookbook_62.apk,GENUINE_yes
17601,6,SSLContextSpec,de.lukasneugebauer.nextcloudcookbook.core.util.OkHttpClientProvider,configureTrustAllCertificates,de.lukasneugebauer.nextcloudcookbook_62.apk,GENUINE_yes
17604,6,SSLContextSpec,de.lukasneugebauer.nextcloudcookbook.core.util.OkHttpClientProvider,configureTrustAllCertificates,de.lukasneugebauer.nextcloudcookbook_62.apk,GENUINE_yes
17607,4,MessageDigestSpec,de.stephanlindauer.criticalmaps.utils.AeSimpleSHA1,SHA1,de.stephanlindauer.criticalmaps_104.apk,GENUINE_no
17610,4,MessageDigestSpec,de.stephanlindauer.criticalmaps.utils.AeSimpleSHA1,SHA1,de.stephanlindauer.criticalmaps_104.apk,GENUINE_no
17613,4,MessageDigestSpec,de.stephanlindauer.criticalmaps.utils.AeSimpleSHA1,SHA1,de.stephanlindauer.criticalmaps_104.apk,GENUINE_no
17616,4,MessageDigestSpec,de.stephanlindauer.criticalmaps.utils.AeSimpleSHA1,SHA1,de.stephanlindauer.criticalmaps_104.apk,GENUINE_no
17619,4,MessageDigestSpec,de.stephanlindauer.criticalmaps.utils.AeSimpleSHA1,SHA1,de.stephanlindauer.criticalmaps_104.apk,GENUINE_no
17622,4,MessageDigestSpec,de.stephanlindauer.criticalmaps.utils.AeSimpleSHA1,SHA1,de.stephanlindauer.criticalmaps_104.apk,GENUINE_no
17625,4,MessageDigestSpec,de.stephanlindauer.criticalmaps.utils.AeSimpleSHA1,SHA1,de.stephanlindauer.criticalmaps_104.apk,GENUINE_no
17628,4,MessageDigestSpec,de.stephanlindauer.criticalmaps.utils.AeSimpleSHA1,SHA1,de.stephanlindauer.criticalmaps_104.apk,GENUINE_no
17631,4,MessageDigestSpec,de.stephanlindauer.criticalmaps.utils.AeSimpleSHA1,SHA1,de.stephanlindauer.criticalmaps_104.apk,GENUINE_no
17634,4,MessageDigestSpec,de.stephanlindauer.criticalmaps.utils.AeSimpleSHA1,SHA1,de.stephanlindauer.criticalmaps_104.apk,GENUINE_no
17637,4,MessageDigestSpec,de.stephanlindauer.criticalmaps.utils.AeSimpleSHA1,SHA1,de.stephanlindauer.criticalmaps_104.apk,GENUINE_no
17640,4,MessageDigestSpec,de.stephanlindauer.criticalmaps.utils.AeSimpleSHA1,SHA1,de.stephanlindauer.criticalmaps_104.apk,GENUINE_no
17643,4,MessageDigestSpec,de.stephanlindauer.criticalmaps.utils.AeSimpleSHA1,SHA1,de.stephanlindauer.criticalmaps_104.apk,GENUINE_no
17646,4,MessageDigestSpec,de.stephanlindauer.criticalmaps.utils.AeSimpleSHA1,SHA1,de.stephanlindauer.criticalmaps_104.apk,GENUINE_no
17649,4,MessageDigestSpec,de.stephanlindauer.criticalmaps.utils.AeSimpleSHA1,SHA1,de.stephanlindauer.criticalmaps_104.apk,GENUINE_no
17652,4,MessageDigestSpec,de.stephanlindauer.criticalmaps.utils.AeSimpleSHA1,SHA1,de.stephanlindauer.criticalmaps_104.apk,GENUINE_no
17655,4,MessageDigestSpec,de.stephanlindauer.criticalmaps.utils.AeSimpleSHA1,SHA1,de.stephanlindauer.criticalmaps_104.apk,GENUINE_no
17658,4,MessageDigestSpec,de.stephanlindauer.criticalmaps.utils.AeSimpleSHA1,SHA1,de.stephanlindauer.criticalmaps_104.apk,GENUINE_no
17661,4,MessageDigestSpec,de.stephanlindauer.criticalmaps.utils.AeSimpleSHA1,SHA1,de.stephanlindauer.criticalmaps_104.apk,GENUINE_no
17664,4,MessageDigestSpec,de.stephanlindauer.criticalmaps.utils.AeSimpleSHA1,SHA1,de.stephanlindauer.criticalmaps_104.apk,GENUINE_no
17667,4,MessageDigestSpec,de.stephanlindauer.criticalmaps.utils.AeSimpleSHA1,SHA1,de.stephanlindauer.criticalmaps_104.apk,GENUINE_no
17670,4,MessageDigestSpec,de.stephanlindauer.criticalmaps.utils.AeSimpleSHA1,SHA1,de.stephanlindauer.criticalmaps_104.apk,GENUINE_no
17673,4,MessageDigestSpec,de.stephanlindauer.criticalmaps.utils.AeSimpleSHA1,SHA1,de.stephanlindauer.criticalmaps_104.apk,GENUINE_no
17676,4,MessageDigestSpec,de.stephanlindauer.criticalmaps.utils.AeSimpleSHA1,SHA1,de.stephanlindauer.criticalmaps_104.apk,GENUINE_no
17679,4,MessageDigestSpec,de.stephanlindauer.criticalmaps.utils.AeSimpleSHA1,SHA1,de.stephanlindauer.criticalmaps_104.apk,GENUINE_no
17682,4,MessageDigestSpec,de.stephanlindauer.criticalmaps.utils.AeSimpleSHA1,SHA1,de.stephanlindauer.criticalmaps_104.apk,GENUINE_no
17685,4,MessageDigestSpec,de.stephanlindauer.criticalmaps.utils.AeSimpleSHA1,SHA1,de.stephanlindauer.criticalmaps_104.apk,GENUINE_no
17688,4,MessageDigestSpec,de.stephanlindauer.criticalmaps.utils.AeSimpleSHA1,SHA1,de.stephanlindauer.criticalmaps_104.apk,GENUINE_no
17691,4,MessageDigestSpec,de.stephanlindauer.criticalmaps.utils.AeSimpleSHA1,SHA1,de.stephanlindauer.criticalmaps_104.apk,GENUINE_no
17694,4,MessageDigestSpec,de.stephanlindauer.criticalmaps.utils.AeSimpleSHA1,SHA1,de.stephanlindauer.criticalmaps_104.apk,GENUINE_no
17697,4,MessageDigestSpec,de.stephanlindauer.criticalmaps.utils.AeSimpleSHA1,SHA1,de.stephanlindauer.criticalmaps_104.apk,GENUINE_no
17700,4,MessageDigestSpec,de.stephanlindauer.criticalmaps.utils.AeSimpleSHA1,SHA1,de.stephanlindauer.criticalmaps_104.apk,GENUINE_no
17703,4,MessageDigestSpec,de.stephanlindauer.criticalmaps.utils.AeSimpleSHA1,SHA1,de.stephanlindauer.criticalmaps_104.apk,GENUINE_no
17706,4,MessageDigestSpec,de.stephanlindauer.criticalmaps.utils.AeSimpleSHA1,SHA1,de.stephanlindauer.criticalmaps_104.apk,GENUINE_no
17709,4,MessageDigestSpec,de.stephanlindauer.criticalmaps.utils.AeSimpleSHA1,SHA1,de.stephanlindauer.criticalmaps_104.apk,GENUINE_no
17712,4,MessageDigestSpec,de.stephanlindauer.criticalmaps.utils.AeSimpleSHA1,SHA1,de.stephanlindauer.criticalmaps_104.apk,GENUINE_no
17715,4,MessageDigestSpec,de.stephanlindauer.criticalmaps.utils.AeSimpleSHA1,SHA1,de.stephanlindauer.criticalmaps_104.apk,GENUINE_no
17718,4,MessageDigestSpec,de.stephanlindauer.criticalmaps.utils.AeSimpleSHA1,SHA1,de.stephanlindauer.criticalmaps_104.apk,GENUINE_no
17721,4,MessageDigestSpec,de.stephanlindauer.criticalmaps.utils.AeSimpleSHA1,SHA1,de.stephanlindauer.criticalmaps_104.apk,GENUINE_no
17724,4,MessageDigestSpec,de.stephanlindauer.criticalmaps.utils.AeSimpleSHA1,SHA1,de.stephanlindauer.criticalmaps_104.apk,GENUINE_no
17727,4,MessageDigestSpec,de.stephanlindauer.criticalmaps.utils.AeSimpleSHA1,SHA1,de.stephanlindauer.criticalmaps_104.apk,GENUINE_no
17730,4,MessageDigestSpec,de.stephanlindauer.criticalmaps.utils.AeSimpleSHA1,SHA1,de.stephanlindauer.criticalmaps_104.apk,GENUINE_no
17733,4,MessageDigestSpec,de.stephanlindauer.criticalmaps.utils.AeSimpleSHA1,SHA1,de.stephanlindauer.criticalmaps_104.apk,GENUINE_no
17736,4,MessageDigestSpec,de.stephanlindauer.criticalmaps.utils.AeSimpleSHA1,SHA1,de.stephanlindauer.criticalmaps_104.apk,GENUINE_no
17739,4,MessageDigestSpec,de.stephanlindauer.criticalmaps.utils.AeSimpleSHA1,SHA1,de.stephanlindauer.criticalmaps_104.apk,GENUINE_no
17742,4,MessageDigestSpec,de.stephanlindauer.criticalmaps.utils.AeSimpleSHA1,SHA1,de.stephanlindauer.criticalmaps_104.apk,GENUINE_no
17745,4,MessageDigestSpec,de.stephanlindauer.criticalmaps.utils.AeSimpleSHA1,SHA1,de.stephanlindauer.criticalmaps_104.apk,GENUINE_no
17748,4,MessageDigestSpec,de.stephanlindauer.criticalmaps.utils.AeSimpleSHA1,SHA1,de.stephanlindauer.criticalmaps_104.apk,GENUINE_no
17751,4,MessageDigestSpec,de.stephanlindauer.criticalmaps.utils.AeSimpleSHA1,SHA1,de.stephanlindauer.criticalmaps_104.apk,GENUINE_no
17752,4,MessageDigestSpec,de.stephanlindauer.criticalmaps.utils.AeSimpleSHA1,SHA1,de.stephanlindauer.criticalmaps_104.apk,GENUINE_no
17755,4,MessageDigestSpec,de.stephanlindauer.criticalmaps.utils.AeSimpleSHA1,SHA1,de.stephanlindauer.criticalmaps_104.apk,GENUINE_no
17758,4,MessageDigestSpec,de.stephanlindauer.criticalmaps.utils.AeSimpleSHA1,SHA1,de.stephanlindauer.criticalmaps_104.apk,GENUINE_no
17761,4,MessageDigestSpec,de.stephanlindauer.criticalmaps.utils.AeSimpleSHA1,SHA1,de.stephanlindauer.criticalmaps_104.apk,GENUINE_no
17764,4,MessageDigestSpec,de.stephanlindauer.criticalmaps.utils.AeSimpleSHA1,SHA1,de.stephanlindauer.criticalmaps_104.apk,GENUINE_no
17767,4,MessageDigestSpec,de.stephanlindauer.criticalmaps.utils.AeSimpleSHA1,SHA1,de.stephanlindauer.criticalmaps_104.apk,GENUINE_no
17770,4,MessageDigestSpec,de.stephanlindauer.criticalmaps.utils.AeSimpleSHA1,SHA1,de.stephanlindauer.criticalmaps_104.apk,GENUINE_no
17773,4,MessageDigestSpec,de.stephanlindauer.criticalmaps.utils.AeSimpleSHA1,SHA1,de.stephanlindauer.criticalmaps_104.apk,GENUINE_no
17776,4,MessageDigestSpec,de.stephanlindauer.criticalmaps.utils.AeSimpleSHA1,SHA1,de.stephanlindauer.criticalmaps_104.apk,GENUINE_no
17779,4,MessageDigestSpec,de.stephanlindauer.criticalmaps.utils.AeSimpleSHA1,SHA1,de.stephanlindauer.criticalmaps_104.apk,GENUINE_no
17782,4,MessageDigestSpec,de.stephanlindauer.criticalmaps.utils.AeSimpleSHA1,SHA1,de.stephanlindauer.criticalmaps_104.apk,GENUINE_no
17785,4,MessageDigestSpec,de.stephanlindauer.criticalmaps.utils.AeSimpleSHA1,SHA1,de.stephanlindauer.criticalmaps_104.apk,GENUINE_no
17788,4,MessageDigestSpec,de.stephanlindauer.criticalmaps.utils.AeSimpleSHA1,SHA1,de.stephanlindauer.criticalmaps_104.apk,GENUINE_no
17791,4,MessageDigestSpec,de.stephanlindauer.criticalmaps.utils.AeSimpleSHA1,SHA1,de.stephanlindauer.criticalmaps_104.apk,GENUINE_no
17794,4,MessageDigestSpec,de.stephanlindauer.criticalmaps.utils.AeSimpleSHA1,SHA1,de.stephanlindauer.criticalmaps_104.apk,GENUINE_no
17797,4,MessageDigestSpec,de.stephanlindauer.criticalmaps.utils.AeSimpleSHA1,SHA1,de.stephanlindauer.criticalmaps_104.apk,GENUINE_no
17800,4,MessageDigestSpec,de.stephanlindauer.criticalmaps.utils.AeSimpleSHA1,SHA1,de.stephanlindauer.criticalmaps_104.apk,GENUINE_no
17803,4,MessageDigestSpec,de.stephanlindauer.criticalmaps.utils.AeSimpleSHA1,SHA1,de.stephanlindauer.criticalmaps_104.apk,GENUINE_no
17806,4,MessageDigestSpec,de.stephanlindauer.criticalmaps.utils.AeSimpleSHA1,SHA1,de.stephanlindauer.criticalmaps_104.apk,GENUINE_no
17809,4,MessageDigestSpec,de.stephanlindauer.criticalmaps.utils.AeSimpleSHA1,SHA1,de.stephanlindauer.criticalmaps_104.apk,GENUINE_no
17812,4,MessageDigestSpec,de.stephanlindauer.criticalmaps.utils.AeSimpleSHA1,SHA1,de.stephanlindauer.criticalmaps_104.apk,GENUINE_no
17815,4,MessageDigestSpec,de.stephanlindauer.criticalmaps.utils.AeSimpleSHA1,SHA1,de.stephanlindauer.criticalmaps_104.apk,GENUINE_no
17818,4,MessageDigestSpec,de.stephanlindauer.criticalmaps.utils.AeSimpleSHA1,SHA1,de.stephanlindauer.criticalmaps_104.apk,GENUINE_no
17821,4,MessageDigestSpec,de.stephanlindauer.criticalmaps.utils.AeSimpleSHA1,SHA1,de.stephanlindauer.criticalmaps_104.apk,GENUINE_no
17824,4,MessageDigestSpec,de.stephanlindauer.criticalmaps.utils.AeSimpleSHA1,SHA1,de.stephanlindauer.criticalmaps_104.apk,GENUINE_no
17827,4,MessageDigestSpec,de.stephanlindauer.criticalmaps.utils.AeSimpleSHA1,SHA1,de.stephanlindauer.criticalmaps_104.apk,GENUINE_no
17830,4,MessageDigestSpec,de.stephanlindauer.criticalmaps.utils.AeSimpleSHA1,SHA1,de.stephanlindauer.criticalmaps_104.apk,GENUINE_no
17833,4,MessageDigestSpec,de.stephanlindauer.criticalmaps.utils.AeSimpleSHA1,SHA1,de.stephanlindauer.criticalmaps_104.apk,GENUINE_no
17836,4,MessageDigestSpec,de.stephanlindauer.criticalmaps.utils.AeSimpleSHA1,SHA1,de.stephanlindauer.criticalmaps_104.apk,GENUINE_no
17839,4,MessageDigestSpec,de.stephanlindauer.criticalmaps.utils.AeSimpleSHA1,SHA1,de.stephanlindauer.criticalmaps_104.apk,GENUINE_no
17842,4,MessageDigestSpec,de.stephanlindauer.criticalmaps.utils.AeSimpleSHA1,SHA1,de.stephanlindauer.criticalmaps_104.apk,GENUINE_no
17845,4,MessageDigestSpec,de.stephanlindauer.criticalmaps.utils.AeSimpleSHA1,SHA1,de.stephanlindauer.criticalmaps_104.apk,GENUINE_no
17848,4,MessageDigestSpec,de.stephanlindauer.criticalmaps.utils.AeSimpleSHA1,SHA1,de.stephanlindauer.criticalmaps_104.apk,GENUINE_no
17851,4,MessageDigestSpec,de.stephanlindauer.criticalmaps.utils.AeSimpleSHA1,SHA1,de.stephanlindauer.criticalmaps_104.apk,GENUINE_no
17854,4,MessageDigestSpec,de.stephanlindauer.criticalmaps.utils.AeSimpleSHA1,SHA1,de.stephanlindauer.criticalmaps_104.apk,GENUINE_no
17857,4,MessageDigestSpec,de.stephanlindauer.criticalmaps.utils.AeSimpleSHA1,SHA1,de.stephanlindauer.criticalmaps_104.apk,GENUINE_no
17860,4,MessageDigestSpec,de.stephanlindauer.criticalmaps.utils.AeSimpleSHA1,SHA1,de.stephanlindauer.criticalmaps_104.apk,GENUINE_no
17863,4,MessageDigestSpec,de.stephanlindauer.criticalmaps.utils.AeSimpleSHA1,SHA1,de.stephanlindauer.criticalmaps_104.apk,GENUINE_no
17866,4,MessageDigestSpec,de.stephanlindauer.criticalmaps.utils.AeSimpleSHA1,SHA1,de.stephanlindauer.criticalmaps_104.apk,GENUINE_no
17869,4,MessageDigestSpec,de.stephanlindauer.criticalmaps.utils.AeSimpleSHA1,SHA1,de.stephanlindauer.criticalmaps_104.apk,GENUINE_no
17872,4,MessageDigestSpec,de.stephanlindauer.criticalmaps.utils.AeSimpleSHA1,SHA1,de.stephanlindauer.criticalmaps_104.apk,GENUINE_no
17875,4,MessageDigestSpec,de.stephanlindauer.criticalmaps.utils.AeSimpleSHA1,SHA1,de.stephanlindauer.criticalmaps_104.apk,GENUINE_no
17878,4,MessageDigestSpec,de.stephanlindauer.criticalmaps.utils.AeSimpleSHA1,SHA1,de.stephanlindauer.criticalmaps_104.apk,GENUINE_no
17881,4,MessageDigestSpec,de.stephanlindauer.criticalmaps.utils.AeSimpleSHA1,SHA1,de.stephanlindauer.criticalmaps_104.apk,GENUINE_no
17884,4,MessageDigestSpec,de.stephanlindauer.criticalmaps.utils.AeSimpleSHA1,SHA1,de.stephanlindauer.criticalmaps_104.apk,GENUINE_no
17887,4,MessageDigestSpec,de.stephanlindauer.criticalmaps.utils.AeSimpleSHA1,SHA1,de.stephanlindauer.criticalmaps_104.apk,GENUINE_no
17890,4,MessageDigestSpec,de.stephanlindauer.criticalmaps.utils.AeSimpleSHA1,SHA1,de.stephanlindauer.criticalmaps_104.apk,GENUINE_no
17893,4,MessageDigestSpec,de.stephanlindauer.criticalmaps.utils.AeSimpleSHA1,SHA1,de.stephanlindauer.criticalmaps_104.apk,GENUINE_no
17896,4,MessageDigestSpec,de.stephanlindauer.criticalmaps.utils.AeSimpleSHA1,SHA1,de.stephanlindauer.criticalmaps_104.apk,GENUINE_no
17907,4,CipherSpec,com.google.crypto.tink.subtle.PrfAesCmac,compute,dev.dettmer.simplenotes_41.apk,GENUINE_no
17908,4,CipherSpec,com.google.crypto.tink.subtle.PrfAesCmac,generateSubKeys,dev.dettmer.simplenotes_41.apk,GENUINE_no
17917,4,CipherSpec,com.google.crypto.tink.subtle.PrfAesCmac,compute,dev.dettmer.simplenotes_41.apk,GENUINE_no
17918,4,CipherSpec,com.google.crypto.tink.subtle.PrfAesCmac,generateSubKeys,dev.dettmer.simplenotes_41.apk,GENUINE_no
17920,3,CipherSpec,com.google.crypto.tink.aead.internal.InsecureNonceAesGcmJce,encrypt,dev.dettmer.simplenotes_41.apk,LEGAL_REUSE_REJECTED
17928,4,CipherSpec,com.google.crypto.tink.subtle.PrfAesCmac,compute,dev.dettmer.simplenotes_41.apk,GENUINE_no
17929,4,CipherSpec,com.google.crypto.tink.subtle.PrfAesCmac,generateSubKeys,dev.dettmer.simplenotes_41.apk,GENUINE_no
17938,4,CipherSpec,com.google.crypto.tink.subtle.PrfAesCmac,compute,dev.dettmer.simplenotes_41.apk,GENUINE_no
17939,4,CipherSpec,com.google.crypto.tink.subtle.PrfAesCmac,generateSubKeys,dev.dettmer.simplenotes_41.apk,GENUINE_no
17941,3,CipherSpec,com.google.crypto.tink.aead.internal.InsecureNonceAesGcmJce,decrypt,dev.dettmer.simplenotes_41.apk,LEGAL_REUSE_REJECTED
17943,3,CipherSpec,com.google.crypto.tink.aead.internal.InsecureNonceAesGcmJce,encrypt,dev.dettmer.simplenotes_41.apk,LEGAL_REUSE_REJECTED
17952,4,CipherSpec,com.google.crypto.tink.subtle.PrfAesCmac,compute,dev.dettmer.simplenotes_41.apk,GENUINE_no
17953,4,CipherSpec,com.google.crypto.tink.subtle.PrfAesCmac,generateSubKeys,dev.dettmer.simplenotes_41.apk,GENUINE_no
17964,4,CipherSpec,com.google.crypto.tink.subtle.PrfAesCmac,compute,dev.dettmer.simplenotes_41.apk,GENUINE_no
17965,4,CipherSpec,com.google.crypto.tink.subtle.PrfAesCmac,generateSubKeys,dev.dettmer.simplenotes_41.apk,GENUINE_no
17974,4,CipherSpec,com.google.crypto.tink.subtle.PrfAesCmac,compute,dev.dettmer.simplenotes_41.apk,GENUINE_no
17975,4,CipherSpec,com.google.crypto.tink.subtle.PrfAesCmac,generateSubKeys,dev.dettmer.simplenotes_41.apk,GENUINE_no
17984,4,CipherSpec,com.google.crypto.tink.subtle.PrfAesCmac,compute,dev.dettmer.simplenotes_41.apk,GENUINE_no
17985,4,CipherSpec,com.google.crypto.tink.subtle.PrfAesCmac,generateSubKeys,dev.dettmer.simplenotes_41.apk,GENUINE_no
17994,4,CipherSpec,com.google.crypto.tink.subtle.PrfAesCmac,compute,dev.dettmer.simplenotes_41.apk,GENUINE_no
17995,4,CipherSpec,com.google.crypto.tink.subtle.PrfAesCmac,generateSubKeys,dev.dettmer.simplenotes_41.apk,GENUINE_no
18004,4,CipherSpec,com.google.crypto.tink.subtle.PrfAesCmac,compute,dev.dettmer.simplenotes_41.apk,GENUINE_no
18005,4,CipherSpec,com.google.crypto.tink.subtle.PrfAesCmac,generateSubKeys,dev.dettmer.simplenotes_41.apk,GENUINE_no
18014,4,CipherSpec,com.google.crypto.tink.subtle.PrfAesCmac,compute,dev.dettmer.simplenotes_41.apk,GENUINE_no
18015,4,CipherSpec,com.google.crypto.tink.subtle.PrfAesCmac,generateSubKeys,dev.dettmer.simplenotes_41.apk,GENUINE_no
18024,4,CipherSpec,com.google.crypto.tink.subtle.PrfAesCmac,compute,dev.dettmer.simplenotes_41.apk,GENUINE_no
18025,4,CipherSpec,com.google.crypto.tink.subtle.PrfAesCmac,generateSubKeys,dev.dettmer.simplenotes_41.apk,GENUINE_no
18027,3,CipherSpec,com.google.crypto.tink.aead.internal.InsecureNonceAesGcmJce,decrypt,dev.dettmer.simplenotes_41.apk,LEGAL_REUSE_REJECTED
18029,3,CipherSpec,com.google.crypto.tink.aead.internal.InsecureNonceAesGcmJce,encrypt,dev.dettmer.simplenotes_41.apk,LEGAL_REUSE_REJECTED
18038,4,CipherSpec,com.google.crypto.tink.subtle.PrfAesCmac,compute,dev.dettmer.simplenotes_41.apk,GENUINE_no
18039,4,CipherSpec,com.google.crypto.tink.subtle.PrfAesCmac,generateSubKeys,dev.dettmer.simplenotes_41.apk,GENUINE_no
18050,4,CipherSpec,com.google.crypto.tink.subtle.PrfAesCmac,compute,dev.dettmer.simplenotes_41.apk,GENUINE_no
18051,4,CipherSpec,com.google.crypto.tink.subtle.PrfAesCmac,generateSubKeys,dev.dettmer.simplenotes_41.apk,GENUINE_no
18053,3,CipherSpec,com.google.crypto.tink.aead.internal.InsecureNonceAesGcmJce,decrypt,dev.dettmer.simplenotes_41.apk,LEGAL_REUSE_REJECTED
18055,3,CipherSpec,com.google.crypto.tink.aead.internal.InsecureNonceAesGcmJce,encrypt,dev.dettmer.simplenotes_41.apk,LEGAL_REUSE_REJECTED
18064,4,CipherSpec,com.google.crypto.tink.subtle.PrfAesCmac,compute,dev.dettmer.simplenotes_41.apk,GENUINE_no
18065,4,CipherSpec,com.google.crypto.tink.subtle.PrfAesCmac,generateSubKeys,dev.dettmer.simplenotes_41.apk,GENUINE_no
18069,3,CipherSpec,com.google.crypto.tink.aead.internal.InsecureNonceAesGcmJce,decrypt,dev.dettmer.simplenotes_41.apk,LEGAL_REUSE_REJECTED
18071,3,CipherSpec,com.google.crypto.tink.aead.internal.InsecureNonceAesGcmJce,encrypt,dev.dettmer.simplenotes_41.apk,LEGAL_REUSE_REJECTED
18080,4,CipherSpec,com.google.crypto.tink.subtle.PrfAesCmac,compute,dev.dettmer.simplenotes_41.apk,GENUINE_no
18081,4,CipherSpec,com.google.crypto.tink.subtle.PrfAesCmac,generateSubKeys,dev.dettmer.simplenotes_41.apk,GENUINE_no
18092,4,CipherSpec,com.google.crypto.tink.subtle.PrfAesCmac,compute,dev.dettmer.simplenotes_41.apk,GENUINE_no
18093,4,CipherSpec,com.google.crypto.tink.subtle.PrfAesCmac,generateSubKeys,dev.dettmer.simplenotes_41.apk,GENUINE_no
18095,3,CipherSpec,com.google.crypto.tink.aead.internal.InsecureNonceAesGcmJce,encrypt,dev.dettmer.simplenotes_41.apk,LEGAL_REUSE_REJECTED
18103,4,CipherSpec,com.google.crypto.tink.subtle.PrfAesCmac,compute,dev.dettmer.simplenotes_41.apk,GENUINE_no
18104,4,CipherSpec,com.google.crypto.tink.subtle.PrfAesCmac,generateSubKeys,dev.dettmer.simplenotes_41.apk,GENUINE_no
18106,3,CipherSpec,com.google.crypto.tink.aead.internal.InsecureNonceAesGcmJce,decrypt,dev.dettmer.simplenotes_41.apk,LEGAL_REUSE_REJECTED
18108,3,CipherSpec,com.google.crypto.tink.aead.internal.InsecureNonceAesGcmJce,encrypt,dev.dettmer.simplenotes_41.apk,LEGAL_REUSE_REJECTED
18117,4,CipherSpec,com.google.crypto.tink.subtle.PrfAesCmac,compute,dev.dettmer.simplenotes_41.apk,GENUINE_no
18118,4,CipherSpec,com.google.crypto.tink.subtle.PrfAesCmac,generateSubKeys,dev.dettmer.simplenotes_41.apk,GENUINE_no
18129,4,CipherSpec,com.google.crypto.tink.subtle.PrfAesCmac,compute,dev.dettmer.simplenotes_41.apk,GENUINE_no
18130,4,CipherSpec,com.google.crypto.tink.subtle.PrfAesCmac,generateSubKeys,dev.dettmer.simplenotes_41.apk,GENUINE_no
18139,4,CipherSpec,com.google.crypto.tink.subtle.PrfAesCmac,compute,dev.dettmer.simplenotes_41.apk,GENUINE_no
18140,4,CipherSpec,com.google.crypto.tink.subtle.PrfAesCmac,generateSubKeys,dev.dettmer.simplenotes_41.apk,GENUINE_no
18142,3,CipherSpec,com.google.crypto.tink.aead.internal.InsecureNonceAesGcmJce,decrypt,dev.dettmer.simplenotes_41.apk,LEGAL_REUSE_REJECTED
18144,3,CipherSpec,com.google.crypto.tink.aead.internal.InsecureNonceAesGcmJce,encrypt,dev.dettmer.simplenotes_41.apk,LEGAL_REUSE_REJECTED
18153,4,CipherSpec,com.google.crypto.tink.subtle.PrfAesCmac,compute,dev.dettmer.simplenotes_41.apk,GENUINE_no
18154,4,CipherSpec,com.google.crypto.tink.subtle.PrfAesCmac,generateSubKeys,dev.dettmer.simplenotes_41.apk,GENUINE_no
18165,4,CipherSpec,com.google.crypto.tink.subtle.PrfAesCmac,compute,dev.dettmer.simplenotes_41.apk,GENUINE_no
18166,4,CipherSpec,com.google.crypto.tink.subtle.PrfAesCmac,generateSubKeys,dev.dettmer.simplenotes_41.apk,GENUINE_no
18175,4,CipherSpec,com.google.crypto.tink.subtle.PrfAesCmac,compute,dev.dettmer.simplenotes_41.apk,GENUINE_no
18176,4,CipherSpec,com.google.crypto.tink.subtle.PrfAesCmac,generateSubKeys,dev.dettmer.simplenotes_41.apk,GENUINE_no
18185,4,CipherSpec,com.google.crypto.tink.subtle.PrfAesCmac,compute,dev.dettmer.simplenotes_41.apk,GENUINE_no
18186,4,CipherSpec,com.google.crypto.tink.subtle.PrfAesCmac,generateSubKeys,dev.dettmer.simplenotes_41.apk,GENUINE_no
18195,4,CipherSpec,com.google.crypto.tink.subtle.PrfAesCmac,compute,dev.dettmer.simplenotes_41.apk,GENUINE_no
18196,4,CipherSpec,com.google.crypto.tink.subtle.PrfAesCmac,generateSubKeys,dev.dettmer.simplenotes_41.apk,GENUINE_no
18205,4,CipherSpec,com.google.crypto.tink.subtle.PrfAesCmac,compute,dev.dettmer.simplenotes_41.apk,GENUINE_no
18206,4,CipherSpec,com.google.crypto.tink.subtle.PrfAesCmac,generateSubKeys,dev.dettmer.simplenotes_41.apk,GENUINE_no
18215,4,CipherSpec,com.google.crypto.tink.subtle.PrfAesCmac,compute,dev.dettmer.simplenotes_41.apk,GENUINE_no
18216,4,CipherSpec,com.google.crypto.tink.subtle.PrfAesCmac,generateSubKeys,dev.dettmer.simplenotes_41.apk,GENUINE_no
18225,4,CipherSpec,com.google.crypto.tink.subtle.PrfAesCmac,compute,dev.dettmer.simplenotes_41.apk,GENUINE_no
18226,4,CipherSpec,com.google.crypto.tink.subtle.PrfAesCmac,generateSubKeys,dev.dettmer.simplenotes_41.apk,GENUINE_no
18235,4,CipherSpec,com.google.crypto.tink.subtle.PrfAesCmac,compute,dev.dettmer.simplenotes_41.apk,GENUINE_no
18236,4,CipherSpec,com.google.crypto.tink.subtle.PrfAesCmac,generateSubKeys,dev.dettmer.simplenotes_41.apk,GENUINE_no
18245,4,CipherSpec,com.google.crypto.tink.subtle.PrfAesCmac,compute,dev.dettmer.simplenotes_41.apk,GENUINE_no
18246,4,CipherSpec,com.google.crypto.tink.subtle.PrfAesCmac,generateSubKeys,dev.dettmer.simplenotes_41.apk,GENUINE_no
18255,4,CipherSpec,com.google.crypto.tink.subtle.PrfAesCmac,compute,dev.dettmer.simplenotes_41.apk,GENUINE_no
18256,4,CipherSpec,com.google.crypto.tink.subtle.PrfAesCmac,generateSubKeys,dev.dettmer.simplenotes_41.apk,GENUINE_no
18265,4,CipherSpec,com.google.crypto.tink.subtle.PrfAesCmac,compute,dev.dettmer.simplenotes_41.apk,GENUINE_no
18266,4,CipherSpec,com.google.crypto.tink.subtle.PrfAesCmac,generateSubKeys,dev.dettmer.simplenotes_41.apk,GENUINE_no
18275,4,CipherSpec,com.google.crypto.tink.subtle.PrfAesCmac,compute,dev.dettmer.simplenotes_41.apk,GENUINE_no
18276,4,CipherSpec,com.google.crypto.tink.subtle.PrfAesCmac,generateSubKeys,dev.dettmer.simplenotes_41.apk,GENUINE_no
18278,3,CipherSpec,com.google.crypto.tink.aead.internal.InsecureNonceAesGcmJce,decrypt,dev.dettmer.simplenotes_41.apk,LEGAL_REUSE_REJECTED
18280,3,CipherSpec,com.google.crypto.tink.aead.internal.InsecureNonceAesGcmJce,encrypt,dev.dettmer.simplenotes_41.apk,LEGAL_REUSE_REJECTED
18289,4,CipherSpec,com.google.crypto.tink.subtle.PrfAesCmac,compute,dev.dettmer.simplenotes_41.apk,GENUINE_no
18290,4,CipherSpec,com.google.crypto.tink.subtle.PrfAesCmac,generateSubKeys,dev.dettmer.simplenotes_41.apk,GENUINE_no
19033,4,MessageDigestSpec,okio.ByteString,digest$okio,eu.darken.sdmse_10705000.apk,GENUINE_no
19038,4,MessageDigestSpec,okio.ByteString,digest$okio,eu.darken.sdmse_10705000.apk,GENUINE_no
19047,4,MessageDigestSpec,okio.ByteString,digest$okio,eu.darken.sdmse_10705000.apk,GENUINE_no
19054,4,MessageDigestSpec,okio.ByteString,digest$okio,eu.darken.sdmse_10705000.apk,GENUINE_no
19061,4,MessageDigestSpec,okio.ByteString,digest$okio,eu.darken.sdmse_10705000.apk,GENUINE_no
19068,4,MessageDigestSpec,okio.ByteString,digest$okio,eu.darken.sdmse_10705000.apk,GENUINE_no
19075,4,MessageDigestSpec,okio.ByteString,digest$okio,eu.darken.sdmse_10705000.apk,GENUINE_no
19082,4,MessageDigestSpec,okio.ByteString,digest$okio,eu.darken.sdmse_10705000.apk,GENUINE_no
19089,4,MessageDigestSpec,okio.ByteString,digest$okio,eu.darken.sdmse_10705000.apk,GENUINE_no
19164,4,MessageDigestSpec,okio.ByteString,digest$okio,eu.darken.sdmse_10705000.apk,GENUINE_no
19167,4,MessageDigestSpec,okio.ByteString,digest$okio,eu.darken.sdmse_10705000.apk,GENUINE_no
19172,4,MessageDigestSpec,okio.ByteString,digest$okio,eu.darken.sdmse_10705000.apk,GENUINE_no
19175,4,MessageDigestSpec,okio.ByteString,digest$okio,eu.darken.sdmse_10705000.apk,GENUINE_no
19180,4,MessageDigestSpec,okio.ByteString,digest$okio,eu.darken.sdmse_10705000.apk,GENUINE_no
19183,4,MessageDigestSpec,okio.ByteString,digest$okio,eu.darken.sdmse_10705000.apk,GENUINE_no
19186,4,MessageDigestSpec,okio.ByteString,digest$okio,eu.darken.sdmse_10705000.apk,GENUINE_no
19189,4,MessageDigestSpec,okio.ByteString,digest$okio,eu.darken.sdmse_10705000.apk,GENUINE_no
19192,4,MessageDigestSpec,okio.ByteString,digest$okio,eu.darken.sdmse_10705000.apk,GENUINE_no
19199,4,MessageDigestSpec,okio.ByteString,digest$okio,eu.darken.sdmse_10705000.apk,GENUINE_no
19204,4,MessageDigestSpec,okio.ByteString,digest$okio,eu.darken.sdmse_10705000.apk,GENUINE_no
19211,4,MessageDigestSpec,okio.ByteString,digest$okio,eu.darken.sdmse_10705000.apk,GENUINE_no
19214,4,MessageDigestSpec,okio.ByteString,digest$okio,eu.darken.sdmse_10705000.apk,GENUINE_no
19219,4,MessageDigestSpec,okio.ByteString,digest$okio,eu.darken.sdmse_10705000.apk,GENUINE_no
19222,4,MessageDigestSpec,okio.ByteString,digest$okio,eu.darken.sdmse_10705000.apk,GENUINE_no
19227,4,MessageDigestSpec,okio.ByteString,digest$okio,eu.darken.sdmse_10705000.apk,GENUINE_no
19230,4,MessageDigestSpec,okio.ByteString,digest$okio,eu.darken.sdmse_10705000.apk,GENUINE_no
19231,4,RSAKeyGenParameterSpecSpec,org.bouncycastle.jcajce.provider.asymmetric.compositesignatures.CompositeIndex,<clinit>,eu.faircode.email_2322.apk,GENUINE_no
19233,4,MessageDigestSpec,eu.faircode.email.Helper,getFingerprint,eu.faircode.email_2322.apk,GENUINE_no
19234,4,RSAKeyGenParameterSpecSpec,org.bouncycastle.jcajce.provider.asymmetric.compositesignatures.CompositeIndex,<clinit>,eu.faircode.email_2322.apk,GENUINE_no
19236,4,MessageDigestSpec,eu.faircode.email.Helper,getFingerprint,eu.faircode.email_2322.apk,GENUINE_no
19237,4,RSAKeyGenParameterSpecSpec,org.bouncycastle.jcajce.provider.asymmetric.compositesignatures.CompositeIndex,<clinit>,eu.faircode.email_2322.apk,GENUINE_no
19239,4,RSAKeyGenParameterSpecSpec,org.bouncycastle.jcajce.provider.asymmetric.compositesignatures.CompositeIndex,<clinit>,eu.faircode.email_2322.apk,GENUINE_no
19241,4,MessageDigestSpec,eu.faircode.email.Helper,getFingerprint,eu.faircode.email_2322.apk,GENUINE_no
19242,4,RSAKeyGenParameterSpecSpec,org.bouncycastle.jcajce.provider.asymmetric.compositesignatures.CompositeIndex,<clinit>,eu.faircode.email_2322.apk,GENUINE_no
19244,4,MessageDigestSpec,eu.faircode.email.Helper,getFingerprint,eu.faircode.email_2322.apk,GENUINE_no
19245,4,RSAKeyGenParameterSpecSpec,org.bouncycastle.jcajce.provider.asymmetric.compositesignatures.CompositeIndex,<clinit>,eu.faircode.email_2322.apk,GENUINE_no
19247,4,RSAKeyGenParameterSpecSpec,org.bouncycastle.jcajce.provider.asymmetric.compositesignatures.CompositeIndex,<clinit>,eu.faircode.email_2322.apk,GENUINE_no
19249,4,MessageDigestSpec,eu.faircode.email.Helper,getFingerprint,eu.faircode.email_2322.apk,GENUINE_no
19250,4,RSAKeyGenParameterSpecSpec,org.bouncycastle.jcajce.provider.asymmetric.compositesignatures.CompositeIndex,<clinit>,eu.faircode.email_2322.apk,GENUINE_no
19252,4,MessageDigestSpec,eu.faircode.email.Helper,getFingerprint,eu.faircode.email_2322.apk,GENUINE_no
19253,4,RSAKeyGenParameterSpecSpec,org.bouncycastle.jcajce.provider.asymmetric.compositesignatures.CompositeIndex,<clinit>,eu.faircode.email_2322.apk,GENUINE_no
19255,4,RSAKeyGenParameterSpecSpec,org.bouncycastle.jcajce.provider.asymmetric.compositesignatures.CompositeIndex,<clinit>,eu.faircode.email_2322.apk,GENUINE_no
19257,4,MessageDigestSpec,eu.faircode.email.Helper,getFingerprint,eu.faircode.email_2322.apk,GENUINE_no
19258,4,RSAKeyGenParameterSpecSpec,org.bouncycastle.jcajce.provider.asymmetric.compositesignatures.CompositeIndex,<clinit>,eu.faircode.email_2322.apk,GENUINE_no
19260,4,RSAKeyGenParameterSpecSpec,org.bouncycastle.jcajce.provider.asymmetric.compositesignatures.CompositeIndex,<clinit>,eu.faircode.email_2322.apk,GENUINE_no
19262,4,RSAKeyGenParameterSpecSpec,org.bouncycastle.jcajce.provider.asymmetric.compositesignatures.CompositeIndex,<clinit>,eu.faircode.email_2322.apk,GENUINE_no
19264,4,MessageDigestSpec,eu.faircode.email.Helper,getFingerprint,eu.faircode.email_2322.apk,GENUINE_no
19265,4,RSAKeyGenParameterSpecSpec,org.bouncycastle.jcajce.provider.asymmetric.compositesignatures.CompositeIndex,<clinit>,eu.faircode.email_2322.apk,GENUINE_no
19267,4,RSAKeyGenParameterSpecSpec,org.bouncycastle.jcajce.provider.asymmetric.compositesignatures.CompositeIndex,<clinit>,eu.faircode.email_2322.apk,GENUINE_no
19269,4,RSAKeyGenParameterSpecSpec,org.bouncycastle.jcajce.provider.asymmetric.compositesignatures.CompositeIndex,<clinit>,eu.faircode.email_2322.apk,GENUINE_no
19271,4,RSAKeyGenParameterSpecSpec,org.bouncycastle.jcajce.provider.asymmetric.compositesignatures.CompositeIndex,<clinit>,eu.faircode.email_2322.apk,GENUINE_no
19273,4,MessageDigestSpec,eu.faircode.email.Helper,getFingerprint,eu.faircode.email_2322.apk,GENUINE_no
19274,4,RSAKeyGenParameterSpecSpec,org.bouncycastle.jcajce.provider.asymmetric.compositesignatures.CompositeIndex,<clinit>,eu.faircode.email_2322.apk,GENUINE_no
19276,4,RSAKeyGenParameterSpecSpec,org.bouncycastle.jcajce.provider.asymmetric.compositesignatures.CompositeIndex,<clinit>,eu.faircode.email_2322.apk,GENUINE_no
19278,4,RSAKeyGenParameterSpecSpec,org.bouncycastle.jcajce.provider.asymmetric.compositesignatures.CompositeIndex,<clinit>,eu.faircode.email_2322.apk,GENUINE_no
19280,4,MessageDigestSpec,eu.faircode.email.Helper,getFingerprint,eu.faircode.email_2322.apk,GENUINE_no
19281,4,RSAKeyGenParameterSpecSpec,org.bouncycastle.jcajce.provider.asymmetric.compositesignatures.CompositeIndex,<clinit>,eu.faircode.email_2322.apk,GENUINE_no
19283,4,RSAKeyGenParameterSpecSpec,org.bouncycastle.jcajce.provider.asymmetric.compositesignatures.CompositeIndex,<clinit>,eu.faircode.email_2322.apk,GENUINE_no
19285,4,RSAKeyGenParameterSpecSpec,org.bouncycastle.jcajce.provider.asymmetric.compositesignatures.CompositeIndex,<clinit>,eu.faircode.email_2322.apk,GENUINE_no
19287,4,MessageDigestSpec,eu.faircode.email.Helper,getFingerprint,eu.faircode.email_2322.apk,GENUINE_no
19288,4,RSAKeyGenParameterSpecSpec,org.bouncycastle.jcajce.provider.asymmetric.compositesignatures.CompositeIndex,<clinit>,eu.faircode.email_2322.apk,GENUINE_no
19290,4,RSAKeyGenParameterSpecSpec,org.bouncycastle.jcajce.provider.asymmetric.compositesignatures.CompositeIndex,<clinit>,eu.faircode.email_2322.apk,GENUINE_no
19292,4,RSAKeyGenParameterSpecSpec,org.bouncycastle.jcajce.provider.asymmetric.compositesignatures.CompositeIndex,<clinit>,eu.faircode.email_2322.apk,GENUINE_no
19294,4,MessageDigestSpec,eu.faircode.email.Helper,getFingerprint,eu.faircode.email_2322.apk,GENUINE_no
19295,4,RSAKeyGenParameterSpecSpec,org.bouncycastle.jcajce.provider.asymmetric.compositesignatures.CompositeIndex,<clinit>,eu.faircode.email_2322.apk,GENUINE_no
19297,4,RSAKeyGenParameterSpecSpec,org.bouncycastle.jcajce.provider.asymmetric.compositesignatures.CompositeIndex,<clinit>,eu.faircode.email_2322.apk,GENUINE_no
19299,4,RSAKeyGenParameterSpecSpec,org.bouncycastle.jcajce.provider.asymmetric.compositesignatures.CompositeIndex,<clinit>,eu.faircode.email_2322.apk,GENUINE_no
19301,4,MessageDigestSpec,eu.faircode.email.Helper,getFingerprint,eu.faircode.email_2322.apk,GENUINE_no
19302,4,RSAKeyGenParameterSpecSpec,org.bouncycastle.jcajce.provider.asymmetric.compositesignatures.CompositeIndex,<clinit>,eu.faircode.email_2322.apk,GENUINE_no
19304,4,RSAKeyGenParameterSpecSpec,org.bouncycastle.jcajce.provider.asymmetric.compositesignatures.CompositeIndex,<clinit>,eu.faircode.email_2322.apk,GENUINE_no
19306,4,RSAKeyGenParameterSpecSpec,org.bouncycastle.jcajce.provider.asymmetric.compositesignatures.CompositeIndex,<clinit>,eu.faircode.email_2322.apk,GENUINE_no
19308,4,MessageDigestSpec,eu.faircode.email.Helper,getFingerprint,eu.faircode.email_2322.apk,GENUINE_no
19309,4,RSAKeyGenParameterSpecSpec,org.bouncycastle.jcajce.provider.asymmetric.compositesignatures.CompositeIndex,<clinit>,eu.faircode.email_2322.apk,GENUINE_no
19311,4,RSAKeyGenParameterSpecSpec,org.bouncycastle.jcajce.provider.asymmetric.compositesignatures.CompositeIndex,<clinit>,eu.faircode.email_2322.apk,GENUINE_no
19313,4,RSAKeyGenParameterSpecSpec,org.bouncycastle.jcajce.provider.asymmetric.compositesignatures.CompositeIndex,<clinit>,eu.faircode.email_2322.apk,GENUINE_no
19315,4,MessageDigestSpec,eu.faircode.email.Helper,getFingerprint,eu.faircode.email_2322.apk,GENUINE_no
19316,4,RSAKeyGenParameterSpecSpec,org.bouncycastle.jcajce.provider.asymmetric.compositesignatures.CompositeIndex,<clinit>,eu.faircode.email_2322.apk,GENUINE_no
19318,4,RSAKeyGenParameterSpecSpec,org.bouncycastle.jcajce.provider.asymmetric.compositesignatures.CompositeIndex,<clinit>,eu.faircode.email_2322.apk,GENUINE_no
19320,4,RSAKeyGenParameterSpecSpec,org.bouncycastle.jcajce.provider.asymmetric.compositesignatures.CompositeIndex,<clinit>,eu.faircode.email_2322.apk,GENUINE_no
19322,4,MessageDigestSpec,eu.faircode.email.Helper,getFingerprint,eu.faircode.email_2322.apk,GENUINE_no
19323,4,RSAKeyGenParameterSpecSpec,org.bouncycastle.jcajce.provider.asymmetric.compositesignatures.CompositeIndex,<clinit>,eu.faircode.email_2322.apk,GENUINE_no
19325,4,RSAKeyGenParameterSpecSpec,org.bouncycastle.jcajce.provider.asymmetric.compositesignatures.CompositeIndex,<clinit>,eu.faircode.email_2322.apk,GENUINE_no
19327,4,RSAKeyGenParameterSpecSpec,org.bouncycastle.jcajce.provider.asymmetric.compositesignatures.CompositeIndex,<clinit>,eu.faircode.email_2322.apk,GENUINE_no
19329,4,MessageDigestSpec,eu.faircode.email.Helper,getFingerprint,eu.faircode.email_2322.apk,GENUINE_no
19330,4,RSAKeyGenParameterSpecSpec,org.bouncycastle.jcajce.provider.asymmetric.compositesignatures.CompositeIndex,<clinit>,eu.faircode.email_2322.apk,GENUINE_no
19332,4,RSAKeyGenParameterSpecSpec,org.bouncycastle.jcajce.provider.asymmetric.compositesignatures.CompositeIndex,<clinit>,eu.faircode.email_2322.apk,GENUINE_no
19334,4,RSAKeyGenParameterSpecSpec,org.bouncycastle.jcajce.provider.asymmetric.compositesignatures.CompositeIndex,<clinit>,eu.faircode.email_2322.apk,GENUINE_no
19336,4,MessageDigestSpec,eu.faircode.email.Helper,getFingerprint,eu.faircode.email_2322.apk,GENUINE_no
19337,4,RSAKeyGenParameterSpecSpec,org.bouncycastle.jcajce.provider.asymmetric.compositesignatures.CompositeIndex,<clinit>,eu.faircode.email_2322.apk,GENUINE_no
19339,4,RSAKeyGenParameterSpecSpec,org.bouncycastle.jcajce.provider.asymmetric.compositesignatures.CompositeIndex,<clinit>,eu.faircode.email_2322.apk,GENUINE_no
19341,4,MessageDigestSpec,eu.faircode.email.Helper,getFingerprint,eu.faircode.email_2322.apk,GENUINE_no
19342,4,RSAKeyGenParameterSpecSpec,org.bouncycastle.jcajce.provider.asymmetric.compositesignatures.CompositeIndex,<clinit>,eu.faircode.email_2322.apk,GENUINE_no
19344,4,MessageDigestSpec,eu.faircode.email.Helper,getFingerprint,eu.faircode.email_2322.apk,GENUINE_no
19345,4,RSAKeyGenParameterSpecSpec,org.bouncycastle.jcajce.provider.asymmetric.compositesignatures.CompositeIndex,<clinit>,eu.faircode.email_2322.apk,GENUINE_no
19347,4,RSAKeyGenParameterSpecSpec,org.bouncycastle.jcajce.provider.asymmetric.compositesignatures.CompositeIndex,<clinit>,eu.faircode.email_2322.apk,GENUINE_no
19349,4,MessageDigestSpec,eu.faircode.email.Helper,getFingerprint,eu.faircode.email_2322.apk,GENUINE_no
19350,4,RSAKeyGenParameterSpecSpec,org.bouncycastle.jcajce.provider.asymmetric.compositesignatures.CompositeIndex,<clinit>,eu.faircode.email_2322.apk,GENUINE_no
19352,4,MessageDigestSpec,eu.faircode.email.Helper,getFingerprint,eu.faircode.email_2322.apk,GENUINE_no
19353,4,RSAKeyGenParameterSpecSpec,org.bouncycastle.jcajce.provider.asymmetric.compositesignatures.CompositeIndex,<clinit>,eu.faircode.email_2322.apk,GENUINE_no
19355,4,RSAKeyGenParameterSpecSpec,org.bouncycastle.jcajce.provider.asymmetric.compositesignatures.CompositeIndex,<clinit>,eu.faircode.email_2322.apk,GENUINE_no
19357,4,MessageDigestSpec,eu.faircode.email.Helper,getFingerprint,eu.faircode.email_2322.apk,GENUINE_no
19358,4,RSAKeyGenParameterSpecSpec,org.bouncycastle.jcajce.provider.asymmetric.compositesignatures.CompositeIndex,<clinit>,eu.faircode.email_2322.apk,GENUINE_no
19360,4,RSAKeyGenParameterSpecSpec,org.bouncycastle.jcajce.provider.asymmetric.compositesignatures.CompositeIndex,<clinit>,eu.faircode.email_2322.apk,GENUINE_no
19362,4,RSAKeyGenParameterSpecSpec,org.bouncycastle.jcajce.provider.asymmetric.compositesignatures.CompositeIndex,<clinit>,eu.faircode.email_2322.apk,GENUINE_no
19364,4,MessageDigestSpec,eu.faircode.email.Helper,getFingerprint,eu.faircode.email_2322.apk,GENUINE_no
19365,4,RSAKeyGenParameterSpecSpec,org.bouncycastle.jcajce.provider.asymmetric.compositesignatures.CompositeIndex,<clinit>,eu.faircode.email_2322.apk,GENUINE_no
19367,4,MessageDigestSpec,eu.faircode.email.Helper,getFingerprint,eu.faircode.email_2322.apk,GENUINE_no
19368,4,RSAKeyGenParameterSpecSpec,org.bouncycastle.jcajce.provider.asymmetric.compositesignatures.CompositeIndex,<clinit>,eu.faircode.email_2322.apk,GENUINE_no
19370,4,RSAKeyGenParameterSpecSpec,org.bouncycastle.jcajce.provider.asymmetric.compositesignatures.CompositeIndex,<clinit>,eu.faircode.email_2322.apk,GENUINE_no
19372,4,MessageDigestSpec,eu.faircode.email.Helper,getFingerprint,eu.faircode.email_2322.apk,GENUINE_no
19373,4,RSAKeyGenParameterSpecSpec,org.bouncycastle.jcajce.provider.asymmetric.compositesignatures.CompositeIndex,<clinit>,eu.faircode.email_2322.apk,GENUINE_no
19375,4,MessageDigestSpec,eu.faircode.email.Helper,getFingerprint,eu.faircode.email_2322.apk,GENUINE_no
19376,4,RSAKeyGenParameterSpecSpec,org.bouncycastle.jcajce.provider.asymmetric.compositesignatures.CompositeIndex,<clinit>,eu.faircode.email_2322.apk,GENUINE_no
19378,4,RSAKeyGenParameterSpecSpec,org.bouncycastle.jcajce.provider.asymmetric.compositesignatures.CompositeIndex,<clinit>,eu.faircode.email_2322.apk,GENUINE_no
19380,4,MessageDigestSpec,eu.faircode.email.Helper,getFingerprint,eu.faircode.email_2322.apk,GENUINE_no
19381,4,RSAKeyGenParameterSpecSpec,org.bouncycastle.jcajce.provider.asymmetric.compositesignatures.CompositeIndex,<clinit>,eu.faircode.email_2322.apk,GENUINE_no
19383,4,MessageDigestSpec,eu.faircode.email.Helper,getFingerprint,eu.faircode.email_2322.apk,GENUINE_no
19384,4,RSAKeyGenParameterSpecSpec,org.bouncycastle.jcajce.provider.asymmetric.compositesignatures.CompositeIndex,<clinit>,eu.faircode.email_2322.apk,GENUINE_no
19386,4,RSAKeyGenParameterSpecSpec,org.bouncycastle.jcajce.provider.asymmetric.compositesignatures.CompositeIndex,<clinit>,eu.faircode.email_2322.apk,GENUINE_no
19388,4,MessageDigestSpec,eu.faircode.email.Helper,getFingerprint,eu.faircode.email_2322.apk,GENUINE_no
19389,4,RSAKeyGenParameterSpecSpec,org.bouncycastle.jcajce.provider.asymmetric.compositesignatures.CompositeIndex,<clinit>,eu.faircode.email_2322.apk,GENUINE_no
19391,4,MessageDigestSpec,eu.faircode.email.Helper,getFingerprint,eu.faircode.email_2322.apk,GENUINE_no
19392,4,RSAKeyGenParameterSpecSpec,org.bouncycastle.jcajce.provider.asymmetric.compositesignatures.CompositeIndex,<clinit>,eu.faircode.email_2322.apk,GENUINE_no
19394,4,RSAKeyGenParameterSpecSpec,org.bouncycastle.jcajce.provider.asymmetric.compositesignatures.CompositeIndex,<clinit>,eu.faircode.email_2322.apk,GENUINE_no
19396,4,MessageDigestSpec,eu.faircode.email.Helper,getFingerprint,eu.faircode.email_2322.apk,GENUINE_no
19397,4,RSAKeyGenParameterSpecSpec,org.bouncycastle.jcajce.provider.asymmetric.compositesignatures.CompositeIndex,<clinit>,eu.faircode.email_2322.apk,GENUINE_no
19399,4,MessageDigestSpec,eu.faircode.email.Helper,getFingerprint,eu.faircode.email_2322.apk,GENUINE_no
19400,4,RSAKeyGenParameterSpecSpec,org.bouncycastle.jcajce.provider.asymmetric.compositesignatures.CompositeIndex,<clinit>,eu.faircode.email_2322.apk,GENUINE_no
19402,4,RSAKeyGenParameterSpecSpec,org.bouncycastle.jcajce.provider.asymmetric.compositesignatures.CompositeIndex,<clinit>,eu.faircode.email_2322.apk,GENUINE_no
19404,4,MessageDigestSpec,eu.faircode.email.Helper,getFingerprint,eu.faircode.email_2322.apk,GENUINE_no
19405,4,RSAKeyGenParameterSpecSpec,org.bouncycastle.jcajce.provider.asymmetric.compositesignatures.CompositeIndex,<clinit>,eu.faircode.email_2322.apk,GENUINE_no
19407,4,MessageDigestSpec,eu.faircode.email.Helper,getFingerprint,eu.faircode.email_2322.apk,GENUINE_no
19408,4,RSAKeyGenParameterSpecSpec,org.bouncycastle.jcajce.provider.asymmetric.compositesignatures.CompositeIndex,<clinit>,eu.faircode.email_2322.apk,GENUINE_no
19410,4,RSAKeyGenParameterSpecSpec,org.bouncycastle.jcajce.provider.asymmetric.compositesignatures.CompositeIndex,<clinit>,eu.faircode.email_2322.apk,GENUINE_no
19412,4,RSAKeyGenParameterSpecSpec,org.bouncycastle.jcajce.provider.asymmetric.compositesignatures.CompositeIndex,<clinit>,eu.faircode.email_2322.apk,GENUINE_no
19414,4,MessageDigestSpec,eu.faircode.email.Helper,getFingerprint,eu.faircode.email_2322.apk,GENUINE_no
19415,4,RSAKeyGenParameterSpecSpec,org.bouncycastle.jcajce.provider.asymmetric.compositesignatures.CompositeIndex,<clinit>,eu.faircode.email_2322.apk,GENUINE_no
19417,4,RSAKeyGenParameterSpecSpec,org.bouncycastle.jcajce.provider.asymmetric.compositesignatures.CompositeIndex,<clinit>,eu.faircode.email_2322.apk,GENUINE_no
19419,4,RSAKeyGenParameterSpecSpec,org.bouncycastle.jcajce.provider.asymmetric.compositesignatures.CompositeIndex,<clinit>,eu.faircode.email_2322.apk,GENUINE_no
19421,4,MessageDigestSpec,eu.faircode.email.Helper,getFingerprint,eu.faircode.email_2322.apk,GENUINE_no
19422,4,RSAKeyGenParameterSpecSpec,org.bouncycastle.jcajce.provider.asymmetric.compositesignatures.CompositeIndex,<clinit>,eu.faircode.email_2322.apk,GENUINE_no
19424,4,RSAKeyGenParameterSpecSpec,org.bouncycastle.jcajce.provider.asymmetric.compositesignatures.CompositeIndex,<clinit>,eu.faircode.email_2322.apk,GENUINE_no
19426,4,RSAKeyGenParameterSpecSpec,org.bouncycastle.jcajce.provider.asymmetric.compositesignatures.CompositeIndex,<clinit>,eu.faircode.email_2322.apk,GENUINE_no
19428,4,MessageDigestSpec,eu.faircode.email.Helper,getFingerprint,eu.faircode.email_2322.apk,GENUINE_no
19429,4,RSAKeyGenParameterSpecSpec,org.bouncycastle.jcajce.provider.asymmetric.compositesignatures.CompositeIndex,<clinit>,eu.faircode.email_2322.apk,GENUINE_no
19431,4,RSAKeyGenParameterSpecSpec,org.bouncycastle.jcajce.provider.asymmetric.compositesignatures.CompositeIndex,<clinit>,eu.faircode.email_2322.apk,GENUINE_no
19433,4,RSAKeyGenParameterSpecSpec,org.bouncycastle.jcajce.provider.asymmetric.compositesignatures.CompositeIndex,<clinit>,eu.faircode.email_2322.apk,GENUINE_no
19435,4,RSAKeyGenParameterSpecSpec,org.bouncycastle.jcajce.provider.asymmetric.compositesignatures.CompositeIndex,<clinit>,eu.faircode.email_2322.apk,GENUINE_no
19437,4,RSAKeyGenParameterSpecSpec,org.bouncycastle.jcajce.provider.asymmetric.compositesignatures.CompositeIndex,<clinit>,eu.faircode.email_2322.apk,GENUINE_no
19439,4,RSAKeyGenParameterSpecSpec,org.bouncycastle.jcajce.provider.asymmetric.compositesignatures.CompositeIndex,<clinit>,eu.faircode.email_2322.apk,GENUINE_no
19441,4,MessageDigestSpec,eu.faircode.email.Helper,getFingerprint,eu.faircode.email_2322.apk,GENUINE_no
19442,4,RSAKeyGenParameterSpecSpec,org.bouncycastle.jcajce.provider.asymmetric.compositesignatures.CompositeIndex,<clinit>,eu.faircode.email_2322.apk,GENUINE_no
19445,4,RSAKeyGenParameterSpecSpec,org.bouncycastle.jcajce.provider.asymmetric.compositesignatures.CompositeIndex,<clinit>,eu.faircode.email_2322.apk,GENUINE_no
19447,4,MessageDigestSpec,eu.faircode.email.Helper,getFingerprint,eu.faircode.email_2322.apk,GENUINE_no
19449,4,RSAKeyGenParameterSpecSpec,org.bouncycastle.jcajce.provider.asymmetric.compositesignatures.CompositeIndex,<clinit>,eu.faircode.email_2322.apk,GENUINE_no
19451,4,RSAKeyGenParameterSpecSpec,org.bouncycastle.jcajce.provider.asymmetric.compositesignatures.CompositeIndex,<clinit>,eu.faircode.email_2322.apk,GENUINE_no
19453,4,RSAKeyGenParameterSpecSpec,org.bouncycastle.jcajce.provider.asymmetric.compositesignatures.CompositeIndex,<clinit>,eu.faircode.email_2322.apk,GENUINE_no
19455,4,RSAKeyGenParameterSpecSpec,org.bouncycastle.jcajce.provider.asymmetric.compositesignatures.CompositeIndex,<clinit>,eu.faircode.email_2322.apk,GENUINE_no
19457,4,RSAKeyGenParameterSpecSpec,org.bouncycastle.jcajce.provider.asymmetric.compositesignatures.CompositeIndex,<clinit>,eu.faircode.email_2322.apk,GENUINE_no
19459,4,MessageDigestSpec,eu.faircode.email.Helper,getFingerprint,eu.faircode.email_2322.apk,GENUINE_no
19460,4,RSAKeyGenParameterSpecSpec,org.bouncycastle.jcajce.provider.asymmetric.compositesignatures.CompositeIndex,<clinit>,eu.faircode.email_2322.apk,GENUINE_no
19462,4,RSAKeyGenParameterSpecSpec,org.bouncycastle.jcajce.provider.asymmetric.compositesignatures.CompositeIndex,<clinit>,eu.faircode.email_2322.apk,GENUINE_no
19464,4,MessageDigestSpec,eu.faircode.email.Helper,getFingerprint,eu.faircode.email_2322.apk,GENUINE_no
19465,4,RSAKeyGenParameterSpecSpec,org.bouncycastle.jcajce.provider.asymmetric.compositesignatures.CompositeIndex,<clinit>,eu.faircode.email_2322.apk,GENUINE_no
19467,4,MessageDigestSpec,eu.faircode.email.Helper,getFingerprint,eu.faircode.email_2322.apk,GENUINE_no
19468,4,RSAKeyGenParameterSpecSpec,org.bouncycastle.jcajce.provider.asymmetric.compositesignatures.CompositeIndex,<clinit>,eu.faircode.email_2322.apk,GENUINE_no
19758,5,MessageDigestSpec,github.paroj.dsub2000.util.Util,md5Hex,github.paroj.dsub2000_217.apk,GENUINE_debatable
19761,5,MessageDigestSpec,github.paroj.dsub2000.util.Util,md5Hex,github.paroj.dsub2000_217.apk,GENUINE_debatable
19764,5,MessageDigestSpec,github.paroj.dsub2000.util.Util,md5Hex,github.paroj.dsub2000_217.apk,GENUINE_debatable
19767,5,MessageDigestSpec,github.paroj.dsub2000.util.Util,md5Hex,github.paroj.dsub2000_217.apk,GENUINE_debatable
19770,5,MessageDigestSpec,github.paroj.dsub2000.util.Util,md5Hex,github.paroj.dsub2000_217.apk,GENUINE_debatable
19773,5,MessageDigestSpec,github.paroj.dsub2000.util.Util,md5Hex,github.paroj.dsub2000_217.apk,GENUINE_debatable
19776,5,MessageDigestSpec,github.paroj.dsub2000.util.Util,md5Hex,github.paroj.dsub2000_217.apk,GENUINE_debatable
19779,5,MessageDigestSpec,github.paroj.dsub2000.util.Util,md5Hex,github.paroj.dsub2000_217.apk,GENUINE_debatable
19782,5,MessageDigestSpec,github.paroj.dsub2000.util.Util,md5Hex,github.paroj.dsub2000_217.apk,GENUINE_debatable
19785,5,MessageDigestSpec,github.paroj.dsub2000.util.Util,md5Hex,github.paroj.dsub2000_217.apk,GENUINE_debatable
19788,5,MessageDigestSpec,github.paroj.dsub2000.util.Util,md5Hex,github.paroj.dsub2000_217.apk,GENUINE_debatable
19791,5,MessageDigestSpec,github.paroj.dsub2000.util.Util,md5Hex,github.paroj.dsub2000_217.apk,GENUINE_debatable
19794,5,MessageDigestSpec,github.paroj.dsub2000.util.Util,md5Hex,github.paroj.dsub2000_217.apk,GENUINE_debatable
19797,5,MessageDigestSpec,github.paroj.dsub2000.util.Util,md5Hex,github.paroj.dsub2000_217.apk,GENUINE_debatable
19800,5,MessageDigestSpec,github.paroj.dsub2000.util.Util,md5Hex,github.paroj.dsub2000_217.apk,GENUINE_debatable
19803,5,MessageDigestSpec,github.paroj.dsub2000.util.Util,md5Hex,github.paroj.dsub2000_217.apk,GENUINE_debatable
19806,5,MessageDigestSpec,github.paroj.dsub2000.util.Util,md5Hex,github.paroj.dsub2000_217.apk,GENUINE_debatable
19809,5,MessageDigestSpec,github.paroj.dsub2000.util.Util,md5Hex,github.paroj.dsub2000_217.apk,GENUINE_debatable
19812,5,MessageDigestSpec,github.paroj.dsub2000.util.Util,md5Hex,github.paroj.dsub2000_217.apk,GENUINE_debatable
19815,5,MessageDigestSpec,github.paroj.dsub2000.util.Util,md5Hex,github.paroj.dsub2000_217.apk,GENUINE_debatable
19818,5,MessageDigestSpec,github.paroj.dsub2000.util.Util,md5Hex,github.paroj.dsub2000_217.apk,GENUINE_debatable
19821,5,MessageDigestSpec,github.paroj.dsub2000.util.Util,md5Hex,github.paroj.dsub2000_217.apk,GENUINE_debatable
19824,5,MessageDigestSpec,github.paroj.dsub2000.util.Util,md5Hex,github.paroj.dsub2000_217.apk,GENUINE_debatable
19827,5,MessageDigestSpec,github.paroj.dsub2000.util.Util,md5Hex,github.paroj.dsub2000_217.apk,GENUINE_debatable
19830,5,MessageDigestSpec,github.paroj.dsub2000.util.Util,md5Hex,github.paroj.dsub2000_217.apk,GENUINE_debatable
19833,5,MessageDigestSpec,github.paroj.dsub2000.util.Util,md5Hex,github.paroj.dsub2000_217.apk,GENUINE_debatable
19836,5,MessageDigestSpec,github.paroj.dsub2000.util.Util,md5Hex,github.paroj.dsub2000_217.apk,GENUINE_debatable
19839,5,MessageDigestSpec,github.paroj.dsub2000.util.Util,md5Hex,github.paroj.dsub2000_217.apk,GENUINE_debatable
19842,5,MessageDigestSpec,github.paroj.dsub2000.util.Util,md5Hex,github.paroj.dsub2000_217.apk,GENUINE_debatable
19845,5,MessageDigestSpec,github.paroj.dsub2000.util.Util,md5Hex,github.paroj.dsub2000_217.apk,GENUINE_debatable
19848,5,MessageDigestSpec,github.paroj.dsub2000.util.Util,md5Hex,github.paroj.dsub2000_217.apk,GENUINE_debatable
19851,5,MessageDigestSpec,github.paroj.dsub2000.util.Util,md5Hex,github.paroj.dsub2000_217.apk,GENUINE_debatable
19854,5,MessageDigestSpec,github.paroj.dsub2000.util.Util,md5Hex,github.paroj.dsub2000_217.apk,GENUINE_debatable
19857,5,MessageDigestSpec,github.paroj.dsub2000.util.Util,md5Hex,github.paroj.dsub2000_217.apk,GENUINE_debatable
19860,5,MessageDigestSpec,github.paroj.dsub2000.util.Util,md5Hex,github.paroj.dsub2000_217.apk,GENUINE_debatable
19863,5,MessageDigestSpec,github.paroj.dsub2000.util.Util,md5Hex,github.paroj.dsub2000_217.apk,GENUINE_debatable
19866,5,MessageDigestSpec,github.paroj.dsub2000.util.Util,md5Hex,github.paroj.dsub2000_217.apk,GENUINE_debatable
19869,5,MessageDigestSpec,github.paroj.dsub2000.util.Util,md5Hex,github.paroj.dsub2000_217.apk,GENUINE_debatable
19872,5,MessageDigestSpec,github.paroj.dsub2000.util.Util,md5Hex,github.paroj.dsub2000_217.apk,GENUINE_debatable
19875,5,MessageDigestSpec,github.paroj.dsub2000.util.Util,md5Hex,github.paroj.dsub2000_217.apk,GENUINE_debatable
19878,5,MessageDigestSpec,github.paroj.dsub2000.util.Util,md5Hex,github.paroj.dsub2000_217.apk,GENUINE_debatable
19881,5,MessageDigestSpec,github.paroj.dsub2000.util.Util,md5Hex,github.paroj.dsub2000_217.apk,GENUINE_debatable
19884,5,MessageDigestSpec,github.paroj.dsub2000.util.Util,md5Hex,github.paroj.dsub2000_217.apk,GENUINE_debatable
19887,5,MessageDigestSpec,github.paroj.dsub2000.util.Util,md5Hex,github.paroj.dsub2000_217.apk,GENUINE_debatable
19890,5,MessageDigestSpec,github.paroj.dsub2000.util.Util,md5Hex,github.paroj.dsub2000_217.apk,GENUINE_debatable
19893,5,MessageDigestSpec,github.paroj.dsub2000.util.Util,md5Hex,github.paroj.dsub2000_217.apk,GENUINE_debatable
19896,5,MessageDigestSpec,github.paroj.dsub2000.util.Util,md5Hex,github.paroj.dsub2000_217.apk,GENUINE_debatable
19899,5,MessageDigestSpec,github.paroj.dsub2000.util.Util,md5Hex,github.paroj.dsub2000_217.apk,GENUINE_debatable
19902,5,MessageDigestSpec,github.paroj.dsub2000.util.Util,md5Hex,github.paroj.dsub2000_217.apk,GENUINE_debatable
19905,5,MessageDigestSpec,github.paroj.dsub2000.util.Util,md5Hex,github.paroj.dsub2000_217.apk,GENUINE_debatable
19908,5,MessageDigestSpec,github.paroj.dsub2000.util.Util,md5Hex,github.paroj.dsub2000_217.apk,GENUINE_debatable
19911,5,MessageDigestSpec,github.paroj.dsub2000.util.Util,md5Hex,github.paroj.dsub2000_217.apk,GENUINE_debatable
19914,5,MessageDigestSpec,github.paroj.dsub2000.util.Util,md5Hex,github.paroj.dsub2000_217.apk,GENUINE_debatable
19917,5,MessageDigestSpec,github.paroj.dsub2000.util.Util,md5Hex,github.paroj.dsub2000_217.apk,GENUINE_debatable
19920,5,MessageDigestSpec,github.paroj.dsub2000.util.Util,md5Hex,github.paroj.dsub2000_217.apk,GENUINE_debatable
19923,5,MessageDigestSpec,github.paroj.dsub2000.util.Util,md5Hex,github.paroj.dsub2000_217.apk,GENUINE_debatable
19926,5,MessageDigestSpec,github.paroj.dsub2000.util.Util,md5Hex,github.paroj.dsub2000_217.apk,GENUINE_debatable
19929,5,MessageDigestSpec,github.paroj.dsub2000.util.Util,md5Hex,github.paroj.dsub2000_217.apk,GENUINE_debatable
19932,5,MessageDigestSpec,github.paroj.dsub2000.util.Util,md5Hex,github.paroj.dsub2000_217.apk,GENUINE_debatable
19935,5,MessageDigestSpec,github.paroj.dsub2000.util.Util,md5Hex,github.paroj.dsub2000_217.apk,GENUINE_debatable
19938,5,MessageDigestSpec,github.paroj.dsub2000.util.Util,md5Hex,github.paroj.dsub2000_217.apk,GENUINE_debatable
19941,5,MessageDigestSpec,github.paroj.dsub2000.util.Util,md5Hex,github.paroj.dsub2000_217.apk,GENUINE_debatable
19944,5,MessageDigestSpec,github.paroj.dsub2000.util.Util,md5Hex,github.paroj.dsub2000_217.apk,GENUINE_debatable
19947,5,MessageDigestSpec,github.paroj.dsub2000.util.Util,md5Hex,github.paroj.dsub2000_217.apk,GENUINE_debatable
19950,5,MessageDigestSpec,github.paroj.dsub2000.util.Util,md5Hex,github.paroj.dsub2000_217.apk,GENUINE_debatable
19953,5,MessageDigestSpec,github.paroj.dsub2000.util.Util,md5Hex,github.paroj.dsub2000_217.apk,GENUINE_debatable
19956,5,MessageDigestSpec,github.paroj.dsub2000.util.Util,md5Hex,github.paroj.dsub2000_217.apk,GENUINE_debatable
19959,5,MessageDigestSpec,github.paroj.dsub2000.util.Util,md5Hex,github.paroj.dsub2000_217.apk,GENUINE_debatable
19962,5,MessageDigestSpec,github.paroj.dsub2000.util.Util,md5Hex,github.paroj.dsub2000_217.apk,GENUINE_debatable
19965,5,MessageDigestSpec,github.paroj.dsub2000.util.Util,md5Hex,github.paroj.dsub2000_217.apk,GENUINE_debatable
19968,5,MessageDigestSpec,github.paroj.dsub2000.util.Util,md5Hex,github.paroj.dsub2000_217.apk,GENUINE_debatable
19971,5,MessageDigestSpec,github.paroj.dsub2000.util.Util,md5Hex,github.paroj.dsub2000_217.apk,GENUINE_debatable
19974,5,MessageDigestSpec,github.paroj.dsub2000.util.Util,md5Hex,github.paroj.dsub2000_217.apk,GENUINE_debatable
19977,5,MessageDigestSpec,github.paroj.dsub2000.util.Util,md5Hex,github.paroj.dsub2000_217.apk,GENUINE_debatable
19980,5,MessageDigestSpec,github.paroj.dsub2000.util.Util,md5Hex,github.paroj.dsub2000_217.apk,GENUINE_debatable
19983,5,MessageDigestSpec,github.paroj.dsub2000.util.Util,md5Hex,github.paroj.dsub2000_217.apk,GENUINE_debatable
19986,5,MessageDigestSpec,github.paroj.dsub2000.util.Util,md5Hex,github.paroj.dsub2000_217.apk,GENUINE_debatable
19989,5,MessageDigestSpec,github.paroj.dsub2000.util.Util,md5Hex,github.paroj.dsub2000_217.apk,GENUINE_debatable
19992,5,MessageDigestSpec,github.paroj.dsub2000.util.Util,md5Hex,github.paroj.dsub2000_217.apk,GENUINE_debatable
19995,5,MessageDigestSpec,github.paroj.dsub2000.util.Util,md5Hex,github.paroj.dsub2000_217.apk,GENUINE_debatable
19998,5,MessageDigestSpec,github.paroj.dsub2000.util.Util,md5Hex,github.paroj.dsub2000_217.apk,GENUINE_debatable
20001,5,MessageDigestSpec,github.paroj.dsub2000.util.Util,md5Hex,github.paroj.dsub2000_217.apk,GENUINE_debatable
20004,5,MessageDigestSpec,github.paroj.dsub2000.util.Util,md5Hex,github.paroj.dsub2000_217.apk,GENUINE_debatable
20007,5,MessageDigestSpec,github.paroj.dsub2000.util.Util,md5Hex,github.paroj.dsub2000_217.apk,GENUINE_debatable
20010,5,MessageDigestSpec,github.paroj.dsub2000.util.Util,md5Hex,github.paroj.dsub2000_217.apk,GENUINE_debatable
20013,5,MessageDigestSpec,github.paroj.dsub2000.util.Util,md5Hex,github.paroj.dsub2000_217.apk,GENUINE_debatable
20016,5,MessageDigestSpec,github.paroj.dsub2000.util.Util,md5Hex,github.paroj.dsub2000_217.apk,GENUINE_debatable
20019,5,MessageDigestSpec,github.paroj.dsub2000.util.Util,md5Hex,github.paroj.dsub2000_217.apk,GENUINE_debatable
20022,5,MessageDigestSpec,github.paroj.dsub2000.util.Util,md5Hex,github.paroj.dsub2000_217.apk,GENUINE_debatable
20025,5,MessageDigestSpec,github.paroj.dsub2000.util.Util,md5Hex,github.paroj.dsub2000_217.apk,GENUINE_debatable
20028,5,MessageDigestSpec,github.paroj.dsub2000.util.Util,md5Hex,github.paroj.dsub2000_217.apk,GENUINE_debatable
20031,5,MessageDigestSpec,github.paroj.dsub2000.util.Util,md5Hex,github.paroj.dsub2000_217.apk,GENUINE_debatable
20034,5,MessageDigestSpec,github.paroj.dsub2000.util.Util,md5Hex,github.paroj.dsub2000_217.apk,GENUINE_debatable
20037,5,MessageDigestSpec,github.paroj.dsub2000.util.Util,md5Hex,github.paroj.dsub2000_217.apk,GENUINE_debatable
20040,5,MessageDigestSpec,github.paroj.dsub2000.util.Util,md5Hex,github.paroj.dsub2000_217.apk,GENUINE_debatable
20043,5,MessageDigestSpec,github.paroj.dsub2000.util.Util,md5Hex,github.paroj.dsub2000_217.apk,GENUINE_debatable
20046,5,MessageDigestSpec,github.paroj.dsub2000.util.Util,md5Hex,github.paroj.dsub2000_217.apk,GENUINE_debatable
20049,5,MessageDigestSpec,github.paroj.dsub2000.util.Util,md5Hex,github.paroj.dsub2000_217.apk,GENUINE_debatable
20052,5,MessageDigestSpec,github.paroj.dsub2000.util.Util,md5Hex,github.paroj.dsub2000_217.apk,GENUINE_debatable
20165,2,KeyPairSpec,io.treehouses.remote.bases.BaseSSHKeyGen,generateKey,io.treehouses.remote_6098.apk,UNOBSERVED_CREATION
21009,4,MessageDigestSpec,okio.ByteString,digest$jvm,me.testcase.ognarviewer_25.apk,GENUINE_no
21010,4,MessageDigestSpec,okio.ByteString,digest$jvm,me.testcase.ognarviewer_25.apk,GENUINE_no
21011,4,MessageDigestSpec,okio.ByteString,digest$jvm,me.testcase.ognarviewer_25.apk,GENUINE_no
21018,4,MessageDigestSpec,okio.ByteString,digest$okio,me.timschneeberger.rootlessjamesdsp_51.apk,GENUINE_no
21019,4,MessageDigestSpec,okio.ByteString,digest$okio,me.timschneeberger.rootlessjamesdsp_51.apk,GENUINE_no
21022,4,MessageDigestSpec,okio.ByteString,digest$okio,me.timschneeberger.rootlessjamesdsp_51.apk,GENUINE_no
21023,4,MessageDigestSpec,me.timschneeberger.rootlessjamesdsp.utils.extensions.MiscUtilsKt,getMd5,me.timschneeberger.rootlessjamesdsp_51.apk,GENUINE_no
21026,4,MessageDigestSpec,net.gaast.giggity.Schedule$Item,hashCode,net.gaast.giggity_769.apk,GENUINE_no
21027,4,MessageDigestSpec,net.gaast.giggity.Schedule$Item,hashCode,net.gaast.giggity_769.apk,GENUINE_no
21028,4,MessageDigestSpec,net.gaast.giggity.Schedule$Item,hashCode,net.gaast.giggity_769.apk,GENUINE_no
21029,4,MessageDigestSpec,net.gaast.giggity.Schedule$Item,hashCode,net.gaast.giggity_769.apk,GENUINE_no
21030,4,MessageDigestSpec,net.gaast.giggity.Schedule$Item,hashCode,net.gaast.giggity_769.apk,GENUINE_no
21031,4,MessageDigestSpec,net.gaast.giggity.Schedule$Item,hashCode,net.gaast.giggity_769.apk,GENUINE_no
21032,4,MessageDigestSpec,net.gaast.giggity.Schedule$Item,hashCode,net.gaast.giggity_769.apk,GENUINE_no
21033,4,MessageDigestSpec,net.gaast.giggity.Schedule$Item,hashCode,net.gaast.giggity_769.apk,GENUINE_no
21034,4,MessageDigestSpec,net.gaast.giggity.Schedule$Item,hashCode,net.gaast.giggity_769.apk,GENUINE_no
21035,4,MessageDigestSpec,net.gaast.giggity.Schedule$Item,hashCode,net.gaast.giggity_769.apk,GENUINE_no
21036,4,MessageDigestSpec,net.gaast.giggity.Schedule$Item,hashCode,net.gaast.giggity_769.apk,GENUINE_no
21037,4,MessageDigestSpec,net.gaast.giggity.Schedule$Item,hashCode,net.gaast.giggity_769.apk,GENUINE_no
21038,4,MessageDigestSpec,net.gaast.giggity.Schedule$Item,hashCode,net.gaast.giggity_769.apk,GENUINE_no
21039,4,MessageDigestSpec,net.gaast.giggity.Schedule$Item,hashCode,net.gaast.giggity_769.apk,GENUINE_no
21040,4,MessageDigestSpec,net.gaast.giggity.Schedule$Item,hashCode,net.gaast.giggity_769.apk,GENUINE_no
21041,4,MessageDigestSpec,net.gaast.giggity.Schedule$Item,hashCode,net.gaast.giggity_769.apk,GENUINE_no
21042,4,MessageDigestSpec,net.gaast.giggity.Schedule$Item,hashCode,net.gaast.giggity_769.apk,GENUINE_no
21043,4,MessageDigestSpec,net.gaast.giggity.Schedule$Item,hashCode,net.gaast.giggity_769.apk,GENUINE_no
21044,4,MessageDigestSpec,net.gaast.giggity.Schedule$Item,hashCode,net.gaast.giggity_769.apk,GENUINE_no
21045,4,MessageDigestSpec,net.gaast.giggity.Schedule$Item,hashCode,net.gaast.giggity_769.apk,GENUINE_no
21046,4,MessageDigestSpec,net.gaast.giggity.Schedule$Item,hashCode,net.gaast.giggity_769.apk,GENUINE_no
21047,4,MessageDigestSpec,net.gaast.giggity.Schedule$Item,hashCode,net.gaast.giggity_769.apk,GENUINE_no
21048,4,MessageDigestSpec,net.gaast.giggity.Schedule$Item,hashCode,net.gaast.giggity_769.apk,GENUINE_no
21049,4,MessageDigestSpec,net.gaast.giggity.Schedule$Item,hashCode,net.gaast.giggity_769.apk,GENUINE_no
21050,4,MessageDigestSpec,net.gaast.giggity.Schedule$Item,hashCode,net.gaast.giggity_769.apk,GENUINE_no
21051,4,MessageDigestSpec,net.gaast.giggity.Schedule$Item,hashCode,net.gaast.giggity_769.apk,GENUINE_no
21052,4,MessageDigestSpec,net.gaast.giggity.Schedule$Item,hashCode,net.gaast.giggity_769.apk,GENUINE_no
21053,4,MessageDigestSpec,net.gaast.giggity.Schedule$Item,hashCode,net.gaast.giggity_769.apk,GENUINE_no
21054,4,MessageDigestSpec,net.gaast.giggity.Schedule$Item,hashCode,net.gaast.giggity_769.apk,GENUINE_no
21055,4,MessageDigestSpec,net.gaast.giggity.Schedule$Item,hashCode,net.gaast.giggity_769.apk,GENUINE_no
21056,4,MessageDigestSpec,net.gaast.giggity.Schedule$Item,hashCode,net.gaast.giggity_769.apk,GENUINE_no
21057,4,MessageDigestSpec,net.gaast.giggity.Schedule$Item,hashCode,net.gaast.giggity_769.apk,GENUINE_no
21058,4,MessageDigestSpec,net.gaast.giggity.Schedule$Item,hashCode,net.gaast.giggity_769.apk,GENUINE_no
21059,4,MessageDigestSpec,net.gaast.giggity.Schedule$Item,hashCode,net.gaast.giggity_769.apk,GENUINE_no
21060,4,MessageDigestSpec,net.gaast.giggity.Schedule$Item,hashCode,net.gaast.giggity_769.apk,GENUINE_no
21061,4,MessageDigestSpec,net.gaast.giggity.Schedule$Item,hashCode,net.gaast.giggity_769.apk,GENUINE_no
21062,4,MessageDigestSpec,net.gaast.giggity.Schedule$Item,hashCode,net.gaast.giggity_769.apk,GENUINE_no
21063,4,MessageDigestSpec,net.gaast.giggity.Schedule$Item,hashCode,net.gaast.giggity_769.apk,GENUINE_no
21064,4,MessageDigestSpec,net.gaast.giggity.Schedule$Item,hashCode,net.gaast.giggity_769.apk,GENUINE_no
21065,4,MessageDigestSpec,net.gaast.giggity.Schedule$Item,hashCode,net.gaast.giggity_769.apk,GENUINE_no
21066,4,MessageDigestSpec,net.gaast.giggity.Schedule$Item,hashCode,net.gaast.giggity_769.apk,GENUINE_no
21067,4,MessageDigestSpec,net.gaast.giggity.Schedule$Item,hashCode,net.gaast.giggity_769.apk,GENUINE_no
21068,4,MessageDigestSpec,net.gaast.giggity.Schedule$Item,hashCode,net.gaast.giggity_769.apk,GENUINE_no
21069,4,MessageDigestSpec,net.gaast.giggity.Schedule$Item,hashCode,net.gaast.giggity_769.apk,GENUINE_no
21070,4,MessageDigestSpec,net.gaast.giggity.Schedule$Item,hashCode,net.gaast.giggity_769.apk,GENUINE_no
21071,4,MessageDigestSpec,net.gaast.giggity.Schedule$Item,hashCode,net.gaast.giggity_769.apk,GENUINE_no
21072,4,MessageDigestSpec,net.gaast.giggity.Schedule$Item,hashCode,net.gaast.giggity_769.apk,GENUINE_no
21073,4,MessageDigestSpec,net.gaast.giggity.Schedule$Item,hashCode,net.gaast.giggity_769.apk,GENUINE_no
21074,4,MessageDigestSpec,net.gaast.giggity.Schedule$Item,hashCode,net.gaast.giggity_769.apk,GENUINE_no
21075,4,MessageDigestSpec,net.gaast.giggity.Schedule$Item,hashCode,net.gaast.giggity_769.apk,GENUINE_no
21076,4,MessageDigestSpec,net.gaast.giggity.Schedule$Item,hashCode,net.gaast.giggity_769.apk,GENUINE_no
21077,4,MessageDigestSpec,net.gaast.giggity.Schedule$Item,hashCode,net.gaast.giggity_769.apk,GENUINE_no
21078,4,MessageDigestSpec,net.gaast.giggity.Schedule$Item,hashCode,net.gaast.giggity_769.apk,GENUINE_no
21079,4,MessageDigestSpec,net.gaast.giggity.Schedule$Item,hashCode,net.gaast.giggity_769.apk,GENUINE_no
21080,4,MessageDigestSpec,net.gaast.giggity.Schedule$Item,hashCode,net.gaast.giggity_769.apk,GENUINE_no
21081,4,MessageDigestSpec,net.gaast.giggity.Schedule$Item,hashCode,net.gaast.giggity_769.apk,GENUINE_no
21082,4,MessageDigestSpec,net.gaast.giggity.Schedule$Item,hashCode,net.gaast.giggity_769.apk,GENUINE_no
21083,4,MessageDigestSpec,net.gaast.giggity.Schedule$Item,hashCode,net.gaast.giggity_769.apk,GENUINE_no
21084,4,MessageDigestSpec,net.gaast.giggity.Schedule$Item,hashCode,net.gaast.giggity_769.apk,GENUINE_no
21085,4,MessageDigestSpec,net.gaast.giggity.Schedule$Item,hashCode,net.gaast.giggity_769.apk,GENUINE_no
21086,4,MessageDigestSpec,net.gaast.giggity.Schedule$Item,hashCode,net.gaast.giggity_769.apk,GENUINE_no
21087,4,MessageDigestSpec,net.gaast.giggity.Schedule$Item,hashCode,net.gaast.giggity_769.apk,GENUINE_no
21088,4,MessageDigestSpec,net.gaast.giggity.Schedule$Item,hashCode,net.gaast.giggity_769.apk,GENUINE_no
21089,4,MessageDigestSpec,net.gaast.giggity.Schedule$Item,hashCode,net.gaast.giggity_769.apk,GENUINE_no
21090,4,MessageDigestSpec,net.gaast.giggity.Schedule$Item,hashCode,net.gaast.giggity_769.apk,GENUINE_no
21091,4,MessageDigestSpec,net.gaast.giggity.Schedule$Item,hashCode,net.gaast.giggity_769.apk,GENUINE_no
21092,4,MessageDigestSpec,net.gaast.giggity.Schedule$Item,hashCode,net.gaast.giggity_769.apk,GENUINE_no
21093,4,MessageDigestSpec,net.gaast.giggity.Schedule$Item,hashCode,net.gaast.giggity_769.apk,GENUINE_no
21094,4,MessageDigestSpec,net.gaast.giggity.Schedule$Item,hashCode,net.gaast.giggity_769.apk,GENUINE_no
21095,4,MessageDigestSpec,net.gaast.giggity.Schedule$Item,hashCode,net.gaast.giggity_769.apk,GENUINE_no
21096,4,MessageDigestSpec,net.gaast.giggity.Schedule$Item,hashCode,net.gaast.giggity_769.apk,GENUINE_no
21097,4,MessageDigestSpec,net.gaast.giggity.Schedule$Item,hashCode,net.gaast.giggity_769.apk,GENUINE_no
21098,4,MessageDigestSpec,net.gaast.giggity.Schedule$Item,hashCode,net.gaast.giggity_769.apk,GENUINE_no
21099,4,MessageDigestSpec,net.gaast.giggity.Schedule$Item,hashCode,net.gaast.giggity_769.apk,GENUINE_no
21100,4,MessageDigestSpec,net.gaast.giggity.Schedule$Item,hashCode,net.gaast.giggity_769.apk,GENUINE_no
21101,4,MessageDigestSpec,net.gaast.giggity.Schedule$Item,hashCode,net.gaast.giggity_769.apk,GENUINE_no
21102,4,MessageDigestSpec,net.gaast.giggity.Schedule$Item,hashCode,net.gaast.giggity_769.apk,GENUINE_no
21103,4,MessageDigestSpec,net.gaast.giggity.Schedule$Item,hashCode,net.gaast.giggity_769.apk,GENUINE_no
21104,4,MessageDigestSpec,net.gaast.giggity.Schedule$Item,hashCode,net.gaast.giggity_769.apk,GENUINE_no
21105,4,MessageDigestSpec,net.gaast.giggity.Schedule$Item,hashCode,net.gaast.giggity_769.apk,GENUINE_no
21106,4,MessageDigestSpec,net.gaast.giggity.Schedule$Item,hashCode,net.gaast.giggity_769.apk,GENUINE_no
21107,4,MessageDigestSpec,net.gaast.giggity.Schedule$Item,hashCode,net.gaast.giggity_769.apk,GENUINE_no
21108,4,MessageDigestSpec,net.gaast.giggity.Schedule$Item,hashCode,net.gaast.giggity_769.apk,GENUINE_no
21109,4,MessageDigestSpec,net.gaast.giggity.Schedule$Item,hashCode,net.gaast.giggity_769.apk,GENUINE_no
21110,4,MessageDigestSpec,net.gaast.giggity.Schedule$Item,hashCode,net.gaast.giggity_769.apk,GENUINE_no
21111,4,MessageDigestSpec,net.gaast.giggity.Schedule$Item,hashCode,net.gaast.giggity_769.apk,GENUINE_no
21316,4,MessageDigestSpec,okio.ByteString,digest$okio,net.phbwt.paperwork_1003007.apk,GENUINE_no
21325,4,MessageDigestSpec,okio.ByteString,digest$okio,net.phbwt.paperwork_1003007.apk,GENUINE_no
21330,4,MessageDigestSpec,okio.ByteString,digest$okio,net.phbwt.paperwork_1003007.apk,GENUINE_no
21343,4,MessageDigestSpec,okio.ByteString,digest$okio,net.phbwt.paperwork_1003007.apk,GENUINE_no
21364,4,MessageDigestSpec,okio.ByteString,digest$okio,net.phbwt.paperwork_1003007.apk,GENUINE_no
21369,4,MessageDigestSpec,okio.ByteString,digest$okio,net.phbwt.paperwork_1003007.apk,GENUINE_no
21374,4,MessageDigestSpec,okio.ByteString,digest$okio,net.phbwt.paperwork_1003007.apk,GENUINE_no
21387,4,MessageDigestSpec,okio.ByteString,digest$okio,net.phbwt.paperwork_1003007.apk,GENUINE_no
21392,4,MessageDigestSpec,okio.ByteString,digest$okio,net.phbwt.paperwork_1003007.apk,GENUINE_no
21437,4,MessageDigestSpec,okio.ByteString,digest$okio,net.phbwt.paperwork_1003007.apk,GENUINE_no
21442,4,MessageDigestSpec,okio.ByteString,digest$okio,net.phbwt.paperwork_1003007.apk,GENUINE_no
21451,4,MessageDigestSpec,okio.ByteString,digest$okio,net.phbwt.paperwork_1003007.apk,GENUINE_no
21456,4,MessageDigestSpec,okio.ByteString,digest$okio,net.phbwt.paperwork_1003007.apk,GENUINE_no
21465,4,MessageDigestSpec,okio.ByteString,digest$okio,net.phbwt.paperwork_1003007.apk,GENUINE_no
21470,4,MessageDigestSpec,okio.ByteString,digest$okio,net.phbwt.paperwork_1003007.apk,GENUINE_no
21547,4,MessageDigestSpec,okio.ByteString,digest$okio,net.phbwt.paperwork_1003007.apk,GENUINE_no
21552,4,MessageDigestSpec,okio.ByteString,digest$okio,net.phbwt.paperwork_1003007.apk,GENUINE_no
21557,4,MessageDigestSpec,okio.ByteString,digest$okio,net.phbwt.paperwork_1003007.apk,GENUINE_no
21562,4,MessageDigestSpec,okio.ByteString,digest$okio,net.phbwt.paperwork_1003007.apk,GENUINE_no
21567,4,MessageDigestSpec,okio.ByteString,digest$okio,net.phbwt.paperwork_1003007.apk,GENUINE_no
21572,4,MessageDigestSpec,okio.ByteString,digest$okio,net.phbwt.paperwork_1003007.apk,GENUINE_no
21577,4,MessageDigestSpec,okio.ByteString,digest$okio,net.phbwt.paperwork_1003007.apk,GENUINE_no
21582,4,MessageDigestSpec,okio.ByteString,digest$okio,net.phbwt.paperwork_1003007.apk,GENUINE_no
21631,4,MessageDigestSpec,okio.ByteString,digest$okio,net.phbwt.paperwork_1003007.apk,GENUINE_no
21640,4,MessageDigestSpec,okio.ByteString,digest$okio,net.phbwt.paperwork_1003007.apk,GENUINE_no
21701,4,MessageDigestSpec,okio.ByteString,digest$okio,net.phbwt.paperwork_1003007.apk,GENUINE_no
21706,4,MessageDigestSpec,okio.ByteString,digest$okio,net.phbwt.paperwork_1003007.apk,GENUINE_no
21719,4,MessageDigestSpec,okio.ByteString,digest$okio,net.phbwt.paperwork_1003007.apk,GENUINE_no
21724,4,MessageDigestSpec,okio.ByteString,digest$okio,net.phbwt.paperwork_1003007.apk,GENUINE_no
21729,4,MessageDigestSpec,okio.ByteString,digest$okio,net.phbwt.paperwork_1003007.apk,GENUINE_no
21734,4,MessageDigestSpec,okio.ByteString,digest$okio,net.phbwt.paperwork_1003007.apk,GENUINE_no
21739,4,MessageDigestSpec,okio.ByteString,digest$okio,net.phbwt.paperwork_1003007.apk,GENUINE_no
21740,4,MacSpec,org.cry.otp.HOTP,hmac_sha1,org.cry.otp_31.apk,GENUINE_no
21741,4,SecretKeySpecSpec,org.cry.otp.HOTP,hmac_sha1,org.cry.otp_31.apk,GENUINE_no
21742,4,MacSpec,org.cry.otp.TOTP,hmac_sha,org.cry.otp_31.apk,GENUINE_no
21743,4,SecretKeySpecSpec,org.cry.otp.TOTP,hmac_sha,org.cry.otp_31.apk,GENUINE_no
21744,4,MacSpec,org.cry.otp.TOTP,hmac_sha,org.cry.otp_31.apk,GENUINE_no
21745,4,SecretKeySpecSpec,org.cry.otp.TOTP,hmac_sha,org.cry.otp_31.apk,GENUINE_no
21746,4,MacSpec,org.cry.otp.TOTP,hmac_sha,org.cry.otp_31.apk,GENUINE_no
21747,4,SecretKeySpecSpec,org.cry.otp.TOTP,hmac_sha,org.cry.otp_31.apk,GENUINE_no
21749,3,CipherSpec,com.google.crypto.tink.aead.internal.InsecureNonceAesGcmJce,decrypt,org.css_apps_m3.password_manager_16.apk,LEGAL_REUSE_REJECTED
21751,3,CipherSpec,com.google.crypto.tink.aead.internal.InsecureNonceAesGcmJce,encrypt,org.css_apps_m3.password_manager_16.apk,LEGAL_REUSE_REJECTED
21763,3,MacSpec,com.google.crypto.tink.subtle.Hkdf,computeHkdf,org.css_apps_m3.password_manager_16.apk,LEGAL_REUSE_REJECTED
21766,4,CipherSpec,com.google.crypto.tink.subtle.PrfAesCmac,compute,org.css_apps_m3.password_manager_16.apk,GENUINE_no
21767,4,CipherSpec,com.google.crypto.tink.subtle.PrfAesCmac,generateSubKeys,org.css_apps_m3.password_manager_16.apk,GENUINE_no
21769,3,CipherSpec,com.google.crypto.tink.aead.internal.InsecureNonceAesGcmJce,decrypt,org.css_apps_m3.password_manager_16.apk,LEGAL_REUSE_REJECTED
21771,3,CipherSpec,com.google.crypto.tink.aead.internal.InsecureNonceAesGcmJce,encrypt,org.css_apps_m3.password_manager_16.apk,LEGAL_REUSE_REJECTED
21783,3,MacSpec,com.google.crypto.tink.subtle.Hkdf,computeHkdf,org.css_apps_m3.password_manager_16.apk,LEGAL_REUSE_REJECTED
21786,4,CipherSpec,com.google.crypto.tink.subtle.PrfAesCmac,compute,org.css_apps_m3.password_manager_16.apk,GENUINE_no
21787,4,CipherSpec,com.google.crypto.tink.subtle.PrfAesCmac,generateSubKeys,org.css_apps_m3.password_manager_16.apk,GENUINE_no
21789,3,CipherSpec,com.google.crypto.tink.aead.internal.InsecureNonceAesGcmJce,decrypt,org.css_apps_m3.password_manager_16.apk,LEGAL_REUSE_REJECTED
21791,3,CipherSpec,com.google.crypto.tink.aead.internal.InsecureNonceAesGcmJce,encrypt,org.css_apps_m3.password_manager_16.apk,LEGAL_REUSE_REJECTED
21803,3,MacSpec,com.google.crypto.tink.subtle.Hkdf,computeHkdf,org.css_apps_m3.password_manager_16.apk,LEGAL_REUSE_REJECTED
21806,4,CipherSpec,com.google.crypto.tink.subtle.PrfAesCmac,compute,org.css_apps_m3.password_manager_16.apk,GENUINE_no
21807,4,CipherSpec,com.google.crypto.tink.subtle.PrfAesCmac,generateSubKeys,org.css_apps_m3.password_manager_16.apk,GENUINE_no
21809,3,CipherSpec,com.google.crypto.tink.aead.internal.InsecureNonceAesGcmJce,decrypt,org.css_apps_m3.password_manager_16.apk,LEGAL_REUSE_REJECTED
21811,3,CipherSpec,com.google.crypto.tink.aead.internal.InsecureNonceAesGcmJce,encrypt,org.css_apps_m3.password_manager_16.apk,LEGAL_REUSE_REJECTED
21823,3,MacSpec,com.google.crypto.tink.subtle.Hkdf,computeHkdf,org.css_apps_m3.password_manager_16.apk,LEGAL_REUSE_REJECTED
21826,4,CipherSpec,com.google.crypto.tink.subtle.PrfAesCmac,compute,org.css_apps_m3.password_manager_16.apk,GENUINE_no
21827,4,CipherSpec,com.google.crypto.tink.subtle.PrfAesCmac,generateSubKeys,org.css_apps_m3.password_manager_16.apk,GENUINE_no
21829,3,CipherSpec,com.google.crypto.tink.aead.internal.InsecureNonceAesGcmJce,decrypt,org.css_apps_m3.password_manager_16.apk,LEGAL_REUSE_REJECTED
21831,3,CipherSpec,com.google.crypto.tink.aead.internal.InsecureNonceAesGcmJce,encrypt,org.css_apps_m3.password_manager_16.apk,LEGAL_REUSE_REJECTED
21843,3,MacSpec,com.google.crypto.tink.subtle.Hkdf,computeHkdf,org.css_apps_m3.password_manager_16.apk,LEGAL_REUSE_REJECTED
21846,4,CipherSpec,com.google.crypto.tink.subtle.PrfAesCmac,compute,org.css_apps_m3.password_manager_16.apk,GENUINE_no
21847,4,CipherSpec,com.google.crypto.tink.subtle.PrfAesCmac,generateSubKeys,org.css_apps_m3.password_manager_16.apk,GENUINE_no
21849,3,CipherSpec,com.google.crypto.tink.aead.internal.InsecureNonceAesGcmJce,decrypt,org.css_apps_m3.password_manager_16.apk,LEGAL_REUSE_REJECTED
21851,3,CipherSpec,com.google.crypto.tink.aead.internal.InsecureNonceAesGcmJce,encrypt,org.css_apps_m3.password_manager_16.apk,LEGAL_REUSE_REJECTED
21863,3,MacSpec,com.google.crypto.tink.subtle.Hkdf,computeHkdf,org.css_apps_m3.password_manager_16.apk,LEGAL_REUSE_REJECTED
21866,4,CipherSpec,com.google.crypto.tink.subtle.PrfAesCmac,compute,org.css_apps_m3.password_manager_16.apk,GENUINE_no
21867,4,CipherSpec,com.google.crypto.tink.subtle.PrfAesCmac,generateSubKeys,org.css_apps_m3.password_manager_16.apk,GENUINE_no
21869,3,CipherSpec,com.google.crypto.tink.aead.internal.InsecureNonceAesGcmJce,encrypt,org.css_apps_m3.password_manager_16.apk,LEGAL_REUSE_REJECTED
21880,3,MacSpec,com.google.crypto.tink.subtle.Hkdf,computeHkdf,org.css_apps_m3.password_manager_16.apk,LEGAL_REUSE_REJECTED
21883,4,CipherSpec,com.google.crypto.tink.subtle.PrfAesCmac,compute,org.css_apps_m3.password_manager_16.apk,GENUINE_no
21884,4,CipherSpec,com.google.crypto.tink.subtle.PrfAesCmac,generateSubKeys,org.css_apps_m3.password_manager_16.apk,GENUINE_no
21886,3,CipherSpec,com.google.crypto.tink.aead.internal.InsecureNonceAesGcmJce,decrypt,org.css_apps_m3.password_manager_16.apk,LEGAL_REUSE_REJECTED
21888,3,CipherSpec,com.google.crypto.tink.aead.internal.InsecureNonceAesGcmJce,encrypt,org.css_apps_m3.password_manager_16.apk,LEGAL_REUSE_REJECTED
21900,3,MacSpec,com.google.crypto.tink.subtle.Hkdf,computeHkdf,org.css_apps_m3.password_manager_16.apk,LEGAL_REUSE_REJECTED
21903,4,CipherSpec,com.google.crypto.tink.subtle.PrfAesCmac,compute,org.css_apps_m3.password_manager_16.apk,GENUINE_no
21904,4,CipherSpec,com.google.crypto.tink.subtle.PrfAesCmac,generateSubKeys,org.css_apps_m3.password_manager_16.apk,GENUINE_no
21906,3,CipherSpec,com.google.crypto.tink.aead.internal.InsecureNonceAesGcmJce,decrypt,org.css_apps_m3.password_manager_16.apk,LEGAL_REUSE_REJECTED
21908,3,CipherSpec,com.google.crypto.tink.aead.internal.InsecureNonceAesGcmJce,encrypt,org.css_apps_m3.password_manager_16.apk,LEGAL_REUSE_REJECTED
21922,3,MacSpec,com.google.crypto.tink.subtle.Hkdf,computeHkdf,org.css_apps_m3.password_manager_16.apk,LEGAL_REUSE_REJECTED
21925,4,CipherSpec,com.google.crypto.tink.subtle.PrfAesCmac,compute,org.css_apps_m3.password_manager_16.apk,GENUINE_no
21926,4,CipherSpec,com.google.crypto.tink.subtle.PrfAesCmac,generateSubKeys,org.css_apps_m3.password_manager_16.apk,GENUINE_no
21928,3,CipherSpec,com.google.crypto.tink.aead.internal.InsecureNonceAesGcmJce,decrypt,org.css_apps_m3.password_manager_16.apk,LEGAL_REUSE_REJECTED
21930,3,CipherSpec,com.google.crypto.tink.aead.internal.InsecureNonceAesGcmJce,encrypt,org.css_apps_m3.password_manager_16.apk,LEGAL_REUSE_REJECTED
21942,3,MacSpec,com.google.crypto.tink.subtle.Hkdf,computeHkdf,org.css_apps_m3.password_manager_16.apk,LEGAL_REUSE_REJECTED
21945,4,CipherSpec,com.google.crypto.tink.subtle.PrfAesCmac,compute,org.css_apps_m3.password_manager_16.apk,GENUINE_no
21946,4,CipherSpec,com.google.crypto.tink.subtle.PrfAesCmac,generateSubKeys,org.css_apps_m3.password_manager_16.apk,GENUINE_no
21948,3,CipherSpec,com.google.crypto.tink.aead.internal.InsecureNonceAesGcmJce,encrypt,org.css_apps_m3.password_manager_16.apk,LEGAL_REUSE_REJECTED
21959,3,MacSpec,com.google.crypto.tink.subtle.Hkdf,computeHkdf,org.css_apps_m3.password_manager_16.apk,LEGAL_REUSE_REJECTED
21962,4,CipherSpec,com.google.crypto.tink.subtle.PrfAesCmac,compute,org.css_apps_m3.password_manager_16.apk,GENUINE_no
21963,4,CipherSpec,com.google.crypto.tink.subtle.PrfAesCmac,generateSubKeys,org.css_apps_m3.password_manager_16.apk,GENUINE_no
21965,3,CipherSpec,com.google.crypto.tink.aead.internal.InsecureNonceAesGcmJce,decrypt,org.css_apps_m3.password_manager_16.apk,LEGAL_REUSE_REJECTED
21967,3,CipherSpec,com.google.crypto.tink.aead.internal.InsecureNonceAesGcmJce,encrypt,org.css_apps_m3.password_manager_16.apk,LEGAL_REUSE_REJECTED
21979,3,MacSpec,com.google.crypto.tink.subtle.Hkdf,computeHkdf,org.css_apps_m3.password_manager_16.apk,LEGAL_REUSE_REJECTED
21982,4,CipherSpec,com.google.crypto.tink.subtle.PrfAesCmac,compute,org.css_apps_m3.password_manager_16.apk,GENUINE_no
21983,4,CipherSpec,com.google.crypto.tink.subtle.PrfAesCmac,generateSubKeys,org.css_apps_m3.password_manager_16.apk,GENUINE_no
21985,3,CipherSpec,com.google.crypto.tink.aead.internal.InsecureNonceAesGcmJce,decrypt,org.css_apps_m3.password_manager_16.apk,LEGAL_REUSE_REJECTED
21987,3,CipherSpec,com.google.crypto.tink.aead.internal.InsecureNonceAesGcmJce,encrypt,org.css_apps_m3.password_manager_16.apk,LEGAL_REUSE_REJECTED
22001,3,MacSpec,com.google.crypto.tink.subtle.Hkdf,computeHkdf,org.css_apps_m3.password_manager_16.apk,LEGAL_REUSE_REJECTED
22004,4,CipherSpec,com.google.crypto.tink.subtle.PrfAesCmac,compute,org.css_apps_m3.password_manager_16.apk,GENUINE_no
22005,4,CipherSpec,com.google.crypto.tink.subtle.PrfAesCmac,generateSubKeys,org.css_apps_m3.password_manager_16.apk,GENUINE_no
22007,3,CipherSpec,com.google.crypto.tink.aead.internal.InsecureNonceAesGcmJce,decrypt,org.css_apps_m3.password_manager_16.apk,LEGAL_REUSE_REJECTED
22009,3,CipherSpec,com.google.crypto.tink.aead.internal.InsecureNonceAesGcmJce,encrypt,org.css_apps_m3.password_manager_16.apk,LEGAL_REUSE_REJECTED
22023,3,MacSpec,com.google.crypto.tink.subtle.Hkdf,computeHkdf,org.css_apps_m3.password_manager_16.apk,LEGAL_REUSE_REJECTED
22026,4,CipherSpec,com.google.crypto.tink.subtle.PrfAesCmac,compute,org.css_apps_m3.password_manager_16.apk,GENUINE_no
22027,4,CipherSpec,com.google.crypto.tink.subtle.PrfAesCmac,generateSubKeys,org.css_apps_m3.password_manager_16.apk,GENUINE_no
22029,3,CipherSpec,com.google.crypto.tink.aead.internal.InsecureNonceAesGcmJce,decrypt,org.css_apps_m3.password_manager_16.apk,LEGAL_REUSE_REJECTED
22031,3,CipherSpec,com.google.crypto.tink.aead.internal.InsecureNonceAesGcmJce,encrypt,org.css_apps_m3.password_manager_16.apk,LEGAL_REUSE_REJECTED
22045,3,MacSpec,com.google.crypto.tink.subtle.Hkdf,computeHkdf,org.css_apps_m3.password_manager_16.apk,LEGAL_REUSE_REJECTED
22048,4,CipherSpec,com.google.crypto.tink.subtle.PrfAesCmac,compute,org.css_apps_m3.password_manager_16.apk,GENUINE_no
22049,4,CipherSpec,com.google.crypto.tink.subtle.PrfAesCmac,generateSubKeys,org.css_apps_m3.password_manager_16.apk,GENUINE_no
22051,3,CipherSpec,com.google.crypto.tink.aead.internal.InsecureNonceAesGcmJce,decrypt,org.css_apps_m3.password_manager_16.apk,LEGAL_REUSE_REJECTED
22053,3,CipherSpec,com.google.crypto.tink.aead.internal.InsecureNonceAesGcmJce,encrypt,org.css_apps_m3.password_manager_16.apk,LEGAL_REUSE_REJECTED
22067,3,MacSpec,com.google.crypto.tink.subtle.Hkdf,computeHkdf,org.css_apps_m3.password_manager_16.apk,LEGAL_REUSE_REJECTED
22070,4,CipherSpec,com.google.crypto.tink.subtle.PrfAesCmac,compute,org.css_apps_m3.password_manager_16.apk,GENUINE_no
22071,4,CipherSpec,com.google.crypto.tink.subtle.PrfAesCmac,generateSubKeys,org.css_apps_m3.password_manager_16.apk,GENUINE_no
22073,3,CipherSpec,com.google.crypto.tink.aead.internal.InsecureNonceAesGcmJce,decrypt,org.css_apps_m3.password_manager_16.apk,LEGAL_REUSE_REJECTED
22075,3,CipherSpec,com.google.crypto.tink.aead.internal.InsecureNonceAesGcmJce,encrypt,org.css_apps_m3.password_manager_16.apk,LEGAL_REUSE_REJECTED
22089,3,MacSpec,com.google.crypto.tink.subtle.Hkdf,computeHkdf,org.css_apps_m3.password_manager_16.apk,LEGAL_REUSE_REJECTED
22092,4,CipherSpec,com.google.crypto.tink.subtle.PrfAesCmac,compute,org.css_apps_m3.password_manager_16.apk,GENUINE_no
22093,4,CipherSpec,com.google.crypto.tink.subtle.PrfAesCmac,generateSubKeys,org.css_apps_m3.password_manager_16.apk,GENUINE_no
22095,3,CipherSpec,com.google.crypto.tink.aead.internal.InsecureNonceAesGcmJce,decrypt,org.css_apps_m3.password_manager_16.apk,LEGAL_REUSE_REJECTED
22097,3,CipherSpec,com.google.crypto.tink.aead.internal.InsecureNonceAesGcmJce,encrypt,org.css_apps_m3.password_manager_16.apk,LEGAL_REUSE_REJECTED
22111,3,MacSpec,com.google.crypto.tink.subtle.Hkdf,computeHkdf,org.css_apps_m3.password_manager_16.apk,LEGAL_REUSE_REJECTED
22114,4,CipherSpec,com.google.crypto.tink.subtle.PrfAesCmac,compute,org.css_apps_m3.password_manager_16.apk,GENUINE_no
22115,4,CipherSpec,com.google.crypto.tink.subtle.PrfAesCmac,generateSubKeys,org.css_apps_m3.password_manager_16.apk,GENUINE_no
22117,3,CipherSpec,com.google.crypto.tink.aead.internal.InsecureNonceAesGcmJce,decrypt,org.css_apps_m3.password_manager_16.apk,LEGAL_REUSE_REJECTED
22119,3,CipherSpec,com.google.crypto.tink.aead.internal.InsecureNonceAesGcmJce,encrypt,org.css_apps_m3.password_manager_16.apk,LEGAL_REUSE_REJECTED
22133,3,MacSpec,com.google.crypto.tink.subtle.Hkdf,computeHkdf,org.css_apps_m3.password_manager_16.apk,LEGAL_REUSE_REJECTED
22136,4,CipherSpec,com.google.crypto.tink.subtle.PrfAesCmac,compute,org.css_apps_m3.password_manager_16.apk,GENUINE_no
22137,4,CipherSpec,com.google.crypto.tink.subtle.PrfAesCmac,generateSubKeys,org.css_apps_m3.password_manager_16.apk,GENUINE_no
22139,3,CipherSpec,com.google.crypto.tink.aead.internal.InsecureNonceAesGcmJce,decrypt,org.css_apps_m3.password_manager_16.apk,LEGAL_REUSE_REJECTED
22141,3,CipherSpec,com.google.crypto.tink.aead.internal.InsecureNonceAesGcmJce,encrypt,org.css_apps_m3.password_manager_16.apk,LEGAL_REUSE_REJECTED
22155,3,MacSpec,com.google.crypto.tink.subtle.Hkdf,computeHkdf,org.css_apps_m3.password_manager_16.apk,LEGAL_REUSE_REJECTED
22158,4,CipherSpec,com.google.crypto.tink.subtle.PrfAesCmac,compute,org.css_apps_m3.password_manager_16.apk,GENUINE_no
22159,4,CipherSpec,com.google.crypto.tink.subtle.PrfAesCmac,generateSubKeys,org.css_apps_m3.password_manager_16.apk,GENUINE_no
22161,3,CipherSpec,com.google.crypto.tink.aead.internal.InsecureNonceAesGcmJce,decrypt,org.css_apps_m3.password_manager_16.apk,LEGAL_REUSE_REJECTED
22163,3,CipherSpec,com.google.crypto.tink.aead.internal.InsecureNonceAesGcmJce,encrypt,org.css_apps_m3.password_manager_16.apk,LEGAL_REUSE_REJECTED
22177,3,MacSpec,com.google.crypto.tink.subtle.Hkdf,computeHkdf,org.css_apps_m3.password_manager_16.apk,LEGAL_REUSE_REJECTED
22180,4,CipherSpec,com.google.crypto.tink.subtle.PrfAesCmac,compute,org.css_apps_m3.password_manager_16.apk,GENUINE_no
22181,4,CipherSpec,com.google.crypto.tink.subtle.PrfAesCmac,generateSubKeys,org.css_apps_m3.password_manager_16.apk,GENUINE_no
22183,3,CipherSpec,com.google.crypto.tink.aead.internal.InsecureNonceAesGcmJce,decrypt,org.css_apps_m3.password_manager_16.apk,LEGAL_REUSE_REJECTED
22185,3,CipherSpec,com.google.crypto.tink.aead.internal.InsecureNonceAesGcmJce,encrypt,org.css_apps_m3.password_manager_16.apk,LEGAL_REUSE_REJECTED
22199,3,MacSpec,com.google.crypto.tink.subtle.Hkdf,computeHkdf,org.css_apps_m3.password_manager_16.apk,LEGAL_REUSE_REJECTED
22202,4,CipherSpec,com.google.crypto.tink.subtle.PrfAesCmac,compute,org.css_apps_m3.password_manager_16.apk,GENUINE_no
22203,4,CipherSpec,com.google.crypto.tink.subtle.PrfAesCmac,generateSubKeys,org.css_apps_m3.password_manager_16.apk,GENUINE_no
22205,3,CipherSpec,com.google.crypto.tink.aead.internal.InsecureNonceAesGcmJce,decrypt,org.css_apps_m3.password_manager_16.apk,LEGAL_REUSE_REJECTED
22207,3,CipherSpec,com.google.crypto.tink.aead.internal.InsecureNonceAesGcmJce,encrypt,org.css_apps_m3.password_manager_16.apk,LEGAL_REUSE_REJECTED
22221,3,MacSpec,com.google.crypto.tink.subtle.Hkdf,computeHkdf,org.css_apps_m3.password_manager_16.apk,LEGAL_REUSE_REJECTED
22224,4,CipherSpec,com.google.crypto.tink.subtle.PrfAesCmac,compute,org.css_apps_m3.password_manager_16.apk,GENUINE_no
22225,4,CipherSpec,com.google.crypto.tink.subtle.PrfAesCmac,generateSubKeys,org.css_apps_m3.password_manager_16.apk,GENUINE_no
22227,3,CipherSpec,com.google.crypto.tink.aead.internal.InsecureNonceAesGcmJce,decrypt,org.css_apps_m3.password_manager_16.apk,LEGAL_REUSE_REJECTED
22229,3,CipherSpec,com.google.crypto.tink.aead.internal.InsecureNonceAesGcmJce,encrypt,org.css_apps_m3.password_manager_16.apk,LEGAL_REUSE_REJECTED
22243,3,MacSpec,com.google.crypto.tink.subtle.Hkdf,computeHkdf,org.css_apps_m3.password_manager_16.apk,LEGAL_REUSE_REJECTED
22246,4,CipherSpec,com.google.crypto.tink.subtle.PrfAesCmac,compute,org.css_apps_m3.password_manager_16.apk,GENUINE_no
22247,4,CipherSpec,com.google.crypto.tink.subtle.PrfAesCmac,generateSubKeys,org.css_apps_m3.password_manager_16.apk,GENUINE_no
22249,3,CipherSpec,com.google.crypto.tink.aead.internal.InsecureNonceAesGcmJce,decrypt,org.css_apps_m3.password_manager_16.apk,LEGAL_REUSE_REJECTED
22251,3,CipherSpec,com.google.crypto.tink.aead.internal.InsecureNonceAesGcmJce,encrypt,org.css_apps_m3.password_manager_16.apk,LEGAL_REUSE_REJECTED
22263,3,MacSpec,com.google.crypto.tink.subtle.Hkdf,computeHkdf,org.css_apps_m3.password_manager_16.apk,LEGAL_REUSE_REJECTED
22266,4,CipherSpec,com.google.crypto.tink.subtle.PrfAesCmac,compute,org.css_apps_m3.password_manager_16.apk,GENUINE_no
22267,4,CipherSpec,com.google.crypto.tink.subtle.PrfAesCmac,generateSubKeys,org.css_apps_m3.password_manager_16.apk,GENUINE_no
22269,3,CipherSpec,com.google.crypto.tink.aead.internal.InsecureNonceAesGcmJce,decrypt,org.css_apps_m3.password_manager_16.apk,LEGAL_REUSE_REJECTED
22271,3,CipherSpec,com.google.crypto.tink.aead.internal.InsecureNonceAesGcmJce,encrypt,org.css_apps_m3.password_manager_16.apk,LEGAL_REUSE_REJECTED
22283,3,MacSpec,com.google.crypto.tink.subtle.Hkdf,computeHkdf,org.css_apps_m3.password_manager_16.apk,LEGAL_REUSE_REJECTED
22286,4,CipherSpec,com.google.crypto.tink.subtle.PrfAesCmac,compute,org.css_apps_m3.password_manager_16.apk,GENUINE_no
22287,4,CipherSpec,com.google.crypto.tink.subtle.PrfAesCmac,generateSubKeys,org.css_apps_m3.password_manager_16.apk,GENUINE_no
22289,3,CipherSpec,com.google.crypto.tink.aead.internal.InsecureNonceAesGcmJce,decrypt,org.css_apps_m3.password_manager_16.apk,LEGAL_REUSE_REJECTED
22291,3,CipherSpec,com.google.crypto.tink.aead.internal.InsecureNonceAesGcmJce,encrypt,org.css_apps_m3.password_manager_16.apk,LEGAL_REUSE_REJECTED
22303,3,MacSpec,com.google.crypto.tink.subtle.Hkdf,computeHkdf,org.css_apps_m3.password_manager_16.apk,LEGAL_REUSE_REJECTED
22306,4,CipherSpec,com.google.crypto.tink.subtle.PrfAesCmac,compute,org.css_apps_m3.password_manager_16.apk,GENUINE_no
22307,4,CipherSpec,com.google.crypto.tink.subtle.PrfAesCmac,generateSubKeys,org.css_apps_m3.password_manager_16.apk,GENUINE_no
22309,3,CipherSpec,com.google.crypto.tink.aead.internal.InsecureNonceAesGcmJce,decrypt,org.css_apps_m3.password_manager_16.apk,LEGAL_REUSE_REJECTED
22311,3,CipherSpec,com.google.crypto.tink.aead.internal.InsecureNonceAesGcmJce,encrypt,org.css_apps_m3.password_manager_16.apk,LEGAL_REUSE_REJECTED
22323,3,MacSpec,com.google.crypto.tink.subtle.Hkdf,computeHkdf,org.css_apps_m3.password_manager_16.apk,LEGAL_REUSE_REJECTED
22326,4,CipherSpec,com.google.crypto.tink.subtle.PrfAesCmac,compute,org.css_apps_m3.password_manager_16.apk,GENUINE_no
22327,4,CipherSpec,com.google.crypto.tink.subtle.PrfAesCmac,generateSubKeys,org.css_apps_m3.password_manager_16.apk,GENUINE_no
22329,3,CipherSpec,com.google.crypto.tink.aead.internal.InsecureNonceAesGcmJce,decrypt,org.css_apps_m3.password_manager_16.apk,LEGAL_REUSE_REJECTED
22331,3,CipherSpec,com.google.crypto.tink.aead.internal.InsecureNonceAesGcmJce,encrypt,org.css_apps_m3.password_manager_16.apk,LEGAL_REUSE_REJECTED
22343,3,MacSpec,com.google.crypto.tink.subtle.Hkdf,computeHkdf,org.css_apps_m3.password_manager_16.apk,LEGAL_REUSE_REJECTED
22346,4,CipherSpec,com.google.crypto.tink.subtle.PrfAesCmac,compute,org.css_apps_m3.password_manager_16.apk,GENUINE_no
22347,4,CipherSpec,com.google.crypto.tink.subtle.PrfAesCmac,generateSubKeys,org.css_apps_m3.password_manager_16.apk,GENUINE_no
22349,3,CipherSpec,com.google.crypto.tink.aead.internal.InsecureNonceAesGcmJce,decrypt,org.css_apps_m3.password_manager_16.apk,LEGAL_REUSE_REJECTED
22351,3,CipherSpec,com.google.crypto.tink.aead.internal.InsecureNonceAesGcmJce,encrypt,org.css_apps_m3.password_manager_16.apk,LEGAL_REUSE_REJECTED
22363,3,MacSpec,com.google.crypto.tink.subtle.Hkdf,computeHkdf,org.css_apps_m3.password_manager_16.apk,LEGAL_REUSE_REJECTED
22366,4,CipherSpec,com.google.crypto.tink.subtle.PrfAesCmac,compute,org.css_apps_m3.password_manager_16.apk,GENUINE_no
22367,4,CipherSpec,com.google.crypto.tink.subtle.PrfAesCmac,generateSubKeys,org.css_apps_m3.password_manager_16.apk,GENUINE_no
22369,3,CipherSpec,com.google.crypto.tink.aead.internal.InsecureNonceAesGcmJce,decrypt,org.css_apps_m3.password_manager_16.apk,LEGAL_REUSE_REJECTED
22371,3,CipherSpec,com.google.crypto.tink.aead.internal.InsecureNonceAesGcmJce,encrypt,org.css_apps_m3.password_manager_16.apk,LEGAL_REUSE_REJECTED
22385,3,MacSpec,com.google.crypto.tink.subtle.Hkdf,computeHkdf,org.css_apps_m3.password_manager_16.apk,LEGAL_REUSE_REJECTED
22388,4,CipherSpec,com.google.crypto.tink.subtle.PrfAesCmac,compute,org.css_apps_m3.password_manager_16.apk,GENUINE_no
22389,4,CipherSpec,com.google.crypto.tink.subtle.PrfAesCmac,generateSubKeys,org.css_apps_m3.password_manager_16.apk,GENUINE_no
22391,3,CipherSpec,com.google.crypto.tink.aead.internal.InsecureNonceAesGcmJce,decrypt,org.css_apps_m3.password_manager_16.apk,LEGAL_REUSE_REJECTED
22393,3,CipherSpec,com.google.crypto.tink.aead.internal.InsecureNonceAesGcmJce,encrypt,org.css_apps_m3.password_manager_16.apk,LEGAL_REUSE_REJECTED
22405,3,MacSpec,com.google.crypto.tink.subtle.Hkdf,computeHkdf,org.css_apps_m3.password_manager_16.apk,LEGAL_REUSE_REJECTED
22408,4,CipherSpec,com.google.crypto.tink.subtle.PrfAesCmac,compute,org.css_apps_m3.password_manager_16.apk,GENUINE_no
22409,4,CipherSpec,com.google.crypto.tink.subtle.PrfAesCmac,generateSubKeys,org.css_apps_m3.password_manager_16.apk,GENUINE_no
22411,3,CipherSpec,com.google.crypto.tink.aead.internal.InsecureNonceAesGcmJce,decrypt,org.css_apps_m3.password_manager_16.apk,LEGAL_REUSE_REJECTED
22413,3,CipherSpec,com.google.crypto.tink.aead.internal.InsecureNonceAesGcmJce,encrypt,org.css_apps_m3.password_manager_16.apk,LEGAL_REUSE_REJECTED
22425,3,MacSpec,com.google.crypto.tink.subtle.Hkdf,computeHkdf,org.css_apps_m3.password_manager_16.apk,LEGAL_REUSE_REJECTED
22428,4,CipherSpec,com.google.crypto.tink.subtle.PrfAesCmac,compute,org.css_apps_m3.password_manager_16.apk,GENUINE_no
22429,4,CipherSpec,com.google.crypto.tink.subtle.PrfAesCmac,generateSubKeys,org.css_apps_m3.password_manager_16.apk,GENUINE_no
22431,3,CipherSpec,com.google.crypto.tink.aead.internal.InsecureNonceAesGcmJce,decrypt,org.css_apps_m3.password_manager_16.apk,LEGAL_REUSE_REJECTED
22433,3,CipherSpec,com.google.crypto.tink.aead.internal.InsecureNonceAesGcmJce,encrypt,org.css_apps_m3.password_manager_16.apk,LEGAL_REUSE_REJECTED
22445,3,MacSpec,com.google.crypto.tink.subtle.Hkdf,computeHkdf,org.css_apps_m3.password_manager_16.apk,LEGAL_REUSE_REJECTED
22448,4,CipherSpec,com.google.crypto.tink.subtle.PrfAesCmac,compute,org.css_apps_m3.password_manager_16.apk,GENUINE_no
22449,4,CipherSpec,com.google.crypto.tink.subtle.PrfAesCmac,generateSubKeys,org.css_apps_m3.password_manager_16.apk,GENUINE_no
22450,2,AlgorithmParametersSpec,org.fedorahosted.freeotp.encryptor.EncryptedKey,<init>,org.fedorahosted.freeotp_48.apk,UNOBSERVED_CREATION
22451,4,AlgorithmParametersSpec,org.fedorahosted.freeotp.encryptor.EncryptedKey,decrypt,org.fedorahosted.freeotp_48.apk,GENUINE_no
22454,4,CipherSpec,org.fedorahosted.freeotp.encryptor.EncryptedKey,encrypt,org.fedorahosted.freeotp_48.apk,GENUINE_no
22458,2,AlgorithmParametersSpec,org.fedorahosted.freeotp.encryptor.EncryptedKey,<init>,org.fedorahosted.freeotp_48.apk,UNOBSERVED_CREATION
22459,4,AlgorithmParametersSpec,org.fedorahosted.freeotp.encryptor.EncryptedKey,decrypt,org.fedorahosted.freeotp_48.apk,GENUINE_no
22462,4,CipherSpec,org.fedorahosted.freeotp.encryptor.EncryptedKey,encrypt,org.fedorahosted.freeotp_48.apk,GENUINE_no
22466,2,AlgorithmParametersSpec,org.fedorahosted.freeotp.encryptor.EncryptedKey,<init>,org.fedorahosted.freeotp_48.apk,UNOBSERVED_CREATION
22467,4,AlgorithmParametersSpec,org.fedorahosted.freeotp.encryptor.EncryptedKey,decrypt,org.fedorahosted.freeotp_48.apk,GENUINE_no
22470,4,CipherSpec,org.fedorahosted.freeotp.encryptor.EncryptedKey,encrypt,org.fedorahosted.freeotp_48.apk,GENUINE_no
22474,2,AlgorithmParametersSpec,org.fedorahosted.freeotp.encryptor.EncryptedKey,<init>,org.fedorahosted.freeotp_48.apk,UNOBSERVED_CREATION
22475,4,AlgorithmParametersSpec,org.fedorahosted.freeotp.encryptor.EncryptedKey,decrypt,org.fedorahosted.freeotp_48.apk,GENUINE_no
22478,4,CipherSpec,org.fedorahosted.freeotp.encryptor.EncryptedKey,encrypt,org.fedorahosted.freeotp_48.apk,GENUINE_no
22482,2,AlgorithmParametersSpec,org.fedorahosted.freeotp.encryptor.EncryptedKey,<init>,org.fedorahosted.freeotp_48.apk,UNOBSERVED_CREATION
22483,4,AlgorithmParametersSpec,org.fedorahosted.freeotp.encryptor.EncryptedKey,decrypt,org.fedorahosted.freeotp_48.apk,GENUINE_no
22486,4,CipherSpec,org.fedorahosted.freeotp.encryptor.EncryptedKey,encrypt,org.fedorahosted.freeotp_48.apk,GENUINE_no
22490,2,AlgorithmParametersSpec,org.fedorahosted.freeotp.encryptor.EncryptedKey,<init>,org.fedorahosted.freeotp_48.apk,UNOBSERVED_CREATION
22491,4,AlgorithmParametersSpec,org.fedorahosted.freeotp.encryptor.EncryptedKey,decrypt,org.fedorahosted.freeotp_48.apk,GENUINE_no
22494,4,CipherSpec,org.fedorahosted.freeotp.encryptor.EncryptedKey,encrypt,org.fedorahosted.freeotp_48.apk,GENUINE_no
22498,2,AlgorithmParametersSpec,org.fedorahosted.freeotp.encryptor.EncryptedKey,<init>,org.fedorahosted.freeotp_48.apk,UNOBSERVED_CREATION
22499,4,AlgorithmParametersSpec,org.fedorahosted.freeotp.encryptor.EncryptedKey,decrypt,org.fedorahosted.freeotp_48.apk,GENUINE_no
22502,4,CipherSpec,org.fedorahosted.freeotp.encryptor.EncryptedKey,encrypt,org.fedorahosted.freeotp_48.apk,GENUINE_no
22506,2,AlgorithmParametersSpec,org.fedorahosted.freeotp.encryptor.EncryptedKey,<init>,org.fedorahosted.freeotp_48.apk,UNOBSERVED_CREATION
22507,4,AlgorithmParametersSpec,org.fedorahosted.freeotp.encryptor.EncryptedKey,decrypt,org.fedorahosted.freeotp_48.apk,GENUINE_no
22510,4,CipherSpec,org.fedorahosted.freeotp.encryptor.EncryptedKey,encrypt,org.fedorahosted.freeotp_48.apk,GENUINE_no
22514,2,AlgorithmParametersSpec,org.fedorahosted.freeotp.encryptor.EncryptedKey,<init>,org.fedorahosted.freeotp_48.apk,UNOBSERVED_CREATION
22515,4,AlgorithmParametersSpec,org.fedorahosted.freeotp.encryptor.EncryptedKey,decrypt,org.fedorahosted.freeotp_48.apk,GENUINE_no
22518,4,CipherSpec,org.fedorahosted.freeotp.encryptor.EncryptedKey,encrypt,org.fedorahosted.freeotp_48.apk,GENUINE_no
22522,2,AlgorithmParametersSpec,org.fedorahosted.freeotp.encryptor.EncryptedKey,<init>,org.fedorahosted.freeotp_48.apk,UNOBSERVED_CREATION
22523,4,AlgorithmParametersSpec,org.fedorahosted.freeotp.encryptor.EncryptedKey,decrypt,org.fedorahosted.freeotp_48.apk,GENUINE_no
22526,4,CipherSpec,org.fedorahosted.freeotp.encryptor.EncryptedKey,encrypt,org.fedorahosted.freeotp_48.apk,GENUINE_no
22530,2,AlgorithmParametersSpec,org.fedorahosted.freeotp.encryptor.EncryptedKey,<init>,org.fedorahosted.freeotp_48.apk,UNOBSERVED_CREATION
22531,4,AlgorithmParametersSpec,org.fedorahosted.freeotp.encryptor.EncryptedKey,decrypt,org.fedorahosted.freeotp_48.apk,GENUINE_no
22534,4,CipherSpec,org.fedorahosted.freeotp.encryptor.EncryptedKey,encrypt,org.fedorahosted.freeotp_48.apk,GENUINE_no
22538,2,AlgorithmParametersSpec,org.fedorahosted.freeotp.encryptor.EncryptedKey,<init>,org.fedorahosted.freeotp_48.apk,UNOBSERVED_CREATION
22539,4,AlgorithmParametersSpec,org.fedorahosted.freeotp.encryptor.EncryptedKey,decrypt,org.fedorahosted.freeotp_48.apk,GENUINE_no
22542,4,CipherSpec,org.fedorahosted.freeotp.encryptor.EncryptedKey,encrypt,org.fedorahosted.freeotp_48.apk,GENUINE_no
22546,2,AlgorithmParametersSpec,org.fedorahosted.freeotp.encryptor.EncryptedKey,<init>,org.fedorahosted.freeotp_48.apk,UNOBSERVED_CREATION
22547,4,AlgorithmParametersSpec,org.fedorahosted.freeotp.encryptor.EncryptedKey,decrypt,org.fedorahosted.freeotp_48.apk,GENUINE_no
22550,4,CipherSpec,org.fedorahosted.freeotp.encryptor.EncryptedKey,encrypt,org.fedorahosted.freeotp_48.apk,GENUINE_no
22554,2,AlgorithmParametersSpec,org.fedorahosted.freeotp.encryptor.EncryptedKey,<init>,org.fedorahosted.freeotp_48.apk,UNOBSERVED_CREATION
22555,4,AlgorithmParametersSpec,org.fedorahosted.freeotp.encryptor.EncryptedKey,decrypt,org.fedorahosted.freeotp_48.apk,GENUINE_no
22558,4,CipherSpec,org.fedorahosted.freeotp.encryptor.EncryptedKey,encrypt,org.fedorahosted.freeotp_48.apk,GENUINE_no
22562,2,AlgorithmParametersSpec,org.fedorahosted.freeotp.encryptor.EncryptedKey,<init>,org.fedorahosted.freeotp_48.apk,UNOBSERVED_CREATION
22563,4,AlgorithmParametersSpec,org.fedorahosted.freeotp.encryptor.EncryptedKey,decrypt,org.fedorahosted.freeotp_48.apk,GENUINE_no
22566,4,CipherSpec,org.fedorahosted.freeotp.encryptor.EncryptedKey,encrypt,org.fedorahosted.freeotp_48.apk,GENUINE_no
22570,2,AlgorithmParametersSpec,org.fedorahosted.freeotp.encryptor.EncryptedKey,<init>,org.fedorahosted.freeotp_48.apk,UNOBSERVED_CREATION
22571,4,AlgorithmParametersSpec,org.fedorahosted.freeotp.encryptor.EncryptedKey,decrypt,org.fedorahosted.freeotp_48.apk,GENUINE_no
22574,4,CipherSpec,org.fedorahosted.freeotp.encryptor.EncryptedKey,encrypt,org.fedorahosted.freeotp_48.apk,GENUINE_no
22578,2,AlgorithmParametersSpec,org.fedorahosted.freeotp.encryptor.EncryptedKey,<init>,org.fedorahosted.freeotp_48.apk,UNOBSERVED_CREATION
22579,4,AlgorithmParametersSpec,org.fedorahosted.freeotp.encryptor.EncryptedKey,decrypt,org.fedorahosted.freeotp_48.apk,GENUINE_no
22582,4,CipherSpec,org.fedorahosted.freeotp.encryptor.EncryptedKey,encrypt,org.fedorahosted.freeotp_48.apk,GENUINE_no
22586,6,MessageDigestSpec,com.andrognito.patternlockview.utils.PatternLockUtils,patternToSha1,org.fossify.notes_13.apk,GENUINE_yes
22587,6,MessageDigestSpec,com.andrognito.patternlockview.utils.PatternLockUtils,patternToSha1,org.fossify.notes_13.apk,GENUINE_yes
22588,6,MessageDigestSpec,org.fossify.commons.views.PinTab,getHashedPin,org.fossify.notes_13.apk,GENUINE_yes
22589,6,MessageDigestSpec,com.andrognito.patternlockview.utils.PatternLockUtils,patternToSha1,org.fossify.notes_13.apk,GENUINE_yes
22590,6,MessageDigestSpec,com.andrognito.patternlockview.utils.PatternLockUtils,patternToSha1,org.fossify.notes_13.apk,GENUINE_yes
22591,6,MessageDigestSpec,org.fossify.commons.views.PinTab,getHashedPin,org.fossify.notes_13.apk,GENUINE_yes
22592,6,MessageDigestSpec,com.andrognito.patternlockview.utils.PatternLockUtils,patternToSha1,org.fossify.notes_13.apk,GENUINE_yes
22593,6,MessageDigestSpec,org.fossify.commons.views.PinTab,getHashedPin,org.fossify.notes_13.apk,GENUINE_yes
22594,6,MessageDigestSpec,org.fossify.commons.views.PinTab,getHashedPin,org.fossify.notes_13.apk,GENUINE_yes
22595,4,MessageDigestSpec,com.google.android.gms.common.util.AndroidUtilsLight,getPackageCertificateHashBytes,org.glpi.inventory.agent_39469.apk,GENUINE_no
22596,4,MessageDigestSpec,com.google.android.gms.common.util.AndroidUtilsLight,zza,org.glpi.inventory.agent_39469.apk,GENUINE_no
22597,4,MessageDigestSpec,com.google.android.gms.measurement.internal.zzop,zza,org.glpi.inventory.agent_39469.apk,GENUINE_no
22598,4,MessageDigestSpec,com.google.android.gms.measurement.internal.zzop,zzu,org.glpi.inventory.agent_39469.apk,GENUINE_no
22599,4,MessageDigestSpec,com.google.firebase.crashlytics.internal.common.CommonUtils,hash,org.glpi.inventory.agent_39469.apk,GENUINE_no
22600,4,MessageDigestSpec,com.google.android.gms.common.util.AndroidUtilsLight,getPackageCertificateHashBytes,org.glpi.inventory.agent_39469.apk,GENUINE_no
22601,4,MessageDigestSpec,com.google.android.gms.common.util.AndroidUtilsLight,zza,org.glpi.inventory.agent_39469.apk,GENUINE_no
22602,4,MessageDigestSpec,com.google.android.gms.measurement.internal.zzop,zza,org.glpi.inventory.agent_39469.apk,GENUINE_no
22603,4,MessageDigestSpec,com.google.android.gms.measurement.internal.zzop,zzu,org.glpi.inventory.agent_39469.apk,GENUINE_no
22604,4,MessageDigestSpec,com.google.firebase.crashlytics.internal.common.CommonUtils,hash,org.glpi.inventory.agent_39469.apk,GENUINE_no
22605,5,CipherSpec,org.flyve.inventory.CryptoUtil,encrypt,org.glpi.inventory.agent_39469.apk,GENUINE_debatable
22606,2,KeyPairSpec,org.flyve.inventory.CryptoUtil,generateKeyPair,org.glpi.inventory.agent_39469.apk,UNOBSERVED_CREATION
22609,4,MessageDigestSpec,com.google.android.gms.common.util.AndroidUtilsLight,getPackageCertificateHashBytes,org.glpi.inventory.agent_39469.apk,GENUINE_no
22610,4,MessageDigestSpec,com.google.android.gms.common.util.AndroidUtilsLight,zza,org.glpi.inventory.agent_39469.apk,GENUINE_no
22611,4,MessageDigestSpec,com.google.android.gms.measurement.internal.zzop,zza,org.glpi.inventory.agent_39469.apk,GENUINE_no
22612,4,MessageDigestSpec,com.google.android.gms.measurement.internal.zzop,zzu,org.glpi.inventory.agent_39469.apk,GENUINE_no
22613,4,MessageDigestSpec,com.google.firebase.crashlytics.internal.common.CommonUtils,hash,org.glpi.inventory.agent_39469.apk,GENUINE_no
22614,5,CipherSpec,org.flyve.inventory.CryptoUtil,encrypt,org.glpi.inventory.agent_39469.apk,GENUINE_debatable
22615,2,KeyPairSpec,org.flyve.inventory.CryptoUtil,generateKeyPair,org.glpi.inventory.agent_39469.apk,UNOBSERVED_CREATION
22618,4,MessageDigestSpec,com.google.android.gms.common.util.AndroidUtilsLight,getPackageCertificateHashBytes,org.glpi.inventory.agent_39469.apk,GENUINE_no
22619,4,MessageDigestSpec,com.google.android.gms.common.util.AndroidUtilsLight,zza,org.glpi.inventory.agent_39469.apk,GENUINE_no
22620,4,MessageDigestSpec,com.google.android.gms.measurement.internal.zzop,zza,org.glpi.inventory.agent_39469.apk,GENUINE_no
22621,4,MessageDigestSpec,com.google.android.gms.measurement.internal.zzop,zzu,org.glpi.inventory.agent_39469.apk,GENUINE_no
22622,4,MessageDigestSpec,com.google.firebase.crashlytics.internal.common.CommonUtils,hash,org.glpi.inventory.agent_39469.apk,GENUINE_no
22623,5,CipherSpec,org.flyve.inventory.CryptoUtil,encrypt,org.glpi.inventory.agent_39469.apk,GENUINE_debatable
22624,2,KeyPairSpec,org.flyve.inventory.CryptoUtil,generateKeyPair,org.glpi.inventory.agent_39469.apk,UNOBSERVED_CREATION
22627,4,MessageDigestSpec,com.google.android.gms.common.util.AndroidUtilsLight,getPackageCertificateHashBytes,org.glpi.inventory.agent_39469.apk,GENUINE_no
22628,4,MessageDigestSpec,com.google.android.gms.common.util.AndroidUtilsLight,zza,org.glpi.inventory.agent_39469.apk,GENUINE_no
22629,4,MessageDigestSpec,com.google.android.gms.measurement.internal.zzop,zza,org.glpi.inventory.agent_39469.apk,GENUINE_no
22630,4,MessageDigestSpec,com.google.android.gms.measurement.internal.zzop,zzu,org.glpi.inventory.agent_39469.apk,GENUINE_no
22631,4,MessageDigestSpec,com.google.firebase.crashlytics.internal.common.CommonUtils,hash,org.glpi.inventory.agent_39469.apk,GENUINE_no
22632,5,CipherSpec,org.flyve.inventory.CryptoUtil,encrypt,org.glpi.inventory.agent_39469.apk,GENUINE_debatable
22633,2,KeyPairSpec,org.flyve.inventory.CryptoUtil,generateKeyPair,org.glpi.inventory.agent_39469.apk,UNOBSERVED_CREATION
22636,4,MessageDigestSpec,com.google.android.gms.common.util.AndroidUtilsLight,getPackageCertificateHashBytes,org.glpi.inventory.agent_39469.apk,GENUINE_no
22637,4,MessageDigestSpec,com.google.android.gms.common.util.AndroidUtilsLight,zza,org.glpi.inventory.agent_39469.apk,GENUINE_no
22638,4,MessageDigestSpec,com.google.android.gms.measurement.internal.zzop,zza,org.glpi.inventory.agent_39469.apk,GENUINE_no
22639,4,MessageDigestSpec,com.google.android.gms.measurement.internal.zzop,zzu,org.glpi.inventory.agent_39469.apk,GENUINE_no
22640,4,MessageDigestSpec,com.google.firebase.crashlytics.internal.common.CommonUtils,hash,org.glpi.inventory.agent_39469.apk,GENUINE_no
22641,5,CipherSpec,org.flyve.inventory.CryptoUtil,encrypt,org.glpi.inventory.agent_39469.apk,GENUINE_debatable
22642,2,KeyPairSpec,org.flyve.inventory.CryptoUtil,generateKeyPair,org.glpi.inventory.agent_39469.apk,UNOBSERVED_CREATION
22645,4,MessageDigestSpec,com.google.android.gms.common.util.AndroidUtilsLight,getPackageCertificateHashBytes,org.glpi.inventory.agent_39469.apk,GENUINE_no
22646,4,MessageDigestSpec,com.google.android.gms.common.util.AndroidUtilsLight,zza,org.glpi.inventory.agent_39469.apk,GENUINE_no
22647,4,MessageDigestSpec,com.google.android.gms.measurement.internal.zzop,zza,org.glpi.inventory.agent_39469.apk,GENUINE_no
22648,4,MessageDigestSpec,com.google.android.gms.measurement.internal.zzop,zzu,org.glpi.inventory.agent_39469.apk,GENUINE_no
22649,4,MessageDigestSpec,com.google.firebase.crashlytics.internal.common.CommonUtils,hash,org.glpi.inventory.agent_39469.apk,GENUINE_no
22650,5,CipherSpec,org.flyve.inventory.CryptoUtil,encrypt,org.glpi.inventory.agent_39469.apk,GENUINE_debatable
22651,2,KeyPairSpec,org.flyve.inventory.CryptoUtil,generateKeyPair,org.glpi.inventory.agent_39469.apk,UNOBSERVED_CREATION
22654,4,MessageDigestSpec,com.google.android.gms.common.util.AndroidUtilsLight,getPackageCertificateHashBytes,org.glpi.inventory.agent_39469.apk,GENUINE_no
22655,4,MessageDigestSpec,com.google.android.gms.common.util.AndroidUtilsLight,zza,org.glpi.inventory.agent_39469.apk,GENUINE_no
22656,4,MessageDigestSpec,com.google.android.gms.measurement.internal.zzop,zza,org.glpi.inventory.agent_39469.apk,GENUINE_no
22657,4,MessageDigestSpec,com.google.android.gms.measurement.internal.zzop,zzu,org.glpi.inventory.agent_39469.apk,GENUINE_no
22658,4,MessageDigestSpec,com.google.firebase.crashlytics.internal.common.CommonUtils,hash,org.glpi.inventory.agent_39469.apk,GENUINE_no
22659,5,CipherSpec,org.flyve.inventory.CryptoUtil,encrypt,org.glpi.inventory.agent_39469.apk,GENUINE_debatable
22660,2,KeyPairSpec,org.flyve.inventory.CryptoUtil,generateKeyPair,org.glpi.inventory.agent_39469.apk,UNOBSERVED_CREATION
22663,4,MessageDigestSpec,com.google.android.gms.common.util.AndroidUtilsLight,getPackageCertificateHashBytes,org.glpi.inventory.agent_39469.apk,GENUINE_no
22664,4,MessageDigestSpec,com.google.android.gms.common.util.AndroidUtilsLight,zza,org.glpi.inventory.agent_39469.apk,GENUINE_no
22665,4,MessageDigestSpec,com.google.android.gms.measurement.internal.zzop,zza,org.glpi.inventory.agent_39469.apk,GENUINE_no
22666,4,MessageDigestSpec,com.google.android.gms.measurement.internal.zzop,zzu,org.glpi.inventory.agent_39469.apk,GENUINE_no
22667,4,MessageDigestSpec,com.google.firebase.crashlytics.internal.common.CommonUtils,hash,org.glpi.inventory.agent_39469.apk,GENUINE_no
22668,5,CipherSpec,org.flyve.inventory.CryptoUtil,encrypt,org.glpi.inventory.agent_39469.apk,GENUINE_debatable
22669,2,KeyPairSpec,org.flyve.inventory.CryptoUtil,generateKeyPair,org.glpi.inventory.agent_39469.apk,UNOBSERVED_CREATION
22672,4,MessageDigestSpec,com.google.android.gms.common.util.AndroidUtilsLight,getPackageCertificateHashBytes,org.glpi.inventory.agent_39469.apk,GENUINE_no
22673,4,MessageDigestSpec,com.google.android.gms.common.util.AndroidUtilsLight,zza,org.glpi.inventory.agent_39469.apk,GENUINE_no
22674,4,MessageDigestSpec,com.google.android.gms.measurement.internal.zzop,zza,org.glpi.inventory.agent_39469.apk,GENUINE_no
22675,4,MessageDigestSpec,com.google.android.gms.measurement.internal.zzop,zzu,org.glpi.inventory.agent_39469.apk,GENUINE_no
22676,4,MessageDigestSpec,com.google.firebase.crashlytics.internal.common.CommonUtils,hash,org.glpi.inventory.agent_39469.apk,GENUINE_no
22677,4,MessageDigestSpec,com.google.android.gms.common.util.AndroidUtilsLight,getPackageCertificateHashBytes,org.glpi.inventory.agent_39469.apk,GENUINE_no
22678,4,MessageDigestSpec,com.google.android.gms.common.util.AndroidUtilsLight,zza,org.glpi.inventory.agent_39469.apk,GENUINE_no
22679,4,MessageDigestSpec,com.google.android.gms.measurement.internal.zzop,zza,org.glpi.inventory.agent_39469.apk,GENUINE_no
22680,4,MessageDigestSpec,com.google.android.gms.measurement.internal.zzop,zzu,org.glpi.inventory.agent_39469.apk,GENUINE_no
22681,4,MessageDigestSpec,com.google.firebase.crashlytics.internal.common.CommonUtils,hash,org.glpi.inventory.agent_39469.apk,GENUINE_no
22682,5,CipherSpec,org.flyve.inventory.CryptoUtil,encrypt,org.glpi.inventory.agent_39469.apk,GENUINE_debatable
22683,2,KeyPairSpec,org.flyve.inventory.CryptoUtil,generateKeyPair,org.glpi.inventory.agent_39469.apk,UNOBSERVED_CREATION
22686,4,MessageDigestSpec,com.google.android.gms.common.util.AndroidUtilsLight,getPackageCertificateHashBytes,org.glpi.inventory.agent_39469.apk,GENUINE_no
22687,4,MessageDigestSpec,com.google.android.gms.common.util.AndroidUtilsLight,zza,org.glpi.inventory.agent_39469.apk,GENUINE_no
22688,4,MessageDigestSpec,com.google.android.gms.measurement.internal.zzop,zza,org.glpi.inventory.agent_39469.apk,GENUINE_no
22689,4,MessageDigestSpec,com.google.android.gms.measurement.internal.zzop,zzu,org.glpi.inventory.agent_39469.apk,GENUINE_no
22690,4,MessageDigestSpec,com.google.firebase.crashlytics.internal.common.CommonUtils,hash,org.glpi.inventory.agent_39469.apk,GENUINE_no
22691,5,CipherSpec,org.flyve.inventory.CryptoUtil,encrypt,org.glpi.inventory.agent_39469.apk,GENUINE_debatable
22692,2,KeyPairSpec,org.flyve.inventory.CryptoUtil,generateKeyPair,org.glpi.inventory.agent_39469.apk,UNOBSERVED_CREATION
22695,4,MessageDigestSpec,com.google.android.gms.common.util.AndroidUtilsLight,getPackageCertificateHashBytes,org.glpi.inventory.agent_39469.apk,GENUINE_no
22696,4,MessageDigestSpec,com.google.android.gms.common.util.AndroidUtilsLight,zza,org.glpi.inventory.agent_39469.apk,GENUINE_no
22697,4,MessageDigestSpec,com.google.android.gms.measurement.internal.zzop,zza,org.glpi.inventory.agent_39469.apk,GENUINE_no
22698,4,MessageDigestSpec,com.google.android.gms.measurement.internal.zzop,zzu,org.glpi.inventory.agent_39469.apk,GENUINE_no
22699,4,MessageDigestSpec,com.google.firebase.crashlytics.internal.common.CommonUtils,hash,org.glpi.inventory.agent_39469.apk,GENUINE_no
22700,5,CipherSpec,org.flyve.inventory.CryptoUtil,encrypt,org.glpi.inventory.agent_39469.apk,GENUINE_debatable
22701,2,KeyPairSpec,org.flyve.inventory.CryptoUtil,generateKeyPair,org.glpi.inventory.agent_39469.apk,UNOBSERVED_CREATION
22704,4,MessageDigestSpec,com.google.android.gms.common.util.AndroidUtilsLight,getPackageCertificateHashBytes,org.glpi.inventory.agent_39469.apk,GENUINE_no
22705,4,MessageDigestSpec,com.google.android.gms.common.util.AndroidUtilsLight,zza,org.glpi.inventory.agent_39469.apk,GENUINE_no
22706,4,MessageDigestSpec,com.google.android.gms.measurement.internal.zzop,zza,org.glpi.inventory.agent_39469.apk,GENUINE_no
22707,4,MessageDigestSpec,com.google.android.gms.measurement.internal.zzop,zzu,org.glpi.inventory.agent_39469.apk,GENUINE_no
22708,4,MessageDigestSpec,com.google.firebase.crashlytics.internal.common.CommonUtils,hash,org.glpi.inventory.agent_39469.apk,GENUINE_no
22709,4,MessageDigestSpec,com.google.android.gms.common.util.AndroidUtilsLight,getPackageCertificateHashBytes,org.glpi.inventory.agent_39469.apk,GENUINE_no
22710,4,MessageDigestSpec,com.google.android.gms.common.util.AndroidUtilsLight,zza,org.glpi.inventory.agent_39469.apk,GENUINE_no
22711,4,MessageDigestSpec,com.google.android.gms.measurement.internal.zzop,zza,org.glpi.inventory.agent_39469.apk,GENUINE_no
22712,4,MessageDigestSpec,com.google.android.gms.measurement.internal.zzop,zzu,org.glpi.inventory.agent_39469.apk,GENUINE_no
22713,4,MessageDigestSpec,com.google.firebase.crashlytics.internal.common.CommonUtils,hash,org.glpi.inventory.agent_39469.apk,GENUINE_no
22714,5,CipherSpec,org.flyve.inventory.CryptoUtil,encrypt,org.glpi.inventory.agent_39469.apk,GENUINE_debatable
22715,2,KeyPairSpec,org.flyve.inventory.CryptoUtil,generateKeyPair,org.glpi.inventory.agent_39469.apk,UNOBSERVED_CREATION
22718,4,MessageDigestSpec,com.google.android.gms.common.util.AndroidUtilsLight,getPackageCertificateHashBytes,org.glpi.inventory.agent_39469.apk,GENUINE_no
22719,4,MessageDigestSpec,com.google.android.gms.common.util.AndroidUtilsLight,zza,org.glpi.inventory.agent_39469.apk,GENUINE_no
22720,4,MessageDigestSpec,com.google.android.gms.measurement.internal.zzop,zza,org.glpi.inventory.agent_39469.apk,GENUINE_no
22721,4,MessageDigestSpec,com.google.android.gms.measurement.internal.zzop,zzu,org.glpi.inventory.agent_39469.apk,GENUINE_no
22722,4,MessageDigestSpec,com.google.firebase.crashlytics.internal.common.CommonUtils,hash,org.glpi.inventory.agent_39469.apk,GENUINE_no
22723,5,CipherSpec,org.flyve.inventory.CryptoUtil,encrypt,org.glpi.inventory.agent_39469.apk,GENUINE_debatable
22724,2,KeyPairSpec,org.flyve.inventory.CryptoUtil,generateKeyPair,org.glpi.inventory.agent_39469.apk,UNOBSERVED_CREATION
22727,4,MessageDigestSpec,com.google.android.gms.common.util.AndroidUtilsLight,getPackageCertificateHashBytes,org.glpi.inventory.agent_39469.apk,GENUINE_no
22728,4,MessageDigestSpec,com.google.android.gms.common.util.AndroidUtilsLight,zza,org.glpi.inventory.agent_39469.apk,GENUINE_no
22729,4,MessageDigestSpec,com.google.android.gms.measurement.internal.zzop,zza,org.glpi.inventory.agent_39469.apk,GENUINE_no
22730,4,MessageDigestSpec,com.google.android.gms.measurement.internal.zzop,zzu,org.glpi.inventory.agent_39469.apk,GENUINE_no
22731,4,MessageDigestSpec,com.google.firebase.crashlytics.internal.common.CommonUtils,hash,org.glpi.inventory.agent_39469.apk,GENUINE_no
22732,5,CipherSpec,org.flyve.inventory.CryptoUtil,encrypt,org.glpi.inventory.agent_39469.apk,GENUINE_debatable
22733,2,KeyPairSpec,org.flyve.inventory.CryptoUtil,generateKeyPair,org.glpi.inventory.agent_39469.apk,UNOBSERVED_CREATION
22736,4,MessageDigestSpec,com.google.android.gms.common.util.AndroidUtilsLight,getPackageCertificateHashBytes,org.glpi.inventory.agent_39469.apk,GENUINE_no
22737,4,MessageDigestSpec,com.google.android.gms.common.util.AndroidUtilsLight,zza,org.glpi.inventory.agent_39469.apk,GENUINE_no
22738,4,MessageDigestSpec,com.google.android.gms.measurement.internal.zzop,zza,org.glpi.inventory.agent_39469.apk,GENUINE_no
22739,4,MessageDigestSpec,com.google.android.gms.measurement.internal.zzop,zzu,org.glpi.inventory.agent_39469.apk,GENUINE_no
22740,4,MessageDigestSpec,com.google.firebase.crashlytics.internal.common.CommonUtils,hash,org.glpi.inventory.agent_39469.apk,GENUINE_no
22741,5,CipherSpec,org.flyve.inventory.CryptoUtil,encrypt,org.glpi.inventory.agent_39469.apk,GENUINE_debatable
22742,2,KeyPairSpec,org.flyve.inventory.CryptoUtil,generateKeyPair,org.glpi.inventory.agent_39469.apk,UNOBSERVED_CREATION
22745,4,MessageDigestSpec,com.google.android.gms.common.util.AndroidUtilsLight,getPackageCertificateHashBytes,org.glpi.inventory.agent_39469.apk,GENUINE_no
22746,4,MessageDigestSpec,com.google.android.gms.common.util.AndroidUtilsLight,zza,org.glpi.inventory.agent_39469.apk,GENUINE_no
22747,4,MessageDigestSpec,com.google.android.gms.measurement.internal.zzop,zza,org.glpi.inventory.agent_39469.apk,GENUINE_no
22748,4,MessageDigestSpec,com.google.android.gms.measurement.internal.zzop,zzu,org.glpi.inventory.agent_39469.apk,GENUINE_no
22749,4,MessageDigestSpec,com.google.firebase.crashlytics.internal.common.CommonUtils,hash,org.glpi.inventory.agent_39469.apk,GENUINE_no
22750,4,MessageDigestSpec,com.google.android.gms.common.util.AndroidUtilsLight,getPackageCertificateHashBytes,org.glpi.inventory.agent_39469.apk,GENUINE_no
22751,4,MessageDigestSpec,com.google.android.gms.common.util.AndroidUtilsLight,zza,org.glpi.inventory.agent_39469.apk,GENUINE_no
22752,4,MessageDigestSpec,com.google.android.gms.measurement.internal.zzop,zza,org.glpi.inventory.agent_39469.apk,GENUINE_no
22753,4,MessageDigestSpec,com.google.android.gms.measurement.internal.zzop,zzu,org.glpi.inventory.agent_39469.apk,GENUINE_no
22754,4,MessageDigestSpec,com.google.firebase.crashlytics.internal.common.CommonUtils,hash,org.glpi.inventory.agent_39469.apk,GENUINE_no
22755,5,CipherSpec,org.flyve.inventory.CryptoUtil,encrypt,org.glpi.inventory.agent_39469.apk,GENUINE_debatable
22756,2,KeyPairSpec,org.flyve.inventory.CryptoUtil,generateKeyPair,org.glpi.inventory.agent_39469.apk,UNOBSERVED_CREATION
22759,4,MessageDigestSpec,com.google.android.gms.common.util.AndroidUtilsLight,getPackageCertificateHashBytes,org.glpi.inventory.agent_39469.apk,GENUINE_no
22760,4,MessageDigestSpec,com.google.android.gms.common.util.AndroidUtilsLight,zza,org.glpi.inventory.agent_39469.apk,GENUINE_no
22761,4,MessageDigestSpec,com.google.android.gms.measurement.internal.zzop,zza,org.glpi.inventory.agent_39469.apk,GENUINE_no
22762,4,MessageDigestSpec,com.google.android.gms.measurement.internal.zzop,zzu,org.glpi.inventory.agent_39469.apk,GENUINE_no
22763,4,MessageDigestSpec,com.google.firebase.crashlytics.internal.common.CommonUtils,hash,org.glpi.inventory.agent_39469.apk,GENUINE_no
22764,5,CipherSpec,org.flyve.inventory.CryptoUtil,encrypt,org.glpi.inventory.agent_39469.apk,GENUINE_debatable
22765,2,KeyPairSpec,org.flyve.inventory.CryptoUtil,generateKeyPair,org.glpi.inventory.agent_39469.apk,UNOBSERVED_CREATION
22768,4,MessageDigestSpec,com.google.android.gms.common.util.AndroidUtilsLight,getPackageCertificateHashBytes,org.glpi.inventory.agent_39469.apk,GENUINE_no
22769,4,MessageDigestSpec,com.google.android.gms.common.util.AndroidUtilsLight,zza,org.glpi.inventory.agent_39469.apk,GENUINE_no
22770,4,MessageDigestSpec,com.google.android.gms.measurement.internal.zzop,zza,org.glpi.inventory.agent_39469.apk,GENUINE_no
22771,4,MessageDigestSpec,com.google.android.gms.measurement.internal.zzop,zzu,org.glpi.inventory.agent_39469.apk,GENUINE_no
22772,4,MessageDigestSpec,com.google.firebase.crashlytics.internal.common.CommonUtils,hash,org.glpi.inventory.agent_39469.apk,GENUINE_no
22773,4,MessageDigestSpec,com.google.android.gms.common.util.AndroidUtilsLight,getPackageCertificateHashBytes,org.glpi.inventory.agent_39469.apk,GENUINE_no
22774,4,MessageDigestSpec,com.google.android.gms.common.util.AndroidUtilsLight,zza,org.glpi.inventory.agent_39469.apk,GENUINE_no
22775,4,MessageDigestSpec,com.google.android.gms.measurement.internal.zzop,zza,org.glpi.inventory.agent_39469.apk,GENUINE_no
22776,4,MessageDigestSpec,com.google.android.gms.measurement.internal.zzop,zzu,org.glpi.inventory.agent_39469.apk,GENUINE_no
22777,4,MessageDigestSpec,com.google.firebase.crashlytics.internal.common.CommonUtils,hash,org.glpi.inventory.agent_39469.apk,GENUINE_no
22778,5,CipherSpec,org.flyve.inventory.CryptoUtil,encrypt,org.glpi.inventory.agent_39469.apk,GENUINE_debatable
22779,2,KeyPairSpec,org.flyve.inventory.CryptoUtil,generateKeyPair,org.glpi.inventory.agent_39469.apk,UNOBSERVED_CREATION
22782,4,MessageDigestSpec,com.google.android.gms.common.util.AndroidUtilsLight,getPackageCertificateHashBytes,org.glpi.inventory.agent_39469.apk,GENUINE_no
22783,4,MessageDigestSpec,com.google.android.gms.common.util.AndroidUtilsLight,zza,org.glpi.inventory.agent_39469.apk,GENUINE_no
22784,4,MessageDigestSpec,com.google.android.gms.measurement.internal.zzop,zza,org.glpi.inventory.agent_39469.apk,GENUINE_no
22785,4,MessageDigestSpec,com.google.android.gms.measurement.internal.zzop,zzu,org.glpi.inventory.agent_39469.apk,GENUINE_no
22786,4,MessageDigestSpec,com.google.firebase.crashlytics.internal.common.CommonUtils,hash,org.glpi.inventory.agent_39469.apk,GENUINE_no
22787,5,CipherSpec,org.flyve.inventory.CryptoUtil,encrypt,org.glpi.inventory.agent_39469.apk,GENUINE_debatable
22788,2,KeyPairSpec,org.flyve.inventory.CryptoUtil,generateKeyPair,org.glpi.inventory.agent_39469.apk,UNOBSERVED_CREATION
22791,4,MessageDigestSpec,com.google.android.gms.common.util.AndroidUtilsLight,getPackageCertificateHashBytes,org.glpi.inventory.agent_39469.apk,GENUINE_no
22792,4,MessageDigestSpec,com.google.android.gms.common.util.AndroidUtilsLight,zza,org.glpi.inventory.agent_39469.apk,GENUINE_no
22793,4,MessageDigestSpec,com.google.android.gms.measurement.internal.zzop,zza,org.glpi.inventory.agent_39469.apk,GENUINE_no
22794,4,MessageDigestSpec,com.google.android.gms.measurement.internal.zzop,zzu,org.glpi.inventory.agent_39469.apk,GENUINE_no
22795,4,MessageDigestSpec,com.google.firebase.crashlytics.internal.common.CommonUtils,hash,org.glpi.inventory.agent_39469.apk,GENUINE_no
22796,4,MessageDigestSpec,com.google.android.gms.common.util.AndroidUtilsLight,getPackageCertificateHashBytes,org.glpi.inventory.agent_39469.apk,GENUINE_no
22797,4,MessageDigestSpec,com.google.android.gms.common.util.AndroidUtilsLight,zza,org.glpi.inventory.agent_39469.apk,GENUINE_no
22798,4,MessageDigestSpec,com.google.android.gms.measurement.internal.zzop,zza,org.glpi.inventory.agent_39469.apk,GENUINE_no
22799,4,MessageDigestSpec,com.google.android.gms.measurement.internal.zzop,zzu,org.glpi.inventory.agent_39469.apk,GENUINE_no
22800,4,MessageDigestSpec,com.google.firebase.crashlytics.internal.common.CommonUtils,hash,org.glpi.inventory.agent_39469.apk,GENUINE_no
22801,5,CipherSpec,org.flyve.inventory.CryptoUtil,encrypt,org.glpi.inventory.agent_39469.apk,GENUINE_debatable
22802,2,KeyPairSpec,org.flyve.inventory.CryptoUtil,generateKeyPair,org.glpi.inventory.agent_39469.apk,UNOBSERVED_CREATION
22805,4,MessageDigestSpec,com.google.android.gms.common.util.AndroidUtilsLight,getPackageCertificateHashBytes,org.glpi.inventory.agent_39469.apk,GENUINE_no
22806,4,MessageDigestSpec,com.google.android.gms.common.util.AndroidUtilsLight,zza,org.glpi.inventory.agent_39469.apk,GENUINE_no
22807,4,MessageDigestSpec,com.google.android.gms.measurement.internal.zzop,zza,org.glpi.inventory.agent_39469.apk,GENUINE_no
22808,4,MessageDigestSpec,com.google.android.gms.measurement.internal.zzop,zzu,org.glpi.inventory.agent_39469.apk,GENUINE_no
22809,4,MessageDigestSpec,com.google.firebase.crashlytics.internal.common.CommonUtils,hash,org.glpi.inventory.agent_39469.apk,GENUINE_no
22810,5,CipherSpec,org.flyve.inventory.CryptoUtil,encrypt,org.glpi.inventory.agent_39469.apk,GENUINE_debatable
22811,2,KeyPairSpec,org.flyve.inventory.CryptoUtil,generateKeyPair,org.glpi.inventory.agent_39469.apk,UNOBSERVED_CREATION
22814,4,MessageDigestSpec,com.google.android.gms.common.util.AndroidUtilsLight,getPackageCertificateHashBytes,org.glpi.inventory.agent_39469.apk,GENUINE_no
22815,4,MessageDigestSpec,com.google.android.gms.common.util.AndroidUtilsLight,zza,org.glpi.inventory.agent_39469.apk,GENUINE_no
22816,4,MessageDigestSpec,com.google.android.gms.measurement.internal.zzop,zza,org.glpi.inventory.agent_39469.apk,GENUINE_no
22817,4,MessageDigestSpec,com.google.android.gms.measurement.internal.zzop,zzu,org.glpi.inventory.agent_39469.apk,GENUINE_no
22818,4,MessageDigestSpec,com.google.firebase.crashlytics.internal.common.CommonUtils,hash,org.glpi.inventory.agent_39469.apk,GENUINE_no
22819,4,MessageDigestSpec,com.google.android.gms.common.util.AndroidUtilsLight,getPackageCertificateHashBytes,org.glpi.inventory.agent_39469.apk,GENUINE_no
22820,4,MessageDigestSpec,com.google.android.gms.common.util.AndroidUtilsLight,zza,org.glpi.inventory.agent_39469.apk,GENUINE_no
22821,4,MessageDigestSpec,com.google.android.gms.measurement.internal.zzop,zza,org.glpi.inventory.agent_39469.apk,GENUINE_no
22822,4,MessageDigestSpec,com.google.android.gms.measurement.internal.zzop,zzu,org.glpi.inventory.agent_39469.apk,GENUINE_no
22823,4,MessageDigestSpec,com.google.firebase.crashlytics.internal.common.CommonUtils,hash,org.glpi.inventory.agent_39469.apk,GENUINE_no
22824,5,CipherSpec,org.flyve.inventory.CryptoUtil,encrypt,org.glpi.inventory.agent_39469.apk,GENUINE_debatable
22825,2,KeyPairSpec,org.flyve.inventory.CryptoUtil,generateKeyPair,org.glpi.inventory.agent_39469.apk,UNOBSERVED_CREATION
22828,4,MessageDigestSpec,com.google.android.gms.common.util.AndroidUtilsLight,getPackageCertificateHashBytes,org.glpi.inventory.agent_39469.apk,GENUINE_no
22829,4,MessageDigestSpec,com.google.android.gms.common.util.AndroidUtilsLight,zza,org.glpi.inventory.agent_39469.apk,GENUINE_no
22830,4,MessageDigestSpec,com.google.android.gms.measurement.internal.zzop,zza,org.glpi.inventory.agent_39469.apk,GENUINE_no
22831,4,MessageDigestSpec,com.google.android.gms.measurement.internal.zzop,zzu,org.glpi.inventory.agent_39469.apk,GENUINE_no
22832,4,MessageDigestSpec,com.google.firebase.crashlytics.internal.common.CommonUtils,hash,org.glpi.inventory.agent_39469.apk,GENUINE_no
22833,5,CipherSpec,org.flyve.inventory.CryptoUtil,encrypt,org.glpi.inventory.agent_39469.apk,GENUINE_debatable
22834,2,KeyPairSpec,org.flyve.inventory.CryptoUtil,generateKeyPair,org.glpi.inventory.agent_39469.apk,UNOBSERVED_CREATION
22837,4,MessageDigestSpec,com.google.android.gms.common.util.AndroidUtilsLight,getPackageCertificateHashBytes,org.glpi.inventory.agent_39469.apk,GENUINE_no
22838,4,MessageDigestSpec,com.google.android.gms.common.util.AndroidUtilsLight,zza,org.glpi.inventory.agent_39469.apk,GENUINE_no
22839,4,MessageDigestSpec,com.google.android.gms.measurement.internal.zzop,zza,org.glpi.inventory.agent_39469.apk,GENUINE_no
22840,4,MessageDigestSpec,com.google.android.gms.measurement.internal.zzop,zzu,org.glpi.inventory.agent_39469.apk,GENUINE_no
22841,4,MessageDigestSpec,com.google.firebase.crashlytics.internal.common.CommonUtils,hash,org.glpi.inventory.agent_39469.apk,GENUINE_no
22842,4,MessageDigestSpec,com.google.android.gms.common.util.AndroidUtilsLight,getPackageCertificateHashBytes,org.glpi.inventory.agent_39469.apk,GENUINE_no
22843,4,MessageDigestSpec,com.google.android.gms.common.util.AndroidUtilsLight,zza,org.glpi.inventory.agent_39469.apk,GENUINE_no
22844,4,MessageDigestSpec,com.google.android.gms.measurement.internal.zzop,zza,org.glpi.inventory.agent_39469.apk,GENUINE_no
22845,4,MessageDigestSpec,com.google.android.gms.measurement.internal.zzop,zzu,org.glpi.inventory.agent_39469.apk,GENUINE_no
22846,4,MessageDigestSpec,com.google.firebase.crashlytics.internal.common.CommonUtils,hash,org.glpi.inventory.agent_39469.apk,GENUINE_no
22847,5,CipherSpec,org.flyve.inventory.CryptoUtil,encrypt,org.glpi.inventory.agent_39469.apk,GENUINE_debatable
22848,2,KeyPairSpec,org.flyve.inventory.CryptoUtil,generateKeyPair,org.glpi.inventory.agent_39469.apk,UNOBSERVED_CREATION
22851,4,MessageDigestSpec,com.google.android.gms.common.util.AndroidUtilsLight,getPackageCertificateHashBytes,org.glpi.inventory.agent_39469.apk,GENUINE_no
22852,4,MessageDigestSpec,com.google.android.gms.common.util.AndroidUtilsLight,zza,org.glpi.inventory.agent_39469.apk,GENUINE_no
22853,4,MessageDigestSpec,com.google.android.gms.measurement.internal.zzop,zza,org.glpi.inventory.agent_39469.apk,GENUINE_no
22854,4,MessageDigestSpec,com.google.android.gms.measurement.internal.zzop,zzu,org.glpi.inventory.agent_39469.apk,GENUINE_no
22855,4,MessageDigestSpec,com.google.firebase.crashlytics.internal.common.CommonUtils,hash,org.glpi.inventory.agent_39469.apk,GENUINE_no
22856,5,CipherSpec,org.flyve.inventory.CryptoUtil,encrypt,org.glpi.inventory.agent_39469.apk,GENUINE_debatable
22857,2,KeyPairSpec,org.flyve.inventory.CryptoUtil,generateKeyPair,org.glpi.inventory.agent_39469.apk,UNOBSERVED_CREATION
22860,4,MessageDigestSpec,com.google.android.gms.common.util.AndroidUtilsLight,getPackageCertificateHashBytes,org.glpi.inventory.agent_39469.apk,GENUINE_no
22861,4,MessageDigestSpec,com.google.android.gms.common.util.AndroidUtilsLight,zza,org.glpi.inventory.agent_39469.apk,GENUINE_no
22862,4,MessageDigestSpec,com.google.android.gms.measurement.internal.zzop,zza,org.glpi.inventory.agent_39469.apk,GENUINE_no
22863,4,MessageDigestSpec,com.google.android.gms.measurement.internal.zzop,zzu,org.glpi.inventory.agent_39469.apk,GENUINE_no
22864,4,MessageDigestSpec,com.google.firebase.crashlytics.internal.common.CommonUtils,hash,org.glpi.inventory.agent_39469.apk,GENUINE_no
22865,4,MessageDigestSpec,com.google.android.gms.common.util.AndroidUtilsLight,getPackageCertificateHashBytes,org.glpi.inventory.agent_39469.apk,GENUINE_no
22866,4,MessageDigestSpec,com.google.android.gms.common.util.AndroidUtilsLight,zza,org.glpi.inventory.agent_39469.apk,GENUINE_no
22867,4,MessageDigestSpec,com.google.android.gms.measurement.internal.zzop,zza,org.glpi.inventory.agent_39469.apk,GENUINE_no
22868,4,MessageDigestSpec,com.google.android.gms.measurement.internal.zzop,zzu,org.glpi.inventory.agent_39469.apk,GENUINE_no
22869,4,MessageDigestSpec,com.google.firebase.crashlytics.internal.common.CommonUtils,hash,org.glpi.inventory.agent_39469.apk,GENUINE_no
22870,5,CipherSpec,org.flyve.inventory.CryptoUtil,encrypt,org.glpi.inventory.agent_39469.apk,GENUINE_debatable
22871,2,KeyPairSpec,org.flyve.inventory.CryptoUtil,generateKeyPair,org.glpi.inventory.agent_39469.apk,UNOBSERVED_CREATION
22874,4,MessageDigestSpec,com.google.android.gms.common.util.AndroidUtilsLight,getPackageCertificateHashBytes,org.glpi.inventory.agent_39469.apk,GENUINE_no
22875,4,MessageDigestSpec,com.google.android.gms.common.util.AndroidUtilsLight,zza,org.glpi.inventory.agent_39469.apk,GENUINE_no
22876,4,MessageDigestSpec,com.google.android.gms.measurement.internal.zzop,zza,org.glpi.inventory.agent_39469.apk,GENUINE_no
22877,4,MessageDigestSpec,com.google.android.gms.measurement.internal.zzop,zzu,org.glpi.inventory.agent_39469.apk,GENUINE_no
22878,4,MessageDigestSpec,com.google.firebase.crashlytics.internal.common.CommonUtils,hash,org.glpi.inventory.agent_39469.apk,GENUINE_no
22879,5,CipherSpec,org.flyve.inventory.CryptoUtil,encrypt,org.glpi.inventory.agent_39469.apk,GENUINE_debatable
22880,2,KeyPairSpec,org.flyve.inventory.CryptoUtil,generateKeyPair,org.glpi.inventory.agent_39469.apk,UNOBSERVED_CREATION
22883,4,MessageDigestSpec,com.google.android.gms.common.util.AndroidUtilsLight,getPackageCertificateHashBytes,org.glpi.inventory.agent_39469.apk,GENUINE_no
22884,4,MessageDigestSpec,com.google.android.gms.common.util.AndroidUtilsLight,zza,org.glpi.inventory.agent_39469.apk,GENUINE_no
22885,4,MessageDigestSpec,com.google.android.gms.measurement.internal.zzop,zza,org.glpi.inventory.agent_39469.apk,GENUINE_no
22886,4,MessageDigestSpec,com.google.android.gms.measurement.internal.zzop,zzu,org.glpi.inventory.agent_39469.apk,GENUINE_no
22887,4,MessageDigestSpec,com.google.firebase.crashlytics.internal.common.CommonUtils,hash,org.glpi.inventory.agent_39469.apk,GENUINE_no
22888,5,CipherSpec,org.flyve.inventory.CryptoUtil,encrypt,org.glpi.inventory.agent_39469.apk,GENUINE_debatable
22889,2,KeyPairSpec,org.flyve.inventory.CryptoUtil,generateKeyPair,org.glpi.inventory.agent_39469.apk,UNOBSERVED_CREATION
22892,4,MessageDigestSpec,com.google.android.gms.common.util.AndroidUtilsLight,getPackageCertificateHashBytes,org.glpi.inventory.agent_39469.apk,GENUINE_no
22893,4,MessageDigestSpec,com.google.android.gms.common.util.AndroidUtilsLight,zza,org.glpi.inventory.agent_39469.apk,GENUINE_no
22894,4,MessageDigestSpec,com.google.android.gms.measurement.internal.zzop,zza,org.glpi.inventory.agent_39469.apk,GENUINE_no
22895,4,MessageDigestSpec,com.google.android.gms.measurement.internal.zzop,zzu,org.glpi.inventory.agent_39469.apk,GENUINE_no
22896,4,MessageDigestSpec,com.google.firebase.crashlytics.internal.common.CommonUtils,hash,org.glpi.inventory.agent_39469.apk,GENUINE_no
22897,5,CipherSpec,org.flyve.inventory.CryptoUtil,encrypt,org.glpi.inventory.agent_39469.apk,GENUINE_debatable
22898,2,KeyPairSpec,org.flyve.inventory.CryptoUtil,generateKeyPair,org.glpi.inventory.agent_39469.apk,UNOBSERVED_CREATION
22901,4,MessageDigestSpec,com.google.android.gms.common.util.AndroidUtilsLight,getPackageCertificateHashBytes,org.glpi.inventory.agent_39469.apk,GENUINE_no
22902,4,MessageDigestSpec,com.google.android.gms.common.util.AndroidUtilsLight,zza,org.glpi.inventory.agent_39469.apk,GENUINE_no
22903,4,MessageDigestSpec,com.google.android.gms.measurement.internal.zzop,zza,org.glpi.inventory.agent_39469.apk,GENUINE_no
22904,4,MessageDigestSpec,com.google.android.gms.measurement.internal.zzop,zzu,org.glpi.inventory.agent_39469.apk,GENUINE_no
22905,4,MessageDigestSpec,com.google.firebase.crashlytics.internal.common.CommonUtils,hash,org.glpi.inventory.agent_39469.apk,GENUINE_no
22906,5,CipherSpec,org.flyve.inventory.CryptoUtil,encrypt,org.glpi.inventory.agent_39469.apk,GENUINE_debatable
22907,2,KeyPairSpec,org.flyve.inventory.CryptoUtil,generateKeyPair,org.glpi.inventory.agent_39469.apk,UNOBSERVED_CREATION
22910,4,MessageDigestSpec,com.google.android.gms.common.util.AndroidUtilsLight,getPackageCertificateHashBytes,org.glpi.inventory.agent_39469.apk,GENUINE_no
22911,4,MessageDigestSpec,com.google.android.gms.common.util.AndroidUtilsLight,zza,org.glpi.inventory.agent_39469.apk,GENUINE_no
22912,4,MessageDigestSpec,com.google.android.gms.measurement.internal.zzop,zza,org.glpi.inventory.agent_39469.apk,GENUINE_no
22913,4,MessageDigestSpec,com.google.android.gms.measurement.internal.zzop,zzu,org.glpi.inventory.agent_39469.apk,GENUINE_no
22914,4,MessageDigestSpec,com.google.firebase.crashlytics.internal.common.CommonUtils,hash,org.glpi.inventory.agent_39469.apk,GENUINE_no
22915,5,CipherSpec,org.flyve.inventory.CryptoUtil,encrypt,org.glpi.inventory.agent_39469.apk,GENUINE_debatable
22916,2,KeyPairSpec,org.flyve.inventory.CryptoUtil,generateKeyPair,org.glpi.inventory.agent_39469.apk,UNOBSERVED_CREATION
22919,4,MessageDigestSpec,com.google.android.gms.common.util.AndroidUtilsLight,getPackageCertificateHashBytes,org.glpi.inventory.agent_39469.apk,GENUINE_no
22920,4,MessageDigestSpec,com.google.android.gms.common.util.AndroidUtilsLight,zza,org.glpi.inventory.agent_39469.apk,GENUINE_no
22921,4,MessageDigestSpec,com.google.android.gms.measurement.internal.zzop,zza,org.glpi.inventory.agent_39469.apk,GENUINE_no
22922,4,MessageDigestSpec,com.google.android.gms.measurement.internal.zzop,zzu,org.glpi.inventory.agent_39469.apk,GENUINE_no
22923,4,MessageDigestSpec,com.google.firebase.crashlytics.internal.common.CommonUtils,hash,org.glpi.inventory.agent_39469.apk,GENUINE_no
22924,5,CipherSpec,org.flyve.inventory.CryptoUtil,encrypt,org.glpi.inventory.agent_39469.apk,GENUINE_debatable
22925,2,KeyPairSpec,org.flyve.inventory.CryptoUtil,generateKeyPair,org.glpi.inventory.agent_39469.apk,UNOBSERVED_CREATION
22928,4,MessageDigestSpec,com.google.android.gms.common.util.AndroidUtilsLight,getPackageCertificateHashBytes,org.glpi.inventory.agent_39469.apk,GENUINE_no
22929,4,MessageDigestSpec,com.google.android.gms.common.util.AndroidUtilsLight,zza,org.glpi.inventory.agent_39469.apk,GENUINE_no
22930,4,MessageDigestSpec,com.google.android.gms.measurement.internal.zzop,zza,org.glpi.inventory.agent_39469.apk,GENUINE_no
22931,4,MessageDigestSpec,com.google.android.gms.measurement.internal.zzop,zzu,org.glpi.inventory.agent_39469.apk,GENUINE_no
22932,4,MessageDigestSpec,com.google.firebase.crashlytics.internal.common.CommonUtils,hash,org.glpi.inventory.agent_39469.apk,GENUINE_no
22933,5,CipherSpec,org.flyve.inventory.CryptoUtil,encrypt,org.glpi.inventory.agent_39469.apk,GENUINE_debatable
22934,2,KeyPairSpec,org.flyve.inventory.CryptoUtil,generateKeyPair,org.glpi.inventory.agent_39469.apk,UNOBSERVED_CREATION
22937,4,MessageDigestSpec,com.google.android.gms.common.util.AndroidUtilsLight,getPackageCertificateHashBytes,org.glpi.inventory.agent_39469.apk,GENUINE_no
22938,4,MessageDigestSpec,com.google.android.gms.common.util.AndroidUtilsLight,zza,org.glpi.inventory.agent_39469.apk,GENUINE_no
22939,4,MessageDigestSpec,com.google.android.gms.measurement.internal.zzop,zza,org.glpi.inventory.agent_39469.apk,GENUINE_no
22940,4,MessageDigestSpec,com.google.android.gms.measurement.internal.zzop,zzu,org.glpi.inventory.agent_39469.apk,GENUINE_no
22941,4,MessageDigestSpec,com.google.firebase.crashlytics.internal.common.CommonUtils,hash,org.glpi.inventory.agent_39469.apk,GENUINE_no
22942,4,MessageDigestSpec,com.google.android.gms.common.util.AndroidUtilsLight,getPackageCertificateHashBytes,org.glpi.inventory.agent_39469.apk,GENUINE_no
22943,4,MessageDigestSpec,com.google.android.gms.common.util.AndroidUtilsLight,zza,org.glpi.inventory.agent_39469.apk,GENUINE_no
22944,4,MessageDigestSpec,com.google.android.gms.measurement.internal.zzop,zza,org.glpi.inventory.agent_39469.apk,GENUINE_no
22945,4,MessageDigestSpec,com.google.android.gms.measurement.internal.zzop,zzu,org.glpi.inventory.agent_39469.apk,GENUINE_no
22946,4,MessageDigestSpec,com.google.firebase.crashlytics.internal.common.CommonUtils,hash,org.glpi.inventory.agent_39469.apk,GENUINE_no
22947,5,CipherSpec,org.flyve.inventory.CryptoUtil,encrypt,org.glpi.inventory.agent_39469.apk,GENUINE_debatable
22948,2,KeyPairSpec,org.flyve.inventory.CryptoUtil,generateKeyPair,org.glpi.inventory.agent_39469.apk,UNOBSERVED_CREATION
22951,4,MessageDigestSpec,com.google.android.gms.common.util.AndroidUtilsLight,getPackageCertificateHashBytes,org.glpi.inventory.agent_39469.apk,GENUINE_no
22952,4,MessageDigestSpec,com.google.android.gms.common.util.AndroidUtilsLight,zza,org.glpi.inventory.agent_39469.apk,GENUINE_no
22953,4,MessageDigestSpec,com.google.android.gms.measurement.internal.zzop,zza,org.glpi.inventory.agent_39469.apk,GENUINE_no
22954,4,MessageDigestSpec,com.google.android.gms.measurement.internal.zzop,zzu,org.glpi.inventory.agent_39469.apk,GENUINE_no
22955,4,MessageDigestSpec,com.google.firebase.crashlytics.internal.common.CommonUtils,hash,org.glpi.inventory.agent_39469.apk,GENUINE_no
22956,5,CipherSpec,org.flyve.inventory.CryptoUtil,encrypt,org.glpi.inventory.agent_39469.apk,GENUINE_debatable
22957,2,KeyPairSpec,org.flyve.inventory.CryptoUtil,generateKeyPair,org.glpi.inventory.agent_39469.apk,UNOBSERVED_CREATION
22960,4,MessageDigestSpec,com.google.android.gms.common.util.AndroidUtilsLight,getPackageCertificateHashBytes,org.glpi.inventory.agent_39469.apk,GENUINE_no
22961,4,MessageDigestSpec,com.google.android.gms.common.util.AndroidUtilsLight,zza,org.glpi.inventory.agent_39469.apk,GENUINE_no
22962,4,MessageDigestSpec,com.google.android.gms.measurement.internal.zzop,zza,org.glpi.inventory.agent_39469.apk,GENUINE_no
22963,4,MessageDigestSpec,com.google.android.gms.measurement.internal.zzop,zzu,org.glpi.inventory.agent_39469.apk,GENUINE_no
22964,4,MessageDigestSpec,com.google.firebase.crashlytics.internal.common.CommonUtils,hash,org.glpi.inventory.agent_39469.apk,GENUINE_no
22965,4,MessageDigestSpec,com.google.android.gms.common.util.AndroidUtilsLight,getPackageCertificateHashBytes,org.glpi.inventory.agent_39469.apk,GENUINE_no
22966,4,MessageDigestSpec,com.google.android.gms.common.util.AndroidUtilsLight,zza,org.glpi.inventory.agent_39469.apk,GENUINE_no
22967,4,MessageDigestSpec,com.google.android.gms.measurement.internal.zzop,zza,org.glpi.inventory.agent_39469.apk,GENUINE_no
22968,4,MessageDigestSpec,com.google.android.gms.measurement.internal.zzop,zzu,org.glpi.inventory.agent_39469.apk,GENUINE_no
22969,4,MessageDigestSpec,com.google.firebase.crashlytics.internal.common.CommonUtils,hash,org.glpi.inventory.agent_39469.apk,GENUINE_no
22970,5,CipherSpec,org.flyve.inventory.CryptoUtil,encrypt,org.glpi.inventory.agent_39469.apk,GENUINE_debatable
22971,2,KeyPairSpec,org.flyve.inventory.CryptoUtil,generateKeyPair,org.glpi.inventory.agent_39469.apk,UNOBSERVED_CREATION
22974,4,MessageDigestSpec,com.google.android.gms.common.util.AndroidUtilsLight,getPackageCertificateHashBytes,org.glpi.inventory.agent_39469.apk,GENUINE_no
22975,4,MessageDigestSpec,com.google.android.gms.common.util.AndroidUtilsLight,zza,org.glpi.inventory.agent_39469.apk,GENUINE_no
22976,4,MessageDigestSpec,com.google.android.gms.measurement.internal.zzop,zza,org.glpi.inventory.agent_39469.apk,GENUINE_no
22977,4,MessageDigestSpec,com.google.android.gms.measurement.internal.zzop,zzu,org.glpi.inventory.agent_39469.apk,GENUINE_no
22978,4,MessageDigestSpec,com.google.firebase.crashlytics.internal.common.CommonUtils,hash,org.glpi.inventory.agent_39469.apk,GENUINE_no
22979,5,CipherSpec,org.flyve.inventory.CryptoUtil,encrypt,org.glpi.inventory.agent_39469.apk,GENUINE_debatable
22980,2,KeyPairSpec,org.flyve.inventory.CryptoUtil,generateKeyPair,org.glpi.inventory.agent_39469.apk,UNOBSERVED_CREATION
22983,4,MessageDigestSpec,com.google.android.gms.common.util.AndroidUtilsLight,getPackageCertificateHashBytes,org.glpi.inventory.agent_39469.apk,GENUINE_no
22984,4,MessageDigestSpec,com.google.android.gms.common.util.AndroidUtilsLight,zza,org.glpi.inventory.agent_39469.apk,GENUINE_no
22985,4,MessageDigestSpec,com.google.android.gms.measurement.internal.zzop,zza,org.glpi.inventory.agent_39469.apk,GENUINE_no
22986,4,MessageDigestSpec,com.google.android.gms.measurement.internal.zzop,zzu,org.glpi.inventory.agent_39469.apk,GENUINE_no
22987,4,MessageDigestSpec,com.google.firebase.crashlytics.internal.common.CommonUtils,hash,org.glpi.inventory.agent_39469.apk,GENUINE_no
22988,4,MessageDigestSpec,com.google.android.gms.common.util.AndroidUtilsLight,getPackageCertificateHashBytes,org.glpi.inventory.agent_39469.apk,GENUINE_no
22989,4,MessageDigestSpec,com.google.android.gms.common.util.AndroidUtilsLight,zza,org.glpi.inventory.agent_39469.apk,GENUINE_no
22990,4,MessageDigestSpec,com.google.android.gms.measurement.internal.zzop,zza,org.glpi.inventory.agent_39469.apk,GENUINE_no
22991,4,MessageDigestSpec,com.google.android.gms.measurement.internal.zzop,zzu,org.glpi.inventory.agent_39469.apk,GENUINE_no
22992,4,MessageDigestSpec,com.google.firebase.crashlytics.internal.common.CommonUtils,hash,org.glpi.inventory.agent_39469.apk,GENUINE_no
22993,5,CipherSpec,org.flyve.inventory.CryptoUtil,encrypt,org.glpi.inventory.agent_39469.apk,GENUINE_debatable
22994,2,KeyPairSpec,org.flyve.inventory.CryptoUtil,generateKeyPair,org.glpi.inventory.agent_39469.apk,UNOBSERVED_CREATION
22997,4,MessageDigestSpec,com.google.android.gms.common.util.AndroidUtilsLight,getPackageCertificateHashBytes,org.glpi.inventory.agent_39469.apk,GENUINE_no
22998,4,MessageDigestSpec,com.google.android.gms.common.util.AndroidUtilsLight,zza,org.glpi.inventory.agent_39469.apk,GENUINE_no
22999,4,MessageDigestSpec,com.google.android.gms.measurement.internal.zzop,zza,org.glpi.inventory.agent_39469.apk,GENUINE_no
23000,4,MessageDigestSpec,com.google.android.gms.measurement.internal.zzop,zzu,org.glpi.inventory.agent_39469.apk,GENUINE_no
23001,4,MessageDigestSpec,com.google.firebase.crashlytics.internal.common.CommonUtils,hash,org.glpi.inventory.agent_39469.apk,GENUINE_no
23002,5,CipherSpec,org.flyve.inventory.CryptoUtil,encrypt,org.glpi.inventory.agent_39469.apk,GENUINE_debatable
23003,2,KeyPairSpec,org.flyve.inventory.CryptoUtil,generateKeyPair,org.glpi.inventory.agent_39469.apk,UNOBSERVED_CREATION
23006,4,MessageDigestSpec,com.google.android.gms.common.util.AndroidUtilsLight,getPackageCertificateHashBytes,org.glpi.inventory.agent_39469.apk,GENUINE_no
23007,4,MessageDigestSpec,com.google.android.gms.common.util.AndroidUtilsLight,zza,org.glpi.inventory.agent_39469.apk,GENUINE_no
23008,4,MessageDigestSpec,com.google.android.gms.measurement.internal.zzop,zza,org.glpi.inventory.agent_39469.apk,GENUINE_no
23009,4,MessageDigestSpec,com.google.android.gms.measurement.internal.zzop,zzu,org.glpi.inventory.agent_39469.apk,GENUINE_no
23010,4,MessageDigestSpec,com.google.firebase.crashlytics.internal.common.CommonUtils,hash,org.glpi.inventory.agent_39469.apk,GENUINE_no
23011,4,MessageDigestSpec,com.google.android.gms.common.util.AndroidUtilsLight,getPackageCertificateHashBytes,org.glpi.inventory.agent_39469.apk,GENUINE_no
23012,4,MessageDigestSpec,com.google.android.gms.common.util.AndroidUtilsLight,zza,org.glpi.inventory.agent_39469.apk,GENUINE_no
23013,4,MessageDigestSpec,com.google.android.gms.measurement.internal.zzop,zza,org.glpi.inventory.agent_39469.apk,GENUINE_no
23014,4,MessageDigestSpec,com.google.android.gms.measurement.internal.zzop,zzu,org.glpi.inventory.agent_39469.apk,GENUINE_no
23015,4,MessageDigestSpec,com.google.firebase.crashlytics.internal.common.CommonUtils,hash,org.glpi.inventory.agent_39469.apk,GENUINE_no
23016,5,CipherSpec,org.flyve.inventory.CryptoUtil,encrypt,org.glpi.inventory.agent_39469.apk,GENUINE_debatable
23017,2,KeyPairSpec,org.flyve.inventory.CryptoUtil,generateKeyPair,org.glpi.inventory.agent_39469.apk,UNOBSERVED_CREATION
23020,4,MessageDigestSpec,com.google.android.gms.common.util.AndroidUtilsLight,getPackageCertificateHashBytes,org.glpi.inventory.agent_39469.apk,GENUINE_no
23021,4,MessageDigestSpec,com.google.android.gms.common.util.AndroidUtilsLight,zza,org.glpi.inventory.agent_39469.apk,GENUINE_no
23022,4,MessageDigestSpec,com.google.android.gms.measurement.internal.zzop,zza,org.glpi.inventory.agent_39469.apk,GENUINE_no
23023,4,MessageDigestSpec,com.google.android.gms.measurement.internal.zzop,zzu,org.glpi.inventory.agent_39469.apk,GENUINE_no
23024,4,MessageDigestSpec,com.google.firebase.crashlytics.internal.common.CommonUtils,hash,org.glpi.inventory.agent_39469.apk,GENUINE_no
23025,5,CipherSpec,org.flyve.inventory.CryptoUtil,encrypt,org.glpi.inventory.agent_39469.apk,GENUINE_debatable
23026,2,KeyPairSpec,org.flyve.inventory.CryptoUtil,generateKeyPair,org.glpi.inventory.agent_39469.apk,UNOBSERVED_CREATION
23029,4,MessageDigestSpec,com.google.android.gms.common.util.AndroidUtilsLight,getPackageCertificateHashBytes,org.glpi.inventory.agent_39469.apk,GENUINE_no
23030,4,MessageDigestSpec,com.google.android.gms.common.util.AndroidUtilsLight,zza,org.glpi.inventory.agent_39469.apk,GENUINE_no
23031,4,MessageDigestSpec,com.google.android.gms.measurement.internal.zzop,zza,org.glpi.inventory.agent_39469.apk,GENUINE_no
23032,4,MessageDigestSpec,com.google.android.gms.measurement.internal.zzop,zzu,org.glpi.inventory.agent_39469.apk,GENUINE_no
23033,4,MessageDigestSpec,com.google.firebase.crashlytics.internal.common.CommonUtils,hash,org.glpi.inventory.agent_39469.apk,GENUINE_no
23034,4,MessageDigestSpec,com.google.android.gms.common.util.AndroidUtilsLight,getPackageCertificateHashBytes,org.glpi.inventory.agent_39469.apk,GENUINE_no
23035,4,MessageDigestSpec,com.google.android.gms.common.util.AndroidUtilsLight,zza,org.glpi.inventory.agent_39469.apk,GENUINE_no
23036,4,MessageDigestSpec,com.google.android.gms.measurement.internal.zzop,zza,org.glpi.inventory.agent_39469.apk,GENUINE_no
23037,4,MessageDigestSpec,com.google.android.gms.measurement.internal.zzop,zzu,org.glpi.inventory.agent_39469.apk,GENUINE_no
23038,4,MessageDigestSpec,com.google.firebase.crashlytics.internal.common.CommonUtils,hash,org.glpi.inventory.agent_39469.apk,GENUINE_no
23039,5,CipherSpec,org.flyve.inventory.CryptoUtil,encrypt,org.glpi.inventory.agent_39469.apk,GENUINE_debatable
23040,2,KeyPairSpec,org.flyve.inventory.CryptoUtil,generateKeyPair,org.glpi.inventory.agent_39469.apk,UNOBSERVED_CREATION
23043,4,MessageDigestSpec,com.google.android.gms.common.util.AndroidUtilsLight,getPackageCertificateHashBytes,org.glpi.inventory.agent_39469.apk,GENUINE_no
23044,4,MessageDigestSpec,com.google.android.gms.common.util.AndroidUtilsLight,zza,org.glpi.inventory.agent_39469.apk,GENUINE_no
23045,4,MessageDigestSpec,com.google.android.gms.measurement.internal.zzop,zza,org.glpi.inventory.agent_39469.apk,GENUINE_no
23046,4,MessageDigestSpec,com.google.android.gms.measurement.internal.zzop,zzu,org.glpi.inventory.agent_39469.apk,GENUINE_no
23047,4,MessageDigestSpec,com.google.firebase.crashlytics.internal.common.CommonUtils,hash,org.glpi.inventory.agent_39469.apk,GENUINE_no
23048,5,CipherSpec,org.flyve.inventory.CryptoUtil,encrypt,org.glpi.inventory.agent_39469.apk,GENUINE_debatable
23049,2,KeyPairSpec,org.flyve.inventory.CryptoUtil,generateKeyPair,org.glpi.inventory.agent_39469.apk,UNOBSERVED_CREATION
23052,4,MessageDigestSpec,com.google.android.gms.common.util.AndroidUtilsLight,getPackageCertificateHashBytes,org.glpi.inventory.agent_39469.apk,GENUINE_no
23053,4,MessageDigestSpec,com.google.android.gms.common.util.AndroidUtilsLight,zza,org.glpi.inventory.agent_39469.apk,GENUINE_no
23054,4,MessageDigestSpec,com.google.android.gms.measurement.internal.zzop,zza,org.glpi.inventory.agent_39469.apk,GENUINE_no
23055,4,MessageDigestSpec,com.google.android.gms.measurement.internal.zzop,zzu,org.glpi.inventory.agent_39469.apk,GENUINE_no
23056,4,MessageDigestSpec,com.google.firebase.crashlytics.internal.common.CommonUtils,hash,org.glpi.inventory.agent_39469.apk,GENUINE_no
23057,4,MessageDigestSpec,com.google.android.gms.common.util.AndroidUtilsLight,getPackageCertificateHashBytes,org.glpi.inventory.agent_39469.apk,GENUINE_no
23058,4,MessageDigestSpec,com.google.android.gms.common.util.AndroidUtilsLight,zza,org.glpi.inventory.agent_39469.apk,GENUINE_no
23059,4,MessageDigestSpec,com.google.android.gms.measurement.internal.zzop,zza,org.glpi.inventory.agent_39469.apk,GENUINE_no
23060,4,MessageDigestSpec,com.google.android.gms.measurement.internal.zzop,zzu,org.glpi.inventory.agent_39469.apk,GENUINE_no
23061,4,MessageDigestSpec,com.google.firebase.crashlytics.internal.common.CommonUtils,hash,org.glpi.inventory.agent_39469.apk,GENUINE_no
23062,5,CipherSpec,org.flyve.inventory.CryptoUtil,encrypt,org.glpi.inventory.agent_39469.apk,GENUINE_debatable
23063,2,KeyPairSpec,org.flyve.inventory.CryptoUtil,generateKeyPair,org.glpi.inventory.agent_39469.apk,UNOBSERVED_CREATION
23066,4,MessageDigestSpec,com.google.android.gms.common.util.AndroidUtilsLight,getPackageCertificateHashBytes,org.glpi.inventory.agent_39469.apk,GENUINE_no
23067,4,MessageDigestSpec,com.google.android.gms.common.util.AndroidUtilsLight,zza,org.glpi.inventory.agent_39469.apk,GENUINE_no
23068,4,MessageDigestSpec,com.google.android.gms.measurement.internal.zzop,zza,org.glpi.inventory.agent_39469.apk,GENUINE_no
23069,4,MessageDigestSpec,com.google.android.gms.measurement.internal.zzop,zzu,org.glpi.inventory.agent_39469.apk,GENUINE_no
23070,4,MessageDigestSpec,com.google.firebase.crashlytics.internal.common.CommonUtils,hash,org.glpi.inventory.agent_39469.apk,GENUINE_no
23071,5,CipherSpec,org.flyve.inventory.CryptoUtil,encrypt,org.glpi.inventory.agent_39469.apk,GENUINE_debatable
23072,2,KeyPairSpec,org.flyve.inventory.CryptoUtil,generateKeyPair,org.glpi.inventory.agent_39469.apk,UNOBSERVED_CREATION
23075,4,MessageDigestSpec,com.google.android.gms.common.util.AndroidUtilsLight,getPackageCertificateHashBytes,org.glpi.inventory.agent_39469.apk,GENUINE_no
23076,4,MessageDigestSpec,com.google.android.gms.common.util.AndroidUtilsLight,zza,org.glpi.inventory.agent_39469.apk,GENUINE_no
23077,4,MessageDigestSpec,com.google.android.gms.measurement.internal.zzop,zza,org.glpi.inventory.agent_39469.apk,GENUINE_no
23078,4,MessageDigestSpec,com.google.android.gms.measurement.internal.zzop,zzu,org.glpi.inventory.agent_39469.apk,GENUINE_no
23079,4,MessageDigestSpec,com.google.firebase.crashlytics.internal.common.CommonUtils,hash,org.glpi.inventory.agent_39469.apk,GENUINE_no
23080,4,MessageDigestSpec,com.google.android.gms.common.util.AndroidUtilsLight,getPackageCertificateHashBytes,org.glpi.inventory.agent_39469.apk,GENUINE_no
23081,4,MessageDigestSpec,com.google.android.gms.common.util.AndroidUtilsLight,zza,org.glpi.inventory.agent_39469.apk,GENUINE_no
23082,4,MessageDigestSpec,com.google.android.gms.measurement.internal.zzop,zza,org.glpi.inventory.agent_39469.apk,GENUINE_no
23083,4,MessageDigestSpec,com.google.android.gms.measurement.internal.zzop,zzu,org.glpi.inventory.agent_39469.apk,GENUINE_no
23084,4,MessageDigestSpec,com.google.firebase.crashlytics.internal.common.CommonUtils,hash,org.glpi.inventory.agent_39469.apk,GENUINE_no
23085,4,MessageDigestSpec,com.google.android.gms.common.util.AndroidUtilsLight,getPackageCertificateHashBytes,org.glpi.inventory.agent_39469.apk,GENUINE_no
23086,4,MessageDigestSpec,com.google.android.gms.common.util.AndroidUtilsLight,zza,org.glpi.inventory.agent_39469.apk,GENUINE_no
23087,4,MessageDigestSpec,com.google.android.gms.measurement.internal.zzop,zza,org.glpi.inventory.agent_39469.apk,GENUINE_no
23088,4,MessageDigestSpec,com.google.android.gms.measurement.internal.zzop,zzu,org.glpi.inventory.agent_39469.apk,GENUINE_no
23089,4,MessageDigestSpec,com.google.firebase.crashlytics.internal.common.CommonUtils,hash,org.glpi.inventory.agent_39469.apk,GENUINE_no
23090,5,CipherSpec,org.flyve.inventory.CryptoUtil,encrypt,org.glpi.inventory.agent_39469.apk,GENUINE_debatable
23091,2,KeyPairSpec,org.flyve.inventory.CryptoUtil,generateKeyPair,org.glpi.inventory.agent_39469.apk,UNOBSERVED_CREATION
23094,4,MessageDigestSpec,com.google.android.gms.common.util.AndroidUtilsLight,getPackageCertificateHashBytes,org.glpi.inventory.agent_39469.apk,GENUINE_no
23095,4,MessageDigestSpec,com.google.android.gms.common.util.AndroidUtilsLight,zza,org.glpi.inventory.agent_39469.apk,GENUINE_no
23096,4,MessageDigestSpec,com.google.android.gms.measurement.internal.zzop,zza,org.glpi.inventory.agent_39469.apk,GENUINE_no
23097,4,MessageDigestSpec,com.google.android.gms.measurement.internal.zzop,zzu,org.glpi.inventory.agent_39469.apk,GENUINE_no
23098,4,MessageDigestSpec,com.google.firebase.crashlytics.internal.common.CommonUtils,hash,org.glpi.inventory.agent_39469.apk,GENUINE_no
23099,5,CipherSpec,org.flyve.inventory.CryptoUtil,encrypt,org.glpi.inventory.agent_39469.apk,GENUINE_debatable
23100,2,KeyPairSpec,org.flyve.inventory.CryptoUtil,generateKeyPair,org.glpi.inventory.agent_39469.apk,UNOBSERVED_CREATION
23103,4,MessageDigestSpec,com.google.android.gms.common.util.AndroidUtilsLight,getPackageCertificateHashBytes,org.glpi.inventory.agent_39469.apk,GENUINE_no
23104,4,MessageDigestSpec,com.google.android.gms.common.util.AndroidUtilsLight,zza,org.glpi.inventory.agent_39469.apk,GENUINE_no
23105,4,MessageDigestSpec,com.google.android.gms.measurement.internal.zzop,zza,org.glpi.inventory.agent_39469.apk,GENUINE_no
23106,4,MessageDigestSpec,com.google.android.gms.measurement.internal.zzop,zzu,org.glpi.inventory.agent_39469.apk,GENUINE_no
23107,4,MessageDigestSpec,com.google.firebase.crashlytics.internal.common.CommonUtils,hash,org.glpi.inventory.agent_39469.apk,GENUINE_no
23108,5,CipherSpec,org.flyve.inventory.CryptoUtil,encrypt,org.glpi.inventory.agent_39469.apk,GENUINE_debatable
23109,2,KeyPairSpec,org.flyve.inventory.CryptoUtil,generateKeyPair,org.glpi.inventory.agent_39469.apk,UNOBSERVED_CREATION
23112,4,MessageDigestSpec,com.google.android.gms.common.util.AndroidUtilsLight,getPackageCertificateHashBytes,org.glpi.inventory.agent_39469.apk,GENUINE_no
23113,4,MessageDigestSpec,com.google.android.gms.common.util.AndroidUtilsLight,zza,org.glpi.inventory.agent_39469.apk,GENUINE_no
23114,4,MessageDigestSpec,com.google.android.gms.measurement.internal.zzop,zza,org.glpi.inventory.agent_39469.apk,GENUINE_no
23115,4,MessageDigestSpec,com.google.android.gms.measurement.internal.zzop,zzu,org.glpi.inventory.agent_39469.apk,GENUINE_no
23116,4,MessageDigestSpec,com.google.firebase.crashlytics.internal.common.CommonUtils,hash,org.glpi.inventory.agent_39469.apk,GENUINE_no
23117,5,CipherSpec,org.flyve.inventory.CryptoUtil,encrypt,org.glpi.inventory.agent_39469.apk,GENUINE_debatable
23118,2,KeyPairSpec,org.flyve.inventory.CryptoUtil,generateKeyPair,org.glpi.inventory.agent_39469.apk,UNOBSERVED_CREATION
23121,4,MessageDigestSpec,com.google.android.gms.common.util.AndroidUtilsLight,getPackageCertificateHashBytes,org.glpi.inventory.agent_39469.apk,GENUINE_no
23122,4,MessageDigestSpec,com.google.android.gms.common.util.AndroidUtilsLight,zza,org.glpi.inventory.agent_39469.apk,GENUINE_no
23123,4,MessageDigestSpec,com.google.android.gms.measurement.internal.zzop,zza,org.glpi.inventory.agent_39469.apk,GENUINE_no
23124,4,MessageDigestSpec,com.google.android.gms.measurement.internal.zzop,zzu,org.glpi.inventory.agent_39469.apk,GENUINE_no
23125,4,MessageDigestSpec,com.google.firebase.crashlytics.internal.common.CommonUtils,hash,org.glpi.inventory.agent_39469.apk,GENUINE_no
23126,5,CipherSpec,org.flyve.inventory.CryptoUtil,encrypt,org.glpi.inventory.agent_39469.apk,GENUINE_debatable
23127,2,KeyPairSpec,org.flyve.inventory.CryptoUtil,generateKeyPair,org.glpi.inventory.agent_39469.apk,UNOBSERVED_CREATION
23130,4,MessageDigestSpec,com.google.android.gms.common.util.AndroidUtilsLight,getPackageCertificateHashBytes,org.glpi.inventory.agent_39469.apk,GENUINE_no
23131,4,MessageDigestSpec,com.google.android.gms.common.util.AndroidUtilsLight,zza,org.glpi.inventory.agent_39469.apk,GENUINE_no
23132,4,MessageDigestSpec,com.google.android.gms.measurement.internal.zzop,zza,org.glpi.inventory.agent_39469.apk,GENUINE_no
23133,4,MessageDigestSpec,com.google.android.gms.measurement.internal.zzop,zzu,org.glpi.inventory.agent_39469.apk,GENUINE_no
23134,4,MessageDigestSpec,com.google.firebase.crashlytics.internal.common.CommonUtils,hash,org.glpi.inventory.agent_39469.apk,GENUINE_no
23135,5,CipherSpec,org.flyve.inventory.CryptoUtil,encrypt,org.glpi.inventory.agent_39469.apk,GENUINE_debatable
23136,2,KeyPairSpec,org.flyve.inventory.CryptoUtil,generateKeyPair,org.glpi.inventory.agent_39469.apk,UNOBSERVED_CREATION
23139,4,MessageDigestSpec,com.google.android.gms.common.util.AndroidUtilsLight,getPackageCertificateHashBytes,org.glpi.inventory.agent_39469.apk,GENUINE_no
23140,4,MessageDigestSpec,com.google.android.gms.common.util.AndroidUtilsLight,zza,org.glpi.inventory.agent_39469.apk,GENUINE_no
23141,4,MessageDigestSpec,com.google.android.gms.measurement.internal.zzop,zza,org.glpi.inventory.agent_39469.apk,GENUINE_no
23142,4,MessageDigestSpec,com.google.android.gms.measurement.internal.zzop,zzu,org.glpi.inventory.agent_39469.apk,GENUINE_no
23143,4,MessageDigestSpec,com.google.firebase.crashlytics.internal.common.CommonUtils,hash,org.glpi.inventory.agent_39469.apk,GENUINE_no
23144,5,CipherSpec,org.flyve.inventory.CryptoUtil,encrypt,org.glpi.inventory.agent_39469.apk,GENUINE_debatable
23145,2,KeyPairSpec,org.flyve.inventory.CryptoUtil,generateKeyPair,org.glpi.inventory.agent_39469.apk,UNOBSERVED_CREATION
23148,4,MessageDigestSpec,com.google.android.gms.common.util.AndroidUtilsLight,getPackageCertificateHashBytes,org.glpi.inventory.agent_39469.apk,GENUINE_no
23149,4,MessageDigestSpec,com.google.android.gms.common.util.AndroidUtilsLight,zza,org.glpi.inventory.agent_39469.apk,GENUINE_no
23150,4,MessageDigestSpec,com.google.android.gms.measurement.internal.zzop,zza,org.glpi.inventory.agent_39469.apk,GENUINE_no
23151,4,MessageDigestSpec,com.google.android.gms.measurement.internal.zzop,zzu,org.glpi.inventory.agent_39469.apk,GENUINE_no
23152,4,MessageDigestSpec,com.google.firebase.crashlytics.internal.common.CommonUtils,hash,org.glpi.inventory.agent_39469.apk,GENUINE_no
23153,5,CipherSpec,org.flyve.inventory.CryptoUtil,encrypt,org.glpi.inventory.agent_39469.apk,GENUINE_debatable
23154,2,KeyPairSpec,org.flyve.inventory.CryptoUtil,generateKeyPair,org.glpi.inventory.agent_39469.apk,UNOBSERVED_CREATION
23157,4,MessageDigestSpec,com.google.android.gms.common.util.AndroidUtilsLight,getPackageCertificateHashBytes,org.glpi.inventory.agent_39469.apk,GENUINE_no
23158,4,MessageDigestSpec,com.google.android.gms.common.util.AndroidUtilsLight,zza,org.glpi.inventory.agent_39469.apk,GENUINE_no
23159,4,MessageDigestSpec,com.google.android.gms.measurement.internal.zzop,zza,org.glpi.inventory.agent_39469.apk,GENUINE_no
23160,4,MessageDigestSpec,com.google.android.gms.measurement.internal.zzop,zzu,org.glpi.inventory.agent_39469.apk,GENUINE_no
23161,4,MessageDigestSpec,com.google.firebase.crashlytics.internal.common.CommonUtils,hash,org.glpi.inventory.agent_39469.apk,GENUINE_no
23162,5,CipherSpec,org.flyve.inventory.CryptoUtil,encrypt,org.glpi.inventory.agent_39469.apk,GENUINE_debatable
23163,2,KeyPairSpec,org.flyve.inventory.CryptoUtil,generateKeyPair,org.glpi.inventory.agent_39469.apk,UNOBSERVED_CREATION
23166,4,MessageDigestSpec,com.google.android.gms.common.util.AndroidUtilsLight,getPackageCertificateHashBytes,org.glpi.inventory.agent_39469.apk,GENUINE_no
23167,4,MessageDigestSpec,com.google.android.gms.common.util.AndroidUtilsLight,zza,org.glpi.inventory.agent_39469.apk,GENUINE_no
23168,4,MessageDigestSpec,com.google.android.gms.measurement.internal.zzop,zza,org.glpi.inventory.agent_39469.apk,GENUINE_no
23169,4,MessageDigestSpec,com.google.android.gms.measurement.internal.zzop,zzu,org.glpi.inventory.agent_39469.apk,GENUINE_no
23170,4,MessageDigestSpec,com.google.firebase.crashlytics.internal.common.CommonUtils,hash,org.glpi.inventory.agent_39469.apk,GENUINE_no
23171,5,CipherSpec,org.flyve.inventory.CryptoUtil,encrypt,org.glpi.inventory.agent_39469.apk,GENUINE_debatable
23172,2,KeyPairSpec,org.flyve.inventory.CryptoUtil,generateKeyPair,org.glpi.inventory.agent_39469.apk,UNOBSERVED_CREATION
23175,4,MessageDigestSpec,com.google.android.gms.common.util.AndroidUtilsLight,getPackageCertificateHashBytes,org.glpi.inventory.agent_39469.apk,GENUINE_no
23176,4,MessageDigestSpec,com.google.android.gms.common.util.AndroidUtilsLight,zza,org.glpi.inventory.agent_39469.apk,GENUINE_no
23177,4,MessageDigestSpec,com.google.android.gms.measurement.internal.zzop,zza,org.glpi.inventory.agent_39469.apk,GENUINE_no
23178,4,MessageDigestSpec,com.google.android.gms.measurement.internal.zzop,zzu,org.glpi.inventory.agent_39469.apk,GENUINE_no
23179,4,MessageDigestSpec,com.google.firebase.crashlytics.internal.common.CommonUtils,hash,org.glpi.inventory.agent_39469.apk,GENUINE_no
23180,5,CipherSpec,org.flyve.inventory.CryptoUtil,encrypt,org.glpi.inventory.agent_39469.apk,GENUINE_debatable
23181,2,KeyPairSpec,org.flyve.inventory.CryptoUtil,generateKeyPair,org.glpi.inventory.agent_39469.apk,UNOBSERVED_CREATION
23184,4,MessageDigestSpec,com.google.android.gms.common.util.AndroidUtilsLight,getPackageCertificateHashBytes,org.glpi.inventory.agent_39469.apk,GENUINE_no
23185,4,MessageDigestSpec,com.google.android.gms.common.util.AndroidUtilsLight,zza,org.glpi.inventory.agent_39469.apk,GENUINE_no
23186,4,MessageDigestSpec,com.google.android.gms.measurement.internal.zzop,zza,org.glpi.inventory.agent_39469.apk,GENUINE_no
23187,4,MessageDigestSpec,com.google.android.gms.measurement.internal.zzop,zzu,org.glpi.inventory.agent_39469.apk,GENUINE_no
23188,4,MessageDigestSpec,com.google.firebase.crashlytics.internal.common.CommonUtils,hash,org.glpi.inventory.agent_39469.apk,GENUINE_no
23189,5,CipherSpec,org.flyve.inventory.CryptoUtil,encrypt,org.glpi.inventory.agent_39469.apk,GENUINE_debatable
23190,2,KeyPairSpec,org.flyve.inventory.CryptoUtil,generateKeyPair,org.glpi.inventory.agent_39469.apk,UNOBSERVED_CREATION
23193,4,MessageDigestSpec,com.google.android.gms.common.util.AndroidUtilsLight,getPackageCertificateHashBytes,org.glpi.inventory.agent_39469.apk,GENUINE_no
23194,4,MessageDigestSpec,com.google.android.gms.common.util.AndroidUtilsLight,zza,org.glpi.inventory.agent_39469.apk,GENUINE_no
23195,4,MessageDigestSpec,com.google.android.gms.measurement.internal.zzop,zza,org.glpi.inventory.agent_39469.apk,GENUINE_no
23196,4,MessageDigestSpec,com.google.android.gms.measurement.internal.zzop,zzu,org.glpi.inventory.agent_39469.apk,GENUINE_no
23197,4,MessageDigestSpec,com.google.firebase.crashlytics.internal.common.CommonUtils,hash,org.glpi.inventory.agent_39469.apk,GENUINE_no
23198,5,CipherSpec,org.flyve.inventory.CryptoUtil,encrypt,org.glpi.inventory.agent_39469.apk,GENUINE_debatable
23199,2,KeyPairSpec,org.flyve.inventory.CryptoUtil,generateKeyPair,org.glpi.inventory.agent_39469.apk,UNOBSERVED_CREATION
23202,4,MessageDigestSpec,com.google.android.gms.common.util.AndroidUtilsLight,getPackageCertificateHashBytes,org.glpi.inventory.agent_39469.apk,GENUINE_no
23203,4,MessageDigestSpec,com.google.android.gms.common.util.AndroidUtilsLight,zza,org.glpi.inventory.agent_39469.apk,GENUINE_no
23204,4,MessageDigestSpec,com.google.android.gms.measurement.internal.zzop,zza,org.glpi.inventory.agent_39469.apk,GENUINE_no
23205,4,MessageDigestSpec,com.google.android.gms.measurement.internal.zzop,zzu,org.glpi.inventory.agent_39469.apk,GENUINE_no
23206,4,MessageDigestSpec,com.google.firebase.crashlytics.internal.common.CommonUtils,hash,org.glpi.inventory.agent_39469.apk,GENUINE_no
23207,5,CipherSpec,org.flyve.inventory.CryptoUtil,encrypt,org.glpi.inventory.agent_39469.apk,GENUINE_debatable
23208,2,KeyPairSpec,org.flyve.inventory.CryptoUtil,generateKeyPair,org.glpi.inventory.agent_39469.apk,UNOBSERVED_CREATION
23211,4,MessageDigestSpec,com.google.android.gms.common.util.AndroidUtilsLight,getPackageCertificateHashBytes,org.glpi.inventory.agent_39469.apk,GENUINE_no
23212,4,MessageDigestSpec,com.google.android.gms.common.util.AndroidUtilsLight,zza,org.glpi.inventory.agent_39469.apk,GENUINE_no
23213,4,MessageDigestSpec,com.google.android.gms.measurement.internal.zzop,zza,org.glpi.inventory.agent_39469.apk,GENUINE_no
23214,4,MessageDigestSpec,com.google.android.gms.measurement.internal.zzop,zzu,org.glpi.inventory.agent_39469.apk,GENUINE_no
23215,4,MessageDigestSpec,com.google.firebase.crashlytics.internal.common.CommonUtils,hash,org.glpi.inventory.agent_39469.apk,GENUINE_no
23216,5,CipherSpec,org.flyve.inventory.CryptoUtil,encrypt,org.glpi.inventory.agent_39469.apk,GENUINE_debatable
23217,2,KeyPairSpec,org.flyve.inventory.CryptoUtil,generateKeyPair,org.glpi.inventory.agent_39469.apk,UNOBSERVED_CREATION
23220,4,MessageDigestSpec,com.google.android.gms.common.util.AndroidUtilsLight,getPackageCertificateHashBytes,org.glpi.inventory.agent_39469.apk,GENUINE_no
23221,4,MessageDigestSpec,com.google.android.gms.common.util.AndroidUtilsLight,zza,org.glpi.inventory.agent_39469.apk,GENUINE_no
23222,4,MessageDigestSpec,com.google.android.gms.measurement.internal.zzop,zza,org.glpi.inventory.agent_39469.apk,GENUINE_no
23223,4,MessageDigestSpec,com.google.android.gms.measurement.internal.zzop,zzu,org.glpi.inventory.agent_39469.apk,GENUINE_no
23224,4,MessageDigestSpec,com.google.firebase.crashlytics.internal.common.CommonUtils,hash,org.glpi.inventory.agent_39469.apk,GENUINE_no
23225,5,CipherSpec,org.flyve.inventory.CryptoUtil,encrypt,org.glpi.inventory.agent_39469.apk,GENUINE_debatable
23226,2,KeyPairSpec,org.flyve.inventory.CryptoUtil,generateKeyPair,org.glpi.inventory.agent_39469.apk,UNOBSERVED_CREATION
23229,4,MessageDigestSpec,com.google.android.gms.common.util.AndroidUtilsLight,getPackageCertificateHashBytes,org.glpi.inventory.agent_39469.apk,GENUINE_no
23230,4,MessageDigestSpec,com.google.android.gms.common.util.AndroidUtilsLight,zza,org.glpi.inventory.agent_39469.apk,GENUINE_no
23231,4,MessageDigestSpec,com.google.android.gms.measurement.internal.zzop,zza,org.glpi.inventory.agent_39469.apk,GENUINE_no
23232,4,MessageDigestSpec,com.google.android.gms.measurement.internal.zzop,zzu,org.glpi.inventory.agent_39469.apk,GENUINE_no
23233,4,MessageDigestSpec,com.google.firebase.crashlytics.internal.common.CommonUtils,hash,org.glpi.inventory.agent_39469.apk,GENUINE_no
23234,5,CipherSpec,org.flyve.inventory.CryptoUtil,encrypt,org.glpi.inventory.agent_39469.apk,GENUINE_debatable
23235,2,KeyPairSpec,org.flyve.inventory.CryptoUtil,generateKeyPair,org.glpi.inventory.agent_39469.apk,UNOBSERVED_CREATION
23238,4,MessageDigestSpec,com.google.android.gms.common.util.AndroidUtilsLight,getPackageCertificateHashBytes,org.glpi.inventory.agent_39469.apk,GENUINE_no
23239,4,MessageDigestSpec,com.google.android.gms.common.util.AndroidUtilsLight,zza,org.glpi.inventory.agent_39469.apk,GENUINE_no
23240,4,MessageDigestSpec,com.google.android.gms.measurement.internal.zzop,zza,org.glpi.inventory.agent_39469.apk,GENUINE_no
23241,4,MessageDigestSpec,com.google.android.gms.measurement.internal.zzop,zzu,org.glpi.inventory.agent_39469.apk,GENUINE_no
23242,4,MessageDigestSpec,com.google.firebase.crashlytics.internal.common.CommonUtils,hash,org.glpi.inventory.agent_39469.apk,GENUINE_no
23243,4,MessageDigestSpec,com.google.android.gms.common.util.AndroidUtilsLight,getPackageCertificateHashBytes,org.glpi.inventory.agent_39469.apk,GENUINE_no
23244,4,MessageDigestSpec,com.google.android.gms.common.util.AndroidUtilsLight,zza,org.glpi.inventory.agent_39469.apk,GENUINE_no
23245,4,MessageDigestSpec,com.google.android.gms.measurement.internal.zzop,zza,org.glpi.inventory.agent_39469.apk,GENUINE_no
23246,4,MessageDigestSpec,com.google.android.gms.measurement.internal.zzop,zzu,org.glpi.inventory.agent_39469.apk,GENUINE_no
23247,4,MessageDigestSpec,com.google.firebase.crashlytics.internal.common.CommonUtils,hash,org.glpi.inventory.agent_39469.apk,GENUINE_no
23248,5,CipherSpec,org.flyve.inventory.CryptoUtil,encrypt,org.glpi.inventory.agent_39469.apk,GENUINE_debatable
23249,2,KeyPairSpec,org.flyve.inventory.CryptoUtil,generateKeyPair,org.glpi.inventory.agent_39469.apk,UNOBSERVED_CREATION
23252,4,MessageDigestSpec,com.google.android.gms.common.util.AndroidUtilsLight,getPackageCertificateHashBytes,org.glpi.inventory.agent_39469.apk,GENUINE_no
23253,4,MessageDigestSpec,com.google.android.gms.common.util.AndroidUtilsLight,zza,org.glpi.inventory.agent_39469.apk,GENUINE_no
23254,4,MessageDigestSpec,com.google.android.gms.measurement.internal.zzop,zza,org.glpi.inventory.agent_39469.apk,GENUINE_no
23255,4,MessageDigestSpec,com.google.android.gms.measurement.internal.zzop,zzu,org.glpi.inventory.agent_39469.apk,GENUINE_no
23256,4,MessageDigestSpec,com.google.firebase.crashlytics.internal.common.CommonUtils,hash,org.glpi.inventory.agent_39469.apk,GENUINE_no
23257,5,CipherSpec,org.flyve.inventory.CryptoUtil,encrypt,org.glpi.inventory.agent_39469.apk,GENUINE_debatable
23258,2,KeyPairSpec,org.flyve.inventory.CryptoUtil,generateKeyPair,org.glpi.inventory.agent_39469.apk,UNOBSERVED_CREATION
23261,4,MessageDigestSpec,com.google.android.gms.common.util.AndroidUtilsLight,getPackageCertificateHashBytes,org.glpi.inventory.agent_39469.apk,GENUINE_no
23262,4,MessageDigestSpec,com.google.android.gms.common.util.AndroidUtilsLight,zza,org.glpi.inventory.agent_39469.apk,GENUINE_no
23263,4,MessageDigestSpec,com.google.android.gms.measurement.internal.zzop,zza,org.glpi.inventory.agent_39469.apk,GENUINE_no
23264,4,MessageDigestSpec,com.google.android.gms.measurement.internal.zzop,zzu,org.glpi.inventory.agent_39469.apk,GENUINE_no
23265,4,MessageDigestSpec,com.google.firebase.crashlytics.internal.common.CommonUtils,hash,org.glpi.inventory.agent_39469.apk,GENUINE_no
23266,5,CipherSpec,org.flyve.inventory.CryptoUtil,encrypt,org.glpi.inventory.agent_39469.apk,GENUINE_debatable
23267,2,KeyPairSpec,org.flyve.inventory.CryptoUtil,generateKeyPair,org.glpi.inventory.agent_39469.apk,UNOBSERVED_CREATION
23270,4,MessageDigestSpec,com.google.android.gms.common.util.AndroidUtilsLight,getPackageCertificateHashBytes,org.glpi.inventory.agent_39469.apk,GENUINE_no
23271,4,MessageDigestSpec,com.google.android.gms.common.util.AndroidUtilsLight,zza,org.glpi.inventory.agent_39469.apk,GENUINE_no
23272,4,MessageDigestSpec,com.google.android.gms.measurement.internal.zzop,zza,org.glpi.inventory.agent_39469.apk,GENUINE_no
23273,4,MessageDigestSpec,com.google.android.gms.measurement.internal.zzop,zzu,org.glpi.inventory.agent_39469.apk,GENUINE_no
23274,4,MessageDigestSpec,com.google.firebase.crashlytics.internal.common.CommonUtils,hash,org.glpi.inventory.agent_39469.apk,GENUINE_no
23275,5,CipherSpec,org.flyve.inventory.CryptoUtil,encrypt,org.glpi.inventory.agent_39469.apk,GENUINE_debatable
23276,2,KeyPairSpec,org.flyve.inventory.CryptoUtil,generateKeyPair,org.glpi.inventory.agent_39469.apk,UNOBSERVED_CREATION
23279,4,MessageDigestSpec,com.google.android.gms.common.util.AndroidUtilsLight,getPackageCertificateHashBytes,org.glpi.inventory.agent_39469.apk,GENUINE_no
23280,4,MessageDigestSpec,com.google.android.gms.common.util.AndroidUtilsLight,zza,org.glpi.inventory.agent_39469.apk,GENUINE_no
23281,4,MessageDigestSpec,com.google.android.gms.measurement.internal.zzop,zza,org.glpi.inventory.agent_39469.apk,GENUINE_no
23282,4,MessageDigestSpec,com.google.android.gms.measurement.internal.zzop,zzu,org.glpi.inventory.agent_39469.apk,GENUINE_no
23283,4,MessageDigestSpec,com.google.firebase.crashlytics.internal.common.CommonUtils,hash,org.glpi.inventory.agent_39469.apk,GENUINE_no
23284,5,CipherSpec,org.flyve.inventory.CryptoUtil,encrypt,org.glpi.inventory.agent_39469.apk,GENUINE_debatable
23285,2,KeyPairSpec,org.flyve.inventory.CryptoUtil,generateKeyPair,org.glpi.inventory.agent_39469.apk,UNOBSERVED_CREATION
23288,4,MessageDigestSpec,com.google.android.gms.common.util.AndroidUtilsLight,getPackageCertificateHashBytes,org.glpi.inventory.agent_39469.apk,GENUINE_no
23289,4,MessageDigestSpec,com.google.android.gms.common.util.AndroidUtilsLight,zza,org.glpi.inventory.agent_39469.apk,GENUINE_no
23290,4,MessageDigestSpec,com.google.android.gms.measurement.internal.zzop,zza,org.glpi.inventory.agent_39469.apk,GENUINE_no
23291,4,MessageDigestSpec,com.google.android.gms.measurement.internal.zzop,zzu,org.glpi.inventory.agent_39469.apk,GENUINE_no
23292,4,MessageDigestSpec,com.google.firebase.crashlytics.internal.common.CommonUtils,hash,org.glpi.inventory.agent_39469.apk,GENUINE_no
23293,5,CipherSpec,org.flyve.inventory.CryptoUtil,encrypt,org.glpi.inventory.agent_39469.apk,GENUINE_debatable
23294,2,KeyPairSpec,org.flyve.inventory.CryptoUtil,generateKeyPair,org.glpi.inventory.agent_39469.apk,UNOBSERVED_CREATION
23297,4,MessageDigestSpec,com.google.android.gms.common.util.AndroidUtilsLight,getPackageCertificateHashBytes,org.glpi.inventory.agent_39469.apk,GENUINE_no
23298,4,MessageDigestSpec,com.google.android.gms.common.util.AndroidUtilsLight,zza,org.glpi.inventory.agent_39469.apk,GENUINE_no
23299,4,MessageDigestSpec,com.google.android.gms.measurement.internal.zzop,zza,org.glpi.inventory.agent_39469.apk,GENUINE_no
23300,4,MessageDigestSpec,com.google.android.gms.measurement.internal.zzop,zzu,org.glpi.inventory.agent_39469.apk,GENUINE_no
23301,4,MessageDigestSpec,com.google.firebase.crashlytics.internal.common.CommonUtils,hash,org.glpi.inventory.agent_39469.apk,GENUINE_no
23302,4,MessageDigestSpec,com.google.android.gms.common.util.AndroidUtilsLight,getPackageCertificateHashBytes,org.glpi.inventory.agent_39469.apk,GENUINE_no
23303,4,MessageDigestSpec,com.google.android.gms.common.util.AndroidUtilsLight,zza,org.glpi.inventory.agent_39469.apk,GENUINE_no
23304,4,MessageDigestSpec,com.google.android.gms.measurement.internal.zzop,zza,org.glpi.inventory.agent_39469.apk,GENUINE_no
23305,4,MessageDigestSpec,com.google.android.gms.measurement.internal.zzop,zzu,org.glpi.inventory.agent_39469.apk,GENUINE_no
23306,4,MessageDigestSpec,com.google.firebase.crashlytics.internal.common.CommonUtils,hash,org.glpi.inventory.agent_39469.apk,GENUINE_no
23307,5,CipherSpec,org.flyve.inventory.CryptoUtil,encrypt,org.glpi.inventory.agent_39469.apk,GENUINE_debatable
23308,2,KeyPairSpec,org.flyve.inventory.CryptoUtil,generateKeyPair,org.glpi.inventory.agent_39469.apk,UNOBSERVED_CREATION
23311,4,MessageDigestSpec,com.google.android.gms.common.util.AndroidUtilsLight,getPackageCertificateHashBytes,org.glpi.inventory.agent_39469.apk,GENUINE_no
23312,4,MessageDigestSpec,com.google.android.gms.common.util.AndroidUtilsLight,zza,org.glpi.inventory.agent_39469.apk,GENUINE_no
23313,4,MessageDigestSpec,com.google.android.gms.measurement.internal.zzop,zza,org.glpi.inventory.agent_39469.apk,GENUINE_no
23314,4,MessageDigestSpec,com.google.android.gms.measurement.internal.zzop,zzu,org.glpi.inventory.agent_39469.apk,GENUINE_no
23315,4,MessageDigestSpec,com.google.firebase.crashlytics.internal.common.CommonUtils,hash,org.glpi.inventory.agent_39469.apk,GENUINE_no
23316,5,CipherSpec,org.flyve.inventory.CryptoUtil,encrypt,org.glpi.inventory.agent_39469.apk,GENUINE_debatable
23317,2,KeyPairSpec,org.flyve.inventory.CryptoUtil,generateKeyPair,org.glpi.inventory.agent_39469.apk,UNOBSERVED_CREATION
23320,4,MessageDigestSpec,com.google.android.gms.common.util.AndroidUtilsLight,getPackageCertificateHashBytes,org.glpi.inventory.agent_39469.apk,GENUINE_no
23321,4,MessageDigestSpec,com.google.android.gms.common.util.AndroidUtilsLight,zza,org.glpi.inventory.agent_39469.apk,GENUINE_no
23322,4,MessageDigestSpec,com.google.android.gms.measurement.internal.zzop,zza,org.glpi.inventory.agent_39469.apk,GENUINE_no
23323,4,MessageDigestSpec,com.google.android.gms.measurement.internal.zzop,zzu,org.glpi.inventory.agent_39469.apk,GENUINE_no
23324,4,MessageDigestSpec,com.google.firebase.crashlytics.internal.common.CommonUtils,hash,org.glpi.inventory.agent_39469.apk,GENUINE_no
23325,5,CipherSpec,org.flyve.inventory.CryptoUtil,encrypt,org.glpi.inventory.agent_39469.apk,GENUINE_debatable
23326,2,KeyPairSpec,org.flyve.inventory.CryptoUtil,generateKeyPair,org.glpi.inventory.agent_39469.apk,UNOBSERVED_CREATION
23329,4,MessageDigestSpec,com.google.android.gms.common.util.AndroidUtilsLight,getPackageCertificateHashBytes,org.glpi.inventory.agent_39469.apk,GENUINE_no
23330,4,MessageDigestSpec,com.google.android.gms.common.util.AndroidUtilsLight,zza,org.glpi.inventory.agent_39469.apk,GENUINE_no
23331,4,MessageDigestSpec,com.google.android.gms.measurement.internal.zzop,zza,org.glpi.inventory.agent_39469.apk,GENUINE_no
23332,4,MessageDigestSpec,com.google.android.gms.measurement.internal.zzop,zzu,org.glpi.inventory.agent_39469.apk,GENUINE_no
23333,4,MessageDigestSpec,com.google.firebase.crashlytics.internal.common.CommonUtils,hash,org.glpi.inventory.agent_39469.apk,GENUINE_no
23334,5,CipherSpec,org.flyve.inventory.CryptoUtil,encrypt,org.glpi.inventory.agent_39469.apk,GENUINE_debatable
23335,2,KeyPairSpec,org.flyve.inventory.CryptoUtil,generateKeyPair,org.glpi.inventory.agent_39469.apk,UNOBSERVED_CREATION
23338,4,MessageDigestSpec,com.google.android.gms.common.util.AndroidUtilsLight,getPackageCertificateHashBytes,org.glpi.inventory.agent_39469.apk,GENUINE_no
23339,4,MessageDigestSpec,com.google.android.gms.common.util.AndroidUtilsLight,zza,org.glpi.inventory.agent_39469.apk,GENUINE_no
23340,4,MessageDigestSpec,com.google.android.gms.measurement.internal.zzop,zza,org.glpi.inventory.agent_39469.apk,GENUINE_no
23341,4,MessageDigestSpec,com.google.android.gms.measurement.internal.zzop,zzu,org.glpi.inventory.agent_39469.apk,GENUINE_no
23342,4,MessageDigestSpec,com.google.firebase.crashlytics.internal.common.CommonUtils,hash,org.glpi.inventory.agent_39469.apk,GENUINE_no
23343,5,CipherSpec,org.flyve.inventory.CryptoUtil,encrypt,org.glpi.inventory.agent_39469.apk,GENUINE_debatable
23344,2,KeyPairSpec,org.flyve.inventory.CryptoUtil,generateKeyPair,org.glpi.inventory.agent_39469.apk,UNOBSERVED_CREATION
23347,4,MessageDigestSpec,com.google.android.gms.common.util.AndroidUtilsLight,getPackageCertificateHashBytes,org.glpi.inventory.agent_39469.apk,GENUINE_no
23348,4,MessageDigestSpec,com.google.android.gms.common.util.AndroidUtilsLight,zza,org.glpi.inventory.agent_39469.apk,GENUINE_no
23349,4,MessageDigestSpec,com.google.android.gms.measurement.internal.zzop,zza,org.glpi.inventory.agent_39469.apk,GENUINE_no
23350,4,MessageDigestSpec,com.google.android.gms.measurement.internal.zzop,zzu,org.glpi.inventory.agent_39469.apk,GENUINE_no
23351,4,MessageDigestSpec,com.google.firebase.crashlytics.internal.common.CommonUtils,hash,org.glpi.inventory.agent_39469.apk,GENUINE_no
23352,5,CipherSpec,org.flyve.inventory.CryptoUtil,encrypt,org.glpi.inventory.agent_39469.apk,GENUINE_debatable
23353,2,KeyPairSpec,org.flyve.inventory.CryptoUtil,generateKeyPair,org.glpi.inventory.agent_39469.apk,UNOBSERVED_CREATION
23356,4,MessageDigestSpec,com.google.android.gms.common.util.AndroidUtilsLight,getPackageCertificateHashBytes,org.glpi.inventory.agent_39469.apk,GENUINE_no
23357,4,MessageDigestSpec,com.google.android.gms.common.util.AndroidUtilsLight,zza,org.glpi.inventory.agent_39469.apk,GENUINE_no
23358,4,MessageDigestSpec,com.google.android.gms.measurement.internal.zzop,zza,org.glpi.inventory.agent_39469.apk,GENUINE_no
23359,4,MessageDigestSpec,com.google.android.gms.measurement.internal.zzop,zzu,org.glpi.inventory.agent_39469.apk,GENUINE_no
23360,4,MessageDigestSpec,com.google.firebase.crashlytics.internal.common.CommonUtils,hash,org.glpi.inventory.agent_39469.apk,GENUINE_no
23361,5,CipherSpec,org.flyve.inventory.CryptoUtil,encrypt,org.glpi.inventory.agent_39469.apk,GENUINE_debatable
23362,2,KeyPairSpec,org.flyve.inventory.CryptoUtil,generateKeyPair,org.glpi.inventory.agent_39469.apk,UNOBSERVED_CREATION
23365,4,MessageDigestSpec,com.google.android.gms.common.util.AndroidUtilsLight,getPackageCertificateHashBytes,org.glpi.inventory.agent_39469.apk,GENUINE_no
23366,4,MessageDigestSpec,com.google.android.gms.common.util.AndroidUtilsLight,zza,org.glpi.inventory.agent_39469.apk,GENUINE_no
23367,4,MessageDigestSpec,com.google.android.gms.measurement.internal.zzop,zza,org.glpi.inventory.agent_39469.apk,GENUINE_no
23368,4,MessageDigestSpec,com.google.android.gms.measurement.internal.zzop,zzu,org.glpi.inventory.agent_39469.apk,GENUINE_no
23369,4,MessageDigestSpec,com.google.firebase.crashlytics.internal.common.CommonUtils,hash,org.glpi.inventory.agent_39469.apk,GENUINE_no
23370,5,CipherSpec,org.flyve.inventory.CryptoUtil,encrypt,org.glpi.inventory.agent_39469.apk,GENUINE_debatable
23371,2,KeyPairSpec,org.flyve.inventory.CryptoUtil,generateKeyPair,org.glpi.inventory.agent_39469.apk,UNOBSERVED_CREATION
23374,4,MessageDigestSpec,com.google.android.gms.common.util.AndroidUtilsLight,getPackageCertificateHashBytes,org.glpi.inventory.agent_39469.apk,GENUINE_no
23375,4,MessageDigestSpec,com.google.android.gms.common.util.AndroidUtilsLight,zza,org.glpi.inventory.agent_39469.apk,GENUINE_no
23376,4,MessageDigestSpec,com.google.android.gms.measurement.internal.zzop,zza,org.glpi.inventory.agent_39469.apk,GENUINE_no
23377,4,MessageDigestSpec,com.google.android.gms.measurement.internal.zzop,zzu,org.glpi.inventory.agent_39469.apk,GENUINE_no
23378,4,MessageDigestSpec,com.google.firebase.crashlytics.internal.common.CommonUtils,hash,org.glpi.inventory.agent_39469.apk,GENUINE_no
23379,5,CipherSpec,org.flyve.inventory.CryptoUtil,encrypt,org.glpi.inventory.agent_39469.apk,GENUINE_debatable
23380,2,KeyPairSpec,org.flyve.inventory.CryptoUtil,generateKeyPair,org.glpi.inventory.agent_39469.apk,UNOBSERVED_CREATION
23383,4,MessageDigestSpec,com.google.android.gms.common.util.AndroidUtilsLight,getPackageCertificateHashBytes,org.glpi.inventory.agent_39469.apk,GENUINE_no
23384,4,MessageDigestSpec,com.google.android.gms.common.util.AndroidUtilsLight,zza,org.glpi.inventory.agent_39469.apk,GENUINE_no
23385,4,MessageDigestSpec,com.google.android.gms.measurement.internal.zzop,zza,org.glpi.inventory.agent_39469.apk,GENUINE_no
23386,4,MessageDigestSpec,com.google.android.gms.measurement.internal.zzop,zzu,org.glpi.inventory.agent_39469.apk,GENUINE_no
23387,4,MessageDigestSpec,com.google.firebase.crashlytics.internal.common.CommonUtils,hash,org.glpi.inventory.agent_39469.apk,GENUINE_no
23388,5,CipherSpec,org.flyve.inventory.CryptoUtil,encrypt,org.glpi.inventory.agent_39469.apk,GENUINE_debatable
23389,2,KeyPairSpec,org.flyve.inventory.CryptoUtil,generateKeyPair,org.glpi.inventory.agent_39469.apk,UNOBSERVED_CREATION
23392,4,MessageDigestSpec,com.google.android.gms.common.util.AndroidUtilsLight,getPackageCertificateHashBytes,org.glpi.inventory.agent_39469.apk,GENUINE_no
23393,4,MessageDigestSpec,com.google.android.gms.common.util.AndroidUtilsLight,zza,org.glpi.inventory.agent_39469.apk,GENUINE_no
23394,4,MessageDigestSpec,com.google.android.gms.measurement.internal.zzop,zza,org.glpi.inventory.agent_39469.apk,GENUINE_no
23395,4,MessageDigestSpec,com.google.android.gms.measurement.internal.zzop,zzu,org.glpi.inventory.agent_39469.apk,GENUINE_no
23396,4,MessageDigestSpec,com.google.firebase.crashlytics.internal.common.CommonUtils,hash,org.glpi.inventory.agent_39469.apk,GENUINE_no
23397,5,CipherSpec,org.flyve.inventory.CryptoUtil,encrypt,org.glpi.inventory.agent_39469.apk,GENUINE_debatable
23398,2,KeyPairSpec,org.flyve.inventory.CryptoUtil,generateKeyPair,org.glpi.inventory.agent_39469.apk,UNOBSERVED_CREATION
23401,4,MessageDigestSpec,com.google.android.gms.common.util.AndroidUtilsLight,getPackageCertificateHashBytes,org.glpi.inventory.agent_39469.apk,GENUINE_no
23402,4,MessageDigestSpec,com.google.android.gms.common.util.AndroidUtilsLight,zza,org.glpi.inventory.agent_39469.apk,GENUINE_no
23403,4,MessageDigestSpec,com.google.android.gms.measurement.internal.zzop,zza,org.glpi.inventory.agent_39469.apk,GENUINE_no
23404,4,MessageDigestSpec,com.google.android.gms.measurement.internal.zzop,zzu,org.glpi.inventory.agent_39469.apk,GENUINE_no
23405,4,MessageDigestSpec,com.google.firebase.crashlytics.internal.common.CommonUtils,hash,org.glpi.inventory.agent_39469.apk,GENUINE_no
23406,5,CipherSpec,org.flyve.inventory.CryptoUtil,encrypt,org.glpi.inventory.agent_39469.apk,GENUINE_debatable
23407,2,KeyPairSpec,org.flyve.inventory.CryptoUtil,generateKeyPair,org.glpi.inventory.agent_39469.apk,UNOBSERVED_CREATION
23777,4,MessageDigestSpec,okio.ByteString,digest$okio,org.nqmgaming.aneko_34.apk,GENUINE_no
23780,4,MessageDigestSpec,okio.ByteString,digest$okio,org.nqmgaming.aneko_34.apk,GENUINE_no
23785,4,MessageDigestSpec,okio.ByteString,digest$okio,org.nqmgaming.aneko_34.apk,GENUINE_no
23788,4,MessageDigestSpec,okio.ByteString,digest$okio,org.nqmgaming.aneko_34.apk,GENUINE_no
23791,4,MessageDigestSpec,okio.ByteString,digest$okio,org.nqmgaming.aneko_34.apk,GENUINE_no
23794,4,MessageDigestSpec,okio.ByteString,digest$okio,org.nqmgaming.aneko_34.apk,GENUINE_no
23797,4,MessageDigestSpec,okio.ByteString,digest$okio,org.nqmgaming.aneko_34.apk,GENUINE_no
23800,4,MessageDigestSpec,okio.ByteString,digest$okio,org.nqmgaming.aneko_34.apk,GENUINE_no
23803,4,MessageDigestSpec,okio.ByteString,digest$okio,org.nqmgaming.aneko_34.apk,GENUINE_no
23806,4,MessageDigestSpec,okio.ByteString,digest$okio,org.nqmgaming.aneko_34.apk,GENUINE_no
23809,4,MessageDigestSpec,okio.ByteString,digest$okio,org.nqmgaming.aneko_34.apk,GENUINE_no
23812,4,MessageDigestSpec,okio.ByteString,digest$okio,org.nqmgaming.aneko_34.apk,GENUINE_no
23815,4,MessageDigestSpec,okio.ByteString,digest$okio,org.nqmgaming.aneko_34.apk,GENUINE_no
23818,4,MessageDigestSpec,okio.ByteString,digest$okio,org.nqmgaming.aneko_34.apk,GENUINE_no
23821,4,MessageDigestSpec,okio.ByteString,digest$okio,org.nqmgaming.aneko_34.apk,GENUINE_no
23824,4,MessageDigestSpec,okio.ByteString,digest$okio,org.nqmgaming.aneko_34.apk,GENUINE_no
23827,4,MessageDigestSpec,okio.ByteString,digest$okio,org.nqmgaming.aneko_34.apk,GENUINE_no
23830,4,MessageDigestSpec,okio.ByteString,digest$okio,org.nqmgaming.aneko_34.apk,GENUINE_no
23833,4,MessageDigestSpec,okio.ByteString,digest$okio,org.nqmgaming.aneko_34.apk,GENUINE_no
23838,4,MessageDigestSpec,okio.ByteString,digest$okio,org.nqmgaming.aneko_34.apk,GENUINE_no
23841,4,MessageDigestSpec,okio.ByteString,digest$okio,org.nqmgaming.aneko_34.apk,GENUINE_no
23846,4,MessageDigestSpec,okio.ByteString,digest$okio,org.nqmgaming.aneko_34.apk,GENUINE_no
23849,4,MessageDigestSpec,okio.ByteString,digest$okio,org.nqmgaming.aneko_34.apk,GENUINE_no
23854,4,MessageDigestSpec,okio.ByteString,digest$okio,org.nqmgaming.aneko_34.apk,GENUINE_no
23857,4,MessageDigestSpec,okio.ByteString,digest$okio,org.nqmgaming.aneko_34.apk,GENUINE_no
23862,4,MessageDigestSpec,okio.ByteString,digest$okio,org.nqmgaming.aneko_34.apk,GENUINE_no
23865,4,MessageDigestSpec,okio.ByteString,digest$okio,org.nqmgaming.aneko_34.apk,GENUINE_no
23868,4,MessageDigestSpec,okio.ByteString,digest$okio,org.nqmgaming.aneko_34.apk,GENUINE_no
23871,4,MessageDigestSpec,okio.ByteString,digest$okio,org.nqmgaming.aneko_34.apk,GENUINE_no
23874,4,MessageDigestSpec,okio.ByteString,digest$okio,org.nqmgaming.aneko_34.apk,GENUINE_no
23877,4,MessageDigestSpec,okio.ByteString,digest$okio,org.nqmgaming.aneko_34.apk,GENUINE_no
23880,4,MessageDigestSpec,okio.ByteString,digest$okio,org.nqmgaming.aneko_34.apk,GENUINE_no
23883,4,MessageDigestSpec,okio.ByteString,digest$okio,org.nqmgaming.aneko_34.apk,GENUINE_no
23886,4,MessageDigestSpec,okio.ByteString,digest$okio,org.nqmgaming.aneko_34.apk,GENUINE_no
23887,4,MessageDigestSpec,okio.ByteString,digest$okio,org.nqmgaming.aneko_34.apk,GENUINE_no
23890,4,MessageDigestSpec,okio.ByteString,digest$okio,org.nqmgaming.aneko_34.apk,GENUINE_no
23893,4,MessageDigestSpec,okio.ByteString,digest$okio,org.nqmgaming.aneko_34.apk,GENUINE_no
23896,4,MessageDigestSpec,okio.ByteString,digest$okio,org.nqmgaming.aneko_34.apk,GENUINE_no
23899,4,MessageDigestSpec,okio.ByteString,digest$okio,org.nqmgaming.aneko_34.apk,GENUINE_no
23904,4,MessageDigestSpec,okio.ByteString,digest$okio,org.nqmgaming.aneko_34.apk,GENUINE_no
23907,4,MessageDigestSpec,okio.ByteString,digest$okio,org.nqmgaming.aneko_34.apk,GENUINE_no
23912,4,MessageDigestSpec,okio.ByteString,digest$okio,org.nqmgaming.aneko_34.apk,GENUINE_no
23915,4,MessageDigestSpec,okio.ByteString,digest$okio,org.nqmgaming.aneko_34.apk,GENUINE_no
23918,4,MessageDigestSpec,okio.ByteString,digest$okio,org.nqmgaming.aneko_34.apk,GENUINE_no
23921,4,MessageDigestSpec,okio.ByteString,digest$okio,org.nqmgaming.aneko_34.apk,GENUINE_no
23924,4,MessageDigestSpec,okio.ByteString,digest$okio,org.nqmgaming.aneko_34.apk,GENUINE_no
23927,4,MessageDigestSpec,okio.ByteString,digest$okio,org.nqmgaming.aneko_34.apk,GENUINE_no
23930,4,MessageDigestSpec,okio.ByteString,digest$okio,org.nqmgaming.aneko_34.apk,GENUINE_no
23933,4,MessageDigestSpec,okio.ByteString,digest$okio,org.nqmgaming.aneko_34.apk,GENUINE_no
23936,4,MessageDigestSpec,okio.ByteString,digest$okio,org.nqmgaming.aneko_34.apk,GENUINE_no
23939,4,MessageDigestSpec,okio.ByteString,digest$okio,org.nqmgaming.aneko_34.apk,GENUINE_no
23942,4,MessageDigestSpec,okio.ByteString,digest$okio,org.nqmgaming.aneko_34.apk,GENUINE_no
23945,4,MessageDigestSpec,okio.ByteString,digest$okio,org.nqmgaming.aneko_34.apk,GENUINE_no
23948,4,MessageDigestSpec,okio.ByteString,digest$okio,org.nqmgaming.aneko_34.apk,GENUINE_no
23951,4,MessageDigestSpec,okio.ByteString,digest$okio,org.nqmgaming.aneko_34.apk,GENUINE_no
23954,4,MessageDigestSpec,okio.ByteString,digest$okio,org.nqmgaming.aneko_34.apk,GENUINE_no
23957,4,MessageDigestSpec,okio.ByteString,digest$okio,org.nqmgaming.aneko_34.apk,GENUINE_no
23960,4,MessageDigestSpec,okio.ByteString,digest$okio,org.nqmgaming.aneko_34.apk,GENUINE_no
23963,4,MessageDigestSpec,okio.ByteString,digest$okio,org.nqmgaming.aneko_34.apk,GENUINE_no
23966,4,MessageDigestSpec,okio.ByteString,digest$okio,org.nqmgaming.aneko_34.apk,GENUINE_no
23969,4,MessageDigestSpec,okio.ByteString,digest$okio,org.nqmgaming.aneko_34.apk,GENUINE_no
23972,4,MessageDigestSpec,okio.ByteString,digest$okio,org.nqmgaming.aneko_34.apk,GENUINE_no
23975,4,MessageDigestSpec,okio.ByteString,digest$okio,org.nqmgaming.aneko_34.apk,GENUINE_no
23978,4,MessageDigestSpec,okio.ByteString,digest$okio,org.nqmgaming.aneko_34.apk,GENUINE_no
23985,4,MessageDigestSpec,okio.ByteString,digest$okio,org.nqmgaming.aneko_34.apk,GENUINE_no
23992,4,MessageDigestSpec,okio.ByteString,digest$okio,org.nqmgaming.aneko_34.apk,GENUINE_no
23995,4,MessageDigestSpec,okio.ByteString,digest$okio,org.nqmgaming.aneko_34.apk,GENUINE_no
24000,4,MessageDigestSpec,okio.ByteString,digest$okio,org.nqmgaming.aneko_34.apk,GENUINE_no
24003,4,MessageDigestSpec,okio.ByteString,digest$okio,org.nqmgaming.aneko_34.apk,GENUINE_no
24006,4,MessageDigestSpec,okio.ByteString,digest$okio,org.nqmgaming.aneko_34.apk,GENUINE_no
24009,4,MessageDigestSpec,okio.ByteString,digest$okio,org.nqmgaming.aneko_34.apk,GENUINE_no
24012,4,MessageDigestSpec,okio.ByteString,digest$okio,org.nqmgaming.aneko_34.apk,GENUINE_no
24015,4,MessageDigestSpec,okio.ByteString,digest$okio,org.nqmgaming.aneko_34.apk,GENUINE_no
24018,4,MessageDigestSpec,okio.ByteString,digest$okio,org.nqmgaming.aneko_34.apk,GENUINE_no
24021,4,MessageDigestSpec,okio.ByteString,digest$okio,org.nqmgaming.aneko_34.apk,GENUINE_no
24024,4,MessageDigestSpec,okio.ByteString,digest$okio,org.nqmgaming.aneko_34.apk,GENUINE_no
24029,4,MessageDigestSpec,okio.ByteString,digest$okio,org.nqmgaming.aneko_34.apk,GENUINE_no
24032,4,MessageDigestSpec,okio.ByteString,digest$okio,org.nqmgaming.aneko_34.apk,GENUINE_no
24037,4,MessageDigestSpec,okio.ByteString,digest$okio,org.nqmgaming.aneko_34.apk,GENUINE_no
24040,4,MessageDigestSpec,okio.ByteString,digest$okio,org.nqmgaming.aneko_34.apk,GENUINE_no
24043,4,MessageDigestSpec,okio.ByteString,digest$okio,org.nqmgaming.aneko_34.apk,GENUINE_no
24046,4,MessageDigestSpec,okio.ByteString,digest$okio,org.nqmgaming.aneko_34.apk,GENUINE_no
24053,4,CipherSpec,com.google.crypto.tink.subtle.PrfAesCmac,generateSubKeys,org.openhab.habdroid_589.apk,GENUINE_no
24063,4,CipherSpec,com.google.crypto.tink.subtle.PrfAesCmac,generateSubKeys,org.openhab.habdroid_589.apk,GENUINE_no
24073,4,CipherSpec,com.google.crypto.tink.subtle.PrfAesCmac,generateSubKeys,org.openhab.habdroid_589.apk,GENUINE_no
24077,4,MessageDigestSpec,okio.ByteString,digest$okio,org.openhab.habdroid_589.apk,GENUINE_no
24084,4,CipherSpec,com.google.crypto.tink.subtle.PrfAesCmac,generateSubKeys,org.openhab.habdroid_589.apk,GENUINE_no
24094,4,CipherSpec,com.google.crypto.tink.subtle.PrfAesCmac,generateSubKeys,org.openhab.habdroid_589.apk,GENUINE_no
24098,4,MessageDigestSpec,okio.ByteString,digest$okio,org.openhab.habdroid_589.apk,GENUINE_no
24105,4,CipherSpec,com.google.crypto.tink.subtle.PrfAesCmac,generateSubKeys,org.openhab.habdroid_589.apk,GENUINE_no
24115,4,CipherSpec,com.google.crypto.tink.subtle.PrfAesCmac,generateSubKeys,org.openhab.habdroid_589.apk,GENUINE_no
24125,4,CipherSpec,com.google.crypto.tink.subtle.PrfAesCmac,generateSubKeys,org.openhab.habdroid_589.apk,GENUINE_no
24135,4,CipherSpec,com.google.crypto.tink.subtle.PrfAesCmac,generateSubKeys,org.openhab.habdroid_589.apk,GENUINE_no
24145,4,CipherSpec,com.google.crypto.tink.subtle.PrfAesCmac,generateSubKeys,org.openhab.habdroid_589.apk,GENUINE_no
24155,4,CipherSpec,com.google.crypto.tink.subtle.PrfAesCmac,generateSubKeys,org.openhab.habdroid_589.apk,GENUINE_no
24165,4,CipherSpec,com.google.crypto.tink.subtle.PrfAesCmac,generateSubKeys,org.openhab.habdroid_589.apk,GENUINE_no
24175,4,CipherSpec,com.google.crypto.tink.subtle.PrfAesCmac,generateSubKeys,org.openhab.habdroid_589.apk,GENUINE_no
24185,4,CipherSpec,com.google.crypto.tink.subtle.PrfAesCmac,generateSubKeys,org.openhab.habdroid_589.apk,GENUINE_no
24195,4,CipherSpec,com.google.crypto.tink.subtle.PrfAesCmac,generateSubKeys,org.openhab.habdroid_589.apk,GENUINE_no
24199,4,MessageDigestSpec,okio.ByteString,digest$okio,org.openhab.habdroid_589.apk,GENUINE_no
24206,4,CipherSpec,com.google.crypto.tink.subtle.PrfAesCmac,generateSubKeys,org.openhab.habdroid_589.apk,GENUINE_no
24216,4,CipherSpec,com.google.crypto.tink.subtle.PrfAesCmac,generateSubKeys,org.openhab.habdroid_589.apk,GENUINE_no
24226,4,CipherSpec,com.google.crypto.tink.subtle.PrfAesCmac,generateSubKeys,org.openhab.habdroid_589.apk,GENUINE_no
24236,4,CipherSpec,com.google.crypto.tink.subtle.PrfAesCmac,generateSubKeys,org.openhab.habdroid_589.apk,GENUINE_no
24246,4,CipherSpec,com.google.crypto.tink.subtle.PrfAesCmac,generateSubKeys,org.openhab.habdroid_589.apk,GENUINE_no
24250,4,MessageDigestSpec,okio.ByteString,digest$okio,org.openhab.habdroid_589.apk,GENUINE_no
24257,4,CipherSpec,com.google.crypto.tink.subtle.PrfAesCmac,generateSubKeys,org.openhab.habdroid_589.apk,GENUINE_no
24261,4,MessageDigestSpec,okio.ByteString,digest$okio,org.openhab.habdroid_589.apk,GENUINE_no
24268,4,CipherSpec,com.google.crypto.tink.subtle.PrfAesCmac,generateSubKeys,org.openhab.habdroid_589.apk,GENUINE_no
24278,4,CipherSpec,com.google.crypto.tink.subtle.PrfAesCmac,generateSubKeys,org.openhab.habdroid_589.apk,GENUINE_no
24288,4,CipherSpec,com.google.crypto.tink.subtle.PrfAesCmac,generateSubKeys,org.openhab.habdroid_589.apk,GENUINE_no
24298,4,CipherSpec,com.google.crypto.tink.subtle.PrfAesCmac,generateSubKeys,org.openhab.habdroid_589.apk,GENUINE_no
24308,4,CipherSpec,com.google.crypto.tink.subtle.PrfAesCmac,generateSubKeys,org.openhab.habdroid_589.apk,GENUINE_no
24318,4,CipherSpec,com.google.crypto.tink.subtle.PrfAesCmac,generateSubKeys,org.openhab.habdroid_589.apk,GENUINE_no
24328,4,CipherSpec,com.google.crypto.tink.subtle.PrfAesCmac,generateSubKeys,org.openhab.habdroid_589.apk,GENUINE_no
24338,4,CipherSpec,com.google.crypto.tink.subtle.PrfAesCmac,generateSubKeys,org.openhab.habdroid_589.apk,GENUINE_no
24348,4,CipherSpec,com.google.crypto.tink.subtle.PrfAesCmac,generateSubKeys,org.openhab.habdroid_589.apk,GENUINE_no
24358,4,CipherSpec,com.google.crypto.tink.subtle.PrfAesCmac,generateSubKeys,org.openhab.habdroid_589.apk,GENUINE_no
24368,4,CipherSpec,com.google.crypto.tink.subtle.PrfAesCmac,generateSubKeys,org.openhab.habdroid_589.apk,GENUINE_no
24378,4,CipherSpec,com.google.crypto.tink.subtle.PrfAesCmac,generateSubKeys,org.openhab.habdroid_589.apk,GENUINE_no
24388,4,CipherSpec,com.google.crypto.tink.subtle.PrfAesCmac,generateSubKeys,org.openhab.habdroid_589.apk,GENUINE_no
24398,4,CipherSpec,com.google.crypto.tink.subtle.PrfAesCmac,generateSubKeys,org.openhab.habdroid_589.apk,GENUINE_no
24408,4,CipherSpec,com.google.crypto.tink.subtle.PrfAesCmac,generateSubKeys,org.openhab.habdroid_589.apk,GENUINE_no
24418,4,CipherSpec,com.google.crypto.tink.subtle.PrfAesCmac,generateSubKeys,org.openhab.habdroid_589.apk,GENUINE_no
24428,4,CipherSpec,com.google.crypto.tink.subtle.PrfAesCmac,generateSubKeys,org.openhab.habdroid_589.apk,GENUINE_no
24438,4,CipherSpec,com.google.crypto.tink.subtle.PrfAesCmac,generateSubKeys,org.openhab.habdroid_589.apk,GENUINE_no
24448,4,CipherSpec,com.google.crypto.tink.subtle.PrfAesCmac,generateSubKeys,org.openhab.habdroid_589.apk,GENUINE_no
24455,4,CipherSpec,com.google.crypto.tink.subtle.PrfAesCmac,generateSubKeys,org.openhab.habdroid_589.apk,GENUINE_no
24459,4,MessageDigestSpec,okio.ByteString,digest$okio,org.openhab.habdroid_589.apk,GENUINE_no
24466,4,CipherSpec,com.google.crypto.tink.subtle.PrfAesCmac,generateSubKeys,org.openhab.habdroid_589.apk,GENUINE_no
24476,4,CipherSpec,com.google.crypto.tink.subtle.PrfAesCmac,generateSubKeys,org.openhab.habdroid_589.apk,GENUINE_no
24486,4,CipherSpec,com.google.crypto.tink.subtle.PrfAesCmac,generateSubKeys,org.openhab.habdroid_589.apk,GENUINE_no
24490,4,MessageDigestSpec,okio.ByteString,digest$okio,org.openhab.habdroid_589.apk,GENUINE_no
24497,4,CipherSpec,com.google.crypto.tink.subtle.PrfAesCmac,generateSubKeys,org.openhab.habdroid_589.apk,GENUINE_no
24501,4,MessageDigestSpec,okio.ByteString,digest$okio,org.openhab.habdroid_589.apk,GENUINE_no
24508,4,CipherSpec,com.google.crypto.tink.subtle.PrfAesCmac,generateSubKeys,org.openhab.habdroid_589.apk,GENUINE_no
24518,4,CipherSpec,com.google.crypto.tink.subtle.PrfAesCmac,generateSubKeys,org.openhab.habdroid_589.apk,GENUINE_no
24528,4,CipherSpec,com.google.crypto.tink.subtle.PrfAesCmac,generateSubKeys,org.openhab.habdroid_589.apk,GENUINE_no
24538,4,CipherSpec,com.google.crypto.tink.subtle.PrfAesCmac,generateSubKeys,org.openhab.habdroid_589.apk,GENUINE_no
24548,4,CipherSpec,com.google.crypto.tink.subtle.PrfAesCmac,generateSubKeys,org.openhab.habdroid_589.apk,GENUINE_no
24558,4,CipherSpec,com.google.crypto.tink.subtle.PrfAesCmac,generateSubKeys,org.openhab.habdroid_589.apk,GENUINE_no
24568,4,CipherSpec,com.google.crypto.tink.subtle.PrfAesCmac,generateSubKeys,org.openhab.habdroid_589.apk,GENUINE_no
24578,4,CipherSpec,com.google.crypto.tink.subtle.PrfAesCmac,generateSubKeys,org.openhab.habdroid_589.apk,GENUINE_no
24588,4,CipherSpec,com.google.crypto.tink.subtle.PrfAesCmac,generateSubKeys,org.openhab.habdroid_589.apk,GENUINE_no
24598,4,CipherSpec,com.google.crypto.tink.subtle.PrfAesCmac,generateSubKeys,org.openhab.habdroid_589.apk,GENUINE_no
24608,4,CipherSpec,com.google.crypto.tink.subtle.PrfAesCmac,generateSubKeys,org.openhab.habdroid_589.apk,GENUINE_no
24617,3,CipherSpec,com.google.crypto.tink.subtle.AesGcmJce,encrypt,org.openhab.habdroid_589.apk,LEGAL_REUSE_REJECTED
24623,4,CipherSpec,com.google.crypto.tink.subtle.PrfAesCmac,compute,org.openhab.habdroid_589.apk,GENUINE_no
24624,4,CipherSpec,com.google.crypto.tink.subtle.PrfAesCmac,generateSubKeys,org.openhab.habdroid_589.apk,GENUINE_no
24634,4,CipherSpec,com.google.crypto.tink.subtle.PrfAesCmac,generateSubKeys,org.openhab.habdroid_589.apk,GENUINE_no
24644,4,CipherSpec,com.google.crypto.tink.subtle.PrfAesCmac,generateSubKeys,org.openhab.habdroid_589.apk,GENUINE_no
24654,4,CipherSpec,com.google.crypto.tink.subtle.PrfAesCmac,generateSubKeys,org.openhab.habdroid_589.apk,GENUINE_no
24664,4,CipherSpec,com.google.crypto.tink.subtle.PrfAesCmac,generateSubKeys,org.openhab.habdroid_589.apk,GENUINE_no
24671,4,CipherSpec,com.google.crypto.tink.subtle.PrfAesCmac,generateSubKeys,org.openhab.habdroid_589.apk,GENUINE_no
24675,4,MessageDigestSpec,okio.ByteString,digest$okio,org.openhab.habdroid_589.apk,GENUINE_no
24682,4,CipherSpec,com.google.crypto.tink.subtle.PrfAesCmac,generateSubKeys,org.openhab.habdroid_589.apk,GENUINE_no
24686,4,MessageDigestSpec,okio.ByteString,digest$okio,org.openhab.habdroid_589.apk,GENUINE_no
24693,4,CipherSpec,com.google.crypto.tink.subtle.PrfAesCmac,generateSubKeys,org.openhab.habdroid_589.apk,GENUINE_no
24703,4,CipherSpec,com.google.crypto.tink.subtle.PrfAesCmac,generateSubKeys,org.openhab.habdroid_589.apk,GENUINE_no
24713,4,CipherSpec,com.google.crypto.tink.subtle.PrfAesCmac,generateSubKeys,org.openhab.habdroid_589.apk,GENUINE_no
24717,4,MessageDigestSpec,okio.ByteString,digest$okio,org.openhab.habdroid_589.apk,GENUINE_no
24724,4,CipherSpec,com.google.crypto.tink.subtle.PrfAesCmac,generateSubKeys,org.openhab.habdroid_589.apk,GENUINE_no
24734,4,CipherSpec,com.google.crypto.tink.subtle.PrfAesCmac,generateSubKeys,org.openhab.habdroid_589.apk,GENUINE_no
24744,4,CipherSpec,com.google.crypto.tink.subtle.PrfAesCmac,generateSubKeys,org.openhab.habdroid_589.apk,GENUINE_no
24748,4,MessageDigestSpec,okio.ByteString,digest$okio,org.openhab.habdroid_589.apk,GENUINE_no
24755,4,CipherSpec,com.google.crypto.tink.subtle.PrfAesCmac,generateSubKeys,org.openhab.habdroid_589.apk,GENUINE_no
24759,4,MessageDigestSpec,okio.ByteString,digest$okio,org.openhab.habdroid_589.apk,GENUINE_no
24764,4,CipherSpec,com.google.crypto.tink.subtle.PrfAesCmac,generateSubKeys,org.openhab.habdroid_589.apk,GENUINE_no
24768,4,MessageDigestSpec,okio.ByteString,digest$okio,org.openhab.habdroid_589.apk,GENUINE_no
24775,4,CipherSpec,com.google.crypto.tink.subtle.PrfAesCmac,generateSubKeys,org.openhab.habdroid_589.apk,GENUINE_no
24779,4,MessageDigestSpec,okio.ByteString,digest$okio,org.openhab.habdroid_589.apk,GENUINE_no
24786,4,CipherSpec,com.google.crypto.tink.subtle.PrfAesCmac,generateSubKeys,org.openhab.habdroid_589.apk,GENUINE_no
24796,4,CipherSpec,com.google.crypto.tink.subtle.PrfAesCmac,generateSubKeys,org.openhab.habdroid_589.apk,GENUINE_no
24806,4,CipherSpec,com.google.crypto.tink.subtle.PrfAesCmac,generateSubKeys,org.openhab.habdroid_589.apk,GENUINE_no
24816,4,CipherSpec,com.google.crypto.tink.subtle.PrfAesCmac,generateSubKeys,org.openhab.habdroid_589.apk,GENUINE_no
24826,4,CipherSpec,com.google.crypto.tink.subtle.PrfAesCmac,generateSubKeys,org.openhab.habdroid_589.apk,GENUINE_no
24836,4,CipherSpec,com.google.crypto.tink.subtle.PrfAesCmac,generateSubKeys,org.openhab.habdroid_589.apk,GENUINE_no
24846,4,CipherSpec,com.google.crypto.tink.subtle.PrfAesCmac,generateSubKeys,org.openhab.habdroid_589.apk,GENUINE_no
24856,4,CipherSpec,com.google.crypto.tink.subtle.PrfAesCmac,generateSubKeys,org.openhab.habdroid_589.apk,GENUINE_no
24866,4,CipherSpec,com.google.crypto.tink.subtle.PrfAesCmac,generateSubKeys,org.openhab.habdroid_589.apk,GENUINE_no
24876,4,CipherSpec,com.google.crypto.tink.subtle.PrfAesCmac,generateSubKeys,org.openhab.habdroid_589.apk,GENUINE_no
24886,4,CipherSpec,com.google.crypto.tink.subtle.PrfAesCmac,generateSubKeys,org.openhab.habdroid_589.apk,GENUINE_no
24896,4,CipherSpec,com.google.crypto.tink.subtle.PrfAesCmac,generateSubKeys,org.openhab.habdroid_589.apk,GENUINE_no
24906,4,CipherSpec,com.google.crypto.tink.subtle.PrfAesCmac,generateSubKeys,org.openhab.habdroid_589.apk,GENUINE_no
24916,4,CipherSpec,com.google.crypto.tink.subtle.PrfAesCmac,generateSubKeys,org.openhab.habdroid_589.apk,GENUINE_no
24926,4,CipherSpec,com.google.crypto.tink.subtle.PrfAesCmac,generateSubKeys,org.openhab.habdroid_589.apk,GENUINE_no
24930,4,MessageDigestSpec,okio.ByteString,digest$okio,org.openhab.habdroid_589.apk,GENUINE_no
24937,4,CipherSpec,com.google.crypto.tink.subtle.PrfAesCmac,generateSubKeys,org.openhab.habdroid_589.apk,GENUINE_no
24947,4,CipherSpec,com.google.crypto.tink.subtle.PrfAesCmac,generateSubKeys,org.openhab.habdroid_589.apk,GENUINE_no
24957,4,CipherSpec,com.google.crypto.tink.subtle.PrfAesCmac,generateSubKeys,org.openhab.habdroid_589.apk,GENUINE_no
24961,4,MessageDigestSpec,okio.ByteString,digest$okio,org.openhab.habdroid_589.apk,GENUINE_no
24968,4,CipherSpec,com.google.crypto.tink.subtle.PrfAesCmac,generateSubKeys,org.openhab.habdroid_589.apk,GENUINE_no
24978,4,CipherSpec,com.google.crypto.tink.subtle.PrfAesCmac,generateSubKeys,org.openhab.habdroid_589.apk,GENUINE_no
24982,4,MessageDigestSpec,okio.ByteString,digest$okio,org.openhab.habdroid_589.apk,GENUINE_no
24989,4,CipherSpec,com.google.crypto.tink.subtle.PrfAesCmac,generateSubKeys,org.openhab.habdroid_589.apk,GENUINE_no
24999,4,CipherSpec,com.google.crypto.tink.subtle.PrfAesCmac,generateSubKeys,org.openhab.habdroid_589.apk,GENUINE_no
25009,4,CipherSpec,com.google.crypto.tink.subtle.PrfAesCmac,generateSubKeys,org.openhab.habdroid_589.apk,GENUINE_no
25019,4,CipherSpec,com.google.crypto.tink.subtle.PrfAesCmac,generateSubKeys,org.openhab.habdroid_589.apk,GENUINE_no
25029,4,CipherSpec,com.google.crypto.tink.subtle.PrfAesCmac,generateSubKeys,org.openhab.habdroid_589.apk,GENUINE_no
25039,4,CipherSpec,com.google.crypto.tink.subtle.PrfAesCmac,generateSubKeys,org.openhab.habdroid_589.apk,GENUINE_no
25043,4,MessageDigestSpec,okio.ByteString,digest$okio,org.openhab.habdroid_589.apk,GENUINE_no
25050,4,CipherSpec,com.google.crypto.tink.subtle.PrfAesCmac,generateSubKeys,org.openhab.habdroid_589.apk,GENUINE_no
25066,4,MessageDigestSpec,org.quantumbadger.redreader.common.General,sha1,org.quantumbadger.redreader_117.apk,GENUINE_no
25072,4,MessageDigestSpec,org.quantumbadger.redreader.common.General,sha1,org.quantumbadger.redreader_117.apk,GENUINE_no
25078,4,MessageDigestSpec,org.quantumbadger.redreader.common.General,sha1,org.quantumbadger.redreader_117.apk,GENUINE_no
25084,4,MessageDigestSpec,org.quantumbadger.redreader.common.General,sha1,org.quantumbadger.redreader_117.apk,GENUINE_no
25090,4,MessageDigestSpec,org.quantumbadger.redreader.common.General,sha1,org.quantumbadger.redreader_117.apk,GENUINE_no
25101,4,MessageDigestSpec,org.quantumbadger.redreader.common.General,sha1,org.quantumbadger.redreader_117.apk,GENUINE_no
25107,4,MessageDigestSpec,org.quantumbadger.redreader.common.General,sha1,org.quantumbadger.redreader_117.apk,GENUINE_no
25118,4,MessageDigestSpec,org.quantumbadger.redreader.common.General,sha1,org.quantumbadger.redreader_117.apk,GENUINE_no
25124,4,MessageDigestSpec,org.quantumbadger.redreader.common.General,sha1,org.quantumbadger.redreader_117.apk,GENUINE_no
25135,4,MessageDigestSpec,org.quantumbadger.redreader.common.General,sha1,org.quantumbadger.redreader_117.apk,GENUINE_no
25141,4,MessageDigestSpec,org.quantumbadger.redreader.common.General,sha1,org.quantumbadger.redreader_117.apk,GENUINE_no
25152,4,MessageDigestSpec,org.quantumbadger.redreader.common.General,sha1,org.quantumbadger.redreader_117.apk,GENUINE_no
25158,4,MessageDigestSpec,org.quantumbadger.redreader.common.General,sha1,org.quantumbadger.redreader_117.apk,GENUINE_no
25169,4,MessageDigestSpec,org.quantumbadger.redreader.common.General,sha1,org.quantumbadger.redreader_117.apk,GENUINE_no
25175,4,MessageDigestSpec,org.quantumbadger.redreader.common.General,sha1,org.quantumbadger.redreader_117.apk,GENUINE_no
25186,4,MessageDigestSpec,org.quantumbadger.redreader.common.General,sha1,org.quantumbadger.redreader_117.apk,GENUINE_no
25192,4,MessageDigestSpec,org.quantumbadger.redreader.common.General,sha1,org.quantumbadger.redreader_117.apk,GENUINE_no
25203,4,MessageDigestSpec,org.quantumbadger.redreader.common.General,sha1,org.quantumbadger.redreader_117.apk,GENUINE_no
25209,4,MessageDigestSpec,org.quantumbadger.redreader.common.General,sha1,org.quantumbadger.redreader_117.apk,GENUINE_no
25218,4,MessageDigestSpec,org.quantumbadger.redreader.common.General,sha1,org.quantumbadger.redreader_117.apk,GENUINE_no
25224,4,MessageDigestSpec,org.quantumbadger.redreader.common.General,sha1,org.quantumbadger.redreader_117.apk,GENUINE_no
25235,4,MessageDigestSpec,org.quantumbadger.redreader.common.General,sha1,org.quantumbadger.redreader_117.apk,GENUINE_no
25241,4,MessageDigestSpec,org.quantumbadger.redreader.common.General,sha1,org.quantumbadger.redreader_117.apk,GENUINE_no
25252,4,MessageDigestSpec,org.quantumbadger.redreader.common.General,sha1,org.quantumbadger.redreader_117.apk,GENUINE_no
25258,4,MessageDigestSpec,org.quantumbadger.redreader.common.General,sha1,org.quantumbadger.redreader_117.apk,GENUINE_no
25269,4,MessageDigestSpec,org.quantumbadger.redreader.common.General,sha1,org.quantumbadger.redreader_117.apk,GENUINE_no
25275,4,MessageDigestSpec,org.quantumbadger.redreader.common.General,sha1,org.quantumbadger.redreader_117.apk,GENUINE_no
25286,4,MessageDigestSpec,org.quantumbadger.redreader.common.General,sha1,org.quantumbadger.redreader_117.apk,GENUINE_no
25292,4,MessageDigestSpec,org.quantumbadger.redreader.common.General,sha1,org.quantumbadger.redreader_117.apk,GENUINE_no
25303,4,MessageDigestSpec,org.quantumbadger.redreader.common.General,sha1,org.quantumbadger.redreader_117.apk,GENUINE_no
25309,4,MessageDigestSpec,org.quantumbadger.redreader.common.General,sha1,org.quantumbadger.redreader_117.apk,GENUINE_no
25320,4,MessageDigestSpec,org.quantumbadger.redreader.common.General,sha1,org.quantumbadger.redreader_117.apk,GENUINE_no
25326,4,MessageDigestSpec,org.quantumbadger.redreader.common.General,sha1,org.quantumbadger.redreader_117.apk,GENUINE_no
25337,4,MessageDigestSpec,org.quantumbadger.redreader.common.General,sha1,org.quantumbadger.redreader_117.apk,GENUINE_no
25343,4,MessageDigestSpec,org.quantumbadger.redreader.common.General,sha1,org.quantumbadger.redreader_117.apk,GENUINE_no
25354,4,MessageDigestSpec,org.quantumbadger.redreader.common.General,sha1,org.quantumbadger.redreader_117.apk,GENUINE_no
25360,4,MessageDigestSpec,org.quantumbadger.redreader.common.General,sha1,org.quantumbadger.redreader_117.apk,GENUINE_no
25376,4,MessageDigestSpec,org.quantumbadger.redreader.common.General,sha1,org.quantumbadger.redreader_117.apk,GENUINE_no
25407,4,MessageDigestSpec,org.quantumbadger.redreader.common.General,sha1,org.quantumbadger.redreader_117.apk,GENUINE_no
25413,4,MessageDigestSpec,org.quantumbadger.redreader.common.General,sha1,org.quantumbadger.redreader_117.apk,GENUINE_no
25419,4,MessageDigestSpec,org.quantumbadger.redreader.common.General,sha1,org.quantumbadger.redreader_117.apk,GENUINE_no
25435,4,MessageDigestSpec,org.quantumbadger.redreader.common.General,sha1,org.quantumbadger.redreader_117.apk,GENUINE_no
25441,4,MessageDigestSpec,org.quantumbadger.redreader.common.General,sha1,org.quantumbadger.redreader_117.apk,GENUINE_no
25445,4,MessageDigestSpec,org.quantumbadger.redreader.common.General,sha1,org.quantumbadger.redreader_117.apk,GENUINE_no
25451,4,MessageDigestSpec,org.quantumbadger.redreader.common.General,sha1,org.quantumbadger.redreader_117.apk,GENUINE_no
25457,4,MessageDigestSpec,org.quantumbadger.redreader.common.General,sha1,org.quantumbadger.redreader_117.apk,GENUINE_no
25468,4,MessageDigestSpec,org.quantumbadger.redreader.common.General,sha1,org.quantumbadger.redreader_117.apk,GENUINE_no
25474,4,MessageDigestSpec,org.quantumbadger.redreader.common.General,sha1,org.quantumbadger.redreader_117.apk,GENUINE_no
25485,4,MessageDigestSpec,org.quantumbadger.redreader.common.General,sha1,org.quantumbadger.redreader_117.apk,GENUINE_no
25491,4,MessageDigestSpec,org.quantumbadger.redreader.common.General,sha1,org.quantumbadger.redreader_117.apk,GENUINE_no
25497,4,MessageDigestSpec,org.quantumbadger.redreader.common.General,sha1,org.quantumbadger.redreader_117.apk,GENUINE_no
25503,4,MessageDigestSpec,org.quantumbadger.redreader.common.General,sha1,org.quantumbadger.redreader_117.apk,GENUINE_no
25509,4,MessageDigestSpec,org.quantumbadger.redreader.common.General,sha1,org.quantumbadger.redreader_117.apk,GENUINE_no
25515,4,MessageDigestSpec,org.quantumbadger.redreader.common.General,sha1,org.quantumbadger.redreader_117.apk,GENUINE_no
25521,4,MessageDigestSpec,org.quantumbadger.redreader.common.General,sha1,org.quantumbadger.redreader_117.apk,GENUINE_no
25527,4,MessageDigestSpec,org.quantumbadger.redreader.common.General,sha1,org.quantumbadger.redreader_117.apk,GENUINE_no
25533,4,MessageDigestSpec,org.quantumbadger.redreader.common.General,sha1,org.quantumbadger.redreader_117.apk,GENUINE_no
25539,4,MessageDigestSpec,org.quantumbadger.redreader.common.General,sha1,org.quantumbadger.redreader_117.apk,GENUINE_no
25545,4,MessageDigestSpec,org.quantumbadger.redreader.common.General,sha1,org.quantumbadger.redreader_117.apk,GENUINE_no
25551,4,MessageDigestSpec,org.quantumbadger.redreader.common.General,sha1,org.quantumbadger.redreader_117.apk,GENUINE_no
25557,4,MessageDigestSpec,org.quantumbadger.redreader.common.General,sha1,org.quantumbadger.redreader_117.apk,GENUINE_no
25563,4,MessageDigestSpec,org.quantumbadger.redreader.common.General,sha1,org.quantumbadger.redreader_117.apk,GENUINE_no
25569,4,MessageDigestSpec,org.quantumbadger.redreader.common.General,sha1,org.quantumbadger.redreader_117.apk,GENUINE_no
25575,4,MessageDigestSpec,org.quantumbadger.redreader.common.General,sha1,org.quantumbadger.redreader_117.apk,GENUINE_no
25581,4,MessageDigestSpec,org.quantumbadger.redreader.common.General,sha1,org.quantumbadger.redreader_117.apk,GENUINE_no
25592,4,MessageDigestSpec,org.quantumbadger.redreader.common.General,sha1,org.quantumbadger.redreader_117.apk,GENUINE_no
25598,4,MessageDigestSpec,org.quantumbadger.redreader.common.General,sha1,org.quantumbadger.redreader_117.apk,GENUINE_no
25609,4,MessageDigestSpec,org.quantumbadger.redreader.common.General,sha1,org.quantumbadger.redreader_117.apk,GENUINE_no
25615,4,MessageDigestSpec,org.quantumbadger.redreader.common.General,sha1,org.quantumbadger.redreader_117.apk,GENUINE_no
25817,5,PBEKeySpecSpec,com.google.android.vending.licensing.AESObfuscator,<init>,org.totschnig.myexpenses_858.apk,GENUINE_debatable
25818,5,SecretKeyFactorySpec,com.google.android.vending.licensing.AESObfuscator,<init>,org.totschnig.myexpenses_858.apk,GENUINE_debatable
25825,5,PBEKeySpecSpec,com.google.android.vending.licensing.AESObfuscator,<init>,org.totschnig.myexpenses_858.apk,GENUINE_debatable
25826,5,SecretKeyFactorySpec,com.google.android.vending.licensing.AESObfuscator,<init>,org.totschnig.myexpenses_858.apk,GENUINE_debatable
25833,5,PBEKeySpecSpec,com.google.android.vending.licensing.AESObfuscator,<init>,org.totschnig.myexpenses_858.apk,GENUINE_debatable
25834,5,SecretKeyFactorySpec,com.google.android.vending.licensing.AESObfuscator,<init>,org.totschnig.myexpenses_858.apk,GENUINE_debatable
25841,5,PBEKeySpecSpec,com.google.android.vending.licensing.AESObfuscator,<init>,org.totschnig.myexpenses_858.apk,GENUINE_debatable
25842,5,SecretKeyFactorySpec,com.google.android.vending.licensing.AESObfuscator,<init>,org.totschnig.myexpenses_858.apk,GENUINE_debatable
25847,5,PBEKeySpecSpec,com.google.android.vending.licensing.AESObfuscator,<init>,org.totschnig.myexpenses_858.apk,GENUINE_debatable
25848,5,SecretKeyFactorySpec,com.google.android.vending.licensing.AESObfuscator,<init>,org.totschnig.myexpenses_858.apk,GENUINE_debatable
25855,5,PBEKeySpecSpec,com.google.android.vending.licensing.AESObfuscator,<init>,org.totschnig.myexpenses_858.apk,GENUINE_debatable
25856,5,SecretKeyFactorySpec,com.google.android.vending.licensing.AESObfuscator,<init>,org.totschnig.myexpenses_858.apk,GENUINE_debatable
25863,5,PBEKeySpecSpec,com.google.android.vending.licensing.AESObfuscator,<init>,org.totschnig.myexpenses_858.apk,GENUINE_debatable
25864,5,SecretKeyFactorySpec,com.google.android.vending.licensing.AESObfuscator,<init>,org.totschnig.myexpenses_858.apk,GENUINE_debatable
25869,5,PBEKeySpecSpec,com.google.android.vending.licensing.AESObfuscator,<init>,org.totschnig.myexpenses_858.apk,GENUINE_debatable
25870,5,SecretKeyFactorySpec,com.google.android.vending.licensing.AESObfuscator,<init>,org.totschnig.myexpenses_858.apk,GENUINE_debatable
25877,5,PBEKeySpecSpec,com.google.android.vending.licensing.AESObfuscator,<init>,org.totschnig.myexpenses_858.apk,GENUINE_debatable
25878,5,SecretKeyFactorySpec,com.google.android.vending.licensing.AESObfuscator,<init>,org.totschnig.myexpenses_858.apk,GENUINE_debatable
25885,5,PBEKeySpecSpec,com.google.android.vending.licensing.AESObfuscator,<init>,org.totschnig.myexpenses_858.apk,GENUINE_debatable
25886,5,SecretKeyFactorySpec,com.google.android.vending.licensing.AESObfuscator,<init>,org.totschnig.myexpenses_858.apk,GENUINE_debatable
25893,5,PBEKeySpecSpec,com.google.android.vending.licensing.AESObfuscator,<init>,org.totschnig.myexpenses_858.apk,GENUINE_debatable
25894,5,SecretKeyFactorySpec,com.google.android.vending.licensing.AESObfuscator,<init>,org.totschnig.myexpenses_858.apk,GENUINE_debatable
25901,5,PBEKeySpecSpec,com.google.android.vending.licensing.AESObfuscator,<init>,org.totschnig.myexpenses_858.apk,GENUINE_debatable
25902,5,SecretKeyFactorySpec,com.google.android.vending.licensing.AESObfuscator,<init>,org.totschnig.myexpenses_858.apk,GENUINE_debatable
25909,5,PBEKeySpecSpec,com.google.android.vending.licensing.AESObfuscator,<init>,org.totschnig.myexpenses_858.apk,GENUINE_debatable
25910,5,SecretKeyFactorySpec,com.google.android.vending.licensing.AESObfuscator,<init>,org.totschnig.myexpenses_858.apk,GENUINE_debatable
25917,5,PBEKeySpecSpec,com.google.android.vending.licensing.AESObfuscator,<init>,org.totschnig.myexpenses_858.apk,GENUINE_debatable
25918,5,SecretKeyFactorySpec,com.google.android.vending.licensing.AESObfuscator,<init>,org.totschnig.myexpenses_858.apk,GENUINE_debatable
25925,5,PBEKeySpecSpec,com.google.android.vending.licensing.AESObfuscator,<init>,org.totschnig.myexpenses_858.apk,GENUINE_debatable
25926,5,SecretKeyFactorySpec,com.google.android.vending.licensing.AESObfuscator,<init>,org.totschnig.myexpenses_858.apk,GENUINE_debatable
25933,5,PBEKeySpecSpec,com.google.android.vending.licensing.AESObfuscator,<init>,org.totschnig.myexpenses_858.apk,GENUINE_debatable
25934,5,SecretKeyFactorySpec,com.google.android.vending.licensing.AESObfuscator,<init>,org.totschnig.myexpenses_858.apk,GENUINE_debatable
25939,5,PBEKeySpecSpec,com.google.android.vending.licensing.AESObfuscator,<init>,org.totschnig.myexpenses_858.apk,GENUINE_debatable
25940,5,SecretKeyFactorySpec,com.google.android.vending.licensing.AESObfuscator,<init>,org.totschnig.myexpenses_858.apk,GENUINE_debatable
25947,5,PBEKeySpecSpec,com.google.android.vending.licensing.AESObfuscator,<init>,org.totschnig.myexpenses_858.apk,GENUINE_debatable
25948,5,SecretKeyFactorySpec,com.google.android.vending.licensing.AESObfuscator,<init>,org.totschnig.myexpenses_858.apk,GENUINE_debatable
25955,5,PBEKeySpecSpec,com.google.android.vending.licensing.AESObfuscator,<init>,org.totschnig.myexpenses_858.apk,GENUINE_debatable
25956,5,SecretKeyFactorySpec,com.google.android.vending.licensing.AESObfuscator,<init>,org.totschnig.myexpenses_858.apk,GENUINE_debatable
25961,5,PBEKeySpecSpec,com.google.android.vending.licensing.AESObfuscator,<init>,org.totschnig.myexpenses_858.apk,GENUINE_debatable
25962,5,SecretKeyFactorySpec,com.google.android.vending.licensing.AESObfuscator,<init>,org.totschnig.myexpenses_858.apk,GENUINE_debatable
25967,5,PBEKeySpecSpec,com.google.android.vending.licensing.AESObfuscator,<init>,org.totschnig.myexpenses_858.apk,GENUINE_debatable
25968,5,SecretKeyFactorySpec,com.google.android.vending.licensing.AESObfuscator,<init>,org.totschnig.myexpenses_858.apk,GENUINE_debatable
25975,5,PBEKeySpecSpec,com.google.android.vending.licensing.AESObfuscator,<init>,org.totschnig.myexpenses_858.apk,GENUINE_debatable
25976,5,SecretKeyFactorySpec,com.google.android.vending.licensing.AESObfuscator,<init>,org.totschnig.myexpenses_858.apk,GENUINE_debatable
25981,5,PBEKeySpecSpec,com.google.android.vending.licensing.AESObfuscator,<init>,org.totschnig.myexpenses_858.apk,GENUINE_debatable
25982,5,SecretKeyFactorySpec,com.google.android.vending.licensing.AESObfuscator,<init>,org.totschnig.myexpenses_858.apk,GENUINE_debatable
25987,5,PBEKeySpecSpec,com.google.android.vending.licensing.AESObfuscator,<init>,org.totschnig.myexpenses_858.apk,GENUINE_debatable
25988,5,SecretKeyFactorySpec,com.google.android.vending.licensing.AESObfuscator,<init>,org.totschnig.myexpenses_858.apk,GENUINE_debatable
25993,5,PBEKeySpecSpec,com.google.android.vending.licensing.AESObfuscator,<init>,org.totschnig.myexpenses_858.apk,GENUINE_debatable
25994,5,SecretKeyFactorySpec,com.google.android.vending.licensing.AESObfuscator,<init>,org.totschnig.myexpenses_858.apk,GENUINE_debatable
25999,5,PBEKeySpecSpec,com.google.android.vending.licensing.AESObfuscator,<init>,org.totschnig.myexpenses_858.apk,GENUINE_debatable
26000,5,SecretKeyFactorySpec,com.google.android.vending.licensing.AESObfuscator,<init>,org.totschnig.myexpenses_858.apk,GENUINE_debatable
26005,5,PBEKeySpecSpec,com.google.android.vending.licensing.AESObfuscator,<init>,org.totschnig.myexpenses_858.apk,GENUINE_debatable
26006,5,SecretKeyFactorySpec,com.google.android.vending.licensing.AESObfuscator,<init>,org.totschnig.myexpenses_858.apk,GENUINE_debatable
26011,5,PBEKeySpecSpec,com.google.android.vending.licensing.AESObfuscator,<init>,org.totschnig.myexpenses_858.apk,GENUINE_debatable
26012,5,SecretKeyFactorySpec,com.google.android.vending.licensing.AESObfuscator,<init>,org.totschnig.myexpenses_858.apk,GENUINE_debatable
26017,5,PBEKeySpecSpec,com.google.android.vending.licensing.AESObfuscator,<init>,org.totschnig.myexpenses_858.apk,GENUINE_debatable
26018,5,SecretKeyFactorySpec,com.google.android.vending.licensing.AESObfuscator,<init>,org.totschnig.myexpenses_858.apk,GENUINE_debatable
26023,5,PBEKeySpecSpec,com.google.android.vending.licensing.AESObfuscator,<init>,org.totschnig.myexpenses_858.apk,GENUINE_debatable
26024,5,SecretKeyFactorySpec,com.google.android.vending.licensing.AESObfuscator,<init>,org.totschnig.myexpenses_858.apk,GENUINE_debatable
26029,5,PBEKeySpecSpec,com.google.android.vending.licensing.AESObfuscator,<init>,org.totschnig.myexpenses_858.apk,GENUINE_debatable
26030,5,SecretKeyFactorySpec,com.google.android.vending.licensing.AESObfuscator,<init>,org.totschnig.myexpenses_858.apk,GENUINE_debatable
26035,5,PBEKeySpecSpec,com.google.android.vending.licensing.AESObfuscator,<init>,org.totschnig.myexpenses_858.apk,GENUINE_debatable
26036,5,SecretKeyFactorySpec,com.google.android.vending.licensing.AESObfuscator,<init>,org.totschnig.myexpenses_858.apk,GENUINE_debatable
26041,5,PBEKeySpecSpec,com.google.android.vending.licensing.AESObfuscator,<init>,org.totschnig.myexpenses_858.apk,GENUINE_debatable
26042,5,SecretKeyFactorySpec,com.google.android.vending.licensing.AESObfuscator,<init>,org.totschnig.myexpenses_858.apk,GENUINE_debatable
26047,5,PBEKeySpecSpec,com.google.android.vending.licensing.AESObfuscator,<init>,org.totschnig.myexpenses_858.apk,GENUINE_debatable
26048,5,SecretKeyFactorySpec,com.google.android.vending.licensing.AESObfuscator,<init>,org.totschnig.myexpenses_858.apk,GENUINE_debatable
26053,5,PBEKeySpecSpec,com.google.android.vending.licensing.AESObfuscator,<init>,org.totschnig.myexpenses_858.apk,GENUINE_debatable
26054,5,SecretKeyFactorySpec,com.google.android.vending.licensing.AESObfuscator,<init>,org.totschnig.myexpenses_858.apk,GENUINE_debatable
26059,5,PBEKeySpecSpec,com.google.android.vending.licensing.AESObfuscator,<init>,org.totschnig.myexpenses_858.apk,GENUINE_debatable
26060,5,SecretKeyFactorySpec,com.google.android.vending.licensing.AESObfuscator,<init>,org.totschnig.myexpenses_858.apk,GENUINE_debatable
26065,5,PBEKeySpecSpec,com.google.android.vending.licensing.AESObfuscator,<init>,org.totschnig.myexpenses_858.apk,GENUINE_debatable
26066,5,SecretKeyFactorySpec,com.google.android.vending.licensing.AESObfuscator,<init>,org.totschnig.myexpenses_858.apk,GENUINE_debatable
26071,5,PBEKeySpecSpec,com.google.android.vending.licensing.AESObfuscator,<init>,org.totschnig.myexpenses_858.apk,GENUINE_debatable
26072,5,SecretKeyFactorySpec,com.google.android.vending.licensing.AESObfuscator,<init>,org.totschnig.myexpenses_858.apk,GENUINE_debatable
26077,5,PBEKeySpecSpec,com.google.android.vending.licensing.AESObfuscator,<init>,org.totschnig.myexpenses_858.apk,GENUINE_debatable
26078,5,SecretKeyFactorySpec,com.google.android.vending.licensing.AESObfuscator,<init>,org.totschnig.myexpenses_858.apk,GENUINE_debatable
26083,5,PBEKeySpecSpec,com.google.android.vending.licensing.AESObfuscator,<init>,org.totschnig.myexpenses_858.apk,GENUINE_debatable
26084,5,SecretKeyFactorySpec,com.google.android.vending.licensing.AESObfuscator,<init>,org.totschnig.myexpenses_858.apk,GENUINE_debatable
26089,5,PBEKeySpecSpec,com.google.android.vending.licensing.AESObfuscator,<init>,org.totschnig.myexpenses_858.apk,GENUINE_debatable
26090,5,SecretKeyFactorySpec,com.google.android.vending.licensing.AESObfuscator,<init>,org.totschnig.myexpenses_858.apk,GENUINE_debatable
26095,5,PBEKeySpecSpec,com.google.android.vending.licensing.AESObfuscator,<init>,org.totschnig.myexpenses_858.apk,GENUINE_debatable
26096,5,SecretKeyFactorySpec,com.google.android.vending.licensing.AESObfuscator,<init>,org.totschnig.myexpenses_858.apk,GENUINE_debatable
26101,5,PBEKeySpecSpec,com.google.android.vending.licensing.AESObfuscator,<init>,org.totschnig.myexpenses_858.apk,GENUINE_debatable
26102,5,SecretKeyFactorySpec,com.google.android.vending.licensing.AESObfuscator,<init>,org.totschnig.myexpenses_858.apk,GENUINE_debatable
26107,5,PBEKeySpecSpec,com.google.android.vending.licensing.AESObfuscator,<init>,org.totschnig.myexpenses_858.apk,GENUINE_debatable
26108,5,SecretKeyFactorySpec,com.google.android.vending.licensing.AESObfuscator,<init>,org.totschnig.myexpenses_858.apk,GENUINE_debatable
26113,5,PBEKeySpecSpec,com.google.android.vending.licensing.AESObfuscator,<init>,org.totschnig.myexpenses_858.apk,GENUINE_debatable
26114,5,SecretKeyFactorySpec,com.google.android.vending.licensing.AESObfuscator,<init>,org.totschnig.myexpenses_858.apk,GENUINE_debatable
26119,5,PBEKeySpecSpec,com.google.android.vending.licensing.AESObfuscator,<init>,org.totschnig.myexpenses_858.apk,GENUINE_debatable
26120,5,SecretKeyFactorySpec,com.google.android.vending.licensing.AESObfuscator,<init>,org.totschnig.myexpenses_858.apk,GENUINE_debatable
26125,5,PBEKeySpecSpec,com.google.android.vending.licensing.AESObfuscator,<init>,org.totschnig.myexpenses_858.apk,GENUINE_debatable
26126,5,SecretKeyFactorySpec,com.google.android.vending.licensing.AESObfuscator,<init>,org.totschnig.myexpenses_858.apk,GENUINE_debatable
26131,5,PBEKeySpecSpec,com.google.android.vending.licensing.AESObfuscator,<init>,org.totschnig.myexpenses_858.apk,GENUINE_debatable
26132,5,SecretKeyFactorySpec,com.google.android.vending.licensing.AESObfuscator,<init>,org.totschnig.myexpenses_858.apk,GENUINE_debatable
26137,5,PBEKeySpecSpec,com.google.android.vending.licensing.AESObfuscator,<init>,org.totschnig.myexpenses_858.apk,GENUINE_debatable
26138,5,SecretKeyFactorySpec,com.google.android.vending.licensing.AESObfuscator,<init>,org.totschnig.myexpenses_858.apk,GENUINE_debatable
26143,5,PBEKeySpecSpec,com.google.android.vending.licensing.AESObfuscator,<init>,org.totschnig.myexpenses_858.apk,GENUINE_debatable
26144,5,SecretKeyFactorySpec,com.google.android.vending.licensing.AESObfuscator,<init>,org.totschnig.myexpenses_858.apk,GENUINE_debatable
26149,5,PBEKeySpecSpec,com.google.android.vending.licensing.AESObfuscator,<init>,org.totschnig.myexpenses_858.apk,GENUINE_debatable
26150,5,SecretKeyFactorySpec,com.google.android.vending.licensing.AESObfuscator,<init>,org.totschnig.myexpenses_858.apk,GENUINE_debatable
26155,5,PBEKeySpecSpec,com.google.android.vending.licensing.AESObfuscator,<init>,org.totschnig.myexpenses_858.apk,GENUINE_debatable
26156,5,SecretKeyFactorySpec,com.google.android.vending.licensing.AESObfuscator,<init>,org.totschnig.myexpenses_858.apk,GENUINE_debatable
26161,5,PBEKeySpecSpec,com.google.android.vending.licensing.AESObfuscator,<init>,org.totschnig.myexpenses_858.apk,GENUINE_debatable
26162,5,SecretKeyFactorySpec,com.google.android.vending.licensing.AESObfuscator,<init>,org.totschnig.myexpenses_858.apk,GENUINE_debatable
26167,5,PBEKeySpecSpec,com.google.android.vending.licensing.AESObfuscator,<init>,org.totschnig.myexpenses_858.apk,GENUINE_debatable
26168,5,SecretKeyFactorySpec,com.google.android.vending.licensing.AESObfuscator,<init>,org.totschnig.myexpenses_858.apk,GENUINE_debatable
26173,5,PBEKeySpecSpec,com.google.android.vending.licensing.AESObfuscator,<init>,org.totschnig.myexpenses_858.apk,GENUINE_debatable
26174,5,SecretKeyFactorySpec,com.google.android.vending.licensing.AESObfuscator,<init>,org.totschnig.myexpenses_858.apk,GENUINE_debatable
26179,5,PBEKeySpecSpec,com.google.android.vending.licensing.AESObfuscator,<init>,org.totschnig.myexpenses_858.apk,GENUINE_debatable
26180,5,SecretKeyFactorySpec,com.google.android.vending.licensing.AESObfuscator,<init>,org.totschnig.myexpenses_858.apk,GENUINE_debatable
26187,5,PBEKeySpecSpec,com.google.android.vending.licensing.AESObfuscator,<init>,org.totschnig.myexpenses_858.apk,GENUINE_debatable
26188,5,SecretKeyFactorySpec,com.google.android.vending.licensing.AESObfuscator,<init>,org.totschnig.myexpenses_858.apk,GENUINE_debatable
26195,5,PBEKeySpecSpec,com.google.android.vending.licensing.AESObfuscator,<init>,org.totschnig.myexpenses_858.apk,GENUINE_debatable
26196,5,SecretKeyFactorySpec,com.google.android.vending.licensing.AESObfuscator,<init>,org.totschnig.myexpenses_858.apk,GENUINE_debatable
26201,5,PBEKeySpecSpec,com.google.android.vending.licensing.AESObfuscator,<init>,org.totschnig.myexpenses_858.apk,GENUINE_debatable
26202,5,SecretKeyFactorySpec,com.google.android.vending.licensing.AESObfuscator,<init>,org.totschnig.myexpenses_858.apk,GENUINE_debatable
26209,5,PBEKeySpecSpec,com.google.android.vending.licensing.AESObfuscator,<init>,org.totschnig.myexpenses_858.apk,GENUINE_debatable
26210,5,SecretKeyFactorySpec,com.google.android.vending.licensing.AESObfuscator,<init>,org.totschnig.myexpenses_858.apk,GENUINE_debatable
26217,5,PBEKeySpecSpec,com.google.android.vending.licensing.AESObfuscator,<init>,org.totschnig.myexpenses_858.apk,GENUINE_debatable
26218,5,SecretKeyFactorySpec,com.google.android.vending.licensing.AESObfuscator,<init>,org.totschnig.myexpenses_858.apk,GENUINE_debatable
26223,5,PBEKeySpecSpec,com.google.android.vending.licensing.AESObfuscator,<init>,org.totschnig.myexpenses_858.apk,GENUINE_debatable
26224,5,SecretKeyFactorySpec,com.google.android.vending.licensing.AESObfuscator,<init>,org.totschnig.myexpenses_858.apk,GENUINE_debatable
26231,5,PBEKeySpecSpec,com.google.android.vending.licensing.AESObfuscator,<init>,org.totschnig.myexpenses_858.apk,GENUINE_debatable
26232,5,SecretKeyFactorySpec,com.google.android.vending.licensing.AESObfuscator,<init>,org.totschnig.myexpenses_858.apk,GENUINE_debatable
26239,5,PBEKeySpecSpec,com.google.android.vending.licensing.AESObfuscator,<init>,org.totschnig.myexpenses_858.apk,GENUINE_debatable
26240,5,SecretKeyFactorySpec,com.google.android.vending.licensing.AESObfuscator,<init>,org.totschnig.myexpenses_858.apk,GENUINE_debatable
26245,5,PBEKeySpecSpec,com.google.android.vending.licensing.AESObfuscator,<init>,org.totschnig.myexpenses_858.apk,GENUINE_debatable
26246,5,SecretKeyFactorySpec,com.google.android.vending.licensing.AESObfuscator,<init>,org.totschnig.myexpenses_858.apk,GENUINE_debatable
26253,5,PBEKeySpecSpec,com.google.android.vending.licensing.AESObfuscator,<init>,org.totschnig.myexpenses_858.apk,GENUINE_debatable
26254,5,SecretKeyFactorySpec,com.google.android.vending.licensing.AESObfuscator,<init>,org.totschnig.myexpenses_858.apk,GENUINE_debatable
26261,5,PBEKeySpecSpec,com.google.android.vending.licensing.AESObfuscator,<init>,org.totschnig.myexpenses_858.apk,GENUINE_debatable
26262,5,SecretKeyFactorySpec,com.google.android.vending.licensing.AESObfuscator,<init>,org.totschnig.myexpenses_858.apk,GENUINE_debatable
26267,5,PBEKeySpecSpec,com.google.android.vending.licensing.AESObfuscator,<init>,org.totschnig.myexpenses_858.apk,GENUINE_debatable
26268,5,SecretKeyFactorySpec,com.google.android.vending.licensing.AESObfuscator,<init>,org.totschnig.myexpenses_858.apk,GENUINE_debatable
26275,5,PBEKeySpecSpec,com.google.android.vending.licensing.AESObfuscator,<init>,org.totschnig.myexpenses_858.apk,GENUINE_debatable
26276,5,SecretKeyFactorySpec,com.google.android.vending.licensing.AESObfuscator,<init>,org.totschnig.myexpenses_858.apk,GENUINE_debatable
26283,5,PBEKeySpecSpec,com.google.android.vending.licensing.AESObfuscator,<init>,org.totschnig.myexpenses_858.apk,GENUINE_debatable
26284,5,SecretKeyFactorySpec,com.google.android.vending.licensing.AESObfuscator,<init>,org.totschnig.myexpenses_858.apk,GENUINE_debatable
26289,5,PBEKeySpecSpec,com.google.android.vending.licensing.AESObfuscator,<init>,org.totschnig.myexpenses_858.apk,GENUINE_debatable
26290,5,SecretKeyFactorySpec,com.google.android.vending.licensing.AESObfuscator,<init>,org.totschnig.myexpenses_858.apk,GENUINE_debatable
26297,5,PBEKeySpecSpec,com.google.android.vending.licensing.AESObfuscator,<init>,org.totschnig.myexpenses_858.apk,GENUINE_debatable
26298,5,SecretKeyFactorySpec,com.google.android.vending.licensing.AESObfuscator,<init>,org.totschnig.myexpenses_858.apk,GENUINE_debatable
26305,5,PBEKeySpecSpec,com.google.android.vending.licensing.AESObfuscator,<init>,org.totschnig.myexpenses_858.apk,GENUINE_debatable
26306,5,SecretKeyFactorySpec,com.google.android.vending.licensing.AESObfuscator,<init>,org.totschnig.myexpenses_858.apk,GENUINE_debatable
26311,5,PBEKeySpecSpec,com.google.android.vending.licensing.AESObfuscator,<init>,org.totschnig.myexpenses_858.apk,GENUINE_debatable
26312,5,SecretKeyFactorySpec,com.google.android.vending.licensing.AESObfuscator,<init>,org.totschnig.myexpenses_858.apk,GENUINE_debatable
26319,5,PBEKeySpecSpec,com.google.android.vending.licensing.AESObfuscator,<init>,org.totschnig.myexpenses_858.apk,GENUINE_debatable
26320,5,SecretKeyFactorySpec,com.google.android.vending.licensing.AESObfuscator,<init>,org.totschnig.myexpenses_858.apk,GENUINE_debatable
26327,5,PBEKeySpecSpec,com.google.android.vending.licensing.AESObfuscator,<init>,org.totschnig.myexpenses_858.apk,GENUINE_debatable
26328,5,SecretKeyFactorySpec,com.google.android.vending.licensing.AESObfuscator,<init>,org.totschnig.myexpenses_858.apk,GENUINE_debatable
26333,5,PBEKeySpecSpec,com.google.android.vending.licensing.AESObfuscator,<init>,org.totschnig.myexpenses_858.apk,GENUINE_debatable
26334,5,SecretKeyFactorySpec,com.google.android.vending.licensing.AESObfuscator,<init>,org.totschnig.myexpenses_858.apk,GENUINE_debatable
26341,5,PBEKeySpecSpec,com.google.android.vending.licensing.AESObfuscator,<init>,org.totschnig.myexpenses_858.apk,GENUINE_debatable
26342,5,SecretKeyFactorySpec,com.google.android.vending.licensing.AESObfuscator,<init>,org.totschnig.myexpenses_858.apk,GENUINE_debatable
26349,5,PBEKeySpecSpec,com.google.android.vending.licensing.AESObfuscator,<init>,org.totschnig.myexpenses_858.apk,GENUINE_debatable
26350,5,SecretKeyFactorySpec,com.google.android.vending.licensing.AESObfuscator,<init>,org.totschnig.myexpenses_858.apk,GENUINE_debatable
26355,5,PBEKeySpecSpec,com.google.android.vending.licensing.AESObfuscator,<init>,org.totschnig.myexpenses_858.apk,GENUINE_debatable
26356,5,SecretKeyFactorySpec,com.google.android.vending.licensing.AESObfuscator,<init>,org.totschnig.myexpenses_858.apk,GENUINE_debatable
26363,5,PBEKeySpecSpec,com.google.android.vending.licensing.AESObfuscator,<init>,org.totschnig.myexpenses_858.apk,GENUINE_debatable
26364,5,SecretKeyFactorySpec,com.google.android.vending.licensing.AESObfuscator,<init>,org.totschnig.myexpenses_858.apk,GENUINE_debatable
26371,5,PBEKeySpecSpec,com.google.android.vending.licensing.AESObfuscator,<init>,org.totschnig.myexpenses_858.apk,GENUINE_debatable
26372,5,SecretKeyFactorySpec,com.google.android.vending.licensing.AESObfuscator,<init>,org.totschnig.myexpenses_858.apk,GENUINE_debatable
26377,5,PBEKeySpecSpec,com.google.android.vending.licensing.AESObfuscator,<init>,org.totschnig.myexpenses_858.apk,GENUINE_debatable
26378,5,SecretKeyFactorySpec,com.google.android.vending.licensing.AESObfuscator,<init>,org.totschnig.myexpenses_858.apk,GENUINE_debatable
26383,5,PBEKeySpecSpec,com.google.android.vending.licensing.AESObfuscator,<init>,org.totschnig.myexpenses_858.apk,GENUINE_debatable
26384,5,SecretKeyFactorySpec,com.google.android.vending.licensing.AESObfuscator,<init>,org.totschnig.myexpenses_858.apk,GENUINE_debatable
26391,5,PBEKeySpecSpec,com.google.android.vending.licensing.AESObfuscator,<init>,org.totschnig.myexpenses_858.apk,GENUINE_debatable
26392,5,SecretKeyFactorySpec,com.google.android.vending.licensing.AESObfuscator,<init>,org.totschnig.myexpenses_858.apk,GENUINE_debatable
26397,5,PBEKeySpecSpec,com.google.android.vending.licensing.AESObfuscator,<init>,org.totschnig.myexpenses_858.apk,GENUINE_debatable
26398,5,SecretKeyFactorySpec,com.google.android.vending.licensing.AESObfuscator,<init>,org.totschnig.myexpenses_858.apk,GENUINE_debatable
26405,5,PBEKeySpecSpec,com.google.android.vending.licensing.AESObfuscator,<init>,org.totschnig.myexpenses_858.apk,GENUINE_debatable
26406,5,SecretKeyFactorySpec,com.google.android.vending.licensing.AESObfuscator,<init>,org.totschnig.myexpenses_858.apk,GENUINE_debatable
26413,5,PBEKeySpecSpec,com.google.android.vending.licensing.AESObfuscator,<init>,org.totschnig.myexpenses_858.apk,GENUINE_debatable
26414,5,SecretKeyFactorySpec,com.google.android.vending.licensing.AESObfuscator,<init>,org.totschnig.myexpenses_858.apk,GENUINE_debatable
26419,5,PBEKeySpecSpec,com.google.android.vending.licensing.AESObfuscator,<init>,org.totschnig.myexpenses_858.apk,GENUINE_debatable
26420,5,SecretKeyFactorySpec,com.google.android.vending.licensing.AESObfuscator,<init>,org.totschnig.myexpenses_858.apk,GENUINE_debatable
26425,5,PBEKeySpecSpec,com.google.android.vending.licensing.AESObfuscator,<init>,org.totschnig.myexpenses_858.apk,GENUINE_debatable
26426,5,SecretKeyFactorySpec,com.google.android.vending.licensing.AESObfuscator,<init>,org.totschnig.myexpenses_858.apk,GENUINE_debatable
26433,5,PBEKeySpecSpec,com.google.android.vending.licensing.AESObfuscator,<init>,org.totschnig.myexpenses_858.apk,GENUINE_debatable
26434,5,SecretKeyFactorySpec,com.google.android.vending.licensing.AESObfuscator,<init>,org.totschnig.myexpenses_858.apk,GENUINE_debatable
26439,5,PBEKeySpecSpec,com.google.android.vending.licensing.AESObfuscator,<init>,org.totschnig.myexpenses_858.apk,GENUINE_debatable
26440,5,SecretKeyFactorySpec,com.google.android.vending.licensing.AESObfuscator,<init>,org.totschnig.myexpenses_858.apk,GENUINE_debatable
26447,5,PBEKeySpecSpec,com.google.android.vending.licensing.AESObfuscator,<init>,org.totschnig.myexpenses_858.apk,GENUINE_debatable
26448,5,SecretKeyFactorySpec,com.google.android.vending.licensing.AESObfuscator,<init>,org.totschnig.myexpenses_858.apk,GENUINE_debatable
26455,5,PBEKeySpecSpec,com.google.android.vending.licensing.AESObfuscator,<init>,org.totschnig.myexpenses_858.apk,GENUINE_debatable
26456,5,SecretKeyFactorySpec,com.google.android.vending.licensing.AESObfuscator,<init>,org.totschnig.myexpenses_858.apk,GENUINE_debatable
26461,5,PBEKeySpecSpec,com.google.android.vending.licensing.AESObfuscator,<init>,org.totschnig.myexpenses_858.apk,GENUINE_debatable
26462,5,SecretKeyFactorySpec,com.google.android.vending.licensing.AESObfuscator,<init>,org.totschnig.myexpenses_858.apk,GENUINE_debatable
26469,5,PBEKeySpecSpec,com.google.android.vending.licensing.AESObfuscator,<init>,org.totschnig.myexpenses_858.apk,GENUINE_debatable
26470,5,SecretKeyFactorySpec,com.google.android.vending.licensing.AESObfuscator,<init>,org.totschnig.myexpenses_858.apk,GENUINE_debatable
26477,5,PBEKeySpecSpec,com.google.android.vending.licensing.AESObfuscator,<init>,org.totschnig.myexpenses_858.apk,GENUINE_debatable
26478,5,SecretKeyFactorySpec,com.google.android.vending.licensing.AESObfuscator,<init>,org.totschnig.myexpenses_858.apk,GENUINE_debatable
26483,5,PBEKeySpecSpec,com.google.android.vending.licensing.AESObfuscator,<init>,org.totschnig.myexpenses_858.apk,GENUINE_debatable
26484,5,SecretKeyFactorySpec,com.google.android.vending.licensing.AESObfuscator,<init>,org.totschnig.myexpenses_858.apk,GENUINE_debatable
26491,5,PBEKeySpecSpec,com.google.android.vending.licensing.AESObfuscator,<init>,org.totschnig.myexpenses_858.apk,GENUINE_debatable
26492,5,SecretKeyFactorySpec,com.google.android.vending.licensing.AESObfuscator,<init>,org.totschnig.myexpenses_858.apk,GENUINE_debatable
26498,4,MessageDigestSpec,okio.ByteString,digest$okio,org.wikipedia_50595.apk,GENUINE_no
26501,4,MessageDigestSpec,okio.ByteString,digest$okio,org.wikipedia_50595.apk,GENUINE_no
26504,4,MessageDigestSpec,okio.ByteString,digest$okio,org.wikipedia_50595.apk,GENUINE_no
26507,4,MessageDigestSpec,okio.ByteString,digest$okio,org.wikipedia_50595.apk,GENUINE_no
26510,4,MessageDigestSpec,okio.ByteString,digest$okio,org.wikipedia_50595.apk,GENUINE_no
26513,4,MessageDigestSpec,okio.ByteString,digest$okio,org.wikipedia_50595.apk,GENUINE_no
26516,4,MessageDigestSpec,okio.ByteString,digest$okio,org.wikipedia_50595.apk,GENUINE_no
26519,4,MessageDigestSpec,okio.ByteString,digest$okio,org.wikipedia_50595.apk,GENUINE_no
26522,4,MessageDigestSpec,okio.ByteString,digest$okio,org.wikipedia_50595.apk,GENUINE_no
26525,4,MessageDigestSpec,okio.ByteString,digest$okio,org.wikipedia_50595.apk,GENUINE_no
26528,4,MessageDigestSpec,okio.ByteString,digest$okio,org.wikipedia_50595.apk,GENUINE_no
26531,4,MessageDigestSpec,okio.ByteString,digest$okio,org.wikipedia_50595.apk,GENUINE_no
26534,4,MessageDigestSpec,okio.ByteString,digest$okio,org.wikipedia_50595.apk,GENUINE_no
26537,4,MessageDigestSpec,okio.ByteString,digest$okio,org.wikipedia_50595.apk,GENUINE_no
26540,4,MessageDigestSpec,okio.ByteString,digest$okio,org.wikipedia_50595.apk,GENUINE_no
26543,4,MessageDigestSpec,okio.ByteString,digest$okio,org.wikipedia_50595.apk,GENUINE_no
26546,4,MessageDigestSpec,okio.ByteString,digest$okio,org.wikipedia_50595.apk,GENUINE_no
26549,4,MessageDigestSpec,okio.ByteString,digest$okio,org.wikipedia_50595.apk,GENUINE_no
26552,4,MessageDigestSpec,okio.ByteString,digest$okio,org.wikipedia_50595.apk,GENUINE_no
26555,4,MessageDigestSpec,okio.ByteString,digest$okio,org.wikipedia_50595.apk,GENUINE_no
26558,4,MessageDigestSpec,okio.ByteString,digest$okio,org.wikipedia_50595.apk,GENUINE_no
26561,4,MessageDigestSpec,okio.ByteString,digest$okio,org.wikipedia_50595.apk,GENUINE_no
26564,4,MessageDigestSpec,okio.ByteString,digest$okio,org.wikipedia_50595.apk,GENUINE_no
26567,4,MessageDigestSpec,okio.ByteString,digest$okio,org.wikipedia_50595.apk,GENUINE_no
26570,4,MessageDigestSpec,okio.ByteString,digest$okio,org.wikipedia_50595.apk,GENUINE_no
26573,4,MessageDigestSpec,okio.ByteString,digest$okio,org.wikipedia_50595.apk,GENUINE_no
26576,4,MessageDigestSpec,okio.ByteString,digest$okio,org.wikipedia_50595.apk,GENUINE_no
26579,4,MessageDigestSpec,okio.ByteString,digest$okio,org.wikipedia_50595.apk,GENUINE_no
26582,4,MessageDigestSpec,okio.ByteString,digest$okio,org.wikipedia_50595.apk,GENUINE_no
26585,4,MessageDigestSpec,okio.ByteString,digest$okio,org.wikipedia_50595.apk,GENUINE_no
26588,4,MessageDigestSpec,okio.ByteString,digest$okio,org.wikipedia_50595.apk,GENUINE_no
26591,4,MessageDigestSpec,okio.ByteString,digest$okio,org.wikipedia_50595.apk,GENUINE_no
26594,4,MessageDigestSpec,okio.ByteString,digest$okio,org.wikipedia_50595.apk,GENUINE_no
26597,4,MessageDigestSpec,okio.ByteString,digest$okio,org.wikipedia_50595.apk,GENUINE_no
26600,4,MessageDigestSpec,okio.ByteString,digest$okio,org.wikipedia_50595.apk,GENUINE_no
26603,4,MessageDigestSpec,okio.ByteString,digest$okio,org.wikipedia_50595.apk,GENUINE_no
26606,4,MessageDigestSpec,okio.ByteString,digest$okio,org.wikipedia_50595.apk,GENUINE_no
26609,4,MessageDigestSpec,okio.ByteString,digest$okio,org.wikipedia_50595.apk,GENUINE_no
26612,4,MessageDigestSpec,okio.ByteString,digest$okio,org.wikipedia_50595.apk,GENUINE_no
26615,4,MessageDigestSpec,okio.ByteString,digest$okio,org.wikipedia_50595.apk,GENUINE_no
26618,4,MessageDigestSpec,okio.ByteString,digest$okio,org.wikipedia_50595.apk,GENUINE_no
26621,4,MessageDigestSpec,okio.ByteString,digest$okio,org.wikipedia_50595.apk,GENUINE_no
26624,4,MessageDigestSpec,okio.ByteString,digest$okio,org.wikipedia_50595.apk,GENUINE_no
26627,4,MessageDigestSpec,okio.ByteString,digest$okio,org.wikipedia_50595.apk,GENUINE_no
26630,4,MessageDigestSpec,okio.ByteString,digest$okio,org.wikipedia_50595.apk,GENUINE_no
26633,4,MessageDigestSpec,okio.ByteString,digest$okio,org.wikipedia_50595.apk,GENUINE_no
26636,4,MessageDigestSpec,okio.ByteString,digest$okio,org.wikipedia_50595.apk,GENUINE_no
26637,4,MessageDigestSpec,okio.ByteString,digest$okio,org.wikipedia_50595.apk,GENUINE_no
26640,4,MessageDigestSpec,okio.ByteString,digest$okio,org.wikipedia_50595.apk,GENUINE_no
26643,4,MessageDigestSpec,okio.ByteString,digest$okio,org.wikipedia_50595.apk,GENUINE_no
26646,4,MessageDigestSpec,okio.ByteString,digest$okio,org.wikipedia_50595.apk,GENUINE_no
26649,4,MessageDigestSpec,okio.ByteString,digest$okio,org.wikipedia_50595.apk,GENUINE_no
26652,4,MessageDigestSpec,okio.ByteString,digest$okio,org.wikipedia_50595.apk,GENUINE_no
26655,4,MessageDigestSpec,okio.ByteString,digest$okio,org.wikipedia_50595.apk,GENUINE_no
26660,4,MessageDigestSpec,okio.ByteString,digest$okio,org.wikipedia_50595.apk,GENUINE_no
26663,4,MessageDigestSpec,okio.ByteString,digest$okio,org.wikipedia_50595.apk,GENUINE_no
26666,4,MessageDigestSpec,okio.ByteString,digest$okio,org.wikipedia_50595.apk,GENUINE_no
26669,4,MessageDigestSpec,okio.ByteString,digest$okio,org.wikipedia_50595.apk,GENUINE_no
26672,4,MessageDigestSpec,okio.ByteString,digest$okio,org.wikipedia_50595.apk,GENUINE_no
26675,4,MessageDigestSpec,okio.ByteString,digest$okio,org.wikipedia_50595.apk,GENUINE_no
26678,4,MessageDigestSpec,okio.ByteString,digest$okio,org.wikipedia_50595.apk,GENUINE_no
26681,4,MessageDigestSpec,okio.ByteString,digest$okio,org.wikipedia_50595.apk,GENUINE_no
26684,4,MessageDigestSpec,okio.ByteString,digest$okio,org.wikipedia_50595.apk,GENUINE_no
26687,4,MessageDigestSpec,okio.ByteString,digest$okio,org.wikipedia_50595.apk,GENUINE_no
26690,4,MessageDigestSpec,okio.ByteString,digest$okio,org.wikipedia_50595.apk,GENUINE_no
26693,4,MessageDigestSpec,okio.ByteString,digest$okio,org.wikipedia_50595.apk,GENUINE_no
26696,4,MessageDigestSpec,okio.ByteString,digest$okio,org.wikipedia_50595.apk,GENUINE_no
26699,4,MessageDigestSpec,okio.ByteString,digest$okio,org.wikipedia_50595.apk,GENUINE_no
26702,4,MessageDigestSpec,okio.ByteString,digest$okio,org.wikipedia_50595.apk,GENUINE_no
26705,4,MessageDigestSpec,okio.ByteString,digest$okio,org.wikipedia_50595.apk,GENUINE_no
26708,4,MessageDigestSpec,okio.ByteString,digest$okio,org.wikipedia_50595.apk,GENUINE_no
26711,4,MessageDigestSpec,okio.ByteString,digest$okio,org.wikipedia_50595.apk,GENUINE_no
26714,4,MessageDigestSpec,okio.ByteString,digest$okio,org.wikipedia_50595.apk,GENUINE_no
26717,4,MessageDigestSpec,okio.ByteString,digest$okio,org.wikipedia_50595.apk,GENUINE_no
26720,4,MessageDigestSpec,okio.ByteString,digest$okio,org.wikipedia_50595.apk,GENUINE_no
26723,4,MessageDigestSpec,okio.ByteString,digest$okio,org.wikipedia_50595.apk,GENUINE_no
26726,4,MessageDigestSpec,okio.ByteString,digest$okio,org.wikipedia_50595.apk,GENUINE_no
26729,4,MessageDigestSpec,okio.ByteString,digest$okio,org.wikipedia_50595.apk,GENUINE_no
26732,4,MessageDigestSpec,okio.ByteString,digest$okio,org.wikipedia_50595.apk,GENUINE_no
26735,4,MessageDigestSpec,okio.ByteString,digest$okio,org.wikipedia_50595.apk,GENUINE_no
26740,4,MessageDigestSpec,okio.ByteString,digest$okio,org.wikipedia_50595.apk,GENUINE_no
26743,4,MessageDigestSpec,okio.ByteString,digest$okio,org.wikipedia_50595.apk,GENUINE_no
26746,4,MessageDigestSpec,okio.ByteString,digest$okio,org.wikipedia_50595.apk,GENUINE_no
26749,4,MessageDigestSpec,okio.ByteString,digest$okio,org.wikipedia_50595.apk,GENUINE_no
26752,4,MessageDigestSpec,okio.ByteString,digest$okio,org.wikipedia_50595.apk,GENUINE_no
26755,4,MessageDigestSpec,okio.ByteString,digest$okio,org.wikipedia_50595.apk,GENUINE_no
26757,4,MessageDigestSpec,okio.ByteString,digest$okio,org.wikipedia_50595.apk,GENUINE_no
26760,4,MessageDigestSpec,io.sentry.util.StringUtils,calculateStringHash,rocks.poopjournal.metadataremover_20020.apk,GENUINE_no
26845,4,MessageDigestSpec,io.sentry.util.StringUtils,calculateStringHash,rocks.poopjournal.metadataremover_20020.apk,GENUINE_no
26879,1,SignatureSpec,org.bouncycastle.jcajce.io.SignatureUpdatingOutputStream,write,systems.sieber.droid_scep_7.apk,WEAVER_ARTIFACT_branch
26880,1,SignatureSpec,org.bouncycastle.operator.jcajce.JcaContentSignerBuilder$1,getSignature,systems.sieber.droid_scep_7.apk,WEAVER_ARTIFACT_branch
26881,4,SignatureSpec,org.bouncycastle.operator.jcajce.JcaContentVerifierProviderBuilder,createRawSig,systems.sieber.droid_scep_7.apk,GENUINE_no
26883,2,KeyPairSpec,systems.sieber.droid_scep.ScepClient,CertReq,systems.sieber.droid_scep_7.apk,UNOBSERVED_CREATION
26914,4,MessageDigestSpec,okio.ByteString,digest$okio,ua.com.radiokot.photoprism_67.apk,GENUINE_no
26915,2,MessageDigestSpec,com.google.common.hash.MessageDigestHashFunction$MessageDigestHasher,hash,ua.com.radiokot.photoprism_67.apk,UNOBSERVED_CREATION
26916,2,MessageDigestSpec,com.google.common.hash.MessageDigestHashFunction$MessageDigestHasher,update,ua.com.radiokot.photoprism_67.apk,UNOBSERVED_CREATION
26919,4,MessageDigestSpec,okio.ByteString,digest$okio,ua.com.radiokot.photoprism_67.apk,GENUINE_no
26922,4,MessageDigestSpec,okio.ByteString,digest$okio,ua.com.radiokot.photoprism_67.apk,GENUINE_no
26925,2,MessageDigestSpec,com.google.common.hash.MessageDigestHashFunction$MessageDigestHasher,hash,ua.com.radiokot.photoprism_67.apk,UNOBSERVED_CREATION
26926,2,MessageDigestSpec,com.google.common.hash.MessageDigestHashFunction$MessageDigestHasher,update,ua.com.radiokot.photoprism_67.apk,UNOBSERVED_CREATION
26929,4,MessageDigestSpec,okio.ByteString,digest$okio,ua.com.radiokot.photoprism_67.apk,GENUINE_no
26932,2,MessageDigestSpec,com.google.common.hash.MessageDigestHashFunction$MessageDigestHasher,hash,ua.com.radiokot.photoprism_67.apk,UNOBSERVED_CREATION
26933,2,MessageDigestSpec,com.google.common.hash.MessageDigestHashFunction$MessageDigestHasher,update,ua.com.radiokot.photoprism_67.apk,UNOBSERVED_CREATION
26936,4,MessageDigestSpec,okio.ByteString,digest$okio,ua.com.radiokot.photoprism_67.apk,GENUINE_no
26937,2,MessageDigestSpec,com.google.common.hash.MessageDigestHashFunction$MessageDigestHasher,hash,ua.com.radiokot.photoprism_67.apk,UNOBSERVED_CREATION
26938,2,MessageDigestSpec,com.google.common.hash.MessageDigestHashFunction$MessageDigestHasher,update,ua.com.radiokot.photoprism_67.apk,UNOBSERVED_CREATION
26941,4,MessageDigestSpec,okio.ByteString,digest$okio,ua.com.radiokot.photoprism_67.apk,GENUINE_no
26942,2,MessageDigestSpec,com.google.common.hash.MessageDigestHashFunction$MessageDigestHasher,hash,ua.com.radiokot.photoprism_67.apk,UNOBSERVED_CREATION
26943,2,MessageDigestSpec,com.google.common.hash.MessageDigestHashFunction$MessageDigestHasher,update,ua.com.radiokot.photoprism_67.apk,UNOBSERVED_CREATION
26946,4,MessageDigestSpec,okio.ByteString,digest$okio,ua.com.radiokot.photoprism_67.apk,GENUINE_no
26947,2,MessageDigestSpec,com.google.common.hash.MessageDigestHashFunction$MessageDigestHasher,hash,ua.com.radiokot.photoprism_67.apk,UNOBSERVED_CREATION
26948,2,MessageDigestSpec,com.google.common.hash.MessageDigestHashFunction$MessageDigestHasher,update,ua.com.radiokot.photoprism_67.apk,UNOBSERVED_CREATION
26951,4,MessageDigestSpec,okio.ByteString,digest$okio,ua.com.radiokot.photoprism_67.apk,GENUINE_no
26954,4,MessageDigestSpec,okio.ByteString,digest$okio,ua.com.radiokot.photoprism_67.apk,GENUINE_no
26957,4,MessageDigestSpec,okio.ByteString,digest$okio,ua.com.radiokot.photoprism_67.apk,GENUINE_no
26960,4,MessageDigestSpec,okio.ByteString,digest$okio,ua.com.radiokot.photoprism_67.apk,GENUINE_no
26963,4,MessageDigestSpec,okio.ByteString,digest$okio,ua.com.radiokot.photoprism_67.apk,GENUINE_no
26966,4,MessageDigestSpec,okio.ByteString,digest$okio,ua.com.radiokot.photoprism_67.apk,GENUINE_no
26969,4,MessageDigestSpec,okio.ByteString,digest$okio,ua.com.radiokot.photoprism_67.apk,GENUINE_no
26972,4,MessageDigestSpec,okio.ByteString,digest$okio,ua.com.radiokot.photoprism_67.apk,GENUINE_no
26973,2,MessageDigestSpec,com.google.common.hash.MessageDigestHashFunction$MessageDigestHasher,hash,ua.com.radiokot.photoprism_67.apk,UNOBSERVED_CREATION
26974,2,MessageDigestSpec,com.google.common.hash.MessageDigestHashFunction$MessageDigestHasher,update,ua.com.radiokot.photoprism_67.apk,UNOBSERVED_CREATION
26977,4,MessageDigestSpec,okio.ByteString,digest$okio,ua.com.radiokot.photoprism_67.apk,GENUINE_no
26980,4,MessageDigestSpec,okio.ByteString,digest$okio,ua.com.radiokot.photoprism_67.apk,GENUINE_no
26983,4,MessageDigestSpec,okio.ByteString,digest$okio,ua.com.radiokot.photoprism_67.apk,GENUINE_no
26986,4,MessageDigestSpec,okio.ByteString,digest$okio,ua.com.radiokot.photoprism_67.apk,GENUINE_no
26989,4,MessageDigestSpec,okio.ByteString,digest$okio,ua.com.radiokot.photoprism_67.apk,GENUINE_no
26990,2,MessageDigestSpec,com.google.common.hash.MessageDigestHashFunction$MessageDigestHasher,hash,ua.com.radiokot.photoprism_67.apk,UNOBSERVED_CREATION
26991,2,MessageDigestSpec,com.google.common.hash.MessageDigestHashFunction$MessageDigestHasher,update,ua.com.radiokot.photoprism_67.apk,UNOBSERVED_CREATION
26994,4,MessageDigestSpec,okio.ByteString,digest$okio,ua.com.radiokot.photoprism_67.apk,GENUINE_no
26997,4,MessageDigestSpec,okio.ByteString,digest$okio,ua.com.radiokot.photoprism_67.apk,GENUINE_no
26998,2,MessageDigestSpec,com.google.common.hash.MessageDigestHashFunction$MessageDigestHasher,hash,ua.com.radiokot.photoprism_67.apk,UNOBSERVED_CREATION
26999,2,MessageDigestSpec,com.google.common.hash.MessageDigestHashFunction$MessageDigestHasher,update,ua.com.radiokot.photoprism_67.apk,UNOBSERVED_CREATION
27002,4,MessageDigestSpec,okio.ByteString,digest$okio,ua.com.radiokot.photoprism_67.apk,GENUINE_no
27005,4,MessageDigestSpec,okio.ByteString,digest$okio,ua.com.radiokot.photoprism_67.apk,GENUINE_no
27008,4,MessageDigestSpec,okio.ByteString,digest$okio,ua.com.radiokot.photoprism_67.apk,GENUINE_no
27009,2,MessageDigestSpec,com.google.common.hash.MessageDigestHashFunction$MessageDigestHasher,hash,ua.com.radiokot.photoprism_67.apk,UNOBSERVED_CREATION
27010,2,MessageDigestSpec,com.google.common.hash.MessageDigestHashFunction$MessageDigestHasher,update,ua.com.radiokot.photoprism_67.apk,UNOBSERVED_CREATION
27013,4,MessageDigestSpec,okio.ByteString,digest$okio,ua.com.radiokot.photoprism_67.apk,GENUINE_no
27016,4,MessageDigestSpec,okio.ByteString,digest$okio,ua.com.radiokot.photoprism_67.apk,GENUINE_no
27017,2,MessageDigestSpec,com.google.common.hash.MessageDigestHashFunction$MessageDigestHasher,hash,ua.com.radiokot.photoprism_67.apk,UNOBSERVED_CREATION
27018,2,MessageDigestSpec,com.google.common.hash.MessageDigestHashFunction$MessageDigestHasher,update,ua.com.radiokot.photoprism_67.apk,UNOBSERVED_CREATION
27021,4,MessageDigestSpec,okio.ByteString,digest$okio,ua.com.radiokot.photoprism_67.apk,GENUINE_no
27022,2,MessageDigestSpec,com.google.common.hash.MessageDigestHashFunction$MessageDigestHasher,hash,ua.com.radiokot.photoprism_67.apk,UNOBSERVED_CREATION
27023,2,MessageDigestSpec,com.google.common.hash.MessageDigestHashFunction$MessageDigestHasher,update,ua.com.radiokot.photoprism_67.apk,UNOBSERVED_CREATION
27026,4,MessageDigestSpec,okio.ByteString,digest$okio,ua.com.radiokot.photoprism_67.apk,GENUINE_no
27029,4,MessageDigestSpec,okio.ByteString,digest$okio,ua.com.radiokot.photoprism_67.apk,GENUINE_no
27032,4,MessageDigestSpec,okio.ByteString,digest$okio,ua.com.radiokot.photoprism_67.apk,GENUINE_no
27033,2,MessageDigestSpec,com.google.common.hash.MessageDigestHashFunction$MessageDigestHasher,hash,ua.com.radiokot.photoprism_67.apk,UNOBSERVED_CREATION
27034,2,MessageDigestSpec,com.google.common.hash.MessageDigestHashFunction$MessageDigestHasher,update,ua.com.radiokot.photoprism_67.apk,UNOBSERVED_CREATION
27037,4,MessageDigestSpec,okio.ByteString,digest$okio,ua.com.radiokot.photoprism_67.apk,GENUINE_no
27044,4,MessageDigestSpec,okio.ByteString,digest$okio,ua.com.radiokot.photoprism_67.apk,GENUINE_no
27047,4,MessageDigestSpec,okio.ByteString,digest$okio,ua.com.radiokot.photoprism_67.apk,GENUINE_no
27050,4,MessageDigestSpec,okio.ByteString,digest$okio,ua.com.radiokot.photoprism_67.apk,GENUINE_no
27053,4,MessageDigestSpec,okio.ByteString,digest$okio,ua.com.radiokot.photoprism_67.apk,GENUINE_no
27056,4,MessageDigestSpec,okio.ByteString,digest$okio,ua.com.radiokot.photoprism_67.apk,GENUINE_no
27059,4,MessageDigestSpec,okio.ByteString,digest$okio,ua.com.radiokot.photoprism_67.apk,GENUINE_no
27060,2,MessageDigestSpec,com.google.common.hash.MessageDigestHashFunction$MessageDigestHasher,hash,ua.com.radiokot.photoprism_67.apk,UNOBSERVED_CREATION
27061,2,MessageDigestSpec,com.google.common.hash.MessageDigestHashFunction$MessageDigestHasher,update,ua.com.radiokot.photoprism_67.apk,UNOBSERVED_CREATION
27064,4,MessageDigestSpec,okio.ByteString,digest$okio,ua.com.radiokot.photoprism_67.apk,GENUINE_no
27067,4,MessageDigestSpec,okio.ByteString,digest$okio,ua.com.radiokot.photoprism_67.apk,GENUINE_no
