mop_file,rule,variable,rule_object,verdict,changed_from_jca,mop_literals,rule_literals,spelling_variants,aliases,unmatched,absent_from_mop,reason
jca_android/CipherInputStreamSpec.mop,tools/rules/CipherInputStream.crysl,-,CONSTRAINTS (len > off),no-allow-list,no,-,-,-,none,-,len > off,"the api30 rule declares no `in {...}` clause, so there is no allow-list to transcribe; its single clause (len > off) is a deferred constant, entered below. D-16 (2026-08-25), adendum added by task 11.4: this row was written against MetaCrySL/generated/api30/, which D-16 withdrew as an oracle of every dimension -- values, ORDER, alphabets and predicates alike -- leaving the pinned expert copy RVSec-replication-package/tools/rules/ (49 rules, sha256 d7bcc019...) as the sole oracle of this set. The api30 citation above is kept as history and is not an authority; the `rule` column names the expert rule. The oracle states no `in {...}` clause either, so the verdict stands; what it does state is three bounds clauses (CipherInputStream.crysl:26-28), each with a row of its own below. The api30 clause this row names, `len > off`, is withdrawn."
jca_android/CipherOutputStreamSpec.mop,tools/rules/CipherOutputStream.crysl,-,CONSTRAINTS (len > off),no-allow-list,no,-,-,-,none,-,len > off,"the api30 rule declares no `in {...}` clause, so there is no allow-list to transcribe; its single clause (len > off) is a deferred constant, entered below. D-16 (2026-08-25), adendum added by task 11.4: this row was written against MetaCrySL/generated/api30/, which D-16 withdrew as an oracle of every dimension -- values, ORDER, alphabets and predicates alike -- leaving the pinned expert copy RVSec-replication-package/tools/rules/ (49 rules, sha256 d7bcc019...) as the sole oracle of this set. The api30 citation above is kept as history and is not an authority; the `rule` column names the expert rule. The oracle states no `in {...}` clause either, so the verdict stands; what it does state is three bounds clauses (CipherOutputStream.crysl:27-29), each with a row of its own below. The api30 clause this row names, `len > off`, is withdrawn."
jca_android/DHGenParameterSpecSpec.mop,tools/rules/DHGenParameterSpec.crysl,-,no CONSTRAINTS block,no-allow-list,no,exponentSize < primeSize,-,-,none,-,-,"the api30 rule declares no CONSTRAINTS at all; the .mop keeps its inherited exponentSize < primeSize test, which the constraint table records as MOP-SEM-BASE. D-15 (2026-08-24), adendum added by task 10.5: THE MOP-SEM-BASE READING IS WITHDRAWN, and the sentence above is kept only as the api30-era record. The value oracle of this set is the pinned expert copy RVSec-replication-package/tools/rules/, whose DHGenParameterSpec.crysl:15 states CONSTRAINTS `exponentSize < primeSize` -- the very test the .mop implements at DHGenParameterSpecSpec.mop:21 -- so the test has a base, is not inherited-without-anchor, and constraint_table.csv line 33 records it as IGUAL against that clause. What the api30 rule omitted is a fact about api30, not about this specification. D-16 (2026-08-25), adendum added by task 11.4: this row was written against MetaCrySL/generated/api30/, which D-16 withdrew as an oracle of every dimension -- values, ORDER, alphabets and predicates alike -- leaving the pinned expert copy RVSec-replication-package/tools/rules/ (49 rules, sha256 d7bcc019...) as the sole oracle of this set. The api30 citation above is kept as history and is not an authority; the `rule` column names the expert rule. The oracle states no `in {...}` clause either, so the verdict stands. Its single clause, DHGenParameterSpec.crysl:15, is the one the D-15 adendum above already re-anchored this row on."
jca_android/HMACParameterSpecSpec.mop,tools/rules/HMACParameterSpec.crysl,-,no CONSTRAINTS block,no-allow-list,no,-,-,-,none,-,-,"the api30 rule declares no CONSTRAINTS at all; nothing to transcribe. D-16 (2026-08-25), adendum added by task 11.4: this row was written against MetaCrySL/generated/api30/, which D-16 withdrew as an oracle of every dimension -- values, ORDER, alphabets and predicates alike -- leaving the pinned expert copy RVSec-replication-package/tools/rules/ (49 rules, sha256 d7bcc019...) as the sole oracle of this set. The api30 citation above is kept as history and is not an authority; the `rule` column names the expert rule. HMACParameterSpec.crysl states no CONSTRAINTS block at all, so the verdict is the same under the oracle and for the same reason: there is no clause of any kind to transcribe, not merely no allow-list."
jca_android/IvParameterSpec.mop,tools/rules/IvParameterSpec.crysl,-,no CONSTRAINTS block,no-allow-list,no,offset >= 0 && len >= 0 && iv.length >= offset + len,-,-,none,-,-,"the api30 rule declares no CONSTRAINTS at all; the .mop keeps its inherited bounds test on c2, which the constraint table records as MOP-SEM-BASE. The predicate half of every condition() left with the predicate removal. D-16 (2026-08-25), adendum added by task 11.4: this row was written against MetaCrySL/generated/api30/, which D-16 withdrew as an oracle of every dimension -- values, ORDER, alphabets and predicates alike -- leaving the pinned expert copy RVSec-replication-package/tools/rules/ (49 rules, sha256 d7bcc019...) as the sole oracle of this set. The api30 citation above is kept as history and is not an authority; the `rule` column names the expert rule. The oracle states no `in {...}` clause either, so the verdict stands; but it does state three bounds clauses (IvParameterSpec.crysl:17-19) where the generated rule stated none, and the `c2` guard of this specification already implements two of them -- the rows for :17 and :18 below are new here, at task 11.4, because the census of the oracle's clauses has to close."
jca_android/KeyPairSpec.mop,tools/rules/KeyPair.crysl,-,no CONSTRAINTS block,no-allow-list,no,-,-,-,none,-,-,"the api30 rule declares no CONSTRAINTS at all; nothing to transcribe. D-16 (2026-08-25), adendum added by task 11.4: this row was written against MetaCrySL/generated/api30/, which D-16 withdrew as an oracle of every dimension -- values, ORDER, alphabets and predicates alike -- leaving the pinned expert copy RVSec-replication-package/tools/rules/ (49 rules, sha256 d7bcc019...) as the sole oracle of this set. The api30 citation above is kept as history and is not an authority; the `rule` column names the expert rule. KeyPair.crysl states no CONSTRAINTS block at all, so the verdict is the same under the oracle and for the same reason: there is no clause of any kind to transcribe."
jca_android/CipherSpec.mop,tools/rules/Cipher.crysl,transformation,Cipher.crysl:88-124 (value clauses over transformation),transcription,no,"CipherTransformationUtil (expert Cipher.crysl): the AES and RSA families, mode and padding tables","AES, RSA, PBEWithHmacSHA{224,256,384,512}AndAES_{128,256}",case-insensitive,Cipher rows of alias_table.csv,-,-,"the list stays in Java (D-b) and moves to the new class Api30CipherTransformationUtil, which CipherSpec.mop names; the frozen CipherTransformationUtil covered 2 algorithm families, the api30 rule declares 8. Seven of the 25 clauses are transcribed (:121, :137, :141, :143, :145, :147, :149); the other 18 are deferred constants, entered below. D-15 (2026-08-24): this row records the api30-era transcription and its columns now answer to the anchor that replaced it. The value oracle of this set is the pinned expert copy RVSec-replication-package/tools/rules/, so `rule`, `rule_object`, `rule_literals` and `mop_literals` name the expert clause and today's list; the api30 reading is kept in the sentences above, because a row rewritten without it would make the api30 era unreadable. What the api30 era held: Api30CipherTransformationUtil, 8 algorithms including ARC4, BLOWFISH, DESede and ChaCha20, with ECB among the AES modes. That class has had no caller since task 11.3 and its own doc closes 'It is not to be given a caller again'; CipherSpec.mop imports CipherTransformationUtil statically, exactly as the frozen seed does, so the transformation values of this set and of the published measurements are the same class. changed_from_jca is therefore `no` for values. D-16 (2026-08-25), adendum added by task 11.4: of the seven api30 clauses this row calls transcribed, two are named here so the census of the withdrawn catalogue closes on a row and not on a parenthesis. Cipher.cryptsl:121 is the algorithm allow-list itself, eight families wide; the oracle's allow-list is Cipher.crysl:94, which names AES, RSA and the eight PBEWithHmacSHA{224,256,384,512}AndAES_{128,256} transformations and no DESede, BLOWFISH, ARC4, AES_128, AES_256 or ChaCha20 -- so that clause is WITHDRAWN, and with it the eleven mode and padding tables the rows below defer. Cipher.cryptsl:149 (AES with GCM to NoPadding) is not withdrawn but MERGED: the oracle states it inside Cipher.crysl:113, whose mode list is {CCM, GCM, CTR, CTS, CFB, OFB}, and the row for Cipher.cryptsl:143 already answers for that clause. The generated rule needed two clauses where the oracle needs one, which is a merge and not a loss."
jca_android/GCMParameterSpecSpec.mop,tools/rules/GCMParameterSpec.crysl,tLen,"tagLen in {96, 104, 112, 120, 128} (GCMParameterSpec.crysl:18)",transcription,no,"96, 104, 112, 120, 128",same 5,-,none,-,-,"IGUAL: the seed list and the api30 clause are the same set, so the transcription is a no-op and the .mop is left unchanged. D-15 (2026-08-24): this row records the api30-era transcription and its columns now answer to the anchor that replaced it. The value oracle of this set is the pinned expert copy RVSec-replication-package/tools/rules/, so `rule`, `rule_object`, `rule_literals` and `mop_literals` name the expert clause and today's list; the api30 reading is kept in the sentences above, because a row rewritten without it would make the api30 era unreadable. The expert clause is the same set as the api30 one, so the re-anchoring is a no-op here and the list is still the seed's."
jca_android/KeyGeneratorSpec.mop,tools/rules/KeyGenerator.crysl,alg,"algorithm in {AES, HmacSHA256, HmacSHA384, HmacSHA512} (KeyGenerator.crysl:29)",transcription,no,"AES, HmacSHA256, HmacSHA384, HmacSHA512, HMAC-SHA256, HMAC/SHA256, HMAC-SHA384, HMAC/SHA384, HMAC/SHA512, HMAC-SHA512","AES, HmacSHA256, HmacSHA384, HmacSHA512",-,KeyGenerator rows of alias_table.csv (23),-,-,"api30 adds ChaCha20, ARC4, DESede, BLOWFISH, HmacMD5, HmacSHA1 and HmacSHA224 to the seed. The seed hand-wrote the Conscrypt aliases HMAC-SHA256, HMAC/SHA256, HMAC-SHA384, HMAC/SHA384, HMAC/SHA512 and HMAC-SHA512 inside the list; they leave with it and are resolved by ConscryptAliasTable instead. alg in {AES} => keySize in {128,192,256} is a deferred constant, entered below. D-15 (2026-08-24): this row records the api30-era transcription and its columns now answer to the anchor that replaced it. The value oracle of this set is the pinned expert copy RVSec-replication-package/tools/rules/, so `rule`, `rule_object`, `rule_literals` and `mop_literals` name the expert clause and today's list; the api30 reading is kept in the sentences above, because a row rewritten without it would make the api30 era unreadable. What the api30 era held: 11 entries, adding ChaCha20, ARC4, DESede, BLOWFISH, HmacMD5, HmacSHA1 and HmacSHA224. D-15 restored the seed's four expert entries, so the list is byte-identical to the frozen jca again -- the six hand-written Conscrypt spellings (HMAC-SHA256 and relatives) came back with it and are recorded spelling-variants, kept because removing an entry that changes no verdict is an unvalidated edit."
jca_android/KeyManagerFactorySpec.mop,tools/rules/KeyManagerFactory.crysl,algo,"algorithm in {PKIX, SunX509} (KeyManagerFactory.crysl:28)",transcription,no,"PKIX, SunX509",same 2,case-insensitive,none in this service,-,-,"narrowing hunk: the seed also admitted SunX509, which does not exist on Android; MOP-MAIS-PERMISSIVO row of constraint_table.csv against KeyManagerFactory.cryptsl:41. neverTypeOf(password, java.lang.String) is a deferred constant, entered below. D-15 (2026-08-24): this row records the api30-era transcription and its columns now answer to the anchor that replaced it. The value oracle of this set is the pinned expert copy RVSec-replication-package/tools/rules/, so `rule`, `rule_object`, `rule_literals` and `mop_literals` name the expert clause and today's list; the api30 reading is kept in the sentences above, because a row rewritten without it would make the api30 era unreadable. What the api30 era held: PKIX alone, SunX509 narrowed away as absent from Android. D-15's no-narrowing rule reversed that: SunX509 is an expert entry and stays in the list, inert on a platform that does not offer it. The list is the seed's again."
jca_android/KeyPairGeneratorSpec.mop,tools/rules/KeyPairGenerator.crysl,"alg, keySize","algorithm in {RSA, EC, DSA, DiffieHellman, DH} + four keysize implications (KeyPairGenerator.crysl:28-32)",transcription,no,"RSA, EC, DSA, DiffieHellman, DH; RSA {4096, 3072, 2048}; DSA {2048}; DiffieHellman/DH {2048}; EC {256}",same,case-insensitive,KeyPairGenerator rows of alias_table.csv (5),-,-,"two narrowing hunks, both MOP-MAIS-PERMISSIVO rows of constraint_table.csv: the seed also admitted the spelling DiffieHellman beside DH (KeyPairGenerator.cryptsl:45 writes DH only) and the RSA key size 3072 (:51 gives {4096, 2048}). EC is kept against the literal rule and is a recorded divergence, not a transcription — see divergence_record.csv (task 2.6). D-15 (2026-08-24): this row records the api30-era transcription and its columns now answer to the anchor that replaced it. The value oracle of this set is the pinned expert copy RVSec-replication-package/tools/rules/, so `rule`, `rule_object`, `rule_literals` and `mop_literals` name the expert clause and today's list; the api30 reading is kept in the sentences above, because a row rewritten without it would make the api30 era unreadable. What the api30 era held: {DSA, DH, RSA} with the spelling DiffieHellman and the RSA key size 3072 narrowed away, and EC carried against the literal rule as a recorded divergence. D-15 dissolved all three: the expert clause names EC, DiffieHellman and 3072 outright, so the two narrowings were reversed and the EC exception has no live departure left (divergence_record.csv, tasks 2.6 and 11.5)."
jca_android/KeyStoreSpec.mop,tools/rules/KeyStore.crysl,keyStoreAlg,"type in {JCEKS, JKS, DKS, PKCS11, PKCS12} (KeyStore.crysl:52)",transcription,yes,"JCEKS, JKS, DKS, PKCS11, PKCS12, AndroidKeyStore, AndroidCAStore, BKS, BouncyCastle","JCEKS, JKS, DKS, PKCS11, PKCS12",case-insensitive,none — OpenSSLProvider.java registers no KeyStore alias (declared limit of the table),-,-,"this single clause resolves the 2,005-event / 11-app / 12-misuse AndroidKeyStore block of the publishable tier. Narrowing hunk: the seed also admitted JCEKS, JKS, DKS and PKCS11 — MOP-MAIS-PERMISSIVO row of constraint_table.csv against KeyStore.cryptsl:89. The three neverTypeOf clauses are deferred constants, entered below. D-15 (2026-08-24): this row records the api30-era transcription and its columns now answer to the anchor that replaced it. The value oracle of this set is the pinned expert copy RVSec-replication-package/tools/rules/, so `rule`, `rule_object`, `rule_literals` and `mop_literals` name the expert clause and today's list; the api30 reading is kept in the sentences above, because a row rewritten without it would make the api30 era unreadable. What the api30 era held: the five Android stores alone, with JCEKS, JKS, DKS and PKCS11 narrowed away. D-15 restored the expert's five and kept four of the Android names as platform-value entries, each cited in divergence_record.csv -- so the .mop list is wider than the expert clause by exactly those four, deliberately. This is the set's largest single departure and it is the one the 2,005-event AndroidKeyStore block answers to."
jca_android/MacSpec.mop,tools/rules/Mac.crysl,macAlg,algorithm in {9 entries} (Mac.crysl:44),transcription,no,"HmacSHA256, HmacSHA384, HmacSHA512, HmacPBESHA1, PBEWithHmacSHA1, PBEWithHmacSHA224, PBEWithHmacSHA256, PBEWithHmacSHA384, PBEWithHmacSHA512 + 8 spelling variants (HMAC-SHA256, HMAC/SHA256, HMAC-SHA384, HMAC/SHA384, HMAC/SHA512, HMAC-SHA512, PBEWITHHMACSHA, PBEWITHHMACSHA-256)",the same 9,case-insensitive,Mac rows of alias_table.csv (24),-,-,"api30 adds HmacMD5, HmacSHA1 and HmacSHA224; the seed already carried the PBEwithHmac* family under the spelling PBEWithHmac*, which case-insensitive comparison covers. Narrowing hunk: the seed also admitted HmacPBESHA1 — MOP-MAIS-PERMISSIVO row of constraint_table.csv against Mac.cryptsl:71. The seed hand-wrote the Conscrypt aliases HMAC-SHA256, HMAC/SHA256, HMAC-SHA384, HMAC/SHA384, HMAC/SHA512, HMAC-SHA512, PBEWITHHMACSHA and PBEWITHHMACSHA-256 inside the list; they leave with it. offset < len and length(output1) > outOffset are deferred constants, entered below. D-15 (2026-08-24): this row records the api30-era transcription and its columns now answer to the anchor that replaced it. The value oracle of this set is the pinned expert copy RVSec-replication-package/tools/rules/, so `rule`, `rule_object`, `rule_literals` and `mop_literals` name the expert clause and today's list; the api30 reading is kept in the sentences above, because a row rewritten without it would make the api30 era unreadable. What the api30 era held: 12 entries, adding HmacMD5, HmacSHA1 and HmacSHA224 and narrowing HmacPBESHA1 away. D-15 restored the seed's list byte for byte -- HmacPBESHA1 is an expert entry -- and the eight hand-written spellings came back with it."
jca_android/MessageDigestSpec.mop,tools/rules/MessageDigest.crysl,digestAlg,"algorithm in {SHA-256, SHA-384, SHA-512} (MessageDigest.crysl:37)",transcription,no,"SHA-256, SHA-384, SHA-512, SHA256, SHA384, SHA512","SHA-256, SHA-384, SHA-512",case-insensitive,"MessageDigest rows of alias_table.csv (12): SHA1/SHA -> SHA-1 (OpenSSLProvider.java:115-116), SHA256 -> SHA-256 (:124), SHA224/SHA384/SHA512 and the OIDs",-,-,"DECLARED COST of the single-oracle rule: api30 admits MD5 and SHA-1, so the published dataset's 6,048 MessageDigestSpec/UnsafeAlgorithm rows lose 5,892 — 3,552 MD5 and 2,340 SHA-1/SHA1/SHA — which is 97.4 % of that specification's UnsafeAlgorithm reports, 36.4 % of all its 16,183 reports and 6.1 % of the 97,018-row corpus. This is a decision recorded as a transcription, NOT a divergence: re-narrowing the list on preference would restore the JSE-era preference-as-fact. In jca_android the ErrorType UnsafeAlgorithm therefore means ""value outside the api30 allow-list of the platform"", not ""cryptographically insecure"". pre_len > pre_off and len > off are deferred constants, entered below. D-15 (2026-08-24): this row records the api30-era transcription and its columns now answer to the anchor that replaced it. The value oracle of this set is the pinned expert copy RVSec-replication-package/tools/rules/, so `rule`, `rule_object`, `rule_literals` and `mop_literals` name the expert clause and today's list; the api30 reading is kept in the sentences above, because a row rewritten without it would make the api30 era unreadable. THE DECLARED COST IS WITHDRAWN. The sentence above describes the api30 anchor, under which MD5 and SHA-1 were admitted and 5,892 of the published dataset's rows would have gone silent. D-15 reversed it: the expert clause admits neither, the list is the frozen seed's again, and evidence/d15_c5_replay.md measures those 5,892 rows accused once more. In this set UnsafeAlgorithm means 'cryptographically insecure per the expert rule', which is what it meant in the published jca. The expert's omission of SHA-224 is a recorded oracle-wart, transcribed rather than fixed."
jca_android/PBEKeySpecSpec.mop,tools/rules/PBEKeySpec.crysl,iterationCount,iterationCount >= 10000 (PBEKeySpec.crysl:24),transcription,no,iterationCount >= 10000,iterationCount >= 10000,-,none,-,-,"IGUAL; the rule declares no allow-list. neverTypeOf(password, java.lang.String) is a deferred constant, entered below. The rule's REQUIRES randomized[salt] cannot be encoded in a set that carries no predicates (INV-INS-128), which is what removes err2 and err3. D-15 (2026-08-24): this row records the api30-era transcription and its columns now answer to the anchor that replaced it. The value oracle of this set is the pinned expert copy RVSec-replication-package/tools/rules/, so `rule`, `rule_object`, `rule_literals` and `mop_literals` name the expert clause and today's list; the api30 reading is kept in the sentences above, because a row rewritten without it would make the api30 era unreadable. The expert clause is the api30 one word for word, so the re-anchoring is a no-op. The sentence above about REQUIRES randomized[salt] describes the predicate-free era: this set carries predicates on PredicateStore, and err2/err3 are live purely predicate-guarded accusers again (README, site census)."
jca_android/PBEParameterSpecSpec.mop,tools/rules/PBEParameterSpec.crysl,iterationCount,iterationCount >= 10000 (PBEParameterSpec.crysl:17),transcription,no,iterationCount >= 10000,iterationCount >= 10000,-,none,-,-,"IGUAL; the rule declares no allow-list. The rule's REQUIRES randomized[salt] is encoded by the seed's predicate on c3, which the successor carries over unchanged (D-11). D-15 (2026-08-24): this row records the api30-era transcription and its columns now answer to the anchor that replaced it. The value oracle of this set is the pinned expert copy RVSec-replication-package/tools/rules/, so `rule`, `rule_object`, `rule_literals` and `mop_literals` name the expert clause and today's list; the api30 reading is kept in the sentences above, because a row rewritten without it would make the api30 era unreadable. The expert clause is the api30 one word for word, so the re-anchoring is a no-op here."
jca_android/SSLContextSpec.mop,tools/rules/SSLContext.crysl,protocol,"protocol in {TLSv1.2, TLSv1.3} (SSLContext.crysl:29)",transcription,yes,"TLSV1.2, TLSV1.3, TLS","TLSv1.2, TLSv1.3",case-insensitive,"none — SSLContext.SSL and SSLContext.TLS at OpenSSLProvider.java:80-81 point at the same implementation class but are not Alg.Alias registrations, so they are behavioural equivalence and not table rows",-,-,"this single clause resolves the 8,648-event / 60-app / 65-misuse TLS block of the publishable tier, the single largest contributor to the published count. The seed was strictly narrower (TLSV1.2, TLSV1.3 under .toUpperCase()), a MOP-MAIS-RESTRITIVO row of constraint_table.csv. D-15 (2026-08-24): this row records the api30-era transcription and its columns now answer to the anchor that replaced it. The value oracle of this set is the pinned expert copy RVSec-replication-package/tools/rules/, so `rule`, `rule_object`, `rule_literals` and `mop_literals` name the expert clause and today's list; the api30 reading is kept in the sentences above, because a row rewritten without it would make the api30 era unreadable. What the api30 era held: seven protocols including SSL, TLSv1 and TLSv1.1 -- a catalogue of what the platform offers, transcribed into a clause whose purpose is security. D-15 reduced the list to the expert's two plus the single platform-value entry TLS, cited to OpenSSLProvider.java:81. SSL deliberately gets no entry. The 8,648-event TLS block is still resolved; the 103 SSL events are accused again (evidence/d15_c5_replay.md)."
jca_android/SecretKeySpecSpec.mop,tools/rules/SecretKeySpec.crysl,keyMaterial,"keyAlgorithm in {AES, HmacSHA256, HmacSHA384, HmacSHA512}; length[keyMaterial] >= offset + len (SecretKeySpec.crysl:18-19)",transcription,no,"AES, HMACSHA256, HMACSHA384, HMACSHA512, HMAC-SHA256, HMAC/SHA256, HMAC-SHA384, HMAC/SHA384, HMAC/SHA512, HMAC-SHA512; keyMaterial.length >= offset + len","AES, HmacSHA256, HmacSHA384, HmacSHA512 (case folded)",-,none,-,-,"the api30 rule declares nothing about the algorithm, so THE ALLOW-LIST HAS NO BASE AND IS REMOVED — a MOP-SEM-BASE row of constraint_table.csv. Knock-on: c1 and c3 lose the algorithm conjunct and keep the randomisation predicate the seed guards them with; c4 keeps the bounds half alone. The length clause itself is IGUAL. D-15 (2026-08-24): this row records the api30-era transcription and its columns now answer to the anchor that replaced it. The value oracle of this set is the pinned expert copy RVSec-replication-package/tools/rules/, so `rule`, `rule_object`, `rule_literals` and `mop_literals` name the expert clause and today's list; the api30 reading is kept in the sentences above, because a row rewritten without it would make the api30 era unreadable. THE MOP-SEM-BASE READING IS WITHDRAWN. The sentence above says the rule declares nothing about the algorithm and the allow-list therefore had no base; that was true of the api30 rule and is false of the expert one, which states the clause outright. The list is back and is byte-identical to the frozen seed's, and c1/c3 carry the algorithm conjunct beside the randomisation predicate again. The length clause was IGUAL then and is IGUAL now."
jca_android/SecureRandomSpec.mop,tools/rules/SecureRandom.crysl,randAlg,"algorithm in {SHA1PRNG, Windows-PRNG, NativePRNG, NativePRNGBlocking, NativePRNGNonBlocking, PKCS11} (SecureRandom.crysl:42)",transcription,no,"SHA1PRNG, Windows-PRNG, NativePRNG, NativePRNGBlocking, NativePRNGNonBlocking, PKCS11",same 6,case-insensitive,none in this service,-,-,"the api30 rule is the more restrictive one and is right: none of the four dropped provider names exists on Android 11. Narrowing hunk, MOP-MAIS-PERMISSIVO row of constraint_table.csv against SecureRandom.cryptsl:61; not a divergence, since it is the transcription itself. D-15 (2026-08-24): this row records the api30-era transcription and its columns now answer to the anchor that replaced it. The value oracle of this set is the pinned expert copy RVSec-replication-package/tools/rules/, so `rule`, `rule_object`, `rule_literals` and `mop_literals` name the expert clause and today's list; the api30 reading is kept in the sentences above, because a row rewritten without it would make the api30 era unreadable. What the api30 era held: SHA1PRNG alone, the four provider names narrowed away as absent from Android 11. D-15's no-narrowing rule reversed it -- all six are expert entries and stay, inert where the platform does not offer them -- so the list is the seed's again."
jca_android/SignatureSpec.mop,tools/rules/Signature.crysl,alg,algorithm in {7 entries} (Signature.crysl:48),transcription,no,"SHA256withRSA, SHA256withECDSA, SHA256withDSA, SHA384withRSA, SHA512withRSA, SHA384withECDSA, SHA512withECDSA",the same 7,"case-insensitive — SHA256WITHRSA (4 events, 1 app, 1 misuse) matches on case alone and needs no alias row",Signature rows of alias_table.csv (55),-,-,"DECLARED COST: the same single-oracle rule makes the set accept MD5withRSA, SHA1withRSA and SHA1withDSA, which the frozen jca rejected. The four SHA*withECDSA additions are a recorded divergence, not a transcription — see divergence_record.csv (task 2.7); the seed already carried three of the four, so a literal transcription would have made the successor accuse where its predecessor did not. D-15 (2026-08-24): this row records the api30-era transcription and its columns now answer to the anchor that replaced it. The value oracle of this set is the pinned expert copy RVSec-replication-package/tools/rules/, so `rule`, `rule_object`, `rule_literals` and `mop_literals` name the expert clause and today's list; the api30 reading is kept in the sentences above, because a row rewritten without it would make the api30 era unreadable. THE DECLARED COST IS WITHDRAWN. The api30 anchor made the set accept MD5withRSA, SHA1withRSA and SHA1withDSA, which the frozen jca rejected; the expert clause names seven algorithms and none of those three, so the list is the seed's again and the 4 NONEwithRSA rows of the corpus are accused once more. Three of the four SHA*withECDSA additions of task 2.7 are expert entries and need no exception; SHA1withECDSA and SHA224withECDSA are not, and left the list with task 11.5 as recorded oracle-warts."
jca_android/TrustManagerFactorySpec.mop,tools/rules/TrustManagerFactory.crysl,algo,"algorithm in {PKIX, SunX509} (TrustManagerFactory.crysl:25)",transcription,no,"PKIX, SunX509",same 2,case-insensitive,"X509 -> PKIX (OpenSSLProvider.java:90), the one TrustManagerFactory row of alias_table.csv",-,-,"more restrictive and correct: SunX509 does not exist on Android. Narrowing hunk, MOP-MAIS-PERMISSIVO row of constraint_table.csv against TrustManagerFactory.cryptsl:37. The 643 observed X509 events (3 apps, 5 misuses) are resolved by the alias row, not by the list — the list stays exactly PKIX. D-15 (2026-08-24): this row records the api30-era transcription and its columns now answer to the anchor that replaced it. The value oracle of this set is the pinned expert copy RVSec-replication-package/tools/rules/, so `rule`, `rule_object`, `rule_literals` and `mop_literals` name the expert clause and today's list; the api30 reading is kept in the sentences above, because a row rewritten without it would make the api30 era unreadable. What the api30 era held: PKIX alone, SunX509 narrowed away. D-15's no-narrowing rule reversed it and the list is the seed's again. The 643 observed X509 events are still resolved by the alias row that maps X509 to PKIX, not by the list."
jca_android/CipherSpec.mop,tools/rules/Cipher.crysl,-,"part(1) in {CFB,PCBC,OFB,CBC,CTS,CTR} && encmode != 1 => noCallTo(IWOIV)",deferred-constant,no,-,-,-,-,-,"part(1) in {CFB,PCBC,OFB,CBC,CTS,CTR} && encmode != 1 => noCallTo(IWOIV)","clause at Cipher.cryptsl:123. the api30 rule declares this clause and no .mop of the frozen jca ever tested it (CRYSL-NAO-IMPLEMENTADO row of constraint_table.csv). Transcribing it would add a check the set has never run, whose false-positive behaviour on the 97,018-row corpus is unmeasured — the same class of behavioural risk D-1 refused for the 94-hunk replay and D-6 for the arity filter. Leaving it out adds no accusation: the successor set is exactly as silent here as the frozen jca was, so no report moves. Promotion to a transcribed check is task 2.14, after the differential harness of task 6.9 has sized the accusations the check would add; a clause the harness cannot size stays deferred (D-30, INV-INS-125). D-16 (2026-08-25), adendum added by task 11.4: this row was written against MetaCrySL/generated/api30/, which D-16 withdrew as an oracle of every dimension -- values, ORDER, alphabets and predicates alike -- leaving the pinned expert copy RVSec-replication-package/tools/rules/ (49 rules, sha256 d7bcc019...) as the sole oracle of this set. The api30 citation above is kept as history and is not an authority; the `rule` column names the expert rule. The oracle states the same clause at Cipher.crysl:115 (identical), so the anchor moves and the verdict does not. The .mop still does not test it, and transcribing it would still add a check the set has never run, so the deferral of task 2.14 stands against the expert clause exactly as it stood against the generated one."
jca_android/CipherSpec.mop,tools/rules/Cipher.crysl,-,"part(1) in {OFB,CBC,CTS,CTR,CFB,PCBC} && encmode == 1 => callTo(iv)",deferred-constant,no,-,-,-,-,-,"part(1) in {OFB,CBC,CTS,CTR,CFB,PCBC} && encmode == 1 => callTo(iv)","clause at Cipher.cryptsl:125. the api30 rule declares this clause and no .mop of the frozen jca ever tested it (CRYSL-NAO-IMPLEMENTADO row of constraint_table.csv). Transcribing it would add a check the set has never run, whose false-positive behaviour on the 97,018-row corpus is unmeasured — the same class of behavioural risk D-1 refused for the 94-hunk replay and D-6 for the arity filter. Leaving it out adds no accusation: the successor set is exactly as silent here as the frozen jca was, so no report moves. Promotion to a transcribed check is task 2.14, after the differential harness of task 6.9 has sized the accusations the check would add; a clause the harness cannot size stays deferred (D-30, INV-INS-125). D-16 (2026-08-25), adendum added by task 11.4: this row was written against MetaCrySL/generated/api30/, which D-16 withdrew as an oracle of every dimension -- values, ORDER, alphabets and predicates alike -- leaving the pinned expert copy RVSec-replication-package/tools/rules/ (49 rules, sha256 d7bcc019...) as the sole oracle of this set. The api30 citation above is kept as history and is not an authority; the `rule` column names the expert rule. The oracle states the same clause at Cipher.crysl:116 (identical), so the anchor moves and the verdict does not. The .mop still does not test it, and transcribing it would still add a check the set has never run, so the deferral of task 2.14 stands against the expert clause exactly as it stood against the generated one."
jca_android/CipherSpec.mop,tools/rules/Cipher.crysl,-,"encmode in {2, 4, 1, 3}",deferred-constant,no,-,-,-,-,-,"encmode in {2, 4, 1, 3}","clause at Cipher.cryptsl:127. the api30 rule declares this clause and no .mop of the frozen jca ever tested it (CRYSL-NAO-IMPLEMENTADO row of constraint_table.csv). Transcribing it would add a check the set has never run, whose false-positive behaviour on the 97,018-row corpus is unmeasured — the same class of behavioural risk D-1 refused for the 94-hunk replay and D-6 for the arity filter. Leaving it out adds no accusation: the successor set is exactly as silent here as the frozen jca was, so no report moves. Promotion to a transcribed check is task 2.14, after the differential harness of task 6.9 has sized the accusations the check would add; a clause the harness cannot size stays deferred (D-30, INV-INS-125). D-16 (2026-08-25), adendum added by task 11.4: this row was written against MetaCrySL/generated/api30/, which D-16 withdrew as an oracle of every dimension -- values, ORDER, alphabets and predicates alike -- leaving the pinned expert copy RVSec-replication-package/tools/rules/ (49 rules, sha256 d7bcc019...) as the sole oracle of this set. The api30 citation above is kept as history and is not an authority; the `rule` column names the expert rule. The oracle states the same clause at Cipher.crysl:121 (identical), so the anchor moves and the verdict does not. The .mop still does not test it, and transcribing it would still add a check the set has never run, so the deferral of task 2.14 stands against the expert clause exactly as it stood against the generated one."
jca_android/CipherSpec.mop,tools/rules/Cipher.crysl,-,"part(0) in {DESede} => part(1) in {CTS,CTR,CFB,OFB,ECB,CBC}",withdrawn,no,-,-,-,-,-,"part(0) in {DESede} => part(1) in {CTS,CTR,CFB,OFB,ECB,CBC}","clause at Cipher.cryptsl:139. the api30 rule declares this clause and no .mop of the frozen jca ever tested it (CRYSL-NAO-IMPLEMENTADO row of constraint_table.csv). Transcribing it would add a check the set has never run, whose false-positive behaviour on the 97,018-row corpus is unmeasured — the same class of behavioural risk D-1 refused for the 94-hunk replay and D-6 for the arity filter. Leaving it out adds no accusation: the successor set is exactly as silent here as the frozen jca was, so no report moves. Promotion to a transcribed check is task 2.14, after the differential harness of task 6.9 has sized the accusations the check would add; a clause the harness cannot size stays deferred (D-30, INV-INS-125). D-16 (2026-08-25), adendum added by task 11.4: this row was written against MetaCrySL/generated/api30/, which D-16 withdrew as an oracle of every dimension -- values, ORDER, alphabets and predicates alike -- leaving the pinned expert copy RVSec-replication-package/tools/rules/ (49 rules, sha256 d7bcc019...) as the sole oracle of this set. The api30 citation above is kept as history and is not an authority; the `rule` column names the expert rule. The oracle states no such clause: pairing Cipher.cryptsl against Cipher.crysl clause by clause -- by shape and never by name, the discipline task 11.2 set for the alphabet -- leaves this one without a counterpart. There is nothing left to defer, so the verdict becomes `withdrawn`: what this row deferred was an artifact of the generated catalogue and not a check the oracle asks for. The oracle's own algorithm allow-list, Cipher.crysl:94, names AES, RSA and the eight PBEWithHmacSHA{224,256,384,512}AndAES_{128,256} transformations and nothing else, so a mode or padding table for an algorithm it never admits answers to nothing."
jca_android/CipherSpec.mop,tools/rules/Cipher.crysl,-,"part(0) in {BLOWFISH} => part(1) in {CTS,CTR,CFB,OFB,ECB,CBC}",withdrawn,no,-,-,-,-,-,"part(0) in {BLOWFISH} => part(1) in {CTS,CTR,CFB,OFB,ECB,CBC}","clause at Cipher.cryptsl:151. the api30 rule declares this clause and no .mop of the frozen jca ever tested it (CRYSL-NAO-IMPLEMENTADO row of constraint_table.csv). Transcribing it would add a check the set has never run, whose false-positive behaviour on the 97,018-row corpus is unmeasured — the same class of behavioural risk D-1 refused for the 94-hunk replay and D-6 for the arity filter. Leaving it out adds no accusation: the successor set is exactly as silent here as the frozen jca was, so no report moves. Promotion to a transcribed check is task 2.14, after the differential harness of task 6.9 has sized the accusations the check would add; a clause the harness cannot size stays deferred (D-30, INV-INS-125). D-16 (2026-08-25), adendum added by task 11.4: this row was written against MetaCrySL/generated/api30/, which D-16 withdrew as an oracle of every dimension -- values, ORDER, alphabets and predicates alike -- leaving the pinned expert copy RVSec-replication-package/tools/rules/ (49 rules, sha256 d7bcc019...) as the sole oracle of this set. The api30 citation above is kept as history and is not an authority; the `rule` column names the expert rule. The oracle states no such clause: pairing Cipher.cryptsl against Cipher.crysl clause by clause -- by shape and never by name, the discipline task 11.2 set for the alphabet -- leaves this one without a counterpart. There is nothing left to defer, so the verdict becomes `withdrawn`: what this row deferred was an artifact of the generated catalogue and not a check the oracle asks for. The oracle's own algorithm allow-list, Cipher.crysl:94, names AES, RSA and the eight PBEWithHmacSHA{224,256,384,512}AndAES_{128,256} transformations and nothing else, so a mode or padding table for an algorithm it never admits answers to nothing."
jca_android/CipherSpec.mop,tools/rules/Cipher.crysl,-,"part(0) in {BLOWFISH} && part(1) in {CBC} => part(2) in {PKCS5Padding,PKCS7Padding,ISO10126Padding}",withdrawn,no,-,-,-,-,-,"part(0) in {BLOWFISH} && part(1) in {CBC} => part(2) in {PKCS5Padding,PKCS7Padding,ISO10126Padding}","clause at Cipher.cryptsl:153. the api30 rule declares this clause and no .mop of the frozen jca ever tested it (CRYSL-NAO-IMPLEMENTADO row of constraint_table.csv). Transcribing it would add a check the set has never run, whose false-positive behaviour on the 97,018-row corpus is unmeasured — the same class of behavioural risk D-1 refused for the 94-hunk replay and D-6 for the arity filter. Leaving it out adds no accusation: the successor set is exactly as silent here as the frozen jca was, so no report moves. Promotion to a transcribed check is task 2.14, after the differential harness of task 6.9 has sized the accusations the check would add; a clause the harness cannot size stays deferred (D-30, INV-INS-125). D-16 (2026-08-25), adendum added by task 11.4: this row was written against MetaCrySL/generated/api30/, which D-16 withdrew as an oracle of every dimension -- values, ORDER, alphabets and predicates alike -- leaving the pinned expert copy RVSec-replication-package/tools/rules/ (49 rules, sha256 d7bcc019...) as the sole oracle of this set. The api30 citation above is kept as history and is not an authority; the `rule` column names the expert rule. The oracle states no such clause: pairing Cipher.cryptsl against Cipher.crysl clause by clause -- by shape and never by name, the discipline task 11.2 set for the alphabet -- leaves this one without a counterpart. There is nothing left to defer, so the verdict becomes `withdrawn`: what this row deferred was an artifact of the generated catalogue and not a check the oracle asks for. The oracle's own algorithm allow-list, Cipher.crysl:94, names AES, RSA and the eight PBEWithHmacSHA{224,256,384,512}AndAES_{128,256} transformations and nothing else, so a mode or padding table for an algorithm it never admits answers to nothing."
jca_android/CipherSpec.mop,tools/rules/Cipher.crysl,-,"part(0) in {BLOWFISH} && part(1) in {OFB,CTR,CFB} => part(2) in {NoPadding}",withdrawn,no,-,-,-,-,-,"part(0) in {BLOWFISH} && part(1) in {OFB,CTR,CFB} => part(2) in {NoPadding}","clause at Cipher.cryptsl:155. the api30 rule declares this clause and no .mop of the frozen jca ever tested it (CRYSL-NAO-IMPLEMENTADO row of constraint_table.csv). Transcribing it would add a check the set has never run, whose false-positive behaviour on the 97,018-row corpus is unmeasured — the same class of behavioural risk D-1 refused for the 94-hunk replay and D-6 for the arity filter. Leaving it out adds no accusation: the successor set is exactly as silent here as the frozen jca was, so no report moves. Promotion to a transcribed check is task 2.14, after the differential harness of task 6.9 has sized the accusations the check would add; a clause the harness cannot size stays deferred (D-30, INV-INS-125). D-16 (2026-08-25), adendum added by task 11.4: this row was written against MetaCrySL/generated/api30/, which D-16 withdrew as an oracle of every dimension -- values, ORDER, alphabets and predicates alike -- leaving the pinned expert copy RVSec-replication-package/tools/rules/ (49 rules, sha256 d7bcc019...) as the sole oracle of this set. The api30 citation above is kept as history and is not an authority; the `rule` column names the expert rule. The oracle states no such clause: pairing Cipher.cryptsl against Cipher.crysl clause by clause -- by shape and never by name, the discipline task 11.2 set for the alphabet -- leaves this one without a counterpart. There is nothing left to defer, so the verdict becomes `withdrawn`: what this row deferred was an artifact of the generated catalogue and not a check the oracle asks for. The oracle's own algorithm allow-list, Cipher.crysl:94, names AES, RSA and the eight PBEWithHmacSHA{224,256,384,512}AndAES_{128,256} transformations and nothing else, so a mode or padding table for an algorithm it never admits answers to nothing."
jca_android/CipherSpec.mop,tools/rules/Cipher.crysl,-,part(0) in {ARC4} => part(1) in {ECB},withdrawn,no,-,-,-,-,-,part(0) in {ARC4} => part(1) in {ECB},"clause at Cipher.cryptsl:157. the api30 rule declares this clause and no .mop of the frozen jca ever tested it (CRYSL-NAO-IMPLEMENTADO row of constraint_table.csv). Transcribing it would add a check the set has never run, whose false-positive behaviour on the 97,018-row corpus is unmeasured — the same class of behavioural risk D-1 refused for the 94-hunk replay and D-6 for the arity filter. Leaving it out adds no accusation: the successor set is exactly as silent here as the frozen jca was, so no report moves. Promotion to a transcribed check is task 2.14, after the differential harness of task 6.9 has sized the accusations the check would add; a clause the harness cannot size stays deferred (D-30, INV-INS-125). D-16 (2026-08-25), adendum added by task 11.4: this row was written against MetaCrySL/generated/api30/, which D-16 withdrew as an oracle of every dimension -- values, ORDER, alphabets and predicates alike -- leaving the pinned expert copy RVSec-replication-package/tools/rules/ (49 rules, sha256 d7bcc019...) as the sole oracle of this set. The api30 citation above is kept as history and is not an authority; the `rule` column names the expert rule. The oracle states no such clause: pairing Cipher.cryptsl against Cipher.crysl clause by clause -- by shape and never by name, the discipline task 11.2 set for the alphabet -- leaves this one without a counterpart. There is nothing left to defer, so the verdict becomes `withdrawn`: what this row deferred was an artifact of the generated catalogue and not a check the oracle asks for. The oracle's own algorithm allow-list, Cipher.crysl:94, names AES, RSA and the eight PBEWithHmacSHA{224,256,384,512}AndAES_{128,256} transformations and nothing else, so a mode or padding table for an algorithm it never admits answers to nothing."
jca_android/CipherSpec.mop,tools/rules/Cipher.crysl,-,part(0) in {ARC4} => part(2) in {NoPadding},withdrawn,no,-,-,-,-,-,part(0) in {ARC4} => part(2) in {NoPadding},"clause at Cipher.cryptsl:159. the api30 rule declares this clause and no .mop of the frozen jca ever tested it (CRYSL-NAO-IMPLEMENTADO row of constraint_table.csv). Transcribing it would add a check the set has never run, whose false-positive behaviour on the 97,018-row corpus is unmeasured — the same class of behavioural risk D-1 refused for the 94-hunk replay and D-6 for the arity filter. Leaving it out adds no accusation: the successor set is exactly as silent here as the frozen jca was, so no report moves. Promotion to a transcribed check is task 2.14, after the differential harness of task 6.9 has sized the accusations the check would add; a clause the harness cannot size stays deferred (D-30, INV-INS-125). D-16 (2026-08-25), adendum added by task 11.4: this row was written against MetaCrySL/generated/api30/, which D-16 withdrew as an oracle of every dimension -- values, ORDER, alphabets and predicates alike -- leaving the pinned expert copy RVSec-replication-package/tools/rules/ (49 rules, sha256 d7bcc019...) as the sole oracle of this set. The api30 citation above is kept as history and is not an authority; the `rule` column names the expert rule. The oracle states no such clause: pairing Cipher.cryptsl against Cipher.crysl clause by clause -- by shape and never by name, the discipline task 11.2 set for the alphabet -- leaves this one without a counterpart. There is nothing left to defer, so the verdict becomes `withdrawn`: what this row deferred was an artifact of the generated catalogue and not a check the oracle asks for. The oracle's own algorithm allow-list, Cipher.crysl:94, names AES, RSA and the eight PBEWithHmacSHA{224,256,384,512}AndAES_{128,256} transformations and nothing else, so a mode or padding table for an algorithm it never admits answers to nothing."
jca_android/CipherSpec.mop,tools/rules/Cipher.crysl,-,"part(0) in {AES_256,AES_128} => part(1) in {GCM,ECB,CBC}",withdrawn,no,-,-,-,-,-,"part(0) in {AES_256,AES_128} => part(1) in {GCM,ECB,CBC}","clause at Cipher.cryptsl:161. the api30 rule declares this clause and no .mop of the frozen jca ever tested it (CRYSL-NAO-IMPLEMENTADO row of constraint_table.csv). Transcribing it would add a check the set has never run, whose false-positive behaviour on the 97,018-row corpus is unmeasured — the same class of behavioural risk D-1 refused for the 94-hunk replay and D-6 for the arity filter. Leaving it out adds no accusation: the successor set is exactly as silent here as the frozen jca was, so no report moves. Promotion to a transcribed check is task 2.14, after the differential harness of task 6.9 has sized the accusations the check would add; a clause the harness cannot size stays deferred (D-30, INV-INS-125). D-16 (2026-08-25), adendum added by task 11.4: this row was written against MetaCrySL/generated/api30/, which D-16 withdrew as an oracle of every dimension -- values, ORDER, alphabets and predicates alike -- leaving the pinned expert copy RVSec-replication-package/tools/rules/ (49 rules, sha256 d7bcc019...) as the sole oracle of this set. The api30 citation above is kept as history and is not an authority; the `rule` column names the expert rule. The oracle states no such clause: pairing Cipher.cryptsl against Cipher.crysl clause by clause -- by shape and never by name, the discipline task 11.2 set for the alphabet -- leaves this one without a counterpart. There is nothing left to defer, so the verdict becomes `withdrawn`: what this row deferred was an artifact of the generated catalogue and not a check the oracle asks for. The oracle's own algorithm allow-list, Cipher.crysl:94, names AES, RSA and the eight PBEWithHmacSHA{224,256,384,512}AndAES_{128,256} transformations and nothing else, so a mode or padding table for an algorithm it never admits answers to nothing."
jca_android/CipherSpec.mop,tools/rules/Cipher.crysl,-,"part(0) in {AES_256,AES_128} && part(1) in {ECB,CBC} => part(2) in {PKCS5Padding,NoPadding}",withdrawn,no,-,-,-,-,-,"part(0) in {AES_256,AES_128} && part(1) in {ECB,CBC} => part(2) in {PKCS5Padding,NoPadding}","clause at Cipher.cryptsl:163. the api30 rule declares this clause and no .mop of the frozen jca ever tested it (CRYSL-NAO-IMPLEMENTADO row of constraint_table.csv). Transcribing it would add a check the set has never run, whose false-positive behaviour on the 97,018-row corpus is unmeasured — the same class of behavioural risk D-1 refused for the 94-hunk replay and D-6 for the arity filter. Leaving it out adds no accusation: the successor set is exactly as silent here as the frozen jca was, so no report moves. Promotion to a transcribed check is task 2.14, after the differential harness of task 6.9 has sized the accusations the check would add; a clause the harness cannot size stays deferred (D-30, INV-INS-125). D-16 (2026-08-25), adendum added by task 11.4: this row was written against MetaCrySL/generated/api30/, which D-16 withdrew as an oracle of every dimension -- values, ORDER, alphabets and predicates alike -- leaving the pinned expert copy RVSec-replication-package/tools/rules/ (49 rules, sha256 d7bcc019...) as the sole oracle of this set. The api30 citation above is kept as history and is not an authority; the `rule` column names the expert rule. The oracle states no such clause: pairing Cipher.cryptsl against Cipher.crysl clause by clause -- by shape and never by name, the discipline task 11.2 set for the alphabet -- leaves this one without a counterpart. There is nothing left to defer, so the verdict becomes `withdrawn`: what this row deferred was an artifact of the generated catalogue and not a check the oracle asks for. The oracle's own algorithm allow-list, Cipher.crysl:94, names AES, RSA and the eight PBEWithHmacSHA{224,256,384,512}AndAES_{128,256} transformations and nothing else, so a mode or padding table for an algorithm it never admits answers to nothing."
jca_android/CipherSpec.mop,tools/rules/Cipher.crysl,-,"part(0) in {AES_128,AES_256} && part(1) in {GCM} => part(2) in {NoPadding}",withdrawn,no,-,-,-,-,-,"part(0) in {AES_128,AES_256} && part(1) in {GCM} => part(2) in {NoPadding}","clause at Cipher.cryptsl:165. the api30 rule declares this clause and no .mop of the frozen jca ever tested it (CRYSL-NAO-IMPLEMENTADO row of constraint_table.csv). Transcribing it would add a check the set has never run, whose false-positive behaviour on the 97,018-row corpus is unmeasured — the same class of behavioural risk D-1 refused for the 94-hunk replay and D-6 for the arity filter. Leaving it out adds no accusation: the successor set is exactly as silent here as the frozen jca was, so no report moves. Promotion to a transcribed check is task 2.14, after the differential harness of task 6.9 has sized the accusations the check would add; a clause the harness cannot size stays deferred (D-30, INV-INS-125). D-16 (2026-08-25), adendum added by task 11.4: this row was written against MetaCrySL/generated/api30/, which D-16 withdrew as an oracle of every dimension -- values, ORDER, alphabets and predicates alike -- leaving the pinned expert copy RVSec-replication-package/tools/rules/ (49 rules, sha256 d7bcc019...) as the sole oracle of this set. The api30 citation above is kept as history and is not an authority; the `rule` column names the expert rule. The oracle states no such clause: pairing Cipher.cryptsl against Cipher.crysl clause by clause -- by shape and never by name, the discipline task 11.2 set for the alphabet -- leaves this one without a counterpart. There is nothing left to defer, so the verdict becomes `withdrawn`: what this row deferred was an artifact of the generated catalogue and not a check the oracle asks for. The oracle's own algorithm allow-list, Cipher.crysl:94, names AES, RSA and the eight PBEWithHmacSHA{224,256,384,512}AndAES_{128,256} transformations and nothing else, so a mode or padding table for an algorithm it never admits answers to nothing."
jca_android/CipherSpec.mop,tools/rules/Cipher.crysl,-,"part(0) in {ChaCha20} => part(1) in {Poly1305, """"}",withdrawn,no,-,-,-,-,-,"part(0) in {ChaCha20} => part(1) in {Poly1305, """"}","clause at Cipher.cryptsl:167. the api30 rule declares this clause and no .mop of the frozen jca ever tested it (CRYSL-NAO-IMPLEMENTADO row of constraint_table.csv). Transcribing it would add a check the set has never run, whose false-positive behaviour on the 97,018-row corpus is unmeasured — the same class of behavioural risk D-1 refused for the 94-hunk replay and D-6 for the arity filter. Leaving it out adds no accusation: the successor set is exactly as silent here as the frozen jca was, so no report moves. Promotion to a transcribed check is task 2.14, after the differential harness of task 6.9 has sized the accusations the check would add; a clause the harness cannot size stays deferred (D-30, INV-INS-125). D-16 (2026-08-25), adendum added by task 11.4: this row was written against MetaCrySL/generated/api30/, which D-16 withdrew as an oracle of every dimension -- values, ORDER, alphabets and predicates alike -- leaving the pinned expert copy RVSec-replication-package/tools/rules/ (49 rules, sha256 d7bcc019...) as the sole oracle of this set. The api30 citation above is kept as history and is not an authority; the `rule` column names the expert rule. The oracle states no such clause: pairing Cipher.cryptsl against Cipher.crysl clause by clause -- by shape and never by name, the discipline task 11.2 set for the alphabet -- leaves this one without a counterpart. There is nothing left to defer, so the verdict becomes `withdrawn`: what this row deferred was an artifact of the generated catalogue and not a check the oracle asks for. The oracle's own algorithm allow-list, Cipher.crysl:94, names AES, RSA and the eight PBEWithHmacSHA{224,256,384,512}AndAES_{128,256} transformations and nothing else, so a mode or padding table for an algorithm it never admits answers to nothing."
jca_android/CipherSpec.mop,tools/rules/Cipher.crysl,-,part(0) in {ChaCha20} => part(2) in {NoPadding},withdrawn,no,-,-,-,-,-,part(0) in {ChaCha20} => part(2) in {NoPadding},"clause at Cipher.cryptsl:169. the api30 rule declares this clause and no .mop of the frozen jca ever tested it (CRYSL-NAO-IMPLEMENTADO row of constraint_table.csv). Transcribing it would add a check the set has never run, whose false-positive behaviour on the 97,018-row corpus is unmeasured — the same class of behavioural risk D-1 refused for the 94-hunk replay and D-6 for the arity filter. Leaving it out adds no accusation: the successor set is exactly as silent here as the frozen jca was, so no report moves. Promotion to a transcribed check is task 2.14, after the differential harness of task 6.9 has sized the accusations the check would add; a clause the harness cannot size stays deferred (D-30, INV-INS-125). D-16 (2026-08-25), adendum added by task 11.4: this row was written against MetaCrySL/generated/api30/, which D-16 withdrew as an oracle of every dimension -- values, ORDER, alphabets and predicates alike -- leaving the pinned expert copy RVSec-replication-package/tools/rules/ (49 rules, sha256 d7bcc019...) as the sole oracle of this set. The api30 citation above is kept as history and is not an authority; the `rule` column names the expert rule. The oracle states no such clause: pairing Cipher.cryptsl against Cipher.crysl clause by clause -- by shape and never by name, the discipline task 11.2 set for the alphabet -- leaves this one without a counterpart. There is nothing left to defer, so the verdict becomes `withdrawn`: what this row deferred was an artifact of the generated catalogue and not a check the oracle asks for. The oracle's own algorithm allow-list, Cipher.crysl:94, names AES, RSA and the eight PBEWithHmacSHA{224,256,384,512}AndAES_{128,256} transformations and nothing else, so a mode or padding table for an algorithm it never admits answers to nothing."
jca_android/CipherInputStreamSpec.mop,tools/rules/CipherInputStream.crysl,-,len > off,withdrawn,no,-,-,-,-,-,len > off,"clause at CipherInputStream.cryptsl:41. the api30 rule declares this clause and no .mop of the frozen jca ever tested it (CRYSL-NAO-IMPLEMENTADO row of constraint_table.csv). Transcribing it would add a check the set has never run, whose false-positive behaviour on the 97,018-row corpus is unmeasured — the same class of behavioural risk D-1 refused for the 94-hunk replay and D-6 for the arity filter. Leaving it out adds no accusation: the successor set is exactly as silent here as the frozen jca was, so no report moves. Promotion to a transcribed check is task 2.14, after the differential harness of task 6.9 has sized the accusations the check would add; a clause the harness cannot size stays deferred (D-30, INV-INS-125). D-16 (2026-08-25), adendum added by task 11.4: this row was written against MetaCrySL/generated/api30/, which D-16 withdrew as an oracle of every dimension -- values, ORDER, alphabets and predicates alike -- leaving the pinned expert copy RVSec-replication-package/tools/rules/ (49 rules, sha256 d7bcc019...) as the sole oracle of this set. The api30 citation above is kept as history and is not an authority; the `rule` column names the expert rule. The oracle states no such clause: pairing CipherInputStream.cryptsl against CipherInputStream.crysl clause by clause -- by shape and never by name, the discipline task 11.2 set for the alphabet -- leaves this one without a counterpart. There is nothing left to defer, so the verdict becomes `withdrawn`: what this row deferred was an artifact of the generated catalogue and not a check the oracle asks for. The generated rule states one malformed bound here where the oracle states three well-formed ones (CipherInputStream.crysl:26-28); those three are recorded by their own rows below, so nothing the oracle asks for is lost with this withdrawal -- what is lost is the reconstruction, and D-15 had already found this family of reconstructions mangled."
jca_android/CipherOutputStreamSpec.mop,tools/rules/CipherOutputStream.crysl,-,len > off,withdrawn,no,-,-,-,-,-,len > off,"clause at CipherOutputStream.cryptsl:43. the api30 rule declares this clause and no .mop of the frozen jca ever tested it (CRYSL-NAO-IMPLEMENTADO row of constraint_table.csv). Transcribing it would add a check the set has never run, whose false-positive behaviour on the 97,018-row corpus is unmeasured — the same class of behavioural risk D-1 refused for the 94-hunk replay and D-6 for the arity filter. Leaving it out adds no accusation: the successor set is exactly as silent here as the frozen jca was, so no report moves. Promotion to a transcribed check is task 2.14, after the differential harness of task 6.9 has sized the accusations the check would add; a clause the harness cannot size stays deferred (D-30, INV-INS-125). D-16 (2026-08-25), adendum added by task 11.4: this row was written against MetaCrySL/generated/api30/, which D-16 withdrew as an oracle of every dimension -- values, ORDER, alphabets and predicates alike -- leaving the pinned expert copy RVSec-replication-package/tools/rules/ (49 rules, sha256 d7bcc019...) as the sole oracle of this set. The api30 citation above is kept as history and is not an authority; the `rule` column names the expert rule. The oracle states no such clause: pairing CipherOutputStream.cryptsl against CipherOutputStream.crysl clause by clause -- by shape and never by name, the discipline task 11.2 set for the alphabet -- leaves this one without a counterpart. There is nothing left to defer, so the verdict becomes `withdrawn`: what this row deferred was an artifact of the generated catalogue and not a check the oracle asks for. The generated rule states one malformed bound here where the oracle states three well-formed ones (CipherOutputStream.crysl:27-29); those three are recorded by their own rows below, so nothing the oracle asks for is lost with this withdrawal -- what is lost is the reconstruction, and D-15 had already found this family of reconstructions mangled."
jca_android/KeyGeneratorSpec.mop,tools/rules/KeyGenerator.crysl,-,"alg in {AES} => keySize in {128, 192, 256}",deferred-constant,no,-,-,-,-,-,"alg in {""AES""} => keySize in {128, 192, 256}","clause at KeyGenerator.cryptsl:47. the api30 rule declares this clause and no .mop of the frozen jca ever tested it (CRYSL-NAO-IMPLEMENTADO row of constraint_table.csv). Transcribing it would add a check the set has never run, whose false-positive behaviour on the 97,018-row corpus is unmeasured — the same class of behavioural risk D-1 refused for the 94-hunk replay and D-6 for the arity filter. Leaving it out adds no accusation: the successor set is exactly as silent here as the frozen jca was, so no report moves. Promotion to a transcribed check is task 2.14, after the differential harness of task 6.9 has sized the accusations the check would add; a clause the harness cannot size stays deferred (D-30, INV-INS-125). D-16 (2026-08-25), adendum added by task 11.4: this row was written against MetaCrySL/generated/api30/, which D-16 withdrew as an oracle of every dimension -- values, ORDER, alphabets and predicates alike -- leaving the pinned expert copy RVSec-replication-package/tools/rules/ (49 rules, sha256 d7bcc019...) as the sole oracle of this set. The api30 citation above is kept as history and is not an authority; the `rule` column names the expert rule. The oracle states the same clause at KeyGenerator.crysl:30 (renamed), so the anchor moves and the verdict does not. The two clauses admit the same three key sizes over objects the catalogues spell differently (`alg`/`keySize` against `algorithm`/`keysize`). The .mop still does not test it, and transcribing it would still add a check the set has never run, so the deferral of task 2.14 stands against the expert clause exactly as it stood against the generated one."
jca_android/MacSpec.mop,tools/rules/Mac.crysl,-,offset < len,withdrawn,no,-,-,-,-,-,offset < len,"clause at Mac.cryptsl:73. the api30 rule declares this clause and no .mop of the frozen jca ever tested it (CRYSL-NAO-IMPLEMENTADO row of constraint_table.csv). Transcribing it would add a check the set has never run, whose false-positive behaviour on the 97,018-row corpus is unmeasured — the same class of behavioural risk D-1 refused for the 94-hunk replay and D-6 for the arity filter. Leaving it out adds no accusation: the successor set is exactly as silent here as the frozen jca was, so no report moves. Promotion to a transcribed check is task 2.14, after the differential harness of task 6.9 has sized the accusations the check would add; a clause the harness cannot size stays deferred (D-30, INV-INS-125). D-16 (2026-08-25), adendum added by task 11.4: this row was written against MetaCrySL/generated/api30/, which D-16 withdrew as an oracle of every dimension -- values, ORDER, alphabets and predicates alike -- leaving the pinned expert copy RVSec-replication-package/tools/rules/ (49 rules, sha256 d7bcc019...) as the sole oracle of this set. The api30 citation above is kept as history and is not an authority; the `rule` column names the expert rule. The oracle states no such clause: pairing Mac.cryptsl against Mac.crysl clause by clause -- by shape and never by name, the discipline task 11.2 set for the alphabet -- leaves this one without a counterpart. There is nothing left to defer, so the verdict becomes `withdrawn`: what this row deferred was an artifact of the generated catalogue and not a check the oracle asks for. The generated rule states one malformed bound here where the oracle states three well-formed ones (Mac.crysl:46-48); those three are recorded by their own rows below, so nothing the oracle asks for is lost with this withdrawal -- what is lost is the reconstruction, and D-15 had already found this family of reconstructions mangled."
jca_android/MessageDigestSpec.mop,tools/rules/MessageDigest.crysl,-,pre_len > pre_off,withdrawn,no,-,-,-,-,-,pre_len > pre_off,"clause at MessageDigest.cryptsl:65. the api30 rule declares this clause and no .mop of the frozen jca ever tested it (CRYSL-NAO-IMPLEMENTADO row of constraint_table.csv). Transcribing it would add a check the set has never run, whose false-positive behaviour on the 97,018-row corpus is unmeasured — the same class of behavioural risk D-1 refused for the 94-hunk replay and D-6 for the arity filter. Leaving it out adds no accusation: the successor set is exactly as silent here as the frozen jca was, so no report moves. Promotion to a transcribed check is task 2.14, after the differential harness of task 6.9 has sized the accusations the check would add; a clause the harness cannot size stays deferred (D-30, INV-INS-125). D-16 (2026-08-25), adendum added by task 11.4: this row was written against MetaCrySL/generated/api30/, which D-16 withdrew as an oracle of every dimension -- values, ORDER, alphabets and predicates alike -- leaving the pinned expert copy RVSec-replication-package/tools/rules/ (49 rules, sha256 d7bcc019...) as the sole oracle of this set. The api30 citation above is kept as history and is not an authority; the `rule` column names the expert rule. The oracle states no such clause: pairing MessageDigest.cryptsl against MessageDigest.crysl clause by clause -- by shape and never by name, the discipline task 11.2 set for the alphabet -- leaves this one without a counterpart. There is nothing left to defer, so the verdict becomes `withdrawn`: what this row deferred was an artifact of the generated catalogue and not a check the oracle asks for. The generated rule states one malformed bound here where the oracle states three well-formed ones (MessageDigest.crysl:38-40); those three are recorded by their own rows below, so nothing the oracle asks for is lost with this withdrawal -- what is lost is the reconstruction, and D-15 had already found this family of reconstructions mangled."
jca_android/MessageDigestSpec.mop,tools/rules/MessageDigest.crysl,-,len > off,withdrawn,no,-,-,-,-,-,len > off,"clause at MessageDigest.cryptsl:67. the api30 rule declares this clause and no .mop of the frozen jca ever tested it (CRYSL-NAO-IMPLEMENTADO row of constraint_table.csv). Transcribing it would add a check the set has never run, whose false-positive behaviour on the 97,018-row corpus is unmeasured — the same class of behavioural risk D-1 refused for the 94-hunk replay and D-6 for the arity filter. Leaving it out adds no accusation: the successor set is exactly as silent here as the frozen jca was, so no report moves. Promotion to a transcribed check is task 2.14, after the differential harness of task 6.9 has sized the accusations the check would add; a clause the harness cannot size stays deferred (D-30, INV-INS-125). D-16 (2026-08-25), adendum added by task 11.4: this row was written against MetaCrySL/generated/api30/, which D-16 withdrew as an oracle of every dimension -- values, ORDER, alphabets and predicates alike -- leaving the pinned expert copy RVSec-replication-package/tools/rules/ (49 rules, sha256 d7bcc019...) as the sole oracle of this set. The api30 citation above is kept as history and is not an authority; the `rule` column names the expert rule. The oracle states no such clause: pairing MessageDigest.cryptsl against MessageDigest.crysl clause by clause -- by shape and never by name, the discipline task 11.2 set for the alphabet -- leaves this one without a counterpart. There is nothing left to defer, so the verdict becomes `withdrawn`: what this row deferred was an artifact of the generated catalogue and not a check the oracle asks for. The generated rule states one malformed bound here where the oracle states three well-formed ones (MessageDigest.crysl:41-43); those three are recorded by their own rows below, so nothing the oracle asks for is lost with this withdrawal -- what is lost is the reconstruction, and D-15 had already found this family of reconstructions mangled."
jca_android/CipherSpec.mop,-,currentTransformation,-,guard-on-field: repaired,guard and message,"CipherSpec.mop:72, 87",-,-,none,c.getAlgorithm(),-,"REPAIRED by task 8.16; the guard now tests the getter its message already names. Harness verdict: unchanged (label); A accused CIPHER-ALG-00 val='AES/CBC/PKCS5Padding' at i1, B accuses ORDER only at the same event. Across all nine guard-on-field traces the B side's accusations are a strict subset of the A side's, no accusation is introduced anywhere, every self-contradicting-envelope flag is on the A side and none on B, and the message gate went from 15 findings to 0. Two labels read oddly and the cause is the classifier's granularity, not the repair: classify() compares the list of accusing event names, so it reports `removed` only when the B side accuses nothing at all -- where the removed value accusation shared its event with a surviving ORDER accusation the label is `unchanged`, and where it sat at a different event the label is `moved`. Neither was treated as the revert-triggering class, and the raw label is kept here beside what actually moved. The edits are `if` guards inside event bodies, so no automaton changed. declared by E1, repaired by E4 task 8.16. The guard reads the monitor field `currentTransformation`; after task 7.4 the message reads `c.getAlgorithm()` on the bound object. For an object whose getInstance the monitor never observed -- the 156 MessageDigestSpec rows that ended in `but found .`, Guava's prototype.clone() and kmp-tor -- the field is still the empty string, the guard `!matches("""")` is true, and the envelope reads val='<a value of exp>': an accusation that refutes itself in its own text. E1 does not move the guard, because guarding on the getter stops accusing those objects and that is a change of what is reported, measured by the harness under 8.16 with expected class `removed`. Until then the message gate reports the site as `self-contradicting envelope` and data/gh104/traces/CipherSpec-guard-on-field.txt keeps the case replayable."
jca_android/KeyGeneratorSpec.mop,-,currentAlgorithmInstance,-,guard-on-field: repaired,guard and message,KeyGeneratorSpec.mop:75,-,-,none,k.getAlgorithm(),-,"REPAIRED by task 8.16; the guard now tests the getter its message already names. Harness verdict: moved (label); A accused at init and gk1, B at init only -- KEYGENERATOR-ALG-00 val='AES' removed. Across all nine guard-on-field traces the B side's accusations are a strict subset of the A side's, no accusation is introduced anywhere, every self-contradicting-envelope flag is on the A side and none on B, and the message gate went from 15 findings to 0. Two labels read oddly and the cause is the classifier's granularity, not the repair: classify() compares the list of accusing event names, so it reports `removed` only when the B side accuses nothing at all -- where the removed value accusation shared its event with a surviving ORDER accusation the label is `unchanged`, and where it sat at a different event the label is `moved`. Neither was treated as the revert-triggering class, and the raw label is kept here beside what actually moved. The edits are `if` guards inside event bodies, so no automaton changed. declared by E1, repaired by E4 task 8.16. The guard reads the monitor field `currentAlgorithmInstance`; after task 7.4 the message reads `k.getAlgorithm()` on the bound object. For an object whose getInstance the monitor never observed -- the 156 MessageDigestSpec rows that ended in `but found .`, Guava's prototype.clone() and kmp-tor -- the field is still the empty string, the guard `!matches("""")` is true, and the envelope reads val='<a value of exp>': an accusation that refutes itself in its own text. E1 does not move the guard, because guarding on the getter stops accusing those objects and that is a change of what is reported, measured by the harness under 8.16 with expected class `removed`. Until then the message gate reports the site as `self-contradicting envelope` and data/gh104/traces/KeyGeneratorSpec-guard-on-field.txt keeps the case replayable."
jca_android/KeyManagerFactorySpec.mop,-,currentAlgorithmInstance,-,guard-on-field: repaired,guard and message,KeyManagerFactorySpec.mop:65,-,-,none,k.getAlgorithm(),-,"REPAIRED by task 8.16; the guard now tests the getter its message already names. Harness verdict: unchanged; the trace does not reach the value site (undefined first transition sends the monitor to fail before the body runs). Across all nine guard-on-field traces the B side's accusations are a strict subset of the A side's, no accusation is introduced anywhere, every self-contradicting-envelope flag is on the A side and none on B, and the message gate went from 15 findings to 0. Two labels read oddly and the cause is the classifier's granularity, not the repair: classify() compares the list of accusing event names, so it reports `removed` only when the B side accuses nothing at all -- where the removed value accusation shared its event with a surviving ORDER accusation the label is `unchanged`, and where it sat at a different event the label is `moved`. Neither was treated as the revert-triggering class, and the raw label is kept here beside what actually moved. The edits are `if` guards inside event bodies, so no automaton changed. declared by E1, repaired by E4 task 8.16. The guard reads the monitor field `currentAlgorithmInstance`; after task 7.4 the message reads `k.getAlgorithm()` on the bound object. For an object whose getInstance the monitor never observed -- the 156 MessageDigestSpec rows that ended in `but found .`, Guava's prototype.clone() and kmp-tor -- the field is still the empty string, the guard `!matches("""")` is true, and the envelope reads val='<a value of exp>': an accusation that refutes itself in its own text. E1 does not move the guard, because guarding on the getter stops accusing those objects and that is a change of what is reported, measured by the harness under 8.16 with expected class `removed`. Until then the message gate reports the site as `self-contradicting envelope` and data/gh104/traces/KeyManagerFactorySpec-guard-on-field.txt keeps the case replayable."
jca_android/KeyStoreSpec.mop,-,currentKSType,-,guard-on-field: repaired,guard and message,KeyStoreSpec.mop:78,-,-,none,k.getType(),-,"REPAIRED by task 8.16; the guard now tests the getter its message already names. Harness verdict: moved (label); A accused at load and gk1, B at load only. Across all nine guard-on-field traces the B side's accusations are a strict subset of the A side's, no accusation is introduced anywhere, every self-contradicting-envelope flag is on the A side and none on B, and the message gate went from 15 findings to 0. Two labels read oddly and the cause is the classifier's granularity, not the repair: classify() compares the list of accusing event names, so it reports `removed` only when the B side accuses nothing at all -- where the removed value accusation shared its event with a surviving ORDER accusation the label is `unchanged`, and where it sat at a different event the label is `moved`. Neither was treated as the revert-triggering class, and the raw label is kept here beside what actually moved. The edits are `if` guards inside event bodies, so no automaton changed. declared by E1, repaired by E4 task 8.16. The guard reads the monitor field `currentKSType`; after task 7.4 the message reads `k.getType()` on the bound object. For an object whose getInstance the monitor never observed -- the 156 MessageDigestSpec rows that ended in `but found .`, Guava's prototype.clone() and kmp-tor -- the field is still the empty string, the guard `!matches("""")` is true, and the envelope reads val='<a value of exp>': an accusation that refutes itself in its own text. E1 does not move the guard, because guarding on the getter stops accusing those objects and that is a change of what is reported, measured by the harness under 8.16 with expected class `removed`. Until then the message gate reports the site as `self-contradicting envelope` and data/gh104/traces/KeyStoreSpec-guard-on-field.txt keeps the case replayable."
jca_android/MacSpec.mop,-,currentAlgorithmInstance,-,guard-on-field: repaired,guard and message,"MacSpec.mop:59, 71",-,-,none,m.getAlgorithm(),-,"REPAIRED by task 8.16; the guard now tests the getter its message already names. Harness verdict: unchanged; the trace does not reach the value site, as for KeyManagerFactorySpec. Across all nine guard-on-field traces the B side's accusations are a strict subset of the A side's, no accusation is introduced anywhere, every self-contradicting-envelope flag is on the A side and none on B, and the message gate went from 15 findings to 0. Two labels read oddly and the cause is the classifier's granularity, not the repair: classify() compares the list of accusing event names, so it reports `removed` only when the B side accuses nothing at all -- where the removed value accusation shared its event with a surviving ORDER accusation the label is `unchanged`, and where it sat at a different event the label is `moved`. Neither was treated as the revert-triggering class, and the raw label is kept here beside what actually moved. The edits are `if` guards inside event bodies, so no automaton changed. declared by E1, repaired by E4 task 8.16. The guard reads the monitor field `currentAlgorithmInstance`; after task 7.4 the message reads `m.getAlgorithm()` on the bound object. For an object whose getInstance the monitor never observed -- the 156 MessageDigestSpec rows that ended in `but found .`, Guava's prototype.clone() and kmp-tor -- the field is still the empty string, the guard `!matches("""")` is true, and the envelope reads val='<a value of exp>': an accusation that refutes itself in its own text. E1 does not move the guard, because guarding on the getter stops accusing those objects and that is a change of what is reported, measured by the harness under 8.16 with expected class `removed`. Until then the message gate reports the site as `self-contradicting envelope` and data/gh104/traces/MacSpec-guard-on-field.txt keeps the case replayable."
jca_android/MessageDigestSpec.mop,-,currentAlgorithmInstance,-,guard-on-field: repaired,guard and message,"MessageDigestSpec.mop:80, 103",-,-,none,digest.getAlgorithm(),-,"REPAIRED by task 8.16; the guard now tests the getter its message already names. Harness verdict: unchanged (label); A accused MESSAGEDIGEST-ALG-00 val='SHA-256' at update, B accuses ORDER only at the same event. Across all nine guard-on-field traces the B side's accusations are a strict subset of the A side's, no accusation is introduced anywhere, every self-contradicting-envelope flag is on the A side and none on B, and the message gate went from 15 findings to 0. Two labels read oddly and the cause is the classifier's granularity, not the repair: classify() compares the list of accusing event names, so it reports `removed` only when the B side accuses nothing at all -- where the removed value accusation shared its event with a surviving ORDER accusation the label is `unchanged`, and where it sat at a different event the label is `moved`. Neither was treated as the revert-triggering class, and the raw label is kept here beside what actually moved. The edits are `if` guards inside event bodies, so no automaton changed. declared by E1, repaired by E4 task 8.16. The guard reads the monitor field `currentAlgorithmInstance`; after task 7.4 the message reads `digest.getAlgorithm()` on the bound object. For an object whose getInstance the monitor never observed -- the 156 MessageDigestSpec rows that ended in `but found .`, Guava's prototype.clone() and kmp-tor -- the field is still the empty string, the guard `!matches("""")` is true, and the envelope reads val='<a value of exp>': an accusation that refutes itself in its own text. E1 does not move the guard, because guarding on the getter stops accusing those objects and that is a change of what is reported, measured by the harness under 8.16 with expected class `removed`. Until then the message gate reports the site as `self-contradicting envelope` and data/gh104/traces/MessageDigestSpec-guard-on-field.txt keeps the case replayable."
jca_android/SSLContextSpec.mop,-,currentProtocol,-,guard-on-field: repaired,guard and message,SSLContextSpec.mop:69,-,-,none,ctx.getProtocol(),-,"REPAIRED by task 8.16; the guard now tests the getter its message already names. Harness verdict: unchanged (label); A accused SSLCONTEXT-PROTO-00 val='TLSv1.2' at init, B accuses ORDER only at the same event. Across all nine guard-on-field traces the B side's accusations are a strict subset of the A side's, no accusation is introduced anywhere, every self-contradicting-envelope flag is on the A side and none on B, and the message gate went from 15 findings to 0. Two labels read oddly and the cause is the classifier's granularity, not the repair: classify() compares the list of accusing event names, so it reports `removed` only when the B side accuses nothing at all -- where the removed value accusation shared its event with a surviving ORDER accusation the label is `unchanged`, and where it sat at a different event the label is `moved`. Neither was treated as the revert-triggering class, and the raw label is kept here beside what actually moved. The edits are `if` guards inside event bodies, so no automaton changed. declared by E1, repaired by E4 task 8.16. The guard reads the monitor field `currentProtocol`; after task 7.4 the message reads `ctx.getProtocol()` on the bound object. For an object whose getInstance the monitor never observed -- the 156 MessageDigestSpec rows that ended in `but found .`, Guava's prototype.clone() and kmp-tor -- the field is still the empty string, the guard `!matches("""")` is true, and the envelope reads val='<a value of exp>': an accusation that refutes itself in its own text. E1 does not move the guard, because guarding on the getter stops accusing those objects and that is a change of what is reported, measured by the harness under 8.16 with expected class `removed`. Until then the message gate reports the site as `self-contradicting envelope` and data/gh104/traces/SSLContextSpec-guard-on-field.txt keeps the case replayable."
jca_android/SignatureSpec.mop,-,currentAlgorithmInstance,-,guard-on-field: repaired,guard and message,"SignatureSpec.mop:71, 81, 91, 101",-,-,none,s.getAlgorithm(),-,"REPAIRED by task 8.16; the guard now tests the getter its message already names. Harness verdict: unchanged; the trace does not reach the value site, as for KeyManagerFactorySpec. Across all nine guard-on-field traces the B side's accusations are a strict subset of the A side's, no accusation is introduced anywhere, every self-contradicting-envelope flag is on the A side and none on B, and the message gate went from 15 findings to 0. Two labels read oddly and the cause is the classifier's granularity, not the repair: classify() compares the list of accusing event names, so it reports `removed` only when the B side accuses nothing at all -- where the removed value accusation shared its event with a surviving ORDER accusation the label is `unchanged`, and where it sat at a different event the label is `moved`. Neither was treated as the revert-triggering class, and the raw label is kept here beside what actually moved. The edits are `if` guards inside event bodies, so no automaton changed. declared by E1, repaired by E4 task 8.16. The guard reads the monitor field `currentAlgorithmInstance`; after task 7.4 the message reads `s.getAlgorithm()` on the bound object. For an object whose getInstance the monitor never observed -- the 156 MessageDigestSpec rows that ended in `but found .`, Guava's prototype.clone() and kmp-tor -- the field is still the empty string, the guard `!matches("""")` is true, and the envelope reads val='<a value of exp>': an accusation that refutes itself in its own text. E1 does not move the guard, because guarding on the getter stops accusing those objects and that is a change of what is reported, measured by the harness under 8.16 with expected class `removed`. Until then the message gate reports the site as `self-contradicting envelope` and data/gh104/traces/SignatureSpec-guard-on-field.txt keeps the case replayable."
jca_android/TrustManagerFactorySpec.mop,-,currentAlgorithmInstance,-,guard-on-field: repaired,guard and message,TrustManagerFactorySpec.mop:67,-,-,none,mf.getAlgorithm(),-,"REPAIRED by task 8.16; the guard now tests the getter its message already names. Harness verdict: unchanged (label); A accused TRUSTMANAGERFACTORY-ALG-00 val='PKIX' at init, B accuses ORDER only at the same event. Across all nine guard-on-field traces the B side's accusations are a strict subset of the A side's, no accusation is introduced anywhere, every self-contradicting-envelope flag is on the A side and none on B, and the message gate went from 15 findings to 0. Two labels read oddly and the cause is the classifier's granularity, not the repair: classify() compares the list of accusing event names, so it reports `removed` only when the B side accuses nothing at all -- where the removed value accusation shared its event with a surviving ORDER accusation the label is `unchanged`, and where it sat at a different event the label is `moved`. Neither was treated as the revert-triggering class, and the raw label is kept here beside what actually moved. The edits are `if` guards inside event bodies, so no automaton changed. declared by E1, repaired by E4 task 8.16. The guard reads the monitor field `currentAlgorithmInstance`; after task 7.4 the message reads `mf.getAlgorithm()` on the bound object. For an object whose getInstance the monitor never observed -- the 156 MessageDigestSpec rows that ended in `but found .`, Guava's prototype.clone() and kmp-tor -- the field is still the empty string, the guard `!matches("""")` is true, and the envelope reads val='<a value of exp>': an accusation that refutes itself in its own text. E1 does not move the guard, because guarding on the getter stops accusing those objects and that is a change of what is reported, measured by the harness under 8.16 with expected class `removed`. Until then the message gate reports the site as `self-contradicting envelope` and data/gh104/traces/TrustManagerFactorySpec-guard-on-field.txt keeps the case replayable."
jca_android/SSLContextSpec.mop,tools/rules/SSLContext.crysl,createSSLEngine,-,measured-not-repaired in jca; repaired in jca_android at 9.1,no text change,SSLContextSpec.mop:64 (seed line; located by symbol),-,-,none,-,-,"The pointcut declares createSSLEngine returning void; javap on $ANDROID_HOME/platforms/android-30/android.jar gives javax.net.ssl.SSLEngine, and both weavers gate the return type exactly, so the advice was generated and never fires. Measured and not repaired (researcher decision, 2026-08-18) because reviving it only adds accusations and the published corpus cannot size that. Unlike SignatureSpec's sign() pair (task 8.5), the automaton is not broken by it: `engine` is a 1->1 loop and the accepting state is reached by `init` (Prop_1_transition_init = {3,3,1,3}), which matches api30 SSLContext.cryptsl:39 making Engine? optional. The only loss is a predicate never written, and the predicates are carried unchanged anyway (D-11). Reviving it would accuse every createSSLEngine outside the accepting state; likely magnitude approximately 0 -- createSSLEngine occurs in none of the 197 CogniCrypt reports of dataset/cc.csv, and the corpus is dominated by OkHttp, which uses getSocketFactory(). No .mop text changed. Harness: with the return-type gate the trace resolves no advice at this line on either side, so the verdict is unchanged and the site is silent by construction. REPAIRED IN THE SUCCESSOR by gh105 task 9.1 (researcher decision, 2026-08-25, reversing the non-repair decision of 2026-08-18 recorded above): the pointcut now declares `public SSLEngine SSLContext.createSSLEngine(..)` and the event is live. This row predicted the repair's effect and the prediction held -- the dispatcher runs FindOrCreateEntry, so a context whose birth the set never observed draws SSLCONTEXT-ORDER-00 at its first createSSLEngine. Two of the three such births were closed first and on purpose (task 9.16's `(String, Provider)` overload, task 9.17's `g2`-suppressed context); the third is `getDefault()`, which task 9.9 accuses in its own right and which keeps the ordering report on top, the residue PBEKeySpecSpec.mop:183-189 already records for the identical `PBEKeySpec(char[]) => Con`. The claim about the DEX weaver's return-type gate remains ACCEPTED FROM THIS RECORD and not reproduced: nothing here was run on an emulator or woven into an APK. D-16 (2026-08-25), adendum added by task 11.4: this row was written against MetaCrySL/generated/api30/, which D-16 withdrew as an oracle of every dimension -- values, ORDER, alphabets and predicates alike -- leaving the pinned expert copy RVSec-replication-package/tools/rules/ (49 rules, sha256 d7bcc019...) as the sole oracle of this set. The api30 citation above is kept as history and is not an authority; the `rule` column names the expert rule. The one api30 citation in the sentences above is the ORDER: the expert rule states `Get, Init, Engine?` at SSLContext.crysl:26, which makes the Engine aggregate optional exactly as the generated `:39` did, so the reading of Prop_1_transition_init re-anchors word for word and the repair of task 9.1 stands on the oracle."
jca_android/TrustManagerFactorySpec.mop,tools/rules/TrustManagerFactory.crysl,getTrustManagers,-,measured-not-repaired,no text change,TrustManagerFactorySpec.mop:62-63 (seed lines; located by symbol),-,-,none,-,-,"The pointcut declares getTrustManagers returning KeyManager[] where the API returns TrustManager[], and the returning(TrustManager[][] trustManager) clause at the line above is a double array. The lineage catalogued it -- data/gh101/divergence_record.csv:101 (hunk 038a616babd0) lists four defects on gtm1, and :105-106 the same binding defect on g3 -- so this row cites those rows rather than claiming novelty. A revival would have to fix a third defect they name: gtm1 and g3 bind `k` where the specification declares its parameter `mf`, which sends both events to the empty parameter slice -- the generated dispatchers use TrustManagerFactorySpec__Map and broadcast to every live monitor of the specification (MultiSpec_1RuntimeMonitor.java:16336, :16464) while g1/g2/init use TrustManagerFactorySpec_mf_Map (:16153, :16377). It is the riskier of the two 8.7 sites: gtm1 is in the fsm (final [ gtm1 -> start ]) with the row {3,0,3,3}, so from the start state it goes straight to fail, and it sits on the specification carrying 18,029 of the corpus's 97,018 rows over 64 apps. A harness run on the revived pointcut alone would measure the broadcast (root monitor always at state 0 -> {3,0,3,3}[0] = 3 on every call, plus resets on every live monitor), not the per-object row this reasoning describes. jca_android_bug_predicate/TrustManagerFactorySpec.mop:97-107 shows all three fixes together. Measured and not repaired; no .mop text changed. D-16 (2026-08-25), adendum added by task 11.4: this row was written against MetaCrySL/generated/api30/, which D-16 withdrew as an oracle of every dimension -- values, ORDER, alphabets and predicates alike -- leaving the pinned expert copy RVSec-replication-package/tools/rules/ (49 rules, sha256 d7bcc019...) as the sole oracle of this set. The api30 citation above is kept as history and is not an authority; the `rule` column names the expert rule. What this row records is a measurement about this specification's own text -- a pointcut, an automaton, a class the platform does or does not carry -- and not a reading of the catalogue, so the substitution moves the citation and leaves the finding where it stood."
jca_android/KeyGeneratorSpec.mop,tools/rules/KeyGenerator.crysl,currentAlgorithmInstance,-,checked-non-defect,no text change,KeyGeneratorSpec.mop:47 and MessageDigestSpec.mop:55 (seed lines; located by symbol),-,-,none,-,-,"WITHDRAWN, not a defect. The lineage read `contains(currentAlgorithmInstance)` in KeyGeneratorSpec's and MessageDigestSpec's unsafe-algorithm siblings as a stale field never evaluating the fresh argument. It is not. g1 and its sibling are emitted into the same wrapper with g1 first -- MonitorWrappers.java:192-193 (KeyGenerator) and :357-358 (MessageDigest), the same order in MultiSpec_1MonitorAspect.aj:321-327 and :459-465 and in the descriptor's monitorCalls. Both resolve the same object-indexed monitor (the object is the value getInstance just returned, so the monitor is fresh) and g1's body writes currentAlgorithmInstance = alg before the sibling's condition is evaluated. The field is initialised to the empty string, never null (MultiSpec_1RuntimeMonitor.java:4749, :6362). So a safe algorithm makes g1 fire and write the field and the sibling's !contains(field) is false; an unsafe one makes g1 return early without writing, the field stays empty and !contains("""") is true. The sibling fires exactly when !contains(alg), which is what the proposed repair would have produced. The fragility is named and is weaker than first stated: on a fresh monitor the equivalence survives even the reverse order (g4* g1 is accepted by the ere, g4[0] = 0), so what remains is a declaration-order dependence for a reused object. The corpus agrees: KeyGeneratorSpec has 0 rows of 97,018, and no MessageDigestSpec row carries a safe algorithm in its `but found` -- the distinct values are MD5 3,552, SHA-1 1,915, SHA1 424, SHA 1 and `.` 156 -- which is the signature a stale field would have left. The 156 empty ones come from objects that saw no getInstance event at all (Guava's prototype.clone(), kmp-tor): a different cause, handled by task 7.4 for the message and task 8.16 for the guard. No edit made. D-16 (2026-08-25), adendum added by task 11.4: this row was written against MetaCrySL/generated/api30/, which D-16 withdrew as an oracle of every dimension -- values, ORDER, alphabets and predicates alike -- leaving the pinned expert copy RVSec-replication-package/tools/rules/ (49 rules, sha256 d7bcc019...) as the sole oracle of this set. The api30 citation above is kept as history and is not an authority; the `rule` column names the expert rule. What this row records is a measurement about this specification's own text -- a pointcut, an automaton, a class the platform does or does not carry -- and not a reading of the catalogue, so the substitution moves the citation and leaves the finding where it stood."
jca_android/KeyStoreSpec.mop,tools/rules/KeyStore.crysl,ks / k,-,measured-not-repaired in jca; repaired in jca_android at 9.14 and 9.16,no text change,-,-,-,none,-,-,"(a) KeyStoreSpec is non-parametric. The specification declares `ks` and every event binds `k` (seed :30,38,45,51,55,59,63), so the generator emits one process-wide monitor (KeyStoreSpec__Map, MultiSpec_1RuntimeMonitor.java:9082; all seven dispatchers use it) instead of one per key store. With the row g1 = {4,4,5,5,5,5} (:5805, fail = 5), a second getInstance before the first load fails. Corpus mass: 8,655 InvalidSequenceOfMethodCalls rows over 22 apps, plus 2,005 InvalidKeyStoreType. api30 also admits getInstance(String, Provider) (Gets), which the .mop lacks -- its g2 is the same one-argument pointcut split by the type list. Repairing it changes what is accused, so it is recorded and not repaired. REPAIRED IN THE SUCCESSOR by gh105 tasks 9.14 and 9.16 (researcher decision, 2026-08-25, the two sequenced as one because they touch the same file and the same mass). 9.14 makes the declared parameter the name every event binds, so the generator indexes one monitor per key store instead of one per process; 9.16 adds the `g3` event over `getInstance(String, Object+)`, taking the file from 7 to 8 of the 17 events the ceiling allows. Measured on the harness: `KeyStoreSpec-two-stores.txt` goes from two KEYSTORE-ORDER-00 rows to none, and `KeyStoreSpec-provider-object.txt` from one to none. Corpus mass stays where it was measured and says so: it was taken on the published jca campaign, over the frozen seed, so it is a ceiling on what the successor's repair could move and never a causal attribution -- and the weaver was repaired between that campaign and today. A second-order effect is declared with the pair: the single process-wide monitor, once in the `fail` sink, absorbed everything after it into one accusation, so a parametric set can raise the raw row count while the set of accused programs shrinks. D-16 (2026-08-25), adendum added by task 11.4: this row was written against MetaCrySL/generated/api30/, which D-16 withdrew as an oracle of every dimension -- values, ORDER, alphabets and predicates alike -- leaving the pinned expert copy RVSec-replication-package/tools/rules/ (49 rules, sha256 d7bcc019...) as the sole oracle of this set. The api30 citation above is kept as history and is not an authority; the `rule` column names the expert rule. The sentence about `getInstance(String, Provider)` was written against the generated EVENTS; the expert ORDER is `Get, Load, ((GetEntry?, GetKey) | (SetEntry, Store))*` at KeyStore.crysl:49, and which calls its `Get` aggregate holds is answered by order_alphabet_map_expert.csv, re-derived against the oracle at task 11.2. The measurement this row records is about the .mop's own pointcut set and does not move with the answer."
jca_android/CipherInputStreamSpec.mop,tools/rules/CipherInputStream.crysl,(none),-,measured-not-repaired in jca; repaired in jca_android at 9.15,no text change,-,-,-,none,-,-,"(b) CipherInputStreamSpec and CipherOutputStreamSpec are non-parametric: the specification line declares no parameter, so the generator emits a single instance (MultiSpec_1RuntimeMonitor.java:9043, :9045). With c1 = {3,4,4,4,4} and {2,4,4,4,4} a second stream, or a concurrent one, fails. Corpus mass: 0 rows of 97,018. Recorded, not repaired. REPAIRED IN THE SUCCESSOR by gh105 task 9.15 (researcher decision, 2026-08-25): both files declare the stream they monitor and every event binds it -- the constructor through `returning`, the rest through `target`, because declaring the parameter alone would leave the events broadcasting over the whole monitor set. Repaired rather than left recorded, which the task offered as the alternative, because repairing KeyStoreSpec at 9.14 and leaving these two would keep in the set the inconsistency this change exists to remove. The 0-of-97,018 measurement is why this repair moves no published number, and the evidence says exactly that rather than claiming a delta: its only witness is the harness trace written for it. D-16 (2026-08-25), adendum added by task 11.4: this row was written against MetaCrySL/generated/api30/, which D-16 withdrew as an oracle of every dimension -- values, ORDER, alphabets and predicates alike -- leaving the pinned expert copy RVSec-replication-package/tools/rules/ (49 rules, sha256 d7bcc019...) as the sole oracle of this set. The api30 citation above is kept as history and is not an authority; the `rule` column names the expert rule. What this row records is a measurement about this specification's own text -- a pointcut, an automaton, a class the platform does or does not carry -- and not a reading of the catalogue, so the substitution moves the citation and leaves the finding where it stood."
jca_android/MacSpec.mop,tools/rules/Mac.crysl,f2 / g3 / f1 / unsafe_protocol,-,measured-not-repaired; MacSpec.f2 repaired at 5.3,no text change,-,-,-,none,-,-,"(c) Empty-binding broadcasts. Four events across the set bind no monitored object, so the generator gives them the specification's parameterless map and each fires on the root monitor and its stateTransitionedSet over every live monitor of the specification: MacSpec.f2 (seed :76-79, target(m) with m not an event formal -> MacSpec__Map, MultiSpec_1RuntimeMonitor.java:12803; under ajc the pattern target(m) names no type and never matches), PBEKeySpecSpec.f1/f2 (:21,27, no returning -> PBEKeySpecSpec__Map, :13303, :13334), SSLContextSpec.unsafe_protocol (:46, binds no SSLContext -> SSLContextSpec__Map, :15920) and TrustManagerFactorySpec.g3/gtm1 (the 8.7 row above). MacSpec.f2 is repaired at task 5.3 and is no longer one of them: the event gained the `Mac m` formal its `target(m)` always named, and `MacSpec__Map` is gone from the generated monitor. The repair travelled with ledger clause #22, whose only realisable site this event is, because the read had no object to read and its accusation could not have been told apart from the spurious ordering report already there -- measured on three traces against the pre-image, this tree and the frozen control alike, all three drawing MAC-ORDER-00 at this event including the conforming one, and the conforming one silent after the repair. The other three sites are recorded, not repaired. D-16 (2026-08-25), adendum added by task 11.4: this row was written against MetaCrySL/generated/api30/, which D-16 withdrew as an oracle of every dimension -- values, ORDER, alphabets and predicates alike -- leaving the pinned expert copy RVSec-replication-package/tools/rules/ (49 rules, sha256 d7bcc019...) as the sole oracle of this set. The api30 citation above is kept as history and is not an authority; the `rule` column names the expert rule. What this row records is a measurement about this specification's own text -- a pointcut, an automaton, a class the platform does or does not carry -- and not a reading of the catalogue, so the substitution moves the citation and leaves the finding where it stood."
jca_android/SecureRandomSpec.mop,tools/rules/SecureRandom.crysl,next2,-,measured-not-repaired in jca; repaired in jca_android at 4.5,no text change,-,-,-,none,-,-,"(d) SecureRandomSpec's end state omitted next2 (nextBytes), and the row must say which set each half of it describes. REPAIRED IN THE SUCCESSOR by gh105 task 4.5 (commit a7e97294): today's fsm lists next2 -> end and the monitor regenerated on 2026-08-25 reads Prop_1_transition_next2 = {3,1,1,3}, so a second nextBytes() is a self-loop, conforming to api30 SecureRandom.cryptsl's ORDER Ins, Seeds?, Ends* with nextBytes in Ends. The row this text replaces read ""Recorded, not repaired"" and cited next2 = {3,3,1,3} (MultiSpec_1RuntimeMonitor.java:7909) -- both are the pre-4.5 monitor, and the record had gone stale against its own tree. Corpus mass: 12,400 rows over 43 apps, all InvalidSequenceOfMethodCalls -- MEASURED ON THE PUBLISHED jca CAMPAIGN, whose frozen set still carries the omission and always will; it is a ceiling on what the successor's repair could move and never a causal attribution, and the weaver was repaired between that campaign and today. Still recorded and not repaired, in the successor as in the seed: next1 (nextInt(int)), next3 (nextInt()) and ints have no rule event, because the rule's next(int) is protected. Originally flagged by the audit (batchD/beta_effective_automata.md:118). Row rewritten by task 9.12, which carries no spec text and no harness pair: the defect it was scheduled to repair had already been repaired inside this same change, and what was left was the register catching up (verified 2026-08-25; the previous adjudication copied this item without checking the tree). D-16 (2026-08-25), adendum added by task 11.4: this row was written against MetaCrySL/generated/api30/, which D-16 withdrew as an oracle of every dimension -- values, ORDER, alphabets and predicates alike -- leaving the pinned expert copy RVSec-replication-package/tools/rules/ (49 rules, sha256 d7bcc019...) as the sole oracle of this set. The api30 citation above is kept as history and is not an authority; the `rule` column names the expert rule. The expert ORDER is `Ins, (Seed?, End*)*` at SecureRandom.crysl:39 where the generated one was `Ins, Seeds?, Ends*`. The two differ -- the oracle lets the seed/next group repeat -- but not on the point this row makes: a second nextBytes() is inside the starred group either way, so Prop_1_transition_next2 = {3,1,1,3} conforms to the oracle as it did to the generated rule. Where the two ORDERs genuinely part company is the business of task 11.6, under the 9.B discipline; it is not settled here."
jca_android/CipherSpec.mop,tools/rules/Cipher.crysl,s3 / s2 / end,-,measured-not-repaired in jca; partially repaired in jca_android at 9.13,no text change,-,-,-,none,-,-,"(e) CipherSpec's s3 has no update loop and s2/end no re-init. u1[1] = 5 (MultiSpec_1RuntimeMonitor.java:3593, fail = 5) makes `init; update; update` fail, and i1[2] = i1[4] = 5 makes Inits+ fail; api30 Cipher.cryptsl gives ORDER Gets, Inits+, w+ | (FINWOU | (updates+, DOFINALS))+. Corpus mass: 10,814 rows over 21 apps. Repairing it would need new events against the INV-INS-115 ceiling (17 events generate in 53 s / 3.3 GB, 18 raise StackOverflowError). Recorded, not repaired. PARTIALLY REPAIRED IN THE SUCCESSOR by gh105 task 9.13 (researcher decision, 2026-08-25), and the scope is the point. Two transitions both oracles license were added over events that already exist -- the `update` loop at `s3` (api30 `updates+`, expert `Update+`) and the `init` loop at `s2` (`Inits+`/`Init+`) -- so the `fsm` gains no event and the 17-event ceiling is untouched, which corrects this row's own remark that repairing would need new events. The third transition, a re-`init` at `end` (the ""reused Cipher""), was REFUSED: neither ORDER returns from the finals group to `Inits`, so it would make the specification more permissive than both oracles, and it is a project decision with its own row rather than a conformance repair. Corpus mass stays where it was measured and says so: it was taken on the published jca campaign, over the frozen seed, so it is a ceiling on what the successor's repair could move and never a causal attribution -- and the weaver was repaired between that campaign and today. The mass is a ceiling across both repaired classes together; this record does not split them. D-16 (2026-08-25), adendum added by task 11.4: this row was written against MetaCrySL/generated/api30/, which D-16 withdrew as an oracle of every dimension -- values, ORDER, alphabets and predicates alike -- leaving the pinned expert copy RVSec-replication-package/tools/rules/ (49 rules, sha256 d7bcc019...) as the sole oracle of this set. The api30 citation above is kept as history and is not an authority; the `rule` column names the expert rule. This row already cites both catalogues on the point that matters -- the `update` loop and the `init` loop are licensed by the generated `updates+`/`Inits+` and by the expert `Update+`/`Init+` alike -- so nothing in the finding rests on the withdrawn one. The oracle's ORDER is `Get, Init+, AADUpdate*, WKB+ | (FINWOU | (Update+, DoFinal))+` at Cipher.crysl:85."
jca_android/KeyPairSpec.mop,tools/rules/KeyPair.crysl,c1,-,measured-not-repaired in jca; repaired in jca_android at 9.11; reversed at 11.6,no text change,-,-,-,none,-,-,"(f) KeyPairSpec makes the constructor mandatory: ere c1 (gpu | gpr)* with gpu = gpr = {2,1,2} (MultiSpec_1RuntimeMonitor.java:5623-5624, fail = 2), so getPublic() on a generator-produced pair accuses; api30 KeyPair.cryptsl gives ORDER co?, (pu*, pr*)*. Corpus mass: 668 rows over 8 apps (TLSClientHandshakeKt.generateECKeys 430, CryptoUtil.generateKeyPair 218). Recorded, not repaired. REPAIRED IN THE SUCCESSOR by gh105 task 9.11 (researcher decision, 2026-08-25): the `ere` becomes `(c1 | epsilon) (gpu | gpr)*`, so the constructor is optional as api30 orders it. Not `c1?` -- the rv-monitor ERE grammar (EREParser.jj:49-60) declares `~ & | * + ^`, `epsilon` and `empty`, and no `?`, so the shorthand does not parse; the sweep that found this also found the shared G-ERE symbol check reporting `epsilon` as an undeclared event, which was a gate defect predating this change (it fired on generic_new/ListIterator_Set.mop:36 as well) and was fixed with the repair. The oracles part company here and the divergence is recorded rather than left implicit: the expert `KeyPair.crysl:20` makes the constructor mandatory, so what stood here was a faithful expert translation, and the repair follows the project convention that ORDER answers to api30 while values answer to the expert (D-15). Corpus mass stays where it was measured and says so: it was taken on the published jca campaign, over the frozen seed, so it is a ceiling on what the successor's repair could move and never a causal attribution -- and the weaver was repaired between that campaign and today. The audit's ""100% of this specification's rows"" is its own corpus estimate and is not derivable from this tree. D-16 (2026-08-25), adendum added by task 11.4: this row was written against MetaCrySL/generated/api30/, which D-16 withdrew as an oracle of every dimension -- values, ORDER, alphabets and predicates alike -- leaving the pinned expert copy RVSec-replication-package/tools/rules/ (49 rules, sha256 d7bcc019...) as the sole oracle of this set. The api30 citation above is kept as history and is not an authority; the `rule` column names the expert rule. THE CONVENTION THIS ROW INVOKES IS WITHDRAWN. Its last sentence says the repair ""follows the project convention that ORDER answers to api30 while values answer to the expert (D-15)"": that convention existed for one day and D-16 ended it. There is one oracle now, and it is `Con, (GetPubl | GetPriv)*` at KeyPair.crysl:20, which orders the constructor MANDATORY where the 9.11 automaton makes it optional. The repair of task 9.11 is not reversed here and the conclusion of this row is not re-decided: what falls is the reason. Adjudicating the automaton against the expert ORDER -- weighing the 668-line measurement that says the platform builds the pair inside generateKeyPair() and the application never calls the constructor -- is task 11.6, with a harness pair and a decision per specification. ADJUDICATED AT TASK 11.6 (researcher decision, 2026-08-26), and the decision is to reverse the 9.11 repair. There is one ORDER oracle and it makes the constructor mandatory, so the automaton is `c1 (gpu | gpr)*` again -- which is the seed's own shape, so the `ere` stops being a divergence from `jca` at all and the row's `changed_from_jca` reading of `no text change` becomes true of the automaton as well as of the literals. The 668-row corpus mass is not disputed and did not decide it: it says the report will be common in a campaign over real apps, not that the rule orders something else, and the ressalva is registered in `divergence_record.csv` so the next measurement does not read the count as a surprise. Cost measured over the corpus as it now stands, harness pair `data/gh105/evidence/harness/f8g-KeyPairSpec.md` and `f8g-SignatureSpec.md`: seven new KEYPAIR-ORDER-00 in five traces, 173 traces unchanged, nothing withdrawn. The predicate chain is untouched -- the event body runs before the transition is decided, so both halves of a rejected pair are still marked, and no NOBS appears anywhere in the pair. `creation event c1` was weighed as the alternative that would give a faithful ORDER with no accusation, and refused: without a monitor the event body does not run, and this file is the set's only producer of `generatedPubkey`/`generatedPrivkey` besides `KeyStoreSpec`."
jca_android/SignatureSpec.mop,tools/rules/Signature.crysl,"getInstance(String, Provider)",-,measured-not-repaired in jca; repaired in jca_android at 9.16,no text change,-,-,-,none,-,-,"(g) getInstance(String, Provider) is bound in none of KeyStoreSpec, SignatureSpec, MacSpec, KeyPairGeneratorSpec and SSLContextSpec, though javap shows the overload on all five (KeyStore is the .mop's gap, not the platform's: android-30 has KeyStore.getInstance(String, String), which the .mop also lacks, and getInstance(File, ...) besides). An object obtained through the unbound overload reaches its next event with the monitor at state 0, where every row is fail: Signature i1[0] = 8, Mac i1[0] = 4, KeyStore load[0] = 5, KeyPairGenerator init1[0] = 4, SSLContext init[0] = 3. This is the door task 8.4 closes for KeyPairGeneratorSpec's NullPointerException; closing the accusation itself is behavioural. Recorded, not repaired. REPAIRED IN THE SUCCESSOR by gh105 task 9.16 (researcher decision, 2026-08-25): four of the five files widen their existing two-argument pointcut to `(String, Object+)` and add no event; only KeyStoreSpec, which had no two-argument form at all, spends one. `Object+` and not `..`, because the trace harness's resolver stops at the first wildcard of a `call(...)` signature (KeyManagerFactorySpec.mop:87-90) -- and the expert rule writes the same shape, `g2: getInstance(protocol, _)`. Measured on the harness with a Provider object bound through `Security.getProvider`, which is the form the trace grammar can express: both new traces go from an ORDER accusation to silence. Corpus mass stays where it was measured and says so: it was taken on the published jca campaign, over the frozen seed, so it is a ceiling on what the successor's repair could move and never a causal attribution -- and the weaver was repaired between that campaign and today. D-16 (2026-08-25), adendum added by task 11.4: this row was written against MetaCrySL/generated/api30/, which D-16 withdrew as an oracle of every dimension -- values, ORDER, alphabets and predicates alike -- leaving the pinned expert copy RVSec-replication-package/tools/rules/ (49 rules, sha256 d7bcc019...) as the sole oracle of this set. The api30 citation above is kept as history and is not an authority; the `rule` column names the expert rule. What this row records is a measurement about this specification's own text -- a pointcut, an automaton, a class the platform does or does not carry -- and not a reading of the catalogue, so the substitution moves the citation and leaves the finding where it stood."
jca_android/PBEKeySpecSpec.mop,tools/rules/PBEKeySpec.crysl,err1/err2/err3/f1/f2,-,measured-not-repaired,no text change,-,-,-,none,-,-,"(h) Every clause-encoding orphan double-reports. The 17 orphans-with-clause of design D-7 all carry all-fail rows (PBEKeySpecSpec err1/err2/err3/f1/f2 = {3,3,3,3} at MultiSpec_1RuntimeMonitor.java:6723-6728, IvParameterSpec c3/c4 = {2,2,2} at :4535-4536, PBEParameterSpecSpec c3, SSLContextSpec unsafe_protocol, TrustManagerFactorySpec g3, SecureRandomSpec c3/g4/setSeed3, KeyPairGeneratorSpec initError = {4,4,4,4,4}): the generated event method runs the guard, then the body that reports, then the transition, and the dispatcher then calls Prop_1_handler_fail -- a second, unlabelled InvalidSequenceOfMethodCalls and a __RESET (:6816-6833 and :13534-13540 for err1; :4612-4620, :4646-4649 for c3). Corpus footprint: SSLContextSpec 17,510 sequence rows against 2 x 8,802 UnsafeProtocol = 17,604 (the unsafe_protocol fail plus init from state 0); TrustManagerFactorySpec 9,015 against 9,014 UnsafeAlgorithm. Correct in what they report, wrong in what they transition to; a self-loop in the ere/fsm, or a silent handler when __EVENTNAME names an orphan, would fix it. Behavioural, deferred: recorded, not repaired. D-16 (2026-08-25), adendum added by task 11.4: this row was written against MetaCrySL/generated/api30/, which D-16 withdrew as an oracle of every dimension -- values, ORDER, alphabets and predicates alike -- leaving the pinned expert copy RVSec-replication-package/tools/rules/ (49 rules, sha256 d7bcc019...) as the sole oracle of this set. The api30 citation above is kept as history and is not an authority; the `rule` column names the expert rule. What this row records is a measurement about this specification's own text -- a pointcut, an automaton, a class the platform does or does not carry -- and not a reading of the catalogue, so the substitution moves the citation and leaves the finding where it stood."
jca_android/TrustManagerFactorySpec.mop,tools/rules/TrustManagerFactory.crysl,g1 / g2 / g3,-,measured-not-repaired,no text change,-,-,-,none,-,-,"(i) DEX-path double fire on one-argument getInstance. MonitorWrappers.java:538-544 calls g1Event, g2Event and g3Event for TrustManagerFactory.getInstance(String), and :429-434 calls g1, g2 and g4 for SecureRandom.getInstance(String). With TMF g1 = g2 = {2,2,3,3}, g2 from state 2 is fail, __RESET, and then init[0] = 3 fails again; SecureRandom g1 = g2 = {2,3,3,3} does the same, then next2[0] = 3. So on the DEX path every safe TrustManagerFactory.getInstance(""PKIX"") and SecureRandom.getInstance(""SHA1PRNG"") accuses, and its next call accuses again. AspectJ's args(alg, *) (MultiSpec_1MonitorAspect.aj:586-588, :691) requires exactly two arguments and does not do this. Corpus mass: comp162 TrustManagerFactorySpec 2,855 sequence rows against 61 UnsafeAlgorithm, SecureRandomSpec 2,882, all sequence. This is the live cost of the arity defect Group 4 counts (design D-6), which keeps the counter and names the cost; E0 carries the ratios. Recorded, not repaired. Recorded without a row of its own, the DEX-only dead residue the weave log lists as plansSkippedAliasing: besides the four return-type mismatches, SecretKeySpec_e1 (the interface method SecretKey.getEncoded) and SecureRandomSpec_next3/ints (nextInt() and ints(..) are declared on Random, not SecureRandom, and the DEX matcher keys on the declaring class) are not emitted on the DEX path -- a different family from the return-type one, and a candidate for a future gate. D-16 (2026-08-25), adendum added by task 11.4: this row was written against MetaCrySL/generated/api30/, which D-16 withdrew as an oracle of every dimension -- values, ORDER, alphabets and predicates alike -- leaving the pinned expert copy RVSec-replication-package/tools/rules/ (49 rules, sha256 d7bcc019...) as the sole oracle of this set. The api30 citation above is kept as history and is not an authority; the `rule` column names the expert rule. What this row records is a measurement about this specification's own text -- a pointcut, an automaton, a class the platform does or does not carry -- and not a reading of the catalogue, so the substitution moves the citation and leaves the finding where it stood."
jca_android/KeyPairGeneratorSpec.mop,tools/rules/KeyPairGenerator.crysl,@fail / __RESET,-,reverted; reimplemented at 9.2,no text change (reverted),KeyPairGeneratorSpec.mop:116-121,-,-,none,-,-,"Task 8.15, MEASURED AND REVERTED. This specification's @fail handler reports and removes the GENERATED_KEY_PAIR property and does not reset, where the other 20 @fail handlers of the set do. Because Category_fail is sticky (MultiSpec_1RuntimeMonitor.java:11398-11404: the dispatcher re-runs Prop_1_handler_fail on every later dispatch while the flag holds, condition-false ones included), a monitor that once reached fail reports again on every following init*/gen/getInstance of the same object. Adding __RESET; after the addError is therefore correct by construction and was applied, measured and taken out again, because the differential harness cannot produce the verdict the task requires. It classified `unchanged` on all 62 traces, including data/gh104/traces/KeyPairGeneratorSpec-sticky-fail.txt, which was written for this measurement: it binds the generator without dispatching a getInstance (so the algorithm field stays null and task 8.4's guard makes the initialize dispatch condition-false), reaches fail at gen, and then dispatches. The reason the repeat is invisible is not harness infidelity, it is the production write path: __LOC expands to com.runtimeverification.rvmonitor.java.rt.ViolationRecorder.getLineOfCode(), a stack walk, and ErrorCollector.addError writes a row only when errors.add(err) succeeds, over an ErrorSummary of (spec, error, class, method, location). A handler re-running at the same location is already suppressed before it reaches errors.csv, and TraceRunner replays every event through one reflective frame, so every location is the same one. What 8.15 removes in production is the repeat at each SUBSEQUENT call site, which a single-site replay cannot stage. The task's rule is that a verdict outside the expected class reverts the edit and records why, so the edit is reverted and the reason is this row. Measuring it needs either a replay that gives each trace line its own call site or a device run; the corpus subset to compare against is inside the 16 KeyPairGeneratorSpec rows, all InvalidSequenceOfMethodCalls, the repeats being those sharing (class, method, source) with an earlier row. Independent of task 8.4, which closes the NullPointerException door in the same file. SUPERSEDED BY TASK 9.2 (2026-08-25). The sentences above record the 8.15 measurement and are kept so that pass stays readable, but their conclusion no longer describes the set: `__RESET;` is in the `@fail` handler of this specification, and the 21 handlers of the set now reset alike. What changed is not the argument but the evidence admitted for it. 8.15 took the repair out because the differential harness classified all 62 traces `unchanged` and the task required a harness verdict; 9.2 kept it because the harness cannot produce one here by construction -- the re-emission it removes happens on dispatches whose `condition(...)` is false, which transition nothing and so appear in no trace the harness can distinguish -- and read the generated monitor instead, where the repair is visible as a `reset()` that clears `Category_fail` and returns the pair to state 0 (`data/gh105/evidence/f6-KeyPairGeneratorSpec-reset.md`). Adendum added by task 10.5. D-16 (2026-08-25), adendum added by task 11.4: this row was written against MetaCrySL/generated/api30/, which D-16 withdrew as an oracle of every dimension -- values, ORDER, alphabets and predicates alike -- leaving the pinned expert copy RVSec-replication-package/tools/rules/ (49 rules, sha256 d7bcc019...) as the sole oracle of this set. The api30 citation above is kept as history and is not an authority; the `rule` column names the expert rule. What this row records is a measurement about this specification's own text -- a pointcut, an automaton, a class the platform does or does not carry -- and not a reading of the catalogue, so the substitution moves the citation and leaves the finding where it stood."
jca_android/HMACParameterSpecSpec.mop,tools/rules/HMACParameterSpec.crysl,c / @match,javax.xml.crypto.dsig.spec.HMACParameterSpec,measured-not-repaired,no text change,-,-,-,none,-,-,"The specification instruments a class the platform does not have. Its pointcut is `call(public HMACParameterSpec.new(int))` over `javax.xml.crypto.dsig.spec.HMACParameterSpec`, of the `java.xml.crypto` module: the api30 android.jar carries `javax/crypto/Mac` and `javax/crypto/spec/PBEParameterSpec` and no entry whatever under `javax/xml/crypto`, so no Android application can contain the constructor this event matches and the write of `preparedHMAC[this]` can never happen in the field. Even on a JVM the predicate reaches no consumer: over the twelve algorithms of Mac.cryptsl:71's own allow-list on Temurin 21, the six `Hmac*` reject every parameter object with ""HMAC does not use parameters"", the five `PBEwithHmac*` accept `PBEParameterSpec` only and answer ""PBEParameterSpec type required"" to this type, and `PBEwithHmacSHA`, which the allow-list names, does not exist. That is why ledger clause #21 is recorded rather than wired at task 5.2 (researcher decision, 2026-08-22) and why the G-PRED2 line of this file closes as a deliberate omission and not by a reader. Whether the specification should leave the set is a change of scope and is not decided here: recorded, not repaired. D-16 (2026-08-25), adendum added by task 11.4: this row was written against MetaCrySL/generated/api30/, which D-16 withdrew as an oracle of every dimension -- values, ORDER, alphabets and predicates alike -- leaving the pinned expert copy RVSec-replication-package/tools/rules/ (49 rules, sha256 d7bcc019...) as the sole oracle of this set. The api30 citation above is kept as history and is not an authority; the `rule` column names the expert rule. The allow-list this row probes against re-anchors on Mac.crysl:44, which states nine algorithms where the generated `:71` stated twelve: it drops HmacMD5, HmacSHA1, HmacSHA224 and `PBEwithHmacSHA` -- the name this row already reports as not existing -- and adds HmacPBESHA1 beside the `PBEWithHmac*` spellings. The Temurin 21 probe of 2026-08-22 ran over the generated twelve and is NOT re-run here, because the finding does not rest on it: the api30 android.jar carries no entry whatever under javax/xml/crypto, so the constructor this event matches cannot occur in an Android application whatever any allow-list says. That is a fact about the platform and not about a catalogue, which is why ledger clause #38 is re-derived at task 11.9 and survives verbatim."
jca_android/CipherInputStreamSpec.mop,tools/rules/CipherInputStream.crysl,-,length[data] >= offset + len,deferred-constant,no,-,-,-,none,-,length[data] >= offset + len,"clause at CipherInputStream.crysl:26. D-15 (2026-08-24) re-anchored this set's value clauses on the pinned expert copy RVSec-replication-package/tools/rules/, so this row's anchor is the EXPERT clause quoted above and not an api30 reconstruction of it -- the audit proved two such reconstructions (`pre_len > pre_off`, `len > off`) are mangled, and a row that quoted them would license implementing a bug. The expert rule declares this clause and no .mop of the frozen jca ever tested it, so the successor does not test it either: D-15 restores the lists the experts wrote and does not enlarge the set of clauses the instrument checks, since a new accusation class would carry an unmeasured false-positive rate on the corpus. Leaving it out adds no accusation -- the set is exactly as silent here as its seed was. Recorded, not repaired."
jca_android/CipherInputStreamSpec.mop,tools/rules/CipherInputStream.crysl,-,offset >= 0,deferred-constant,no,-,-,-,none,-,offset >= 0,"clause at CipherInputStream.crysl:27. D-15 (2026-08-24) re-anchored this set's value clauses on the pinned expert copy RVSec-replication-package/tools/rules/, so this row's anchor is the EXPERT clause quoted above and not an api30 reconstruction of it -- the audit proved two such reconstructions (`pre_len > pre_off`, `len > off`) are mangled, and a row that quoted them would license implementing a bug. The expert rule declares this clause and no .mop of the frozen jca ever tested it, so the successor does not test it either: D-15 restores the lists the experts wrote and does not enlarge the set of clauses the instrument checks, since a new accusation class would carry an unmeasured false-positive rate on the corpus. Leaving it out adds no accusation -- the set is exactly as silent here as its seed was. Recorded, not repaired."
jca_android/CipherInputStreamSpec.mop,tools/rules/CipherInputStream.crysl,-,len > 0,deferred-constant,no,-,-,-,none,-,len > 0,"clause at CipherInputStream.crysl:28. D-15 (2026-08-24) re-anchored this set's value clauses on the pinned expert copy RVSec-replication-package/tools/rules/, so this row's anchor is the EXPERT clause quoted above and not an api30 reconstruction of it -- the audit proved two such reconstructions (`pre_len > pre_off`, `len > off`) are mangled, and a row that quoted them would license implementing a bug. The expert rule declares this clause and no .mop of the frozen jca ever tested it, so the successor does not test it either: D-15 restores the lists the experts wrote and does not enlarge the set of clauses the instrument checks, since a new accusation class would carry an unmeasured false-positive rate on the corpus. Leaving it out adds no accusation -- the set is exactly as silent here as its seed was. Recorded, not repaired."
jca_android/CipherOutputStreamSpec.mop,tools/rules/CipherOutputStream.crysl,-,length[data] >= offset + len,deferred-constant,no,-,-,-,none,-,length[data] >= offset + len,"clause at CipherOutputStream.crysl:27. D-15 (2026-08-24) re-anchored this set's value clauses on the pinned expert copy RVSec-replication-package/tools/rules/, so this row's anchor is the EXPERT clause quoted above and not an api30 reconstruction of it -- the audit proved two such reconstructions (`pre_len > pre_off`, `len > off`) are mangled, and a row that quoted them would license implementing a bug. The expert rule declares this clause and no .mop of the frozen jca ever tested it, so the successor does not test it either: D-15 restores the lists the experts wrote and does not enlarge the set of clauses the instrument checks, since a new accusation class would carry an unmeasured false-positive rate on the corpus. Leaving it out adds no accusation -- the set is exactly as silent here as its seed was. Recorded, not repaired."
jca_android/CipherOutputStreamSpec.mop,tools/rules/CipherOutputStream.crysl,-,offset >= 0,deferred-constant,no,-,-,-,none,-,offset >= 0,"clause at CipherOutputStream.crysl:28. D-15 (2026-08-24) re-anchored this set's value clauses on the pinned expert copy RVSec-replication-package/tools/rules/, so this row's anchor is the EXPERT clause quoted above and not an api30 reconstruction of it -- the audit proved two such reconstructions (`pre_len > pre_off`, `len > off`) are mangled, and a row that quoted them would license implementing a bug. The expert rule declares this clause and no .mop of the frozen jca ever tested it, so the successor does not test it either: D-15 restores the lists the experts wrote and does not enlarge the set of clauses the instrument checks, since a new accusation class would carry an unmeasured false-positive rate on the corpus. Leaving it out adds no accusation -- the set is exactly as silent here as its seed was. Recorded, not repaired."
jca_android/CipherOutputStreamSpec.mop,tools/rules/CipherOutputStream.crysl,-,len > 0,deferred-constant,no,-,-,-,none,-,len > 0,"clause at CipherOutputStream.crysl:29. D-15 (2026-08-24) re-anchored this set's value clauses on the pinned expert copy RVSec-replication-package/tools/rules/, so this row's anchor is the EXPERT clause quoted above and not an api30 reconstruction of it -- the audit proved two such reconstructions (`pre_len > pre_off`, `len > off`) are mangled, and a row that quoted them would license implementing a bug. The expert rule declares this clause and no .mop of the frozen jca ever tested it, so the successor does not test it either: D-15 restores the lists the experts wrote and does not enlarge the set of clauses the instrument checks, since a new accusation class would carry an unmeasured false-positive rate on the corpus. Leaving it out adds no accusation -- the set is exactly as silent here as its seed was. Recorded, not repaired."
jca_android/CipherSpec.mop,tools/rules/Cipher.crysl,-,length[prePlainText] >= prePlainTextOffset + prePlainTextLen,deferred-constant,no,-,-,-,none,-,length[prePlainText] >= prePlainTextOffset + prePlainTextLen,"clause at Cipher.crysl:122. D-15 (2026-08-24) re-anchored this set's value clauses on the pinned expert copy RVSec-replication-package/tools/rules/, so this row's anchor is the EXPERT clause quoted above and not an api30 reconstruction of it -- the audit proved two such reconstructions (`pre_len > pre_off`, `len > off`) are mangled, and a row that quoted them would license implementing a bug. The expert rule declares this clause and no .mop of the frozen jca ever tested it, so the successor does not test it either: D-15 restores the lists the experts wrote and does not enlarge the set of clauses the instrument checks, since a new accusation class would carry an unmeasured false-positive rate on the corpus. Leaving it out adds no accusation -- the set is exactly as silent here as its seed was. Recorded, not repaired. D-16 (2026-08-25), adendum added by task 11.4: the generated catalogue, at Cipher.cryptsl:129, states the same clause over objects it spells `pre_plaintext`/`pre_plain_off`/`len`, and this record carried a second row for it, deferring the same constant twice under two authorities. D-16 leaves one oracle, so the two rows collapse into this one, which is anchored on the expert clause. The api30 citation is kept here as history and is not an authority."
jca_android/CipherSpec.mop,tools/rules/Cipher.crysl,-,length[preCipherText] >= preCipherTextOffset,deferred-constant,no,-,-,-,none,-,length[preCipherText] >= preCipherTextOffset,"clause at Cipher.crysl:123. D-15 (2026-08-24) re-anchored this set's value clauses on the pinned expert copy RVSec-replication-package/tools/rules/, so this row's anchor is the EXPERT clause quoted above and not an api30 reconstruction of it -- the audit proved two such reconstructions (`pre_len > pre_off`, `len > off`) are mangled, and a row that quoted them would license implementing a bug. The expert rule declares this clause and no .mop of the frozen jca ever tested it, so the successor does not test it either: D-15 restores the lists the experts wrote and does not enlarge the set of clauses the instrument checks, since a new accusation class would carry an unmeasured false-positive rate on the corpus. Leaving it out adds no accusation -- the set is exactly as silent here as its seed was. Recorded, not repaired. D-16 (2026-08-25), adendum added by task 11.4: the generated catalogue, at Cipher.cryptsl:131, states this bound with the comparison INVERTED -- `length(pre_ciphertext) <= pre_ciphertext_off`, satisfied exactly where the clause this row is about is violated, and this record carried a second row for it, deferring the same constant twice under two authorities. D-16 leaves one oracle, so the two rows collapse into this one, which is anchored on the expert clause. The api30 citation is kept here as history and is not an authority. Three of the four bounds clauses the generated rule carries in this family are inverted and the fourth (:129) is not, which is what makes the three a defect of the generating chain and not a dialect, and is the finding task 11.4 adds to the one D-15 already had about the values."
jca_android/CipherSpec.mop,tools/rules/Cipher.crysl,-,prePlainTextOffset >= 0,deferred-constant,no,-,-,-,none,-,prePlainTextOffset >= 0,"clause at Cipher.crysl:124. D-15 (2026-08-24) re-anchored this set's value clauses on the pinned expert copy RVSec-replication-package/tools/rules/, so this row's anchor is the EXPERT clause quoted above and not an api30 reconstruction of it -- the audit proved two such reconstructions (`pre_len > pre_off`, `len > off`) are mangled, and a row that quoted them would license implementing a bug. The expert rule declares this clause and no .mop of the frozen jca ever tested it, so the successor does not test it either: D-15 restores the lists the experts wrote and does not enlarge the set of clauses the instrument checks, since a new accusation class would carry an unmeasured false-positive rate on the corpus. Leaving it out adds no accusation -- the set is exactly as silent here as its seed was. Recorded, not repaired."
jca_android/CipherSpec.mop,tools/rules/Cipher.crysl,-,prePlainTextLen > 0,deferred-constant,no,-,-,-,none,-,prePlainTextLen > 0,"clause at Cipher.crysl:125. D-15 (2026-08-24) re-anchored this set's value clauses on the pinned expert copy RVSec-replication-package/tools/rules/, so this row's anchor is the EXPERT clause quoted above and not an api30 reconstruction of it -- the audit proved two such reconstructions (`pre_len > pre_off`, `len > off`) are mangled, and a row that quoted them would license implementing a bug. The expert rule declares this clause and no .mop of the frozen jca ever tested it, so the successor does not test it either: D-15 restores the lists the experts wrote and does not enlarge the set of clauses the instrument checks, since a new accusation class would carry an unmeasured false-positive rate on the corpus. Leaving it out adds no accusation -- the set is exactly as silent here as its seed was. Recorded, not repaired."
jca_android/CipherSpec.mop,tools/rules/Cipher.crysl,-,preCipherTextOffset >= 0,deferred-constant,no,-,-,-,none,-,preCipherTextOffset >= 0,"clause at Cipher.crysl:126. D-15 (2026-08-24) re-anchored this set's value clauses on the pinned expert copy RVSec-replication-package/tools/rules/, so this row's anchor is the EXPERT clause quoted above and not an api30 reconstruction of it -- the audit proved two such reconstructions (`pre_len > pre_off`, `len > off`) are mangled, and a row that quoted them would license implementing a bug. The expert rule declares this clause and no .mop of the frozen jca ever tested it, so the successor does not test it either: D-15 restores the lists the experts wrote and does not enlarge the set of clauses the instrument checks, since a new accusation class would carry an unmeasured false-positive rate on the corpus. Leaving it out adds no accusation -- the set is exactly as silent here as its seed was. Recorded, not repaired."
jca_android/CipherSpec.mop,tools/rules/Cipher.crysl,-,length[plainText] >= plainTextOffset + plainTextLen,deferred-constant,no,-,-,-,none,-,length[plainText] >= plainTextOffset + plainTextLen,"clause at Cipher.crysl:127. D-15 (2026-08-24) re-anchored this set's value clauses on the pinned expert copy RVSec-replication-package/tools/rules/, so this row's anchor is the EXPERT clause quoted above and not an api30 reconstruction of it -- the audit proved two such reconstructions (`pre_len > pre_off`, `len > off`) are mangled, and a row that quoted them would license implementing a bug. The expert rule declares this clause and no .mop of the frozen jca ever tested it, so the successor does not test it either: D-15 restores the lists the experts wrote and does not enlarge the set of clauses the instrument checks, since a new accusation class would carry an unmeasured false-positive rate on the corpus. Leaving it out adds no accusation -- the set is exactly as silent here as its seed was. Recorded, not repaired. D-16 (2026-08-25), adendum added by task 11.4: the generated catalogue, at Cipher.cryptsl:133, states this bound with the comparison INVERTED -- `length(plainText) <= plain_off + len`, and this record carried a second row for it, deferring the same constant twice under two authorities. D-16 leaves one oracle, so the two rows collapse into this one, which is anchored on the expert clause. The api30 citation is kept here as history and is not an authority."
jca_android/CipherSpec.mop,tools/rules/Cipher.crysl,-,length[cipherText] >= cipherTextOffset,deferred-constant,no,-,-,-,none,-,length[cipherText] >= cipherTextOffset,"clause at Cipher.crysl:128. D-15 (2026-08-24) re-anchored this set's value clauses on the pinned expert copy RVSec-replication-package/tools/rules/, so this row's anchor is the EXPERT clause quoted above and not an api30 reconstruction of it -- the audit proved two such reconstructions (`pre_len > pre_off`, `len > off`) are mangled, and a row that quoted them would license implementing a bug. The expert rule declares this clause and no .mop of the frozen jca ever tested it, so the successor does not test it either: D-15 restores the lists the experts wrote and does not enlarge the set of clauses the instrument checks, since a new accusation class would carry an unmeasured false-positive rate on the corpus. Leaving it out adds no accusation -- the set is exactly as silent here as its seed was. Recorded, not repaired. D-16 (2026-08-25), adendum added by task 11.4: the generated catalogue, at Cipher.cryptsl:135, states this bound with the comparison INVERTED -- `length(cipherText) <= ciphertext_off`, and this record carried a second row for it, deferring the same constant twice under two authorities. D-16 leaves one oracle, so the two rows collapse into this one, which is anchored on the expert clause. The api30 citation is kept here as history and is not an authority."
jca_android/CipherSpec.mop,tools/rules/Cipher.crysl,-,plainTextOffset >= 0,deferred-constant,no,-,-,-,none,-,plainTextOffset >= 0,"clause at Cipher.crysl:129. D-15 (2026-08-24) re-anchored this set's value clauses on the pinned expert copy RVSec-replication-package/tools/rules/, so this row's anchor is the EXPERT clause quoted above and not an api30 reconstruction of it -- the audit proved two such reconstructions (`pre_len > pre_off`, `len > off`) are mangled, and a row that quoted them would license implementing a bug. The expert rule declares this clause and no .mop of the frozen jca ever tested it, so the successor does not test it either: D-15 restores the lists the experts wrote and does not enlarge the set of clauses the instrument checks, since a new accusation class would carry an unmeasured false-positive rate on the corpus. Leaving it out adds no accusation -- the set is exactly as silent here as its seed was. Recorded, not repaired."
jca_android/CipherSpec.mop,tools/rules/Cipher.crysl,-,plainTextLen > 0,deferred-constant,no,-,-,-,none,-,plainTextLen > 0,"clause at Cipher.crysl:130. D-15 (2026-08-24) re-anchored this set's value clauses on the pinned expert copy RVSec-replication-package/tools/rules/, so this row's anchor is the EXPERT clause quoted above and not an api30 reconstruction of it -- the audit proved two such reconstructions (`pre_len > pre_off`, `len > off`) are mangled, and a row that quoted them would license implementing a bug. The expert rule declares this clause and no .mop of the frozen jca ever tested it, so the successor does not test it either: D-15 restores the lists the experts wrote and does not enlarge the set of clauses the instrument checks, since a new accusation class would carry an unmeasured false-positive rate on the corpus. Leaving it out adds no accusation -- the set is exactly as silent here as its seed was. Recorded, not repaired."
jca_android/CipherSpec.mop,tools/rules/Cipher.crysl,-,cipherTextOffset >= 0,deferred-constant,no,-,-,-,none,-,cipherTextOffset >= 0,"clause at Cipher.crysl:131. D-15 (2026-08-24) re-anchored this set's value clauses on the pinned expert copy RVSec-replication-package/tools/rules/, so this row's anchor is the EXPERT clause quoted above and not an api30 reconstruction of it -- the audit proved two such reconstructions (`pre_len > pre_off`, `len > off`) are mangled, and a row that quoted them would license implementing a bug. The expert rule declares this clause and no .mop of the frozen jca ever tested it, so the successor does not test it either: D-15 restores the lists the experts wrote and does not enlarge the set of clauses the instrument checks, since a new accusation class would carry an unmeasured false-positive rate on the corpus. Leaving it out adds no accusation -- the set is exactly as silent here as its seed was. Recorded, not repaired."
jca_android/GCMParameterSpecSpec.mop,tools/rules/GCMParameterSpec.crysl,-,length[src] >= offset + len,deferred-constant,no,-,-,-,none,-,length[src] >= offset + len,"clause at GCMParameterSpec.crysl:19. D-15 (2026-08-24) re-anchored this set's value clauses on the pinned expert copy RVSec-replication-package/tools/rules/, so this row's anchor is the EXPERT clause quoted above and not an api30 reconstruction of it -- the audit proved two such reconstructions (`pre_len > pre_off`, `len > off`) are mangled, and a row that quoted them would license implementing a bug. The expert rule declares this clause and no .mop of the frozen jca ever tested it, so the successor does not test it either: D-15 restores the lists the experts wrote and does not enlarge the set of clauses the instrument checks, since a new accusation class would carry an unmeasured false-positive rate on the corpus. Leaving it out adds no accusation -- the set is exactly as silent here as its seed was. Recorded, not repaired."
jca_android/GCMParameterSpecSpec.mop,tools/rules/GCMParameterSpec.crysl,-,offset >= 0,deferred-constant,no,-,-,-,none,-,offset >= 0,"clause at GCMParameterSpec.crysl:20. D-15 (2026-08-24) re-anchored this set's value clauses on the pinned expert copy RVSec-replication-package/tools/rules/, so this row's anchor is the EXPERT clause quoted above and not an api30 reconstruction of it -- the audit proved two such reconstructions (`pre_len > pre_off`, `len > off`) are mangled, and a row that quoted them would license implementing a bug. The expert rule declares this clause and no .mop of the frozen jca ever tested it, so the successor does not test it either: D-15 restores the lists the experts wrote and does not enlarge the set of clauses the instrument checks, since a new accusation class would carry an unmeasured false-positive rate on the corpus. Leaving it out adds no accusation -- the set is exactly as silent here as its seed was. Recorded, not repaired."
jca_android/GCMParameterSpecSpec.mop,tools/rules/GCMParameterSpec.crysl,-,len > 0,deferred-constant,no,-,-,-,none,-,len > 0,"clause at GCMParameterSpec.crysl:21. D-15 (2026-08-24) re-anchored this set's value clauses on the pinned expert copy RVSec-replication-package/tools/rules/, so this row's anchor is the EXPERT clause quoted above and not an api30 reconstruction of it -- the audit proved two such reconstructions (`pre_len > pre_off`, `len > off`) are mangled, and a row that quoted them would license implementing a bug. The expert rule declares this clause and no .mop of the frozen jca ever tested it, so the successor does not test it either: D-15 restores the lists the experts wrote and does not enlarge the set of clauses the instrument checks, since a new accusation class would carry an unmeasured false-positive rate on the corpus. Leaving it out adds no accusation -- the set is exactly as silent here as its seed was. Recorded, not repaired."
jca_android/IvParameterSpec.mop,tools/rules/IvParameterSpec.crysl,-,length[iv] >= offset + len,transcription,no,"`offset >= 0 && len >= 0 && iv.length >= offset + len` (IvParameterSpec.mop:115, the `c2` guard)",-,-,none,-,-,"clause at IvParameterSpec.crysl:17. D-16 (2026-08-25), row added by task 11.4: this clause had no row, because the record was written against MetaCrySL/generated/api30/IvParameterSpec.cryptsl, which states no CONSTRAINTS block at all -- there was nothing to enter. The oracle states three bounds clauses, and the `c2` guard of this specification already implements this one over the array the constructor receives, so the transcription is a no-op: the test is in the .mop, was in the frozen seed's, and no report moves. What the substitution changes is that the test now has a base. constraint_table.csv rows 38 and 39 already read IGUAL for this clause and the next, against a .mop line the later event fusion moved; the guard is at :115 today. This is a transcription and not a deferred constant because the monitor tests the clause, which was read from the guard's own text and not inferred from its mentioning the same objects."
jca_android/IvParameterSpec.mop,tools/rules/IvParameterSpec.crysl,-,offset >= 0,transcription,no,"`offset >= 0 && len >= 0 && iv.length >= offset + len` (IvParameterSpec.mop:115, the `c2` guard)",-,-,none,-,-,"clause at IvParameterSpec.crysl:18. D-16 (2026-08-25), row added by task 11.4: the same case as the row above -- the generated rule stated no CONSTRAINTS block, so the record had no row, and the oracle states the clause outright. The `c2` guard tests `offset >= 0` verbatim, so the transcription is a no-op and no report moves."
jca_android/IvParameterSpec.mop,tools/rules/IvParameterSpec.crysl,-,len > 0,deferred-constant,no,-,-,-,none,-,len > 0,"clause at IvParameterSpec.crysl:19. D-15 (2026-08-24) re-anchored this set's value clauses on the pinned expert copy RVSec-replication-package/tools/rules/, so this row's anchor is the EXPERT clause quoted above and not an api30 reconstruction of it -- the audit proved two such reconstructions (`pre_len > pre_off`, `len > off`) are mangled, and a row that quoted them would license implementing a bug. The expert rule declares this clause and no .mop of the frozen jca ever tested it, so the successor does not test it either: D-15 restores the lists the experts wrote and does not enlarge the set of clauses the instrument checks, since a new accusation class would carry an unmeasured false-positive rate on the corpus. Leaving it out adds no accusation -- the set is exactly as silent here as its seed was. Recorded, not repaired. D-16 (2026-08-25), adendum added by task 11.4: the sentence above says the successor does not test the clause, and it is imprecise. The `c2` guard tests `len >= 0` where the oracle states `len > 0`, so a zero length passes the guard the oracle refuses. It stays a deferred constant -- a guard that does not advance the automaton accuses nobody, so tightening it would add an accusation class and not repair one -- but what is deferred is the strictness of the bound and not the absence of a test."
jca_android/KeyManagerFactorySpec.mop,tools/rules/KeyManagerFactory.crysl,-,"neverTypeOf[password, java.lang.String]",deferred-constant,no,-,-,-,none,-,"neverTypeOf[password, java.lang.String]","clause at KeyManagerFactory.crysl:26. D-15 (2026-08-24) re-anchored this set's value clauses on the pinned expert copy RVSec-replication-package/tools/rules/, so this row's anchor is the EXPERT clause quoted above and not an api30 reconstruction of it -- the audit proved two such reconstructions (`pre_len > pre_off`, `len > off`) are mangled, and a row that quoted them would license implementing a bug. The expert rule declares this clause and no .mop of the frozen jca ever tested it, so the successor does not test it either: D-15 restores the lists the experts wrote and does not enlarge the set of clauses the instrument checks, since a new accusation class would carry an unmeasured false-positive rate on the corpus. Leaving it out adds no accusation -- the set is exactly as silent here as its seed was. Recorded, not repaired. D-16 (2026-08-25), adendum added by task 11.4: the generated catalogue, at KeyManagerFactory.cryptsl:39, states the same clause, and this record carried a second row for it, deferring the same constant twice under two authorities. D-16 leaves one oracle, so the two rows collapse into this one, which is anchored on the expert clause. The api30 citation is kept here as history and is not an authority."
jca_android/KeyManagerFactorySpec.mop,tools/rules/KeyManagerFactory.crysl,-,notHardCoded[password],deferred-constant,no,-,-,-,none,-,notHardCoded[password],"clause at KeyManagerFactory.crysl:27. D-15 (2026-08-24) re-anchored this set's value clauses on the pinned expert copy RVSec-replication-package/tools/rules/, so this row's anchor is the EXPERT clause quoted above and not an api30 reconstruction of it -- the audit proved two such reconstructions (`pre_len > pre_off`, `len > off`) are mangled, and a row that quoted them would license implementing a bug. The expert rule declares this clause and no .mop of the frozen jca ever tested it, so the successor does not test it either: D-15 restores the lists the experts wrote and does not enlarge the set of clauses the instrument checks, since a new accusation class would carry an unmeasured false-positive rate on the corpus. Leaving it out adds no accusation -- the set is exactly as silent here as its seed was. Recorded, not repaired."
jca_android/KeyStoreSpec.mop,tools/rules/KeyStore.crysl,-,"neverTypeOf[passwordIn, java.lang.String]",deferred-constant,no,-,-,-,none,-,"neverTypeOf[passwordIn, java.lang.String]","clause at KeyStore.crysl:53. D-15 (2026-08-24) re-anchored this set's value clauses on the pinned expert copy RVSec-replication-package/tools/rules/, so this row's anchor is the EXPERT clause quoted above and not an api30 reconstruction of it -- the audit proved two such reconstructions (`pre_len > pre_off`, `len > off`) are mangled, and a row that quoted them would license implementing a bug. The expert rule declares this clause and no .mop of the frozen jca ever tested it, so the successor does not test it either: D-15 restores the lists the experts wrote and does not enlarge the set of clauses the instrument checks, since a new accusation class would carry an unmeasured false-positive rate on the corpus. Leaving it out adds no accusation -- the set is exactly as silent here as its seed was. Recorded, not repaired. D-16 (2026-08-25), adendum added by task 11.4: the generated catalogue, at KeyStore.cryptsl:83, states the same clause, and this record carried a second row for it, deferring the same constant twice under two authorities. D-16 leaves one oracle, so the two rows collapse into this one, which is anchored on the expert clause. The api30 citation is kept here as history and is not an authority."
jca_android/KeyStoreSpec.mop,tools/rules/KeyStore.crysl,-,"neverTypeOf[passwordOut, java.lang.String]",deferred-constant,no,-,-,-,none,-,"neverTypeOf[passwordOut, java.lang.String]","clause at KeyStore.crysl:54. D-15 (2026-08-24) re-anchored this set's value clauses on the pinned expert copy RVSec-replication-package/tools/rules/, so this row's anchor is the EXPERT clause quoted above and not an api30 reconstruction of it -- the audit proved two such reconstructions (`pre_len > pre_off`, `len > off`) are mangled, and a row that quoted them would license implementing a bug. The expert rule declares this clause and no .mop of the frozen jca ever tested it, so the successor does not test it either: D-15 restores the lists the experts wrote and does not enlarge the set of clauses the instrument checks, since a new accusation class would carry an unmeasured false-positive rate on the corpus. Leaving it out adds no accusation -- the set is exactly as silent here as its seed was. Recorded, not repaired. D-16 (2026-08-25), adendum added by task 11.4: the generated catalogue, at KeyStore.cryptsl:85, states the same clause, and this record carried a second row for it, deferring the same constant twice under two authorities. D-16 leaves one oracle, so the two rows collapse into this one, which is anchored on the expert clause. The api30 citation is kept here as history and is not an authority."
jca_android/KeyStoreSpec.mop,tools/rules/KeyStore.crysl,-,"neverTypeOf[passwordKey, java.lang.String]",deferred-constant,no,-,-,-,none,-,"neverTypeOf[passwordKey, java.lang.String]","clause at KeyStore.crysl:55. D-15 (2026-08-24) re-anchored this set's value clauses on the pinned expert copy RVSec-replication-package/tools/rules/, so this row's anchor is the EXPERT clause quoted above and not an api30 reconstruction of it -- the audit proved two such reconstructions (`pre_len > pre_off`, `len > off`) are mangled, and a row that quoted them would license implementing a bug. The expert rule declares this clause and no .mop of the frozen jca ever tested it, so the successor does not test it either: D-15 restores the lists the experts wrote and does not enlarge the set of clauses the instrument checks, since a new accusation class would carry an unmeasured false-positive rate on the corpus. Leaving it out adds no accusation -- the set is exactly as silent here as its seed was. Recorded, not repaired. D-16 (2026-08-25), adendum added by task 11.4: the generated catalogue, at KeyStore.cryptsl:87, states the same clause, and this record carried a second row for it, deferring the same constant twice under two authorities. D-16 leaves one oracle, so the two rows collapse into this one, which is anchored on the expert clause. The api30 citation is kept here as history and is not an authority."
jca_android/KeyStoreSpec.mop,tools/rules/KeyStore.crysl,-,notHardCoded[passwordIn],deferred-constant,no,-,-,-,none,-,notHardCoded[passwordIn],"clause at KeyStore.crysl:56. D-15 (2026-08-24) re-anchored this set's value clauses on the pinned expert copy RVSec-replication-package/tools/rules/, so this row's anchor is the EXPERT clause quoted above and not an api30 reconstruction of it -- the audit proved two such reconstructions (`pre_len > pre_off`, `len > off`) are mangled, and a row that quoted them would license implementing a bug. The expert rule declares this clause and no .mop of the frozen jca ever tested it, so the successor does not test it either: D-15 restores the lists the experts wrote and does not enlarge the set of clauses the instrument checks, since a new accusation class would carry an unmeasured false-positive rate on the corpus. Leaving it out adds no accusation -- the set is exactly as silent here as its seed was. Recorded, not repaired."
jca_android/MacSpec.mop,tools/rules/Mac.crysl,-,length[output1] > outOffset,deferred-constant,no,-,-,-,none,-,length[output1] > outOffset,"clause at Mac.crysl:45. D-15 (2026-08-24) re-anchored this set's value clauses on the pinned expert copy RVSec-replication-package/tools/rules/, so this row's anchor is the EXPERT clause quoted above and not an api30 reconstruction of it -- the audit proved two such reconstructions (`pre_len > pre_off`, `len > off`) are mangled, and a row that quoted them would license implementing a bug. The expert rule declares this clause and no .mop of the frozen jca ever tested it, so the successor does not test it either: D-15 restores the lists the experts wrote and does not enlarge the set of clauses the instrument checks, since a new accusation class would carry an unmeasured false-positive rate on the corpus. Leaving it out adds no accusation -- the set is exactly as silent here as its seed was. Recorded, not repaired. D-16 (2026-08-25), adendum added by task 11.4: the generated catalogue, at Mac.cryptsl:75, states the same clause, and this record carried a second row for it, deferring the same constant twice under two authorities. D-16 leaves one oracle, so the two rows collapse into this one, which is anchored on the expert clause. The api30 citation is kept here as history and is not an authority."
jca_android/MacSpec.mop,tools/rules/Mac.crysl,-,length[preInput] >= offset + len,deferred-constant,no,-,-,-,none,-,length[preInput] >= offset + len,"clause at Mac.crysl:46. D-15 (2026-08-24) re-anchored this set's value clauses on the pinned expert copy RVSec-replication-package/tools/rules/, so this row's anchor is the EXPERT clause quoted above and not an api30 reconstruction of it -- the audit proved two such reconstructions (`pre_len > pre_off`, `len > off`) are mangled, and a row that quoted them would license implementing a bug. The expert rule declares this clause and no .mop of the frozen jca ever tested it, so the successor does not test it either: D-15 restores the lists the experts wrote and does not enlarge the set of clauses the instrument checks, since a new accusation class would carry an unmeasured false-positive rate on the corpus. Leaving it out adds no accusation -- the set is exactly as silent here as its seed was. Recorded, not repaired."
jca_android/MacSpec.mop,tools/rules/Mac.crysl,-,offset >= 0,deferred-constant,no,-,-,-,none,-,offset >= 0,"clause at Mac.crysl:47. D-15 (2026-08-24) re-anchored this set's value clauses on the pinned expert copy RVSec-replication-package/tools/rules/, so this row's anchor is the EXPERT clause quoted above and not an api30 reconstruction of it -- the audit proved two such reconstructions (`pre_len > pre_off`, `len > off`) are mangled, and a row that quoted them would license implementing a bug. The expert rule declares this clause and no .mop of the frozen jca ever tested it, so the successor does not test it either: D-15 restores the lists the experts wrote and does not enlarge the set of clauses the instrument checks, since a new accusation class would carry an unmeasured false-positive rate on the corpus. Leaving it out adds no accusation -- the set is exactly as silent here as its seed was. Recorded, not repaired."
jca_android/MacSpec.mop,tools/rules/Mac.crysl,-,len > 0,deferred-constant,no,-,-,-,none,-,len > 0,"clause at Mac.crysl:48. D-15 (2026-08-24) re-anchored this set's value clauses on the pinned expert copy RVSec-replication-package/tools/rules/, so this row's anchor is the EXPERT clause quoted above and not an api30 reconstruction of it -- the audit proved two such reconstructions (`pre_len > pre_off`, `len > off`) are mangled, and a row that quoted them would license implementing a bug. The expert rule declares this clause and no .mop of the frozen jca ever tested it, so the successor does not test it either: D-15 restores the lists the experts wrote and does not enlarge the set of clauses the instrument checks, since a new accusation class would carry an unmeasured false-positive rate on the corpus. Leaving it out adds no accusation -- the set is exactly as silent here as its seed was. Recorded, not repaired."
jca_android/MessageDigestSpec.mop,tools/rules/MessageDigest.crysl,-,length[preInput] >= preLen + preOffset,deferred-constant,no,-,-,-,none,-,length[preInput] >= preLen + preOffset,"clause at MessageDigest.crysl:38. D-15 (2026-08-24) re-anchored this set's value clauses on the pinned expert copy RVSec-replication-package/tools/rules/, so this row's anchor is the EXPERT clause quoted above and not an api30 reconstruction of it -- the audit proved two such reconstructions (`pre_len > pre_off`, `len > off`) are mangled, and a row that quoted them would license implementing a bug. The expert rule declares this clause and no .mop of the frozen jca ever tested it, so the successor does not test it either: D-15 restores the lists the experts wrote and does not enlarge the set of clauses the instrument checks, since a new accusation class would carry an unmeasured false-positive rate on the corpus. Leaving it out adds no accusation -- the set is exactly as silent here as its seed was. Recorded, not repaired."
jca_android/MessageDigestSpec.mop,tools/rules/MessageDigest.crysl,-,preOffset >= 0,deferred-constant,no,-,-,-,none,-,preOffset >= 0,"clause at MessageDigest.crysl:39. D-15 (2026-08-24) re-anchored this set's value clauses on the pinned expert copy RVSec-replication-package/tools/rules/, so this row's anchor is the EXPERT clause quoted above and not an api30 reconstruction of it -- the audit proved two such reconstructions (`pre_len > pre_off`, `len > off`) are mangled, and a row that quoted them would license implementing a bug. The expert rule declares this clause and no .mop of the frozen jca ever tested it, so the successor does not test it either: D-15 restores the lists the experts wrote and does not enlarge the set of clauses the instrument checks, since a new accusation class would carry an unmeasured false-positive rate on the corpus. Leaving it out adds no accusation -- the set is exactly as silent here as its seed was. Recorded, not repaired."
jca_android/MessageDigestSpec.mop,tools/rules/MessageDigest.crysl,-,preLen > 0,deferred-constant,no,-,-,-,none,-,preLen > 0,"clause at MessageDigest.crysl:40. D-15 (2026-08-24) re-anchored this set's value clauses on the pinned expert copy RVSec-replication-package/tools/rules/, so this row's anchor is the EXPERT clause quoted above and not an api30 reconstruction of it -- the audit proved two such reconstructions (`pre_len > pre_off`, `len > off`) are mangled, and a row that quoted them would license implementing a bug. The expert rule declares this clause and no .mop of the frozen jca ever tested it, so the successor does not test it either: D-15 restores the lists the experts wrote and does not enlarge the set of clauses the instrument checks, since a new accusation class would carry an unmeasured false-positive rate on the corpus. Leaving it out adds no accusation -- the set is exactly as silent here as its seed was. Recorded, not repaired."
jca_android/MessageDigestSpec.mop,tools/rules/MessageDigest.crysl,-,length[output] >= len + offset,deferred-constant,no,-,-,-,none,-,length[output] >= len + offset,"clause at MessageDigest.crysl:41. D-15 (2026-08-24) re-anchored this set's value clauses on the pinned expert copy RVSec-replication-package/tools/rules/, so this row's anchor is the EXPERT clause quoted above and not an api30 reconstruction of it -- the audit proved two such reconstructions (`pre_len > pre_off`, `len > off`) are mangled, and a row that quoted them would license implementing a bug. The expert rule declares this clause and no .mop of the frozen jca ever tested it, so the successor does not test it either: D-15 restores the lists the experts wrote and does not enlarge the set of clauses the instrument checks, since a new accusation class would carry an unmeasured false-positive rate on the corpus. Leaving it out adds no accusation -- the set is exactly as silent here as its seed was. Recorded, not repaired."
jca_android/MessageDigestSpec.mop,tools/rules/MessageDigest.crysl,-,offset >= 0,deferred-constant,no,-,-,-,none,-,offset >= 0,"clause at MessageDigest.crysl:42. D-15 (2026-08-24) re-anchored this set's value clauses on the pinned expert copy RVSec-replication-package/tools/rules/, so this row's anchor is the EXPERT clause quoted above and not an api30 reconstruction of it -- the audit proved two such reconstructions (`pre_len > pre_off`, `len > off`) are mangled, and a row that quoted them would license implementing a bug. The expert rule declares this clause and no .mop of the frozen jca ever tested it, so the successor does not test it either: D-15 restores the lists the experts wrote and does not enlarge the set of clauses the instrument checks, since a new accusation class would carry an unmeasured false-positive rate on the corpus. Leaving it out adds no accusation -- the set is exactly as silent here as its seed was. Recorded, not repaired."
jca_android/MessageDigestSpec.mop,tools/rules/MessageDigest.crysl,-,len > 0,deferred-constant,no,-,-,-,none,-,len > 0,"clause at MessageDigest.crysl:43. D-15 (2026-08-24) re-anchored this set's value clauses on the pinned expert copy RVSec-replication-package/tools/rules/, so this row's anchor is the EXPERT clause quoted above and not an api30 reconstruction of it -- the audit proved two such reconstructions (`pre_len > pre_off`, `len > off`) are mangled, and a row that quoted them would license implementing a bug. The expert rule declares this clause and no .mop of the frozen jca ever tested it, so the successor does not test it either: D-15 restores the lists the experts wrote and does not enlarge the set of clauses the instrument checks, since a new accusation class would carry an unmeasured false-positive rate on the corpus. Leaving it out adds no accusation -- the set is exactly as silent here as its seed was. Recorded, not repaired."
jca_android/PBEKeySpecSpec.mop,tools/rules/PBEKeySpec.crysl,-,"neverTypeOf[password, java.lang.String]",deferred-constant,no,-,-,-,none,-,"neverTypeOf[password, java.lang.String]","clause at PBEKeySpec.crysl:25. D-15 (2026-08-24) re-anchored this set's value clauses on the pinned expert copy RVSec-replication-package/tools/rules/, so this row's anchor is the EXPERT clause quoted above and not an api30 reconstruction of it -- the audit proved two such reconstructions (`pre_len > pre_off`, `len > off`) are mangled, and a row that quoted them would license implementing a bug. The expert rule declares this clause and no .mop of the frozen jca ever tested it, so the successor does not test it either: D-15 restores the lists the experts wrote and does not enlarge the set of clauses the instrument checks, since a new accusation class would carry an unmeasured false-positive rate on the corpus. Leaving it out adds no accusation -- the set is exactly as silent here as its seed was. Recorded, not repaired. D-16 (2026-08-25), adendum added by task 11.4: the generated catalogue, at PBEKeySpec.cryptsl:35, states the same clause, and this record carried a second row for it, deferring the same constant twice under two authorities. D-16 leaves one oracle, so the two rows collapse into this one, which is anchored on the expert clause. The api30 citation is kept here as history and is not an authority."
jca_android/PBEKeySpecSpec.mop,tools/rules/PBEKeySpec.crysl,-,notHardCoded[password],deferred-constant,no,-,-,-,none,-,notHardCoded[password],"clause at PBEKeySpec.crysl:26. D-15 (2026-08-24) re-anchored this set's value clauses on the pinned expert copy RVSec-replication-package/tools/rules/, so this row's anchor is the EXPERT clause quoted above and not an api30 reconstruction of it -- the audit proved two such reconstructions (`pre_len > pre_off`, `len > off`) are mangled, and a row that quoted them would license implementing a bug. The expert rule declares this clause and no .mop of the frozen jca ever tested it, so the successor does not test it either: D-15 restores the lists the experts wrote and does not enlarge the set of clauses the instrument checks, since a new accusation class would carry an unmeasured false-positive rate on the corpus. Leaving it out adds no accusation -- the set is exactly as silent here as its seed was. Recorded, not repaired."
jca_android/SecretKeySpecSpec.mop,tools/rules/SecretKeySpec.crysl,-,"neverTypeOf[keyMaterial, java.lang.String]",deferred-constant,no,-,-,-,none,-,"neverTypeOf[keyMaterial, java.lang.String]","clause at SecretKeySpec.crysl:20. D-15 (2026-08-24) re-anchored this set's value clauses on the pinned expert copy RVSec-replication-package/tools/rules/, so this row's anchor is the EXPERT clause quoted above and not an api30 reconstruction of it -- the audit proved two such reconstructions (`pre_len > pre_off`, `len > off`) are mangled, and a row that quoted them would license implementing a bug. The expert rule declares this clause and no .mop of the frozen jca ever tested it, so the successor does not test it either: D-15 restores the lists the experts wrote and does not enlarge the set of clauses the instrument checks, since a new accusation class would carry an unmeasured false-positive rate on the corpus. Leaving it out adds no accusation -- the set is exactly as silent here as its seed was. Recorded, not repaired."
jca_android/SignatureSpec.mop,tools/rules/Signature.crysl,-,length[input] >= offset + len,deferred-constant,no,-,-,-,none,-,length[input] >= offset + len,"clause at Signature.crysl:49. D-15 (2026-08-24) re-anchored this set's value clauses on the pinned expert copy RVSec-replication-package/tools/rules/, so this row's anchor is the EXPERT clause quoted above and not an api30 reconstruction of it -- the audit proved two such reconstructions (`pre_len > pre_off`, `len > off`) are mangled, and a row that quoted them would license implementing a bug. The expert rule declares this clause and no .mop of the frozen jca ever tested it, so the successor does not test it either: D-15 restores the lists the experts wrote and does not enlarge the set of clauses the instrument checks, since a new accusation class would carry an unmeasured false-positive rate on the corpus. Leaving it out adds no accusation -- the set is exactly as silent here as its seed was. Recorded, not repaired."
jca_android/SignatureSpec.mop,tools/rules/Signature.crysl,-,offset >= 0,deferred-constant,no,-,-,-,none,-,offset >= 0,"clause at Signature.crysl:50. D-15 (2026-08-24) re-anchored this set's value clauses on the pinned expert copy RVSec-replication-package/tools/rules/, so this row's anchor is the EXPERT clause quoted above and not an api30 reconstruction of it -- the audit proved two such reconstructions (`pre_len > pre_off`, `len > off`) are mangled, and a row that quoted them would license implementing a bug. The expert rule declares this clause and no .mop of the frozen jca ever tested it, so the successor does not test it either: D-15 restores the lists the experts wrote and does not enlarge the set of clauses the instrument checks, since a new accusation class would carry an unmeasured false-positive rate on the corpus. Leaving it out adds no accusation -- the set is exactly as silent here as its seed was. Recorded, not repaired."
jca_android/SignatureSpec.mop,tools/rules/Signature.crysl,-,len > 0,deferred-constant,no,-,-,-,none,-,len > 0,"clause at Signature.crysl:51. D-15 (2026-08-24) re-anchored this set's value clauses on the pinned expert copy RVSec-replication-package/tools/rules/, so this row's anchor is the EXPERT clause quoted above and not an api30 reconstruction of it -- the audit proved two such reconstructions (`pre_len > pre_off`, `len > off`) are mangled, and a row that quoted them would license implementing a bug. The expert rule declares this clause and no .mop of the frozen jca ever tested it, so the successor does not test it either: D-15 restores the lists the experts wrote and does not enlarge the set of clauses the instrument checks, since a new accusation class would carry an unmeasured false-positive rate on the corpus. Leaving it out adds no accusation -- the set is exactly as silent here as its seed was. Recorded, not repaired."
