id,cls,method,spec,code,category,mechanism,root,provenance,evidence,version,confidence,notes,group
13,okhttp3.OkHttpClient,newSslSocketFactory,SSLContextSpec,SSLCONTEXT-NOBS-00,LEGIT_UNOBSERVABLE,null_no_client_keymanager,,"O KeyManager[] é o literal null em sslContext.init(null, …): cliente sem certificado de cliente, sem material de chave algum.","jca_android/SSLContextSpec.mop:222-230 ; jca_android/KeyManagerFactorySpec.mop:173-176 (gkm1, ensure incondicional sobre o array retornado) ; okhttp-3.14.9/okhttp3/OkHttpClient.java:261-264",com.squareup.okhttp3:okhttp:3.14.9,alta,APKs com.cointrend e com.faltenreich.diaguard; okhttp 3.14.9 trazido por retrofit (2.11.0/2.9.0); linhas 264/640 só casam com 3.14.9 (3.12.13 tem 290/667).,G1
13,okhttp3.OkHttpClient,newSslSocketFactory,SSLContextSpec,SSLCONTEXT-NOBS-01,LEGIT_UNOBSERVABLE,copy_loses_identity,,"O TrustManager[] é new TrustManager[]{trustManager}, um array novo que embrulha o elemento [0] do array devolvido por getTrustManagers() em Util.platformTrustManager() sobre o trust store padrão do sistema.","jca_android/SSLContextSpec.mop:231-239 ; jca_android/TrustManagerFactorySpec.mop:215-218 (gtm1, ensure incondicional sobre o array retornado) ; rv-monitor BaseMonitor.java:538-551 (corpo do evento emitido antes da transição) ; okhttp-3.14.9/okhttp3/OkHttpClient.java:264 ; okhttp-3.14.9/okhttp3/OkHttpClient.java:224-229 (único chamador, ramo builder.sslSocketFactory == null) ; okhttp-3.14.9/okhttp3/internal/Util.java:636-646",com.squareup.okhttp3:okhttp:3.14.9,alta,Não é cascata de TRUSTMANAGERFACTORY-NOBS-00: gtm1 garante o predicado no array retornado sem depender de veredito; o predicado se perde porque o OkHttp cria outro array. newSslSocketFactory é private static e só roda quando o app não passou sslSocketFactory próprio.,G1
13,okhttp3.OkHttpClient,newSslSocketFactory,SSLContextSpec,SSLCONTEXT-NOBS-02,LEGIT_UNOBSERVABLE,null_default_securerandom,,"O SecureRandom é o literal null, que delega ao gerador padrão do provedor.",jca_android/SSLContextSpec.mop:240-248 ; jca_android/SecureRandomSpec.mop:384 ; rvsec-core PredicateStore.java:343-345 (null -> NOT_OBSERVED) ; okhttp-3.14.9/okhttp3/OkHttpClient.java:264,com.squareup.okhttp3:okhttp:3.14.9,alta,,G1
14,okhttp3.internal.Util,platformTrustManager,TrustManagerFactorySpec,TRUSTMANAGERFACTORY-NOBS-00,LEGIT_UNOBSERVABLE,null_default_truststore,,trustManagerFactory.init((KeyStore) null) com literal null: pede o trust store padrão do sistema (CAs do Android).,jca_android/TrustManagerFactorySpec.mop:146-155 ; jca_android/KeyStoreSpec.mop:196 (único produtor de GENERATED_KEY_STORE) ; rvsec-core PredicateStore.java:343-345 ; okhttp-3.14.9/okhttp3/internal/Util.java:640,com.squareup.okhttp3:okhttp:3.14.9,alta,"Todas as chamadas do mesmo fator também levam TRUSTMANAGERFACTORY-ORDER-00 (Util.java:638/640/641), família fora deste censo.",G1
15,okhttp3.internal.platform.Platform,newSslSocketFactory,SSLContextSpec,SSLCONTEXT-NOBS-00,LEGIT_UNOBSERVABLE,null_no_client_keymanager,,"O KeyManager[] é o literal null em init(null, arrayOf<TrustManager>(trustManager), null), idêntico em todas as seis versões do okhttp encontradas: cliente sem certificado de cliente.","jca_android/SSLContextSpec.mop:222-230 ; jca_android/KeyManagerFactorySpec.mop:173-176 (gkm1, ensure incondicional sobre o array retornado) ; okhttp-4.8.1/okhttp3/internal/platform/Platform.kt:157-160 ; okhttp-4.12.0/okhttp3/internal/platform/Platform.kt:165-168 ; okhttp-jvm-5.0.0-alpha.12/jvmMain/okhttp3/internal/platform/Platform.kt:177-180 ; okhttp-5.0.0-alpha.14/main/okhttp3/internal/platform/Platform.kt:188-191 ; okhttp-5.3.2/commonJvmAndroid/okhttp3/internal/platform/Platform.kt:190-194 ; okhttp-5.4.0/commonJvmAndroid/okhttp3/internal/platform/Platform.kt:193-197",com.squareup.okhttp3:okhttp:4.8.1|4.9.x-4.12.0|5.0.0-alpha.12|5.0.0-alpha.14|5.3.2|5.4.0,alta,"52 APKs; versões por assinatura de linha: 160=4.8.x (3 APKs), 168=4.9.x-4.12.0 (24), 180=5.0.0-alpha.12 (pixiv), 191=5.0.0-alpha.14 (parceltracker), 194=5.3.2 (19), 197=5.4.0 (4). Em pachli/http_shortcuts/etesync o SSLContext é o Conscrypt empacotado (insertProviderAt 1), e esse null dispara SSLParametersImpl.createDefaultX509KeyManager (id 60).",G1
15,okhttp3.internal.platform.Platform,newSslSocketFactory,SSLContextSpec,SSLCONTEXT-NOBS-01,LEGIT_UNOBSERVABLE,copy_loses_identity,,"O TrustManager[] é arrayOf<TrustManager>(trustManager), array novo em volta do X509TrustManager que o OkHttpClient acabou de obter de Platform.platformTrustManager() (factory.init(null) + trustManagers[0]), ou seja, o trust manager padrão do sistema.","jca_android/SSLContextSpec.mop:231-239 ; jca_android/TrustManagerFactorySpec.mop:215-218 (gtm1, ensure incondicional sobre o array retornado) ; rv-monitor BaseMonitor.java:538-551 (corpo do evento emitido antes da transição) ; okhttp-4.8.1/okhttp3/internal/platform/Platform.kt:157-160 ; okhttp-4.12.0/okhttp3/internal/platform/Platform.kt:165-168 ; okhttp-jvm-5.0.0-alpha.12/jvmMain/okhttp3/internal/platform/Platform.kt:177-180 ; okhttp-5.0.0-alpha.14/main/okhttp3/internal/platform/Platform.kt:188-191 ; okhttp-5.3.2/commonJvmAndroid/okhttp3/internal/platform/Platform.kt:190-194 ; okhttp-5.4.0/commonJvmAndroid/okhttp3/internal/platform/Platform.kt:193-197 ; okhttp-4.12.0/okhttp3/OkHttpClient.kt:236-238 ; okhttp-5.3.2/commonJvmAndroid/okhttp3/OkHttpClient.kt:290-292 ; okhttp-5.3.2/commonJvmAndroid/okhttp3/internal/platform/Platform.kt:78-88",com.squareup.okhttp3:okhttp:4.8.1|4.9.x-4.12.0|5.0.0-alpha.12|5.0.0-alpha.14|5.3.2|5.4.0,alta,"Único chamador de Platform.newSslSocketFactory no okhttp e nos 52 apps: OkHttpClient.init no ramo sem sslSocketFactory do builder (AndroidPlatform/Android10Platform não sobrescrevem; ConscryptPlatform não é escolhida no Android). Nenhum app chama Platform.get().newSslSocketFactory; os trust managers próprios (trust-all em passnotes, matedroid, nextcloudcookbook, pixiv, linkora, bitbanana, http_shortcuts) entram por builder.sslSocketFactory(sf, tm) e desviam deste método, logo não pertencem a este site. A falta do predicado não é cascata de TRUSTMANAGERFACTORY-NOBS-00: gtm1 garante incondicionalmente, e mesmo assim o array lido é outro objeto.",G1
15,okhttp3.internal.platform.Platform,newSslSocketFactory,SSLContextSpec,SSLCONTEXT-NOBS-02,LEGIT_UNOBSERVABLE,null_default_securerandom,,"O SecureRandom é o literal null, que delega ao gerador padrão do provedor TLS.",jca_android/SSLContextSpec.mop:240-248 ; jca_android/SecureRandomSpec.mop:384 ; rvsec-core PredicateStore.java:343-345 (null -> NOT_OBSERVED) ; okhttp-4.8.1/okhttp3/internal/platform/Platform.kt:157-160 ; okhttp-4.12.0/okhttp3/internal/platform/Platform.kt:165-168 ; okhttp-jvm-5.0.0-alpha.12/jvmMain/okhttp3/internal/platform/Platform.kt:177-180 ; okhttp-5.0.0-alpha.14/main/okhttp3/internal/platform/Platform.kt:188-191 ; okhttp-5.3.2/commonJvmAndroid/okhttp3/internal/platform/Platform.kt:190-194 ; okhttp-5.4.0/commonJvmAndroid/okhttp3/internal/platform/Platform.kt:193-197,com.squareup.okhttp3:okhttp:4.8.1|4.9.x-4.12.0|5.0.0-alpha.12|5.0.0-alpha.14|5.3.2|5.4.0,alta,,G1
16,okhttp3.internal.platform.Platform,platformTrustManager,TrustManagerFactorySpec,TRUSTMANAGERFACTORY-NOBS-00,LEGIT_UNOBSERVABLE,null_default_truststore,,factory.init(null as KeyStore?) com literal null: o trust store padrão do sistema; é assim em todas as versões (4.8.1 a 5.4.0).,jca_android/TrustManagerFactorySpec.mop:146-155 ; jca_android/KeyStoreSpec.mop:196 (único produtor de GENERATED_KEY_STORE) ; rvsec-core PredicateStore.java:343-345 ; okhttp-4.8.1/okhttp3/internal/platform/Platform.kt:80 ; okhttp-4.12.0/okhttp3/internal/platform/Platform.kt:80 ; okhttp-jvm-5.0.0-alpha.12/jvmMain/okhttp3/internal/platform/Platform.kt:84 ; okhttp-5.0.0-alpha.14/main/okhttp3/internal/platform/Platform.kt:85 ; okhttp-5.3.2/commonJvmAndroid/okhttp3/internal/platform/Platform.kt:83 ; okhttp-5.4.0/commonJvmAndroid/okhttp3/internal/platform/Platform.kt:83,com.squareup.okhttp3:okhttp:4.8.1|4.9.x-4.12.0|5.0.0-alpha.12|5.0.0-alpha.14|5.3.2|5.4.0,alta,"54 APKs = os 52 do id 15 + co.epitre.aelf_lectures (4.12.0) e net.phbwt.paperwork (5.3.2), que chegam aqui por HandshakeCertificates.Builder.addPlatformTrustedCertificates() (okhttp-tls). Linha 80 = 4.x, 83 = 5.3.2/5.4.0, 84 = alpha.12, 85 = alpha.14. Todas as chamadas levam também TRUSTMANAGERFACTORY-ORDER-00.",G1
17,okhttp3.tls.HandshakeCertificates,sslContext,SSLContextSpec,SSLCONTEXT-NOBS-00,LEGIT_UNOBSERVABLE,copy_loses_identity,,"O KeyManager[] é arrayOf<KeyManager>(keyManager), array novo em volta de keyManagers[0] de um KeyManagerFactory inicializado em TlsUtil.newKeyManager sobre um KeyStore vazio carregado ali mesmo (nenhum heldCertificate nos caminhos observados).","jca_android/SSLContextSpec.mop:222-230 ; jca_android/KeyManagerFactorySpec.mop:173-176 (gkm1, ensure incondicional sobre o array retornado) ; okhttp-tls-4.12.0/okhttp3/tls/HandshakeCertificates.kt:92-96 ; okhttp-tls-5.3.2/okhttp3/tls/HandshakeCertificates.kt:95-98 ; okhttp-tls-4.12.0/okhttp3/tls/internal/TlsUtil.kt:85-105 ; okhttp-tls-5.3.2/okhttp3/tls/internal/TlsUtil.kt:88-112 ; co.epitre.aelf_lectures_86.apk/app/src/main/java/co/epitre/aelf_lectures/lectures/data/api/EpitreApi.java:124-129 ; net.phbwt.paperwork_1003007.apk/app/src/main/java/net/phbwt/paperwork/data/Repository.kt:169-190",com.squareup.okhttp3:okhttp-tls:4.12.0|5.3.2,alta,"aelf (4.12.0, linha 94) nunca define heldCertificate; paperwork (5.3.2, linha 97) só define se clientPem existir, o que exige pareamento prévio. Chave vazia = sem autenticação de cliente.",G1
17,okhttp3.tls.HandshakeCertificates,sslContext,SSLContextSpec,SSLCONTEXT-NOBS-01,LEGIT_UNOBSERVABLE,copy_loses_identity,,"O TrustManager[] é arrayOf<TrustManager>(trustManager), array novo em volta de trustManagers[0] de um TrustManagerFactory inicializado em TlsUtil.newTrustManager sobre um KeyStore montado pelo app com raízes explícitas (ISRG Root X1 + raízes da plataforma no aelf; CA do servidor ou raízes da plataforma no paperwork).","jca_android/SSLContextSpec.mop:231-239 ; jca_android/TrustManagerFactorySpec.mop:215-218 (gtm1, ensure incondicional sobre o array retornado) ; rv-monitor BaseMonitor.java:538-551 (corpo do evento emitido antes da transição) ; okhttp-tls-4.12.0/okhttp3/tls/HandshakeCertificates.kt:92-96 ; okhttp-tls-5.3.2/okhttp3/tls/HandshakeCertificates.kt:95-98 ; okhttp-tls-5.3.2/okhttp3/tls/internal/TlsUtil.kt:50-75 ; co.epitre.aelf_lectures_86.apk/app/src/main/java/co/epitre/aelf_lectures/lectures/data/api/EpitreApi.java:124-129 ; net.phbwt.paperwork_1003007.apk/app/src/main/java/net/phbwt/paperwork/data/Repository.kt:174-190 ; net.phbwt.paperwork_1003007.apk/app/src/main/java/net/phbwt/paperwork/data/helper/PairingRunner.kt:139-152",com.squareup.okhttp3:okhttp-tls:4.12.0|5.3.2,média,"Divisão no paperwork: o fluxo de pareamento (PairingRunner.kt:139-144) usa addInsecureHost(address), que embrulha o trust manager em InsecureAndroidTrustManager e aceita qualquer certificado para aquele host; a impressão digital só é conferida depois da resposta, e o segredo Basic já foi enviado (PairingRunner.kt:170-190). Esse caminho exige o conteúdo de um QR code e é improvável sob as ferramentas automáticas; o caminho dominante é Repository.buildOkHttpClientWithoutCache, sem host inseguro. O veredito cobre o caminho dominante; se as linhas vierem do pareamento, o objeto seria MISUSE (trust-all por host) mas a NOBS continuaria sendo perda de identidade. Sem NOBS-02 aqui porque SecureRandom() é construído em código tecido e SecureRandomSpec o credita.",G1
60,org.conscrypt.SSLParametersImpl,createDefaultX509KeyManager,KeyManagerFactorySpec,KEYMANAGERFACTORY-NOBS-00,LEGIT_UNOBSERVABLE,null_default_keystore,,"kmf.init(null, null) com literais null dentro do Conscrypt empacotado: o key manager padrão, sem chaves, criado quando SSLContext.init recebe KeyManager[] null.","jca_android/KeyManagerFactorySpec.mop:121-130 ; jca_android/KeyStoreSpec.mop:196 ; rvsec-core PredicateStore.java:343-345 ; conscrypt-android-2.5.3/org/conscrypt/SSLParametersImpl.java:532-541 ; conscrypt-android-2.5.3/org/conscrypt/SSLParametersImpl.java:122-133 (construtor, kms == null) ; conscrypt-android-2.5.3/org/conscrypt/OpenSSLContextImpl.java:103-107 ; conscrypt-android-2.5.3/org/conscrypt/SSLParametersImpl.java:196-204 (getDefault) ; app.pachli_50.apk/app/src/main/java/app/pachli/PachliApplication.kt:89","org.conscrypt:conscrypt-android:2.5.3 (pachli, http_shortcuts) | 2.5.0 (etesync; trecho idêntico)",alta,"Os três apps instalam o Conscrypt como provedor 1 (PachliApplication.kt:89, http_shortcuts Application.kt:41, etesync cert4android CustomCertService.kt:61), então SSLContext.getInstance(""TLS"") devolve OpenSSLContextImpl e todo init(null, …) — Platform.newSslSocketFactory (id 15), etesync HttpClient.kt:233, http_shortcuts HttpClientFactory.kt:211 sem certificado de cliente — ou SSLParametersImpl.getDefault() cai aqui. O argumento é null seja qual for o chamador; o resultado é cacheado estaticamente.",G1
61,org.conscrypt.SSLParametersImpl,createDefaultX509TrustManager,TrustManagerFactorySpec,TRUSTMANAGERFACTORY-NOBS-00,LEGIT_UNOBSERVABLE,null_default_truststore,,"tmf.init((KeyStore) null) com literal null dentro do Conscrypt empacotado: o trust store padrão do sistema, pedido quando TrustManager[] é null ou via Conscrypt.getDefaultX509TrustManager().","jca_android/TrustManagerFactorySpec.mop:146-155 ; jca_android/KeyStoreSpec.mop:196 (único produtor de GENERATED_KEY_STORE) ; rvsec-core PredicateStore.java:343-345 ; conscrypt-android-2.5.3/org/conscrypt/SSLParametersImpl.java:601-615 ; conscrypt-android-2.5.3/org/conscrypt/SSLParametersImpl.java:139-144 (construtor, tms == null) ; conscrypt-android-2.5.3/org/conscrypt/SSLParametersImpl.java:196-204 (getDefault, usado por OpenSSLSocketFactoryImpl.java:48) ; conscrypt-android-2.5.3/org/conscrypt/Conscrypt.java:211-213 ; ch.rmy.android.http_shortcuts_1104060001.apk/HTTPShortcuts/app/src/main/kotlin/ch/rmy/android/http_shortcuts/utils/SSLUtil.kt:17-19",org.conscrypt:conscrypt-android:2.5.3 (http_shortcuts) | 2.5.0 (etesync; trecho idêntico),alta,"http_shortcuts chama Conscrypt.getDefaultX509TrustManager() explicitamente para HostVerificationConfig.Default; no etesync o chamador exato não foi fixado (candidatos: SSLParametersImpl.getDefault() por uma fábrica de sockets padrão, ou init com tms null), mas o argumento lido é o literal null em qualquer caminho. pachli não tem este site porque sempre passa TrustManager[] não nulo.",G1
19,at.bitfire.cert4android.CertUtils,getTrustManager,TrustManagerFactorySpec,TRUSTMANAGERFACTORY-NOBS-00,LEGIT_UNOBSERVABLE,null_default_truststore,,O KeyStore é null: CustomCertManager chama CertUtils.getTrustManager(null) para obter o TrustManager do sistema (trustSystemCerts=true por padrão).,"jca_android/TrustManagerFactorySpec.mop:147-154 ; jca_android/KeyStoreSpec.mop:96-99,194-196 (load → @match ensure GENERATED_KEY_STORE) ; com.etesync.syncadapter_20700.apk/cert4android/src/main/java/at/bitfire/cert4android/CertUtils.kt:20-23 ; com.etesync.syncadapter_20700.apk/cert4android/src/main/java/at/bitfire/cert4android/CustomCertManager.kt:73-74 ; com.etesync.syncadapter_20700.apk/app/src/main/java/com/etesync/syncadapter/HttpClient.kt:108-109",app@HEAD,alta,"O outro chamador, CustomCertService.onCreate (CustomCertService.kt:75-103), passa trustedKeyStore carregado com KeyStore.getInstance(getDefaultType)+load observados, que deve ler SATISFIED; o ErrorCollector deduplica por (local, mensagem), então as linhas vêm do caminho null. __LOC reporta :22 para o init da linha 23 (o g2/init de ORDER aparece na mesma linha).",G2
20,ch.rmy.android.http_shortcuts.http.HttpClientFactory,configureTLS,SSLContextSpec,SSLCONTEXT-NOBS-00,LEGIT_UNOBSERVABLE,null_no_client_auth,,"keyManagers é null quando o atalho não tem certificado cliente (clientCertParams null); com Alias é um ClientCertKeyManager sobre KeyChain (framework) e com File é o array devolvido por KeyManagerFactory.getKeyManagers, que seria creditado.","jca_android/SSLContextSpec.mop:222-229 ; jca_android/KeyManagerFactorySpec.mop:173-176 (gkm1, único produtor de GENERATED_KEY_MANAGERS sobre o array) ; ch.rmy.android.http_shortcuts_1104060001.apk/HTTPShortcuts/app/src/main/kotlin/ch/rmy/android/http_shortcuts/http/HttpClientFactory.kt:210-211 ; ch.rmy.android.http_shortcuts_1104060001.apk/HTTPShortcuts/app/src/main/kotlin/ch/rmy/android/http_shortcuts/utils/SSLUtil.kt:24-44",app@HEAD,alta,,G2
20,ch.rmy.android.http_shortcuts.http.HttpClientFactory,configureTLS,SSLContextSpec,SSLCONTEXT-NOBS-01,LEGIT_UNOBSERVABLE,copy_loses_identity,,"No caminho Default o TrustManager é Conscrypt.getDefaultX509TrustManager() — o primeiro X509TrustManager extraído do array de um TrustManagerFactory iniciado com KeyStore null dentro do Conscrypt empacotado — e o app o recoloca num array novo com arrayOf, então a identidade do array creditado se perde.","jca_android/SSLContextSpec.mop:231-238 ; jca_android/TrustManagerFactorySpec.mop:215-218 (gtm1, único produtor de GENERATED_TRUST_MANAGER sobre o array) ; ch.rmy.android.http_shortcuts_1104060001.apk/HTTPShortcuts/app/src/main/kotlin/ch/rmy/android/http_shortcuts/http/HttpClientFactory.kt:207-211 ; ch.rmy.android.http_shortcuts_1104060001.apk/HTTPShortcuts/app/src/main/kotlin/ch/rmy/android/http_shortcuts/utils/SSLUtil.kt:17-22 ; conscrypt-android-2.5.3/org/conscrypt/Conscrypt.java:211-213 ; conscrypt-android-2.5.3/org/conscrypt/SSLParametersImpl.java:591-610",app@HEAD ; org.conscrypt:conscrypt-android:2.5.3,média,"A configuração insegura existe e é alcançável só por opt-in do usuário por atalho: SecurityPolicy.AcceptAll → HostVerificationConfig.TrustAll → UnsafeTrustManager() que aceita tudo, com hostnameVerifier{true} (Shortcut.kt:203-207, SSLUtil.kt:21, UnsafeTrustManager.kt:19-22, HttpClientFactory.kt:215-221); FingerprintOnly fixa a impressão digital SHA-256/SHA-1 do certificado folha. As 23 execuções com a linha coincidem exatamente com as 23 execuções em que org.conscrypt.SSLParametersImpl.createDefaultX509TrustManager aparece, e esse método só é alcançado aqui por Conscrypt.getDefaultX509TrustManager (caminho Default); um atalho TrustAll na mesma execução ficaria escondido pela deduplicação.",G2
20,ch.rmy.android.http_shortcuts.http.HttpClientFactory,configureTLS,SSLContextSpec,SSLCONTEXT-NOBS-02,LEGIT_UNOBSERVABLE,null_default_securerandom,,"O SecureRandom é null, o que pede ao provedor o gerador padrão da plataforma.","jca_android/SSLContextSpec.mop:240-247 ; jca_android/SecureRandomSpec.mop:384 (@match1, RANDOMIZED sobre o gerador) ; ch.rmy.android.http_shortcuts_1104060001.apk/HTTPShortcuts/app/src/main/kotlin/ch/rmy/android/http_shortcuts/http/HttpClientFactory.kt:211",app@HEAD,alta,,G2
28,com.etesync.syncadapter.HttpClient$Builder,build,SSLContextSpec,SSLCONTEXT-NOBS-00,LEGIT_UNOBSERVABLE,null_no_client_auth,,"O KeyManager[] é null porque certificateAlias nunca é atribuído, portanto não há autenticação por certificado cliente.","jca_android/SSLContextSpec.mop:222-229 ; jca_android/KeyManagerFactorySpec.mop:173-176 (gkm1, único produtor de GENERATED_KEY_MANAGERS sobre o array) ; com.etesync.syncadapter_20700.apk/app/src/main/java/com/etesync/syncadapter/HttpClient.kt:70,192-236",app@HEAD,alta,"keyManager nunca é não-nulo: certificateAlias é declarado (HttpClient.kt:70) e nunca atribuído. CustomCertManager valida: delega ao TrustManager do sistema (salvo se o usuário marcar ""distrust system certs"") e, se falhar, consulta o CustomCertService, que aceita só certificados já confiados ou aprovados pelo usuário via notificação/atividade (CustomCertService.kt:214-260); o HostnameVerifier embrulha o OkHostnameVerifier e só aceita nome divergente para certificado aprovado pelo usuário (CustomCertManager.kt:216-242).",G2
28,com.etesync.syncadapter.HttpClient$Builder,build,SSLContextSpec,SSLCONTEXT-NOBS-01,LEGIT_UNOBSERVABLE,custom_validating_trust_manager,,"O array é criado pelo app (arrayOf) em volta de um CustomCertManager do cert4android, que valida pela cadeia do sistema e recorre à decisão explícita do usuário; nenhum TrustManagerFactory produz esse array.","jca_android/SSLContextSpec.mop:231-238 ; jca_android/TrustManagerFactorySpec.mop:215-218 (gtm1, único produtor de GENERATED_TRUST_MANAGER sobre o array) ; com.etesync.syncadapter_20700.apk/app/src/main/java/com/etesync/syncadapter/HttpClient.kt:108-109,183-187,233-236 ; com.etesync.syncadapter_20700.apk/cert4android/src/main/java/at/bitfire/cert4android/CustomCertManager.kt:73-74,142-203",app@HEAD,alta,"keyManager nunca é não-nulo: certificateAlias é declarado (HttpClient.kt:70) e nunca atribuído. CustomCertManager valida: delega ao TrustManager do sistema (salvo se o usuário marcar ""distrust system certs"") e, se falhar, consulta o CustomCertService, que aceita só certificados já confiados ou aprovados pelo usuário via notificação/atividade (CustomCertService.kt:214-260); o HostnameVerifier embrulha o OkHostnameVerifier e só aceita nome divergente para certificado aprovado pelo usuário (CustomCertManager.kt:216-242).",G2
28,com.etesync.syncadapter.HttpClient$Builder,build,SSLContextSpec,SSLCONTEXT-NOBS-02,LEGIT_UNOBSERVABLE,null_default_securerandom,,"O SecureRandom é null, o que pede o gerador padrão do provedor.","jca_android/SSLContextSpec.mop:240-247 ; jca_android/SecureRandomSpec.mop:384 (@match1, RANDOMIZED sobre o gerador) ; com.etesync.syncadapter_20700.apk/app/src/main/java/com/etesync/syncadapter/HttpClient.kt:236",app@HEAD,alta,,G2
33,com.ivanovsky.passnotes.data.repository.file.webdav.HttpClientFactory,createHttpClient,SSLContextSpec,SSLCONTEXT-NOBS-00,LEGIT_UNOBSERVABLE,null_no_client_auth,,O KeyManager[] é o literal null: não há autenticação por certificado cliente.,"jca_android/SSLContextSpec.mop:222-229 ; jca_android/KeyManagerFactorySpec.mop:173-176 (gkm1, único produtor de GENERATED_KEY_MANAGERS sobre o array) ; com.ivanovsky.passnotes_11700.apk/app/src/main/kotlin/com/ivanovsky/passnotes/data/repository/file/webdav/HttpClientFactory.kt:38",app@HEAD,alta,"Opt-in duplo: só em build DEBUG (BuildConfig.DEBUG) e só se o usuário marcar ""ignorar validação SSL"" na tela de login WebDAV (ServerLoginViewModel.kt:148-151,329-331 → WebDavNetworkLayer.kt:51-57 → HttpClientFactory.kt:27). O APK do corpus executou o ramo, logo é build debug e a exploração marcou a caixa (1 linha). O SecureRandom é new SecureRandom(), observado — por isso não há NOBS-02.",G2
33,com.ivanovsky.passnotes.data.repository.file.webdav.HttpClientFactory,createHttpClient,SSLContextSpec,SSLCONTEXT-NOBS-01,MISUSE,trust_all_manager,,"O array contém um X509TrustManager anônimo cujos checkServerTrusted/checkClientTrusted são vazios, e o cliente ainda recebe hostnameVerifier que devolve true.","jca_android/SSLContextSpec.mop:231-238 ; jca_android/TrustManagerFactorySpec.mop:215-218 (gtm1, único produtor de GENERATED_TRUST_MANAGER sobre o array) ; com.ivanovsky.passnotes_11700.apk/app/src/main/kotlin/com/ivanovsky/passnotes/data/repository/file/webdav/HttpClientFactory.kt:36-41,48-67 ; com.ivanovsky.passnotes_11700.apk/app/src/main/kotlin/com/ivanovsky/passnotes/data/repository/file/webdav/WebDavNetworkLayer.kt:51-57 ; com.ivanovsky.passnotes_11700.apk/app/src/main/kotlin/com/ivanovsky/passnotes/presentation/serverLogin/ServerLoginViewModel.kt:148-151,329-331",app@HEAD,alta,"Opt-in duplo: só em build DEBUG (BuildConfig.DEBUG) e só se o usuário marcar ""ignorar validação SSL"" na tela de login WebDAV (ServerLoginViewModel.kt:148-151,329-331 → WebDavNetworkLayer.kt:51-57 → HttpClientFactory.kt:27). O APK do corpus executou o ramo, logo é build debug e a exploração marcou a caixa (1 linha). O SecureRandom é new SecureRandom(), observado — por isso não há NOBS-02.",G2
35,com.matedroid.di.TeslamateApiFactory,configureInsecureTls,SSLContextSpec,SSLCONTEXT-NOBS-00,LEGIT_UNOBSERVABLE,null_no_client_auth,,O KeyManager[] é o literal null: sem certificado cliente.,"jca_android/SSLContextSpec.mop:222-229 ; jca_android/KeyManagerFactorySpec.mop:173-176 (gkm1, único produtor de GENERATED_KEY_MANAGERS sobre o array) ; com.matedroid_178120864.apk/app/src/main/java/com/matedroid/di/NetworkModule.kt:216",app@HEAD,alta,"Gated por configuração do usuário ""aceitar certificados inválidos"" (padrão false, SettingsViewModel.kt:42,163; NetworkModule.kt:126,200-202). SecureRandom() observado — sem NOBS-02.",G2
35,com.matedroid.di.TeslamateApiFactory,configureInsecureTls,SSLContextSpec,SSLCONTEXT-NOBS-01,MISUSE,trust_all_manager,,"trustAllCerts é um array literal com um X509TrustManager de métodos vazios, combinado com hostnameVerifier que aceita qualquer nome.","jca_android/SSLContextSpec.mop:231-238 ; jca_android/TrustManagerFactorySpec.mop:215-218 (gtm1, único produtor de GENERATED_TRUST_MANAGER sobre o array) ; com.matedroid_178120864.apk/app/src/main/java/com/matedroid/di/NetworkModule.kt:200-202,208-219 ; com.matedroid_178120864.apk/app/src/main/java/com/matedroid/ui/screens/settings/SettingsViewModel.kt:42,163",app@HEAD,alta,"Gated por configuração do usuário ""aceitar certificados inválidos"" (padrão false, SettingsViewModel.kt:42,163; NetworkModule.kt:126,200-202). SecureRandom() observado — sem NOBS-02.",G2
41,com.nononsenseapps.jsonfeed.OkHttpBuilderExtensionsKt,trustAllCerts,SSLContextSpec,SSLCONTEXT-NOBS-00,LEGIT_UNOBSERVABLE,null_no_client_auth,,O KeyManager[] é o literal null: sem certificado cliente.,"jca_android/SSLContextSpec.mop:222-229 ; jca_android/KeyManagerFactorySpec.mop:173-176 (gkm1, único produtor de GENERATED_KEY_MANAGERS sobre o array) ; com.nononsenseapps.feeder.play_4025.apk/app/src/main/java/com/nononsenseapps/jsonfeed/OkHttpBuilderExtensions.kt:32",app@HEAD,alta,"Sem opt-in: cachingHttpClient tem trustAllCerts=true por padrão e o singleton OkHttpClient do app (FeederApplication.kt:117-123) o chama sem passar o parâmetro, então todo o tráfego de feeds (e o cliente de imagens derivado por newBuilder) aceita qualquer certificado e qualquer hostname em uso normal.",G2
41,com.nononsenseapps.jsonfeed.OkHttpBuilderExtensionsKt,trustAllCerts,SSLContextSpec,SSLCONTEXT-NOBS-01,MISUSE,trust_all_manager,,"O array é arrayOf com um X509TrustManager anônimo de métodos vazios, e o builder recebe HostnameVerifier que devolve true; é o cliente HTTP padrão do app.","jca_android/SSLContextSpec.mop:231-238 ; jca_android/TrustManagerFactorySpec.mop:215-218 (gtm1, único produtor de GENERATED_TRUST_MANAGER sobre o array) ; com.nononsenseapps.feeder.play_4025.apk/app/src/main/java/com/nononsenseapps/jsonfeed/OkHttpBuilderExtensions.kt:14-36 ; com.nononsenseapps.feeder.play_4025.apk/app/src/main/java/com/nononsenseapps/jsonfeed/JsonFeedParser.kt:14-35 ; com.nononsenseapps.feeder.play_4025.apk/app/src/main/java/com/nononsenseapps/feeder/FeederApplication.kt:117-123",app@HEAD,alta,"Sem opt-in: cachingHttpClient tem trustAllCerts=true por padrão e o singleton OkHttpClient do app (FeederApplication.kt:117-123) o chama sem passar o parâmetro, então todo o tráfego de feeds (e o cliente de imagens derivado por newBuilder) aceita qualquer certificado e qualquer hostname em uso normal.",G2
41,com.nononsenseapps.jsonfeed.OkHttpBuilderExtensionsKt,trustAllCerts,SSLContextSpec,SSLCONTEXT-NOBS-02,LEGIT_UNOBSERVABLE,null_default_securerandom,,O SecureRandom é null (gerador padrão do provedor).,"jca_android/SSLContextSpec.mop:240-247 ; jca_android/SecureRandomSpec.mop:384 (@match1, RANDOMIZED sobre o gerador) ; com.nononsenseapps.feeder.play_4025.apk/app/src/main/java/com/nononsenseapps/jsonfeed/OkHttpBuilderExtensions.kt:32",app@HEAD,alta,"Sem opt-in: cachingHttpClient tem trustAllCerts=true por padrão e o singleton OkHttpClient do app (FeederApplication.kt:117-123) o chama sem passar o parâmetro, então todo o tráfego de feeds (e o cliente de imagens derivado por newBuilder) aceita qualquer certificado e qualquer hostname em uso normal.",G2
42,com.owncloud.android.lib.common.http.HttpClient,getOkHttpClient,SSLContextSpec,SSLCONTEXT-NOBS-00,LEGIT_UNOBSERVABLE,null_no_client_auth,,O KeyManager[] é o literal null: sem certificado cliente.,"jca_android/SSLContextSpec.mop:222-229 ; jca_android/KeyManagerFactorySpec.mop:173-176 (gkm1, único produtor de GENERATED_KEY_MANAGERS sobre o array) ; com.owncloud.android_48000100.apk/owncloudComLibrary/src/main/java/com/owncloud/android/lib/common/http/HttpClient.java:81",app@HEAD,alta,,G2
42,com.owncloud.android.lib.common.http.HttpClient,getOkHttpClient,SSLContextSpec,SSLCONTEXT-NOBS-01,LEGIT_UNOBSERVABLE,custom_validating_trust_manager,,"O array é new TrustManager[]{trustManager} em volta de um AdvancedX509TrustManager, que delega ao TrustManager do sistema e só aceita exceção por certificado que o usuário salvou no known-servers store.","jca_android/SSLContextSpec.mop:231-238 ; jca_android/TrustManagerFactorySpec.mop:215-218 (gtm1, único produtor de GENERATED_TRUST_MANAGER sobre o array) ; com.owncloud.android_48000100.apk/owncloudComLibrary/src/main/java/com/owncloud/android/lib/common/http/HttpClient.java:77-81 ; com.owncloud.android_48000100.apk/owncloudComLibrary/src/main/java/com/owncloud/android/lib/common/network/AdvancedX509TrustManager.java:56-131 ; com.owncloud.android_48000100.apk/owncloudComLibrary/src/main/java/com/owncloud/android/lib/common/network/KnownServersHostnameVerifier.java ; com.owncloud.android_48000100.apk/owncloudComLibrary/src/main/java/com/owncloud/android/lib/common/network/NetworkUtils.java:67",app@HEAD,alta,"AdvancedX509TrustManager valida: se o certificado não está no known-servers store (aprovado explicitamente pelo usuário), exige checkValidity e o TrustManager padrão do sistema, e lança CertificateCombinedException, que a UI apresenta para decisão do usuário; o hostname passa por KnownServersHostnameVerifier (OkHostnameVerifier, ou certificado aprovado pelo usuário).",G2
42,com.owncloud.android.lib.common.http.HttpClient,getOkHttpClient,SSLContextSpec,SSLCONTEXT-NOBS-02,LEGIT_UNOBSERVABLE,null_default_securerandom,,O SecureRandom é null (gerador padrão do provedor).,"jca_android/SSLContextSpec.mop:240-247 ; jca_android/SecureRandomSpec.mop:384 (@match1, RANDOMIZED sobre o gerador) ; com.owncloud.android_48000100.apk/owncloudComLibrary/src/main/java/com/owncloud/android/lib/common/http/HttpClient.java:81",app@HEAD,alta,,G2
43,com.owncloud.android.lib.common.network.AdvancedX509TrustManager,<init>,TrustManagerFactorySpec,TRUSTMANAGERFACTORY-NOBS-00,LEGIT_UNOBSERVABLE,null_default_truststore,,factory.init((KeyStore) null) pede o repositório de confiança padrão do sistema.,"jca_android/TrustManagerFactorySpec.mop:147-154 ; jca_android/KeyStoreSpec.mop:96-99,194-196 (load → @match ensure GENERATED_KEY_STORE) ; com.owncloud.android_48000100.apk/owncloudComLibrary/src/main/java/com/owncloud/android/lib/common/network/AdvancedX509TrustManager.java:58-60",app@HEAD,alta,O KeyStore de servidores conhecidos (NetworkUtils.getKnownServersStore) não passa por TrustManagerFactory; é consultado diretamente em isKnownServer.,G2
52,eu.opencloud.android.lib.common.http.HttpClient,getOkHttpClient,SSLContextSpec,SSLCONTEXT-NOBS-00,LEGIT_UNOBSERVABLE,null_no_client_auth,,O KeyManager[] é o literal null: sem certificado cliente.,"jca_android/SSLContextSpec.mop:222-229 ; jca_android/KeyManagerFactorySpec.mop:173-176 (gkm1, único produtor de GENERATED_KEY_MANAGERS sobre o array) ; eu.opencloud.android_9.apk/opencloudComLibrary/src/main/java/eu/opencloud/android/lib/common/http/HttpClient.java:79",app@HEAD,alta,,G2
52,eu.opencloud.android.lib.common.http.HttpClient,getOkHttpClient,SSLContextSpec,SSLCONTEXT-NOBS-01,LEGIT_UNOBSERVABLE,custom_validating_trust_manager,,"O array é new TrustManager[]{trustManager} em volta de um AdvancedX509TrustManager, que delega ao TrustManager do sistema e só aceita exceção por certificado que o usuário salvou no known-servers store.","jca_android/SSLContextSpec.mop:231-238 ; jca_android/TrustManagerFactorySpec.mop:215-218 (gtm1, único produtor de GENERATED_TRUST_MANAGER sobre o array) ; eu.opencloud.android_9.apk/opencloudComLibrary/src/main/java/eu/opencloud/android/lib/common/http/HttpClient.java:75-79 ; eu.opencloud.android_9.apk/opencloudComLibrary/src/main/java/eu/opencloud/android/lib/common/network/AdvancedX509TrustManager.java:54-129 ; eu.opencloud.android_9.apk/opencloudComLibrary/src/main/java/eu/opencloud/android/lib/common/network/KnownServersHostnameVerifier.java ; eu.opencloud.android_9.apk/opencloudComLibrary/src/main/java/eu/opencloud/android/lib/common/network/NetworkUtils.java:65",app@HEAD,alta,"AdvancedX509TrustManager valida: se o certificado não está no known-servers store (aprovado explicitamente pelo usuário), exige checkValidity e o TrustManager padrão do sistema, e lança CertificateCombinedException, que a UI apresenta para decisão do usuário; o hostname passa por KnownServersHostnameVerifier (OkHostnameVerifier, ou certificado aprovado pelo usuário).",G2
52,eu.opencloud.android.lib.common.http.HttpClient,getOkHttpClient,SSLContextSpec,SSLCONTEXT-NOBS-02,LEGIT_UNOBSERVABLE,null_default_securerandom,,O SecureRandom é null (gerador padrão do provedor).,"jca_android/SSLContextSpec.mop:240-247 ; jca_android/SecureRandomSpec.mop:384 (@match1, RANDOMIZED sobre o gerador) ; eu.opencloud.android_9.apk/opencloudComLibrary/src/main/java/eu/opencloud/android/lib/common/http/HttpClient.java:79",app@HEAD,alta,,G2
53,eu.opencloud.android.lib.common.network.AdvancedX509TrustManager,<init>,TrustManagerFactorySpec,TRUSTMANAGERFACTORY-NOBS-00,LEGIT_UNOBSERVABLE,null_default_truststore,,factory.init((KeyStore) null) pede o repositório de confiança padrão do sistema.,"jca_android/TrustManagerFactorySpec.mop:147-154 ; jca_android/KeyStoreSpec.mop:96-99,194-196 (load → @match ensure GENERATED_KEY_STORE) ; eu.opencloud.android_9.apk/opencloudComLibrary/src/main/java/eu/opencloud/android/lib/common/network/AdvancedX509TrustManager.java:56-58",app@HEAD,alta,O KeyStore de servidores conhecidos (NetworkUtils.getKnownServersStore) não passa por TrustManagerFactory; é consultado diretamente em isKnownServer.,G2
44,de.duenndns.ssl.MemorizingTrustManager,getTrustManager,TrustManagerFactorySpec,TRUSTMANAGERFACTORY-NOBS-00,LEGIT_UNOBSERVABLE,null_default_truststore,,"O construtor MemorizingTrustManager(Context) chama getTrustManager(null) para o TrustManager padrão do sistema; a outra chamada, com appKeyStore, recebe um KeyStore cujo getInstance(getDefaultType) e load foram observados.","jca_android/TrustManagerFactorySpec.mop:147-154 ; jca_android/KeyStoreSpec.mop:96-99,194-196 (load → @match ensure GENERATED_KEY_STORE) ; org.openhab.habdroid_589.apk/mobile/src/main/java/de/duenndns/ssl/MemorizingTrustManager.java:144-148,308-311,326-345",app@HEAD,alta,"As duas chamadas saem do mesmo local (:310), e o ErrorCollector deduplica por (local, mensagem); a chamada null garante a linha, e a de appKeyStore deve ler SATISFIED (nenhuma linha KeyStoreSpec no APK).",G2
45,de.luhmer.owncloudnewsreader.ssl.MemorizingTrustManager,getTrustManager,TrustManagerFactorySpec,TRUSTMANAGERFACTORY-NOBS-00,LEGIT_UNOBSERVABLE,null_default_truststore,,"init(Context) chama getTrustManager(null) para o TrustManager padrão do sistema; a chamada com appKeyStore recebe um KeyStore cujo load(null,null) foi observado.","jca_android/TrustManagerFactorySpec.mop:147-154 ; jca_android/KeyStoreSpec.mop:96-99,194-196 (load → @match ensure GENERATED_KEY_STORE) ; de.luhmer.owncloudnewsreader_196.apk/News-Android-App/src/main/java/de/luhmer/owncloudnewsreader/ssl/MemorizingTrustManager.java:132-134,280-283,295-310 ; de.luhmer.owncloudnewsreader_196.apk/News-Android-App/src/main/java/de/luhmer/owncloudnewsreader/di/ApiModule.java:116",app@HEAD,alta,"Mesma deduplicação por local (:282). O MTM valida primeiro pelo sistema, depois pelo appKeyStore, e por fim pergunta ao usuário (checkCertTrusted :358-389). O uso em SSLContext.init de OkHttpSSLClient.java:58 está comentado, por isso não há site SSLContext neste app.",G2
46,de.lukasneugebauer.nextcloudcookbook.core.util.OkHttpClientProvider,configureTrustAllCertificates,SSLContextSpec,SSLCONTEXT-NOBS-00,LEGIT_UNOBSERVABLE,null_no_client_auth,,O KeyManager[] é o literal null: sem certificado cliente.,"jca_android/SSLContextSpec.mop:222-229 ; jca_android/KeyManagerFactorySpec.mop:173-176 (gkm1, único produtor de GENERATED_KEY_MANAGERS sobre o array) ; de.lukasneugebauer.nextcloudcookbook_62.apk/app/src/main/java/de/lukasneugebauer/nextcloudcookbook/core/util/OkHttpClientProvider.kt:74",app@HEAD,alta,"Opt-in do usuário: a opção ""permitir certificados autoassinados"" da tela inicial (padrão false, Constants.kt:12; StartScreenViewModel.kt:43,117-119) faz OkHttpClientProvider trocar o cliente (OkHttpClientProvider.kt:34-46). Nome enganoso: não aceita só autoassinados, aceita qualquer certificado e hostname. SSLContext.getInstance(""SSL"") também gera SSLCONTEXT-PROTO-00 (fora deste censo). SecureRandom() observado — sem NOBS-02.",G2
46,de.lukasneugebauer.nextcloudcookbook.core.util.OkHttpClientProvider,configureTrustAllCertificates,SSLContextSpec,SSLCONTEXT-NOBS-01,MISUSE,trust_all_manager,,"trustAllCerts é arrayOf com um X509TrustManager de métodos vazios, e o builder recebe hostnameVerifier que aceita tudo.","jca_android/SSLContextSpec.mop:231-238 ; jca_android/TrustManagerFactorySpec.mop:215-218 (gtm1, único produtor de GENERATED_TRUST_MANAGER sobre o array) ; de.lukasneugebauer.nextcloudcookbook_62.apk/app/src/main/java/de/lukasneugebauer/nextcloudcookbook/core/util/OkHttpClientProvider.kt:34-46,54-78 ; de.lukasneugebauer.nextcloudcookbook_62.apk/app/src/main/java/de/lukasneugebauer/nextcloudcookbook/core/util/Constants.kt:12 ; de.lukasneugebauer.nextcloudcookbook_62.apk/app/src/main/java/de/lukasneugebauer/nextcloudcookbook/auth/presentation/start/StartScreenViewModel.kt:43,117-119",app@HEAD,alta,"Opt-in do usuário: a opção ""permitir certificados autoassinados"" da tela inicial (padrão false, Constants.kt:12; StartScreenViewModel.kt:43,117-119) faz OkHttpClientProvider trocar o cliente (OkHttpClientProvider.kt:34-46). Nome enganoso: não aceita só autoassinados, aceita qualquer certificado e hostname. SSLContext.getInstance(""SSL"") também gera SSLCONTEXT-PROTO-00 (fora deste censo). SecureRandom() observado — sem NOBS-02.",G2
54,github.paroj.dsub2000.service.RESTMusicService,<init>,SSLContextSpec,SSLCONTEXT-NOBS-00,LEGIT_UNOBSERVABLE,null_no_client_auth,,O KeyManager[] é o literal null: sem certificado cliente.,"jca_android/SSLContextSpec.mop:222-229 ; jca_android/KeyManagerFactorySpec.mop:173-176 (gkm1, único produtor de GENERATED_KEY_MANAGERS sobre o array) ; github.paroj.dsub2000_217.apk/app/src/main/java/github/paroj/dsub2000/service/RESTMusicService.java:138",app@HEAD,alta,"O SSLContext trust-all é construído incondicionalmente em todo new RESTMusicService(), mas a fábrica só é instalada numa conexão se a opção por servidor ""allow insecure"" estiver ligada (padrão false; Util.java:480-483 → RESTMusicService.java:1967-1972; também RemoteController.java:48,124 para o WebProxy). A chamada ao init em si não depende do opt-in, o uso depende. new SecureRandom() observado — sem NOBS-02.",G2
54,github.paroj.dsub2000.service.RESTMusicService,<init>,SSLContextSpec,SSLCONTEXT-NOBS-01,MISUSE,trust_all_manager,,"trustAllCerts é um array literal com um X509TrustManager anônimo de métodos vazios (getAcceptedIssuers devolve null), pareado com um HostnameVerifier que devolve true.","jca_android/SSLContextSpec.mop:231-238 ; jca_android/TrustManagerFactorySpec.mop:215-218 (gtm1, único produtor de GENERATED_TRUST_MANAGER sobre o array) ; github.paroj.dsub2000_217.apk/app/src/main/java/github/paroj/dsub2000/service/RESTMusicService.java:122-147,1967-1972 ; github.paroj.dsub2000_217.apk/app/src/main/java/github/paroj/dsub2000/util/Util.java:480-483 ; github.paroj.dsub2000_217.apk/app/src/main/java/github/paroj/dsub2000/service/RemoteController.java:48,124",app@HEAD,alta,"O SSLContext trust-all é construído incondicionalmente em todo new RESTMusicService(), mas a fábrica só é instalada numa conexão se a opção por servidor ""allow insecure"" estiver ligada (padrão false; Util.java:480-483 → RESTMusicService.java:1967-1972; também RemoteController.java:48,124 para o WebProxy). A chamada ao init em si não depende do opt-in, o uso depende. new SecureRandom() observado — sem NOBS-02.",G2
59,net.osmtracker.layout.TLSSocketFactory,<init>,SSLContextSpec,SSLCONTEXT-NOBS-00,LEGIT_UNOBSERVABLE,null_no_client_auth,,"O KeyManager[] é o literal null: sem certificado cliente, gerenciador padrão.","jca_android/SSLContextSpec.mop:222-229 ; jca_android/KeyManagerFactorySpec.mop:173-176 (gkm1, único produtor de GENERATED_KEY_MANAGERS sobre o array) ; net.osmtracker_73.apk/app/src/main/java/net/osmtracker/layout/TLSSocketFactory.java:21-24",app@HEAD,alta,"context.init(null, null, null) só existe para habilitar TLS 1.1/1.2 em sockets de Android antigo (enableTLSOnSocket); instalada como fábrica padrão em GetStringResponseTask.java:28 e URLValidatorTask.java:42.",G2
59,net.osmtracker.layout.TLSSocketFactory,<init>,SSLContextSpec,SSLCONTEXT-NOBS-01,LEGIT_UNOBSERVABLE,null_default_truststore,,"O TrustManager[] é o literal null, o que instala o TrustManager padrão do sistema.","jca_android/SSLContextSpec.mop:231-238 ; jca_android/TrustManagerFactorySpec.mop:215-218 (gtm1, único produtor de GENERATED_TRUST_MANAGER sobre o array) ; net.osmtracker_73.apk/app/src/main/java/net/osmtracker/layout/TLSSocketFactory.java:21-24",app@HEAD,alta,"context.init(null, null, null) só existe para habilitar TLS 1.1/1.2 em sockets de Android antigo (enableTLSOnSocket); instalada como fábrica padrão em GetStringResponseTask.java:28 e URLValidatorTask.java:42.",G2
59,net.osmtracker.layout.TLSSocketFactory,<init>,SSLContextSpec,SSLCONTEXT-NOBS-02,LEGIT_UNOBSERVABLE,null_default_securerandom,,O SecureRandom é o literal null (gerador padrão do provedor).,"jca_android/SSLContextSpec.mop:240-247 ; jca_android/SecureRandomSpec.mop:384 (@match1, RANDOMIZED sobre o gerador) ; net.osmtracker_73.apk/app/src/main/java/net/osmtracker/layout/TLSSocketFactory.java:21-24",app@HEAD,alta,"context.init(null, null, null) só existe para habilitar TLS 1.1/1.2 em sockets de Android antigo (enableTLSOnSocket); instalada como fábrica padrão em GetStringResponseTask.java:28 e URLValidatorTask.java:42.",G2
69,org.openhab.habdroid.core.connection.ConnectionFactory,<init>,SSLContextSpec,SSLCONTEXT-NOBS-00,LEGIT_UNOBSERVABLE,null_no_client_auth,,O KeyManager[] é o literal null no SSLContext dos widgets de vídeo.,"jca_android/SSLContextSpec.mop:222-229 ; jca_android/KeyManagerFactorySpec.mop:173-176 (gkm1, único produtor de GENERATED_KEY_MANAGERS sobre o array) ; org.openhab.habdroid_589.apk/mobile/src/main/java/org/openhab/habdroid/core/connection/ConnectionFactory.kt:171-173",app@HEAD,alta,,G2
69,org.openhab.habdroid.core.connection.ConnectionFactory,<init>,SSLContextSpec,SSLCONTEXT-NOBS-01,LEGIT_UNOBSERVABLE,custom_validating_trust_manager,,"O array vem de MemorizingTrustManager.getInstanceList(context), que devolve new X509TrustManager[]{new MemorizingTrustManager(c)} — gerenciador que valida pelo sistema e pede decisão ao usuário.","jca_android/SSLContextSpec.mop:231-238 ; jca_android/TrustManagerFactorySpec.mop:215-218 (gtm1, único produtor de GENERATED_TRUST_MANAGER sobre o array) ; org.openhab.habdroid_589.apk/mobile/src/main/java/org/openhab/habdroid/core/connection/ConnectionFactory.kt:171-176 ; org.openhab.habdroid_589.apk/mobile/src/main/java/de/duenndns/ssl/MemorizingTrustManager.java:144-148,185-187,420-456",app@HEAD,alta,"MemorizingTrustManager (de.duenndns.ssl) valida: appTrustManager (certificados salvos pelo usuário), depois o TrustManager padrão do sistema, e por fim pergunta ao usuário (interactCert, MemorizingTrustManager.java:420-456,697-708); o hostname usa OkHostnameVerifier embrulhado, com pergunta ao usuário em divergência (:738-768).",G2
69,org.openhab.habdroid.core.connection.ConnectionFactory,<init>,SSLContextSpec,SSLCONTEXT-NOBS-02,LEGIT_UNOBSERVABLE,null_default_securerandom,,O SecureRandom é o literal null.,"jca_android/SSLContextSpec.mop:240-247 ; jca_android/SecureRandomSpec.mop:384 (@match1, RANDOMIZED sobre o gerador) ; org.openhab.habdroid_589.apk/mobile/src/main/java/org/openhab/habdroid/core/connection/ConnectionFactory.kt:172",app@HEAD,alta,,G2
70,org.openhab.habdroid.core.connection.ConnectionFactory,updateHttpClientForClientCert,SSLContextSpec,SSLCONTEXT-NOBS-00,LEGIT_UNOBSERVABLE,null_no_client_auth,,"keyManagers é null quando o servidor ativo não tem alias de certificado cliente (ou em modo demo); com alias é arrayOf(ClientKeyManager(context, alias)) sobre KeyChain do framework, também legítimo.","jca_android/SSLContextSpec.mop:222-229 ; jca_android/KeyManagerFactorySpec.mop:173-176 (gkm1, único produtor de GENERATED_KEY_MANAGERS sobre o array) ; org.openhab.habdroid_589.apk/mobile/src/main/java/org/openhab/habdroid/core/connection/ConnectionFactory.kt:297-308,323-324",app@HEAD,alta,,G2
70,org.openhab.habdroid.core.connection.ConnectionFactory,updateHttpClientForClientCert,SSLContextSpec,SSLCONTEXT-NOBS-01,LEGIT_UNOBSERVABLE,custom_validating_trust_manager,,"O array é arrayOf<TrustManager>(trustManager), onde trustManager é o MemorizingTrustManager(context) criado no init do ConnectionFactory.","jca_android/SSLContextSpec.mop:231-238 ; jca_android/TrustManagerFactorySpec.mop:215-218 (gtm1, único produtor de GENERATED_TRUST_MANAGER sobre o array) ; org.openhab.habdroid_589.apk/mobile/src/main/java/org/openhab/habdroid/core/connection/ConnectionFactory.kt:162-168,323-327 ; org.openhab.habdroid_589.apk/mobile/src/main/java/de/duenndns/ssl/MemorizingTrustManager.java:420-456",app@HEAD,alta,"MemorizingTrustManager (de.duenndns.ssl) valida: appTrustManager (certificados salvos pelo usuário), depois o TrustManager padrão do sistema, e por fim pergunta ao usuário (interactCert, MemorizingTrustManager.java:420-456,697-708); o hostname usa OkHostnameVerifier embrulhado, com pergunta ao usuário em divergência (:738-768).",G2
70,org.openhab.habdroid.core.connection.ConnectionFactory,updateHttpClientForClientCert,SSLContextSpec,SSLCONTEXT-NOBS-02,LEGIT_UNOBSERVABLE,null_default_securerandom,,O SecureRandom é o literal null.,"jca_android/SSLContextSpec.mop:240-247 ; jca_android/SecureRandomSpec.mop:384 (@match1, RANDOMIZED sobre o gerador) ; org.openhab.habdroid_589.apk/mobile/src/main/java/org/openhab/habdroid/core/connection/ConnectionFactory.kt:324",app@HEAD,alta,,G2
76,com.google.crypto.tink.aead.internal.AesGcmJceUtil,getSecretKey,SecretKeySpecSpec,SECRETKEYSPEC-NOBS-00,LEGIT_UNOBSERVABLE,key_from_keyset,,"Os bytes da chave AES-GCM vêm do keyset de valores do EncryptedSharedPreferences (SecretBytes.toByteArray, cópia), gerado por Random.randBytes na criação do keyset e depois cifrado nas SharedPreferences com a chave mestra do Android Keystore; nenhum Key.getEncoded() os produz.",jca_android/SecretKeySpecSpec.mop:97 ; jca_android/SecretKeySpecSpec.mop:110 ; jca_android/SecretKeySpecSpec.mop:118 ; jca_android/KeySpec.mop:75 ; jca_android/KeySpec.mop:105 ; jca_android/SecretKeySpec.mop:119 ; jca_android/SecretKeySpec.mop:145 ; jca_android/KeyAgreementSpec.mop:298 ; tink-android-1.19.0/com/google/crypto/tink/aead/internal/AesGcmJceUtil.java:57 ; tink-android-1.19.0/com/google/crypto/tink/subtle/AesGcmJce.java:59 ; tink-android-1.19.0/com/google/crypto/tink/subtle/AesGcmJce.java:79 ; tink-android-1.19.0/com/google/crypto/tink/aead/AesGcmKeyManager.java:60 ; tink-android-1.19.0/com/google/crypto/tink/aead/AesGcmKeyManager.java:127 ; tink-android-1.19.0/com/google/crypto/tink/util/SecretBytes.java:47 ; tink-android-1.19.0/com/google/crypto/tink/util/SecretBytes.java:59 ; encryptedprefs-core-1.1.1/dev/spght/encryptedprefs/EncryptedSharedPreferences.java:174 ; com.hegocre.nextcloudpasswords_38.apk/app/src/main/java/com/hegocre/nextcloudpasswords/utils/PreferencesManager.kt:32,com.google.crypto.tink:tink-android:1.19.0 (via dev.spght:encryptedprefs-core:1.1.1),alta,"Único APK: nextcloudpasswords (fork dev.spght do androidx EncryptedSharedPreferences). Mesmo quando o keyset é gerado no próprio processo, o array aleatório recebe RANDOMIZED (não PREPARED_KEY_MATERIAL) e passa por Bytes.copyFrom e toByteArray, que quebram a identidade. Não há linhas de encrypt/decrypt do AesGcmJce nesse APK: o primitivo é construído mas nenhum valor é lido ou escrito nas execuções.",G3
77,com.google.crypto.tink.aead.internal.InsecureNonceAesGcmJce,<init>,SecretKeySpecSpec,SECRETKEYSPEC-NOBS-00,LEGIT_UNOBSERVABLE,key_from_keyset,,"O único chamador em uso, AesGcmJce(key), recebe key.getKeyValue().toByteArray() do keyset AES256_GCM do EncryptedSharedPreferences, lido e decifrado das SharedPreferences pela chave mestra do Android Keystore (ou gerado por Random.randBytes numa execução anterior ou no início desta), sempre através de cópias de ByteString.",jca_android/SecretKeySpecSpec.mop:97 ; jca_android/SecretKeySpecSpec.mop:110 ; jca_android/SecretKeySpecSpec.mop:118 ; jca_android/KeySpec.mop:75 ; jca_android/KeySpec.mop:105 ; jca_android/SecretKeySpec.mop:119 ; jca_android/SecretKeySpec.mop:145 ; jca_android/KeyAgreementSpec.mop:298 ; tink-android-1.8.0/com/google/crypto/tink/aead/internal/InsecureNonceAesGcmJce.java:66 ; tink-android-1.8.0/com/google/crypto/tink/aead/AesGcmKeyManager.java:52 ; tink-android-1.8.0/com/google/crypto/tink/aead/AesGcmKeyManager.java:100 ; tink-android-1.8.0/com/google/crypto/tink/subtle/AesGcmJce.java:41 ; tink-android-1.8.0/com/google/crypto/tink/integration/android/AndroidKeysetManager.java:297 ; tink-android-1.8.0/com/google/crypto/tink/KeysetHandle.java:918 ; security-crypto-1.1.0/androidx/security/crypto/EncryptedSharedPreferences.java:170,com.google.crypto.tink:tink-android:1.8.0 (via androidx.security:security-crypto 1.1.0 / 1.1.0-alpha06 / 1.1.0-beta01),alta,"6 APKs, todos via EncryptedSharedPreferences (maskan.chat EncryptedPrefsFactory.kt:30, bitbanana PrefsUtil.java:119, deku lib_smsmms SecurityKt.settingsGetDbPassword [bytecode], quicksearch BasePreferences.kt:237, simplenotes CredentialStore.kt:40, password_manager UnlockScreen.kt:47). O outro chamador de InsecureNonceAesGcmJce na 1.8.0 (hybrid.internal.AesGcmHpkeAead) não é alcançado pelo security-crypto. Nenhum app usa tink diretamente.",G3
78,com.google.crypto.tink.aead.internal.InsecureNonceAesGcmJce,decrypt,CipherSpec,CIPHER-NOBS-00,LEGIT_UNOBSERVABLE,cascade,SECRETKEYSPEC-NOBS-00 @ com.google.crypto.tink.aead.internal.InsecureNonceAesGcmJce.<init>,"A chave passada a Cipher.init é o SecretKeySpec construído no <init> sobre bytes do keyset; como aquela construção não conformou, SecretKeySpecSpec não gravou GENERATED_KEY e a leitura aqui herda o NOBS.",jca_android/CipherSpec.mop:168 ; jca_android/CipherSpec.mop:199 ; jca_android/CipherSpec.mop:232 ; jca_android/SecretKeySpecSpec.mop:121 ; jca_android/SecretKeySpecSpec.mop:256 ; tink-android-1.8.0/com/google/crypto/tink/aead/internal/InsecureNonceAesGcmJce.java:136 ; tink-android-1.8.0/com/google/crypto/tink/aead/internal/InsecureNonceAesGcmJce.java:66,com.google.crypto.tink:tink-android:1.8.0,alta,,G3
78,com.google.crypto.tink.aead.internal.InsecureNonceAesGcmJce,decrypt,IvChainJunctionSpec,IVCHAINJUNCTION-NOBS-01,LEGIT_UNOBSERVABLE,cascade,GCMPARAMETERSPEC-NOBS-01 @ com.google.crypto.tink.aead.internal.InsecureNonceAesGcmJce.getParams,O GCMParameterSpec dado ao init de decifração foi construído em getParams sobre o nonce que AesGcmJce.decrypt copia dos 12 primeiros bytes do texto cifrado; sem RANDOMIZED nesse array não houve PREPARED_GCM.,jca_android/IvChainJunction.mop:138 ; jca_android/IvChainJunction.mop:194 ; jca_android/IvChainJunction.mop:201 ; jca_android/GCMParameterSpecSpec.mop:180 ; tink-android-1.8.0/com/google/crypto/tink/aead/internal/InsecureNonceAesGcmJce.java:135 ; tink-android-1.8.0/com/google/crypto/tink/aead/internal/InsecureNonceAesGcmJce.java:136 ; tink-android-1.8.0/com/google/crypto/tink/subtle/AesGcmJce.java:62 ; tink-android-1.8.0/com/google/crypto/tink/subtle/AesGcmJce.java:63,com.google.crypto.tink:tink-android:1.8.0,alta,,G3
79,com.google.crypto.tink.aead.internal.InsecureNonceAesGcmJce,encrypt,CipherSpec,CIPHER-NOBS-00,LEGIT_UNOBSERVABLE,cascade,SECRETKEYSPEC-NOBS-00 @ com.google.crypto.tink.aead.internal.InsecureNonceAesGcmJce.<init>,"Mesma chave do <init> (bytes do keyset, sem GENERATED_KEY); o nonce desta cifração vem de Random.randBytes(12) e foi creditado, pois não há GCMPARAMETERSPEC-NOBS nem IVCHAINJUNCTION-NOBS no caminho de encrypt.",jca_android/CipherSpec.mop:168 ; jca_android/CipherSpec.mop:199 ; jca_android/CipherSpec.mop:232 ; jca_android/SecretKeySpecSpec.mop:121 ; jca_android/SecretKeySpecSpec.mop:256 ; tink-android-1.8.0/com/google/crypto/tink/aead/internal/InsecureNonceAesGcmJce.java:93 ; tink-android-1.8.0/com/google/crypto/tink/aead/internal/InsecureNonceAesGcmJce.java:66 ; tink-android-1.8.0/com/google/crypto/tink/subtle/AesGcmJce.java:51 ; tink-android-1.8.0/com/google/crypto/tink/subtle/Random.java:43,com.google.crypto.tink:tink-android:1.8.0,alta,Nos 5 APKs com linhas de encrypt:93 não há IVCHAINJUNCTION-NOBS-01 em :93 nem GCMPARAMETERSPEC-NOBS-01 atribuível ao encrypt (contagem de getParams:159 = contagem de decrypt:136 em todos os APKs): o nonce aleatório do tink é visto por SecureRandomSpec.next2/@match2.,G3
80,com.google.crypto.tink.aead.internal.InsecureNonceAesGcmJce,getParams,GCMParameterSpecSpec,GCMPARAMETERSPEC-NOBS-01,LEGIT_UNOBSERVABLE,iv_from_ciphertext,,"As linhas vêm só do caminho de decifração: AesGcmJce.decrypt passa Arrays.copyOf(ciphertext, 12), isto é, o nonce lido do texto cifrado armazenado; no caminho de cifração o nonce é o próprio array de Random.randBytes e a leitura é SATISFIED.",jca_android/GCMParameterSpecSpec.mop:116 ; jca_android/GCMParameterSpecSpec.mop:125 ; jca_android/GCMParameterSpecSpec.mop:133 ; jca_android/SecureRandomSpec.mop:289 ; jca_android/SecureRandomSpec.mop:398 ; tink-android-1.8.0/com/google/crypto/tink/aead/internal/InsecureNonceAesGcmJce.java:159 ; tink-android-1.8.0/com/google/crypto/tink/aead/internal/InsecureNonceAesGcmJce.java:146 ; tink-android-1.8.0/com/google/crypto/tink/subtle/AesGcmJce.java:62 ; tink-android-1.8.0/com/google/crypto/tink/subtle/AesGcmJce.java:63 ; tink-android-1.8.0/com/google/crypto/tink/subtle/AesGcmJce.java:51 ; tink-android-1.8.0/com/google/crypto/tink/subtle/Random.java:43,com.google.crypto.tink:tink-android:1.8.0,alta,"Contagens por APK idênticas às de decrypt:136 (maskan 204/204, deku 215/215, password_manager 35/35, simplenotes 8/8, bitbanana 1/1), enquanto encrypt:93 tem outras contagens. O nome InsecureNonce indica apenas que o chamador fornece o nonce; aqui o chamador sorteia na cifração e lê do cifrado na decifração.",G3
81,com.google.crypto.tink.integration.android.AndroidKeystore$AeadImpl,decrypt,GCMParameterSpecSpec,GCMPARAMETERSPEC-NOBS-01,LEGIT_UNOBSERVABLE,iv_from_ciphertext,,"O GCMParameterSpec é construído sobre os bytes 0..11 do texto cifrado, que vem do autoteste validateAead (cifrado pelo Android Keystore com IV gerado dentro do framework) ou do keyset cifrado lido das SharedPreferences.",jca_android/GCMParameterSpecSpec.mop:116 ; jca_android/GCMParameterSpecSpec.mop:125 ; jca_android/GCMParameterSpecSpec.mop:133 ; tink-android-1.19.0/com/google/crypto/tink/integration/android/AndroidKeystore.java:175 ; tink-android-1.19.0/com/google/crypto/tink/integration/android/AndroidKeystore.java:160 ; tink-android-1.19.0/com/google/crypto/tink/integration/android/AndroidKeystoreKmsClient.java:155 ; tink-android-1.19.0/com/google/crypto/tink/integration/android/AndroidKeysetManager.java:370,com.google.crypto.tink:tink-android:1.19.0 (via dev.spght:encryptedprefs-core:1.1.1),alta,Único APK: nextcloudpasswords. Na 1.19.0 AndroidKeystoreAesGcm delega para AndroidKeystore.AeadImpl.,G3
81,com.google.crypto.tink.integration.android.AndroidKeystore$AeadImpl,decrypt,IvChainJunctionSpec,IVCHAINJUNCTION-NOBS-01,LEGIT_UNOBSERVABLE,cascade,GCMPARAMETERSPEC-NOBS-01 @ com.google.crypto.tink.integration.android.AndroidKeystore$AeadImpl.decrypt,"O params de Cipher.init(DECRYPT_MODE, key, params) é o GCMParameterSpec da linha 175, construído sobre o IV do texto cifrado e por isso sem PREPARED_GCM.",jca_android/IvChainJunction.mop:138 ; jca_android/IvChainJunction.mop:194 ; jca_android/IvChainJunction.mop:201 ; jca_android/GCMParameterSpecSpec.mop:180 ; tink-android-1.19.0/com/google/crypto/tink/integration/android/AndroidKeystore.java:178 ; tink-android-1.19.0/com/google/crypto/tink/integration/android/AndroidKeystore.java:175,com.google.crypto.tink:tink-android:1.19.0,alta,A chave vem de KeyStore.getKey do AndroidKeyStore e é creditada por KeyStoreSpec (não há CIPHER-NOBS-00 nesse init).,G3
82,com.google.crypto.tink.integration.android.AndroidKeystoreAesGcm,decryptInternal,GCMParameterSpecSpec,GCMPARAMETERSPEC-NOBS-01,LEGIT_UNOBSERVABLE,iv_from_ciphertext,,O GCMParameterSpec usa os 12 primeiros bytes do texto cifrado; esse cifrado é o do autoteste validateAead (IV gerado pelo Android Keystore e copiado de cipher.getIV()) ou o keyset cifrado lido das SharedPreferences por KeysetHandle.read.,jca_android/GCMParameterSpecSpec.mop:116 ; jca_android/GCMParameterSpecSpec.mop:125 ; jca_android/GCMParameterSpecSpec.mop:133 ; tink-android-1.8.0/com/google/crypto/tink/integration/android/AndroidKeystoreAesGcm.java:113 ; tink-android-1.8.0/com/google/crypto/tink/integration/android/AndroidKeystoreAesGcm.java:90 ; tink-android-1.8.0/com/google/crypto/tink/integration/android/AndroidKeystoreKmsClient.java:298 ; tink-android-1.8.0/com/google/crypto/tink/integration/android/AndroidKeystoreKmsClient.java:299 ; tink-android-1.8.0/com/google/crypto/tink/integration/android/AndroidKeysetManager.java:381 ; tink-android-1.8.0/com/google/crypto/tink/KeysetHandle.java:919 ; tink-android-1.5.0/com/google/crypto/tink/integration/android/AndroidKeystoreAesGcm.java:110 ; tink-android-1.5.0/com/google/crypto/tink/integration/android/AndroidKeystoreKmsClient.java:249,"com.google.crypto.tink:tink-android:1.8.0 (7 APKs, :113) ; com.google.crypto.tink:tink-android:1.5.0 (openhab via security-crypto 1.0.0, :110)",alta,"8 APKs. Cada AndroidKeysetManager.build() com chave mestra chama getAead, que faz encrypt+decrypt de 10 bytes aleatórios (validateAead) — por isso a decifração aparece em toda execução, inclusive nas que só criam o keyset. bravedns chega aqui por EncryptedFile.Builder.build() (EncryptedFileManager.kt:160); os demais por EncryptedSharedPreferences.create.",G3
82,com.google.crypto.tink.integration.android.AndroidKeystoreAesGcm,decryptInternal,IvChainJunctionSpec,IVCHAINJUNCTION-NOBS-01,LEGIT_UNOBSERVABLE,cascade,GCMPARAMETERSPEC-NOBS-01 @ com.google.crypto.tink.integration.android.AndroidKeystoreAesGcm.decryptInternal,"O params do init de decifração é o GCMParameterSpec construído duas linhas acima sobre o IV contido no texto cifrado, que não recebeu PREPARED_GCM.",jca_android/IvChainJunction.mop:138 ; jca_android/IvChainJunction.mop:194 ; jca_android/IvChainJunction.mop:201 ; jca_android/GCMParameterSpecSpec.mop:180 ; tink-android-1.8.0/com/google/crypto/tink/integration/android/AndroidKeystoreAesGcm.java:116 ; tink-android-1.5.0/com/google/crypto/tink/integration/android/AndroidKeystoreAesGcm.java:113,com.google.crypto.tink:tink-android:1.8.0 (:116) ; com.google.crypto.tink:tink-android:1.5.0 (:113),alta,A chave (KeyStore.getKey no AndroidKeyStore) é creditada: não há CIPHER-NOBS-00 nesse init em nenhum dos 8 APKs.,G3
86,com.google.crypto.tink.subtle.AesGcmHkdfStreaming,deriveKeySpec,SecretKeySpecSpec,SECRETKEYSPEC-NOBS-00,LEGIT_UNOBSERVABLE,key_derived_hkdf_from_keyset,,"A chave de segmento é HKDF-SHA256(ikm, salt, aad): ikm são os bytes do keyset AES256_GCM_HKDF_4KB do EncryptedFile e salt é aleatório (Random.randBytes na cifração, lido do cabeçalho na decifração); o array final é montado por System.arraycopy de saídas de Mac, sem Key.getEncoded().",jca_android/SecretKeySpecSpec.mop:97 ; jca_android/SecretKeySpecSpec.mop:110 ; jca_android/SecretKeySpecSpec.mop:118 ; jca_android/KeySpec.mop:75 ; jca_android/KeySpec.mop:105 ; jca_android/SecretKeySpec.mop:119 ; jca_android/SecretKeySpec.mop:145 ; jca_android/KeyAgreementSpec.mop:298 ; tink-android-1.8.0/com/google/crypto/tink/subtle/AesGcmHkdfStreaming.java:191 ; tink-android-1.8.0/com/google/crypto/tink/subtle/AesGcmHkdfStreaming.java:192 ; tink-android-1.8.0/com/google/crypto/tink/subtle/Hkdf.java:61 ; tink-android-1.8.0/com/google/crypto/tink/subtle/Hkdf.java:77 ; tink-android-1.8.0/com/google/crypto/tink/subtle/AesGcmHkdfStreaming.java:173 ; tink-android-1.8.0/com/google/crypto/tink/subtle/AesGcmHkdfStreaming.java:288 ; tink-android-1.8.0/com/google/crypto/tink/streamingaead/AesGcmHkdfStreamingKeyManager.java:55 ; security-crypto-1.1.0/androidx/security/crypto/EncryptedFile.java:240 ; org.css_apps_m3.password_manager_16.apk/app/src/main/java/org/css_apps_m3/password_manager/data/PasswordRepository.kt:42,com.google.crypto.tink:tink-android:1.8.0 (via security-crypto 1.1.0),alta,"Único APK: password_manager (PasswordRepository.savePasswords/loadPasswords). Derivação correta com salt aleatório por arquivo; o jca_android não tem produtor de PREPARED_KEY_MATERIAL para saída de Mac, mas mesmo que tivesse a raiz continuaria inobservável (ikm do keyset, e o resultado é um array novo). A chave HMAC do HKDF (Hkdf.java:59/65) acusa SECRETKEYSPEC-NOBS-00 pelo mesmo motivo (fora deste grupo).",G3
87,com.google.crypto.tink.subtle.AesGcmHkdfStreaming,paramsForSegment,GCMParameterSpecSpec,GCMPARAMETERSPEC-NOBS-00,LEGIT_UNOBSERVABLE,derived_iv_by_construction,,"O nonce de 12 bytes é um ByteBuffer novo com o prefixo aleatório de 7 bytes (Random.randBytes na cifração, lido do cabeçalho do arquivo na decifração), o número do segmento e o flag de último segmento — a construção STREAM do tink, única por segmento sob uma chave derivada nova por arquivo; a composição copia o prefixo e perde a identidade.",jca_android/GCMParameterSpecSpec.mop:62 ; jca_android/GCMParameterSpecSpec.mop:71 ; jca_android/GCMParameterSpecSpec.mop:79 ; jca_android/SecureRandomSpec.mop:289 ; jca_android/SecureRandomSpec.mop:398 ; tink-android-1.8.0/com/google/crypto/tink/subtle/AesGcmHkdfStreaming.java:178 ; tink-android-1.8.0/com/google/crypto/tink/subtle/AesGcmHkdfStreaming.java:180 ; tink-android-1.8.0/com/google/crypto/tink/subtle/AesGcmHkdfStreaming.java:183 ; tink-android-1.8.0/com/google/crypto/tink/subtle/AesGcmHkdfStreaming.java:187 ; tink-android-1.8.0/com/google/crypto/tink/subtle/AesGcmHkdfStreaming.java:212 ; tink-android-1.8.0/com/google/crypto/tink/subtle/AesGcmHkdfStreaming.java:289,com.google.crypto.tink:tink-android:1.8.0,alta,"Linhas dos dois caminhos (encryptSegment 34 execuções, decryptSegment 14). O nonce não é aleatório por segmento, e não precisa ser: a unicidade vem do contador sob prefixo+salt aleatórios; não é reuso de nonce.",G3
88,com.google.crypto.tink.subtle.AesGcmHkdfStreaming$AesGcmHkdfStreamDecrypter,decryptSegment,CipherSpec,CIPHER-NOBS-00,LEGIT_UNOBSERVABLE,cascade,SECRETKEYSPEC-NOBS-00 @ com.google.crypto.tink.subtle.AesGcmHkdfStreaming.deriveKeySpec,"A chave é o SecretKeySpec de deriveKeySpec (HKDF sobre o keyset com o salt do cabeçalho), que não conformou e não gravou GENERATED_KEY.",jca_android/CipherSpec.mop:168 ; jca_android/CipherSpec.mop:199 ; jca_android/CipherSpec.mop:232 ; jca_android/SecretKeySpecSpec.mop:121 ; jca_android/SecretKeySpecSpec.mop:256 ; tink-android-1.8.0/com/google/crypto/tink/subtle/AesGcmHkdfStreaming.java:299 ; tink-android-1.8.0/com/google/crypto/tink/subtle/AesGcmHkdfStreaming.java:290 ; tink-android-1.8.0/com/google/crypto/tink/subtle/AesGcmHkdfStreaming.java:192,com.google.crypto.tink:tink-android:1.8.0,alta,,G3
88,com.google.crypto.tink.subtle.AesGcmHkdfStreaming$AesGcmHkdfStreamDecrypter,decryptSegment,IvChainJunctionSpec,IVCHAINJUNCTION-NOBS-01,LEGIT_UNOBSERVABLE,cascade,GCMPARAMETERSPEC-NOBS-00 @ com.google.crypto.tink.subtle.AesGcmHkdfStreaming.paramsForSegment,"O params é o GCMParameterSpec de paramsForSegment, cujo prefixo de nonce foi lido do cabeçalho do arquivo cifrado.",jca_android/IvChainJunction.mop:138 ; jca_android/IvChainJunction.mop:194 ; jca_android/IvChainJunction.mop:201 ; jca_android/GCMParameterSpecSpec.mop:180 ; tink-android-1.8.0/com/google/crypto/tink/subtle/AesGcmHkdfStreaming.java:298 ; tink-android-1.8.0/com/google/crypto/tink/subtle/AesGcmHkdfStreaming.java:299 ; tink-android-1.8.0/com/google/crypto/tink/subtle/AesGcmHkdfStreaming.java:289,com.google.crypto.tink:tink-android:1.8.0,alta,,G3
89,com.google.crypto.tink.subtle.AesGcmHkdfStreaming$AesGcmHkdfStreamEncrypter,encryptSegment,CipherSpec,CIPHER-NOBS-00,LEGIT_UNOBSERVABLE,cascade,SECRETKEYSPEC-NOBS-00 @ com.google.crypto.tink.subtle.AesGcmHkdfStreaming.deriveKeySpec,"A chave é o SecretKeySpec derivado por HKDF no construtor do encrypter (ikm do keyset, salt de Random.randBytes), sem GENERATED_KEY.",jca_android/CipherSpec.mop:168 ; jca_android/CipherSpec.mop:199 ; jca_android/CipherSpec.mop:232 ; jca_android/SecretKeySpecSpec.mop:121 ; jca_android/SecretKeySpecSpec.mop:256 ; tink-android-1.8.0/com/google/crypto/tink/subtle/AesGcmHkdfStreaming.java:234 ; tink-android-1.8.0/com/google/crypto/tink/subtle/AesGcmHkdfStreaming.java:218 ; tink-android-1.8.0/com/google/crypto/tink/subtle/AesGcmHkdfStreaming.java:192,com.google.crypto.tink:tink-android:1.8.0,alta,,G3
89,com.google.crypto.tink.subtle.AesGcmHkdfStreaming$AesGcmHkdfStreamEncrypter,encryptSegment,IvChainJunctionSpec,IVCHAINJUNCTION-NOBS-01,LEGIT_UNOBSERVABLE,cascade,GCMPARAMETERSPEC-NOBS-00 @ com.google.crypto.tink.subtle.AesGcmHkdfStreaming.paramsForSegment,"O params é o GCMParameterSpec de paramsForSegment(noncePrefix, encryptedSegments, isLast), com prefixo aleatório e contador de segmentos composto num ByteBuffer novo.",jca_android/IvChainJunction.mop:138 ; jca_android/IvChainJunction.mop:194 ; jca_android/IvChainJunction.mop:201 ; jca_android/GCMParameterSpecSpec.mop:180 ; tink-android-1.8.0/com/google/crypto/tink/subtle/AesGcmHkdfStreaming.java:234 ; tink-android-1.8.0/com/google/crypto/tink/subtle/AesGcmHkdfStreaming.java:237 ; tink-android-1.8.0/com/google/crypto/tink/subtle/AesGcmHkdfStreaming.java:212,com.google.crypto.tink:tink-android:1.8.0,alta,,G3
90,com.google.crypto.tink.subtle.AesGcmJce,<init>,SecretKeySpecSpec,SECRETKEYSPEC-NOBS-00,LEGIT_UNOBSERVABLE,key_from_keyset,,"AesGcmKeyManager constrói AesGcmJce com key.getKeyValue().toByteArray() do keyset AES256_GCM do EncryptedSharedPreferences, decifrado das SharedPreferences pela chave mestra do Android Keystore ou gerado por Random.randBytes e copiado para ByteString.",jca_android/SecretKeySpecSpec.mop:97 ; jca_android/SecretKeySpecSpec.mop:110 ; jca_android/SecretKeySpecSpec.mop:118 ; jca_android/KeySpec.mop:75 ; jca_android/KeySpec.mop:105 ; jca_android/SecretKeySpec.mop:119 ; jca_android/SecretKeySpec.mop:145 ; jca_android/KeyAgreementSpec.mop:298 ; tink-android-1.5.0/com/google/crypto/tink/subtle/AesGcmJce.java:54 ; tink-android-1.5.0/com/google/crypto/tink/aead/AesGcmKeyManager.java:47 ; tink-android-1.5.0/com/google/crypto/tink/aead/AesGcmKeyManager.java:95 ; tink-android-1.5.0/com/google/crypto/tink/integration/android/AndroidKeysetManager.java:311 ; security-crypto-1.0.0/androidx/security/crypto/EncryptedSharedPreferences.java:124 ; org.openhab.habdroid_589.apk/mobile/src/main/java/org/openhab/habdroid/core/OpenHabApplication.kt:78,com.google.crypto.tink:tink-android:1.5.0 (via androidx.security:security-crypto:1.0.0),alta,"Único APK: openhab (OpenHabApplication.getEncryptedSharedPrefs, MasterKeys.getOrCreate). Na 1.5.0 AesGcmJce ainda constrói o SecretKeySpec diretamente (sem InsecureNonceAesGcmJce).",G3
91,com.google.crypto.tink.subtle.AesGcmJce,encrypt,CipherSpec,CIPHER-NOBS-00,LEGIT_UNOBSERVABLE,cascade,SECRETKEYSPEC-NOBS-00 @ com.google.crypto.tink.subtle.AesGcmJce.<init>,"A chave de Cipher.init é o keySpec do construtor (bytes do keyset, sem GENERATED_KEY); o IV desta cifração vem de Random.randBytes e foi creditado (sem GCMPARAMETERSPEC-NOBS em getParams).",jca_android/CipherSpec.mop:168 ; jca_android/CipherSpec.mop:199 ; jca_android/CipherSpec.mop:232 ; jca_android/SecretKeySpecSpec.mop:121 ; jca_android/SecretKeySpecSpec.mop:256 ; tink-android-1.5.0/com/google/crypto/tink/subtle/AesGcmJce.java:73 ; tink-android-1.5.0/com/google/crypto/tink/subtle/AesGcmJce.java:69 ; tink-android-1.5.0/com/google/crypto/tink/subtle/AesGcmJce.java:54,com.google.crypto.tink:tink-android:1.5.0,alta,"Uma única linha em todo o corpus, sem execução exclusivamente NOBS.",G3
83,com.google.crypto.tink.prf.internal.PrfAesCmac,<init>,SecretKeySpecSpec,SECRETKEYSPEC-NOBS-00,LEGIT_UNOBSERVABLE,key_from_keyset,,"A chave k1 do CMAC é a primeira metade (Arrays.copyOfRange) dos 64 bytes da chave AES-SIV desserializada do keyset do EncryptedSharedPreferences, copiada ainda por SecretBytes/toByteArray; nenhum getEncoded observado a produz.","SecretKeySpecSpec.mop:110 ; SecretKeySpecSpec.mop:116-120 ; SecretKeySpecSpec.mop:121-124 (GENERATED_KEY só se conforma) ; produtores PREPARED_KEY_MATERIAL: SecretKeySpec.mop:119-127,145 ; KeySpec.mop:75-85,105 ; KeyAgreementSpec.mop:298,315 ; tink-android-1.19.0/com/google/crypto/tink/prf/internal/PrfAesCmac.java:76 ; tink-android-1.19.0/com/google/crypto/tink/prf/internal/PrfAesCmac.java:80-82 ; tink-android-1.19.0/com/google/crypto/tink/subtle/AesSiv.java:94-99,123-125 ; tink-android-1.19.0/com/google/crypto/tink/subtle/AesSiv.java:75-78 (create: key.getKeyBytes().toByteArray) ; tink-android-1.19.0/com/google/crypto/tink/util/SecretBytes.java:38-42 ; encryptedprefs-core-1.1.1/dev/spght/encryptedprefs/EncryptedSharedPreferences.java:167-182",com.google.crypto.tink:tink-android:1.19.0 (via dev.spght:encryptedprefs-core:1.1.1),alta,"Material de chave vem de armazenamento (keyset cifrado pela master key do Keystore); a identidade ainda se perde em três cópias. Mesmo na primeira execução (Random.randBytes) a chave só carregaria RANDOMIZED, não PREPARED_KEY_MATERIAL.",G4
84,com.google.crypto.tink.prf.internal.PrfAesCmac,compute,CipherSpec,CIPHER-NOBS-00,LEGIT_UNOBSERVABLE,cascade,SECRETKEYSPEC-NOBS-00 @ com.google.crypto.tink.prf.internal.PrfAesCmac.<init>,"A chave passada a Cipher.init é o campo keySpec, o SecretKeySpec construído no construtor sobre bytes do keyset; como aquela construção não conformou, nenhum GENERATED_KEY foi gravado.","CipherSpec.mop:199-233 (i2 lê GENERATED_KEY) ; produtor: SecretKeySpecSpec.mop:256 (só em @match de construção conforme) ; tink-android-1.19.0/com/google/crypto/tink/prf/internal/PrfAesCmac.java:106 ; tink-android-1.19.0/com/google/crypto/tink/prf/internal/PrfAesCmac.java:46,76",com.google.crypto.tink:tink-android:1.19.0 (via dev.spght:encryptedprefs-core:1.1.1),alta,AES/ECB/NoPadding sobre blocos é o próprio CMAC (RFC 4493 §2.4); não é uso de ECB para confidencialidade.,G4
85,com.google.crypto.tink.prf.internal.PrfAesCmac,generateSubKeys,CipherSpec,CIPHER-NOBS-00,LEGIT_UNOBSERVABLE,cascade,SECRETKEYSPEC-NOBS-00 @ com.google.crypto.tink.prf.internal.PrfAesCmac.<init>,"A chave passada a Cipher.init é o campo keySpec, o SecretKeySpec construído no construtor sobre bytes do keyset; como aquela construção não conformou, nenhum GENERATED_KEY foi gravado.","CipherSpec.mop:199-233 (i2 lê GENERATED_KEY) ; produtor: SecretKeySpecSpec.mop:256 (só em @match de construção conforme) ; tink-android-1.19.0/com/google/crypto/tink/prf/internal/PrfAesCmac.java:155 ; tink-android-1.19.0/com/google/crypto/tink/prf/internal/PrfAesCmac.java:46,76",com.google.crypto.tink:tink-android:1.19.0 (via dev.spght:encryptedprefs-core:1.1.1),alta,Cifrar o bloco zero com AES-ECB é exatamente a geração de subchaves do RFC 4493 §2.3.,G4
92,com.google.crypto.tink.subtle.AesSiv,decryptDeterministically,CipherSpec,CIPHER-NOBS-00,LEGIT_UNOBSERVABLE,cascade,SECRETKEYSPEC-NOBS-00 @ com.google.crypto.tink.subtle.AesSiv.decryptDeterministically,"A chave de Cipher.init é new SecretKeySpec(aesCtrKey) na mesma instrução, cujos bytes vêm do keyset; a construção não conformou e não gravou GENERATED_KEY.",CipherSpec.mop:199-233 (i2 lê GENERATED_KEY) ; produtor: SecretKeySpecSpec.mop:256 (só em @match de construção conforme) ; tink-android-1.8.0/com/google/crypto/tink/subtle/AesSiv.java:143-146 ; tink-android-1.8.0/com/google/crypto/tink/subtle/AesSiv.java:70,com.google.crypto.tink:tink-android:1.8.0,alta,Só app.maskan.chat_90 (decryptKey do EncryptedSharedPreferences).,G4
92,com.google.crypto.tink.subtle.AesSiv,decryptDeterministically,IvParameterSpecSpec,IVPARAMETERSPEC-NOBS-00,LEGIT_UNOBSERVABLE,iv_from_ciphertext,,"O IV de decifração é o IV sintético lido dos 16 primeiros bytes do texto cifrado (Arrays.copyOfRange + clone), que é depois recomputado por S2V e comparado como tag de autenticação.","IvParameterSpec.mop:68 ; IvParameterSpec.mop:73-79 ; IvParameterSpec.mop:153 (PREPARED_IV só se RANDOMIZED) ; produtores RANDOMIZED: SecureRandomSpec.mop:384,394,398 ; tink-android-1.8.0/com/google/crypto/tink/subtle/AesSiv.java:137-146 ; tink-android-1.8.0/com/google/crypto/tink/subtle/AesSiv.java:156-161 ; security-crypto-1.1.0/androidx/security/crypto/EncryptedSharedPreferences.java:598-625 (encryptKey/decryptKey chamam encryptDeterministically/decryptDeterministically sobre o nome da preferência)",com.google.crypto.tink:tink-android:1.8.0,alta,Na decifração o IV não pode ser aleatório: é o que o cifrador gravou. IvChainJunction não acusa aqui porque exige encmode==1.,G4
92,com.google.crypto.tink.subtle.AesSiv,decryptDeterministically,SecretKeySpecSpec,SECRETKEYSPEC-NOBS-00,LEGIT_UNOBSERVABLE,key_from_keyset,,aesCtrKey é a segunda metade (Arrays.copyOfRange) da chave AES-SIV de 64 bytes obtida por key.getKeyValue().toByteArray() do keyset decifrado com a master key do Android Keystore.,"SecretKeySpecSpec.mop:110 ; SecretKeySpecSpec.mop:116-120 ; SecretKeySpecSpec.mop:121-124 (GENERATED_KEY só se conforma) ; produtores PREPARED_KEY_MATERIAL: SecretKeySpec.mop:119-127,145 ; KeySpec.mop:75-85,105 ; KeyAgreementSpec.mop:298,315 ; tink-android-1.8.0/com/google/crypto/tink/subtle/AesSiv.java:145 ; tink-android-1.8.0/com/google/crypto/tink/subtle/AesSiv.java:58-71 ; tink-android-1.8.0/com/google/crypto/tink/daead/AesSivKeyManager.java:53 (new AesSiv(key.getKeyValue().toByteArray())) ; tink-android-1.8.0/com/google/crypto/tink/integration/android/AndroidKeysetManager.java:287-297 (keyset lido de SharedPreferences e decifrado com a master key do Android Keystore) ; security-crypto-1.1.0/androidx/security/crypto/EncryptedSharedPreferences.java:165-177",com.google.crypto.tink:tink-android:1.8.0,alta,,G4
93,com.google.crypto.tink.subtle.AesSiv,encryptDeterministically,CipherSpec,CIPHER-NOBS-00,LEGIT_UNOBSERVABLE,cascade,SECRETKEYSPEC-NOBS-00 @ com.google.crypto.tink.subtle.AesSiv.encryptDeterministically,A chave de Cipher.init é new SecretKeySpec(aesCtrKey) construída na mesma instrução sobre bytes do keyset; essa construção não conformou e não gravou GENERATED_KEY.,CipherSpec.mop:199-233 (i2 lê GENERATED_KEY) ; produtor: SecretKeySpecSpec.mop:256 (só em @match de construção conforme) ; tink-android-1.8.0/com/google/crypto/tink/subtle/AesSiv.java:119-122,"com.google.crypto.tink:tink-android:1.8.0 (6 APKs, via androidx.security:security-crypto 1.1.0-alpha06/1.1.0-beta01/1.1.0) + tink-android:1.5.0 (openhab, via security-crypto 1.0.0)",alta,"Sete APKs: maskan, bitbanana, deku, quicksearch, simplenotes, css password_manager (1.8.0) e openhab (1.5.0, AesSiv.java:109-112, código idêntico).",G4
93,com.google.crypto.tink.subtle.AesSiv,encryptDeterministically,IvChainJunctionSpec,IVCHAINJUNCTION-NOBS-00,LEGIT_UNOBSERVABLE,cascade,IVPARAMETERSPEC-NOBS-00 @ com.google.crypto.tink.subtle.AesSiv.encryptDeterministically,"O IvParameterSpec passado a Cipher.init(ENCRYPT_MODE, …, AES/CTR/NoPadding) foi construído sobre o IV sintético do SIV, que não recebeu PREPARED_IV porque não é aleatório — e não deve ser.",IvChainJunction.mop:155-160 (encmode==1 e modo CTR) ; IvChainJunction.mop:165-167 ; produtor PREPARED_IV: IvParameterSpec.mop:153 ; tink-android-1.8.0/com/google/crypto/tink/subtle/AesSiv.java:119-122,"com.google.crypto.tink:tink-android:1.8.0 (6 APKs, via androidx.security:security-crypto 1.1.0-alpha06/1.1.0-beta01/1.1.0) + tink-android:1.5.0 (openhab, via security-crypto 1.0.0)",alta,"Mesma raiz que IVPARAMETERSPEC-NOBS-00: a regra exige IV preparado para todo CTR em cifração, mas no AES-SIV o contador do CTR é, por construção, o IV sintético derivado (RFC 5297 §2.6). [harmonizado: IV sintético do SIV é determinístico por construção (RFC 5297); regra única com o nonce TLS (G5) e o nonce de segmento (G3)]",G4
93,com.google.crypto.tink.subtle.AesSiv,encryptDeterministically,IvParameterSpecSpec,IVPARAMETERSPEC-NOBS-00,LEGIT_UNOBSERVABLE,derived_iv_by_construction,,"O IV é V = S2V(K1, AD, P), um CMAC encadeado (Cipher.doFinal AES/ECB em PrfAesCmac.compute) sobre o nome do arquivo e o nome da preferência, clonado e com os bits 63 e 31 zerados como manda o RFC 5297; é determinístico por projeto.","IvParameterSpec.mop:68 ; IvParameterSpec.mop:73-79 ; IvParameterSpec.mop:153 (PREPARED_IV só se RANDOMIZED) ; produtores RANDOMIZED: SecureRandomSpec.mop:384,394,398 ; tink-android-1.8.0/com/google/crypto/tink/subtle/AesSiv.java:119-122 ; tink-android-1.8.0/com/google/crypto/tink/subtle/AesSiv.java:81-104,113-117 ; security-crypto-1.1.0/androidx/security/crypto/EncryptedSharedPreferences.java:598-625 (encryptKey/decryptKey chamam encryptDeterministically/decryptDeterministically sobre o nome da preferência)","com.google.crypto.tink:tink-android:1.8.0 (6 APKs, via androidx.security:security-crypto 1.1.0-alpha06/1.1.0-beta01/1.1.0) + tink-android:1.5.0 (openhab, via security-crypto 1.0.0)",média,"Não é MISUSE: AES-SIV é AEAD determinístico resistente a reuso de nonce; o IV sintético é um PRF de (AD, P), então só vaza igualdade de pares idênticos, exatamente o que o EncryptedSharedPreferences precisa para localizar a preferência pelo nome cifrado. O IV é produzido por computação observável em código tecido (Cipher.doFinal + clone), mas nenhuma especificação pode creditá-lo sem também absolver IVs derivados em CTR comum: o reparo é uma exceção para o CTR interno do SIV, não um produtor. Confiança média só na escolha SPEC_DEFECT versus LEGIT_UNOBSERVABLE; alta em não ser misuse. [harmonizado: IV sintético do SIV é determinístico por construção (RFC 5297); regra única com o nonce TLS (G5) e o nonce de segmento (G3)]",G4
93,com.google.crypto.tink.subtle.AesSiv,encryptDeterministically,SecretKeySpecSpec,SECRETKEYSPEC-NOBS-00,LEGIT_UNOBSERVABLE,key_from_keyset,,"aesCtrKey é a segunda metade (Arrays.copyOfRange) da chave AES-SIV de 64 bytes desserializada do keyset do EncryptedSharedPreferences, decifrado com a master key AES-GCM do Android Keystore.","SecretKeySpecSpec.mop:110 ; SecretKeySpecSpec.mop:116-120 ; SecretKeySpecSpec.mop:121-124 (GENERATED_KEY só se conforma) ; produtores PREPARED_KEY_MATERIAL: SecretKeySpec.mop:119-127,145 ; KeySpec.mop:75-85,105 ; KeyAgreementSpec.mop:298,315 ; tink-android-1.8.0/com/google/crypto/tink/subtle/AesSiv.java:119-122 ; tink-android-1.8.0/com/google/crypto/tink/subtle/AesSiv.java:58-71 ; tink-android-1.8.0/com/google/crypto/tink/daead/AesSivKeyManager.java:53 (new AesSiv(key.getKeyValue().toByteArray())) ; tink-android-1.8.0/com/google/crypto/tink/integration/android/AndroidKeysetManager.java:287-297 (keyset lido de SharedPreferences e decifrado com a master key do Android Keystore) ; security-crypto-1.1.0/androidx/security/crypto/EncryptedSharedPreferences.java:165-177","com.google.crypto.tink:tink-android:1.8.0 (6 APKs, via androidx.security:security-crypto 1.1.0-alpha06/1.1.0-beta01/1.1.0) + tink-android:1.5.0 (openhab, via security-crypto 1.0.0)",alta,"Sete APKs: maskan, bitbanana, deku, quicksearch, simplenotes, css password_manager (1.8.0) e openhab (1.5.0, AesSiv.java:109-112, código idêntico).",G4
94,com.google.crypto.tink.subtle.AesSiv,encryptInternal,CipherSpec,CIPHER-NOBS-00,LEGIT_UNOBSERVABLE,cascade,SECRETKEYSPEC-NOBS-00 @ com.google.crypto.tink.subtle.AesSiv.encryptInternal,A chave de Cipher.init é new SecretKeySpec(aesCtrKey) construída na mesma instrução sobre bytes do keyset; essa construção não conformou e não gravou GENERATED_KEY.,CipherSpec.mop:199-233 (i2 lê GENERATED_KEY) ; produtor: SecretKeySpecSpec.mop:256 (só em @match de construção conforme) ; tink-android-1.19.0/com/google/crypto/tink/subtle/AesSiv.java:191-194,com.google.crypto.tink:tink-android:1.19.0 (via dev.spght:encryptedprefs-core:1.1.1),alta,Só com.hegocre.nextcloudpasswords_38 (fork dev.spght do EncryptedSharedPreferences).,G4
94,com.google.crypto.tink.subtle.AesSiv,encryptInternal,IvChainJunctionSpec,IVCHAINJUNCTION-NOBS-00,LEGIT_UNOBSERVABLE,cascade,IVPARAMETERSPEC-NOBS-00 @ com.google.crypto.tink.subtle.AesSiv.encryptInternal,"O IvParameterSpec passado a Cipher.init(ENCRYPT_MODE, …, AES/CTR/NoPadding) foi construído sobre o IV sintético do SIV, que não recebeu PREPARED_IV porque não é aleatório — e não deve ser.",IvChainJunction.mop:155-160 (encmode==1 e modo CTR) ; IvChainJunction.mop:165-167 ; produtor PREPARED_IV: IvParameterSpec.mop:153 ; tink-android-1.19.0/com/google/crypto/tink/subtle/AesSiv.java:191-194,com.google.crypto.tink:tink-android:1.19.0 (via dev.spght:encryptedprefs-core:1.1.1),alta,"Mesma raiz que IVPARAMETERSPEC-NOBS-00: a regra exige IV preparado para todo CTR em cifração, mas no AES-SIV o contador do CTR é, por construção, o IV sintético derivado (RFC 5297 §2.6). [harmonizado: IV sintético do SIV é determinístico por construção (RFC 5297); regra única com o nonce TLS (G5) e o nonce de segmento (G3)]",G4
94,com.google.crypto.tink.subtle.AesSiv,encryptInternal,IvParameterSpecSpec,IVPARAMETERSPEC-NOBS-00,LEGIT_UNOBSERVABLE,derived_iv_by_construction,,"O IV é V = S2V(K1, AD, P), um CMAC encadeado (Cipher.doFinal AES/ECB em PrfAesCmac.compute) sobre o nome do arquivo e o nome da preferência, clonado e com os bits 63 e 31 zerados como manda o RFC 5297; é determinístico por projeto.","IvParameterSpec.mop:68 ; IvParameterSpec.mop:73-79 ; IvParameterSpec.mop:153 (PREPARED_IV só se RANDOMIZED) ; produtores RANDOMIZED: SecureRandomSpec.mop:384,394,398 ; tink-android-1.19.0/com/google/crypto/tink/subtle/AesSiv.java:191-194 ; tink-android-1.19.0/com/google/crypto/tink/subtle/AesSiv.java:140-166,183-189 ; security-crypto-1.1.0/androidx/security/crypto/EncryptedSharedPreferences.java:598-625 (encryptKey/decryptKey chamam encryptDeterministically/decryptDeterministically sobre o nome da preferência)",com.google.crypto.tink:tink-android:1.19.0 (via dev.spght:encryptedprefs-core:1.1.1),média,"Não é MISUSE: AES-SIV é AEAD determinístico resistente a reuso de nonce; o IV sintético é um PRF de (AD, P), então só vaza igualdade de pares idênticos, exatamente o que o EncryptedSharedPreferences precisa para localizar a preferência pelo nome cifrado. O IV é produzido por computação observável em código tecido (Cipher.doFinal + clone), mas nenhuma especificação pode creditá-lo sem também absolver IVs derivados em CTR comum: o reparo é uma exceção para o CTR interno do SIV, não um produtor. Confiança média só na escolha SPEC_DEFECT versus LEGIT_UNOBSERVABLE; alta em não ser misuse. [harmonizado: IV sintético do SIV é determinístico por construção (RFC 5297); regra única com o nonce TLS (G5) e o nonce de segmento (G3)]",G4
94,com.google.crypto.tink.subtle.AesSiv,encryptInternal,SecretKeySpecSpec,SECRETKEYSPEC-NOBS-00,LEGIT_UNOBSERVABLE,key_from_keyset,,"aesCtrKey é a segunda metade (Arrays.copyOfRange) da chave AES-SIV de 64 bytes desserializada do keyset do EncryptedSharedPreferences, decifrado com a master key AES-GCM do Android Keystore.","SecretKeySpecSpec.mop:110 ; SecretKeySpecSpec.mop:116-120 ; SecretKeySpecSpec.mop:121-124 (GENERATED_KEY só se conforma) ; produtores PREPARED_KEY_MATERIAL: SecretKeySpec.mop:119-127,145 ; KeySpec.mop:75-85,105 ; KeyAgreementSpec.mop:298,315 ; tink-android-1.19.0/com/google/crypto/tink/subtle/AesSiv.java:191-194 ; tink-android-1.19.0/com/google/crypto/tink/subtle/AesSiv.java:111-127 ; tink-android-1.19.0/com/google/crypto/tink/subtle/AesSiv.java:75-78 (create: key.getKeyBytes().toByteArray) ; tink-android-1.19.0/com/google/crypto/tink/util/SecretBytes.java:38-42 ; encryptedprefs-core-1.1.1/dev/spght/encryptedprefs/EncryptedSharedPreferences.java:167-182",com.google.crypto.tink:tink-android:1.19.0 (via dev.spght:encryptedprefs-core:1.1.1),alta,Só com.hegocre.nextcloudpasswords_38 (fork dev.spght do EncryptedSharedPreferences).,G4
95,com.google.crypto.tink.subtle.Hkdf,computeHkdf,MacSpec,MAC-NOBS-00,SPEC_DEFECT,cascade,SECRETKEYSPEC-NOBS-00 @ com.google.crypto.tink.subtle.Hkdf.computeHkdf,"As chaves de Mac.init são os SecretKeySpec construídos na mesma instrução sobre o salt (linha 59) e sobre o PRK (linha 65); nenhum dos dois conformou em SecretKeySpecSpec, logo nenhum GENERATED_KEY foi gravado.","MacSpec.mop:179 ; MacSpec.mop:184-187 ; SecretKeySpecSpec.mop:256 ; tink-android-1.8.0/com/google/crypto/tink/subtle/Hkdf.java:59,65",com.google.crypto.tink:tink-android:1.8.0,média,"Duas linhas numa só linha do censo. Hkdf.java:59: SecretKeySpec(salt, HmacSha256) — no caminho de cifração (presente nas 34 execuções, igual às 34 de AesGcmHkdfStreamEncrypter) o salt é Random.randBytes(32), SecureRandom.nextBytes em código tecido, que no máximo ganha RANDOMIZED; no caminho de decifração (14 execuções) é lido do cabeçalho do arquivo (LEGIT, iv_from_ciphertext análogo). Hkdf.java:65: SecretKeySpec(prk, HmacSha256), prk = mac.doFinal(ikm), saída do passo extract do HKDF sobre a chave do keyset; nenhuma especificação faz de uma saída de Mac um produtor de PREPARED_KEY_MATERIAL. Em HKDF (RFC 5869 §2.2, §3.1) o salt é chave HMAC pública e o PRK é pseudoaleatório: exigir preparedKeyMaterial nos dois é a regra de SecretKeySpec aplicada fora do seu propósito (SecretKeySpecSpec.mop:79-91 registra que bytes aleatórios não satisfazem a cláusula). O ikm vem do keyset do EncryptedFile (AesGcmHkdfStreaming.java:94-105).",G4
95,com.google.crypto.tink.subtle.Hkdf,computeHkdf,SecretKeySpecSpec,SECRETKEYSPEC-NOBS-00,SPEC_DEFECT,producer_missing_in_specset,,"O material da linha 59 é o salt aleatório por arquivo gerado por Random.randBytes em AesGcmHkdfStreamEncrypter (ou lido do cabeçalho na decifração), e o da linha 65 é o PRK saído de Mac.doFinal sobre a chave do keyset do EncryptedFile; ambos corretos para HKDF e nenhum creditável como PREPARED_KEY_MATERIAL.","SecretKeySpecSpec.mop:110 ; SecretKeySpecSpec.mop:116-120 ; SecretKeySpecSpec.mop:121-124 (GENERATED_KEY só se conforma) ; produtores PREPARED_KEY_MATERIAL: SecretKeySpec.mop:119-127,145 ; KeySpec.mop:75-85,105 ; KeyAgreementSpec.mop:298,315 ; tink-android-1.8.0/com/google/crypto/tink/subtle/Hkdf.java:54-61,65 ; tink-android-1.8.0/com/google/crypto/tink/subtle/AesGcmHkdfStreaming.java:172-174,190-193,208-219,287-290 ; tink-android-1.8.0/com/google/crypto/tink/subtle/Random.java:41-45 ; org.css_apps_m3.password_manager_16.apk/app/src/main/java/org/css_apps_m3/password_manager/data/PasswordRepository.kt:42-49,57-64",com.google.crypto.tink:tink-android:1.8.0,média,"Duas linhas numa só linha do censo. Hkdf.java:59: SecretKeySpec(salt, HmacSha256) — no caminho de cifração (presente nas 34 execuções, igual às 34 de AesGcmHkdfStreamEncrypter) o salt é Random.randBytes(32), SecureRandom.nextBytes em código tecido, que no máximo ganha RANDOMIZED; no caminho de decifração (14 execuções) é lido do cabeçalho do arquivo (LEGIT, iv_from_ciphertext análogo). Hkdf.java:65: SecretKeySpec(prk, HmacSha256), prk = mac.doFinal(ikm), saída do passo extract do HKDF sobre a chave do keyset; nenhuma especificação faz de uma saída de Mac um produtor de PREPARED_KEY_MATERIAL. Em HKDF (RFC 5869 §2.2, §3.1) o salt é chave HMAC pública e o PRK é pseudoaleatório: exigir preparedKeyMaterial nos dois é a regra de SecretKeySpec aplicada fora do seu propósito (SecretKeySpecSpec.mop:79-91 registra que bytes aleatórios não satisfazem a cláusula). O ikm vem do keyset do EncryptedFile (AesGcmHkdfStreaming.java:94-105).",G4
96,com.google.crypto.tink.subtle.PrfAesCmac,<init>,SecretKeySpecSpec,SECRETKEYSPEC-NOBS-00,LEGIT_UNOBSERVABLE,key_from_keyset,,A chave k1 do CMAC é a primeira metade (Arrays.copyOfRange) da chave AES-SIV de 64 bytes desserializada do keyset do EncryptedSharedPreferences; AesSiv a passa ao construtor de PrfAesCmac.,"SecretKeySpecSpec.mop:110 ; SecretKeySpecSpec.mop:116-120 ; SecretKeySpecSpec.mop:121-124 (GENERATED_KEY só se conforma) ; produtores PREPARED_KEY_MATERIAL: SecretKeySpec.mop:119-127,145 ; KeySpec.mop:75-85,105 ; KeyAgreementSpec.mop:298,315 ; tink-android-1.8.0/com/google/crypto/tink/subtle/PrfAesCmac.java:57 (1.8.0) ; tink-android-1.5.0/com/google/crypto/tink/subtle/PrfAesCmac.java:50 ; tink-android-1.8.0/com/google/crypto/tink/subtle/AesSiv.java:69-71 ; tink-android-1.8.0/com/google/crypto/tink/daead/AesSivKeyManager.java:53 (new AesSiv(key.getKeyValue().toByteArray())) ; tink-android-1.8.0/com/google/crypto/tink/integration/android/AndroidKeysetManager.java:287-297 (keyset lido de SharedPreferences e decifrado com a master key do Android Keystore) ; security-crypto-1.1.0/androidx/security/crypto/EncryptedSharedPreferences.java:165-177","com.google.crypto.tink:tink-android:1.8.0 (6 APKs, via androidx.security:security-crypto 1.1.0-alpha06/1.1.0-beta01/1.1.0) + tink-android:1.5.0 (openhab, via security-crypto 1.0.0)",alta,"Em openhab (1.5.0) o construtor aparece em 214 execuções e compute em 1: o primitivo é criado ao abrir o EncryptedSharedPreferences, mas quase nunca se cifra um nome de preferência nas execuções.",G4
97,com.google.crypto.tink.subtle.PrfAesCmac,compute,CipherSpec,CIPHER-NOBS-00,LEGIT_UNOBSERVABLE,cascade,SECRETKEYSPEC-NOBS-00 @ com.google.crypto.tink.subtle.PrfAesCmac.<init>,"A chave de Cipher.init é o campo keySpec, o SecretKeySpec construído no construtor sobre bytes do keyset, que não conformou e não gravou GENERATED_KEY.","CipherSpec.mop:199-233 (i2 lê GENERATED_KEY) ; produtor: SecretKeySpecSpec.mop:256 (só em @match de construção conforme) ; tink-android-1.8.0/com/google/crypto/tink/subtle/PrfAesCmac.java:69 ; tink-android-1.5.0/com/google/crypto/tink/subtle/PrfAesCmac.java:62 ; tink-android-1.8.0/com/google/crypto/tink/subtle/PrfAesCmac.java:39,57","com.google.crypto.tink:tink-android:1.8.0 (6 APKs, via androidx.security:security-crypto 1.1.0-alpha06/1.1.0-beta01/1.1.0) + tink-android:1.5.0 (openhab, via security-crypto 1.0.0)",alta,AES/ECB/NoPadding sobre blocos é o próprio CMAC (RFC 4493 §2.4).,G4
98,com.google.crypto.tink.subtle.PrfAesCmac,generateSubKeys,CipherSpec,CIPHER-NOBS-00,LEGIT_UNOBSERVABLE,cascade,SECRETKEYSPEC-NOBS-00 @ com.google.crypto.tink.subtle.PrfAesCmac.<init>,"A chave de Cipher.init é o campo keySpec, o SecretKeySpec construído no construtor sobre bytes do keyset, que não conformou e não gravou GENERATED_KEY.","CipherSpec.mop:199-233 (i2 lê GENERATED_KEY) ; produtor: SecretKeySpecSpec.mop:256 (só em @match de construção conforme) ; tink-android-1.8.0/com/google/crypto/tink/subtle/PrfAesCmac.java:110 ; tink-android-1.5.0/com/google/crypto/tink/subtle/PrfAesCmac.java:103 ; tink-android-1.8.0/com/google/crypto/tink/subtle/PrfAesCmac.java:39,57","com.google.crypto.tink:tink-android:1.8.0 (6 APKs, via androidx.security:security-crypto 1.1.0-alpha06/1.1.0-beta01/1.1.0) + tink-android:1.5.0 (openhab, via security-crypto 1.0.0)",alta,Cifrar o bloco zero com AES-ECB é a geração de subchaves do RFC 4493 §2.3.,G4
0,org.bouncycastle.operator.jcajce.JcaContentVerifierProviderBuilder,createRawSig,SignatureSpec,SIGNATURE-NOBS-02,LEGIT_UNOBSERVABLE,pubkey_from_certificate,,"A chave dada a rawSig.initVerify é certificate.getPublicKey() de um X509Certificate (CA/RA do servidor SCEP ou certificado autoassinado), e nenhuma spec credita generatedPubkey a chave extraída de certificado.",bcpkix-jdk18on-1.79/org/bouncycastle/operator/jcajce/JcaContentVerifierProviderBuilder.java:263-273 ; bcpkix-jdk18on-1.79/org/bouncycastle/operator/jcajce/JcaContentVerifierProviderBuilder.java:108 ; bytecode:JcaContentVerifierProviderBuilder$1.get ; jca_android/SignatureSpec.mop:185-200 ; jca_android/KeyFactorySpec.mop:101-119 ; jca_android/KeyPairSpec.mop:123-126 ; jscep-3.0.1/org/jscep/client/Client.java:301 ; jscep-3.0.1/org/jscep/client/Client.java:644 ; jscep-3.0.1/org/jscep/util/SignedDataUtils.java:71 ; systems.sieber.droid_scep_7.apk/app/build.gradle:54,org.bouncycastle:bcpkix-jdk18on:1.79 (via com.google.code.jscep:jscep:3.0.1); bytecode,média,"Linha 'Unknown Source' (APK sem tabela de linhas); o bytecode de $1.get confirma val$certificate.getPublicKey() passado a initVerify e a createRawSig. Os três chamadores do jscep (isSelfSigned, verifyRA, isSignedBy) passam todos um X509Certificate — do servidor SCEP ou o autoassinado criado pelo app; em nenhum caso a chave pública sai de um gerador observável. Fora do escopo desta leitura: ScepClient.java:111-112 usa OptimisticCertificateVerifier (aceita qualquer CA) quando o fingerprint está vazio, e fingerprint MD5 quando não está.",G5
1,org.bouncycastle.operator.jcajce.JcaContentVerifierProviderBuilder$1,get,SignatureSpec,SIGNATURE-NOBS-02,LEGIT_UNOBSERVABLE,pubkey_from_certificate,,"A chave dada a sig.initVerify é certificate.getPublicKey() do X509Certificate capturado por build(X509Certificate), vinda do servidor SCEP ou do certificado autoassinado, sem produtor de generatedPubkey possível.",bcpkix-jdk18on-1.79/org/bouncycastle/operator/jcajce/JcaContentVerifierProviderBuilder.java:87-101 ; bcpkix-jdk18on-1.79/org/bouncycastle/operator/jcajce/JcaContentVerifierProviderBuilder.java:61-75 ; bytecode:JcaContentVerifierProviderBuilder$1.get ; jca_android/SignatureSpec.mop:185-200 ; jca_android/KeyFactorySpec.mop:101-119 ; jca_android/KeyPairSpec.mop:123-126 ; jscep-3.0.1/org/jscep/client/Client.java:301 ; jscep-3.0.1/org/jscep/client/Client.java:644 ; jscep-3.0.1/org/jscep/util/SignedDataUtils.java:71 ; systems.sieber.droid_scep_7.apk/app/build.gradle:54,org.bouncycastle:bcpkix-jdk18on:1.79 (via com.google.code.jscep:jscep:3.0.1); bytecode,média,"Linha 'Unknown Source' (APK sem tabela de linhas); o bytecode de $1.get confirma val$certificate.getPublicKey() passado a initVerify e a createRawSig. Os três chamadores do jscep (isSelfSigned, verifyRA, isSignedBy) passam todos um X509Certificate — do servidor SCEP ou o autoassinado criado pelo app; em nenhum caso a chave pública sai de um gerador observável. Fora do escopo desta leitura: ScepClient.java:111-112 usa OptimisticCertificateVerifier (aceita qualquer CA) quando o fingerprint está vazio, e fingerprint MD5 quando não está.",G5
2,io.ktor.network.tls.HashesKt,P_hash,MacSpec,MAC-NOBS-00,LEGIT_UNOBSERVABLE,tls_prf_derived_key,SECRETKEYSPEC-NOBS-00 @ io.ktor.network.tls.KeysKt.masterSecret,"A chave do HMAC do PRF do TLS 1.2 é o SecretKeySpec do master secret (saída do próprio PRF) em três das quatro chamadas por handshake, e o do pre-master secret (saída do ECDH) na quarta; nenhuma das duas carrega generatedKey.",jca_android/MacSpec.mop:170-187 ; jca_android/SecretKeySpecSpec.mop:110-124 ; jca_android/SecretKeySpecSpec.mop:255-258 ; ktor-network-tls-1.6.0/jvmMain/io/ktor/network/tls/Hashes.kt:9-37 ; ktor-network-tls-jvm-3.5.0/jvmMain/io/ktor/network/tls/Hashes.kt:18-39 ; ktor-network-tls-1.6.0/jvmMain/io/ktor/network/tls/Keys.kt:54-72 ; ktor-network-tls-1.6.0/jvmMain/io/ktor/network/tls/Render.kt:103-109 ; ktor-network-tls-1.6.0/jvmMain/io/ktor/network/tls/TLSClientHandshake.kt:315-319,"io.ktor:ktor-network-tls:1.6.0 (beatgame, retrowars); io.ktor:ktor-network-tls-jvm:3.1.3 (untis); io.ktor:ktor-network-tls-jvm:3.5.0 (vidyamusic)",média,"Divisão de caminhos: masterSecret() usa como chave SecretKeySpec(preSecret) (TLSClientHandshake.kt:316 no 1.6.0, :339/:340 no 3.x), cuja raiz é KEYFACTORY-NOBS-01 @ io.ktor.network.tls.TLSClientHandshakeKt.generateECKeys (SPEC_DEFECT); keyMaterial(), finished() e serverFinished() usam o masterSecret (Keys.kt:69), raiz LEGIT. As linhas deduplicadas não separam os caminhos; escolhi o dominante e o que continuaria a acusar mesmo corrigido o defeito. beatgame registra Hashes.kt:23/:28, uma linha abaixo do fonte 1.6.0 (:24/:29) que retrowars registra; mesmo método.",G5
3,io.ktor.network.tls.KeysKt,clientKey,SecretKeySpecSpec,SECRETKEYSPEC-NOBS-01,LEGIT_UNOBSERVABLE,tls_prf_derived_key,,"O byte[] é o key_block do TLS 1.2, saída de PRF(masterSecret, ""key expansion"", randoms) montada por copyOf de concatenações de Mac.doFinal, logo um array novo que nenhum produtor de preparedKeyMaterial pode marcar.",jca_android/SecretKeySpecSpec.mop:176-186 ; jca_android/SecretKeySpec.mop:119-148 ; jca_android/KeySpec.mop:75-108 ; jca_android/KeyAgreementSpec.mop:294-316 ; ktor-network-tls-1.6.0/jvmMain/io/ktor/network/tls/Keys.kt:37-42 ; ktor-network-tls-1.6.0/jvmMain/io/ktor/network/tls/Keys.kt:54-63 ; ktor-network-tls-1.6.0/jvmMain/io/ktor/network/tls/Hashes.kt:36 ; ktor-network-tls-1.6.0/jvmMain/io/ktor/network/tls/TLSClientHandshake.kt:40-54 ; ktor-network-tls-jvm-3.5.0/jvmMain/io/ktor/network/tls/TLSClientHandshake.kt:49-62,"io.ktor:ktor-network-tls:1.6.0 (beatgame, retrowars); io.ktor:ktor-network-tls-jvm:3.1.3 (untis); io.ktor:ktor-network-tls-jvm:3.5.0 (vidyamusic)",alta,"Keys.kt e GCMCipher.kt são idênticos em 1.6.0, 3.1.3 e 3.5.0 (diff vazio). A derivação segue a RFC 5246 §6.3; não há material constante.",G5
4,io.ktor.network.tls.KeysKt,masterSecret,SecretKeySpecSpec,SECRETKEYSPEC-NOBS-00,LEGIT_UNOBSERVABLE,tls_prf_derived_key,,"O byte[] é PRF(preMasterSecret, ""master secret"", clientRandom+serverRandom, 48), um array novo produzido por copyOf sobre saídas de Mac.doFinal, que por construção não carrega preparedKeyMaterial.",jca_android/SecretKeySpecSpec.mop:97-125 ; jca_android/SecretKeySpec.mop:119-148 ; jca_android/KeyAgreementSpec.mop:294-316 ; ktor-network-tls-1.6.0/jvmMain/io/ktor/network/tls/Keys.kt:65-72 ; ktor-network-tls-1.6.0/jvmMain/io/ktor/network/tls/Hashes.kt:16-37 ; ktor-network-tls-1.6.0/jvmMain/io/ktor/network/tls/TLSClientHandshake.kt:315-319,"io.ktor:ktor-network-tls:1.6.0 (beatgame, retrowars); io.ktor:ktor-network-tls-jvm:3.1.3 (untis); io.ktor:ktor-network-tls-jvm:3.5.0 (vidyamusic)",alta,"Mesmo que a cadeia do pre-master fosse creditada (ver KEYFACTORY-NOBS-01 @ io.ktor.network.tls.TLSClientHandshakeKt.generateECKeys), esta leitura continuaria NOT_OBSERVED: nenhuma spec trata saída de HMAC/PRF como material de chave. Derivação conforme RFC 5246 §8.1.",G5
5,io.ktor.network.tls.KeysKt,serverKey,SecretKeySpecSpec,SECRETKEYSPEC-NOBS-01,LEGIT_UNOBSERVABLE,tls_prf_derived_key,,"O byte[] é o key_block do TLS 1.2 derivado pelo PRF a partir do master secret e dos randoms do handshake, um array novo sem predicado possível.",jca_android/SecretKeySpecSpec.mop:176-186 ; ktor-network-tls-1.6.0/jvmMain/io/ktor/network/tls/Keys.kt:30-35 ; ktor-network-tls-1.6.0/jvmMain/io/ktor/network/tls/Keys.kt:54-63 ; ktor-network-tls-1.6.0/jvmMain/io/ktor/network/tls/TLSClientHandshake.kt:40-54,"io.ktor:ktor-network-tls:1.6.0 (beatgame, retrowars); io.ktor:ktor-network-tls-jvm:3.1.3 (untis); io.ktor:ktor-network-tls-jvm:3.5.0 (vidyamusic)",alta,Mesmo array de KeysKt.clientKey; só muda o offset.,G5
6,io.ktor.network.tls.TLSClientHandshake,generatePreSecret,KeyAgreementSpec,KEYAGREEMENT-NOBS-08,SPEC_DEFECT,cascade,KEYFACTORY-NOBS-01 @ io.ktor.network.tls.TLSClientHandshakeKt.generateECKeys,"A chave dada a doPhase é o serverPublic devolvido por KeyFactory.generatePublic(ECPublicKeySpec(ponto do servidor, params)), que só ganharia generatedPubkey se o ECPublicKeySpec tivesse produtor de speccedKey, e não tem.",jca_android/KeyAgreementSpec.mop:259-272 ; jca_android/KeyFactorySpec.mop:101-119 ; ktor-network-tls-1.6.0/jvmMain/io/ktor/network/tls/TLSClientHandshake.kt:335-340 ; ktor-network-tls-jvm-3.5.0/jvmMain/io/ktor/network/tls/TLSClientHandshake.kt:360-365 ; ktor-network-tls-1.6.0/jvmMain/io/ktor/network/tls/TLSClientHandshake.kt:487-499 ; ktor-network-tls-1.6.0/jvmMain/io/ktor/network/tls/TLSClientHandshake.kt:246-277,"io.ktor:ktor-network-tls:1.6.0 (beatgame, retrowars); io.ktor:ktor-network-tls-jvm:3.1.3 (untis); io.ktor:ktor-network-tls-jvm:3.5.0 (vidyamusic)",alta,O ponto EC vem do ServerKeyExchange e é autenticado por Signature.verify sobre randoms+params (TLSClientHandshake.kt:261-274 no 1.6.0) — uso correto de ECDHE. init1 (clientKeys.private via KeyPair.getPrivate) não acusa NOBS nas mesmas execuções.,G5
7,io.ktor.network.tls.TLSClientHandshake,handleServerDone,SecretKeySpecSpec,SECRETKEYSPEC-NOBS-00,SPEC_DEFECT,cascade,KEYFACTORY-NOBS-01 @ io.ktor.network.tls.TLSClientHandshakeKt.generateECKeys,"O byte[] é o pre-master secret devolvido diretamente por KeyAgreement.generateSecret() (mesma identidade), mas KeyAgreementSpec.gs1 só grava preparedKeyMaterial quando conforms, e conforms caiu no doPhase pela falta de generatedPubkey na chave do servidor.",jca_android/SecretKeySpecSpec.mop:97-125 ; jca_android/KeyAgreementSpec.mop:61 ; jca_android/KeyAgreementSpec.mop:268-271 ; jca_android/KeyAgreementSpec.mop:294-299 ; ktor-network-tls-1.6.0/jvmMain/io/ktor/network/tls/TLSClientHandshake.kt:306 ; ktor-network-tls-1.6.0/jvmMain/io/ktor/network/tls/TLSClientHandshake.kt:315-320 ; ktor-network-tls-1.6.0/jvmMain/io/ktor/network/tls/TLSClientHandshake.kt:335-340 ; ktor-network-tls-jvm-3.5.0/jvmMain/io/ktor/network/tls/TLSClientHandshake.kt:339-344 ; ktor-network-tls-jvm-3.1.3/jvmMain/io/ktor/network/tls/TLSClientHandshake.kt:338-341,"io.ktor:ktor-network-tls:1.6.0 (beatgame, retrowars); io.ktor:ktor-network-tls-jvm:3.1.3 (untis); io.ktor:ktor-network-tls-jvm:3.5.0 (vidyamusic)",alta,Com um produtor de speccedKey para ECPublicKeySpec a cadeia KeyFactory→doPhase→generateSecret fecharia e este site deixaria de acusar.,G5
8,io.ktor.network.tls.TLSClientHandshakeKt,generateECKeys,KeyFactorySpec,KEYFACTORY-NOBS-01,SPEC_DEFECT,producer_missing_in_specset,,"O KeySpec é new ECPublicKeySpec(serverPoint, publicKey.params) construído em código tecido a partir do ponto EC recebido (e assinado) no ServerKeyExchange, e o conjunto jca_android não tem nenhum .mop para ECPublicKeySpec que grave speccedKey.",jca_android/KeyFactorySpec.mop:64-72 ; jca_android/KeyFactorySpec.mop:101-119 ; jca_android/X509EncodedKeySpecSpec.mop:83 ; jca_android/SecretKeySpecSpec.mop:257 ; jca_android/PBEKeySpecSpec.mop:160 ; ktor-network-tls-1.6.0/jvmMain/io/ktor/network/tls/TLSClientHandshake.kt:487-499 ; ktor-network-tls-jvm-3.5.0/jvmMain/io/ktor/network/tls/TLSClientHandshake.kt:515-526 ; ktor-network-tls-jvm-3.1.3/jvmMain/io/ktor/network/tls/TLSClientHandshake.kt:520-524,"io.ktor:ktor-network-tls:1.6.0 (beatgame, retrowars); io.ktor:ktor-network-tls-jvm:3.1.3 (untis); io.ktor:ktor-network-tls-jvm:3.5.0 (vidyamusic)",alta,"Os únicos produtores de SPECCED_KEY são X509EncodedKeySpecSpec, SecretKeySpecSpec e PBEKeySpecSpec. X509EncodedKeySpec é creditado incondicionalmente, inclusive sobre bytes de rede; ECPublicKeySpec, o equivalente para um ponto EC cru, não. Raiz de KEYAGREEMENT-NOBS-08, SECRETKEYSPEC-NOBS-00 @ handleServerDone e de um dos caminhos de MAC-NOBS-00.",G5
9,io.ktor.network.tls.TLSConfigBuilderKt,findTrustManager,TrustManagerFactorySpec,TRUSTMANAGERFACTORY-NOBS-00,LEGIT_UNOBSERVABLE,null_default_truststore,,"O argumento de TrustManagerFactory.init é o literal null as KeyStore?, que seleciona o repositório de CAs do sistema, e validate(null) responde NOT_OBSERVED.",jca_android/TrustManagerFactorySpec.mop:146-156 ; rvsec-core/src/main/java/br/unb/cic/mop/PredicateStore.java:343-345 ; ktor-network-tls-1.6.0/jvmMain/io/ktor/network/tls/TLSConfigBuilder.kt:151-157 ; ktor-network-tls-jvm-3.5.0/jvmMain/io/ktor/network/tls/TLSConfigBuilder.kt:157-163 ; ktor-network-tls-jvm-3.1.3/jvmMain/io/ktor/network/tls/TLSConfigBuilder.kt:157-163,"io.ktor:ktor-network-tls:1.6.0 (beatgame, retrowars); io.ktor:ktor-network-tls-jvm:3.1.3 (untis); io.ktor:ktor-network-tls-jvm:3.5.0 (vidyamusic)",alta,"Observação fora desta leitura: o cliente TLS do ktor 1.6.0 (beatgame, retrowars) não verifica hostname (não existe verifyHostnameInCertificate no 1.6.0; em 3.x existe, TLSClientHandshake.kt:260-262). O TRUSTMANAGERFACTORY-ORDER-00 em g2 na linha anterior é o duplo casamento g1/g2 descrito na nota do id 12.",G5
10,io.ktor.network.tls.cipher.GCMCipherKt,gcmDecryptCipher,CipherSpec,CIPHER-NOBS-00,LEGIT_UNOBSERVABLE,cascade,SECRETKEYSPEC-NOBS-01 @ io.ktor.network.tls.KeysKt.serverKey,"A chave é keyMaterial.serverKey(suite), um SecretKeySpec sobre o key_block derivado pelo PRF do TLS, que não recebeu generatedKey porque sua própria leitura de preparedKeyMaterial deu NOT_OBSERVED.",jca_android/CipherSpec.mop:199-233 ; jca_android/SecretKeySpecSpec.mop:176-190 ; ktor-network-tls-1.6.0/jvmMain/io/ktor/network/tls/cipher/GCMCipher.kt:88-107 ; ktor-network-tls-1.6.0/jvmMain/io/ktor/network/tls/Keys.kt:30-35,"io.ktor:ktor-network-tls:1.6.0 (beatgame, retrowars); io.ktor:ktor-network-tls-jvm:3.1.3 (untis); io.ktor:ktor-network-tls-jvm:3.5.0 (vidyamusic)",alta,,G5
10,io.ktor.network.tls.cipher.GCMCipherKt,gcmDecryptCipher,GCMParameterSpecSpec,GCMPARAMETERSPEC-NOBS-00,LEGIT_UNOBSERVABLE,derived_iv_by_construction,,"O nonce AES-GCM de 12 bytes é o fixed IV de 4 bytes copiado do key_block (serverIV + copyOf) seguido do nonce_explicit de 8 bytes lido do próprio registro recebido, construção determinística exigida pela RFC 5288 e não um byte[] aleatório.",jca_android/GCMParameterSpecSpec.mop:62-84 ; jca_android/SecureRandomSpec.mop:392-401 ; ktor-network-tls-1.6.0/jvmMain/io/ktor/network/tls/cipher/GCMCipher.kt:39-51 ; ktor-network-tls-1.6.0/jvmMain/io/ktor/network/tls/cipher/GCMCipher.kt:98-105 ; ktor-network-tls-1.6.0/jvmMain/io/ktor/network/tls/Keys.kt:49-52,"io.ktor:ktor-network-tls:1.6.0 (beatgame, retrowars); io.ktor:ktor-network-tls-jvm:3.1.3 (untis); io.ktor:ktor-network-tls-jvm:3.5.0 (vidyamusic)",alta,Decifração: o IV tem de ser o que o servidor usou; randomized não se aplica a este protocolo.,G5
10,io.ktor.network.tls.cipher.GCMCipherKt,gcmDecryptCipher,IvChainJunctionSpec,IVCHAINJUNCTION-NOBS-01,LEGIT_UNOBSERVABLE,cascade,GCMPARAMETERSPEC-NOBS-00 @ io.ktor.network.tls.cipher.GCMCipherKt.gcmDecryptCipher,"O GCMParameterSpec dado a Cipher.init é o construído na linha anterior sobre o nonce do TLS, e GCMParameterSpecSpec só grava preparedGCM quando a leitura de randomized foi satisfeita.",jca_android/IvChainJunction.mop:138-141 ; jca_android/IvChainJunction.mop:192-202 ; jca_android/GCMParameterSpecSpec.mop:80-84 ; jca_android/GCMParameterSpecSpec.mop:179-181 ; ktor-network-tls-1.6.0/jvmMain/io/ktor/network/tls/cipher/GCMCipher.kt:105-107,"io.ktor:ktor-network-tls:1.6.0 (beatgame, retrowars); io.ktor:ktor-network-tls-jvm:3.1.3 (untis); io.ktor:ktor-network-tls-jvm:3.5.0 (vidyamusic)",alta,,G5
11,io.ktor.network.tls.cipher.GCMCipherKt,gcmEncryptCipher,CipherSpec,CIPHER-NOBS-00,LEGIT_UNOBSERVABLE,cascade,SECRETKEYSPEC-NOBS-01 @ io.ktor.network.tls.KeysKt.clientKey,"A chave é keyMaterial.clientKey(suite), um SecretKeySpec sobre o key_block derivado pelo PRF do TLS, que não recebeu generatedKey porque sua própria leitura de preparedKeyMaterial deu NOT_OBSERVED.",jca_android/CipherSpec.mop:199-233 ; jca_android/SecretKeySpecSpec.mop:176-190 ; ktor-network-tls-1.6.0/jvmMain/io/ktor/network/tls/cipher/GCMCipher.kt:57-74 ; ktor-network-tls-1.6.0/jvmMain/io/ktor/network/tls/Keys.kt:37-42,"io.ktor:ktor-network-tls:1.6.0 (beatgame, retrowars); io.ktor:ktor-network-tls-jvm:3.1.3 (untis); io.ktor:ktor-network-tls-jvm:3.5.0 (vidyamusic)",alta,,G5
11,io.ktor.network.tls.cipher.GCMCipherKt,gcmEncryptCipher,GCMParameterSpecSpec,GCMPARAMETERSPEC-NOBS-00,LEGIT_UNOBSERVABLE,derived_iv_by_construction,,"O nonce AES-GCM de 12 bytes é o fixed IV de 4 bytes do key_block (clientIV + copyOf) seguido do contador de registros outputCounter, que é único por registro sob uma chave de sessão nova — a construção da RFC 5288 §3 — e não um byte[] aleatório.",jca_android/GCMParameterSpecSpec.mop:62-84 ; jca_android/SecureRandomSpec.mop:392-401 ; ktor-network-tls-1.6.0/jvmMain/io/ktor/network/tls/cipher/GCMCipher.kt:19-37 ; ktor-network-tls-1.6.0/jvmMain/io/ktor/network/tls/cipher/GCMCipher.kt:67-73 ; ktor-network-tls-1.6.0/jvmMain/io/ktor/network/tls/Keys.kt:44-47,"io.ktor:ktor-network-tls:1.6.0 (beatgame, retrowars); io.ktor:ktor-network-tls-jvm:3.1.3 (untis); io.ktor:ktor-network-tls-jvm:3.5.0 (vidyamusic)",alta,"Não é reuso de nonce: outputCounter incrementa a cada registro (GCMCipher.kt:34) e a chave de sessão muda a cada handshake. A exigência randomized do GCMParameterSpec.crysl não admite nonce determinístico único, que é o que o GCM de fato requer.",G5
11,io.ktor.network.tls.cipher.GCMCipherKt,gcmEncryptCipher,IvChainJunctionSpec,IVCHAINJUNCTION-NOBS-01,LEGIT_UNOBSERVABLE,cascade,GCMPARAMETERSPEC-NOBS-00 @ io.ktor.network.tls.cipher.GCMCipherKt.gcmEncryptCipher,"O GCMParameterSpec dado a Cipher.init é o construído na linha anterior sobre o nonce do TLS, e GCMParameterSpecSpec só grava preparedGCM quando a leitura de randomized foi satisfeita.",jca_android/IvChainJunction.mop:138-141 ; jca_android/IvChainJunction.mop:192-202 ; jca_android/GCMParameterSpecSpec.mop:80-84 ; jca_android/GCMParameterSpecSpec.mop:179-181 ; ktor-network-tls-1.6.0/jvmMain/io/ktor/network/tls/cipher/GCMCipher.kt:73-74,"io.ktor:ktor-network-tls:1.6.0 (beatgame, retrowars); io.ktor:ktor-network-tls-jvm:3.1.3 (untis); io.ktor:ktor-network-tls-jvm:3.5.0 (vidyamusic)",alta,,G5
12,io.ktor.util.NonceKt$nonceGeneratorJob$1,invokeSuspend,SecureRandomSpec,SECURERANDOM-NOBS-00,SPEC_DEFECT,producer_reset_by_g1_g2_double_match,SECURERANDOM-ORDER-00 @ io.ktor.util.NonceKt.getInstanceOrNull,"As sementes são secureInstance.generateSeed(64) (linhas 43 e 63) e secureBytes preenchido por secureInstance.nextBytes (linha 66), vindas de um SecureRandom SHA1PRNG observado, mas o monitor desse SecureRandom foi a fail e resetado no getInstance, e o @fail descarta os arrays que @match2 marcaria.",jca_android/SecureRandomSpec.mop:113-127 ; jca_android/SecureRandomSpec.mop:226-240 ; jca_android/SecureRandomSpec.mop:247-250 ; jca_android/SecureRandomSpec.mop:289-293 ; jca_android/SecureRandomSpec.mop:329-362 ; jca_android/SecureRandomSpec.mop:370-377 ; jca_android/SecureRandomSpec.mop:392-401 ; rvsec-android/rvsec-instrumentation-dexlib2/pointcut-engine/src/main/java/br/unb/cic/rv/pointcut/PointcutMatcher.java:268-271 ; rvsec-android/rvsec-instrumentation-dexlib2/pointcut-engine/src/main/java/br/unb/cic/rv/pointcut/ArgsPC.java:49-56 ; ktor-utils-jvm-1.6.0/jvmMain/io/ktor/util/Nonce.kt:37-43 ; ktor-utils-jvm-1.6.0/jvmMain/io/ktor/util/Nonce.kt:48 ; ktor-utils-jvm-1.6.0/jvmMain/io/ktor/util/Nonce.kt:59-67 ; ktor-utils-jvm-1.6.0/jvmMain/io/ktor/util/Nonce.kt:95-109 ; data/results/estudo02_consolidado/errors.csv (retrowars: SECURERANDOM-ORDER-00 ev=g2 @ Nonce.kt:106; ev=genSeed @ :43/:63; ev=next2 @ :48),io.ktor:ktor-utils-jvm:1.6.0,alta,"O defeito está no casamento do weaver dexlib2, não no texto AspectJ: g2 declara call(getInstance(String, ..)) && args(alg, *). Em AspectJ args(alg, *) exige aridade 2; no dexlib2 um args(...) sem tipo concreto é coletor que sempre casa (PointcutMatcher.java:269-270) e o '..' final aceita zero argumentos, então getInstance(String) dispara g1 (start→init) e g2 (init→fail). Contraprova: dankchat (ktor 3.5.0) obtém o SecureRandom forte por getInstanceStrong (g3), sem g2, e não acusa NOBS no mesmo setSeed(generateSeed(...)). O mesmo padrão g2 existe em TrustManagerFactorySpec.mop:88-89 e KeyManagerFactorySpec.mop:56-57. Não é mau uso: a semente vem de SHA1PRNG (OpenSSLRandom/Conscrypt no Android), já que NativePRNGNonBlocking não existe no Android.",G5
31,com.google.android.gms.internal.ads.zzbbe,zzb,SecretKeySpecSpec,SECRETKEYSPEC-NOBS-00,MISUSE,hardcoded_key,,"O byte[] da chave é zzbbz.zzg: os bytes 4..19 do literal Base64 ""GpeoZNfYB0xbX4XrY9tptE+P6lGr6tGbtd6Fg+9sjdQ="" com XOR 68 byte a byte, uma chave AES-128 constante embutida no código.","jca_android/SecretKeySpecSpec.mop:97-125 ; bytecode:com.tananaev.passportreader_22.apk zzbbe.zzb bc@65-75 ; bytecode:com.tananaev.passportreader_22.apk zzbbz bc@177-264 (ldc Base64, ByteBuffer.wrap(4,16), ixor 68, putfield zzg) ; bytecode:com.tananaev.passportreader_22.apk zzbbz bc@344-354 (zzf.zzb(zzg, blob)) ; bytecode:com.tananaev.passportreader_22.apk zzbdl.zzc bc@8-13 (zzbbz.zzg()) ; com.tananaev.passportreader_22.apk/gradle/libs.versions.toml:15",com.google.android.gms:play-services-ads:25.3.0 (bytecode),alta,"Todos os chamadores de zzbbe.zzb (zzbbz e zzbdl) passam zzbbz.zzg(). Uso: decifrar um blob Base64 embutido e gravá-lo como <cacheDir>/1762298034389.jar — ofuscação de código do SDK de anúncios, não sigilo de dado do usuário; o impacto prático é baixo, mas a chave é constante.",G5
31,com.google.android.gms.internal.ads.zzbbe,zzb,CipherSpec,CIPHER-NOBS-00,MISUSE,cascade,SECRETKEYSPEC-NOBS-00 @ com.google.android.gms.internal.ads.zzbbe.zzb,"A chave de Cipher.init(DECRYPT_MODE, ...) é o SecretKeySpec construído na linha anterior sobre a chave AES constante zzbbz.zzg, que não recebeu generatedKey.",jca_android/CipherSpec.mop:199-233 ; jca_android/SecretKeySpecSpec.mop:121-124 ; bytecode:com.tananaev.passportreader_22.apk zzbbe.zzb bc@65-107,com.google.android.gms:play-services-ads:25.3.0 (bytecode),alta,,G5
31,com.google.android.gms.internal.ads.zzbbe,zzb,IvParameterSpecSpec,IVPARAMETERSPEC-NOBS-00,LEGIT_UNOBSERVABLE,iv_from_ciphertext,,"O IV são os 16 primeiros bytes do texto cifrado decodificado de Base64 (ByteBuffer.get em new byte[16]), lidos para decifrar em AES/CBC; a cifragem (zza) usa init sem IV e antepõe cipher.getIV().","jca_android/IvParameterSpec.mop:65-78 ; bytecode:com.tananaev.passportreader_22.apk zzbbe.zzb bc@3-64 (Base64.decode, ByteBuffer, get 16 bytes) ; bytecode:com.tananaev.passportreader_22.apk zzbbe.zzb bc@89-107 ; bytecode:com.tananaev.passportreader_22.apk zzbbe.zza bc@3-69 (init(1,key,null) e getIV prefixado)",com.google.android.gms:play-services-ads:25.3.0 (bytecode),alta,"O texto cifrado inteiro é uma constante embutida, logo o IV também é fixo; a acusação sobre isso caberia ao lado cifrador (offline, fora do app). O defeito real do método é a chave constante.",G5
32,com.google.android.vending.licensing.AESObfuscator,<init>,PBEKeySpecSpec,PBEKEYSPEC-NOBS-01,MISUSE,hardcoded_salt,,"O sal é o byteArrayOf de 20 bytes literais passado por LicenceModule.provideObfuscator, o mesmo em toda instalação, e a senha é packageName + ANDROID_ID.",jca_android/PBEKeySpecSpec.mop:117-162 ; org.totschnig.myexpenses_858.apk/PlayLicensingOrig/src/com/google/android/vending/licensing/AESObfuscator.java:55-59 ; org.totschnig.myexpenses_858.apk/myExpenses/src/main/java/org/totschnig/myexpenses/di/LicenceModule.kt:55-83 ; org.totschnig.myexpenses_858.apk/myExpenses/src/main/java/org/totschnig/myexpenses/di/LicenceModule.kt:39-43,Google LVL vendorizado (PlayLicensingOrig) @ app@HEAD,alta,"Sal constante de 20 bytes (LicenceModule.kt:61-82), senha = packageName + ANDROID_ID (não secretos), 1024 iterações (PBEKEYSPEC-CONSTR-00 na mesma linha), IV constante (AESObfuscator.java:42-43): quem tiver o APK e o ANDROID_ID reconstrói a chave. Protege o estado de licença em SharedPreferences.",G5
32,com.google.android.vending.licensing.AESObfuscator,<init>,SecretKeyFactorySpec,SECRETKEYFACTORY-NOBS-00,MISUSE,cascade,PBEKEYSPEC-NOBS-01 @ com.google.android.vending.licensing.AESObfuscator.<init>,"O KeySpec é o PBEKeySpec da linha anterior, com sal constante e 1024 iterações, que por isso não recebeu speccedKey.",jca_android/SecretKeyFactorySpec.mop:92-110 ; jca_android/PBEKeySpecSpec.mop:120-161 ; org.totschnig.myexpenses_858.apk/PlayLicensingOrig/src/com/google/android/vending/licensing/AESObfuscator.java:57-60,Google LVL vendorizado (PlayLicensingOrig) @ app@HEAD,alta,"Sal constante de 20 bytes (LicenceModule.kt:61-82), senha = packageName + ANDROID_ID (não secretos), 1024 iterações (PBEKEYSPEC-CONSTR-00 na mesma linha), IV constante (AESObfuscator.java:42-43): quem tiver o APK e o ANDROID_ID reconstrói a chave. Protege o estado de licença em SharedPreferences.",G5
32,com.google.android.vending.licensing.AESObfuscator,<init>,SecretKeySpecSpec,SECRETKEYSPEC-NOBS-00,MISUSE,cascade,PBEKEYSPEC-NOBS-01 @ com.google.android.vending.licensing.AESObfuscator.<init>,"O byte[] é tmp.getEncoded() da chave PBE derivada de senha não secreta e sal constante, e tmp não recebeu generatedKey, então getEncoded não gera preparedKeyMaterial.",jca_android/SecretKeySpecSpec.mop:97-125 ; jca_android/SecretKeySpec.mop:119-148 ; jca_android/KeySpec.mop:75-108 ; jca_android/SecretKeyFactorySpec.mop:106-109 ; org.totschnig.myexpenses_858.apk/PlayLicensingOrig/src/com/google/android/vending/licensing/AESObfuscator.java:60-61,Google LVL vendorizado (PlayLicensingOrig) @ app@HEAD,alta,"Sal constante de 20 bytes (LicenceModule.kt:61-82), senha = packageName + ANDROID_ID (não secretos), 1024 iterações (PBEKEYSPEC-CONSTR-00 na mesma linha), IV constante (AESObfuscator.java:42-43): quem tiver o APK e o ANDROID_ID reconstrói a chave. Protege o estado de licença em SharedPreferences.",G5
32,com.google.android.vending.licensing.AESObfuscator,<init>,CipherSpec,CIPHER-NOBS-00,MISUSE,cascade,PBEKEYSPEC-NOBS-01 @ com.google.android.vending.licensing.AESObfuscator.<init>,A chave dos dois Cipher.init é o SecretKeySpec AES sobre a chave PBE derivada de packageName + ANDROID_ID com sal constante.,jca_android/CipherSpec.mop:199-233 ; jca_android/SecretKeySpecSpec.mop:121-124 ; org.totschnig.myexpenses_858.apk/PlayLicensingOrig/src/com/google/android/vending/licensing/AESObfuscator.java:61-65,Google LVL vendorizado (PlayLicensingOrig) @ app@HEAD,alta,"Sal constante de 20 bytes (LicenceModule.kt:61-82), senha = packageName + ANDROID_ID (não secretos), 1024 iterações (PBEKEYSPEC-CONSTR-00 na mesma linha), IV constante (AESObfuscator.java:42-43): quem tiver o APK e o ANDROID_ID reconstrói a chave. Protege o estado de licença em SharedPreferences.",G5
32,com.google.android.vending.licensing.AESObfuscator,<init>,IvParameterSpecSpec,IVPARAMETERSPEC-NOBS-00,MISUSE,hardcoded_iv,,"O IV é o static final byte[] IV de 16 bytes literais, usado em new IvParameterSpec(IV) tanto no cifrador quanto no decifrador de AES/CBC.",jca_android/IvParameterSpec.mop:65-78 ; org.totschnig.myexpenses_858.apk/PlayLicensingOrig/src/com/google/android/vending/licensing/AESObfuscator.java:42-43 ; org.totschnig.myexpenses_858.apk/PlayLicensingOrig/src/com/google/android/vending/licensing/AESObfuscator.java:63 ; org.totschnig.myexpenses_858.apk/PlayLicensingOrig/src/com/google/android/vending/licensing/AESObfuscator.java:65,Google LVL vendorizado (PlayLicensingOrig) @ app@HEAD,alta,"Sal constante de 20 bytes (LicenceModule.kt:61-82), senha = packageName + ANDROID_ID (não secretos), 1024 iterações (PBEKEYSPEC-CONSTR-00 na mesma linha), IV constante (AESObfuscator.java:42-43): quem tiver o APK e o ANDROID_ID reconstrói a chave. Protege o estado de licença em SharedPreferences. A linha :65 (decifração) usa o mesmo IV constante; o IV não vem do texto cifrado.",G5
32,com.google.android.vending.licensing.AESObfuscator,<init>,IvChainJunctionSpec,IVCHAINJUNCTION-NOBS-00,MISUSE,cascade,IVPARAMETERSPEC-NOBS-00 @ com.google.android.vending.licensing.AESObfuscator.<init>,"O AlgorithmParameterSpec de mEncryptor.init é o IvParameterSpec sobre o IV constante, que não recebeu preparedIV.",jca_android/IvChainJunction.mop:138-141 ; jca_android/IvChainJunction.mop:157-169 ; jca_android/IvParameterSpec.mop:150-154 ; org.totschnig.myexpenses_858.apk/PlayLicensingOrig/src/com/google/android/vending/licensing/AESObfuscator.java:63,Google LVL vendorizado (PlayLicensingOrig) @ app@HEAD,alta,"Sal constante de 20 bytes (LicenceModule.kt:61-82), senha = packageName + ANDROID_ID (não secretos), 1024 iterações (PBEKEYSPEC-CONSTR-00 na mesma linha), IV constante (AESObfuscator.java:42-43): quem tiver o APK e o ANDROID_ID reconstrói a chave. Protege o estado de licença em SharedPreferences.",G5
51,dev.whyoleg.cryptography.providers.jdk.algorithms.JdkPbkdf2SecretDerivation,deriveSecretToByteArrayBlocking,PBEKeySpecSpec,PBEKEYSPEC-NOBS-01,LEGIT_UNOBSERVABLE,salt_from_storage,,"O sal é hashedPin.salt.toByteArray(): a string Base64 de 16 bytes de CryptographyRandom.nextBytes gerados no cadastro do PIN e persistida em preferências, re-encodada em um byte[] novo a cada derivação.",jca_android/PBEKeySpecSpec.mop:148-157 ; cryptography-provider-jdk-jvm-0.6.0/jvmMain/algorithms/JdkPbkdf2.kt:13-47 ; com.darkrockstudios.app.securecamera_31.apk/app/src/main/kotlin/com/darkrockstudios/app/securecamera/security/schemes/HardwareBackedEncryptionScheme.kt:69-76 ; com.darkrockstudios.app.securecamera_31.apk/app/src/main/kotlin/com/darkrockstudios/app/securecamera/security/schemes/HardwareBackedEncryptionScheme.kt:143-150 ; com.darkrockstudios.app.securecamera_31.apk/app/src/main/kotlin/com/darkrockstudios/app/securecamera/security/schemes/SoftwareEncryptionScheme.kt:104-109 ; com.darkrockstudios.app.securecamera_31.apk/app/src/main/kotlin/com/darkrockstudios/app/securecamera/security/pin/PinCrypto.kt:20-33 ; com.darkrockstudios.app.securecamera_31.apk/app/src/main/kotlin/com/darkrockstudios/app/securecamera/preferences/HashedPin.kt:6,dev.whyoleg.cryptography:cryptography-provider-jdk:0.6.0 + app@HEAD,alta,"O sal é aleatório por instalação, não constante. Detalhe fora da leitura: o mesmo sal serve ao hash Argon2 do PIN e à derivação PBKDF2.",G5
51,dev.whyoleg.cryptography.providers.jdk.algorithms.JdkPbkdf2SecretDerivation,deriveSecretToByteArrayBlocking,SecretKeyFactorySpec,SECRETKEYFACTORY-NOBS-00,LEGIT_UNOBSERVABLE,cascade,PBEKEYSPEC-NOBS-01 @ dev.whyoleg.cryptography.providers.jdk.algorithms.JdkPbkdf2SecretDerivation.deriveSecretToByteArrayBlocking,"O KeySpec é o PBEKeySpec da linha 40, cujo sal lido de preferências não carrega randomized e por isso não recebeu speccedKey.",jca_android/SecretKeyFactorySpec.mop:92-110 ; jca_android/PBEKeySpecSpec.mop:158-161 ; cryptography-provider-jdk-jvm-0.6.0/jvmMain/algorithms/JdkPbkdf2.kt:39-47,dev.whyoleg.cryptography:cryptography-provider-jdk:0.6.0 + app@HEAD,alta,,G5
72,org.spongycastle.jcajce.provider.asymmetric.x509.X509CertificateObject,checkSignature,SignatureSpec,SIGNATURE-NOBS-02,LEGIT_UNOBSERVABLE,pubkey_from_certificate,,"A chave dada a signature.initVerify é a PublicKey recebida por verify(PublicKey), que no validador PKIX do spongycastle é a chave do emissor ou da âncora (Certificate.getPublicKey()/TrustAnchor.getCAPublicKey()), construída internamente pelo provedor sem KeyFactory JCA observável.",jca_android/SignatureSpec.mop:185-200 ; spongy-prov-1.58.0.0/org/spongycastle/jcajce/provider/asymmetric/x509/X509CertificateObject.java:791-815 ; spongy-prov-1.58.0.0/org/spongycastle/jcajce/provider/asymmetric/x509/X509CertificateObject.java:530-540 ; spongy-prov-1.58.0.0/org/spongycastle/jce/provider/CertPathValidatorUtilities.java:1222-1230 ; spongy-prov-1.58.0.0/org/spongycastle/jce/provider/CertPathValidatorUtilities.java:1346 ; spongy-prov-1.58.0.0/org/spongycastle/jce/provider/PKIXCertPathValidatorSpi.java:232 ; bytecode:com.tananaev.passportreader_22.apk X509CertificateObject.checkSignature bc@38-40 ; com.tananaev.passportreader_22.apk/app/src/main/java/com/tananaev/passportreader/MainApplication.kt:25 ; com.tananaev.passportreader_22.apk/gradle/libs.versions.toml:7,com.madgag.spongycastle:prov:1.58.0.0; bytecode,média,"O __LOC registra :805 e o fonte 1.58.0.0 tem initVerify em :807 (setSignatureParameters em :805); o bytecode tem um único Signature.initVerify(PublicKey) no método, então o site é inequívoco. O chamador de verify não foi fixado em tempo de execução: o app insere o provedor spongycastle na posição 1 (MainApplication.kt:25), então CertificateFactory/CertPathValidator do processo resolvem para ele; a validação PKIX do próprio app (MainActivity.kt:339-383) só roda após leitura NFC de passaporte, improvável nas execuções. Em qualquer caminho a chave sai de um certificado.",G5
18,app.michaelwuensch.bitbanana.util.UtilFunctions,encodePbkdf2,PBEKeySpecSpec,PBEKEYSPEC-NOBS-01,MISUSE,low_entropy_salt,,"O salt é ""BitBanana"" + String.valueOf(SecureRandom.nextInt()) relido das EncryptedSharedPreferences e recodificado com getBytes(): prefixo constante e só 32 bits de entropia por instalação (NIST SP 800-132 pede ≥128), com recaída para o salt constante ""BitBanana"" se a leitura falhar.","jca_android/PBEKeySpecSpec.mop:148-156 ; jca_android/SecureRandomSpec.mop:384-398 (produtores de RANDOMIZED, só byte[]/SecureRandom) ; app.michaelwuensch.bitbanana_79.apk/app/src/main/java/app/michaelwuensch/bitbanana/util/UtilFunctions.java:93 ; app.michaelwuensch.bitbanana_79.apk/app/src/main/java/app/michaelwuensch/bitbanana/util/UtilFunctions.java:53 ; app.michaelwuensch.bitbanana_79.apk/app/src/main/java/app/michaelwuensch/bitbanana/util/UtilFunctions.java:62-79 ; app.michaelwuensch.bitbanana_79.apk/app/src/main/java/app/michaelwuensch/bitbanana/util/UtilFunctions.java:81-89",app@HEAD,média,"Não é constante nem ausente: é aleatório por instalação, porém de baixa entropia e com estrutura previsível; usado para hash de PIN/senha de bloqueio (5000 iterações, PBEKEYSPEC-CONSTR-00 também dispara). Se o critério for só 'salt único por instalação', seria LEGIT_UNOBSERVABLE (valor lido de preferências e recodificado).",G6
18,app.michaelwuensch.bitbanana.util.UtilFunctions,encodePbkdf2,SecretKeyFactorySpec,SECRETKEYFACTORY-NOBS-00,MISUSE,low_entropy_salt,PBEKEYSPEC-NOBS-01 @ app.michaelwuensch.bitbanana.util.UtilFunctions.encodePbkdf2,"O PBEKeySpec passado a generateSecret é o construído na linha 93, que não recebeu SPECCED_KEY porque o salt não era RANDOMIZED e as iterações (5000) ficam abaixo de 10000.",jca_android/SecretKeyFactorySpec.mop:96-105 ; jca_android/PBEKeySpecSpec.mop:120-160 (SPECCED_KEY só se conforms) ; app.michaelwuensch.bitbanana_79.apk/app/src/main/java/app/michaelwuensch/bitbanana/util/UtilFunctions.java:93-95,app@HEAD,média,Cascata; a raiz tem dois bloqueios: PBEKEYSPEC-NOBS-01 (salt) e PBEKEYSPEC-CONSTR-00 (5000 iterações).,G6
21,com.afkanerd.smswithoutborders_libsmsmms.data.Cryptography,decryptWithKeyStore,CipherSpec,CIPHER-NOBS-00,SPEC_DEFECT,keystore_getentry_route_not_credited,,"A chave vem de KeyStore.getInstance(""AndroidKeyStore"").load(null).getEntry(alias, null) as SecretKeyEntry → getSecretKey(), uma chave AES-256 gerada no Android Keystore; a rota getEntry/getSecretKey é chamada em código tecido, mas nenhum .mop credita GENERATED_KEY a ela (só getKey).","jca_android/CipherSpec.mop:199-232 ; jca_android/KeyStoreSpec.mop:106-108 (ge1 não encena nada) ; jca_android/KeyStoreSpec.mop:114-122,200 (só gk1/getKey produz GENERATED_KEY) ; jca_android/KeyGeneratorSpec.mop:223 ; nenhum .mop observa KeyStore.SecretKeyEntry.getSecretKey() ; src/lib_smsmms_android-73432ef/lib_smsmms_android-73432ef/lib_smsmms_android/src/main/java/com/afkanerd/smswithoutborders_libsmsmms/data/Cryptography.kt:100-109 ; src/lib_smsmms_android-73432ef/lib_smsmms_android-73432ef/lib_smsmms_android/src/main/java/com/afkanerd/smswithoutborders_libsmsmms/data/Cryptography.kt:34-52",com.github.smswithoutborders:lib_smsmms_android:73432ef,alta,"Uso correto (Keystore, GCM). A chave de createAndStoreSecretKey (KeyGenerator AndroidKeyStore) é descartada e sempre relida via getEntry, por isso nunca é creditada.",G6
21,com.afkanerd.smswithoutborders_libsmsmms.data.Cryptography,decryptWithKeyStore,GCMParameterSpecSpec,GCMPARAMETERSPEC-NOBS-00,LEGIT_UNOBSERVABLE,iv_from_ciphertext,,"O IV são os 12 primeiros bytes do blob armazenado (data.copyOfRange(0,12)), gravado na cifragem como cipher.iv + doFinal, isto é, IV gerado pelo provedor do Keystore dentro do framework.",jca_android/GCMParameterSpecSpec.mop:71-79 ; jca_android/SecureRandomSpec.mop:392-399 ; src/lib_smsmms_android-73432ef/lib_smsmms_android-73432ef/lib_smsmms_android/src/main/java/com/afkanerd/smswithoutborders_libsmsmms/data/Cryptography.kt:95-97 ; src/lib_smsmms_android-73432ef/lib_smsmms_android-73432ef/lib_smsmms_android/src/main/java/com/afkanerd/smswithoutborders_libsmsmms/data/Cryptography.kt:108 ; src/lib_smsmms_android-73432ef/lib_smsmms_android-73432ef/lib_smsmms_android/src/main/java/com/afkanerd/smswithoutborders_libsmsmms/data/Cryptography.kt:78-79 ; src/lib_smsmms_android-73432ef/lib_smsmms_android-73432ef/lib_smsmms_android/src/main/java/com/afkanerd/smswithoutborders_libsmsmms/data/Cryptography.kt:114-128,com.github.smswithoutborders:lib_smsmms_android:73432ef,alta,,G6
21,com.afkanerd.smswithoutborders_libsmsmms.data.Cryptography,decryptWithKeyStore,IvChainJunctionSpec,IVCHAINJUNCTION-NOBS-01,LEGIT_UNOBSERVABLE,iv_from_ciphertext,GCMPARAMETERSPEC-NOBS-00 @ com.afkanerd.smswithoutborders_libsmsmms.data.Cryptography.decryptWithKeyStore,"O GCMParameterSpec dado a Cipher.init é o da linha 108, que não recebeu PREPARED_GCM porque seu IV foi lido do texto cifrado.","jca_android/IvChainJunction.mop:194-201 ; jca_android/GCMParameterSpecSpec.mop:82-84,180 ; src/lib_smsmms_android-73432ef/lib_smsmms_android-73432ef/lib_smsmms_android/src/main/java/com/afkanerd/smswithoutborders_libsmsmms/data/Cryptography.kt:108-109",com.github.smswithoutborders:lib_smsmms_android:73432ef,alta,Cascata.,G6
22,com.afkanerd.smswithoutborders_libsmsmms.data.Cryptography,encryptWithKeyStore,CipherSpec,CIPHER-NOBS-00,SPEC_DEFECT,keystore_getentry_route_not_credited,,"Mesma chave do Android Keystore obtida por getEntry(alias, null).secretKey logo após (eventualmente) gerá-la com KeyGenerator AndroidKeyStore e descartar o retorno; init(ENCRYPT_MODE, key) sem parâmetros deixa o provedor gerar o IV.","jca_android/CipherSpec.mop:199-232 ; jca_android/KeyStoreSpec.mop:106-108 (ge1 não encena nada) ; jca_android/KeyStoreSpec.mop:114-122,200 (só gk1/getKey produz GENERATED_KEY) ; jca_android/KeyGeneratorSpec.mop:223 ; nenhum .mop observa KeyStore.SecretKeyEntry.getSecretKey() ; src/lib_smsmms_android-73432ef/lib_smsmms_android-73432ef/lib_smsmms_android/src/main/java/com/afkanerd/smswithoutborders_libsmsmms/data/Cryptography.kt:65-79",com.github.smswithoutborders:lib_smsmms_android:73432ef,alta,,G6
23,com.beemdevelopment.aegis.crypto.CryptoUtils,createCipher,CipherSpec,CIPHER-NOBS-00,LEGIT_UNOBSERVABLE,key_from_non_jca_kdf,SECRETKEYSPEC-NOBS-01 @ com.beemdevelopment.aegis.crypto.CryptoUtils.deriveKey,"Nas duas execuções a chave é a do slot de senha: SCrypt.generate (implementação BouncyCastle embutida no app, fora da JCA) sobre a senha com salt de SecureRandom, embrulhada em SecretKeySpec(keyBytes,0,len,""AES""), que não recebeu GENERATED_KEY.","jca_android/CipherSpec.mop:199-232 ; jca_android/SecretKeySpecSpec.mop:176-189,256 ; com.beemdevelopment.aegis_81.apk/app/src/main/java/com/beemdevelopment/aegis/crypto/CryptoUtils.java:36-39,52-56,65-67 ; com.beemdevelopment.aegis_81.apk/app/src/main/java/com/beemdevelopment/aegis/ui/tasks/PasswordSlotDecryptTask.java:51,82 ; com.beemdevelopment.aegis_81.apk/app/src/main/java/com/beemdevelopment/aegis/ui/tasks/KeyDerivationTask.java:25-34 ; com.beemdevelopment.aegis_81.apk/app/src/main/java/com/beemdevelopment/aegis/vault/slots/Slot.java:89-91",app@HEAD,alta,"Nas duas execuções (droidbot bfs/dfs rep2) deriveKey:38 precede createCipher:66. As outras rotas até :66 também são legítimas (chave mestra decifrada do slot; chave do Keystore via getKey, creditada; chaves de importadores PBKDF2; a rota andOTP antiga, SHA-256 da senha, seria fraca mas não deixou nenhuma linha MessageDigest). O __LOC :66 cobre o init de :67 (o jar do dex2jar não traz tabela de linhas para confirmar; o bytecode tem um único init de 3 argumentos no método). Observação à parte: o init(opmode,key) de :69 não deixou nenhuma linha i2 em 6 execuções, embora doFinal :78 dispare CIPHER-ORDER-00.",G6
23,com.beemdevelopment.aegis.crypto.CryptoUtils,createCipher,GCMParameterSpecSpec,GCMPARAMETERSPEC-NOBS-00,LEGIT_UNOBSERVABLE,iv_from_ciphertext,,"O nonce vem de _encryptedMasterKeyParams.getNonce() do slot, isto é, do cipher.getIV() gravado quando o provedor gerou o nonce na cifragem (ou do JSON do cofre), não de uma construção observável.","jca_android/GCMParameterSpecSpec.mop:71-79 ; com.beemdevelopment.aegis_81.apk/app/src/main/java/com/beemdevelopment/aegis/crypto/CryptoUtils.java:66,75-83 ; com.beemdevelopment.aegis_81.apk/app/src/main/java/com/beemdevelopment/aegis/vault/slots/Slot.java:67-76,89-91,128-129",app@HEAD,alta,O comentário em :63-64 registra que o app não pode gerar o nonce sozinho (setRandomizedEncryptionRequired).,G6
23,com.beemdevelopment.aegis.crypto.CryptoUtils,createCipher,IvChainJunctionSpec,IVCHAINJUNCTION-NOBS-01,LEGIT_UNOBSERVABLE,iv_from_ciphertext,GCMPARAMETERSPEC-NOBS-00 @ com.beemdevelopment.aegis.crypto.CryptoUtils.createCipher,"O GCMParameterSpec é o construído sobre o nonce armazenado do slot, que não recebeu PREPARED_GCM.","jca_android/IvChainJunction.mop:194-201 ; jca_android/GCMParameterSpecSpec.mop:82-84,180 ; com.beemdevelopment.aegis_81.apk/app/src/main/java/com/beemdevelopment/aegis/crypto/CryptoUtils.java:66-67",app@HEAD,alta,Cascata.,G6
24,com.beemdevelopment.aegis.crypto.CryptoUtils,deriveKey,SecretKeySpecSpec,SECRETKEYSPEC-NOBS-01,LEGIT_UNOBSERVABLE,key_from_non_jca_kdf,,"keyBytes é a saída de com.beemdevelopment.aegis.crypto.bc.SCrypt.generate(senha, salt de 32 bytes de SecureRandom, N=2^15, r=8, p=1); scrypt implementado em código do app, sem API JCA que possa produzir PREPARED_KEY_MATERIAL.","jca_android/SecretKeySpecSpec.mop:176-184 ; jca_android/SecretKeySpec.mop:119-146 ; jca_android/KeySpec.mop:75-106 ; com.beemdevelopment.aegis_81.apk/app/src/main/java/com/beemdevelopment/aegis/crypto/CryptoUtils.java:32-38,113-122 ; com.beemdevelopment.aegis_81.apk/app/src/main/java/com/beemdevelopment/aegis/ui/tasks/KeyDerivationTask.java:25-34",app@HEAD,alta,"KDF forte, salt aleatório de 256 bits.",G6
25,com.beemdevelopment.aegis.crypto.otp.HOTP,getHash,SecretKeySpecSpec,SECRETKEYSPEC-NOBS-00,LEGIT_UNOBSERVABLE,key_from_user_provisioned_secret,,"secret é o segredo compartilhado da entrada OTP (Base32/Hex decodificado do campo digitado, do QR otpauth:// ou de um arquivo importado), provisionado externamente pelo serviço; é segredo por definição do protocolo HOTP/TOTP.","jca_android/SecretKeySpecSpec.mop:110-118 ; com.beemdevelopment.aegis_81.apk/app/src/main/java/com/beemdevelopment/aegis/crypto/otp/HOTP.java:30-32 ; com.beemdevelopment.aegis_81.apk/app/src/main/java/com/beemdevelopment/aegis/otp/HotpInfo.java:33-37 ; com.beemdevelopment.aegis_81.apk/app/src/main/java/com/beemdevelopment/aegis/ui/EditEntryActivity.java:748 ; com.beemdevelopment.aegis_81.apk/app/src/main/java/com/beemdevelopment/aegis/otp/GoogleAuthInfo.java:58,166",app@HEAD,alta,SECRETKEYSPEC-ALG-00 ('RAW') dispara junto e também bloquearia a escrita de GENERATED_KEY.,G6
25,com.beemdevelopment.aegis.crypto.otp.HOTP,getHash,MacSpec,MAC-NOBS-00,LEGIT_UNOBSERVABLE,key_from_user_provisioned_secret,SECRETKEYSPEC-NOBS-00 @ com.beemdevelopment.aegis.crypto.otp.HOTP.getHash,"A chave dada a Mac.init é o SecretKeySpec(secret,""RAW"") da linha 32, sem GENERATED_KEY porque o material é o segredo OTP provisionado (e o algoritmo 'RAW' não está na lista).","jca_android/MacSpec.mop:179-186 ; jca_android/SecretKeySpecSpec.mop:97-124,256 ; com.beemdevelopment.aegis_81.apk/app/src/main/java/com/beemdevelopment/aegis/crypto/otp/HOTP.java:32,41-42",app@HEAD,alta,"Cascata; HmacSHA1 (MAC-ALG-00) é exigência do RFC 4226/6238, não escolha do app.",G6
26,com.craxiom.networksurvey.util.CryptoManager,decrypt,CipherSpec,CIPHER-NOBS-00,SPEC_DEFECT,keystore_getentry_route_not_credited,,"getOrCreateKey() devolve keyStore.getEntry(""ns_app_master_key"", null) as SecretKeyEntry → secretKey, chave AES-256 do Android Keystore; a rota getEntry não é creditada (a rota createKey via KeyGenerator AndroidKeyStore seria).","jca_android/CipherSpec.mop:199-232 ; jca_android/KeyStoreSpec.mop:106-108 (ge1 não encena nada) ; jca_android/KeyStoreSpec.mop:114-122,200 (só gk1/getKey produz GENERATED_KEY) ; jca_android/KeyGeneratorSpec.mop:223 ; nenhum .mop observa KeyStore.SecretKeyEntry.getSecretKey() ; com.craxiom.networksurvey_114.apk/networksurvey/src/main/java/com/craxiom/networksurvey/util/CryptoManager.kt:29-41 ; com.craxiom.networksurvey_114.apk/networksurvey/src/main/java/com/craxiom/networksurvey/util/CryptoManager.kt:46-63 ; com.craxiom.networksurvey_114.apk/networksurvey/src/main/java/com/craxiom/networksurvey/util/CryptoManager.kt:107-109",app@HEAD,alta,,G6
26,com.craxiom.networksurvey.util.CryptoManager,decrypt,GCMParameterSpecSpec,GCMPARAMETERSPEC-NOBS-00,LEGIT_UNOBSERVABLE,iv_from_ciphertext,,"O IV é Base64.decode da primeira parte da string armazenada ""base64(iv):base64(ct)"", gravada em encrypt a partir de cipher.iv gerado pelo provedor do Keystore.",jca_android/GCMParameterSpecSpec.mop:71-79 ; com.craxiom.networksurvey_114.apk/networksurvey/src/main/java/com/craxiom/networksurvey/util/CryptoManager.kt:98-108 ; com.craxiom.networksurvey_114.apk/networksurvey/src/main/java/com/craxiom/networksurvey/util/CryptoManager.kt:74-83,app@HEAD,alta,,G6
26,com.craxiom.networksurvey.util.CryptoManager,decrypt,IvChainJunctionSpec,IVCHAINJUNCTION-NOBS-01,LEGIT_UNOBSERVABLE,iv_from_ciphertext,GCMPARAMETERSPEC-NOBS-00 @ com.craxiom.networksurvey.util.CryptoManager.decrypt,"O GCMParameterSpec é o da linha 108, construído sobre o IV lido do texto cifrado e por isso sem PREPARED_GCM.","jca_android/IvChainJunction.mop:194-201 ; jca_android/GCMParameterSpecSpec.mop:82-84,180 ; com.craxiom.networksurvey_114.apk/networksurvey/src/main/java/com/craxiom/networksurvey/util/CryptoManager.kt:108-109",app@HEAD,alta,Cascata.,G6
27,com.craxiom.networksurvey.util.CryptoManager,encrypt,CipherSpec,CIPHER-NOBS-00,SPEC_DEFECT,keystore_getentry_route_not_credited,,"A chave é a do Android Keystore relida por getEntry().secretKey quando o alias já existe; init(ENCRYPT_MODE, key) sem parâmetros deixa o provedor gerar o IV (setRandomizedEncryptionRequired(true)).","jca_android/CipherSpec.mop:199-232 ; jca_android/KeyStoreSpec.mop:106-108 (ge1 não encena nada) ; jca_android/KeyStoreSpec.mop:114-122,200 (só gk1/getKey produz GENERATED_KEY) ; jca_android/KeyGeneratorSpec.mop:223 ; nenhum .mop observa KeyStore.SecretKeyEntry.getSecretKey() ; com.craxiom.networksurvey_114.apk/networksurvey/src/main/java/com/craxiom/networksurvey/util/CryptoManager.kt:38-41 ; com.craxiom.networksurvey_114.apk/networksurvey/src/main/java/com/craxiom/networksurvey/util/CryptoManager.kt:69-77",app@HEAD,alta,Na primeira chamada do processo a chave vem de createKey() (KeyGeneratorSpec.gk1 credita) e não haveria NOBS; os NOBS observados são da rota getEntry.,G6
29,com.gelakinetic.mtgfam.helpers.tcgp.MarketPriceFetcher,decrypt,CipherSpec,CIPHER-NOBS-00,MISUSE,hardcoded_key,SECRETKEYSPEC-NOBS-00 @ com.gelakinetic.mtgfam.helpers.tcgp.MarketPriceFetcher$1.fetch,"A chave é SecretKeySpec(""lastLegalityUpda"".getBytes(UTF_8), ""AES""), os 16 primeiros caracteres do recurso de string key_lastLegalityUpdate, usada para decifrar credenciais da API TCGPlayer embutidas no app.",jca_android/CipherSpec.mop:199-232 ; jca_android/SecretKeySpecSpec.mop:110-118 ; com.gelakinetic.mtgfam_99.apk/mobile/src/main/java/com/gelakinetic/mtgfam/helpers/tcgp/MarketPriceFetcher.java:469-475 ; com.gelakinetic.mtgfam_99.apk/mobile/src/main/java/com/gelakinetic/mtgfam/helpers/tcgp/MarketPriceFetcher.java:125-131 ; com.gelakinetic.mtgfam_99.apk/mobile/src/main/res/values/strings-pref-keys.xml:22,app@HEAD,alta,Cascata de chave hard-coded.,G6
30,com.gelakinetic.mtgfam.helpers.tcgp.MarketPriceFetcher$1,fetch,SecretKeySpecSpec,SECRETKEYSPEC-NOBS-00,MISUSE,hardcoded_key,,"keyMaterial é context.getString(R.string.key_lastLegalityUpdate).substring(0,16).getBytes(UTF_8) = ""lastLegalityUpda"", constante embutida nos recursos do APK.",jca_android/SecretKeySpecSpec.mop:110-118 ; com.gelakinetic.mtgfam_99.apk/mobile/src/main/java/com/gelakinetic/mtgfam/helpers/tcgp/MarketPriceFetcher.java:125 ; com.gelakinetic.mtgfam_99.apk/mobile/src/main/res/values/strings-pref-keys.xml:22,app@HEAD,alta,Os três textos cifrados (client id/secret/app id) também são literais nas linhas 129-131.,G6
30,com.gelakinetic.mtgfam.helpers.tcgp.MarketPriceFetcher$1,fetch,IvParameterSpecSpec,IVPARAMETERSPEC-NOBS-00,MISUSE,iv_equals_hardcoded_key,,"O IV é sk.getEncoded(), ou seja, os mesmos bytes constantes da chave (""lastLegalityUpda""): IV fixo e igual à chave.",jca_android/IvParameterSpec.mop:68-75 ; jca_android/SecureRandomSpec.mop:392-399 ; com.gelakinetic.mtgfam_99.apk/mobile/src/main/java/com/gelakinetic/mtgfam/helpers/tcgp/MarketPriceFetcher.java:125-126,app@HEAD,alta,,G6
34,com.leekleak.trafficlight.database.CryptoManager,decrypt,CipherSpec,CIPHER-NOBS-00,SPEC_DEFECT,keystore_getentry_route_not_credited,,"getSecretKey(""data_plan_key"") devolve a chave do cache ou keyStore.getEntry(alias,null) as SecretKeyEntry → secretKey (Android Keystore, AES/GCM); só a rota createKey (KeyGenerator AndroidKeyStore) é creditada.","jca_android/CipherSpec.mop:199-232 ; jca_android/KeyStoreSpec.mop:106-108 (ge1 não encena nada) ; jca_android/KeyStoreSpec.mop:114-122,200 (só gk1/getKey produz GENERATED_KEY) ; jca_android/KeyGeneratorSpec.mop:223 ; nenhum .mop observa KeyStore.SecretKeyEntry.getSecretKey() ; com.leekleak.trafficlight_38.apk/app/src/main/java/com/leekleak/trafficlight/database/CryptoManager.kt:18-26 ; com.leekleak.trafficlight_38.apk/app/src/main/java/com/leekleak/trafficlight/database/CryptoManager.kt:28-45 ; com.leekleak.trafficlight_38.apk/app/src/main/java/com/leekleak/trafficlight/database/CryptoManager.kt:55-61",app@HEAD,alta,Consistente com os dados: CIPHER-NOBS-00 em 204 linhas contra 298 do GCM no mesmo sítio — nos processos em que a chave foi criada (e guardada em keyCache) o i2 é satisfeito.,G6
34,com.leekleak.trafficlight.database.CryptoManager,decrypt,GCMParameterSpecSpec,GCMPARAMETERSPEC-NOBS-00,LEGIT_UNOBSERVABLE,iv_from_ciphertext,,"O IV é combined.sliceArray(0 until 12) do Base64 armazenado, gravado por encrypt como cipher.iv (gerado pelo provedor do Keystore) + texto cifrado.",jca_android/GCMParameterSpecSpec.mop:71-79 ; com.leekleak.trafficlight_38.apk/app/src/main/java/com/leekleak/trafficlight/database/CryptoManager.kt:56-61 ; com.leekleak.trafficlight_38.apk/app/src/main/java/com/leekleak/trafficlight/database/CryptoManager.kt:47-52,app@HEAD,alta,,G6
34,com.leekleak.trafficlight.database.CryptoManager,decrypt,IvChainJunctionSpec,IVCHAINJUNCTION-NOBS-01,LEGIT_UNOBSERVABLE,iv_from_ciphertext,GCMPARAMETERSPEC-NOBS-00 @ com.leekleak.trafficlight.database.CryptoManager.decrypt,"O GCMParameterSpec(128, iv) inline na linha 61 foi construído sobre o IV lido do texto cifrado e não recebeu PREPARED_GCM.","jca_android/IvChainJunction.mop:194-201 ; jca_android/GCMParameterSpecSpec.mop:82-84,180 ; com.leekleak.trafficlight_38.apk/app/src/main/java/com/leekleak/trafficlight/database/CryptoManager.kt:61",app@HEAD,alta,Cascata.,G6
36,com.nononsenseapps.feeder.crypto.AesCbcWithIntegrity,decodeKey,SecretKeySpecSpec,SECRETKEYSPEC-NOBS-00,LEGIT_UNOBSERVABLE,key_from_storage,,"integrityKey é Base64.decode da segunda metade de syncRemote.secretKey, string gravada no banco Room a partir de generateKey().toString() (32 bytes de SecureRandom) ou recebida pelo link de adesão à cadeia de sincronização.","jca_android/SecretKeySpecSpec.mop:110-118 ; com.nononsenseapps.feeder.play_4025.apk/app/src/main/java/com/nononsenseapps/feeder/crypto/AesCbcWithIntegrity.kt:83-99 ; com.nononsenseapps.feeder.play_4025.apk/app/src/main/java/com/nononsenseapps/feeder/sync/SyncRestClient.kt:68,104,149 ; com.nononsenseapps.feeder.play_4025.apk/app/src/main/java/com/nononsenseapps/feeder/archmodel/SyncRemoteStore.kt:108-116 ; com.nononsenseapps.feeder.play_4025.apk/app/src/main/java/com/nononsenseapps/feeder/crypto/AesCbcWithIntegrity.kt:432-443",app@HEAD,alta,A codificação Base64 e o armazenamento destroem a identidade do material.,G6
36,com.nononsenseapps.feeder.crypto.AesCbcWithIntegrity,decodeKey,SecretKeySpecSpec,SECRETKEYSPEC-NOBS-01,LEGIT_UNOBSERVABLE,key_from_storage,,"confidentialityKey é Base64.decode da primeira metade de syncRemote.secretKey, que codifica o getEncoded() de uma chave AES-128 de KeyGenerator (ou a chave de outro dispositivo da cadeia).",jca_android/SecretKeySpecSpec.mop:176-184 ; jca_android/SecretKeySpec.mop:119-146 ; com.nononsenseapps.feeder.play_4025.apk/app/src/main/java/com/nononsenseapps/feeder/crypto/AesCbcWithIntegrity.kt:88-97 ; com.nononsenseapps.feeder.play_4025.apk/app/src/main/java/com/nononsenseapps/feeder/crypto/AesCbcWithIntegrity.kt:121-126 ; com.nononsenseapps.feeder.play_4025.apk/app/src/main/java/com/nononsenseapps/feeder/archmodel/SyncRemoteStore.kt:113,app@HEAD,alta,,G6
37,com.nononsenseapps.feeder.crypto.AesCbcWithIntegrity,decrypt,CipherSpec,CIPHER-NOBS-00,LEGIT_UNOBSERVABLE,key_from_storage,SECRETKEYSPEC-NOBS-01 @ com.nononsenseapps.feeder.crypto.AesCbcWithIntegrity.decodeKey,"secretKeys.confidentialityKey é o SecretKeySpec construído em decodeKey:97 a partir da chave armazenada, sem GENERATED_KEY.","jca_android/CipherSpec.mop:199-232 ; jca_android/SecretKeySpecSpec.mop:176-189,256 ; com.nononsenseapps.feeder.play_4025.apk/app/src/main/java/com/nononsenseapps/feeder/crypto/AesCbcWithIntegrity.kt:355-367 ; com.nononsenseapps.feeder.play_4025.apk/app/src/main/java/com/nononsenseapps/feeder/sync/SyncRestClient.kt:235-253",app@HEAD,alta,Cascata; nas duas execuções (ape rep1) decodeKey precede o decrypt.,G6
37,com.nononsenseapps.feeder.crypto.AesCbcWithIntegrity,decrypt,IvParameterSpecSpec,IVPARAMETERSPEC-NOBS-00,LEGIT_UNOBSERVABLE,iv_from_ciphertext,,"civ.iv é Base64.decode do primeiro campo de ""iv:mac:ciphertext"" recebido do servidor de sincronização; na cifragem esse IV veio de SecureRandom.nextBytes e é autenticado pelo HMAC antes do uso.","jca_android/IvParameterSpec.mop:68-75 ; com.nononsenseapps.feeder.play_4025.apk/app/src/main/java/com/nononsenseapps/feeder/crypto/AesCbcWithIntegrity.kt:359-366 ; com.nononsenseapps.feeder.play_4025.apk/app/src/main/java/com/nononsenseapps/feeder/crypto/AesCbcWithIntegrity.kt:494-500 ; com.nononsenseapps.feeder.play_4025.apk/app/src/main/java/com/nononsenseapps/feeder/crypto/AesCbcWithIntegrity.kt:287,214-222",app@HEAD,alta,,G6
38,com.nononsenseapps.feeder.crypto.AesCbcWithIntegrity,encrypt,CipherSpec,CIPHER-NOBS-00,LEGIT_UNOBSERVABLE,key_from_storage,SECRETKEYSPEC-NOBS-01 @ com.nononsenseapps.feeder.crypto.AesCbcWithIntegrity.decodeKey,A chave de confidencialidade vem de decodeKey sobre syncRemote.secretKey armazenado (SyncRestClient:104 → encryptString:119); o IV desta cifragem é de SecureRandom e foi aceito.,"jca_android/CipherSpec.mop:199-232 ; jca_android/SecretKeySpecSpec.mop:176-189,256 ; com.nononsenseapps.feeder.play_4025.apk/app/src/main/java/com/nononsenseapps/feeder/crypto/AesCbcWithIntegrity.kt:283-293 ; com.nononsenseapps.feeder.play_4025.apk/app/src/main/java/com/nononsenseapps/feeder/sync/SyncRestClient.kt:104-119",app@HEAD,alta,"Cascata; na execução, decodeKey:97/98 e encrypt:289 têm o mesmo instante (151 s).",G6
39,com.nononsenseapps.feeder.crypto.AesCbcWithIntegrity,generateKey,SecretKeySpecSpec,SECRETKEYSPEC-NOBS-00,SPEC_DEFECT,random_bytes_not_credited_as_key_material,,"integrityKeyBytes são 32 bytes de SecureRandom().nextBytes (observado: SecureRandomSpec marca RANDOMIZED), material correto para chave HMAC-SHA256; a leitura só aceita PREPARED_KEY_MATERIAL, produzido apenas por Key.getEncoded()/KeyAgreement.","jca_android/SecretKeySpecSpec.mop:110-118 ; jca_android/SecretKeySpecSpec.mop:77-95 (decisão registrada: bytes de SecureRandom não satisfazem) ; jca_android/SecureRandomSpec.mop:392-399 ; jca_android/SecretKeySpec.mop:145 ; jca_android/KeySpec.mop:105 ; jca_android/KeyAgreementSpec.mop:298,315 ; com.nononsenseapps.feeder.play_4025.apk/app/src/main/java/com/nononsenseapps/feeder/crypto/AesCbcWithIntegrity.kt:129-130 ; com.nononsenseapps.feeder.play_4025.apk/app/src/main/java/com/nononsenseapps/feeder/crypto/AesCbcWithIntegrity.kt:217-222",app@HEAD,alta,"Fiel ao oráculo (SecretKeySpec.crysl REQUIRES preparedKeyMaterial), por decisão do pesquisador de 22/08; na taxonomia deste censo é SPEC_DEFECT porque a proveniência é correta e observável. É o sítio de maior volume do grupo (99 execuções só-NOBS).",G6
40,com.nononsenseapps.feeder.crypto.AesCbcWithIntegrity,generateMac,MacSpec,MAC-NOBS-00,LEGIT_UNOBSERVABLE,key_from_storage,SECRETKEYSPEC-NOBS-00 @ com.nononsenseapps.feeder.crypto.AesCbcWithIntegrity.decodeKey,"integrityKey é o SecretKeySpec(integrityKey, ""HmacSHA256"") de decodeKey:98, montado sobre a chave HMAC armazenada no banco, sem GENERATED_KEY.","jca_android/MacSpec.mop:179-186 ; jca_android/SecretKeySpecSpec.mop:110-118,256 ; com.nononsenseapps.feeder.play_4025.apk/app/src/main/java/com/nononsenseapps/feeder/crypto/AesCbcWithIntegrity.kt:389-396 ; com.nononsenseapps.feeder.play_4025.apk/app/src/main/java/com/nononsenseapps/feeder/crypto/AesCbcWithIntegrity.kt:92-98 ; com.nononsenseapps.feeder.play_4025.apk/app/src/main/java/com/nononsenseapps/feeder/crypto/AesCbcWithIntegrity.kt:302,360",app@HEAD,alta,Cascata. A chave HMAC de generateKey():130 (SPEC_DEFECT) não chega a Mac.init nas execuções: vai para toString() e o banco; o Mac usa a versão decodificada.,G6
47,dev.leonlatsch.photok.encryption.domain.crypto.KeyGen,derivePasswordKeyEncryptionKey,PBEKeySpecSpec,PBEKEYSPEC-NOBS-01,LEGIT_UNOBSERVABLE,salt_from_storage,,"O salt que gera as linhas vem do caminho unlock: Base64.decode(params.salt) lido do VaultProtection persistido, que foi sorteado por SecureRandom.nextBytes no create; no caminho create o salt é observado e a leitura não acusa.","jca_android/PBEKeySpecSpec.mop:148-157 ; jca_android/SecureRandomSpec.mop:289-294,396-399 (produtor RANDOMIZED) ; dev.leonlatsch.photok_62.apk/app/src/main/java/dev/leonlatsch/photok/encryption/domain/crypto/KeyGen.kt:43 ; dev.leonlatsch.photok_62.apk/app/src/main/java/dev/leonlatsch/photok/encryption/domain/handlers/PasswordVaultProtectionHandler.kt:62 (unlock: Base64.decode) ; dev.leonlatsch.photok_62.apk/app/src/main/java/dev/leonlatsch/photok/encryption/domain/handlers/PasswordVaultProtectionHandler.kt:79 (create: SecureRandom) ; errors.csv photok: KeyGen.kt:43 só aparece depois de PasswordVaultProtectionHandler.kt:104 em cada run",app@HEAD,alta,"Na ordem das linhas de cada run, create emite KeyGen.kt:32, :46 e :104 sem :43; :43 surge só no unlock seguinte. O caminho migrate (legacyUserSalt da Config) teria a mesma natureza.",G7
47,dev.leonlatsch.photok.encryption.domain.crypto.KeyGen,derivePasswordKeyEncryptionKey,SecretKeyFactorySpec,SECRETKEYFACTORY-NOBS-00,LEGIT_UNOBSERVABLE,cascade,PBEKEYSPEC-NOBS-01 @ KeyGen.derivePasswordKeyEncryptionKey,O PBEKeySpec do caminho unlock não recebeu SPECCED_KEY porque o salt lido do armazenamento não carregava RANDOMIZED; é a cascata do salt persistido.,jca_android/SecretKeyFactorySpec.mop:96-106 ; jca_android/PBEKeySpecSpec.mop:159-161 (ensure só se conforms) ; dev.leonlatsch.photok_62.apk/app/src/main/java/dev/leonlatsch/photok/encryption/domain/crypto/KeyGen.kt:44,app@HEAD,alta,,G7
47,dev.leonlatsch.photok.encryption.domain.crypto.KeyGen,derivePasswordKeyEncryptionKey,SecretKeySpecSpec,SECRETKEYSPEC-NOBS-00,SPEC_DEFECT,getencoded_producer_not_woven,,"Os bytes são factory.generateSecret(spec).encoded de um PBKDF2 com salt aleatório (caminho create, o que emite a linha em cada run); a chamada SecretKey.getEncoded() que produziria PREPARED_KEY_MATERIAL não foi tecida no APK instrumentado, então nenhum produtor rodou.","jca_android/SecretKeySpecSpec.mop:110-119 ; jca_android/SecretKeySpec.mop:119-121 (e1 SecretKey+.getEncoded) ; jca_android/KeySpec.mop:75-77 (ge1 Key+.getEncoded) ; g7jars/dev.leonlatsch.photok_62.jar (instrumentado) KeyGen.derivePasswordKeyEncryptionKey bc 77: invokeinterface SecretKey.getEncoded sem advice ; g7jars/vault_instr.jar: único uso de KeySpec_ge1Event é owner java/security/Key (tink PrfHmacJce) ; dev.leonlatsch.photok_62.apk/app/src/main/java/dev/leonlatsch/photok/encryption/domain/crypto/KeyGen.kt:44-46 ; aosp-bc-android11/PBEPBKDF2.java:458 e BCPBEKey.java:61-63 (getAlgorithm = PBKDF2WithHmacSHA256, casaria com o ensure)",bytecode,alta,"Defeito do weaver dexlib2, não do texto do .mop: o pointcut SecretKey+.getEncoded()/Key+.getEncoded() só é aplicado quando o owner do invoke é literalmente java/security/Key. No caminho unlock (4 linhas extras em 51) a mesma linha seria também cascata do salt persistido.",G7
48,dev.leonlatsch.photok.encryption.domain.crypto.KeyGen,generateVaultMasterKey,SecretKeySpecSpec,SECRETKEYSPEC-NOBS-00,SPEC_DEFECT,random_bytes_not_credited_as_key_material,,"A chave mestra são 32 bytes preenchidos por new SecureRandom().nextBytes, observados como RANDOMIZED; a spec só aceita PREPARED_KEY_MATERIAL, que nenhum produtor de aleatoriedade escreve.","jca_android/SecretKeySpecSpec.mop:79-91,110-119 ; jca_android/SecureRandomSpec.mop:396-399 ; dev.leonlatsch.photok_62.apk/app/src/main/java/dev/leonlatsch/photok/encryption/domain/crypto/KeyGen.kt:30-32",app@HEAD,alta,"Divergência deliberada e documentada no próprio .mop (decisão do pesquisador 2026-08-22, fiel a SecretKeySpec.crysl:23): o idioma SecureRandom→SecretKeySpec é conforme em segurança e acusa por construção.",G7
49,dev.leonlatsch.photok.encryption.domain.handlers.PasswordVaultProtectionHandler,create,CipherSpec,CIPHER-NOBS-00,SPEC_DEFECT,cascade,SECRETKEYSPEC-NOBS-00 @ KeyGen.derivePasswordKeyEncryptionKey,A KEK é o SecretKeySpec construído sobre a saída de PBKDF2 com salt aleatório e 100 000 iterações; ela não recebeu GENERATED_KEY porque o getEncoded intermediário não foi tecido.,"jca_android/CipherSpec.mop:199-233 ; jca_android/SecretKeySpecSpec.mop:121-124,255-257 ; dev.leonlatsch.photok_62.apk/app/src/main/java/dev/leonlatsch/photok/encryption/domain/handlers/PasswordVaultProtectionHandler.kt:79,95-105 ; jca_android/SecretKeySpec.mop:119-121 (e1 SecretKey+.getEncoded) ; jca_android/KeySpec.mop:75-77 (ge1 Key+.getEncoded) ; g7jars/dev.leonlatsch.photok_62.jar (instrumentado) KeyGen.derivePasswordKeyEncryptionKey bc 77: invokeinterface SecretKey.getEncoded sem advice ; g7jars/vault_instr.jar: único uso de KeySpec_ge1Event é owner java/security/Key (tink PrfHmacJce)",app@HEAD,alta,"IV do create (linha 80, SecureRandom) é creditado: não há IVPARAMETERSPEC-NOBS em :104.",G7
50,dev.leonlatsch.photok.encryption.domain.handlers.PasswordVaultProtectionHandler,unlock,CipherSpec,CIPHER-NOBS-00,LEGIT_UNOBSERVABLE,cascade,PBEKEYSPEC-NOBS-01 @ KeyGen.derivePasswordKeyEncryptionKey,"A KEK do unlock é derivada por PBKDF2 da senha com o salt lido do VaultProtection persistido; a cadeia quebra já no salt e, mesmo que não quebrasse, quebraria no getEncoded não tecido.",jca_android/CipherSpec.mop:199-233 ; dev.leonlatsch.photok_62.apk/app/src/main/java/dev/leonlatsch/photok/encryption/domain/handlers/PasswordVaultProtectionHandler.kt:60-70 ; dev.leonlatsch.photok_62.apk/app/src/main/java/dev/leonlatsch/photok/encryption/domain/crypto/KeyGen.kt:43-46,app@HEAD,alta,,G7
50,dev.leonlatsch.photok.encryption.domain.handlers.PasswordVaultProtectionHandler,unlock,IvParameterSpecSpec,IVPARAMETERSPEC-NOBS-00,LEGIT_UNOBSERVABLE,iv_from_storage,,"Em DECRYPT_MODE o IV é Base64.decode(params.iv) lido do VaultProtection persistido, o mesmo IV sorteado por SecureRandom no create.","jca_android/IvParameterSpec.mop:65-76 ; dev.leonlatsch.photok_62.apk/app/src/main/java/dev/leonlatsch/photok/encryption/domain/handlers/PasswordVaultProtectionHandler.kt:69-70 ; dev.leonlatsch.photok_62.apk/app/src/main/java/dev/leonlatsch/photok/encryption/domain/handlers/PasswordVaultProtectionHandler.kt:80,86",app@HEAD,alta,,G7
50,dev.leonlatsch.photok.encryption.domain.handlers.PasswordVaultProtectionHandler,unlock,SecretKeySpecSpec,SECRETKEYSPEC-NOBS-00,LEGIT_UNOBSERVABLE,key_from_unwrap,,"Os bytes da chave mestra são cipher.doFinal(protection.wrappedVMK), isto é, a VMK aleatória decifrada do armazenamento.","jca_android/SecretKeySpecSpec.mop:110-119 ; dev.leonlatsch.photok_62.apk/app/src/main/java/dev/leonlatsch/photok/encryption/domain/handlers/PasswordVaultProtectionHandler.kt:73-74 ; dev.leonlatsch.photok_62.apk/app/src/main/java/dev/leonlatsch/photok/encryption/domain/handlers/PasswordVaultProtectionHandler.kt:93,107",app@HEAD,alta,,G7
55,github.paroj.dsub2000.util.KeyStoreUtil,decrypt,IvParameterSpecSpec,IVPARAMETERSPEC-NOBS-00,LEGIT_UNOBSERVABLE,iv_from_ciphertext,,O IV é copiado (System.arraycopy) do prefixo do texto cifrado; na cifragem ele foi gerado pelo provider AndroidKeyStore e lido com cipher.getIV().,"jca_android/IvParameterSpec.mop:65-76 ; github.paroj.dsub2000_217.apk/app/src/main/java/github/paroj/dsub2000/util/KeyStoreUtil.java:121-127,135 ; KeyStoreUtil.java:85,91-94 (encrypt: IV do provider)",app@HEAD,alta,"Chave vem de KeyStore.getKey (creditada por KeyStoreSpec.gk1), por isso não há CIPHER-NOBS.",G7
56,io.treehouses.remote.ssh.Encryptor,encrypt,SecretKeySpecSpec,SECRETKEYSPEC-NOBS-00,MISUSE,adhoc_weak_password_kdf,,"A chave AES-128 são os 16 primeiros bytes de SHA-256 iterado 1000 vezes sobre senha||salt (salt de 8 bytes via SHA1PRNG), um KDF caseiro abaixo do mínimo de 10 000 iterações que a própria regra PBEKeySpec exige.","jca_android/SecretKeySpecSpec.mop:110-119 ; io.treehouses.remote_6098.apk/app/src/main/kotlin/io/treehouses/remote/ssh/Encryptor.kt:65-76,83 ; io.treehouses.remote_6098.apk/app/src/main/kotlin/io/treehouses/remote/ssh/Encryptor.kt:142-155 (computePw) ; io.treehouses.remote_6098.apk/app/src/main/kotlin/io/treehouses/remote/ssh/PubKeyUtils.kt:44,47,57-59",app@HEAD,média,"Código herdado do ConnectBot para cifrar a chave SSH privada com a senha do usuário. A chave depende de segredo (a senha), mas a derivação é fraca e não padronizada.",G7
56,io.treehouses.remote.ssh.Encryptor,encrypt,IvParameterSpecSpec,IVPARAMETERSPEC-NOBS-00,LEGIT_UNOBSERVABLE,derived_iv_by_construction,SECRETKEYSPEC-NOBS-00 @ io.treehouses.remote.ssh.Encryptor.encrypt,"O IV são os bytes 16-31 do mesmo digest SHA-256 iterado da senha com o salt, copiados por System.arraycopy; não vem de gerador aleatório.","jca_android/IvParameterSpec.mop:65-76 ; io.treehouses.remote_6098.apk/app/src/main/kotlin/io/treehouses/remote/ssh/Encryptor.kt:74-76,84",app@HEAD,baixa,"Como o salt de 8 bytes é novo a cada cifragem, o IV é único e imprevisível sem a senha (esquema tipo EVP_BytesToKey); o dano real é o do KDF fraco da chave, por isso root aponta para ela. [harmonizado: IV derivado do mesmo KDF com salt aleatório novo por cifragem: único e imprevisível; o uso indevido é o KDF, já acusado na chave]",G7
56,io.treehouses.remote.ssh.Encryptor,encrypt,IvChainJunctionSpec,IVCHAINJUNCTION-NOBS-00,LEGIT_UNOBSERVABLE,cascade,IVPARAMETERSPEC-NOBS-00 @ io.treehouses.remote.ssh.Encryptor.encrypt,"O IvParameterSpec passado a Cipher.init(ENCRYPT_MODE, AES/CBC) não recebeu PREPARED_IV porque o IV derivado do digest foi recusado.","jca_android/IvChainJunction.mop:138-168 ; jca_android/IvParameterSpec.mop:77-79,150-154 ; io.treehouses.remote_6098.apk/app/src/main/kotlin/io/treehouses/remote/ssh/Encryptor.kt:81-84",app@HEAD,baixa,"[harmonizado: IV derivado do mesmo KDF com salt aleatório novo por cifragem: único e imprevisível; o uso indevido é o KDF, já acusado na chave]",G7
56,io.treehouses.remote.ssh.Encryptor,encrypt,CipherSpec,CIPHER-NOBS-00,MISUSE,cascade,SECRETKEYSPEC-NOBS-00 @ io.treehouses.remote.ssh.Encryptor.encrypt,"A chave passada a Cipher.init é o SecretKeySpec sobre o digest da senha, recusado na construção e portanto sem GENERATED_KEY.",jca_android/CipherSpec.mop:199-233 ; io.treehouses.remote_6098.apk/app/src/main/kotlin/io/treehouses/remote/ssh/Encryptor.kt:81-83,app@HEAD,média,,G7
57,me.diamondforge.tokn.security.KeystoreManager,decrypt,CipherSpec,CIPHER-NOBS-00,SPEC_DEFECT,keystore_getentry_route_not_credited,,"A chave é uma AES-256 do AndroidKeyStore gerada por KeyGenerator e recuperada por (keystore.getEntry(alias, null) as SecretKeyEntry).secretKey; a rota getEntry→getSecretKey não tem produtor de GENERATED_KEY (só getKey tem).","jca_android/CipherSpec.mop:199-233 ; jca_android/KeyStoreSpec.mop:106-108 (ge1 não liga nada) ; jca_android/KeyStoreSpec.mop:114-122,197-205 (só gk1 escreve) ; me.diamondforge.tokn_19.apk/core/security/src/main/java/me/diamondforge/tokn/security/KeystoreManager.kt:66-68,72-88",app@HEAD,alta,A chave devolvida por keyGen.generateKey() (que KeyGeneratorSpec creditaria) é descartada; o objeto usado vem do Entry.,G7
57,me.diamondforge.tokn.security.KeystoreManager,decrypt,GCMParameterSpecSpec,GCMPARAMETERSPEC-NOBS-00,LEGIT_UNOBSERVABLE,iv_from_ciphertext,,"Na decifragem o IV é combined.copyOfRange(0, 12) do blob armazenado nas SharedPreferences; na cifragem ele foi gerado pelo provider do AndroidKeyStore e lido com cipher.iv.",jca_android/GCMParameterSpecSpec.mop:62-84 ; me.diamondforge.tokn_19.apk/core/security/src/main/java/me/diamondforge/tokn/security/KeystoreManager.kt:63-68 ; me.diamondforge.tokn_19.apk/core/security/src/main/java/me/diamondforge/tokn/security/KeystoreManager.kt:55-58 (encrypt: IV do provider),app@HEAD,alta,,G7
57,me.diamondforge.tokn.security.KeystoreManager,decrypt,IvChainJunctionSpec,IVCHAINJUNCTION-NOBS-01,LEGIT_UNOBSERVABLE,cascade,GCMPARAMETERSPEC-NOBS-00 @ me.diamondforge.tokn.security.KeystoreManager.decrypt,"O GCMParameterSpec só receberia PREPARED_GCM se o IV fosse RANDOMIZED; o IV lido do texto cifrado não é, e o spec chega sem predicado.","jca_android/IvChainJunction.mop:189-202 ; jca_android/GCMParameterSpecSpec.mop:80-84,178-181 ; me.diamondforge.tokn_19.apk/core/security/src/main/java/me/diamondforge/tokn/security/KeystoreManager.kt:68",app@HEAD,alta,,G7
58,me.diamondforge.tokn.security.KeystoreManager,encrypt,CipherSpec,CIPHER-NOBS-00,SPEC_DEFECT,keystore_getentry_route_not_credited,,"Mesma chave AES-256 do AndroidKeyStore obtida por getEntry→SecretKeyEntry.secretKey, rota sem produtor de GENERATED_KEY; o IV é gerado pelo provider dentro do framework.","jca_android/CipherSpec.mop:199-233 ; jca_android/KeyStoreSpec.mop:106-108,114-122 ; me.diamondforge.tokn_19.apk/core/security/src/main/java/me/diamondforge/tokn/security/KeystoreManager.kt:52-55,72-88",app@HEAD,alta,,G7
62,org.cry.otp.HOTP,hmac_sha1,SecretKeySpecSpec,SECRETKEYSPEC-NOBS-00,LEGIT_UNOBSERVABLE,key_from_user_shared_secret,,"Os bytes da chave HMAC são o segredo OTP digitado pelo usuário em ProfileSetup (hex), guardado no banco e convertido em byte[]: é o segredo compartilhado do protocolo RFC 4226/6238, não uma chave a gerar.","jca_android/SecretKeySpecSpec.mop:110-119 ; org.cry.otp_31.apk/app/src/main/java/org/cry/otp/HOTP.java:32 ; org.cry.otp_31.apk/app/src/main/java/org/cry/otp/Home.java:77,101 ; org.cry.otp_31.apk/app/src/main/java/org/cry/otp/Profiles.java:203 ; org.cry.otp_31.apk/app/src/main/java/org/cry/otp/ProfileSetup.java:72,137,153,219",app@HEAD,alta,"A construção usa o algoritmo ""RAW"", que também tira conforms (SECRETKEYSPEC-ALG-00).",G7
62,org.cry.otp.HOTP,hmac_sha1,MacSpec,MAC-NOBS-00,LEGIT_UNOBSERVABLE,cascade,SECRETKEYSPEC-NOBS-00 @ org.cry.otp.HOTP.hmac_sha1,"A chave passada a Mac.init é o SecretKeySpec sobre o segredo OTP do usuário, recusado na construção e por isso sem GENERATED_KEY.","jca_android/MacSpec.mop:171-187 ; jca_android/SecretKeySpecSpec.mop:121-124,255-257 ; org.cry.otp_31.apk/app/src/main/java/org/cry/otp/HOTP.java:32",app@HEAD,alta,Runs NOBS-only = 0: as linhas coexistem com outros códigos.,G7
63,org.cry.otp.TOTP,hmac_sha,SecretKeySpecSpec,SECRETKEYSPEC-NOBS-00,LEGIT_UNOBSERVABLE,key_from_user_shared_secret,,"Os bytes da chave HMAC são o segredo OTP digitado pelo usuário em ProfileSetup (hex), guardado no banco e convertido em byte[]: é o segredo compartilhado do protocolo RFC 4226/6238, não uma chave a gerar.","jca_android/SecretKeySpecSpec.mop:110-119 ; org.cry.otp_31.apk/app/src/main/java/org/cry/otp/TOTP.java:46 ; org.cry.otp_31.apk/app/src/main/java/org/cry/otp/Home.java:77,101 ; org.cry.otp_31.apk/app/src/main/java/org/cry/otp/Profiles.java:203 ; org.cry.otp_31.apk/app/src/main/java/org/cry/otp/ProfileSetup.java:72,137,153,219",app@HEAD,alta,"A construção usa o algoritmo ""RAW"", que também tira conforms (SECRETKEYSPEC-ALG-00).",G7
63,org.cry.otp.TOTP,hmac_sha,MacSpec,MAC-NOBS-00,LEGIT_UNOBSERVABLE,cascade,SECRETKEYSPEC-NOBS-00 @ org.cry.otp.TOTP.hmac_sha,"A chave passada a Mac.init é o SecretKeySpec sobre o segredo OTP do usuário, recusado na construção e por isso sem GENERATED_KEY.","jca_android/MacSpec.mop:171-187 ; jca_android/SecretKeySpecSpec.mop:121-124,255-257 ; org.cry.otp_31.apk/app/src/main/java/org/cry/otp/TOTP.java:46",app@HEAD,alta,Runs NOBS-only = 0: as linhas coexistem com outros códigos.,G7
64,org.fedorahosted.freeotp.encryptor.EncryptedKey,decrypt,CipherSpec,CIPHER-NOBS-00,LEGIT_UNOBSERVABLE,cascade,PBEKEYSPEC-NOBS-01 @ org.fedorahosted.freeotp.encryptor.MasterKey.decrypt,"A chave dos dois init (ENCRYPT em :51 e DECRYPT em :57) é o SecretKey de PBKDF2 derivado em MasterKey.decrypt com o salt clonado/serializado, que não recebeu GENERATED_KEY; no restore também chega o SecretKeySpec decifrado de :59.","jca_android/CipherSpec.mop:199-233 ; org.fedorahosted.freeotp_48.apk/mobile/src/main/java/org/fedorahosted/freeotp/encryptor/EncryptedKey.java:51,57 ; org.fedorahosted.freeotp_48.apk/mobile/src/main/java/org/fedorahosted/freeotp/encryptor/MasterKey.java:64-65,72 ; org.fedorahosted.freeotp_48.apk/mobile/src/main/java/org/fedorahosted/freeotp/TokenPersistence.java:96,160,210",app@HEAD,alta,"Mesmo com o salt observado, o predicado seria GENERATED_KEY(pwd, PBKDF2withHmacSHA512) contra Cipher AES: acusaria CIPHER-CONSTR-00, como já acusa em EncryptedKey.encrypt:42.",G7
64,org.fedorahosted.freeotp.encryptor.EncryptedKey,decrypt,SecretKeySpecSpec,SECRETKEYSPEC-NOBS-00,LEGIT_UNOBSERVABLE,key_from_unwrap,,Os bytes são cipher.doFinal(mCipherText): a chave (mestra ou de token) decifrada de um EncryptedKey desserializado das SharedPreferences.,"jca_android/SecretKeySpecSpec.mop:110-119 ; org.fedorahosted.freeotp_48.apk/mobile/src/main/java/org/fedorahosted/freeotp/encryptor/EncryptedKey.java:57-59 ; org.fedorahosted.freeotp_48.apk/mobile/src/main/java/org/fedorahosted/freeotp/TokenPersistence.java:157,207-210",app@HEAD,alta,,G7
65,org.fedorahosted.freeotp.encryptor.MasterKey,<init>,SecretKeySpecSpec,SECRETKEYSPEC-NOBS-00,SPEC_DEFECT,random_bytes_not_credited_as_key_material,,"A chave mestra são bytes preenchidos por new SecureRandom().nextBytes(raw), observados como RANDOMIZED; a spec só aceita PREPARED_KEY_MATERIAL vindo de getEncoded.","jca_android/SecretKeySpecSpec.mop:79-91,110-119 ; jca_android/SecureRandomSpec.mop:396-399 ; org.fedorahosted.freeotp_48.apk/mobile/src/main/java/org/fedorahosted/freeotp/encryptor/MasterKey.java:41-43",app@HEAD,alta,Mesma divergência deliberada de photok KeyGen.generateVaultMasterKey.,G7
66,org.fedorahosted.freeotp.encryptor.MasterKey,decrypt,PBEKeySpecSpec,PBEKEYSPEC-NOBS-01,LEGIT_UNOBSERVABLE,copy_loses_identity,,"O salt é mSalt = spec.getSalt(), que devolve um clone do array sorteado por SecureRandom em generate (caminho provision, o das linhas); no restore o salt vem desserializado pelo Gson das SharedPreferences.","jca_android/PBEKeySpecSpec.mop:148-157 ; org.fedorahosted.freeotp_48.apk/mobile/src/main/java/org/fedorahosted/freeotp/encryptor/MasterKey.java:48,54-56,72 ; org.fedorahosted.freeotp_48.apk/mobile/src/main/java/org/fedorahosted/freeotp/TokenPersistence.java:87,96 (provision) ; org.fedorahosted.freeotp_48.apk/mobile/src/main/java/org/fedorahosted/freeotp/TokenPersistence.java:153-160 (restore) ; libcore javax.crypto.spec.PBEKeySpec.getSalt() devolve salt.clone()",app@HEAD,alta,"Nas runs, MasterKey.java:72 aparece no mesmo segundo de MasterKey.<init>:43 e EncryptedKey.encrypt:42, o que aponta para provision (generate seguido de decrypt em memória).",G7
66,org.fedorahosted.freeotp.encryptor.MasterKey,decrypt,SecretKeyFactorySpec,SECRETKEYFACTORY-NOBS-00,LEGIT_UNOBSERVABLE,cascade,PBEKEYSPEC-NOBS-01 @ org.fedorahosted.freeotp.encryptor.MasterKey.decrypt,"O PBEKeySpec montado com o salt clonado não recebeu SPECCED_KEY, então generateSecret não tem spec observado.",jca_android/SecretKeyFactorySpec.mop:96-106 ; jca_android/PBEKeySpecSpec.mop:159-161 ; org.fedorahosted.freeotp_48.apk/mobile/src/main/java/org/fedorahosted/freeotp/encryptor/MasterKey.java:63-64,app@HEAD,alta,,G7
67,org.flyve.inventory.CryptoUtil,encrypt,CipherSpec,CIPHER-NOBS-00,LEGIT_UNOBSERVABLE,cascade,X509ENCODEDKEYSPEC-NOBS-00 @ org.flyve.inventory.CryptoUtil.stringToPublicKey,"A chave pública RSA vem de KeyFactory.generatePublic sobre bytes Base64 decodificados; como o X509EncodedKeySpec não foi creditado, generatePublic não escreveu GENERATED_PUBLIC_KEY.",jca_android/CipherSpec.mop:199-233 ; jca_android/KeyFactorySpec.mop:101-119 ; inventory-release-v1.6.1/classes.jar org.flyve.inventory.CryptoUtil.encrypt (LineNumberTable 82-83) ; inventory-release-v1.6.1/classes.jar org.flyve.inventory.categories.OperatingSystem.getSSHKey bc 11-30,bytecode,alta,"Biblioteca vem como AAR local (app/libs/inventory-release-v1.6.1.aar), sem fonte; veredito sobre bytecode do classes.jar, linhas conferem com o __LOC.",G7
68,org.flyve.inventory.CryptoUtil,stringToPublicKey,X509EncodedKeySpecSpec,X509ENCODEDKEYSPEC-NOBS-00,LEGIT_UNOBSERVABLE,copy_loses_identity,,"Os bytes são Base64.decode de uma string que é o Base64 de PublicKey.getEncoded() de um par RSA-2048 recém-gerado em getSSHKey; a volta pelo Base64 cria outro array, e a chave é pública.",jca_android/X509EncodedKeySpecSpec.mop:40-55 ; inventory-release-v1.6.1/classes.jar org.flyve.inventory.CryptoUtil.stringToPublicKey (LineNumberTable 107-110) ; inventory-release-v1.6.1/classes.jar CryptoUtil.generateKeyPair (62-71) ; inventory-release-v1.6.1/classes.jar OperatingSystem.getSSHKey bc 11-30,bytecode,alta,"Uso cifra a string fixa ""Test message..."" com a chave pública: inútil, mas não inseguro.",G7
68,org.flyve.inventory.CryptoUtil,stringToPublicKey,KeyFactorySpec,KEYFACTORY-NOBS-01,LEGIT_UNOBSERVABLE,cascade,X509ENCODEDKEYSPEC-NOBS-00 @ org.flyve.inventory.CryptoUtil.stringToPublicKey,O X509EncodedKeySpec só recebe SPECCED_KEY quando os bytes carregam PREPARED_KEY_MATERIAL; os bytes re-decodificados do Base64 não carregam.,"jca_android/KeyFactorySpec.mop:101-115 ; jca_android/X509EncodedKeySpecSpec.mop:53-55,82-84 ; inventory-release-v1.6.1/classes.jar CryptoUtil.stringToPublicKey (110)",bytecode,alta,,G7
71,org.quantumbadger.redreader.common.General,parseConfig,SecretKeySpecSpec,SECRETKEYSPEC-NOBS-00,MISUSE,key_derived_from_public_data,,"A chave AES é SHA-256(certificado de assinatura do APK || packageName), dados públicos, usada para decifrar um blob de configuração embutido no código-fonte.","jca_android/SecretKeySpecSpec.mop:110-119 ; org.quantumbadger.redreader_117.apk/src/main/java/org/quantumbadger/redreader/common/General.kt:543-550 (appIds) ; org.quantumbadger.redreader_117.apk/src/main/java/org/quantumbadger/redreader/common/AndroidCommon.kt:117-120 (ids = certificados) ; org.quantumbadger.redreader_117.apk/src/main/java/org/quantumbadger/redreader/common/General.kt:626-640,701 ; org.quantumbadger.redreader_117.apk/src/main/java/org/quantumbadger/redreader/common/PrefsUtility.java:182-184 (texto cifrado literal)",app@HEAD,alta,"Intenção é ofuscação/anti-fork (só o build com a assinatura oficial lê o appId), não sigilo; criptograficamente a chave não é segredo.",G7
71,org.quantumbadger.redreader.common.General,parseConfig,IvParameterSpecSpec,IVPARAMETERSPEC-NOBS-00,MISUSE,constant_zero_iv,,"O IV é ByteArray(16), constante de zeros, fixo no esquema (o blob foi cifrado offline com o mesmo IV).",jca_android/IvParameterSpec.mop:65-76 ; org.quantumbadger.redreader_117.apk/src/main/java/org/quantumbadger/redreader/common/General.kt:702,app@HEAD,alta,Decifragem de dado embutido; o IV fixo acompanha a chave pública-derivada.,G7
71,org.quantumbadger.redreader.common.General,parseConfig,CipherSpec,CIPHER-NOBS-00,MISUSE,cascade,SECRETKEYSPEC-NOBS-00 @ org.quantumbadger.redreader.common.General.parseConfig,"A chave de Cipher.init é o SecretKeySpec sobre o hash do certificado e do nome do pacote, recusado na construção e sem GENERATED_KEY.",jca_android/CipherSpec.mop:199-233 ; org.quantumbadger.redreader_117.apk/src/main/java/org/quantumbadger/redreader/common/General.kt:698-703,app@HEAD,alta,,G7
73,rocks.poopjournal.metadataremover.viewmodel.MainViewModel,<clinit>,SecureRandomSpec,SECURERANDOM-NOBS-01,MISUSE,hardcoded_seed,,"SECURERANDOM-NOBS-01 lê RANDOMIZED sobre o byte[] passado a new SecureRandom(byte[]); aqui é ""75rgu86gr59ht86"".toByteArray(), uma semente literal no companion object.","jca_android/SecureRandomSpec.mop:95-107 ; rocks.poopjournal.metadataremover_20020.apk/app/src/main/java/rocks/poopjournal/metadataremover/viewmodel/MainViewModel.kt:45-47 ; rocks.poopjournal.metadataremover_20020.apk/app/src/main/java/rocks/poopjournal/metadataremover/viewmodel/MainViewModel.kt:143,167-175 (uso: nextLong e nomes de arquivo aleatórios)",app@HEAD,média,"Misuse de código real, mas latente no Android: new SecureRandom(byte[]) usa o provider padrão (Conscrypt OpenSSLRandom), cujo engineSetSeed não substitui a entropia, e o uso é gerar nomes de arquivo, não segredo.",G7
74,se.arctosoft.vault.encryption.Encryption,getDirHash,PBEKeySpecSpec,PBEKEYSPEC-NOBS-01,LEGIT_UNOBSERVABLE,salt_from_storage,,"No caminho de desbloqueio o salt é Arrays.copyOfRange sobre a string PREF_VAULT_KEYS das SharedPreferences, onde foi gravado depois de sorteado por SecureRandom.getInstanceStrong().nextBytes na primeira senha.","jca_android/PBEKeySpecSpec.mop:148-157 ; se.arctosoft.vault_41.apk/app/src/main/java/se/arctosoft/vault/encryption/Encryption.java:689 ; se.arctosoft.vault_41.apk/app/src/main/java/se/arctosoft/vault/utils/Settings.java:238-248 ; se.arctosoft.vault_41.apk/app/src/main/java/se/arctosoft/vault/PasswordFragment.java:110-115 ; se.arctosoft.vault_41.apk/app/src/main/java/se/arctosoft/vault/encryption/Encryption.java:567-575 ; g7jars/vault_instr.jar generateSecureSalt (g3 via MonitorWrappers, next2 tecido)",app@HEAD,média,"O caminho de criação (generateSecureSalt) está tecido e deveria compor; as linhas não separam os dois caminhos, mas a segunda ocorrência por run vem do armazenamento. O PBKDF2 aqui só produz um hash de diretório, não uma chave de cifra.",G7
74,se.arctosoft.vault.encryption.Encryption,getDirHash,SecretKeyFactorySpec,SECRETKEYFACTORY-NOBS-00,LEGIT_UNOBSERVABLE,cascade,PBEKEYSPEC-NOBS-01 @ se.arctosoft.vault.encryption.Encryption.getDirHash,"O PBEKeySpec com salt lido do armazenamento não recebeu SPECCED_KEY, então generateSecret não tem spec observado.",jca_android/SecretKeyFactorySpec.mop:96-106 ; jca_android/PBEKeySpecSpec.mop:159-161 ; se.arctosoft.vault_41.apk/app/src/main/java/se/arctosoft/vault/encryption/Encryption.java:690,app@HEAD,média,,G7
75,ua.com.radiokot.photoprism.features.ext.key.activation.logic.ParseEnteredKeyUseCase,getIssuerPublicKey$lambda$0,X509EncodedKeySpecSpec,X509ENCODEDKEYSPEC-NOBS-00,LEGIT_UNOBSERVABLE,embedded_public_key,,"Os bytes são a chave pública RSA do emissor de licenças, constante ISSUER_PUB em PEM decodificada por Jackson Base64Variants.PEM; é chave pública fixada para verificar assinatura, não segredo.",jca_android/X509EncodedKeySpecSpec.mop:40-55 ; ua.com.radiokot.photoprism_67.apk/app/src/main/java/ua/com/radiokot/photoprism/features/ext/key/activation/logic/ParseEnteredKeyUseCase.kt:94-100,app@HEAD,alta,"Nenhuma chamada de API produz essa constante, então não há o que o monitor pudesse observar.",G7
75,ua.com.radiokot.photoprism.features.ext.key.activation.logic.ParseEnteredKeyUseCase,getIssuerPublicKey$lambda$0,KeyFactorySpec,KEYFACTORY-NOBS-01,LEGIT_UNOBSERVABLE,cascade,X509ENCODEDKEYSPEC-NOBS-00 @ ua.com.radiokot.photoprism.features.ext.key.activation.logic.ParseEnteredKeyUseCase.getIssuerPublicKey$lambda$0,"O X509EncodedKeySpec sobre a chave pública embutida não recebeu SPECCED_KEY, e generatePublic não tem spec observado.","jca_android/KeyFactorySpec.mop:101-115 ; jca_android/X509EncodedKeySpecSpec.mop:53-55,82-84 ; ua.com.radiokot.photoprism_67.apk/app/src/main/java/ua/com/radiokot/photoprism/features/ext/key/activation/logic/ParseEnteredKeyUseCase.kt:95-99",app@HEAD,alta,,G7
