apk,arm,rep,timeout,container,n_records,record_states,state,error_message,execution_time_seconds,c2_floor10,c2_campaign_floor,cov_method,cov_act,cov_mop,mop_unique,total_method_calls,trace_steps,logcat_lines,cov_sig_distinct,viol_lines,viol_distinct,verify_lines,ev_crash,ev_anr,ev_verify_error,ev_other,ev_proc_own,ev_proc_all,ev_first_crash_s,ev_top,fails,sa_methods_reach_mop,sa_activities,sa_activities_reach_mop,sa_complete,apk_json,excluded_in_manifest
app.eduroam.geteduroam_2685.apk,ape,1,300,gh104_00,1,COMPLETED,COMPLETED,,356,270.0,255,23.69762174405436,50.0,20.054446460980035,7.0,837.0,163,5591,2276,21,5,0,0,0,0,0,0,0,,,,1102,6,4,True,ok,False
app.eduroam.geteduroam_2685.apk,ape,2,300,gh104_00,1,COMPLETED,COMPLETED,,362,270.0,255,20.979614949037373,50.0,16.515426497277677,7.0,741.0,177,4406,2211,14,5,0,0,0,0,0,0,0,,,,1102,6,4,True,ok,False
app.eduroam.geteduroam_2685.apk,ape,3,300,gh104_00,1,COMPLETED,COMPLETED,,361,270.0,255,21.97055492638732,50.0,18.058076225045372,7.0,776.0,165,7851,2247,28,5,0,0,0,0,0,0,0,,,,1102,6,4,True,ok,False
app.eduroam.geteduroam_2685.apk,aperv:mop_off_llm_off,1,300,gh104_00,1,COMPLETED,COMPLETED,,364,270.0,255,21.800679501698756,50.0,17.78584392014519,7.0,770.0,196,4530,2241,14,5,0,0,0,0,0,0,0,,,,1102,6,4,True,ok,False
app.eduroam.geteduroam_2685.apk,aperv:mop_off_llm_off,2,300,gh104_00,1,COMPLETED,COMPLETED,,360,270.0,255,21.77236693091733,50.0,17.876588021778584,7.0,769.0,261,4500,2246,14,5,0,0,0,0,0,0,0,,,,1102,6,4,True,ok,False
app.eduroam.geteduroam_2685.apk,aperv:mop_off_llm_off,3,300,gh104_00,1,COMPLETED,COMPLETED,,365,270.0,255,21.630804077010193,50.0,17.78584392014519,7.0,764.0,213,6466,2202,21,5,0,0,0,0,0,0,0,,,,1102,6,4,True,ok,False
app.eduroam.geteduroam_2685.apk,aperv:mop_on_llm_off,1,300,gh104_00,1,COMPLETED,COMPLETED,,364,270.0,255,21.7440543601359,100.0,17.78584392014519,7.0,768.0,166,5821,2232,21,5,0,0,0,0,0,0,0,,,,1102,6,4,True,ok,False
app.eduroam.geteduroam_2685.apk,aperv:mop_on_llm_off,2,300,gh104_00,1,COMPLETED,COMPLETED,,364,270.0,255,21.630804077010193,100.0,17.876588021778584,7.0,764.0,205,3853,2221,14,5,0,0,0,0,0,0,0,,,,1102,6,4,True,ok,False
app.eduroam.geteduroam_2685.apk,aperv:mop_on_llm_off,3,300,gh104_00,1,COMPLETED,COMPLETED,,362,270.0,255,22.253680634201586,100.0,18.421052631578945,7.0,786.0,180,8539,2238,35,5,0,0,0,0,0,0,0,,,,1102,6,4,True,ok,False
app.maskan.chat_90.apk,ape,1,300,gh104_01,1,COMPLETED,COMPLETED,,360,270.0,255,43.31178518150174,100.0,46.48541114058355,34.0,1742.0,240,5302,2302,110,33,0,0,0,0,0,0,0,,,,1508,2,2,True,ok,False
app.maskan.chat_90.apk,ape,2,300,gh104_01,1,COMPLETED,COMPLETED,,361,270.0,255,40.5022376926902,100.0,41.777188328912466,34.0,1629.0,286,2381,2189,35,33,0,0,0,0,0,0,0,,,,1508,2,2,True,ok,False
app.maskan.chat_90.apk,ape,3,300,gh104_01,1,COMPLETED,COMPLETED,,360,270.0,255,44.00795624067628,100.0,46.41909814323608,34.0,1770.0,255,5129,3242,67,33,0,0,0,0,0,0,0,,,,1508,2,2,True,ok,False
app.maskan.chat_90.apk,aperv:mop_off_llm_off,1,300,gh104_01,1,COMPLETED,COMPLETED,,358,270.0,255,40.00497265042268,100.0,40.91511936339523,34.0,1609.0,282,6359,2174,120,33,0,0,0,0,0,0,0,,,,1508,2,2,True,ok,False
app.maskan.chat_90.apk,aperv:mop_off_llm_off,2,300,gh104_01,1,COMPLETED,COMPLETED,,361,270.0,255,49.5773247140726,100.0,54.907161803713535,34.0,1994.0,285,5785,3467,66,33,0,0,0,0,0,0,0,,,,1508,2,2,True,ok,False
app.maskan.chat_90.apk,aperv:mop_off_llm_off,3,300,gh104_01,1,COMPLETED,COMPLETED,,364,270.0,255,46.96668324216808,100.0,51.45888594164456,34.0,1889.0,269,4551,2449,67,33,0,0,0,0,0,0,0,,,,1508,2,2,True,ok,False
app.maskan.chat_90.apk,aperv:mop_on_llm_off,1,300,gh104_01,1,COMPLETED,COMPLETED,,363,270.0,255,48.13525609149677,100.0,50.729442970822284,34.0,1936.0,284,6388,3482,92,33,0,0,0,0,0,0,0,,,,1508,2,2,True,ok,False
app.maskan.chat_90.apk,aperv:mop_on_llm_off,2,300,gh104_01,1,COMPLETED,COMPLETED,,363,270.0,255,40.75087021382397,100.0,44.03183023872679,34.0,1639.0,262,6222,2199,120,33,0,0,0,0,0,0,0,,,,1508,2,2,True,ok,False
app.maskan.chat_90.apk,aperv:mop_on_llm_off,3,300,gh104_01,1,COMPLETED,COMPLETED,,358,270.0,255,43.33664843361512,100.0,44.761273209549074,34.0,1743.0,258,7360,3233,117,33,0,0,0,0,0,0,0,,,,1508,2,2,True,ok,False
app.michaelwuensch.bitbanana_79.apk,ape,1,300,gh104_02,1,COMPLETED,COMPLETED,,368,270.0,255,9.648961587943393,28.8135593220339,7.717190388170056,26.0,1050.0,290,5465,3069,54,25,0,0,0,0,0,0,0,,,,2164,60,43,True,ok,False
app.michaelwuensch.bitbanana_79.apk,ape,2,300,gh104_02,1,COMPLETED,COMPLETED,,361,270.0,255,9.051644918213563,27.11864406779661,6.792975970425139,26.0,985.0,293,5472,3073,54,25,0,0,0,0,0,0,0,,,,2164,60,43,True,ok,False
app.michaelwuensch.bitbanana_79.apk,ape,3,300,gh104_02,1,COMPLETED,COMPLETED,,364,270.0,255,9.648961587943393,22.033898305084744,7.255083179297597,26.0,1050.0,310,8076,3112,78,25,0,0,0,0,0,0,0,,,,2164,60,43,True,ok,False
app.michaelwuensch.bitbanana_79.apk,aperv:mop_off_llm_off,1,300,gh104_02,1,COMPLETED,COMPLETED,,369,270.0,255,8.564602095203087,15.254237288135593,6.238447319778189,26.0,932.0,259,5744,2778,51,25,0,0,0,0,0,0,0,,,,2164,60,43,True,ok,False
app.michaelwuensch.bitbanana_79.apk,aperv:mop_off_llm_off,2,300,gh104_02,1,COMPLETED,COMPLETED,,367,270.0,255,10.13600441095387,23.728813559322035,8.548983364140481,26.0,1103.0,248,5701,2949,54,25,0,0,0,0,0,0,0,,,,2164,60,43,True,ok,False
app.michaelwuensch.bitbanana_79.apk,aperv:mop_off_llm_off,3,300,gh104_02,1,COMPLETED,COMPLETED,,368,270.0,255,10.595478772284507,25.423728813559322,8.364140480591498,26.0,1153.0,262,8180,4500,56,25,0,0,0,0,0,0,0,,,,2164,60,43,True,ok,False
app.michaelwuensch.bitbanana_79.apk,aperv:mop_on_llm_off,1,300,gh104_02,1,COMPLETED,COMPLETED,,368,270.0,255,10.420878514978863,32.20338983050847,9.704251386321626,38.0,1134.0,254,6122,3182,75,36,0,1,0,0,0,1,1,196,crash:java.lang.RuntimeException=1,,2164,60,43,True,ok,False
app.michaelwuensch.bitbanana_79.apk,aperv:mop_on_llm_off,2,300,gh104_02,1,COMPLETED,COMPLETED,,368,270.0,255,6.487777981988605,18.64406779661017,5.730129390018484,36.0,706.0,100,2918,2470,37,34,0,2,0,0,0,2,2,155,crash:java.lang.RuntimeException=2,,2164,60,43,True,ok,False
app.michaelwuensch.bitbanana_79.apk,aperv:mop_on_llm_off,3,300,gh104_02,1,COMPLETED,COMPLETED,,366,270.0,255,9.74085646020952,33.89830508474576,8.641404805914972,36.0,1060.0,276,10451,3147,118,34,0,2,0,0,0,2,2,114,crash:java.lang.RuntimeException=2,,2164,60,43,True,ok,False
app.pachli_50.apk,ape,1,300,gh104_03,1,COMPLETED,COMPLETED,,374,270.0,255,2.850323332685743,7.4074074074074066,2.415511265164645,16.0,1027.0,283,9598,5563,32,14,0,0,0,0,0,0,0,,,,9232,35,31,,ok,False
app.pachli_50.apk,ape,2,300,gh104_03,1,COMPLETED,COMPLETED,,364,270.0,255,2.850323332685743,7.4074074074074066,2.415511265164645,16.0,1027.0,247,19122,5682,56,14,0,0,0,0,0,0,0,,,,9232,35,31,,ok,False
app.pachli_50.apk,ape,3,300,gh104_03,1,COMPLETED,COMPLETED,,366,270.0,255,2.850323332685743,7.4074074074074066,2.415511265164645,16.0,1027.0,241,5849,5638,16,14,0,0,0,0,0,0,0,,,,9232,35,31,,ok,False
app.pachli_50.apk,aperv:mop_off_llm_off,1,300,gh104_03,1,COMPLETED,COMPLETED,,366,270.0,255,2.8475479448252896,7.4074074074074066,2.415511265164645,16.0,1026.0,267,10045,3858,38,14,0,0,0,0,0,0,0,,,,9232,35,31,,ok,False
app.pachli_50.apk,aperv:mop_off_llm_off,2,300,gh104_03,1,COMPLETED,COMPLETED,,367,270.0,255,2.639393855291277,7.4074074074074066,2.133882149046794,11.0,951.0,239,6579,3112,22,9,0,0,0,0,0,0,0,,,,9232,35,31,,ok,False
app.pachli_50.apk,aperv:mop_off_llm_off,3,300,gh104_03,1,COMPLETED,COMPLETED,,369,270.0,255,2.6144153645471953,7.4074074074074066,2.068890814558059,11.0,942.0,230,7408,4799,22,9,0,0,0,0,0,0,0,,,,9232,35,31,,ok,False
app.pachli_50.apk,aperv:mop_on_llm_off,1,300,gh104_03,1,COMPLETED,COMPLETED,,371,270.0,255,4.060392439843468,22.22222222222222,3.552859618717504,16.0,1463.0,241,9892,6358,27,14,0,0,0,0,0,0,0,,,,9232,35,31,,ok,False
app.pachli_50.apk,aperv:mop_on_llm_off,2,300,gh104_03,1,COMPLETED,COMPLETED,,370,270.0,255,3.988232355471677,22.22222222222222,3.422876949740035,11.0,1437.0,252,11266,6310,22,9,0,0,0,0,0,0,0,,,,9232,35,31,,ok,False
app.pachli_50.apk,aperv:mop_on_llm_off,3,300,gh104_03,1,COMPLETED,COMPLETED,,369,270.0,255,4.310177347284283,22.22222222222222,3.7803292894280762,11.0,1553.0,234,10133,6595,22,9,0,0,0,0,0,0,0,,,,9232,35,31,,ok,False
app.plugbrain.android_154.apk,ape,1,300,gh104_04,1,COMPLETED,COMPLETED,,366,270.0,255,43.87402933563417,75.0,96.92307692307692,0.0,1017.0,224,3879,1906,0,0,0,0,0,0,0,0,0,,,,130,6,0,True,ok,False
app.plugbrain.android_154.apk,ape,2,300,gh104_04,1,COMPLETED,COMPLETED,,361,270.0,255,44.47799827437446,75.0,96.92307692307692,0.0,1031.0,230,3776,1919,0,0,0,0,0,0,0,0,0,,,,130,6,0,True,ok,False
app.plugbrain.android_154.apk,ape,3,300,gh104_04,1,COMPLETED,COMPLETED,,361,270.0,255,43.528904227782576,75.0,96.92307692307692,0.0,1009.0,226,4956,1895,0,0,0,0,0,0,0,0,0,,,,130,6,0,True,ok,False
app.plugbrain.android_154.apk,aperv:mop_off_llm_off,1,300,gh104_04,1,COMPLETED,COMPLETED,,363,270.0,255,43.57204486626402,75.0,96.92307692307692,0.0,1010.0,195,5862,1899,0,0,0,0,0,0,0,0,0,,,,130,6,0,True,ok,False
app.plugbrain.android_154.apk,aperv:mop_off_llm_off,2,300,gh104_04,1,COMPLETED,COMPLETED,,365,270.0,255,42.83865401207938,75.0,96.92307692307692,0.0,993.0,161,2207,1879,0,0,0,0,0,0,0,0,0,,,,130,6,0,True,ok,False
app.plugbrain.android_154.apk,aperv:mop_off_llm_off,3,300,gh104_04,1,COMPLETED,COMPLETED,,365,270.0,255,43.097497842968075,75.0,96.92307692307692,0.0,999.0,151,2194,1868,0,0,0,0,0,0,0,0,0,,,,130,6,0,True,ok,False
app.plugbrain.android_154.apk,aperv:mop_on_llm_off,1,300,gh104_04,1,COMPLETED,COMPLETED,,366,270.0,255,42.88179465056083,75.0,96.92307692307692,0.0,994.0,161,3949,1878,0,0,0,0,0,0,0,0,0,,,,130,6,0,True,ok,False
app.plugbrain.android_154.apk,aperv:mop_on_llm_off,2,300,gh104_04,1,COMPLETED,COMPLETED,,358,270.0,255,43.70146678170837,75.0,96.92307692307692,0.0,1013.0,186,5602,1902,0,0,0,0,0,0,0,0,0,,,,130,6,0,True,ok,False
app.plugbrain.android_154.apk,aperv:mop_on_llm_off,3,300,gh104_04,1,COMPLETED,COMPLETED,,358,270.0,255,43.01121656600518,75.0,96.92307692307692,0.0,997.0,178,3990,1884,0,0,0,0,0,0,0,0,0,,,,130,6,0,True,ok,False
app.pwhs.universalinstaller_24.apk,ape,1,300,gh104_05,1,COMPLETED,COMPLETED,,367,270.0,255,36.99253282980002,84.21052631578947,34.63333333333333,0.0,4310.0,234,11414,7283,0,0,0,2,0,0,0,2,2,255,crash:java.lang.RuntimeException=2,,6000,26,8,,ok,False
app.pwhs.universalinstaller_24.apk,ape,2,300,gh104_05,1,COMPLETED,COMPLETED,,362,270.0,255,27.825937687752123,52.63157894736842,25.3,0.0,3242.0,269,10271,5628,0,0,0,0,0,0,0,0,0,,,,6000,26,8,,ok,False
app.pwhs.universalinstaller_24.apk,ape,3,300,gh104_05,1,COMPLETED,COMPLETED,,364,270.0,255,29.731353531885674,63.1578947368421,27.46666666666667,0.0,3464.0,264,9926,5875,0,0,0,0,0,0,0,0,0,,,,6000,26,8,,ok,False
app.pwhs.universalinstaller_24.apk,aperv:mop_off_llm_off,1,300,gh104_05,1,COMPLETED,COMPLETED,,367,270.0,255,26.916144536949616,57.89473684210527,24.233333333333334,0.0,3136.0,241,12966,5339,0,0,0,0,0,0,0,0,0,,,,6000,26,8,,ok,False
app.pwhs.universalinstaller_24.apk,aperv:mop_off_llm_off,2,300,gh104_05,1,COMPLETED,COMPLETED,,366,270.0,255,27.3281263410866,57.89473684210527,24.96666666666667,0.0,3184.0,305,13308,5090,0,0,0,0,0,0,0,0,0,,,,6000,26,8,,ok,False
app.pwhs.universalinstaller_24.apk,aperv:mop_off_llm_off,3,300,gh104_05,1,COMPLETED,COMPLETED,,364,270.0,255,32.02300231739765,63.1578947368421,29.2,0.0,3731.0,278,11044,6190,0,0,0,0,0,0,0,0,0,,,,6000,26,8,,ok,False
app.pwhs.universalinstaller_24.apk,aperv:mop_on_llm_off,1,300,gh104_05,1,COMPLETED,COMPLETED,,366,270.0,255,30.194833061539782,78.94736842105263,28.299999999999997,0.0,3518.0,200,11749,5762,0,0,0,2,0,0,0,2,2,80,crash:java.lang.RuntimeException=2,,6000,26,8,,ok,False
app.pwhs.universalinstaller_24.apk,aperv:mop_on_llm_off,2,300,gh104_05,1,COMPLETED,COMPLETED,,363,270.0,255,28.117758132349152,63.1578947368421,24.516666666666666,0.0,3276.0,150,10689,5989,0,0,0,2,1,0,0,2,3,100,crash:java.lang.RuntimeException=2;anr:com.google.android.apps.nexuslauncher=1,,6000,26,8,,ok,False
app.pwhs.universalinstaller_24.apk,aperv:mop_on_llm_off,3,300,gh104_05,1,COMPLETED,COMPLETED,,360,270.0,255,31.628186421766376,73.68421052631578,29.366666666666667,0.0,3685.0,250,12366,6464,0,0,0,2,0,0,0,2,2,64,crash:java.lang.RuntimeException=2,,6000,26,8,,ok,False
at.techbee.jtx_216000015.apk,ape,1,300,gh104_06,1,COMPLETED,COMPLETED,,380,270.0,255,14.114415278625621,33.33333333333333,11.269656377402445,0.0,3237.0,109,8127,4013,0,0,0,0,1,0,0,1,1,,anr:at.techbee.jtx=1,,10302,10,6,,ok,False
at.techbee.jtx_216000015.apk,ape,2,300,gh104_06,1,COMPLETED,COMPLETED,,365,270.0,255,18.2044126624226,33.33333333333333,15.608619685497963,7.0,4175.0,219,10293,8393,7,5,0,0,0,0,0,0,0,,,,10302,10,6,,ok,False
at.techbee.jtx_216000015.apk,ape,3,300,gh104_06,1,COMPLETED,COMPLETED,,376,270.0,255,15.287346298072729,33.33333333333333,12.589788390603765,0.0,3506.0,160,7416,5052,0,0,0,0,1,0,0,1,1,,anr:at.techbee.jtx=1,,10302,10,6,,ok,False
at.techbee.jtx_216000015.apk,aperv:mop_off_llm_off,1,300,gh104_06,1,COMPLETED,COMPLETED,,372,270.0,255,19.813377518095404,33.33333333333333,16.996699669966997,0.0,4544.0,183,6725,6210,0,0,0,0,0,0,0,0,0,,,,10302,10,6,,ok,False
at.techbee.jtx_216000015.apk,aperv:mop_off_llm_off,2,300,gh104_06,1,COMPLETED,COMPLETED,,369,270.0,255,18.029999127932328,33.33333333333333,15.162104445738692,0.0,4135.0,213,14097,5763,0,0,0,0,1,0,0,1,1,,anr:at.techbee.jtx=1,,10302,10,6,,ok,False
at.techbee.jtx_216000015.apk,aperv:mop_off_llm_off,3,300,gh104_06,1,COMPLETED,COMPLETED,,369,270.0,255,19.120083718496556,33.33333333333333,16.724907784896136,0.0,4385.0,205,8372,5469,0,0,0,0,1,0,0,1,1,,anr:at.techbee.jtx=1,,10302,10,6,,ok,False
at.techbee.jtx_216000015.apk,aperv:mop_on_llm_off,1,300,gh104_06,1,COMPLETED,COMPLETED,,363,270.0,255,18.30906078311677,66.66666666666666,15.492137449039022,0.0,4199.0,152,20428,6025,0,0,0,3,1,0,0,4,4,129,crash:java.lang.RuntimeException=3;anr:at.techbee.jtx=1,,10302,10,6,,ok,False
at.techbee.jtx_216000015.apk,aperv:mop_on_llm_off,2,300,gh104_06,1,COMPLETED,COMPLETED,,373,270.0,255,18.548879393040902,66.66666666666666,16.07454863133372,0.0,4254.0,215,18745,5877,0,0,0,4,0,0,0,4,4,103,crash:java.lang.RuntimeException=4,,10302,10,6,,ok,False
at.techbee.jtx_216000015.apk,aperv:mop_on_llm_off,3,300,gh104_06,1,COMPLETED,COMPLETED,,371,270.0,255,18.8323013865876,100.0,16.38516792855756,0.0,4319.0,151,10302,6128,0,0,0,1,0,0,0,1,1,156,crash:java.lang.RuntimeException=1,,10302,10,6,,ok,False
be.digitalia.fosdem_2300230.apk,ape,1,300,gh104_07,1,COMPLETED,COMPLETED,,371,270.0,255,30.561633843909554,22.22222222222222,36.42857142857142,7.0,1257.0,191,5553,2879,14,5,0,0,0,0,0,0,0,,,,840,9,7,,ok,False
be.digitalia.fosdem_2300230.apk,ape,2,300,gh104_07,1,COMPLETED,COMPLETED,,361,270.0,255,32.19061512278142,33.33333333333333,38.69047619047619,7.0,1324.0,236,7686,2994,21,5,0,0,0,0,0,0,0,,,,840,9,7,,ok,False
be.digitalia.fosdem_2300230.apk,ape,3,300,gh104_07,1,COMPLETED,COMPLETED,,361,270.0,255,32.4337466569414,33.33333333333333,39.76190476190476,7.0,1334.0,262,4058,3018,7,5,0,0,0,0,0,0,0,,,,840,9,7,,ok,False
be.digitalia.fosdem_2300230.apk,aperv:mop_off_llm_off,1,300,gh104_07,1,COMPLETED,COMPLETED,,366,270.0,255,31.77729151470946,33.33333333333333,37.857142857142854,7.0,1307.0,258,6332,2957,14,5,0,0,0,0,0,0,0,,,,840,9,7,,ok,False
be.digitalia.fosdem_2300230.apk,aperv:mop_off_llm_off,2,300,gh104_07,1,COMPLETED,COMPLETED,,363,270.0,255,32.506686117189396,33.33333333333333,39.166666666666664,7.0,1337.0,298,6229,3010,14,5,0,0,0,0,0,0,0,,,,840,9,7,,ok,False
be.digitalia.fosdem_2300230.apk,aperv:mop_off_llm_off,3,300,gh104_07,1,COMPLETED,COMPLETED,,359,270.0,255,32.4337466569414,33.33333333333333,38.69047619047619,7.0,1334.0,295,6415,3026,14,5,0,0,0,0,0,0,0,,,,840,9,7,,ok,False
be.digitalia.fosdem_2300230.apk,aperv:mop_on_llm_off,1,300,gh104_07,1,COMPLETED,COMPLETED,,362,270.0,255,34.816435691709216,77.77777777777779,40.95238095238095,7.0,1432.0,264,13700,3128,35,5,0,3,0,0,0,3,3,85,crash:java.lang.RuntimeException=3,,840,9,7,,ok,False
be.digitalia.fosdem_2300230.apk,aperv:mop_on_llm_off,2,300,gh104_07,1,COMPLETED,COMPLETED,,366,270.0,255,34.67055677121323,77.77777777777779,40.35714285714286,7.0,1426.0,287,12035,3102,28,5,0,3,0,0,0,3,3,87,crash:java.lang.RuntimeException=3,,840,9,7,,ok,False
be.digitalia.fosdem_2300230.apk,aperv:mop_on_llm_off,3,300,gh104_07,1,COMPLETED,COMPLETED,,365,270.0,255,34.719183078045226,77.77777777777779,40.95238095238095,7.0,1428.0,265,13604,3088,35,5,0,3,0,0,0,3,3,79,crash:java.lang.RuntimeException=3,,840,9,7,,ok,False
br.com.colman.petals_3040000.apk,ape,1,300,gh104_00,1,COMPLETED,COMPLETED,,362,270.0,255,48.89659520807062,100.0,49.50124688279301,0.0,1551.0,295,7933,3025,0,0,0,0,0,0,0,0,0,,,,1604,4,2,True,ok,False
br.com.colman.petals_3040000.apk,ape,2,300,gh104_00,1,COMPLETED,COMPLETED,,361,270.0,255,57.72383354350568,100.0,59.03990024937655,0.0,1831.0,338,6190,3622,0,0,0,0,0,0,0,0,0,,,,1604,4,2,True,ok,False
br.com.colman.petals_3040000.apk,ape,3,300,gh104_00,1,COMPLETED,COMPLETED,,361,270.0,255,38.65069356872636,100.0,37.406483790523694,0.0,1226.0,276,3675,2440,0,0,0,0,0,0,0,0,0,,,,1604,4,2,True,ok,False
br.com.colman.petals_3040000.apk,aperv:mop_off_llm_off,1,300,gh104_00,1,COMPLETED,COMPLETED,,362,270.0,255,42.780580075662044,100.0,42.14463840399002,0.0,1357.0,308,4203,2634,0,0,0,0,0,0,0,0,0,,,,1604,4,2,True,ok,False
br.com.colman.petals_3040000.apk,aperv:mop_off_llm_off,2,300,gh104_00,1,COMPLETED,COMPLETED,,364,270.0,255,42.780580075662044,100.0,41.64588528678304,0.0,1357.0,348,7757,2637,0,0,0,0,0,0,0,0,0,,,,1604,4,2,True,ok,False
br.com.colman.petals_3040000.apk,aperv:mop_off_llm_off,3,300,gh104_00,1,COMPLETED,COMPLETED,,359,270.0,255,31.147540983606557,100.0,30.48628428927681,0.0,988.0,264,6755,1810,0,0,0,0,0,0,0,0,0,,,,1604,4,2,True,ok,False
br.com.colman.petals_3040000.apk,aperv:mop_on_llm_off,1,300,gh104_00,1,COMPLETED,COMPLETED,,364,270.0,255,59.9936948297604,100.0,60.16209476309227,0.0,1903.0,313,8479,3716,0,0,0,0,0,0,0,0,0,,,,1604,4,2,True,ok,False
br.com.colman.petals_3040000.apk,aperv:mop_on_llm_off,2,300,gh104_00,1,COMPLETED,COMPLETED,,363,270.0,255,26.89155107187894,100.0,25.06234413965087,0.0,853.0,237,4056,1418,0,0,0,0,0,0,0,0,0,,,,1604,4,2,True,ok,False
br.com.colman.petals_3040000.apk,aperv:mop_on_llm_off,3,300,gh104_00,1,COMPLETED,COMPLETED,,363,270.0,255,48.61286254728878,100.0,50.062344139650875,0.0,1542.0,321,12883,3181,0,0,0,0,0,0,0,0,0,,,,1604,4,2,True,ok,False
cc.sovellus.vrcaa_300007.apk,ape,1,300,gh104_01,1,COMPLETED,COMPLETED,,361,270.0,255,2.011780004589612,40.0,2.4200913242009134,7.0,263.0,250,7605,4506,14,5,0,0,0,0,0,0,0,,,,4380,11,6,,ok,False
cc.sovellus.vrcaa_300007.apk,ape,2,300,gh104_01,1,COMPLETED,COMPLETED,,363,270.0,255,2.011780004589612,40.0,2.4200913242009134,7.0,263.0,280,8664,3170,14,5,0,0,0,0,0,0,0,,,,4380,11,6,,ok,False
cc.sovellus.vrcaa_300007.apk,ape,3,300,gh104_01,1,COMPLETED,COMPLETED,,361,270.0,255,2.103572248145032,40.0,2.5342465753424657,7.0,275.0,294,7966,3127,14,5,0,0,0,0,0,0,0,,,,4380,11,6,,ok,False
cc.sovellus.vrcaa_300007.apk,aperv:mop_off_llm_off,1,300,gh104_01,1,COMPLETED,COMPLETED,,359,270.0,255,2.011780004589612,40.0,2.4200913242009134,7.0,263.0,258,13196,4650,21,5,0,0,1,0,0,1,1,,anr:cc.sovellus.vrcaa.dev=1,,4380,11,6,,ok,False
cc.sovellus.vrcaa_300007.apk,aperv:mop_off_llm_off,2,300,gh104_01,1,COMPLETED,COMPLETED,,364,270.0,255,1.9658838828119023,40.0,2.214611872146119,7.0,257.0,279,8144,4128,14,5,0,0,0,0,0,0,0,,,,4380,11,6,,ok,False
cc.sovellus.vrcaa_300007.apk,aperv:mop_off_llm_off,3,300,gh104_01,1,COMPLETED,COMPLETED,,365,270.0,255,2.0194293582192304,40.0,2.4200913242009134,7.0,264.0,290,6193,4488,7,5,0,0,0,0,0,0,0,,,,4380,11,6,,ok,False
cc.sovellus.vrcaa_300007.apk,aperv:mop_on_llm_off,1,300,gh104_01,1,COMPLETED,COMPLETED,,364,270.0,255,2.3712996251816723,60.0,2.8310502283105023,7.0,310.0,303,5597,3012,7,5,0,0,0,0,0,0,0,,,,4380,11,6,,ok,False
cc.sovellus.vrcaa_300007.apk,aperv:mop_on_llm_off,2,300,gh104_01,1,COMPLETED,COMPLETED,,367,270.0,255,2.4477931614778554,60.0,2.990867579908676,7.0,320.0,271,11524,4421,21,5,0,0,0,0,0,0,0,,,,4380,11,6,,ok,False
cc.sovellus.vrcaa_300007.apk,aperv:mop_on_llm_off,3,300,gh104_01,1,COMPLETED,COMPLETED,,365,270.0,255,2.3712996251816723,60.0,2.922374429223744,7.0,310.0,288,6724,3992,7,5,0,0,0,0,0,0,0,,,,4380,11,6,,ok,False
ch.joshuah.bibleverseapp_8.apk,ape,1,300,gh104_02,2,ERROR/COMPLETED,COMPLETED,,355,270.0,255,60.05917159763313,100.0,68.18181818181817,7,203,259,2304,1504,14,5,0,0,0,0,0,0,0,,,,44,1,0,True,ok,False
ch.joshuah.bibleverseapp_8.apk,ape,2,300,gh104_02,1,COMPLETED,COMPLETED,,365,270.0,255,61.53846153846154,100.0,70.45454545454545,7.0,208.0,238,3420,1516,14,5,0,0,0,0,0,0,0,,,,44,1,0,True,ok,False
ch.joshuah.bibleverseapp_8.apk,ape,3,300,gh104_02,1,COMPLETED,COMPLETED,,362,270.0,255,61.53846153846154,100.0,70.45454545454545,7.0,208.0,290,3187,1530,14,5,0,0,0,0,0,0,0,,,,44,1,0,True,ok,False
ch.joshuah.bibleverseapp_8.apk,aperv:mop_off_llm_off,1,300,gh104_02,1,COMPLETED,COMPLETED,,367,270.0,255,61.53846153846154,100.0,70.45454545454545,7.0,208.0,331,3585,1533,14,5,0,0,0,0,0,0,0,,,,44,1,0,True,ok,False
ch.joshuah.bibleverseapp_8.apk,aperv:mop_off_llm_off,2,300,gh104_02,1,COMPLETED,COMPLETED,,363,270.0,255,61.53846153846154,100.0,70.45454545454545,7.0,208.0,316,2631,1557,14,5,0,0,0,0,0,0,0,,,,44,1,0,True,ok,False
ch.joshuah.bibleverseapp_8.apk,aperv:mop_off_llm_off,3,300,gh104_02,1,COMPLETED,COMPLETED,,361,270.0,255,61.53846153846154,100.0,70.45454545454545,7.0,208.0,326,3023,1538,14,5,0,0,0,0,0,0,0,,,,44,1,0,True,ok,False
ch.joshuah.bibleverseapp_8.apk,aperv:mop_on_llm_off,1,300,gh104_02,1,COMPLETED,COMPLETED,,364,270.0,255,60.05917159763313,100.0,68.18181818181817,7.0,203.0,333,3531,1502,14,5,0,0,0,0,0,0,0,,,,44,1,0,True,ok,False
ch.joshuah.bibleverseapp_8.apk,aperv:mop_on_llm_off,2,300,gh104_02,1,COMPLETED,COMPLETED,,358,270.0,255,61.53846153846154,100.0,70.45454545454545,7.0,208.0,402,4877,1536,28,5,0,1,0,0,0,1,1,223,crash:java.lang.IllegalStateException=1,,44,1,0,True,ok,False
ch.joshuah.bibleverseapp_8.apk,aperv:mop_on_llm_off,3,300,gh104_02,1,COMPLETED,COMPLETED,,362,270.0,255,61.53846153846154,100.0,70.45454545454545,7.0,208.0,331,5347,1516,28,5,0,2,0,0,0,2,2,8,crash:java.lang.IllegalStateException=2,,44,1,0,True,ok,False
ch.rmy.android.http_shortcuts_1104060001.apk,ape,1,300,gh104_03,1,COMPLETED,COMPLETED,,365,270.0,255,21.485191102371882,20.0,22.462655312020104,18.0,6993.0,231,12776,8564,18,14,0,0,0,0,0,0,0,,,,7163,14,7,,ok,False
ch.rmy.android.http_shortcuts_1104060001.apk,ape,2,300,gh104_03,1,COMPLETED,COMPLETED,,364,270.0,255,20.388349514563107,30.0,21.485411140583555,18.0,6636.0,251,15031,8054,36,14,0,0,0,0,0,0,0,,,,7163,14,7,,ok,False
ch.rmy.android.http_shortcuts_1104060001.apk,ape,3,300,gh104_03,1,COMPLETED,COMPLETED,,370,270.0,255,16.7752242841342,10.0,18.83289124668435,18.0,5460.0,240,7218,7029,18,14,0,0,0,0,0,0,0,,,,7163,14,7,,ok,False
ch.rmy.android.http_shortcuts_1104060001.apk,aperv:mop_off_llm_off,1,300,gh104_03,1,COMPLETED,COMPLETED,,369,270.0,255,20.69866043996559,20.0,23.64930894876448,18.0,6737.0,235,14836,8332,36,14,0,0,0,0,0,0,0,,,,7163,14,7,,ok,False
ch.rmy.android.http_shortcuts_1104060001.apk,aperv:mop_off_llm_off,2,300,gh104_03,1,COMPLETED,COMPLETED,,322,270.0,255,7.619515792060956,10.0,7.399134440876727,0.0,2480.0,180,6107,2773,0,0,0,0,0,0,0,0,0,,,,7163,14,7,,ok,False
ch.rmy.android.http_shortcuts_1104060001.apk,aperv:mop_off_llm_off,3,300,gh104_03,1,COMPLETED,COMPLETED,,365,270.0,255,17.991888902543934,10.0,20.982828423844758,22.0,5856.0,247,18760,9717,42,18,0,0,0,0,0,0,0,,,,7163,14,7,,ok,False
ch.rmy.android.http_shortcuts_1104060001.apk,aperv:mop_on_llm_off,1,300,gh104_03,1,COMPLETED,COMPLETED,,367,270.0,255,13.039203637704313,50.0,14.211922378891526,18.0,4244.0,254,8849,5700,18,14,0,0,0,0,0,0,0,,,,7163,14,7,,ok,False
ch.rmy.android.http_shortcuts_1104060001.apk,aperv:mop_on_llm_off,2,300,gh104_03,1,COMPLETED,COMPLETED,,366,270.0,255,14.870345336118962,50.0,16.194331983805668,22.0,4840.0,266,10827,7741,22,18,0,0,0,0,0,0,0,,,,7163,14,7,,ok,False
ch.rmy.android.http_shortcuts_1104060001.apk,aperv:mop_on_llm_off,3,300,gh104_03,1,COMPLETED,COMPLETED,,335,270.0,255,9.002089222072017,40.0,8.906882591093117,0.0,2930.0,219,6382,3252,0,0,0,0,0,0,0,0,0,,,,7163,14,7,,ok,False
co.epitre.aelf_lectures_86.apk,ape,1,300,gh104_04,1,COMPLETED,COMPLETED,,360,270.0,255,70.76923076923077,100.0,85.48387096774194,12.0,506.0,280,11455,2075,72,10,0,0,0,0,0,0,0,,,,62,3,2,True,ok,False
co.epitre.aelf_lectures_86.apk,ape,2,300,gh104_04,1,COMPLETED,COMPLETED,,359,270.0,255,49.93006993006993,100.0,59.67741935483871,12.0,357.0,290,10719,1864,84,10,0,0,0,0,0,0,0,,,,62,3,2,True,ok,False
co.epitre.aelf_lectures_86.apk,ape,3,300,gh104_04,1,COMPLETED,COMPLETED,,360,270.0,255,65.87412587412588,100.0,83.87096774193549,12.0,471.0,224,10691,2049,72,10,0,0,0,0,0,0,0,,,,62,3,2,True,ok,False
co.epitre.aelf_lectures_86.apk,aperv:mop_off_llm_off,1,300,gh104_04,1,COMPLETED,COMPLETED,,358,270.0,255,67.55244755244755,100.0,70.96774193548387,12.0,483.0,291,8220,2040,72,10,0,0,0,0,0,0,0,,,,62,3,2,True,ok,False
co.epitre.aelf_lectures_86.apk,aperv:mop_off_llm_off,2,300,gh104_04,1,COMPLETED,COMPLETED,,357,270.0,255,65.73426573426573,66.66666666666666,66.12903225806451,12.0,470.0,282,4439,2005,24,10,0,0,0,0,0,0,0,,,,62,3,2,True,ok,False
co.epitre.aelf_lectures_86.apk,aperv:mop_off_llm_off,3,300,gh104_04,1,COMPLETED,COMPLETED,,362,270.0,255,65.03496503496503,100.0,74.19354838709677,12.0,465.0,297,8992,2006,60,10,0,0,0,0,0,0,0,,,,62,3,2,True,ok,False
co.epitre.aelf_lectures_86.apk,aperv:mop_on_llm_off,1,300,gh104_04,1,COMPLETED,COMPLETED,,366,270.0,255,70.4895104895105,100.0,80.64516129032258,12.0,504.0,302,10029,2056,60,10,0,0,0,0,0,0,0,,,,62,3,2,True,ok,False
co.epitre.aelf_lectures_86.apk,aperv:mop_on_llm_off,2,300,gh104_04,1,COMPLETED,COMPLETED,,363,270.0,255,66.15384615384615,100.0,85.48387096774194,12.0,473.0,309,8796,2058,60,10,0,0,0,0,0,0,0,,,,62,3,2,True,ok,False
co.epitre.aelf_lectures_86.apk,aperv:mop_on_llm_off,3,300,gh104_04,1,COMPLETED,COMPLETED,,359,270.0,255,75.24475524475524,100.0,88.70967741935483,12.0,538.0,342,7278,2122,48,10,0,0,0,0,0,0,0,,,,62,3,2,True,ok,False
com.a4a.g8invoicing_50.apk,ape,1,300,gh104_05,1,COMPLETED,COMPLETED,,364,270.0,255,42.55599472990777,100.0,38.24074074074074,0.0,4522.0,292,11022,8087,0,0,0,0,0,0,0,0,0,,,,4320,3,2,True,ok,False
com.a4a.g8invoicing_50.apk,ape,2,300,gh104_05,1,COMPLETED,COMPLETED,,357,270.0,255,43.21475625823452,100.0,39.88425925925926,0.0,4592.0,319,12551,8191,0,0,0,0,0,0,0,0,0,,,,4320,3,2,True,ok,False
com.a4a.g8invoicing_50.apk,ape,3,300,gh104_05,1,COMPLETED,COMPLETED,,366,270.0,255,40.758516845473366,100.0,36.62037037037037,0.0,4331.0,281,11588,7921,0,0,0,0,0,0,0,0,0,,,,4320,3,2,True,ok,False
com.a4a.g8invoicing_50.apk,aperv:mop_off_llm_off,1,300,gh104_05,1,COMPLETED,COMPLETED,,366,270.0,255,17.993600602296254,100.0,15.949074074074074,0.0,1912.0,471,7337,3388,0,0,0,0,0,0,0,0,0,,,,4320,3,2,True,ok,False
com.a4a.g8invoicing_50.apk,aperv:mop_off_llm_off,2,300,gh104_05,1,COMPLETED,COMPLETED,,367,270.0,255,22.24731789949181,100.0,19.02777777777778,0.0,2364.0,433,10886,3846,0,0,0,0,0,0,0,0,0,,,,4320,3,2,True,ok,False
com.a4a.g8invoicing_50.apk,aperv:mop_off_llm_off,3,300,gh104_05,1,COMPLETED,COMPLETED,,371,270.0,255,27.23508375682289,100.0,23.703703703703706,0.0,2894.0,426,14808,4618,0,0,0,0,0,0,0,0,0,,,,4320,3,2,True,ok,False
com.a4a.g8invoicing_50.apk,aperv:mop_on_llm_off,1,300,gh104_05,1,COMPLETED,COMPLETED,,367,270.0,255,39.42217203086768,100.0,36.50462962962963,0.0,4189.0,297,14610,7961,0,0,0,0,0,0,0,0,0,,,,4320,3,2,True,ok,False
com.a4a.g8invoicing_50.apk,aperv:mop_on_llm_off,2,300,gh104_05,1,COMPLETED,COMPLETED,,366,270.0,255,41.47374364765669,100.0,37.56944444444444,0.0,4407.0,278,11037,7918,0,0,0,0,0,0,0,0,0,,,,4320,3,2,True,ok,False
com.a4a.g8invoicing_50.apk,aperv:mop_on_llm_off,3,300,gh104_05,1,COMPLETED,COMPLETED,,364,270.0,255,33.18275926971579,100.0,30.39351851851852,0.0,3526.0,286,8839,5678,0,0,0,0,0,0,0,0,0,,,,4320,3,2,True,ok,False
com.absinthe.libchecker_2671.apk,ape,1,300,gh104_06,1,COMPLETED,COMPLETED,,363,270.0,255,29.270633397312864,27.27272727272727,31.48148148148148,17.0,3050.0,161,8359,8107,17,15,0,0,0,0,0,0,0,,,,3132,15,13,,ok,False
com.absinthe.libchecker_2671.apk,ape,2,300,gh104_06,1,COMPLETED,COMPLETED,,365,270.0,255,27.437619961612285,18.181818181818183,29.278416347381864,17.0,2859.0,199,10819,6857,29,15,0,0,0,0,0,0,0,,,,3132,15,13,,ok,False
com.absinthe.libchecker_2671.apk,ape,3,300,gh104_06,1,COMPLETED,COMPLETED,,360,270.0,255,12.370441458733206,9.090909090909092,12.611749680715198,17.0,1289.0,178,12580,7164,32,15,0,0,0,0,0,0,0,,,,3132,15,13,,ok,False
com.absinthe.libchecker_2671.apk,aperv:mop_off_llm_off,1,300,gh104_06,1,COMPLETED,COMPLETED,,368,270.0,255,34.6257197696737,63.63636363636363,36.71775223499362,17.0,3608.0,271,15022,9848,22,15,0,0,0,0,0,0,0,,,,3132,15,13,,ok,False
com.absinthe.libchecker_2671.apk,aperv:mop_off_llm_off,2,300,gh104_06,1,COMPLETED,COMPLETED,,365,270.0,255,29.846449136276394,45.45454545454545,31.57726692209451,17.0,3110.0,220,16799,8462,32,15,0,0,0,0,0,0,0,,,,3132,15,13,,ok,False
com.absinthe.libchecker_2671.apk,aperv:mop_off_llm_off,3,300,gh104_06,1,COMPLETED,COMPLETED,,371,270.0,255,31.650671785028788,63.63636363636363,32.95019157088122,17.0,3298.0,211,15150,8118,32,15,0,0,0,0,0,0,0,,,,3132,15,13,,ok,False
com.absinthe.libchecker_2671.apk,aperv:mop_on_llm_off,1,300,gh104_06,1,COMPLETED,COMPLETED,,366,270.0,255,32.12092130518234,36.36363636363637,33.71647509578544,12.0,3347.0,192,12639,7968,24,10,0,0,0,0,0,0,0,,,,3132,15,13,,ok,False
com.absinthe.libchecker_2671.apk,aperv:mop_on_llm_off,2,300,gh104_06,1,COMPLETED,COMPLETED,,369,270.0,255,30.614203454894433,45.45454545454545,31.960408684546614,17.0,3190.0,135,19367,6989,46,15,0,0,2,0,0,2,2,,anr:com.absinthe.libchecker.debug=2,,3132,15,13,,ok,False
com.absinthe.libchecker_2671.apk,aperv:mop_on_llm_off,3,300,gh104_06,1,COMPLETED,COMPLETED,,367,270.0,255,35.575815738963534,54.54545454545454,36.52618135376756,12.0,3707.0,251,10758,10262,12,10,0,0,0,0,0,0,0,,,,3132,15,13,,ok,False
com.afkanerd.deku_83.apk,ape,1,300,gh104_07,1,COMPLETED,COMPLETED,,357,270.0,255,12.965455361148498,50.0,5.234159779614325,24.0,289.0,316,3103,1507,42,25,0,0,0,0,0,0,0,,,,1089,7,2,True,ok,False
com.afkanerd.deku_83.apk,ape,2,300,gh104_07,1,COMPLETED,COMPLETED,,360,270.0,255,30.327501121579182,100.0,25.803489439853077,24.0,676.0,305,6641,1910,88,25,0,2,0,0,0,2,2,106,crash:java.lang.NumberFormatException=2,,1089,7,2,True,ok,False
com.afkanerd.deku_83.apk,ape,3,300,gh104_07,1,COMPLETED,COMPLETED,,356,270.0,255,24.001794526693583,100.0,16.528925619834713,18.0,535.0,335,3297,1774,38,19,0,0,0,0,0,0,0,,,,1089,7,2,True,ok,False
com.afkanerd.deku_83.apk,aperv:mop_off_llm_off,1,300,gh104_07,1,COMPLETED,COMPLETED,,359,270.0,255,24.001794526693583,100.0,16.528925619834713,24.0,535.0,571,5481,1778,61,25,0,0,0,0,0,0,0,,,,1089,7,2,True,ok,False
com.afkanerd.deku_83.apk,aperv:mop_off_llm_off,2,300,gh104_07,1,COMPLETED,COMPLETED,,363,270.0,255,26.33467922835352,100.0,21.028466483011936,24.0,587.0,491,7293,1837,84,25,0,1,0,0,0,1,1,92,crash:java.lang.NumberFormatException=1,,1089,7,2,True,ok,False
com.afkanerd.deku_83.apk,aperv:mop_off_llm_off,3,300,gh104_07,1,COMPLETED,COMPLETED,,368,270.0,255,30.73126962763571,100.0,26.078971533516988,24.0,685.0,355,5382,1917,65,25,0,1,0,0,0,1,1,140,crash:java.lang.NumberFormatException=1,,1089,7,2,True,ok,False
com.afkanerd.deku_83.apk,aperv:mop_on_llm_off,1,300,gh104_07,1,COMPLETED,COMPLETED,,366,270.0,255,41.58815612382234,100.0,36.54729109274564,24.0,927.0,347,3940,2133,42,25,0,0,0,0,0,0,0,,,,1089,7,2,True,ok,False
com.afkanerd.deku_83.apk,aperv:mop_on_llm_off,2,300,gh104_07,1,COMPLETED,COMPLETED,,366,270.0,255,23.867205024674742,100.0,16.2534435261708,24.0,532.0,505,5315,1772,65,25,0,0,0,0,0,0,0,,,,1089,7,2,True,ok,False
com.afkanerd.deku_83.apk,aperv:mop_on_llm_off,3,300,gh104_07,1,COMPLETED,COMPLETED,,364,270.0,255,23.867205024674742,100.0,16.2534435261708,24.0,532.0,420,3934,1775,42,25,0,0,0,0,0,0,0,,,,1089,7,2,True,ok,False
com.antony.muzei.pixiv_327.apk,ape,1,300,gh104_00,1,COMPLETED,COMPLETED,,361,270.0,255,42.29299363057325,100.0,44.26229508196721,7.0,332.0,316,5420,3217,14,5,0,0,0,0,0,0,0,,,,61,2,2,True,ok,False
com.antony.muzei.pixiv_327.apk,ape,2,300,gh104_00,1,COMPLETED,COMPLETED,,360,270.0,255,40.63694267515924,100.0,49.18032786885246,7.0,319.0,329,5368,3128,14,5,0,0,0,0,0,0,0,,,,61,2,2,True,ok,False
com.antony.muzei.pixiv_327.apk,ape,3,300,gh104_00,1,COMPLETED,COMPLETED,,354,270.0,255,41.146496815286625,100.0,49.18032786885246,7.0,323.0,321,7789,3503,14,5,0,0,0,0,0,0,0,,,,61,2,2,True,ok,False
com.antony.muzei.pixiv_327.apk,aperv:mop_off_llm_off,1,300,gh104_00,1,COMPLETED,COMPLETED,,366,270.0,255,42.29299363057325,100.0,49.18032786885246,7.0,332.0,312,6276,3198,14,5,0,0,0,0,0,0,0,,,,61,2,2,True,ok,False
com.antony.muzei.pixiv_327.apk,aperv:mop_off_llm_off,2,300,gh104_00,1,COMPLETED,COMPLETED,,355,270.0,255,41.27388535031847,100.0,39.34426229508197,7.0,324.0,319,7072,3502,14,5,0,0,0,0,0,0,0,,,,61,2,2,True,ok,False
com.antony.muzei.pixiv_327.apk,aperv:mop_off_llm_off,3,300,gh104_00,1,COMPLETED,COMPLETED,,358,270.0,255,42.29299363057325,100.0,49.18032786885246,7.0,332.0,334,6903,3567,14,5,0,0,0,0,0,0,0,,,,61,2,2,True,ok,False
com.antony.muzei.pixiv_327.apk,aperv:mop_on_llm_off,1,300,gh104_00,1,COMPLETED,COMPLETED,,362,270.0,255,40.50955414012739,100.0,42.62295081967213,7.0,318.0,320,6748,3298,14,5,0,0,0,0,0,0,0,,,,61,2,2,True,ok,False
com.antony.muzei.pixiv_327.apk,aperv:mop_on_llm_off,2,300,gh104_00,1,COMPLETED,COMPLETED,,363,270.0,255,40.76433121019109,100.0,49.18032786885246,7.0,320.0,357,7919,3515,14,5,0,0,0,0,0,0,0,,,,61,2,2,True,ok,False
com.antony.muzei.pixiv_327.apk,aperv:mop_on_llm_off,3,300,gh104_00,1,COMPLETED,COMPLETED,,363,270.0,255,40.89171974522293,100.0,42.62295081967213,7.0,321.0,305,5226,3311,7,5,0,1,0,0,0,1,1,128,crash:android.database.sqlite.SQLiteConstraintException=1,,61,2,2,True,ok,False
com.apps.adrcotfas.goodtime_348.apk,ape,1,300,gh104_01,1,COMPLETED,COMPLETED,,364,270.0,255,49.55161418891989,100.0,50.449138140325324,0.0,4973.0,269,21038,10090,0,0,0,1,0,0,0,1,1,231,crash:org.jetbrains.compose.resources.MissingResourceException=1,,4119,4,3,True,ok,False
com.apps.adrcotfas.goodtime_348.apk,ape,2,300,gh104_01,1,COMPLETED,COMPLETED,,362,270.0,255,49.53168593064966,100.0,49.817916970138384,0.0,4971.0,309,13684,9840,0,0,0,0,0,0,0,0,0,,,,4119,4,3,True,ok,False
com.apps.adrcotfas.goodtime_348.apk,ape,3,300,gh104_01,1,COMPLETED,COMPLETED,,362,270.0,255,40.9127142287764,100.0,41.29643117261471,0.0,4106.0,309,14207,8641,0,0,0,0,0,0,0,0,0,,,,4119,4,3,True,ok,False
com.apps.adrcotfas.goodtime_348.apk,aperv:mop_off_llm_off,1,300,gh104_01,1,COMPLETED,COMPLETED,,366,270.0,255,28.2283778397768,100.0,26.268511774702596,0.0,2833.0,45,7197,7007,0,0,0,0,0,0,0,0,0,,,,4119,4,3,True,ok,False
com.apps.adrcotfas.goodtime_348.apk,aperv:mop_off_llm_off,2,300,gh104_01,1,COMPLETED,COMPLETED,,364,270.0,255,49.98007174172977,100.0,49.76936149550862,0.0,5016.0,339,17794,9876,0,0,0,0,0,0,0,0,0,,,,4119,4,3,True,ok,False
com.apps.adrcotfas.goodtime_348.apk,aperv:mop_off_llm_off,3,300,gh104_01,1,COMPLETED,COMPLETED,,362,270.0,255,48.734555599840576,100.0,49.64797280893421,0.0,4891.0,357,15776,9666,0,0,0,0,0,0,0,0,0,,,,4119,4,3,True,ok,False
com.apps.adrcotfas.goodtime_348.apk,aperv:mop_on_llm_off,1,300,gh104_01,1,COMPLETED,COMPLETED,,366,270.0,255,48.28616978876046,100.0,48.7011410536538,0.0,4846.0,271,17683,9686,0,0,0,0,0,0,0,0,0,,,,4119,4,3,True,ok,False
com.apps.adrcotfas.goodtime_348.apk,aperv:mop_on_llm_off,2,300,gh104_01,1,COMPLETED,COMPLETED,,362,270.0,255,47.289756875249104,100.0,47.29303228939063,0.0,4746.0,339,19102,9491,0,0,0,0,0,0,0,0,0,,,,4119,4,3,True,ok,False
com.apps.adrcotfas.goodtime_348.apk,aperv:mop_on_llm_off,3,300,gh104_01,1,COMPLETED,COMPLETED,,366,270.0,255,44.390195296931054,100.0,42.53459577567371,0.0,4455.0,329,24571,9205,0,0,0,0,0,0,0,0,0,,,,4119,4,3,True,ok,False
com.arslan.shizuwall_40.apk,ape,1,300,gh104_02,1,COMPLETED,COMPLETED,,362,270.0,255,24.68103827540695,85.71428571428571,13.0374479889043,0.0,561.0,300,937,621,0,0,0,0,0,0,0,0,0,,,,721,7,7,,ok,False
com.arslan.shizuwall_40.apk,ape,2,300,gh104_02,1,COMPLETED,COMPLETED,,364,270.0,255,19.66564012318522,57.14285714285714,11.234396671289876,0.0,447.0,288,847,469,0,0,0,0,0,0,0,0,0,,,,721,7,7,,ok,False
com.arslan.shizuwall_40.apk,ape,3,300,gh104_02,1,COMPLETED,COMPLETED,,364,270.0,255,4.179498460184778,42.857142857142854,1.6643550624133148,0.0,95.0,284,410,110,0,0,0,0,0,0,0,0,0,,,,721,7,7,,ok,False
com.arslan.shizuwall_40.apk,aperv:mop_off_llm_off,1,300,gh104_02,1,COMPLETED,COMPLETED,,365,270.0,255,22.877254729432465,85.71428571428571,12.205270457697642,0.0,520.0,314,1845,557,0,0,0,0,0,0,0,0,0,,,,721,7,7,,ok,False
com.arslan.shizuwall_40.apk,aperv:mop_off_llm_off,2,300,gh104_02,2,ERROR/COMPLETED,COMPLETED,,358,270.0,255,26.48482182138143,85.71428571428571,14.840499306518723,0,602,363,1918,639,0,0,0,0,0,0,0,0,0,,,,721,7,7,,ok,False
com.arslan.shizuwall_40.apk,aperv:mop_off_llm_off,3,300,gh104_02,1,COMPLETED,COMPLETED,,363,270.0,255,24.065112186537615,71.42857142857143,14.147018030513175,0.0,547.0,257,1790,582,0,0,0,0,1,0,0,0,1,,anr:com.google.android.googlequicksearchbox=1,,721,7,7,,ok,False
com.arslan.shizuwall_40.apk,aperv:mop_on_llm_off,1,300,gh104_02,1,COMPLETED,COMPLETED,,372,270.0,255,29.608446986361635,100.0,16.78224687933426,0.0,673.0,320,1834,733,0,0,0,0,0,0,0,0,0,,,,721,7,7,,ok,False
com.arslan.shizuwall_40.apk,aperv:mop_on_llm_off,2,300,gh104_02,1,COMPLETED,COMPLETED,,369,270.0,255,32.336119665640126,100.0,18.307905686546462,0.0,735.0,346,2275,798,0,0,0,0,0,0,0,0,0,,,,721,7,7,,ok,False
com.arslan.shizuwall_40.apk,aperv:mop_on_llm_off,3,300,gh104_02,1,COMPLETED,COMPLETED,,364,270.0,255,30.004399472063355,100.0,16.920943134535367,0.0,682.0,322,1786,742,0,0,0,0,0,0,0,0,0,,,,721,7,7,,ok,False
com.beemdevelopment.aegis_81.apk,ape,1,300,gh104_03,1,COMPLETED,COMPLETED,,361,270.0,255,8.649924876582958,14.285714285714285,4.519774011299435,0.0,403.0,607,3434,1060,0,0,0,0,0,0,0,0,0,,,,1062,15,9,,ok,False
com.beemdevelopment.aegis_81.apk,ape,2,300,gh104_03,1,COMPLETED,COMPLETED,,360,270.0,255,8.692852543464264,14.285714285714285,4.613935969868174,0.0,405.0,580,2796,1065,0,0,0,0,0,0,0,0,0,,,,1062,15,9,,ok,False
com.beemdevelopment.aegis_81.apk,ape,3,300,gh104_03,1,COMPLETED,COMPLETED,,361,270.0,255,24.168276454174716,42.857142857142854,19.2090395480226,0.0,1126.0,309,3145,1777,0,0,0,0,0,0,0,0,0,,,,1062,15,9,,ok,False
com.beemdevelopment.aegis_81.apk,aperv:mop_off_llm_off,1,300,gh104_03,1,COMPLETED,COMPLETED,,363,270.0,255,18.737926593689632,42.857142857142854,13.182674199623351,0.0,873.0,365,3851,2052,0,0,0,0,0,0,0,0,0,,,,1062,15,9,,ok,False
com.beemdevelopment.aegis_81.apk,aperv:mop_off_llm_off,2,300,gh104_03,1,COMPLETED,COMPLETED,,359,270.0,255,22.708735780210347,35.714285714285715,15.725047080979285,0.0,1058.0,288,4001,2232,0,0,0,0,0,0,0,0,0,,,,1062,15,9,,ok,False
com.beemdevelopment.aegis_81.apk,aperv:mop_off_llm_off,3,300,gh104_03,1,COMPLETED,COMPLETED,,368,270.0,255,23.138012449023396,50.0,18.832391713747647,2.0,1078.0,268,4074,2326,2,2,0,0,0,0,0,0,0,,,,1062,15,9,,ok,False
com.beemdevelopment.aegis_81.apk,aperv:mop_on_llm_off,1,300,gh104_03,1,COMPLETED,COMPLETED,,363,270.0,255,24.64048078986907,71.42857142857143,21.468926553672315,5.0,1148.0,262,6546,2875,14,5,0,3,0,0,0,3,3,185,crash:java.lang.RuntimeException=2;crash:java.lang.NullPointerException=1,,1062,15,9,,ok,False
com.beemdevelopment.aegis_81.apk,aperv:mop_on_llm_off,2,300,gh104_03,1,COMPLETED,COMPLETED,,364,270.0,255,22.15067611075338,57.14285714285714,18.361581920903955,5.0,1032.0,221,4802,2375,10,5,0,2,0,0,0,2,2,188,crash:java.lang.RuntimeException=2,,1062,15,9,,ok,False
com.beemdevelopment.aegis_81.apk,aperv:mop_on_llm_off,3,300,gh104_03,1,COMPLETED,COMPLETED,,365,270.0,255,14.380768405237177,57.14285714285714,9.227871939736348,0.0,670.0,319,6876,1805,0,0,0,5,0,0,0,5,5,157,crash:java.lang.RuntimeException=4;crash:java.lang.IllegalStateException=1,,1062,15,9,,ok,False
com.blacksquircle.ui_10028.apk,ape,1,300,gh104_04,1,COMPLETED,COMPLETED,,363,270.0,255,31.585038986354775,100.0,27.262464722483536,0.0,5185.0,416,8422,5606,0,0,0,0,0,0,0,0,0,,,,5315,5,3,,ok,False
com.blacksquircle.ui_10028.apk,ape,2,300,gh104_04,1,COMPLETED,COMPLETED,,361,270.0,255,33.36379142300195,100.0,28.805268109125116,0.0,5477.0,424,8567,5907,0,0,0,0,0,0,0,0,0,,,,5315,5,3,,ok,False
com.blacksquircle.ui_10028.apk,ape,3,300,gh104_04,1,COMPLETED,COMPLETED,,366,270.0,255,24.305555555555554,100.0,20.52681091251176,0.0,3990.0,334,8203,4412,0,0,0,0,0,0,0,0,0,,,,5315,5,3,,ok,False
com.blacksquircle.ui_10028.apk,aperv:mop_off_llm_off,1,300,gh104_04,1,COMPLETED,COMPLETED,,365,270.0,255,29.452972709551656,100.0,25.851364063969896,0.0,4835.0,298,8346,5192,0,0,0,0,0,0,0,0,0,,,,5315,5,3,,ok,False
com.blacksquircle.ui_10028.apk,aperv:mop_off_llm_off,2,300,gh104_04,1,COMPLETED,COMPLETED,,362,270.0,255,32.38304093567251,100.0,28.391345249294446,0.0,5316.0,336,9600,5664,0,0,0,0,0,0,0,0,0,,,,5315,5,3,,ok,False
com.blacksquircle.ui_10028.apk,aperv:mop_off_llm_off,3,300,gh104_04,1,COMPLETED,COMPLETED,,366,270.0,255,33.04093567251462,100.0,29.53904045155221,0.0,5424.0,367,12351,5789,0,0,0,0,0,0,0,0,0,,,,5315,5,3,,ok,False
com.blacksquircle.ui_10028.apk,aperv:mop_on_llm_off,1,300,gh104_04,1,COMPLETED,COMPLETED,,367,270.0,255,30.214424951267056,100.0,26.754468485418627,0.0,4960.0,350,11520,5304,0,0,0,0,0,0,0,0,0,,,,5315,5,3,,ok,False
com.blacksquircle.ui_10028.apk,aperv:mop_on_llm_off,2,300,gh104_04,1,COMPLETED,COMPLETED,,366,270.0,255,25.079191033138404,100.0,21.241768579492003,0.0,4117.0,398,10583,4482,0,0,0,0,0,0,0,0,0,,,,5315,5,3,,ok,False
com.blacksquircle.ui_10028.apk,aperv:mop_on_llm_off,3,300,gh104_04,1,COMPLETED,COMPLETED,,368,270.0,255,30.372807017543856,100.0,27.111947318908747,0.0,4986.0,367,8968,5338,0,0,0,0,0,0,0,0,0,,,,5315,5,3,,ok,False
com.celzero.bravedns_619.apk,ape,1,300,gh104_05,1,COMPLETED,COMPLETED,,360,270.0,255,17.11653938086632,28.57142857142857,15.874945722970038,9.0,5872.0,343,10951,7811,9,7,0,0,0,0,0,0,0,,,,11515,43,40,,ok,False
com.celzero.bravedns_619.apk,ape,2,300,gh104_05,1,COMPLETED,COMPLETED,,367,270.0,255,13.834314697137525,16.666666666666664,12.140686061658707,9.0,4746.0,346,9461,6756,9,7,0,0,0,0,0,0,0,,,,11515,43,40,,ok,False
com.celzero.bravedns_619.apk,ape,3,300,gh104_05,1,COMPLETED,COMPLETED,,367,270.0,255,10.875648574593367,14.285714285714285,8.979591836734693,2.0,3731.0,212,5086,4903,2,2,0,0,0,0,0,0,0,,,,11515,43,40,,ok,False
com.celzero.bravedns_619.apk,aperv:mop_off_llm_off,1,300,gh104_05,1,COMPLETED,COMPLETED,,370,270.0,255,14.189937620241357,23.809523809523807,12.297003907946156,9.0,4868.0,306,9711,6626,9,7,0,0,0,0,0,0,0,,,,11515,43,40,,ok,False
com.celzero.bravedns_619.apk,aperv:mop_off_llm_off,2,300,gh104_05,1,COMPLETED,COMPLETED,,368,270.0,255,14.402728385705124,19.047619047619047,12.19279201042119,9.0,4941.0,342,14769,7287,16,7,0,0,0,0,0,0,0,,,,11515,43,40,,ok,False
com.celzero.bravedns_619.apk,aperv:mop_off_llm_off,3,300,gh104_05,1,COMPLETED,COMPLETED,,368,270.0,255,11.397423191278493,19.047619047619047,10.230134607034302,2.0,3910.0,340,8316,5318,2,2,0,0,0,0,0,0,0,,,,11515,43,40,,ok,False
com.celzero.bravedns_619.apk,aperv:mop_on_llm_off,1,300,gh104_05,1,COMPLETED,COMPLETED,,367,270.0,255,12.59546435025943,30.952380952380953,10.447242726877985,2.0,4321.0,256,7854,4936,2,2,0,0,0,0,0,0,0,,,,11515,43,40,,ok,False
com.celzero.bravedns_619.apk,aperv:mop_on_llm_off,2,300,gh104_05,1,COMPLETED,COMPLETED,,370,270.0,255,14.545560543345188,33.33333333333333,12.262266608771167,2.0,4990.0,331,11430,5811,2,2,0,0,0,0,0,0,0,,,,11515,43,40,,ok,False
com.celzero.bravedns_619.apk,aperv:mop_on_llm_off,3,300,gh104_05,1,COMPLETED,COMPLETED,,367,270.0,255,14.315280125925495,35.714285714285715,12.340425531914894,2.0,4911.0,341,8685,5584,2,2,0,0,0,0,0,0,0,,,,11515,43,40,,ok,False
com.cointrend_10304.apk,ape,1,300,gh104_06,1,COMPLETED,COMPLETED,,359,270.0,255,57.11974110032363,100.0,67.0299727520436,12.0,2471.0,280,11369,6076,24,10,0,0,0,0,0,0,0,,,,1101,3,2,True,ok,False
com.cointrend_10304.apk,ape,2,300,gh104_06,1,COMPLETED,COMPLETED,,361,270.0,255,56.47249190938511,100.0,65.39509536784742,12.0,2443.0,316,16113,6041,36,10,0,0,1,0,0,1,1,,anr:com.cointrend=1,,1101,3,2,True,ok,False
com.cointrend_10304.apk,ape,3,300,gh104_06,1,COMPLETED,COMPLETED,,363,270.0,255,56.010171058714754,100.0,64.39600363306084,12.0,2423.0,280,15290,6028,36,10,0,0,1,0,0,1,1,,anr:com.cointrend=1,,1101,3,2,True,ok,False
com.cointrend_10304.apk,aperv:mop_off_llm_off,1,300,gh104_06,1,COMPLETED,COMPLETED,,364,270.0,255,55.40915395284327,100.0,64.21435059037239,12.0,2397.0,265,11018,5896,24,10,0,0,0,0,0,0,0,,,,1101,3,2,True,ok,False
com.cointrend_10304.apk,aperv:mop_off_llm_off,2,300,gh104_06,1,COMPLETED,COMPLETED,,364,270.0,255,57.44336569579288,100.0,66.7574931880109,12.0,2485.0,315,16853,6074,36,10,0,0,1,0,0,1,1,,anr:com.cointrend=1,,1101,3,2,True,ok,False
com.cointrend_10304.apk,aperv:mop_off_llm_off,3,300,gh104_06,1,COMPLETED,COMPLETED,,364,270.0,255,57.58206195099399,100.0,67.30245231607628,12.0,2491.0,377,16980,6040,36,10,0,0,1,0,0,1,1,,anr:com.cointrend=1,,1101,3,2,True,ok,False
com.cointrend_10304.apk,aperv:mop_on_llm_off,1,300,gh104_06,1,COMPLETED,COMPLETED,,372,270.0,255,54.5538603791031,100.0,63.03360581289736,12.0,2360.0,305,11454,5913,24,10,0,0,0,0,0,0,0,,,,1101,3,2,True,ok,False
com.cointrend_10304.apk,aperv:mop_on_llm_off,2,300,gh104_06,1,COMPLETED,COMPLETED,,369,270.0,255,49.76883957466482,100.0,56.31244323342416,12.0,2153.0,230,18525,5670,48,10,0,0,1,0,0,1,1,,anr:com.cointrend=1,,1101,3,2,True,ok,False
com.cointrend_10304.apk,aperv:mop_on_llm_off,3,300,gh104_06,1,COMPLETED,COMPLETED,,365,270.0,255,56.63430420711975,100.0,65.84922797456856,12.0,2450.0,386,21848,6046,44,10,0,0,1,0,0,1,1,,anr:com.cointrend=1,,1101,3,2,True,ok,False
com.craxiom.networksurvey_114.apk,ape,1,300,gh104_07,2,ERROR/COMPLETED,COMPLETED,,369,270.0,255,30.11641232884975,100.0,27.18173836698859,14,4993,233,16419,10602,28,12,0,0,0,0,0,0,0,,,,5695,4,3,True,ok,False
com.craxiom.networksurvey_114.apk,ape,2,300,gh104_07,1,COMPLETED,COMPLETED,,370,270.0,255,33.81386090837807,100.0,32.3441615452151,7.0,5606.0,231,13398,11558,14,5,0,0,0,0,0,0,0,,,,5695,4,3,True,ok,False
com.craxiom.networksurvey_114.apk,ape,3,300,gh104_07,1,COMPLETED,COMPLETED,,359,270.0,255,27.426262138850355,100.0,24.302019315188762,11.0,4547.0,241,14536,9207,18,9,0,0,0,0,0,0,0,,,,5695,4,3,True,ok,False
com.craxiom.networksurvey_114.apk,aperv:mop_off_llm_off,1,300,gh104_07,1,COMPLETED,COMPLETED,,364,270.0,255,29.89927016104711,100.0,26.918349429323968,10.0,4957.0,236,15183,11242,10,8,0,0,0,0,0,0,0,,,,5695,4,3,True,ok,False
com.craxiom.networksurvey_114.apk,aperv:mop_off_llm_off,2,300,gh104_07,1,COMPLETED,COMPLETED,,361,270.0,255,31.003076180710536,100.0,28.16505706760316,10.0,5140.0,277,17429,10903,17,8,0,0,0,0,0,0,0,,,,5695,4,3,True,ok,False
com.craxiom.networksurvey_114.apk,aperv:mop_off_llm_off,3,300,gh104_07,1,COMPLETED,COMPLETED,,368,270.0,255,31.473550877616262,100.0,29.078138718173836,10.0,5218.0,213,12227,11856,10,8,0,0,0,0,0,0,0,,,,5695,4,3,True,ok,False
com.craxiom.networksurvey_114.apk,aperv:mop_on_llm_off,1,300,gh104_07,1,COMPLETED,COMPLETED,,364,270.0,255,27.987212739007177,100.0,25.021949078138718,10.0,4640.0,243,9605,9198,10,8,0,0,0,0,0,0,0,,,,5695,4,3,True,ok,False
com.craxiom.networksurvey_114.apk,aperv:mop_on_llm_off,2,300,gh104_07,1,COMPLETED,COMPLETED,,367,270.0,255,27.082453706496167,100.0,25.21510096575944,7.0,4490.0,218,15063,8203,14,5,0,0,0,0,0,0,0,,,,5695,4,3,True,ok,False
com.craxiom.networksurvey_114.apk,aperv:mop_on_llm_off,3,300,gh104_07,1,COMPLETED,COMPLETED,,363,270.0,255,32.088787019723746,100.0,30.25460930640913,11.0,5320.0,273,13671,10698,21,9,0,0,0,0,0,0,0,,,,5695,4,3,True,ok,False
com.daniebeler.pfpixelix_40.apk,ape,1,300,gh104_00,1,COMPLETED,COMPLETED,,362,270.0,255,10.159989060577054,100.0,7.850596576171537,7.0,1486.0,180,7642,5349,7,5,0,0,0,0,0,0,0,,,,5783,3,1,True,ok,False
com.daniebeler.pfpixelix_40.apk,ape,2,300,gh104_00,1,COMPLETED,COMPLETED,,363,270.0,255,9.811294954191165,100.0,7.158914058447173,7.0,1435.0,176,4926,4672,7,5,0,0,0,0,0,0,0,,,,5783,3,1,True,ok,False
com.daniebeler.pfpixelix_40.apk,ape,3,300,gh104_00,1,COMPLETED,COMPLETED,,362,270.0,255,9.872829208259263,100.0,7.5912156320249,7.0,1444.0,195,4950,4660,7,5,0,0,0,0,0,0,0,,,,5783,3,1,True,ok,False
com.daniebeler.pfpixelix_40.apk,aperv:mop_off_llm_off,1,300,gh104_00,1,COMPLETED,COMPLETED,,365,270.0,255,10.28305756871325,100.0,7.885180702057755,7.0,1504.0,175,10841,5538,14,5,0,0,0,0,0,0,0,,,,5783,3,1,True,ok,False
com.daniebeler.pfpixelix_40.apk,aperv:mop_off_llm_off,2,300,gh104_00,1,COMPLETED,COMPLETED,,366,270.0,255,9.442089429782579,100.0,6.847656925471209,7.0,1381.0,206,10557,5091,14,5,0,0,0,0,0,0,0,,,,5783,3,1,True,ok,False
com.daniebeler.pfpixelix_40.apk,aperv:mop_off_llm_off,3,300,gh104_00,1,COMPLETED,COMPLETED,,366,270.0,255,9.339532339669082,100.0,6.899533114300536,7.0,1366.0,201,6152,4841,7,5,0,0,0,0,0,0,0,,,,5783,3,1,True,ok,False
com.daniebeler.pfpixelix_40.apk,aperv:mop_on_llm_off,1,300,gh104_00,1,COMPLETED,COMPLETED,,369,270.0,255,8.860932585806099,100.0,6.0349299671450805,7.0,1296.0,178,4880,4447,7,5,0,0,0,0,0,0,0,,,,5783,3,1,True,ok,False
com.daniebeler.pfpixelix_40.apk,aperv:mop_on_llm_off,2,300,gh104_00,1,COMPLETED,COMPLETED,,361,270.0,255,9.476275126487078,100.0,6.864948988414318,7.0,1386.0,179,13228,5094,14,5,0,0,0,0,0,0,0,,,,5783,3,1,True,ok,False
com.daniebeler.pfpixelix_40.apk,aperv:mop_on_llm_off,3,300,gh104_00,1,COMPLETED,COMPLETED,,361,270.0,255,9.45576370846438,100.0,6.7957807366418805,7.0,1383.0,183,13827,4954,14,5,0,0,0,0,0,0,0,,,,5783,3,1,True,ok,False
com.darkrockstudios.app.securecamera_31.apk,ape,1,300,gh104_01,1,COMPLETED,COMPLETED,,363,270.0,255,10.786756852972589,100.0,9.768130241736557,0.0,606.0,255,2013,933,0,0,0,0,0,0,0,0,0,,,,2027,3,2,,ok,False
com.darkrockstudios.app.securecamera_31.apk,ape,2,300,gh104_01,1,COMPLETED,COMPLETED,,363,270.0,255,10.679957280170878,100.0,9.472126295017267,0.0,600.0,249,2778,927,0,0,0,0,0,0,0,0,0,,,,2027,3,2,,ok,False
com.darkrockstudios.app.securecamera_31.apk,ape,3,300,gh104_01,1,COMPLETED,COMPLETED,,359,270.0,255,10.733357066571733,100.0,9.620128268376913,0.0,603.0,263,1965,930,0,0,0,0,0,0,0,0,0,,,,2027,3,2,,ok,False
com.darkrockstudios.app.securecamera_31.apk,aperv:mop_off_llm_off,1,300,gh104_01,1,COMPLETED,COMPLETED,,358,270.0,255,10.484158063367746,100.0,9.570794277257031,0.0,589.0,292,2313,916,0,0,0,0,0,0,0,0,0,,,,2027,3,2,,ok,False
com.darkrockstudios.app.securecamera_31.apk,aperv:mop_off_llm_off,2,300,gh104_01,1,COMPLETED,COMPLETED,,362,270.0,255,10.679957280170878,100.0,9.472126295017267,0.0,600.0,290,2228,927,0,0,0,0,0,0,0,0,0,,,,2027,3,2,,ok,False
com.darkrockstudios.app.securecamera_31.apk,aperv:mop_off_llm_off,3,300,gh104_01,1,COMPLETED,COMPLETED,,358,270.0,255,10.626557493770026,100.0,9.32412432165762,0.0,597.0,262,1463,924,0,0,0,0,0,0,0,0,0,,,,2027,3,2,,ok,False
com.darkrockstudios.app.securecamera_31.apk,aperv:mop_on_llm_off,1,300,gh104_01,1,COMPLETED,COMPLETED,,363,270.0,255,10.786756852972589,100.0,9.768130241736557,0.0,606.0,288,2247,933,0,0,0,0,0,0,0,0,0,,,,2027,3,2,,ok,False
com.darkrockstudios.app.securecamera_31.apk,aperv:mop_on_llm_off,2,300,gh104_01,1,COMPLETED,COMPLETED,,359,270.0,255,10.430758276966893,100.0,9.422792303897385,0.0,586.0,336,2310,913,0,0,0,0,0,0,0,0,0,,,,2027,3,2,,ok,False
com.darkrockstudios.app.securecamera_31.apk,aperv:mop_on_llm_off,3,300,gh104_01,1,COMPLETED,COMPLETED,,359,270.0,255,10.733357066571733,100.0,9.620128268376913,0.0,603.0,321,2315,930,0,0,0,0,0,0,0,0,0,,,,2027,3,2,,ok,False
com.darkrockstudios.apps.fasttrack_40.apk,ape,1,300,gh104_02,1,COMPLETED,COMPLETED,,362,270.0,255,47.193211488250654,100.0,46.19651347068146,0.0,1446.0,179,3144,2900,0,0,0,0,0,0,0,0,0,,,,1262,8,5,True,ok,False
com.darkrockstudios.apps.fasttrack_40.apk,ape,2,300,gh104_02,1,COMPLETED,COMPLETED,,361,270.0,255,40.2088772845953,75.0,36.925515055467514,0.0,1232.0,153,4180,2691,0,0,0,0,0,0,0,0,0,,,,1262,8,5,True,ok,False
com.darkrockstudios.apps.fasttrack_40.apk,ape,3,300,gh104_02,1,COMPLETED,COMPLETED,,361,270.0,255,41.31853785900783,75.0,39.461172741679874,0.0,1266.0,177,2760,2612,0,0,0,0,0,0,0,0,0,,,,1262,8,5,True,ok,False
com.darkrockstudios.apps.fasttrack_40.apk,aperv:mop_off_llm_off,1,300,gh104_02,1,COMPLETED,COMPLETED,,366,270.0,255,49.90208877284596,100.0,46.513470681458,0.0,1529.0,259,2826,2340,0,0,0,0,0,0,0,0,0,,,,1262,8,5,True,ok,False
com.darkrockstudios.apps.fasttrack_40.apk,aperv:mop_off_llm_off,2,300,gh104_02,1,COMPLETED,COMPLETED,,365,270.0,255,43.407310704960835,100.0,40.33280507131538,0.0,1330.0,155,3161,2726,0,0,0,0,0,0,0,0,0,,,,1262,8,5,True,ok,False
com.darkrockstudios.apps.fasttrack_40.apk,aperv:mop_off_llm_off,3,300,gh104_02,1,COMPLETED,COMPLETED,,368,270.0,255,49.21671018276763,100.0,49.76228209191759,0.0,1508.0,227,3153,2795,0,0,0,0,0,0,0,0,0,,,,1262,8,5,True,ok,False
com.darkrockstudios.apps.fasttrack_40.apk,aperv:mop_on_llm_off,1,300,gh104_02,1,COMPLETED,COMPLETED,,364,270.0,255,51.403394255874666,100.0,49.68304278922345,0.0,1575.0,180,3456,3061,0,0,0,0,0,0,0,0,0,,,,1262,8,5,True,ok,False
com.darkrockstudios.apps.fasttrack_40.apk,aperv:mop_on_llm_off,2,300,gh104_02,1,COMPLETED,COMPLETED,,368,270.0,255,46.47519582245431,100.0,44.770206022187004,0.0,1424.0,237,5530,2774,0,0,0,0,0,0,0,0,0,,,,1262,8,5,True,ok,False
com.darkrockstudios.apps.fasttrack_40.apk,aperv:mop_on_llm_off,3,300,gh104_02,1,COMPLETED,COMPLETED,,366,270.0,255,46.73629242819843,100.0,43.97781299524564,0.0,1432.0,173,3210,2778,0,0,0,0,0,0,0,0,0,,,,1262,8,5,True,ok,False
com.defname.localshare_14.apk,ape,1,300,gh104_03,1,COMPLETED,COMPLETED,,362,270.0,255,40.37825059101655,100.0,45.34808067664281,0.0,1708.0,384,8816,4418,0,0,0,0,0,0,0,0,0,,,,1537,3,2,,ok,False
com.defname.localshare_14.apk,ape,2,300,gh104_03,1,COMPLETED,COMPLETED,,361,270.0,255,40.283687943262414,100.0,45.08783344176968,0.0,1704.0,350,12666,4414,0,0,0,0,0,0,0,0,0,,,,1537,3,2,,ok,False
com.defname.localshare_14.apk,ape,3,300,gh104_03,1,COMPLETED,COMPLETED,,362,270.0,255,39.1725768321513,100.0,43.46128822381262,0.0,1657.0,327,9369,4367,0,0,0,0,0,0,0,0,0,,,,1537,3,2,,ok,False
com.defname.localshare_14.apk,aperv:mop_off_llm_off,1,300,gh104_03,1,COMPLETED,COMPLETED,,358,270.0,255,41.22931442080378,100.0,46.454131424853614,0.0,1744.0,431,11944,4449,0,0,0,0,0,0,0,0,0,,,,1537,3,2,,ok,False
com.defname.localshare_14.apk,aperv:mop_off_llm_off,2,300,gh104_03,1,COMPLETED,COMPLETED,,361,270.0,255,41.867612293144205,100.0,46.51919323357189,0.0,1771.0,428,13151,4483,0,0,0,0,0,0,0,0,0,,,,1537,3,2,,ok,False
com.defname.localshare_14.apk,aperv:mop_off_llm_off,3,300,gh104_03,1,COMPLETED,COMPLETED,,365,270.0,255,40.66193853427896,100.0,45.54326610279766,0.0,1720.0,369,6115,4427,0,0,0,0,0,0,0,0,0,,,,1537,3,2,,ok,False
com.defname.localshare_14.apk,aperv:mop_on_llm_off,1,300,gh104_03,1,COMPLETED,COMPLETED,,365,270.0,255,39.456264775413715,100.0,43.98178269355888,0.0,1669.0,484,11060,4374,0,0,0,0,0,0,0,0,0,,,,1537,3,2,,ok,False
com.defname.localshare_14.apk,aperv:mop_on_llm_off,2,300,gh104_03,1,COMPLETED,COMPLETED,,365,270.0,255,39.33806146572104,100.0,44.957709824333115,0.0,1664.0,425,12066,4369,0,0,0,0,0,0,0,0,0,,,,1537,3,2,,ok,False
com.defname.localshare_14.apk,aperv:mop_on_llm_off,3,300,gh104_03,1,COMPLETED,COMPLETED,,365,270.0,255,41.18203309692671,100.0,45.803513337670786,0.0,1742.0,425,14033,4446,0,0,0,0,0,0,0,0,0,,,,1537,3,2,,ok,False
com.dessalines.habitmaker_5501.apk,ape,1,300,gh104_04,1,COMPLETED,COMPLETED,,360,270.0,255,49.866131191432395,100.0,51.132075471698116,0.0,1490.0,317,3771,2764,0,0,0,0,0,0,0,0,0,,,,1060,2,2,True,ok,False
com.dessalines.habitmaker_5501.apk,ape,2,300,gh104_04,1,COMPLETED,COMPLETED,,360,270.0,255,57.1285140562249,100.0,56.79245283018868,0.0,1707.0,350,6023,3041,0,0,0,0,0,0,0,0,0,,,,1060,2,2,True,ok,False
com.dessalines.habitmaker_5501.apk,ape,3,300,gh104_04,1,COMPLETED,COMPLETED,,367,270.0,255,58.86880856760375,100.0,59.339622641509436,0.0,1759.0,353,5928,2964,0,0,0,0,0,0,0,0,0,,,,1060,2,2,True,ok,False
com.dessalines.habitmaker_5501.apk,aperv:mop_off_llm_off,1,300,gh104_04,1,COMPLETED,COMPLETED,,363,270.0,255,49.26372155287818,100.0,49.905660377358494,0.0,1472.0,318,4028,2693,0,0,0,0,0,0,0,0,0,,,,1060,2,2,True,ok,False
com.dessalines.habitmaker_5501.apk,aperv:mop_off_llm_off,2,300,gh104_04,1,COMPLETED,COMPLETED,,364,270.0,255,50.46854082998661,100.0,50.18867924528302,0.0,1508.0,344,4611,2627,0,0,0,0,0,0,0,0,0,,,,1060,2,2,True,ok,False
com.dessalines.habitmaker_5501.apk,aperv:mop_off_llm_off,3,300,gh104_04,1,COMPLETED,COMPLETED,,366,270.0,255,60.87684069611781,100.0,64.15094339622641,0.0,1819.0,279,4891,3139,0,0,0,0,0,0,0,0,0,,,,1060,2,2,True,ok,False
com.dessalines.habitmaker_5501.apk,aperv:mop_on_llm_off,1,300,gh104_04,1,COMPLETED,COMPLETED,,363,270.0,255,50.30120481927711,100.0,52.54716981132076,0.0,1503.0,349,8216,2930,0,0,0,0,0,0,0,0,0,,,,1060,2,2,True,ok,False
com.dessalines.habitmaker_5501.apk,aperv:mop_on_llm_off,2,300,gh104_04,1,COMPLETED,COMPLETED,,366,270.0,255,50.23427041499331,100.0,51.320754716981135,0.0,1501.0,412,5415,2385,0,0,0,0,0,0,0,0,0,,,,1060,2,2,True,ok,False
com.dessalines.habitmaker_5501.apk,aperv:mop_on_llm_off,3,300,gh104_04,1,COMPLETED,COMPLETED,,365,270.0,255,62.08165997322623,100.0,63.39622641509434,0.0,1855.0,359,7337,3201,0,0,0,0,0,0,0,0,0,,,,1060,2,2,True,ok,False
com.dessalines.rankmyfavs_44.apk,ape,1,300,gh104_05,1,COMPLETED,COMPLETED,,355,270.0,255,29.807005003573984,100.0,25.0,0.0,834.0,299,2828,1954,0,0,0,0,0,0,0,0,0,,,,1128,2,2,True,ok,False
com.dessalines.rankmyfavs_44.apk,ape,2,300,gh104_05,1,COMPLETED,COMPLETED,,361,270.0,255,30.20014295925661,100.0,26.063829787234045,0.0,845.0,334,2858,1835,0,0,0,0,0,0,0,0,0,,,,1128,2,2,True,ok,False
com.dessalines.rankmyfavs_44.apk,ape,3,300,gh104_05,1,COMPLETED,COMPLETED,,360,270.0,255,44.03145103645461,100.0,42.5531914893617,0.0,1232.0,280,3502,2273,0,0,0,0,0,0,0,0,0,,,,1128,2,2,True,ok,False
com.dessalines.rankmyfavs_44.apk,aperv:mop_off_llm_off,1,300,gh104_05,1,COMPLETED,COMPLETED,,363,270.0,255,63.938527519656894,100.0,64.98226950354609,0.0,1789.0,293,5581,3099,0,0,0,0,0,0,0,0,0,,,,1128,2,2,True,ok,False
com.dessalines.rankmyfavs_44.apk,aperv:mop_off_llm_off,2,300,gh104_05,1,COMPLETED,COMPLETED,,369,270.0,255,30.20014295925661,100.0,26.50709219858156,0.0,845.0,374,3276,1886,0,0,0,0,0,0,0,0,0,,,,1128,2,2,True,ok,False
com.dessalines.rankmyfavs_44.apk,aperv:mop_off_llm_off,3,300,gh104_05,1,COMPLETED,COMPLETED,,365,270.0,255,68.72766261615439,100.0,68.61702127659575,0.0,1923.0,315,4581,3225,0,0,0,0,0,0,0,0,0,,,,1128,2,2,True,ok,False
com.dessalines.rankmyfavs_44.apk,aperv:mop_on_llm_off,1,300,gh104_05,1,COMPLETED,COMPLETED,,370,270.0,255,63.43817012151537,100.0,64.45035460992908,0.0,1775.0,338,7491,3070,0,0,0,0,0,0,0,0,0,,,,1128,2,2,True,ok,False
com.dessalines.rankmyfavs_44.apk,aperv:mop_on_llm_off,2,300,gh104_05,1,COMPLETED,COMPLETED,,366,270.0,255,51.39385275196568,100.0,50.62056737588653,0.0,1438.0,315,5198,2728,0,0,0,0,0,0,0,0,0,,,,1128,2,2,True,ok,False
com.dessalines.rankmyfavs_44.apk,aperv:mop_on_llm_off,3,300,gh104_05,1,COMPLETED,COMPLETED,,364,270.0,255,56.96926375982845,100.0,57.53546099290781,0.0,1594.0,352,4240,2676,0,0,0,0,0,0,0,0,0,,,,1128,2,2,True,ok,False
com.dessalines.thumbkey_179.apk,ape,1,300,gh104_06,1,COMPLETED,COMPLETED,,361,270.0,255,46.71063757821749,100.0,41.964285714285715,0.0,2762.0,311,6786,3406,0,0,0,0,0,0,0,0,0,,,,1680,2,2,True,ok,False
com.dessalines.thumbkey_179.apk,ape,2,300,gh104_06,1,COMPLETED,COMPLETED,,365,270.0,255,46.54151868763741,100.0,41.66666666666667,0.0,2752.0,300,5634,3487,0,0,0,0,0,0,0,0,0,,,,1680,2,2,True,ok,False
com.dessalines.thumbkey_179.apk,ape,3,300,gh104_06,1,COMPLETED,COMPLETED,,363,270.0,255,44.83341789277862,100.0,39.285714285714285,0.0,2651.0,279,4962,3292,0,0,0,0,0,0,0,0,0,,,,1680,2,2,True,ok,False
com.dessalines.thumbkey_179.apk,aperv:mop_off_llm_off,1,300,gh104_06,1,COMPLETED,COMPLETED,,365,270.0,255,46.33857601894131,100.0,41.36904761904761,0.0,2740.0,344,6960,3383,0,0,0,0,0,0,0,0,0,,,,1680,2,2,True,ok,False
com.dessalines.thumbkey_179.apk,aperv:mop_off_llm_off,2,300,gh104_06,2,ERROR/COMPLETED,COMPLETED,,364,270.0,255,46.93049213597158,100.0,41.30952380952381,0,2775,382,6004,3421,0,0,0,0,0,0,0,0,0,,,,1680,2,2,True,ok,False
com.dessalines.thumbkey_179.apk,aperv:mop_off_llm_off,3,300,gh104_06,1,COMPLETED,COMPLETED,,366,270.0,255,47.522408253001856,100.0,42.67857142857142,0.0,2810.0,390,7251,3460,0,0,0,0,0,0,0,0,0,,,,1680,2,2,True,ok,False
com.dessalines.thumbkey_179.apk,aperv:mop_on_llm_off,1,300,gh104_06,1,COMPLETED,COMPLETED,,365,270.0,255,46.87975646879756,100.0,41.36904761904761,0.0,2772.0,400,6906,3408,0,0,0,0,0,0,0,0,0,,,,1680,2,2,True,ok,False
com.dessalines.thumbkey_179.apk,aperv:mop_on_llm_off,2,300,gh104_06,1,COMPLETED,COMPLETED,,365,270.0,255,47.55623203111787,100.0,42.142857142857146,0.0,2812.0,413,9675,3454,0,0,0,0,0,0,0,0,0,,,,1680,2,2,True,ok,False
com.dessalines.thumbkey_179.apk,aperv:mop_on_llm_off,3,300,gh104_06,1,COMPLETED,COMPLETED,,368,270.0,255,47.251818028073735,100.0,41.964285714285715,0.0,2794.0,355,9388,3440,0,0,0,0,0,0,0,0,0,,,,1680,2,2,True,ok,False
com.ds.avare_404.apk,ape,1,300,gh104_07,1,COMPLETED,COMPLETED,,361,270.0,255,22.496107939802805,33.33333333333333,48.717948717948715,8.0,867.0,238,1090,909,8,8,0,0,0,0,0,0,0,,,,39,45,21,,ok,False
com.ds.avare_404.apk,ape,2,300,gh104_07,1,COMPLETED,COMPLETED,,362,270.0,255,17.644006227296316,22.22222222222222,5.128205128205128,8.0,680.0,239,1606,700,16,8,0,0,0,0,0,0,0,,,,39,45,21,,ok,False
com.ds.avare_404.apk,ape,3,300,gh104_07,1,COMPLETED,COMPLETED,,361,270.0,255,17.59211209133368,22.22222222222222,5.128205128205128,8.0,678.0,279,924,698,8,8,0,0,0,0,0,0,0,,,,39,45,21,,ok,False
com.ds.avare_404.apk,aperv:mop_off_llm_off,1,300,gh104_07,1,COMPLETED,COMPLETED,,364,270.0,255,18.03321224701609,22.22222222222222,5.128205128205128,8.0,695.0,259,2387,715,24,8,0,0,0,0,0,0,0,,,,39,45,21,,ok,False
com.ds.avare_404.apk,aperv:mop_off_llm_off,2,300,gh104_07,2,ERROR/COMPLETED,COMPLETED,,357,270.0,255,22.158796056045666,33.33333333333333,56.41025641025641,11,854,240,2243,1089,19,11,0,0,0,0,0,0,0,,,,39,45,21,,ok,False
com.ds.avare_404.apk,aperv:mop_off_llm_off,3,300,gh104_07,1,COMPLETED,COMPLETED,,364,270.0,255,26.933056564608197,38.88888888888889,25.64102564102564,8.0,1038.0,167,1404,1065,8,8,0,0,0,0,0,0,0,,,,39,45,21,,ok,False
com.ds.avare_404.apk,aperv:mop_on_llm_off,1,300,gh104_07,1,COMPLETED,COMPLETED,,365,270.0,255,24.649714582252205,33.33333333333333,25.64102564102564,8.0,950.0,285,2837,1029,24,8,0,1,0,0,0,1,1,262,crash:java.lang.RuntimeException=1,,39,45,21,,ok,False
com.ds.avare_404.apk,aperv:mop_on_llm_off,2,300,gh104_07,2,ERROR/COMPLETED,COMPLETED,,349,270.0,255,23.793461338868706,44.44444444444444,25.64102564102564,8,917,257,4825,996,48,8,0,4,0,0,0,4,4,119,crash:java.lang.RuntimeException=4,,39,45,21,,ok,False
com.ds.avare_404.apk,aperv:mop_on_llm_off,3,300,gh104_07,1,COMPLETED,COMPLETED,,363,270.0,255,18.188894654903994,22.22222222222222,5.128205128205128,8.0,701.0,253,2605,780,24,8,0,1,0,0,0,1,1,296,crash:java.lang.RuntimeException=1,,39,45,21,,ok,False
com.etesync.syncadapter_20700.apk,ape,1,300,gh104_00,1,COMPLETED,COMPLETED,,361,270.0,255,4.949121184088807,22.727272727272727,0.6756756756756757,0.0,214.0,259,485,350,0,0,0,0,0,0,0,0,0,,,,296,24,0,True,ok,False
com.etesync.syncadapter_20700.apk,ape,2,300,gh104_00,1,COMPLETED,COMPLETED,,365,270.0,255,9.551341350601295,31.818181818181817,4.72972972972973,26.0,413.0,239,2798,2266,26,21,0,0,0,0,0,0,0,,,,296,24,0,True,ok,False
com.etesync.syncadapter_20700.apk,ape,3,300,gh104_00,1,COMPLETED,COMPLETED,,361,270.0,255,6.706753006475486,22.727272727272727,4.72972972972973,26.0,290.0,234,2387,2150,26,21,0,0,0,0,0,0,0,,,,296,24,0,True,ok,False
com.etesync.syncadapter_20700.apk,aperv:mop_off_llm_off,1,300,gh104_00,1,COMPLETED,COMPLETED,,360,270.0,255,10.615171137835338,36.36363636363637,0.6756756756756757,0.0,459.0,216,1937,1241,0,0,0,0,0,0,0,0,0,,,,296,24,0,True,ok,False
com.etesync.syncadapter_20700.apk,aperv:mop_off_llm_off,2,300,gh104_00,1,COMPLETED,COMPLETED,,363,270.0,255,6.753006475485661,22.727272727272727,4.72972972972973,26.0,292.0,230,2531,2101,26,21,0,0,0,0,0,0,0,,,,296,24,0,True,ok,False
com.etesync.syncadapter_20700.apk,aperv:mop_off_llm_off,3,300,gh104_00,1,COMPLETED,COMPLETED,,359,270.0,255,6.706753006475486,22.727272727272727,4.72972972972973,26.0,290.0,222,4567,2104,52,21,0,0,0,0,0,0,0,,,,296,24,0,True,ok,False
com.etesync.syncadapter_20700.apk,aperv:mop_on_llm_off,1,300,gh104_00,1,COMPLETED,COMPLETED,,363,270.0,255,10.222016651248843,40.909090909090914,5.743243243243244,26.0,442.0,209,6539,2263,76,21,0,4,0,0,0,4,4,110,crash:java.lang.RuntimeException=4,,296,24,0,True,ok,False
com.etesync.syncadapter_20700.apk,aperv:mop_on_llm_off,2,300,gh104_00,1,COMPLETED,COMPLETED,,365,270.0,255,5.296022201665125,31.818181818181817,0.6756756756756757,0.0,229.0,195,1711,366,0,0,0,3,0,0,0,3,3,110,crash:java.lang.RuntimeException=3,,296,24,0,True,ok,False
com.etesync.syncadapter_20700.apk,aperv:mop_on_llm_off,3,300,gh104_00,1,COMPLETED,COMPLETED,,365,270.0,255,7.053654024051805,31.818181818181817,4.72972972972973,26.0,305.0,238,3695,2113,26,21,0,4,0,0,0,4,4,89,crash:java.lang.RuntimeException=4,,296,24,0,True,ok,False
com.faltenreich.diaguard_68.apk,ape,1,300,gh104_01,1,COMPLETED,COMPLETED,,363,270.0,255,38.42165898617512,100.0,50.0,7.0,1334.0,271,3788,3674,7,5,0,0,0,0,0,0,0,,,,60,3,0,True,ok,False
com.faltenreich.diaguard_68.apk,ape,2,300,gh104_01,1,COMPLETED,COMPLETED,,356,270.0,255,42.16589861751152,100.0,50.0,7.0,1464.0,318,6513,3795,14,5,0,0,0,0,0,0,0,,,,60,3,0,True,ok,False
com.faltenreich.diaguard_68.apk,ape,3,300,gh104_01,1,COMPLETED,COMPLETED,,361,270.0,255,48.127880184331794,100.0,66.66666666666666,7.0,1671.0,243,8980,4100,21,5,0,0,0,0,0,0,0,,,,60,3,0,True,ok,False
com.faltenreich.diaguard_68.apk,aperv:mop_off_llm_off,1,300,gh104_01,1,COMPLETED,COMPLETED,,366,270.0,255,47.63824884792627,100.0,41.66666666666667,7.0,1654.0,286,11003,3944,28,5,0,0,0,0,0,0,0,,,,60,3,0,True,ok,False
com.faltenreich.diaguard_68.apk,aperv:mop_off_llm_off,2,300,gh104_01,1,COMPLETED,COMPLETED,,358,270.0,255,39.602534562211986,100.0,56.666666666666664,7.0,1375.0,298,5815,3416,14,5,0,0,0,0,0,0,0,,,,60,3,0,True,ok,False
com.faltenreich.diaguard_68.apk,aperv:mop_off_llm_off,3,300,gh104_01,1,COMPLETED,COMPLETED,,363,270.0,255,43.77880184331797,100.0,55.00000000000001,7.0,1520.0,277,6248,3454,14,5,0,0,0,0,0,0,0,,,,60,3,0,True,ok,False
com.faltenreich.diaguard_68.apk,aperv:mop_on_llm_off,1,300,gh104_01,1,COMPLETED,COMPLETED,,364,270.0,255,39.34331797235023,100.0,56.666666666666664,7.0,1366.0,289,6316,3358,14,5,0,0,0,0,0,0,0,,,,60,3,0,True,ok,False
com.faltenreich.diaguard_68.apk,aperv:mop_on_llm_off,2,300,gh104_01,1,COMPLETED,COMPLETED,,363,270.0,255,48.444700460829495,100.0,65.0,7.0,1682.0,268,9029,3976,21,5,0,0,0,0,0,0,0,,,,60,3,0,True,ok,False
com.faltenreich.diaguard_68.apk,aperv:mop_on_llm_off,3,300,gh104_01,1,COMPLETED,COMPLETED,,361,270.0,255,48.127880184331794,100.0,70.0,7.0,1671.0,250,10971,4089,28,5,0,0,0,0,0,0,0,,,,60,3,0,True,ok,False
com.flauschcode.broccoli_1040400.apk,ape,1,300,gh104_02,1,COMPLETED,COMPLETED,,361,270.0,255,46.98443579766537,75.0,54.54545454545454,0.0,966.0,220,2835,1577,0,0,0,0,0,0,0,0,0,,,,55,7,0,True,ok,False
com.flauschcode.broccoli_1040400.apk,ape,2,300,gh104_02,1,COMPLETED,COMPLETED,,360,270.0,255,33.12256809338521,75.0,21.818181818181817,0.0,681.0,204,4134,2438,0,0,0,0,0,0,0,0,0,,,,55,7,0,True,ok,False
com.flauschcode.broccoli_1040400.apk,ape,3,300,gh104_02,1,COMPLETED,COMPLETED,,357,270.0,255,52.52918287937744,100.0,54.54545454545454,0.0,1080.0,232,3960,2531,0,0,0,1,0,0,0,1,1,163,crash:java.lang.RuntimeException=1,,55,7,0,True,ok,False
com.flauschcode.broccoli_1040400.apk,aperv:mop_off_llm_off,1,300,gh104_02,1,COMPLETED,COMPLETED,,364,270.0,255,42.8988326848249,75.0,29.09090909090909,0.0,882.0,254,3946,2785,0,0,0,0,0,0,0,0,0,,,,55,7,0,True,ok,False
com.flauschcode.broccoli_1040400.apk,aperv:mop_off_llm_off,2,300,gh104_02,1,COMPLETED,COMPLETED,,364,270.0,255,36.38132295719844,75.0,21.818181818181817,0.0,748.0,283,3097,1844,0,0,0,0,0,0,0,0,0,,,,55,7,0,True,ok,False
com.flauschcode.broccoli_1040400.apk,aperv:mop_off_llm_off,3,300,gh104_02,1,COMPLETED,COMPLETED,,367,270.0,255,46.206225680933855,75.0,61.81818181818181,0.0,950.0,235,2828,1562,0,0,0,0,0,0,0,0,0,,,,55,7,0,True,ok,False
com.flauschcode.broccoli_1040400.apk,aperv:mop_on_llm_off,1,300,gh104_02,1,COMPLETED,COMPLETED,,361,270.0,255,36.235408560311285,75.0,29.09090909090909,0.0,745.0,249,1930,1504,0,0,0,0,0,0,0,0,0,,,,55,7,0,True,ok,False
com.flauschcode.broccoli_1040400.apk,aperv:mop_on_llm_off,2,300,gh104_02,1,COMPLETED,COMPLETED,,364,270.0,255,32.1011673151751,75.0,14.545454545454545,0.0,660.0,219,3022,1748,0,0,0,0,0,0,0,0,0,,,,55,7,0,True,ok,False
com.flauschcode.broccoli_1040400.apk,aperv:mop_on_llm_off,3,300,gh104_02,1,COMPLETED,COMPLETED,,359,270.0,255,39.83463035019455,75.0,29.09090909090909,0.0,819.0,258,2422,1915,0,0,0,0,0,0,0,0,0,,,,55,7,0,True,ok,False
com.floflacards.app_14.apk,ape,1,300,gh104_03,1,COMPLETED,COMPLETED,,362,270.0,255,8.454574846427416,50.0,4.78955007256894,0.0,523.0,736,3682,592,0,0,0,0,0,0,0,0,0,,,,2067,4,3,True,ok,False
com.floflacards.app_14.apk,ape,2,300,gh104_03,1,COMPLETED,COMPLETED,,358,270.0,255,8.454574846427416,50.0,4.78955007256894,0.0,523.0,711,3045,592,0,0,0,0,0,0,0,0,0,,,,2067,4,3,True,ok,False
com.floflacards.app_14.apk,ape,3,300,gh104_03,1,COMPLETED,COMPLETED,,356,270.0,255,8.454574846427416,50.0,4.78955007256894,0.0,523.0,740,4262,592,0,0,0,0,0,0,0,0,0,,,,2067,4,3,True,ok,False
com.floflacards.app_14.apk,aperv:mop_off_llm_off,1,300,gh104_03,1,COMPLETED,COMPLETED,,362,270.0,255,8.454574846427416,50.0,4.78955007256894,0.0,523.0,812,3245,592,0,0,0,0,0,0,0,0,0,,,,2067,4,3,True,ok,False
com.floflacards.app_14.apk,aperv:mop_off_llm_off,2,300,gh104_03,1,COMPLETED,COMPLETED,,358,270.0,255,8.454574846427416,50.0,4.78955007256894,0.0,523.0,827,3898,592,0,0,0,0,0,0,0,0,0,,,,2067,4,3,True,ok,False
com.floflacards.app_14.apk,aperv:mop_off_llm_off,3,300,gh104_03,1,COMPLETED,COMPLETED,,360,270.0,255,8.454574846427416,50.0,4.78955007256894,0.0,523.0,646,4799,592,0,0,0,0,0,0,0,0,0,,,,2067,4,3,True,ok,False
com.floflacards.app_14.apk,aperv:mop_on_llm_off,1,300,gh104_03,1,COMPLETED,COMPLETED,,362,270.0,255,31.878435176204334,100.0,31.30140299951621,0.0,1972.0,337,4251,2045,0,0,0,0,0,0,0,0,0,,,,2067,4,3,True,ok,False
com.floflacards.app_14.apk,aperv:mop_on_llm_off,2,300,gh104_03,1,COMPLETED,COMPLETED,,363,270.0,255,24.555447785321693,100.0,22.689888727624577,0.0,1519.0,369,3743,1594,0,0,0,0,0,0,0,0,0,,,,2067,4,3,True,ok,False
com.floflacards.app_14.apk,aperv:mop_on_llm_off,3,300,gh104_03,1,COMPLETED,COMPLETED,,364,270.0,255,23.698674426123507,100.0,22.59313014029995,0.0,1466.0,342,3741,1542,0,0,0,0,0,0,0,0,0,,,,2067,4,3,True,ok,False
com.flxrs.dankchat_40038.apk,ape,1,300,gh104_04,1,COMPLETED,COMPLETED,,356,270.0,255,21.924150609382448,50.0,23.372748369985633,16.0,6440.0,206,163125,11904,373,16,0,0,0,0,0,0,0,,,,9049,4,3,,ok,False
com.flxrs.dankchat_40038.apk,ape,2,300,gh104_04,1,COMPLETED,COMPLETED,,362,270.0,255,21.924150609382448,50.0,23.450104983976132,16.0,6440.0,153,223517,11903,559,16,0,0,0,0,0,0,0,,,,9049,4,3,,ok,False
com.flxrs.dankchat_40038.apk,ape,3,300,gh104_04,1,COMPLETED,COMPLETED,,359,270.0,255,23.05780622319058,50.0,25.008288208641837,16.0,6773.0,153,251917,12311,639,16,0,0,1,0,0,1,1,,anr:com.flxrs.dankchat=1,,9049,4,3,,ok,False
com.flxrs.dankchat_40038.apk,aperv:mop_off_llm_off,1,300,gh104_04,1,COMPLETED,COMPLETED,,367,270.0,255,24.50806835977395,50.0,27.251630014366228,16.0,7199.0,203,55253,12745,114,16,0,0,0,0,0,0,0,,,,9049,4,3,,ok,False
com.flxrs.dankchat_40038.apk,aperv:mop_off_llm_off,2,300,gh104_04,1,COMPLETED,COMPLETED,,368,270.0,255,23.677401783890513,50.0,25.770803403691016,16.0,6955.0,248,57260,12514,121,16,0,0,0,0,0,0,0,,,,9049,4,3,,ok,False
com.flxrs.dankchat_40038.apk,aperv:mop_off_llm_off,3,300,gh104_04,1,COMPLETED,COMPLETED,,367,270.0,255,22.125008510928033,50.0,24.09105978561167,16.0,6499.0,237,70612,12045,151,16,0,0,0,0,0,0,0,,,,9049,4,3,,ok,False
com.flxrs.dankchat_40038.apk,aperv:mop_on_llm_off,1,300,gh104_04,1,COMPLETED,COMPLETED,,369,270.0,255,22.519915571593927,100.0,24.135263565034812,16.0,6615.0,235,65838,12073,149,16,0,0,0,0,0,0,0,,,,9049,4,3,,ok,False
com.flxrs.dankchat_40038.apk,aperv:mop_on_llm_off,2,300,gh104_04,1,COMPLETED,COMPLETED,,367,270.0,255,24.24252740518826,100.0,26.676980881865397,16.0,7121.0,241,68591,12664,170,16,0,0,1,0,0,1,1,,anr:com.flxrs.dankchat=1,,9049,4,3,,ok,False
com.flxrs.dankchat_40038.apk,aperv:mop_on_llm_off,3,300,gh104_04,1,COMPLETED,COMPLETED,,367,270.0,255,22.696942874651054,100.0,24.47784285556415,16.0,6667.0,230,87587,12242,173,16,0,0,0,0,0,0,0,,,,9049,4,3,,ok,False
com.fredhappyface.ewesticker_20250217.apk,ape,1,300,gh104_05,1,COMPLETED,COMPLETED,,361,270.0,255,19.322033898305087,100.0,7.8125,0.0,57.0,254,1403,602,0,0,0,0,0,0,0,0,0,,,,64,1,0,True,ok,False
com.fredhappyface.ewesticker_20250217.apk,ape,2,300,gh104_05,1,COMPLETED,COMPLETED,,359,270.0,255,18.983050847457626,100.0,7.8125,0.0,56.0,285,621,469,0,0,0,0,0,0,0,0,0,,,,64,1,0,True,ok,False
com.fredhappyface.ewesticker_20250217.apk,ape,3,300,gh104_05,1,COMPLETED,COMPLETED,,361,270.0,255,19.322033898305087,100.0,7.8125,0.0,57.0,257,1421,602,0,0,0,0,0,0,0,0,0,,,,64,1,0,True,ok,False
com.fredhappyface.ewesticker_20250217.apk,aperv:mop_off_llm_off,1,300,gh104_05,1,COMPLETED,COMPLETED,,358,270.0,255,20.677966101694913,100.0,7.8125,0.0,61.0,322,1728,606,0,0,0,0,0,0,0,0,0,,,,64,1,0,True,ok,False
com.fredhappyface.ewesticker_20250217.apk,aperv:mop_off_llm_off,2,300,gh104_05,1,COMPLETED,COMPLETED,,366,270.0,255,20.33898305084746,100.0,7.8125,0.0,60.0,353,2345,605,0,0,0,0,0,0,0,0,0,,,,64,1,0,True,ok,False
com.fredhappyface.ewesticker_20250217.apk,aperv:mop_off_llm_off,3,300,gh104_05,1,COMPLETED,COMPLETED,,363,270.0,255,20.33898305084746,100.0,7.8125,0.0,60.0,339,1591,605,0,0,0,0,0,0,0,0,0,,,,64,1,0,True,ok,False
com.fredhappyface.ewesticker_20250217.apk,aperv:mop_on_llm_off,1,300,gh104_05,1,COMPLETED,COMPLETED,,357,270.0,255,20.677966101694913,100.0,7.8125,0.0,61.0,328,1596,606,0,0,0,0,0,0,0,0,0,,,,64,1,0,True,ok,False
com.fredhappyface.ewesticker_20250217.apk,aperv:mop_on_llm_off,2,300,gh104_05,1,COMPLETED,COMPLETED,,362,270.0,255,20.33898305084746,100.0,7.8125,0.0,60.0,365,1524,604,0,0,0,0,0,0,0,0,0,,,,64,1,0,True,ok,False
com.fredhappyface.ewesticker_20250217.apk,aperv:mop_on_llm_off,3,300,gh104_05,1,COMPLETED,COMPLETED,,363,270.0,255,20.677966101694913,100.0,7.8125,0.0,61.0,335,1687,606,0,0,0,0,0,0,0,0,0,,,,64,1,0,True,ok,False
com.gasperpintar.smokingtracker_12.apk,ape,1,300,gh104_06,1,COMPLETED,COMPLETED,,361,270.0,255,58.78076062639821,100.0,60.0,0.0,1051.0,321,2099,1051,0,0,0,0,0,0,0,0,0,,,,415,4,1,True,ok,False
com.gasperpintar.smokingtracker_12.apk,ape,2,300,gh104_06,1,COMPLETED,COMPLETED,,363,270.0,255,60.62639821029083,100.0,63.132530120481924,0.0,1084.0,331,1942,1084,0,0,0,0,0,0,0,0,0,,,,415,4,1,True,ok,False
com.gasperpintar.smokingtracker_12.apk,ape,3,300,gh104_06,1,COMPLETED,COMPLETED,,361,270.0,255,61.96868008948546,100.0,64.33734939759036,0.0,1108.0,319,2193,1108,0,0,0,0,0,0,0,0,0,,,,415,4,1,True,ok,False
com.gasperpintar.smokingtracker_12.apk,aperv:mop_off_llm_off,1,300,gh104_06,1,COMPLETED,COMPLETED,,363,270.0,255,62.304250559284114,100.0,65.06024096385542,0.0,1114.0,331,2077,1114,0,0,0,0,0,0,0,0,0,,,,415,4,1,True,ok,False
com.gasperpintar.smokingtracker_12.apk,aperv:mop_off_llm_off,2,300,gh104_06,1,COMPLETED,COMPLETED,,364,270.0,255,59.56375838926174,100.0,60.48192771084337,0.0,1065.0,310,2300,1065,0,0,0,0,0,0,0,0,0,,,,415,4,1,True,ok,False
com.gasperpintar.smokingtracker_12.apk,aperv:mop_off_llm_off,3,300,gh104_06,1,COMPLETED,COMPLETED,,370,270.0,255,59.78747203579419,100.0,60.722891566265055,0.0,1069.0,358,2243,1069,0,0,0,0,0,0,0,0,0,,,,415,4,1,True,ok,False
com.gasperpintar.smokingtracker_12.apk,aperv:mop_on_llm_off,1,300,gh104_06,1,COMPLETED,COMPLETED,,361,270.0,255,61.297539149888145,100.0,63.85542168674698,0.0,1096.0,310,2664,1096,0,0,0,0,0,0,0,0,0,,,,415,4,1,True,ok,False
com.gasperpintar.smokingtracker_12.apk,aperv:mop_on_llm_off,2,300,gh104_06,1,COMPLETED,COMPLETED,,364,270.0,255,60.34675615212528,100.0,61.9277108433735,0.0,1079.0,329,2363,1079,0,0,0,0,0,0,0,0,0,,,,415,4,1,True,ok,False
com.gasperpintar.smokingtracker_12.apk,aperv:mop_on_llm_off,3,300,gh104_06,1,COMPLETED,COMPLETED,,364,270.0,255,61.017897091722595,100.0,63.614457831325296,0.0,1091.0,323,2538,1091,0,0,0,0,0,0,0,0,0,,,,415,4,1,True,ok,False
com.gaurav.avnc_51.apk,ape,1,300,gh104_07,1,COMPLETED,COMPLETED,,363,270.0,255,26.07395323545405,50.0,32.79742765273312,0.0,959.0,307,6812,3616,0,0,0,0,0,0,0,0,0,,,,622,8,5,True,ok,False
com.gaurav.avnc_51.apk,ape,2,300,gh104_07,1,COMPLETED,COMPLETED,,361,270.0,255,40.266449157150625,100.0,51.12540192926045,0.0,1481.0,248,4375,4208,0,0,0,0,0,0,0,0,0,,,,622,8,5,True,ok,False
com.gaurav.avnc_51.apk,ape,3,300,gh104_07,1,COMPLETED,COMPLETED,,362,270.0,255,36.32408917890157,83.33333333333334,41.639871382636656,0.0,1336.0,256,4208,2515,0,0,0,0,0,0,0,0,0,,,,622,8,5,True,ok,False
com.gaurav.avnc_51.apk,aperv:mop_off_llm_off,1,300,gh104_07,1,COMPLETED,COMPLETED,,366,270.0,255,35.07340946166394,83.33333333333334,44.69453376205787,0.0,1290.0,296,6007,3950,0,0,0,0,0,0,0,0,0,,,,622,8,5,True,ok,False
com.gaurav.avnc_51.apk,aperv:mop_off_llm_off,2,300,gh104_07,1,COMPLETED,COMPLETED,,364,270.0,255,33.14301250679717,83.33333333333334,40.19292604501607,0.0,1219.0,181,2610,2241,0,0,0,0,0,0,0,0,0,,,,622,8,5,True,ok,False
com.gaurav.avnc_51.apk,aperv:mop_off_llm_off,3,300,gh104_07,1,COMPLETED,COMPLETED,,367,270.0,255,36.296900489396414,83.33333333333334,43.08681672025724,0.0,1335.0,256,4492,4089,0,0,0,0,0,0,0,0,0,,,,622,8,5,True,ok,False
com.gaurav.avnc_51.apk,aperv:mop_on_llm_off,1,300,gh104_07,1,COMPLETED,COMPLETED,,364,270.0,255,35.45405111473627,100.0,41.80064308681672,0.0,1304.0,306,9309,4140,0,0,0,1,0,0,0,1,1,69,crash:java.lang.RuntimeException=1,,622,8,5,True,ok,False
com.gaurav.avnc_51.apk,aperv:mop_on_llm_off,2,300,gh104_07,1,COMPLETED,COMPLETED,,364,270.0,255,36.05220228384992,83.33333333333334,42.60450160771704,0.0,1326.0,275,9042,4149,0,0,0,2,0,0,0,2,2,91,crash:java.lang.RuntimeException=2,,622,8,5,True,ok,False
com.gaurav.avnc_51.apk,aperv:mop_on_llm_off,3,300,gh104_07,1,COMPLETED,COMPLETED,,370,270.0,255,32.680804785209354,83.33333333333334,41.31832797427653,0.0,1202.0,386,4136,2384,0,0,0,0,0,0,0,0,0,,,,622,8,5,True,ok,False
com.gelakinetic.mtgfam_99.apk,ape,1,300,gh104_00,1,COMPLETED,COMPLETED,,362,270.0,255,29.767628205128204,50.0,45.0,0.0,743.0,334,6026,3377,0,0,0,0,0,0,0,0,0,,,,60,2,1,True,ok,False
com.gelakinetic.mtgfam_99.apk,ape,2,300,gh104_00,1,COMPLETED,COMPLETED,,359,270.0,255,24.519230769230766,50.0,36.666666666666664,0.0,612.0,313,3343,2689,0,0,0,0,0,0,0,0,0,,,,60,2,1,True,ok,False
com.gelakinetic.mtgfam_99.apk,ape,3,300,gh104_00,1,COMPLETED,COMPLETED,,364,270.0,255,28.004807692307693,50.0,43.333333333333336,0.0,699.0,353,6601,3470,0,0,0,0,0,0,0,0,0,,,,60,2,1,True,ok,False
com.gelakinetic.mtgfam_99.apk,aperv:mop_off_llm_off,1,300,gh104_00,1,COMPLETED,COMPLETED,,366,270.0,255,34.855769230769226,50.0,56.666666666666664,3.0,870.0,296,5329,3927,3,3,0,0,0,0,0,0,0,,,,60,2,1,True,ok,False
com.gelakinetic.mtgfam_99.apk,aperv:mop_off_llm_off,2,300,gh104_00,1,COMPLETED,COMPLETED,,365,270.0,255,34.455128205128204,50.0,43.333333333333336,0.0,860.0,308,7322,4169,0,0,0,0,0,0,0,0,0,,,,60,2,1,True,ok,False
com.gelakinetic.mtgfam_99.apk,aperv:mop_off_llm_off,3,300,gh104_00,1,COMPLETED,COMPLETED,,371,270.0,255,30.649038461538463,50.0,43.333333333333336,3.0,765.0,334,6908,3701,3,3,0,0,0,0,0,0,0,,,,60,2,1,True,ok,False
com.gelakinetic.mtgfam_99.apk,aperv:mop_on_llm_off,1,300,gh104_00,1,COMPLETED,COMPLETED,,368,270.0,255,36.618589743589745,100.0,53.333333333333336,0.0,914.0,324,6549,3584,0,0,0,0,0,0,0,0,0,,,,60,2,1,True,ok,False
com.gelakinetic.mtgfam_99.apk,aperv:mop_on_llm_off,2,300,gh104_00,1,COMPLETED,COMPLETED,,366,270.0,255,34.815705128205124,100.0,50.0,3.0,869.0,274,6848,3687,3,3,0,0,1,0,0,1,1,,anr:com.gelakinetic.mtgfam.debug=1,,60,2,1,True,ok,False
com.gelakinetic.mtgfam_99.apk,aperv:mop_on_llm_off,3,300,gh104_00,1,COMPLETED,COMPLETED,,365,270.0,255,38.70192307692308,100.0,56.666666666666664,3.0,966.0,289,6754,3754,3,3,0,0,0,0,0,0,0,,,,60,2,1,True,ok,False
com.github.cvzi.screenshottile_148.apk,ape,1,300,gh104_01,1,COMPLETED,COMPLETED,,358,270.0,255,17.5,20.0,0.0,0.0,553.0,267,784,554,0,0,0,0,0,0,0,0,0,,,,2,27,1,True,ok,False
com.github.cvzi.screenshottile_148.apk,ape,2,300,gh104_01,1,COMPLETED,COMPLETED,,359,270.0,255,27.310126582278482,32.0,0.0,0.0,863.0,259,1409,864,0,0,0,0,0,0,0,0,0,,,,2,27,1,True,ok,False
com.github.cvzi.screenshottile_148.apk,ape,3,300,gh104_01,1,COMPLETED,COMPLETED,,364,270.0,255,25.158227848101266,36.0,100.0,0.0,795.0,294,1583,796,0,0,0,0,0,0,0,0,0,,,,2,27,1,True,ok,False
com.github.cvzi.screenshottile_148.apk,aperv:mop_off_llm_off,1,300,gh104_01,1,COMPLETED,COMPLETED,,365,270.0,255,22.341772151898734,28.000000000000004,100.0,0.0,706.0,307,1742,707,0,0,0,0,0,0,0,0,0,,,,2,27,1,True,ok,False
com.github.cvzi.screenshottile_148.apk,aperv:mop_off_llm_off,2,300,gh104_01,1,COMPLETED,COMPLETED,,366,270.0,255,16.67721518987342,20.0,0.0,0.0,527.0,190,2043,528,0,0,0,2,2,0,0,4,4,139,anr:com.github.cvzi.screenshottile.debug=2;crash:java.lang.IllegalStateException=2,,2,27,1,True,ok,False
com.github.cvzi.screenshottile_148.apk,aperv:mop_off_llm_off,3,300,gh104_01,1,COMPLETED,COMPLETED,,369,270.0,255,26.297468354430382,32.0,0.0,0.0,831.0,327,2053,832,0,0,0,0,0,0,0,0,0,,,,2,27,1,True,ok,False
com.github.cvzi.screenshottile_148.apk,aperv:mop_on_llm_off,1,300,gh104_01,1,COMPLETED,COMPLETED,,363,270.0,255,18.60759493670886,24.0,100.0,0.0,588.0,264,1623,589,0,0,0,0,0,0,0,0,0,,,,2,27,1,True,ok,False
com.github.cvzi.screenshottile_148.apk,aperv:mop_on_llm_off,2,300,gh104_01,1,COMPLETED,COMPLETED,,362,270.0,255,21.80379746835443,28.000000000000004,100.0,0.0,689.0,287,1688,690,0,0,0,0,0,0,0,0,0,,,,2,27,1,True,ok,False
com.github.cvzi.screenshottile_148.apk,aperv:mop_on_llm_off,3,300,gh104_01,1,COMPLETED,COMPLETED,,362,270.0,255,22.911392405063292,36.0,100.0,0.0,724.0,295,1568,725,0,0,0,0,0,0,0,0,0,,,,2,27,1,True,ok,False
com.github.gotify_35.apk,ape,1,300,gh104_02,1,COMPLETED,COMPLETED,,358,270.0,255,11.732456140350877,42.857142857142854,9.865470852017937,0.0,214.0,271,675,509,0,0,0,0,0,0,0,0,0,,,,223,7,5,,ok,False
com.github.gotify_35.apk,ape,2,300,gh104_02,1,COMPLETED,COMPLETED,,359,270.0,255,11.732456140350877,42.857142857142854,9.865470852017937,0.0,214.0,253,1239,519,0,0,0,0,0,0,0,0,0,,,,223,7,5,,ok,False
com.github.gotify_35.apk,ape,3,300,gh104_02,1,COMPLETED,COMPLETED,,361,270.0,255,11.732456140350877,42.857142857142854,9.865470852017937,0.0,214.0,215,777,509,0,0,0,0,0,0,0,0,0,,,,223,7,5,,ok,False
com.github.gotify_35.apk,aperv:mop_off_llm_off,1,300,gh104_02,1,COMPLETED,COMPLETED,,364,270.0,255,16.228070175438596,42.857142857142854,14.349775784753364,9.0,296.0,207,3661,1762,9,6,0,0,0,0,0,0,0,,,,223,7,5,,ok,False
com.github.gotify_35.apk,aperv:mop_off_llm_off,2,300,gh104_02,1,COMPLETED,COMPLETED,,364,270.0,255,16.228070175438596,42.857142857142854,14.349775784753364,9.0,296.0,229,2126,1754,9,6,0,0,0,0,0,0,0,,,,223,7,5,,ok,False
com.github.gotify_35.apk,aperv:mop_off_llm_off,3,300,gh104_02,1,COMPLETED,COMPLETED,,364,270.0,255,16.228070175438596,42.857142857142854,14.349775784753364,9.0,296.0,215,3923,1764,16,6,0,0,0,0,0,0,0,,,,223,7,5,,ok,False
com.github.gotify_35.apk,aperv:mop_on_llm_off,1,300,gh104_02,1,COMPLETED,COMPLETED,,367,270.0,255,25.986842105263158,85.71428571428571,26.45739910313901,9.0,474.0,200,6833,2385,18,6,0,5,0,0,0,5,5,206,crash:java.lang.NullPointerException=4;crash:java.lang.AssertionError=1,,223,7,5,,ok,False
com.github.gotify_35.apk,aperv:mop_on_llm_off,2,300,gh104_02,1,COMPLETED,COMPLETED,,369,270.0,255,19.188596491228072,85.71428571428571,18.385650224215247,9.0,350.0,206,4696,1828,16,6,0,2,1,0,0,3,3,277,crash:java.lang.AssertionError=2;anr:com.github.gotify=1,,223,7,5,,ok,False
com.github.gotify_35.apk,aperv:mop_on_llm_off,3,300,gh104_02,1,COMPLETED,COMPLETED,,368,270.0,255,18.475877192982455,71.42857142857143,17.937219730941703,2.0,337.0,182,4388,1800,4,1,0,0,0,0,0,0,0,,,,223,7,5,,ok,False
com.github.livingwithhippos.unchained_60.apk,ape,1,300,gh104_03,1,COMPLETED,COMPLETED,,355,270.0,255,12.275215011727912,100.0,12.814895947426066,7.0,1256.0,303,6454,3576,14,5,0,0,0,0,0,0,0,,,,1826,3,2,,ok,False
com.github.livingwithhippos.unchained_60.apk,ape,2,300,gh104_03,1,COMPLETED,COMPLETED,,362,270.0,255,12.197028928850665,100.0,12.595837897042717,7.0,1248.0,317,7023,3572,14,5,0,0,0,0,0,0,0,,,,1826,3,2,,ok,False
com.github.livingwithhippos.unchained_60.apk,ape,3,300,gh104_03,1,COMPLETED,COMPLETED,,362,270.0,255,12.118842845973417,100.0,13.03395399780942,7.0,1240.0,327,6993,3552,14,5,0,0,0,0,0,0,0,,,,1826,3,2,,ok,False
com.github.livingwithhippos.unchained_60.apk,aperv:mop_off_llm_off,1,300,gh104_03,1,COMPLETED,COMPLETED,,366,270.0,255,12.245895230648944,100.0,13.253012048192772,7.0,1253.0,295,7217,3555,14,5,0,0,0,0,0,0,0,,,,1826,3,2,,ok,False
com.github.livingwithhippos.unchained_60.apk,aperv:mop_off_llm_off,2,300,gh104_03,1,COMPLETED,COMPLETED,,367,270.0,255,11.630179827990618,100.0,12.54107338444688,7.0,1190.0,285,8824,3500,21,5,0,0,0,0,0,0,0,,,,1826,3,2,,ok,False
com.github.livingwithhippos.unchained_60.apk,aperv:mop_off_llm_off,3,300,gh104_03,1,COMPLETED,COMPLETED,,364,270.0,255,13.51641907740422,100.0,14.622124863088718,7.0,1383.0,331,7369,3700,14,5,0,0,0,0,0,0,0,,,,1826,3,2,,ok,False
com.github.livingwithhippos.unchained_60.apk,aperv:mop_on_llm_off,1,300,gh104_03,1,COMPLETED,COMPLETED,,363,270.0,255,12.851837372947617,100.0,14.29353778751369,7.0,1315.0,400,7255,3629,14,5,0,0,0,0,0,0,0,,,,1826,3,2,,ok,False
com.github.livingwithhippos.unchained_60.apk,aperv:mop_on_llm_off,2,300,gh104_03,1,COMPLETED,COMPLETED,,366,270.0,255,12.734558248631744,100.0,14.019715224534501,7.0,1303.0,372,10755,3627,21,5,0,0,0,0,0,0,0,,,,1826,3,2,,ok,False
com.github.livingwithhippos.unchained_60.apk,aperv:mop_on_llm_off,3,300,gh104_03,1,COMPLETED,COMPLETED,,364,270.0,255,12.441360437842064,100.0,13.307776560788609,7.0,1273.0,304,10522,3590,21,5,0,0,0,0,0,0,0,,,,1826,3,2,,ok,False
com.google.android.stardroid_1678.apk,ape,1,300,gh104_04,1,COMPLETED,COMPLETED,,362,270.0,255,0.0,0.0,0.0,0.0,0.0,102,554,61,0,0,0,0,0,0,0,0,0,,,C5,442,8,7,,ok,True
com.google.android.stardroid_1678.apk,ape,2,300,gh104_04,3,ERROR/ERROR/COMPLETED,COMPLETED,,354,270.0,255,0.0,0.0,0.0,0,0,104,398,61,0,0,0,0,0,0,0,0,0,,,C5,442,8,7,,ok,True
com.google.android.stardroid_1678.apk,ape,3,300,gh104_04,1,COMPLETED,COMPLETED,,363,270.0,255,0.0,0.0,0.0,0.0,0.0,99,478,61,0,0,0,0,0,0,0,0,0,,,C5,442,8,7,,ok,True
com.google.android.stardroid_1678.apk,aperv:mop_off_llm_off,1,300,gh104_04,3,ERROR/ERROR/ERROR,ERROR,TaskExecutionError: Component ToolExecutionComponent execution failed (Task ID: ed83a63e-a2ed-478f-bac1-45edd830c4f1),64,270.0,255,0.0,0.0,0.0,0,0,12,151,61,0,0,0,0,0,0,0,0,0,,,C1+C2+C5,442,8,7,,ok,True
com.google.android.stardroid_1678.apk,aperv:mop_off_llm_off,2,300,gh104_04,3,ERROR/ERROR/ERROR,ERROR,TaskExecutionError: Component ToolExecutionComponent execution failed (Task ID: 8749546f-511f-4f25-ad9c-0b21967582e9),65,270.0,255,0.0,0.0,0.0,0,0,11,131,61,0,0,0,0,0,0,0,0,0,,,C1+C2+C5,442,8,7,,ok,True
com.google.android.stardroid_1678.apk,aperv:mop_off_llm_off,3,300,gh104_04,3,ERROR/ERROR/ERROR,ERROR,TaskExecutionError: Component ToolExecutionComponent execution failed (Task ID: 8b5a12bc-45b8-4cf4-a283-bc6ead367b2f),66,270.0,255,0.0,0.0,0.0,0,0,6,147,61,0,0,0,0,0,0,0,0,0,,,C1+C2+C5,442,8,7,,ok,True
com.google.android.stardroid_1678.apk,aperv:mop_on_llm_off,1,300,gh104_04,3,ERROR/ERROR/ERROR,ERROR,TaskExecutionError: Component ToolExecutionComponent execution failed (Task ID: ce359fe3-cace-43a7-a104-a3df21f79cc7),80,270.0,255,0.0,0.0,0.0,0,0,17,189,61,0,0,0,0,0,0,0,0,0,,,C1+C2+C5,442,8,7,,ok,True
com.google.android.stardroid_1678.apk,aperv:mop_on_llm_off,2,300,gh104_04,3,ERROR/ERROR/ERROR,ERROR,TaskExecutionError: Component ToolExecutionComponent execution failed (Task ID: 19b0cffb-d59a-4325-bb58-c3633ea814b4),81,270.0,255,0.0,0.0,0.0,0,0,13,178,61,0,0,0,0,0,0,0,0,0,,,C1+C2+C5,442,8,7,,ok,True
com.google.android.stardroid_1678.apk,aperv:mop_on_llm_off,3,300,gh104_04,3,ERROR/ERROR/ERROR,ERROR,TaskExecutionError: Component ToolExecutionComponent execution failed (Task ID: e5b26733-cec6-4406-8aa6-bc349f7334bf),83,270.0,255,0.0,0.0,0.0,0,0,14,189,61,0,0,0,0,0,0,0,0,0,,,C1+C2+C5,442,8,7,,ok,True
com.hegocre.nextcloudpasswords_38.apk,ape,1,300,gh104_05,1,COMPLETED,COMPLETED,,356,270.0,255,5.670529801324503,60.0,3.9598732840549102,18.0,274.0,237,1105,372,38,19,0,0,0,0,0,0,0,,,,1894,7,6,,ok,False
com.hegocre.nextcloudpasswords_38.apk,ape,2,300,gh104_05,1,COMPLETED,COMPLETED,,356,270.0,255,5.670529801324503,60.0,3.9598732840549102,18.0,274.0,227,1341,372,55,19,0,0,0,0,0,0,0,,,,1894,7,6,,ok,False
com.hegocre.nextcloudpasswords_38.apk,ape,3,300,gh104_05,1,COMPLETED,COMPLETED,,357,270.0,255,5.670529801324503,60.0,3.9598732840549102,18.0,274.0,227,1370,372,55,19,0,0,0,0,0,0,0,,,,1894,7,6,,ok,False
com.hegocre.nextcloudpasswords_38.apk,aperv:mop_off_llm_off,1,300,gh104_05,1,COMPLETED,COMPLETED,,364,270.0,255,5.670529801324503,60.0,3.9598732840549102,18.0,274.0,210,1437,372,53,19,0,0,0,0,0,0,0,,,,1894,7,6,,ok,False
com.hegocre.nextcloudpasswords_38.apk,aperv:mop_off_llm_off,2,300,gh104_05,1,COMPLETED,COMPLETED,,365,270.0,255,5.670529801324503,60.0,3.9598732840549102,18.0,274.0,373,2099,372,70,19,0,0,0,0,0,0,0,,,,1894,7,6,,ok,False
com.hegocre.nextcloudpasswords_38.apk,aperv:mop_off_llm_off,3,300,gh104_05,1,COMPLETED,COMPLETED,,363,270.0,255,5.670529801324503,60.0,3.9598732840549102,18.0,274.0,310,1997,372,72,19,0,0,0,0,0,0,0,,,,1894,7,6,,ok,False
com.hegocre.nextcloudpasswords_38.apk,aperv:mop_on_llm_off,1,300,gh104_05,1,COMPLETED,COMPLETED,,369,270.0,255,19.432947019867548,100.0,19.429778247096095,18.0,939.0,358,6911,2177,87,19,0,0,0,0,0,0,0,,,,1894,7,6,,ok,False
com.hegocre.nextcloudpasswords_38.apk,aperv:mop_on_llm_off,2,300,gh104_05,1,COMPLETED,COMPLETED,,370,270.0,255,18.460264900662253,100.0,18.690601900739175,18.0,892.0,221,3187,2163,53,19,0,0,0,0,0,0,0,,,,1894,7,6,,ok,False
com.hegocre.nextcloudpasswords_38.apk,aperv:mop_on_llm_off,3,300,gh104_05,1,COMPLETED,COMPLETED,,368,270.0,255,15.956125827814569,100.0,15.205913410770854,18.0,771.0,273,1686,870,36,19,0,0,0,0,0,0,0,,,,1894,7,6,,ok,False
com.hwloc.lstopo_80283.apk,ape,1,300,gh104_06,2,ERROR/COMPLETED,COMPLETED,,359,270.0,255,40.65934065934066,50.0,0.0,0,74,129,572,102,0,0,0,0,0,0,0,0,0,,,,6,4,1,True,ok,False
com.hwloc.lstopo_80283.apk,ape,2,300,gh104_06,1,COMPLETED,COMPLETED,,360,270.0,255,43.40659340659341,75.0,0.0,0.0,79.0,133,720,107,0,0,0,0,1,0,0,0,1,,anr:com.google.android.ims=1,,6,4,1,True,ok,False
com.hwloc.lstopo_80283.apk,ape,3,300,gh104_06,1,COMPLETED,COMPLETED,,357,270.0,255,39.010989010989015,50.0,0.0,0.0,71.0,174,533,99,0,0,0,0,0,0,0,0,0,,,,6,4,1,True,ok,False
com.hwloc.lstopo_80283.apk,aperv:mop_off_llm_off,1,300,gh104_06,1,COMPLETED,COMPLETED,,357,270.0,255,46.7032967032967,75.0,0.0,0.0,85.0,223,634,113,0,0,0,0,0,0,0,0,0,,,,6,4,1,True,ok,False
com.hwloc.lstopo_80283.apk,aperv:mop_off_llm_off,2,300,gh104_06,1,COMPLETED,COMPLETED,,366,270.0,255,39.56043956043956,50.0,0.0,0.0,72.0,152,706,100,0,0,0,0,0,0,0,0,0,,,,6,4,1,True,ok,False
com.hwloc.lstopo_80283.apk,aperv:mop_off_llm_off,3,300,gh104_06,1,COMPLETED,COMPLETED,,364,270.0,255,41.75824175824176,50.0,0.0,0.0,76.0,134,682,104,0,0,0,0,0,0,0,0,0,,,,6,4,1,True,ok,False
com.hwloc.lstopo_80283.apk,aperv:mop_on_llm_off,1,300,gh104_06,1,COMPLETED,COMPLETED,,364,270.0,255,41.75824175824176,75.0,16.666666666666664,5.0,76.0,146,815,177,5,5,0,1,0,0,0,1,1,110,crash:java.lang.IllegalStateException=1,,6,4,1,True,ok,False
com.hwloc.lstopo_80283.apk,aperv:mop_on_llm_off,2,300,gh104_06,1,COMPLETED,COMPLETED,,360,270.0,255,42.857142857142854,75.0,16.666666666666664,5.0,78.0,129,1163,172,5,5,0,2,1,0,0,2,3,185,anr:com.google.android.ims=1;crash:java.lang.IllegalStateException=1;crash:java.lang.NullPointerException=1,,6,4,1,True,ok,False
com.hwloc.lstopo_80283.apk,aperv:mop_on_llm_off,3,300,gh104_06,1,COMPLETED,COMPLETED,,360,270.0,255,42.857142857142854,75.0,16.666666666666664,5.0,78.0,142,922,172,5,5,0,1,0,0,0,1,1,108,crash:java.lang.IllegalStateException=1,,6,4,1,True,ok,False
com.ivanovsky.passnotes_11700.apk,ape,1,300,gh104_07,1,COMPLETED,COMPLETED,,366,270.0,255,20.98711825155594,100.0,19.661733615221987,3.0,2900.0,266,11148,3804,3,3,0,4,0,0,0,4,4,211,crash:java.lang.IllegalStateException=3;crash:java.lang.IllegalArgumentException=1,,3311,3,1,True,ok,False
com.ivanovsky.passnotes_11700.apk,ape,2,300,gh104_07,1,COMPLETED,COMPLETED,,365,270.0,255,19.06209292227529,100.0,17.426759287224403,0.0,2634.0,232,4299,2886,0,0,0,0,0,0,0,0,0,,,,3311,3,1,True,ok,False
com.ivanovsky.passnotes_11700.apk,ape,3,300,gh104_07,1,COMPLETED,COMPLETED,,364,270.0,255,17.83905051382255,100.0,16.339474479009365,0.0,2465.0,225,4303,2715,0,0,0,0,0,0,0,0,0,,,,3311,3,1,True,ok,False
com.ivanovsky.passnotes_11700.apk,aperv:mop_off_llm_off,1,300,gh104_07,1,COMPLETED,COMPLETED,,367,270.0,255,20.379215515993632,100.0,18.42343702808819,3.0,2816.0,316,8911,3720,3,3,0,1,0,0,0,1,1,192,crash:java.lang.IllegalArgumentException=1,,3311,3,1,True,ok,False
com.ivanovsky.passnotes_11700.apk,aperv:mop_off_llm_off,2,300,gh104_07,1,COMPLETED,COMPLETED,,361,270.0,255,24.25821392386742,100.0,23.497432799758382,0.0,3352.0,320,7077,3741,0,0,0,0,0,0,0,0,0,,,,3311,3,1,True,ok,False
com.ivanovsky.passnotes_11700.apk,aperv:mop_off_llm_off,3,300,gh104_07,1,COMPLETED,COMPLETED,,368,270.0,255,21.471993052540164,100.0,19.99395952884325,10.0,2967.0,361,9415,4758,10,8,0,0,0,0,0,0,0,,,,3311,3,1,True,ok,False
com.ivanovsky.passnotes_11700.apk,aperv:mop_on_llm_off,1,300,gh104_07,1,COMPLETED,COMPLETED,,368,270.0,255,20.625271385149805,100.0,18.876472364844457,0.0,2850.0,290,10669,3104,0,0,0,2,0,0,0,2,2,103,crash:java.lang.IllegalStateException=1;crash:java.lang.IllegalArgumentException=1,,3311,3,1,True,ok,False
com.ivanovsky.passnotes_11700.apk,aperv:mop_on_llm_off,2,300,gh104_07,1,COMPLETED,COMPLETED,,373,270.0,255,21.334491243305834,100.0,19.510721836303233,9.0,2948.0,295,8241,4147,9,6,0,1,0,0,0,1,1,206,crash:java.lang.IllegalArgumentException=1,,3311,3,1,True,ok,False
com.ivanovsky.passnotes_11700.apk,aperv:mop_on_llm_off,3,300,gh104_07,1,COMPLETED,COMPLETED,,366,270.0,255,21.1969894340715,100.0,19.269102990033225,3.0,2929.0,314,8010,3833,3,3,0,1,0,0,0,1,1,296,crash:java.lang.IllegalStateException=1,,3311,3,1,True,ok,False
com.iyps_158.apk,ape,1,300,gh104_00,1,COMPLETED,COMPLETED,,360,270.0,255,73.60655737704917,100.0,67.85714285714286,0.0,898.0,231,2563,1451,0,0,0,0,0,0,0,0,0,,,,280,3,3,True,ok,False
com.iyps_158.apk,ape,2,300,gh104_00,1,COMPLETED,COMPLETED,,360,270.0,255,63.852459016393446,100.0,61.78571428571429,0.0,779.0,278,2487,1337,0,0,0,0,0,0,0,0,0,,,,280,3,3,True,ok,False
com.iyps_158.apk,ape,3,300,gh104_00,1,COMPLETED,COMPLETED,,359,270.0,255,64.75409836065575,66.66666666666666,68.92857142857143,0.0,790.0,264,1436,1267,0,0,0,0,0,0,0,0,0,,,,280,3,3,True,ok,False
com.iyps_158.apk,aperv:mop_off_llm_off,1,300,gh104_00,1,COMPLETED,COMPLETED,,364,270.0,255,64.91803278688525,66.66666666666666,65.0,0.0,792.0,265,3468,1268,0,0,0,0,0,0,0,0,0,,,,280,3,3,True,ok,False
com.iyps_158.apk,aperv:mop_off_llm_off,2,300,gh104_00,1,COMPLETED,COMPLETED,,364,270.0,255,65.81967213114754,66.66666666666666,68.21428571428572,0.0,803.0,300,2887,1279,0,0,0,0,0,0,0,0,0,,,,280,3,3,True,ok,False
com.iyps_158.apk,aperv:mop_off_llm_off,3,300,gh104_00,1,COMPLETED,COMPLETED,,362,270.0,255,65.24590163934427,66.66666666666666,68.21428571428572,0.0,796.0,288,2720,1272,0,0,0,0,0,0,0,0,0,,,,280,3,3,True,ok,False
com.iyps_158.apk,aperv:mop_on_llm_off,1,300,gh104_00,1,COMPLETED,COMPLETED,,359,270.0,255,76.47540983606558,100.0,78.21428571428571,0.0,933.0,295,3477,1497,0,0,0,0,0,0,0,0,0,,,,280,3,3,True,ok,False
com.iyps_158.apk,aperv:mop_on_llm_off,2,300,gh104_00,1,COMPLETED,COMPLETED,,359,270.0,255,65.65573770491804,100.0,65.35714285714286,0.0,801.0,346,3691,1359,0,0,0,0,0,0,0,0,0,,,,280,3,3,True,ok,False
com.iyps_158.apk,aperv:mop_on_llm_off,3,300,gh104_00,1,COMPLETED,COMPLETED,,361,270.0,255,71.88524590163935,100.0,75.35714285714286,0.0,877.0,308,3829,1428,0,0,0,0,0,0,0,0,0,,,,280,3,3,True,ok,False
com.jerboa_87.apk,ape,1,300,gh104_01,1,COMPLETED,COMPLETED,,359,270.0,255,23.855608929076013,100.0,19.111240197502177,7.0,3377.0,259,18075,11039,14,5,0,0,0,0,0,0,0,,,,6886,3,2,,ok,False
com.jerboa_87.apk,ape,2,300,gh104_01,1,COMPLETED,COMPLETED,,367,270.0,255,25.218988414806443,100.0,20.519895440023237,7.0,3570.0,284,21577,11537,14,5,0,0,0,0,0,0,0,,,,6886,3,2,,ok,False
com.jerboa_87.apk,ape,3,300,gh104_01,1,COMPLETED,COMPLETED,,360,270.0,255,28.532071206555525,100.0,24.542550101655532,7.0,4039.0,254,19702,11795,14,5,0,0,0,0,0,0,0,,,,6886,3,2,,ok,False
com.jerboa_87.apk,aperv:mop_off_llm_off,1,300,gh104_01,1,COMPLETED,COMPLETED,,364,270.0,255,24.38541961005934,100.0,19.735695614289863,7.0,3452.0,275,18290,11064,14,5,0,0,0,0,0,0,0,,,,6886,3,2,,ok,False
com.jerboa_87.apk,aperv:mop_off_llm_off,2,300,gh104_01,1,COMPLETED,COMPLETED,,362,270.0,255,23.007911839502686,100.0,18.617484751670055,7.0,3257.0,292,19836,10809,14,5,0,0,0,0,0,0,0,,,,6886,3,2,,ok,False
com.jerboa_87.apk,aperv:mop_off_llm_off,3,300,gh104_01,1,COMPLETED,COMPLETED,,366,270.0,255,30.163888103984178,100.0,27.02584954981121,7.0,4270.0,299,20930,11991,14,5,0,0,0,0,0,0,0,,,,6886,3,2,,ok,False
com.jerboa_87.apk,aperv:mop_on_llm_off,1,300,gh104_01,2,ERROR/COMPLETED,COMPLETED,,358,270.0,255,27.783272110765754,100.0,23.308161487075225,7,3933,265,30117,11915,21,5,0,0,0,0,0,0,0,,,,6886,3,2,,ok,False
com.jerboa_87.apk,aperv:mop_on_llm_off,2,300,gh104_01,1,COMPLETED,COMPLETED,,363,270.0,255,28.57445606103419,100.0,25.021783328492592,7.0,4045.0,335,31362,12083,21,5,0,0,0,0,0,0,0,,,,6886,3,2,,ok,False
com.jerboa_87.apk,aperv:mop_on_llm_off,3,300,gh104_01,1,COMPLETED,COMPLETED,,368,270.0,255,23.18451539983046,100.0,18.559395875689805,7.0,3282.0,272,20029,10990,14,5,0,0,0,0,0,0,0,,,,6886,3,2,,ok,False
com.js.nowakelock_87.apk,ape,1,300,gh104_02,1,COMPLETED,COMPLETED,,356,270.0,255,33.93207547169811,100.0,35.19163763066202,0.0,2248.0,306,5033,2626,0,0,0,0,0,0,0,0,0,,,,2296,3,2,,ok,False
com.js.nowakelock_87.apk,ape,2,300,gh104_02,1,COMPLETED,COMPLETED,,361,270.0,255,33.841509433962266,100.0,34.146341463414636,0.0,2242.0,308,8812,2620,0,0,0,0,0,0,0,0,0,,,,2296,3,2,,ok,False
com.js.nowakelock_87.apk,ape,3,300,gh104_02,1,COMPLETED,COMPLETED,,363,270.0,255,34.218867924528304,100.0,35.670731707317074,0.0,2267.0,273,6202,2645,0,0,0,0,0,0,0,0,0,,,,2296,3,2,,ok,False
com.js.nowakelock_87.apk,aperv:mop_off_llm_off,1,300,gh104_02,1,COMPLETED,COMPLETED,,367,270.0,255,32.890566037735844,100.0,32.70905923344948,0.0,2179.0,275,7785,2557,0,0,0,0,0,0,0,0,0,,,,2296,3,2,,ok,False
com.js.nowakelock_87.apk,aperv:mop_off_llm_off,2,300,gh104_02,1,COMPLETED,COMPLETED,,362,270.0,255,33.69056603773585,100.0,34.494773519163765,0.0,2232.0,364,10111,2610,0,0,0,0,0,0,0,0,0,,,,2296,3,2,,ok,False
com.js.nowakelock_87.apk,aperv:mop_off_llm_off,3,300,gh104_02,1,COMPLETED,COMPLETED,,363,270.0,255,33.69056603773585,100.0,34.05923344947735,0.0,2232.0,372,5326,2610,0,0,0,0,0,0,0,0,0,,,,2296,3,2,,ok,False
com.js.nowakelock_87.apk,aperv:mop_on_llm_off,1,300,gh104_02,1,COMPLETED,COMPLETED,,363,270.0,255,33.6,100.0,35.322299651567945,0.0,2226.0,343,5447,2604,0,0,0,0,0,0,0,0,0,,,,2296,3,2,,ok,False
com.js.nowakelock_87.apk,aperv:mop_on_llm_off,2,300,gh104_02,1,COMPLETED,COMPLETED,,358,270.0,255,33.49433962264151,100.0,33.79790940766551,0.0,2219.0,321,8127,2597,0,0,0,0,0,0,0,0,0,,,,2296,3,2,,ok,False
com.js.nowakelock_87.apk,aperv:mop_on_llm_off,3,300,gh104_02,1,COMPLETED,COMPLETED,,364,270.0,255,34.80754716981132,100.0,35.670731707317074,0.0,2306.0,427,7313,2684,0,0,0,0,0,0,0,0,0,,,,2296,3,2,,ok,False
com.kin.easynotes_14.apk,ape,1,300,gh104_03,1,COMPLETED,COMPLETED,,361,270.0,255,54.435288414929715,50.0,55.91581342434585,0.0,2246.0,304,5083,2320,0,0,0,0,0,0,0,0,0,,,,1758,4,2,True,ok,False
com.kin.easynotes_14.apk,ape,2,300,gh104_03,1,COMPLETED,COMPLETED,,361,270.0,255,49.58797867183713,50.0,51.478953356086464,0.0,2046.0,262,5640,2120,0,0,0,1,0,0,0,1,1,103,crash:java.lang.IllegalStateException=1,,1758,4,2,True,ok,False
com.kin.easynotes_14.apk,ape,3,300,gh104_03,1,COMPLETED,COMPLETED,,361,270.0,255,46.364517692680565,50.0,47.66780432309442,0.0,1913.0,278,4552,2464,0,0,0,0,0,0,0,0,0,,,,1758,4,2,True,ok,False
com.kin.easynotes_14.apk,aperv:mop_off_llm_off,1,300,gh104_03,1,COMPLETED,COMPLETED,,364,270.0,255,48.25496849248667,50.0,49.08987485779295,0.0,1991.0,355,6184,2571,0,0,0,0,0,0,0,0,0,,,,1758,4,2,True,ok,False
com.kin.easynotes_14.apk,aperv:mop_off_llm_off,2,300,gh104_03,1,COMPLETED,COMPLETED,,363,270.0,255,53.90208434318953,50.0,54.66439135381115,5.0,2224.0,288,5135,2801,6,6,0,0,0,0,0,0,0,,,,1758,4,2,True,ok,False
com.kin.easynotes_14.apk,aperv:mop_off_llm_off,3,300,gh104_03,1,COMPLETED,COMPLETED,,364,270.0,255,47.212796897721766,50.0,48.06598407281001,0.0,1948.0,279,5483,2019,0,0,0,1,0,0,0,1,1,37,crash:java.lang.IllegalStateException=1,,1758,4,2,True,ok,False
com.kin.easynotes_14.apk,aperv:mop_on_llm_off,1,300,gh104_03,1,COMPLETED,COMPLETED,,362,270.0,255,53.49006301502666,50.0,55.631399317406135,0.0,2207.0,351,9878,2782,0,0,0,1,0,0,0,1,1,272,crash:java.lang.IllegalStateException=1,,1758,4,2,True,ok,False
com.kin.easynotes_14.apk,aperv:mop_on_llm_off,2,300,gh104_03,1,COMPLETED,COMPLETED,,363,270.0,255,51.5026660203587,50.0,53.185437997724684,0.0,2125.0,304,7661,2505,0,0,0,1,0,0,0,1,1,133,crash:java.lang.IllegalStateException=1,,1758,4,2,True,ok,False
com.kin.easynotes_14.apk,aperv:mop_on_llm_off,3,300,gh104_03,1,COMPLETED,COMPLETED,,365,270.0,255,47.212796897721766,50.0,48.122866894197955,0.0,1948.0,370,7708,2485,0,0,0,1,0,0,0,1,1,176,crash:java.lang.IllegalStateException=1,,1758,4,2,True,ok,False
com.kolktech.linxshare_22.apk,ape,1,300,gh104_04,1,COMPLETED,COMPLETED,,361,270.0,255,48.589341692789965,50.0,0.0,0.0,310.0,378,852,370,0,0,0,0,0,0,0,0,0,,,,2,4,0,True,ok,False
com.kolktech.linxshare_22.apk,ape,2,300,gh104_04,1,COMPLETED,COMPLETED,,359,270.0,255,48.589341692789965,50.0,0.0,0.0,310.0,340,1090,370,0,0,0,0,0,0,0,0,0,,,,2,4,0,True,ok,False
com.kolktech.linxshare_22.apk,ape,3,300,gh104_04,1,COMPLETED,COMPLETED,,362,270.0,255,48.589341692789965,50.0,0.0,0.0,310.0,324,944,370,0,0,0,0,0,0,0,0,0,,,,2,4,0,True,ok,False
com.kolktech.linxshare_22.apk,aperv:mop_off_llm_off,1,300,gh104_04,1,COMPLETED,COMPLETED,,367,270.0,255,48.589341692789965,50.0,0.0,0.0,310.0,388,1233,370,0,0,0,0,0,0,0,0,0,,,,2,4,0,True,ok,False
com.kolktech.linxshare_22.apk,aperv:mop_off_llm_off,2,300,gh104_04,1,COMPLETED,COMPLETED,,366,270.0,255,48.11912225705329,50.0,0.0,0.0,307.0,303,1187,367,0,0,0,0,0,0,0,0,0,,,,2,4,0,True,ok,False
com.kolktech.linxshare_22.apk,aperv:mop_off_llm_off,3,300,gh104_04,1,COMPLETED,COMPLETED,,363,270.0,255,48.589341692789965,50.0,0.0,0.0,310.0,426,1494,370,0,0,0,0,0,0,0,0,0,,,,2,4,0,True,ok,False
com.kolktech.linxshare_22.apk,aperv:mop_on_llm_off,1,300,gh104_04,1,COMPLETED,COMPLETED,,364,270.0,255,48.589341692789965,50.0,0.0,0.0,310.0,512,1703,370,0,0,0,0,0,0,0,0,0,,,,2,4,0,True,ok,False
com.kolktech.linxshare_22.apk,aperv:mop_on_llm_off,2,300,gh104_04,1,COMPLETED,COMPLETED,,361,270.0,255,48.589341692789965,50.0,0.0,0.0,310.0,348,1209,370,0,0,0,0,0,0,0,0,0,,,,2,4,0,True,ok,False
com.kolktech.linxshare_22.apk,aperv:mop_on_llm_off,3,300,gh104_04,1,COMPLETED,COMPLETED,,361,270.0,255,46.23824451410658,50.0,0.0,0.0,295.0,520,1392,355,0,0,0,0,0,0,0,0,0,,,,2,4,0,True,ok,False
com.kwasow.musekit_1721768604.apk,ape,1,300,gh104_05,1,COMPLETED,COMPLETED,,363,270.0,255,67.47203579418345,100.0,65.3731343283582,0.0,1508.0,321,6130,2039,0,0,0,0,0,0,0,0,0,,,,1005,3,2,True,ok,False
com.kwasow.musekit_1721768604.apk,ape,2,300,gh104_05,1,COMPLETED,COMPLETED,,363,270.0,255,68.0089485458613,100.0,66.46766169154229,0.0,1520.0,302,5806,2157,0,0,0,1,0,0,0,1,1,134,crash:java.lang.NumberFormatException=1,,1005,3,2,True,ok,False
com.kwasow.musekit_1721768604.apk,ape,3,300,gh104_05,1,COMPLETED,COMPLETED,,363,270.0,255,61.297539149888145,100.0,59.30348258706468,0.0,1370.0,321,5039,2007,0,0,0,0,0,0,0,0,0,,,,1005,3,2,True,ok,False
com.kwasow.musekit_1721768604.apk,aperv:mop_off_llm_off,1,300,gh104_05,1,COMPLETED,COMPLETED,,364,270.0,255,63.982102908277405,100.0,61.19402985074627,0.0,1430.0,465,8846,2067,0,0,0,0,0,0,0,0,0,,,,1005,3,2,True,ok,False
com.kwasow.musekit_1721768604.apk,aperv:mop_off_llm_off,2,300,gh104_05,1,COMPLETED,COMPLETED,,363,270.0,255,67.60626398210292,100.0,65.57213930348259,0.0,1511.0,389,5776,2148,0,0,0,0,0,0,0,0,0,,,,1005,3,2,True,ok,False
com.kwasow.musekit_1721768604.apk,aperv:mop_off_llm_off,3,300,gh104_05,1,COMPLETED,COMPLETED,,365,270.0,255,67.96420581655481,100.0,66.3681592039801,0.0,1519.0,387,8303,2156,0,0,0,2,0,0,0,2,2,152,crash:java.lang.NumberFormatException=2,,1005,3,2,True,ok,False
com.kwasow.musekit_1721768604.apk,aperv:mop_on_llm_off,1,300,gh104_05,1,COMPLETED,COMPLETED,,364,270.0,255,63.80313199105145,100.0,60.398009950248756,0.0,1426.0,351,9276,2063,0,0,0,2,0,0,0,2,2,125,crash:java.lang.NumberFormatException=2,,1005,3,2,True,ok,False
com.kwasow.musekit_1721768604.apk,aperv:mop_on_llm_off,2,300,gh104_05,1,COMPLETED,COMPLETED,,364,270.0,255,67.20357941834452,100.0,65.3731343283582,0.0,1502.0,408,6197,2139,0,0,0,0,0,0,0,0,0,,,,1005,3,2,True,ok,False
com.kwasow.musekit_1721768604.apk,aperv:mop_on_llm_off,3,300,gh104_05,1,COMPLETED,COMPLETED,,359,270.0,255,72.3937360178971,100.0,71.64179104477611,0.0,1618.0,382,7022,2291,0,0,0,0,0,0,0,0,0,,,,1005,3,2,True,ok,False
com.kylecorry.trail_sense_145.apk,ape,1,300,gh104_06,1,COMPLETED,COMPLETED,,356,270.0,255,29.06520540838494,50.0,0.0,0.0,8964.0,206,23235,13332,0,0,0,0,0,0,0,0,0,,,,1,6,0,,ok,False
com.kylecorry.trail_sense_145.apk,ape,2,300,gh104_06,1,COMPLETED,COMPLETED,,363,270.0,255,7.065270257125256,50.0,0.0,0.0,2179.0,693,12066,3595,0,0,0,0,0,0,0,0,0,,,,1,6,0,,ok,False
com.kylecorry.trail_sense_145.apk,ape,3,300,gh104_06,1,COMPLETED,COMPLETED,,359,270.0,255,7.065270257125256,50.0,0.0,0.0,2179.0,554,9251,3598,0,0,0,0,0,0,0,0,0,,,,1,6,0,,ok,False
com.kylecorry.trail_sense_145.apk,aperv:mop_off_llm_off,1,300,gh104_06,1,COMPLETED,COMPLETED,,363,270.0,255,29.275963814402907,50.0,0.0,0.0,9029.0,247,30312,13418,0,0,0,1,0,0,0,1,1,278,crash:java.lang.IllegalStateException=1,,1,6,0,,ok,False
com.kylecorry.trail_sense_145.apk,aperv:mop_off_llm_off,2,300,gh104_06,1,COMPLETED,COMPLETED,,364,270.0,255,25.806556207645663,50.0,0.0,0.0,7959.0,204,12429,12093,0,0,0,0,0,0,0,0,0,,,,1,6,0,,ok,False
com.kylecorry.trail_sense_145.apk,aperv:mop_off_llm_off,3,300,gh104_06,1,COMPLETED,COMPLETED,,359,270.0,255,29.327842806653482,50.0,0.0,0.0,9045.0,234,18567,13241,0,0,0,0,0,0,0,0,0,,,,1,6,0,,ok,False
com.kylecorry.trail_sense_145.apk,aperv:mop_on_llm_off,1,300,gh104_06,1,COMPLETED,COMPLETED,,358,270.0,255,25.997859991569666,50.0,0.0,0.0,8018.0,208,12644,12253,0,0,0,0,0,0,0,0,0,,,,1,6,0,,ok,False
com.kylecorry.trail_sense_145.apk,aperv:mop_on_llm_off,2,300,gh104_06,1,COMPLETED,COMPLETED,,368,270.0,255,26.38046755941766,50.0,0.0,0.0,8136.0,249,22292,12416,0,0,0,0,0,0,0,0,0,,,,1,6,0,,ok,False
com.kylecorry.trail_sense_145.apk,aperv:mop_on_llm_off,3,300,gh104_06,1,COMPLETED,COMPLETED,,365,270.0,255,25.080250316137608,50.0,0.0,0.0,7735.0,257,11553,11184,0,0,0,0,0,0,0,0,0,,,,1,6,0,,ok,False
com.leekleak.trafficlight_38.apk,ape,1,300,gh104_07,1,COMPLETED,COMPLETED,,363,270.0,255,14.692307692307693,50.0,9.162848812994586,2.0,764.0,198,2581,1276,2,2,0,0,0,0,0,0,0,,,,2401,7,4,,ok,False
com.leekleak.trafficlight_38.apk,ape,2,300,gh104_07,1,COMPLETED,COMPLETED,,360,270.0,255,14.01923076923077,50.0,8.829654310703873,2.0,729.0,188,3402,1241,2,2,0,0,0,0,0,0,0,,,,2401,7,4,,ok,False
com.leekleak.trafficlight_38.apk,ape,3,300,gh104_07,1,COMPLETED,COMPLETED,,362,270.0,255,15.25,50.0,9.246147438567263,3.0,793.0,198,2764,1305,5,3,0,0,0,0,0,0,0,,,,2401,7,4,,ok,False
com.leekleak.trafficlight_38.apk,aperv:mop_off_llm_off,1,300,gh104_07,1,COMPLETED,COMPLETED,,363,270.0,255,14.423076923076922,50.0,8.91295293627655,3.0,750.0,830,8252,1262,10,3,0,0,0,0,0,0,0,,,,2401,7,4,,ok,False
com.leekleak.trafficlight_38.apk,aperv:mop_off_llm_off,2,300,gh104_07,1,COMPLETED,COMPLETED,,363,270.0,255,14.692307692307693,50.0,9.079550187421907,3.0,764.0,883,8447,1276,13,3,0,0,0,0,0,0,0,,,,2401,7,4,,ok,False
com.leekleak.trafficlight_38.apk,aperv:mop_off_llm_off,3,300,gh104_07,1,COMPLETED,COMPLETED,,362,270.0,255,14.73076923076923,50.0,9.162848812994586,3.0,766.0,747,7128,1278,10,3,0,0,0,0,0,0,0,,,,2401,7,4,,ok,False
com.leekleak.trafficlight_38.apk,aperv:mop_on_llm_off,1,300,gh104_07,1,COMPLETED,COMPLETED,,365,270.0,255,16.692307692307693,100.0,11.703456892961265,3.0,868.0,328,10165,1380,7,3,0,1,0,0,0,1,1,75,crash:java.lang.IllegalArgumentException=1,,2401,7,4,,ok,False
com.leekleak.trafficlight_38.apk,aperv:mop_on_llm_off,2,300,gh104_07,1,COMPLETED,COMPLETED,,368,270.0,255,17.076923076923077,100.0,11.786755518533944,3.0,888.0,347,5639,1400,11,3,0,1,0,0,0,1,1,33,crash:java.lang.IllegalArgumentException=1,,2401,7,4,,ok,False
com.leekleak.trafficlight_38.apk,aperv:mop_on_llm_off,3,300,gh104_07,1,COMPLETED,COMPLETED,,367,270.0,255,17.076923076923077,100.0,11.786755518533944,3.0,888.0,348,4412,1400,8,3,0,1,0,0,0,1,1,34,crash:java.lang.IllegalArgumentException=1,,2401,7,4,,ok,False
com.luk.saucenao_27.apk,ape,1,300,gh104_00,1,COMPLETED,COMPLETED,,361,270.0,255,44.58015267175573,100.0,46.15384615384615,0.0,292.0,317,2421,1041,0,0,0,0,0,0,0,0,0,,,,364,3,3,True,ok,False
com.luk.saucenao_27.apk,ape,2,300,gh104_00,1,COMPLETED,COMPLETED,,361,270.0,255,43.81679389312977,100.0,45.05494505494506,0.0,287.0,337,1464,1036,0,0,0,0,0,0,0,0,0,,,,364,3,3,True,ok,False
com.luk.saucenao_27.apk,ape,3,300,gh104_00,2,ERROR/COMPLETED,COMPLETED,,356,270.0,255,39.69465648854962,50.0,40.934065934065934,0,260,310,1221,507,0,0,0,0,0,0,0,0,0,,,,364,3,3,True,ok,False
com.luk.saucenao_27.apk,aperv:mop_off_llm_off,1,300,gh104_00,1,COMPLETED,COMPLETED,,361,270.0,255,44.58015267175573,100.0,46.15384615384615,0.0,292.0,409,3659,1041,0,0,0,0,0,0,0,0,0,,,,364,3,3,True,ok,False
com.luk.saucenao_27.apk,aperv:mop_off_llm_off,2,300,gh104_00,1,COMPLETED,COMPLETED,,366,270.0,255,45.19083969465649,100.0,46.15384615384615,0.0,296.0,494,3712,1046,0,0,0,0,0,0,0,0,0,,,,364,3,3,True,ok,False
com.luk.saucenao_27.apk,aperv:mop_off_llm_off,3,300,gh104_00,1,COMPLETED,COMPLETED,,363,270.0,255,40.458015267175576,50.0,42.032967032967036,0.0,265.0,441,1477,512,0,0,0,0,0,0,0,0,0,,,,364,3,3,True,ok,False
com.luk.saucenao_27.apk,aperv:mop_on_llm_off,1,300,gh104_00,1,COMPLETED,COMPLETED,,368,270.0,255,42.44274809160306,100.0,44.230769230769226,0.0,278.0,400,5058,525,0,0,0,8,0,0,0,8,8,64,crash:kotlin.UninitializedPropertyAccessException=8,,364,3,3,True,ok,False
com.luk.saucenao_27.apk,aperv:mop_on_llm_off,2,300,gh104_00,1,COMPLETED,COMPLETED,,365,270.0,255,42.44274809160306,100.0,44.230769230769226,0.0,278.0,312,4622,525,0,0,0,6,0,0,0,6,6,65,crash:kotlin.UninitializedPropertyAccessException=6,,364,3,3,True,ok,False
com.luk.saucenao_27.apk,aperv:mop_on_llm_off,3,300,gh104_00,1,COMPLETED,COMPLETED,,361,270.0,255,42.44274809160306,100.0,44.230769230769226,0.0,278.0,404,4290,525,0,0,0,8,0,0,0,8,8,55,crash:kotlin.UninitializedPropertyAccessException=8,,364,3,3,True,ok,False
com.manimarank.spell4wiki_21.apk,ape,1,300,gh104_01,1,COMPLETED,COMPLETED,,366,270.0,255,28.16679779701023,68.75,40.42553191489361,7.0,716.0,251,6225,4485,14,5,0,0,0,0,0,0,0,,,,47,16,6,True,ok,False
com.manimarank.spell4wiki_21.apk,ape,2,300,gh104_01,1,COMPLETED,COMPLETED,,366,270.0,255,31.156569630212434,68.75,51.06382978723404,7.0,792.0,267,4653,4547,7,5,0,0,0,0,0,0,0,,,,47,16,6,True,ok,False
com.manimarank.spell4wiki_21.apk,ape,3,300,gh104_01,1,COMPLETED,COMPLETED,,368,270.0,255,30.330448465774978,62.5,40.42553191489361,7.0,771.0,251,7076,4410,14,5,0,0,0,0,0,0,0,,,,47,16,6,True,ok,False
com.manimarank.spell4wiki_21.apk,aperv:mop_off_llm_off,1,300,gh104_01,1,COMPLETED,COMPLETED,,368,270.0,255,30.13375295043273,62.5,48.93617021276596,7.0,766.0,274,7597,4587,14,5,0,0,0,0,0,0,0,,,,47,16,6,True,ok,False
com.manimarank.spell4wiki_21.apk,aperv:mop_off_llm_off,2,300,gh104_01,1,COMPLETED,COMPLETED,,373,270.0,255,27.65538945712038,62.5,42.5531914893617,7.0,703.0,301,5898,4479,14,5,0,0,0,0,0,0,0,,,,47,16,6,True,ok,False
com.manimarank.spell4wiki_21.apk,aperv:mop_off_llm_off,3,300,gh104_01,1,COMPLETED,COMPLETED,,368,270.0,255,30.25177025963808,68.75,46.808510638297875,7.0,769.0,282,4958,4557,7,5,0,0,0,0,0,0,0,,,,47,16,6,True,ok,False
com.manimarank.spell4wiki_21.apk,aperv:mop_on_llm_off,1,300,gh104_01,1,COMPLETED,COMPLETED,,364,270.0,255,19.276160503540517,43.75,42.5531914893617,7.0,490.0,200,8365,3969,21,5,0,2,0,0,0,2,2,181,crash:java.lang.RuntimeException=2,,47,16,6,True,ok,False
com.manimarank.spell4wiki_21.apk,aperv:mop_on_llm_off,2,300,gh104_01,1,COMPLETED,COMPLETED,,367,270.0,255,29.346970889063726,68.75,61.702127659574465,7.0,746.0,150,8097,4329,21,5,0,2,0,0,0,2,2,133,crash:java.lang.RuntimeException=2,,47,16,6,True,ok,False
com.manimarank.spell4wiki_21.apk,aperv:mop_on_llm_off,3,300,gh104_01,1,COMPLETED,COMPLETED,,370,270.0,255,26.593233674272227,68.75,42.5531914893617,7.0,676.0,150,6933,4455,14,5,0,2,0,0,0,2,2,146,crash:java.lang.RuntimeException=2,,47,16,6,True,ok,False
com.matedroid_178120864.apk,ape,1,300,gh104_02,1,COMPLETED,COMPLETED,,363,270.0,255,10.331574116567232,50.0,8.846761453396525,7.0,1801.0,245,19641,2291,84,5,0,11,0,0,0,11,11,46,crash:java.lang.IllegalArgumentException=11,,5697,6,3,True,ok,False
com.matedroid_178120864.apk,ape,2,300,gh104_02,1,COMPLETED,COMPLETED,,365,270.0,255,10.52088113813676,50.0,9.110057925223803,7.0,1834.0,227,10213,2324,42,5,0,4,0,0,0,4,4,88,crash:java.lang.IllegalArgumentException=4,,5697,6,3,True,ok,False
com.matedroid_178120864.apk,ape,3,300,gh104_02,1,COMPLETED,COMPLETED,,361,270.0,255,8.214777420835246,50.0,6.6350710900473935,7.0,1432.0,223,3941,1907,14,5,0,0,0,0,0,0,0,,,,5697,6,3,True,ok,False
com.matedroid_178120864.apk,aperv:mop_off_llm_off,1,300,gh104_02,1,COMPLETED,COMPLETED,,360,270.0,255,10.681505277650299,50.0,9.390907495172899,7.0,1862.0,234,12816,2350,49,5,0,6,0,0,0,6,6,91,crash:java.lang.IllegalArgumentException=6,,5697,6,3,True,ok,False
com.matedroid_178120864.apk,aperv:mop_off_llm_off,2,300,gh104_02,1,COMPLETED,COMPLETED,,370,270.0,255,9.47682423129876,50.0,8.039318939792874,7.0,1652.0,304,10400,2140,42,5,0,4,0,0,0,4,4,77,crash:java.lang.IllegalArgumentException=4,,5697,6,3,True,ok,False
com.matedroid_178120864.apk,aperv:mop_off_llm_off,3,300,gh104_02,1,COMPLETED,COMPLETED,,371,270.0,255,10.612666360715926,50.0,9.373354397051079,7.0,1850.0,249,16700,2340,70,5,0,8,0,0,0,8,8,33,crash:java.lang.IllegalArgumentException=8,,5697,6,3,True,ok,False
com.matedroid_178120864.apk,aperv:mop_on_llm_off,1,300,gh104_02,1,COMPLETED,COMPLETED,,364,270.0,255,10.796236805874255,100.0,9.566438476391083,7.0,1882.0,294,10909,2372,42,5,0,4,0,0,0,4,4,109,crash:java.lang.IllegalArgumentException=4,,5697,6,3,True,ok,False
com.matedroid_178120864.apk,aperv:mop_on_llm_off,2,300,gh104_02,1,COMPLETED,COMPLETED,,366,270.0,255,10.664295548416705,100.0,9.26803580832017,7.0,1859.0,280,10893,2347,42,5,0,6,0,0,0,6,6,198,crash:java.lang.IllegalArgumentException=6,,5697,6,3,True,ok,False
com.matedroid_178120864.apk,aperv:mop_on_llm_off,3,300,gh104_02,1,COMPLETED,COMPLETED,,365,270.0,255,10.692978430472694,100.0,9.355801298929261,7.0,1864.0,218,23734,2352,105,5,0,14,0,0,0,14,14,19,crash:java.lang.IllegalArgumentException=14,,5697,6,3,True,ok,False
com.mateusrodcosta.apps.share2storage_34.apk,ape,1,300,gh104_03,1,COMPLETED,COMPLETED,,356,270.0,255,55.86854460093896,50.0,48.46335697399527,0.0,714.0,361,2843,1327,0,0,0,0,0,0,0,0,0,,,,423,4,3,True,ok,False
com.mateusrodcosta.apps.share2storage_34.apk,ape,2,300,gh104_03,1,COMPLETED,COMPLETED,,359,270.0,255,55.712050078247266,50.0,48.46335697399527,0.0,712.0,403,4279,1325,0,0,0,0,0,0,0,0,0,,,,423,4,3,True,ok,False
com.mateusrodcosta.apps.share2storage_34.apk,ape,3,300,gh104_03,1,COMPLETED,COMPLETED,,354,270.0,255,54.929577464788736,50.0,48.46335697399527,0.0,702.0,392,2287,1315,0,0,0,0,0,0,0,0,0,,,,423,4,3,True,ok,False
com.mateusrodcosta.apps.share2storage_34.apk,aperv:mop_off_llm_off,1,300,gh104_03,1,COMPLETED,COMPLETED,,363,270.0,255,55.477308294209706,50.0,48.46335697399527,0.0,709.0,630,4380,1325,0,0,0,0,0,0,0,0,0,,,,423,4,3,True,ok,False
com.mateusrodcosta.apps.share2storage_34.apk,aperv:mop_off_llm_off,2,300,gh104_03,1,COMPLETED,COMPLETED,,364,270.0,255,55.79029733959311,50.0,48.69976359338061,0.0,713.0,440,5833,1329,0,0,0,0,0,0,0,0,0,,,,423,4,3,True,ok,False
com.mateusrodcosta.apps.share2storage_34.apk,aperv:mop_off_llm_off,3,300,gh104_03,1,COMPLETED,COMPLETED,,365,270.0,255,55.79029733959311,50.0,48.69976359338061,0.0,713.0,508,9206,1326,0,0,0,0,0,0,0,0,0,,,,423,4,3,True,ok,False
com.mateusrodcosta.apps.share2storage_34.apk,aperv:mop_on_llm_off,1,300,gh104_03,2,ERROR/COMPLETED,COMPLETED,,369,270.0,255,62.1283255086072,100.0,57.919621749408975,0,794,401,6520,1407,0,0,0,0,0,0,0,0,0,,,,423,4,3,True,ok,False
com.mateusrodcosta.apps.share2storage_34.apk,aperv:mop_on_llm_off,2,300,gh104_03,1,COMPLETED,COMPLETED,,388,270.0,255,61.34585289514867,100.0,57.21040189125296,0.0,784.0,607,5864,1397,0,0,0,0,0,0,0,0,0,,,,423,4,3,True,ok,False
com.mateusrodcosta.apps.share2storage_34.apk,aperv:mop_on_llm_off,3,300,gh104_03,1,COMPLETED,COMPLETED,,359,270.0,255,61.58059467918623,100.0,57.21040189125296,0.0,787.0,455,4577,1403,0,0,0,0,0,0,0,0,0,,,,423,4,3,True,ok,False
com.mateusrodcosta.apps.vidyamusic_2200.apk,ape,1,300,gh104_04,1,COMPLETED,COMPLETED,,361,270.0,255,69.10516002612671,100.0,67.63485477178423,22.0,1058.0,267,8364,4183,56,27,0,0,0,0,0,0,0,,,,482,3,2,True,ok,False
com.mateusrodcosta.apps.vidyamusic_2200.apk,ape,2,300,gh104_04,1,COMPLETED,COMPLETED,,361,270.0,255,66.42717178314827,100.0,65.14522821576763,22.0,1017.0,236,4281,4031,28,27,0,0,0,0,0,0,0,,,,482,3,2,True,ok,False
com.mateusrodcosta.apps.vidyamusic_2200.apk,ape,3,300,gh104_04,1,COMPLETED,COMPLETED,,362,270.0,255,69.30111038536904,100.0,68.04979253112033,22.0,1061.0,294,8242,4197,56,27,0,0,0,0,0,0,0,,,,482,3,2,True,ok,False
com.mateusrodcosta.apps.vidyamusic_2200.apk,aperv:mop_off_llm_off,1,300,gh104_04,1,COMPLETED,COMPLETED,,363,270.0,255,74.72240365774005,100.0,76.97095435684648,22.0,1144.0,366,10504,4286,56,27,0,0,0,0,0,0,0,,,,482,3,2,True,ok,False
com.mateusrodcosta.apps.vidyamusic_2200.apk,aperv:mop_off_llm_off,2,300,gh104_04,1,COMPLETED,COMPLETED,,358,270.0,255,68.51730894839973,100.0,67.21991701244814,22.0,1049.0,314,8724,4142,56,27,0,0,0,0,0,0,0,,,,482,3,2,True,ok,False
com.mateusrodcosta.apps.vidyamusic_2200.apk,aperv:mop_off_llm_off,3,300,gh104_04,1,COMPLETED,COMPLETED,,358,270.0,255,68.06009144350098,100.0,65.97510373443983,22.0,1042.0,359,12045,4141,84,27,0,0,0,0,0,0,0,,,,482,3,2,True,ok,False
com.mateusrodcosta.apps.vidyamusic_2200.apk,aperv:mop_on_llm_off,1,300,gh104_04,1,COMPLETED,COMPLETED,,363,270.0,255,68.90920966688438,100.0,67.21991701244814,22.0,1055.0,383,10236,4163,56,27,0,0,0,0,0,0,0,,,,482,3,2,True,ok,False
com.mateusrodcosta.apps.vidyamusic_2200.apk,aperv:mop_on_llm_off,2,300,gh104_04,1,COMPLETED,COMPLETED,,363,270.0,255,68.90920966688438,100.0,67.63485477178423,22.0,1055.0,335,9680,4156,56,27,0,0,0,0,0,0,0,,,,482,3,2,True,ok,False
com.mateusrodcosta.apps.vidyamusic_2200.apk,aperv:mop_on_llm_off,3,300,gh104_04,1,COMPLETED,COMPLETED,,364,270.0,255,68.64794252122796,100.0,67.42738589211619,22.0,1051.0,331,8409,4177,56,27,0,0,0,0,0,0,0,,,,482,3,2,True,ok,False
com.mensinator.app_24.apk,ape,1,300,gh104_05,1,COMPLETED,COMPLETED,,361,270.0,255,61.451905626134305,100.0,61.7351598173516,0.0,1693.0,341,4725,2039,0,0,0,0,0,0,0,0,0,,,,1095,5,2,True,ok,False
com.mensinator.app_24.apk,ape,2,300,gh104_05,1,COMPLETED,COMPLETED,,362,270.0,255,53.06715063520871,100.0,52.96803652968036,0.0,1462.0,298,4617,1808,0,0,0,0,0,0,0,0,0,,,,1095,5,2,True,ok,False
com.mensinator.app_24.apk,ape,3,300,gh104_05,1,COMPLETED,COMPLETED,,364,270.0,255,60.18148820326679,100.0,59.90867579908675,0.0,1658.0,372,3658,2004,0,0,0,0,0,0,0,0,0,,,,1095,5,2,True,ok,False
com.mensinator.app_24.apk,aperv:mop_off_llm_off,1,300,gh104_05,1,COMPLETED,COMPLETED,,364,270.0,255,59.81851179673321,100.0,59.3607305936073,0.0,1648.0,341,4171,1994,0,0,0,0,0,0,0,0,0,,,,1095,5,2,True,ok,False
com.mensinator.app_24.apk,aperv:mop_off_llm_off,2,300,gh104_05,1,COMPLETED,COMPLETED,,364,270.0,255,59.491833030852995,100.0,58.81278538812785,0.0,1639.0,336,7094,1985,0,0,0,0,0,0,0,0,0,,,,1095,5,2,True,ok,False
com.mensinator.app_24.apk,aperv:mop_off_llm_off,3,300,gh104_05,1,COMPLETED,COMPLETED,,364,270.0,255,61.415607985480946,100.0,62.55707762557078,0.0,1692.0,372,4210,2038,0,0,0,0,0,0,0,0,0,,,,1095,5,2,True,ok,False
com.mensinator.app_24.apk,aperv:mop_on_llm_off,1,300,gh104_05,1,COMPLETED,COMPLETED,,363,270.0,255,55.60798548094373,100.0,54.24657534246575,0.0,1532.0,325,4868,1878,0,0,0,0,0,0,0,0,0,,,,1095,5,2,True,ok,False
com.mensinator.app_24.apk,aperv:mop_on_llm_off,2,300,gh104_05,1,COMPLETED,COMPLETED,,365,270.0,255,62.867513611615244,100.0,63.83561643835617,0.0,1732.0,403,5683,2078,0,0,0,0,0,0,0,0,0,,,,1095,5,2,True,ok,False
com.mensinator.app_24.apk,aperv:mop_on_llm_off,3,300,gh104_05,1,COMPLETED,COMPLETED,,359,270.0,255,53.901996370235935,100.0,52.785388127853885,0.0,1485.0,352,7245,1831,0,0,0,0,0,0,0,0,0,,,,1095,5,2,True,ok,False
com.micoyc.speakthat_58.apk,ape,1,300,gh104_06,1,COMPLETED,COMPLETED,,360,270.0,255,19.128005829487492,44.44444444444444,15.476190476190476,0.0,1575.0,229,2717,1938,0,0,0,0,0,0,0,0,0,,,,2520,31,26,,ok,False
com.micoyc.speakthat_58.apk,ape,2,300,gh104_06,1,COMPLETED,COMPLETED,,358,270.0,255,22.127762934175372,59.25925925925925,19.761904761904763,0.0,1822.0,220,2109,1890,0,0,0,0,0,0,0,0,0,,,,2520,31,26,,ok,False
com.micoyc.speakthat_58.apk,ape,3,300,gh104_06,1,COMPLETED,COMPLETED,,363,270.0,255,19.431624969638086,44.44444444444444,15.476190476190476,7.0,1600.0,219,2782,1887,7,5,0,0,0,0,0,0,0,,,,2520,31,26,,ok,False
com.micoyc.speakthat_58.apk,aperv:mop_off_llm_off,1,300,gh104_06,1,COMPLETED,COMPLETED,,362,270.0,255,17.962108331309206,48.148148148148145,15.277777777777779,0.0,1479.0,256,2983,1845,0,0,0,0,0,0,0,0,0,,,,2520,31,26,,ok,False
com.micoyc.speakthat_58.apk,aperv:mop_off_llm_off,2,300,gh104_06,1,COMPLETED,COMPLETED,,365,270.0,255,18.945834345397135,44.44444444444444,16.825396825396826,0.0,1560.0,222,2224,1628,0,0,0,0,0,0,0,0,0,,,,2520,31,26,,ok,False
com.micoyc.speakthat_58.apk,aperv:mop_off_llm_off,3,300,gh104_06,1,COMPLETED,COMPLETED,,364,270.0,255,23.925188243866895,55.55555555555556,19.642857142857142,0.0,1970.0,275,3783,2336,0,0,0,0,0,0,0,0,0,,,,2520,31,26,,ok,False
com.micoyc.speakthat_58.apk,aperv:mop_on_llm_off,1,300,gh104_06,1,COMPLETED,COMPLETED,,366,270.0,255,21.884867622054895,59.25925925925925,17.658730158730158,0.0,1802.0,256,2872,1813,0,0,0,0,0,0,0,0,0,,,,2520,31,26,,ok,False
com.micoyc.speakthat_58.apk,aperv:mop_on_llm_off,2,300,gh104_06,1,COMPLETED,COMPLETED,,365,270.0,255,17.646344425552588,48.148148148148145,13.571428571428571,0.0,1453.0,228,3442,1806,0,0,0,0,0,0,0,0,0,,,,2520,31,26,,ok,False
com.micoyc.speakthat_58.apk,aperv:mop_on_llm_off,3,300,gh104_06,1,COMPLETED,COMPLETED,,359,270.0,255,20.92543113917901,59.25925925925925,17.896825396825395,0.0,1723.0,257,3184,2081,0,0,0,0,0,0,0,0,0,,,,2520,31,26,,ok,False
com.nononsenseapps.feeder.play_4025.apk,ape,1,300,gh104_07,1,COMPLETED,COMPLETED,,368,270.0,255,31.0170378554399,16.666666666666664,32.31363709547577,9.0,5334.0,240,25661,9890,12,7,0,0,0,0,0,0,0,,,,6211,10,7,True,ok,False
com.nononsenseapps.feeder.play_4025.apk,ape,2,300,gh104_07,1,COMPLETED,COMPLETED,,364,270.0,255,37.872884805489335,16.666666666666664,40.701980357430365,9.0,6513.0,274,18594,11062,17,7,0,0,0,0,0,0,0,,,,6211,10,7,True,ok,False
com.nononsenseapps.feeder.play_4025.apk,ape,3,300,gh104_07,1,COMPLETED,COMPLETED,,367,270.0,255,30.10990289003896,16.666666666666664,30.97729834165191,9.0,5178.0,223,23542,9600,12,7,0,0,0,0,0,0,0,,,,6211,10,7,True,ok,False
com.nononsenseapps.feeder.play_4025.apk,aperv:mop_off_llm_off,1,300,gh104_07,1,COMPLETED,COMPLETED,,365,270.0,255,34.11641565389312,16.666666666666664,36.33875382386089,9.0,5867.0,272,18516,10405,12,7,0,0,0,0,0,0,0,,,,6211,10,7,True,ok,False
com.nononsenseapps.feeder.play_4025.apk,aperv:mop_off_llm_off,2,300,gh104_07,1,COMPLETED,COMPLETED,,367,270.0,255,32.4940396580799,16.666666666666664,33.82708098534857,9.0,5588.0,220,15652,10030,18,7,0,0,0,0,0,0,0,,,,6211,10,7,True,ok,False
com.nononsenseapps.feeder.play_4025.apk,aperv:mop_off_llm_off,3,300,gh104_07,1,COMPLETED,COMPLETED,,367,270.0,255,39.11728789905216,16.666666666666664,41.37819996779907,15.0,6727.0,290,20764,11554,29,13,0,0,0,0,0,0,0,,,,6211,10,7,True,ok,False
com.nononsenseapps.feeder.play_4025.apk,aperv:mop_on_llm_off,1,300,gh104_07,1,COMPLETED,COMPLETED,,372,270.0,255,31.197301854974707,33.33333333333333,32.281436161648685,9.0,5365.0,205,32978,9928,18,7,0,0,0,0,0,0,0,,,,6211,10,7,True,ok,False
com.nononsenseapps.feeder.play_4025.apk,aperv:mop_on_llm_off,2,300,gh104_07,1,COMPLETED,COMPLETED,,369,270.0,255,31.63342443449439,33.33333333333333,33.23136370954758,9.0,5440.0,220,24155,9971,18,7,0,0,0,0,0,0,0,,,,6211,10,7,True,ok,False
com.nononsenseapps.feeder.play_4025.apk,aperv:mop_on_llm_off,3,300,gh104_07,1,COMPLETED,COMPLETED,,371,270.0,255,34.197825202070135,33.33333333333333,36.38705522460151,9.0,5881.0,276,14507,10255,9,7,0,0,0,0,0,0,0,,,,6211,10,7,True,ok,False
com.ominous.quickweather_112.apk,ape,1,300,gh104_00,1,COMPLETED,COMPLETED,,362,270.0,255,13.68801652892562,66.66666666666666,14.285714285714285,0.0,265.0,308,940,401,0,0,0,0,0,0,0,0,0,,,,7,3,0,True,ok,False
com.ominous.quickweather_112.apk,ape,2,300,gh104_00,1,COMPLETED,COMPLETED,,363,270.0,255,13.068181818181818,66.66666666666666,14.285714285714285,0.0,253.0,278,2308,389,0,0,0,0,0,0,0,0,0,,,,7,3,0,True,ok,False
com.ominous.quickweather_112.apk,ape,3,300,gh104_00,1,COMPLETED,COMPLETED,,362,270.0,255,13.636363636363635,66.66666666666666,14.285714285714285,0.0,264.0,300,1322,400,0,0,0,0,0,0,0,0,0,,,,7,3,0,True,ok,False
com.ominous.quickweather_112.apk,aperv:mop_off_llm_off,1,300,gh104_00,1,COMPLETED,COMPLETED,,365,270.0,255,13.171487603305785,66.66666666666666,14.285714285714285,0.0,255.0,367,1975,395,0,0,0,0,0,0,0,0,0,,,,7,3,0,True,ok,False
com.ominous.quickweather_112.apk,aperv:mop_off_llm_off,2,300,gh104_00,1,COMPLETED,COMPLETED,,365,270.0,255,35.74380165289256,66.66666666666666,57.14285714285714,7.0,692.0,287,4802,2934,7,5,0,0,0,0,0,0,0,,,,7,3,0,True,ok,False
com.ominous.quickweather_112.apk,aperv:mop_off_llm_off,3,300,gh104_00,1,COMPLETED,COMPLETED,,361,270.0,255,34.45247933884297,66.66666666666666,57.14285714285714,7.0,667.0,329,4339,2949,7,5,0,0,0,0,0,0,0,,,,7,3,0,True,ok,False
com.ominous.quickweather_112.apk,aperv:mop_on_llm_off,1,300,gh104_00,1,COMPLETED,COMPLETED,,366,270.0,255,13.894628099173554,66.66666666666666,14.285714285714285,0.0,269.0,322,1708,405,0,0,0,0,0,0,0,0,0,,,,7,3,0,True,ok,False
com.ominous.quickweather_112.apk,aperv:mop_on_llm_off,2,300,gh104_00,1,COMPLETED,COMPLETED,,363,270.0,255,54.02892561983471,100.0,57.14285714285714,7.0,1046.0,397,7197,3541,14,5,0,0,0,0,0,0,0,,,,7,3,0,True,ok,False
com.ominous.quickweather_112.apk,aperv:mop_on_llm_off,3,300,gh104_00,1,COMPLETED,COMPLETED,,365,270.0,255,13.533057851239668,66.66666666666666,14.285714285714285,0.0,262.0,422,1745,398,0,0,0,0,0,0,0,0,0,,,,7,3,0,True,ok,False
com.owncloud.android_48000100.apk,ape,1,300,gh104_01,1,COMPLETED,COMPLETED,,363,270.0,255,10.954597666404691,50.0,10.299129117758426,7.0,1812.0,282,4534,2732,7,5,0,0,0,0,0,0,0,,,,2641,28,13,,ok,False
com.owncloud.android_48000100.apk,ape,2,300,gh104_01,1,COMPLETED,COMPLETED,,368,270.0,255,11.5349737017109,54.166666666666664,11.01855357819008,7.0,1908.0,278,7460,2838,14,5,0,0,0,0,0,0,0,,,,2641,28,13,,ok,False
com.owncloud.android_48000100.apk,ape,3,300,gh104_01,1,COMPLETED,COMPLETED,,365,270.0,255,10.972734417508011,50.0,10.374858008330177,7.0,1815.0,273,4291,2740,7,5,0,0,1,0,0,0,1,,anr:com.google.android.googlequicksearchbox=1,,2641,28,13,,ok,False
com.owncloud.android_48000100.apk,aperv:mop_off_llm_off,1,300,gh104_01,1,COMPLETED,COMPLETED,,365,270.0,255,10.198899703766399,50.0,8.93600908746687,0.0,1687.0,308,3901,2017,0,0,0,0,0,0,0,0,0,,,,2641,28,13,,ok,False
com.owncloud.android_48000100.apk,aperv:mop_off_llm_off,2,300,gh104_01,1,COMPLETED,COMPLETED,,368,270.0,255,11.063418173024605,50.0,10.564180234759561,7.0,1830.0,283,7902,3165,7,5,0,0,0,0,0,0,0,,,,2641,28,13,,ok,False
com.owncloud.android_48000100.apk,aperv:mop_off_llm_off,3,300,gh104_01,1,COMPLETED,COMPLETED,,362,270.0,255,11.111782842633456,50.0,10.602044680045438,7.0,1838.0,265,6438,3177,7,5,0,0,0,0,0,0,0,,,,2641,28,13,,ok,False
com.owncloud.android_48000100.apk,aperv:mop_on_llm_off,1,300,gh104_01,1,COMPLETED,COMPLETED,,365,270.0,255,11.015053503415755,58.333333333333336,10.980689132904203,7.0,1822.0,208,10649,3180,14,5,0,3,0,0,0,3,3,95,crash:java.lang.RuntimeException=2;crash:org.koin.core.error.InstanceCreationException=1,,2641,28,13,,ok,False
com.owncloud.android_48000100.apk,aperv:mop_on_llm_off,2,300,gh104_01,1,COMPLETED,COMPLETED,,365,270.0,255,12.169759990327066,62.5,12.1166224914805,7.0,2013.0,258,11908,3471,14,5,0,4,0,0,0,4,4,89,crash:java.lang.RuntimeException=3;crash:org.koin.core.error.InstanceCreationException=1,,2641,28,13,,ok,False
com.owncloud.android_48000100.apk,aperv:mop_on_llm_off,3,300,gh104_01,1,COMPLETED,COMPLETED,,370,270.0,255,11.347560606976604,58.333333333333336,11.056418023475956,7.0,1877.0,221,12109,3167,7,5,0,3,0,0,0,3,3,84,crash:java.lang.RuntimeException=2;crash:org.koin.core.error.InstanceCreationException=1,,2641,28,13,,ok,False
com.password.monitor_102.apk,ape,1,300,gh104_02,1,COMPLETED,COMPLETED,,361,270.0,255,53.96634615384615,33.33333333333333,59.89010989010989,10.0,449.0,314,9007,3289,30,8,0,0,0,0,0,0,0,,,,182,3,3,True,ok,False
com.password.monitor_102.apk,ape,2,300,gh104_02,1,COMPLETED,COMPLETED,,371,270.0,255,62.620192307692314,66.66666666666666,67.03296703296702,10.0,521.0,282,11021,3496,40,8,0,2,0,0,0,2,2,26,crash:java.lang.IllegalStateException=2,,182,3,3,True,ok,False
com.password.monitor_102.apk,ape,3,300,gh104_02,1,COMPLETED,COMPLETED,,361,270.0,255,48.31730769230769,33.33333333333333,55.494505494505496,10.0,402.0,284,6416,3241,20,8,0,0,0,0,0,0,0,,,,182,3,3,True,ok,False
com.password.monitor_102.apk,aperv:mop_off_llm_off,1,300,gh104_02,1,COMPLETED,COMPLETED,,363,270.0,255,67.42788461538461,100.0,70.87912087912088,10.0,561.0,337,6822,3481,20,8,0,0,0,0,0,0,0,,,,182,3,3,True,ok,False
com.password.monitor_102.apk,aperv:mop_off_llm_off,2,300,gh104_02,1,COMPLETED,COMPLETED,,366,270.0,255,62.86057692307693,66.66666666666666,68.13186813186813,10.0,523.0,356,6729,3412,20,8,0,0,0,0,0,0,0,,,,182,3,3,True,ok,False
com.password.monitor_102.apk,aperv:mop_off_llm_off,3,300,gh104_02,1,COMPLETED,COMPLETED,,364,270.0,255,66.82692307692307,100.0,70.87912087912088,10.0,556.0,317,6645,3431,20,8,0,0,0,0,0,0,0,,,,182,3,3,True,ok,False
com.password.monitor_102.apk,aperv:mop_on_llm_off,1,300,gh104_02,1,COMPLETED,COMPLETED,,360,270.0,255,67.90865384615384,100.0,71.42857142857143,10.0,565.0,339,10065,3490,30,8,0,1,0,0,0,1,1,180,crash:java.lang.NullPointerException=1,,182,3,3,True,ok,False
com.password.monitor_102.apk,aperv:mop_on_llm_off,2,300,gh104_02,1,COMPLETED,COMPLETED,,357,270.0,255,60.69711538461539,100.0,65.38461538461539,10.0,505.0,320,20120,3369,70,8,0,8,0,0,0,8,8,28,crash:java.lang.NullPointerException=7;crash:java.lang.IllegalStateException=1,,182,3,3,True,ok,False
com.password.monitor_102.apk,aperv:mop_on_llm_off,3,300,gh104_02,1,COMPLETED,COMPLETED,,364,270.0,255,67.0673076923077,100.0,69.23076923076923,10.0,558.0,287,15515,3504,50,8,0,3,0,0,0,3,3,118,crash:java.lang.NullPointerException=3,,182,3,3,True,ok,False
com.quantum_prof.phantalandwaittimes_5.apk,ape,1,300,gh104_03,1,COMPLETED,COMPLETED,,363,270.0,255,61.219305673158345,100.0,75.0,7.0,723.0,273,4128,2111,14,5,0,0,0,0,0,0,0,,,,8,3,0,True,ok,False
com.quantum_prof.phantalandwaittimes_5.apk,ape,2,300,gh104_03,1,COMPLETED,COMPLETED,,360,270.0,255,61.727349703640975,100.0,75.0,7.0,729.0,275,4480,2150,14,5,0,0,0,0,0,0,0,,,,8,3,0,True,ok,False
com.quantum_prof.phantalandwaittimes_5.apk,ape,3,300,gh104_03,1,COMPLETED,COMPLETED,,356,270.0,255,61.5580016934801,100.0,75.0,7.0,727.0,240,5813,2135,28,5,0,0,0,0,0,0,0,,,,8,3,0,True,ok,False
com.quantum_prof.phantalandwaittimes_5.apk,aperv:mop_off_llm_off,1,300,gh104_03,1,COMPLETED,COMPLETED,,365,270.0,255,61.98137171888231,100.0,75.0,7.0,732.0,404,6585,2120,21,5,0,0,0,0,0,0,0,,,,8,3,0,True,ok,False
com.quantum_prof.phantalandwaittimes_5.apk,aperv:mop_off_llm_off,2,300,gh104_03,1,COMPLETED,COMPLETED,,363,270.0,255,61.219305673158345,100.0,75.0,7.0,723.0,473,6779,2111,21,5,0,0,0,0,0,0,0,,,,8,3,0,True,ok,False
com.quantum_prof.phantalandwaittimes_5.apk,aperv:mop_off_llm_off,3,300,gh104_03,1,COMPLETED,COMPLETED,,365,270.0,255,61.98137171888231,100.0,75.0,7.0,732.0,423,5809,2120,21,5,0,0,0,0,0,0,0,,,,8,3,0,True,ok,False
com.quantum_prof.phantalandwaittimes_5.apk,aperv:mop_on_llm_off,1,300,gh104_03,1,COMPLETED,COMPLETED,,365,270.0,255,61.727349703640975,100.0,75.0,7.0,729.0,400,4676,2117,14,5,0,0,0,0,0,0,0,,,,8,3,0,True,ok,False
com.quantum_prof.phantalandwaittimes_5.apk,aperv:mop_on_llm_off,2,300,gh104_03,1,COMPLETED,COMPLETED,,361,270.0,255,61.727349703640975,100.0,75.0,7.0,729.0,422,6114,2150,21,5,0,0,0,0,0,0,0,,,,8,3,0,True,ok,False
com.quantum_prof.phantalandwaittimes_5.apk,aperv:mop_on_llm_off,3,300,gh104_03,1,COMPLETED,COMPLETED,,362,270.0,255,61.727349703640975,100.0,75.0,7.0,729.0,367,7529,2117,28,5,0,0,0,0,0,0,0,,,,8,3,0,True,ok,False
com.rastislavkish.vscan_24.apk,ape,1,300,gh104_04,1,COMPLETED,COMPLETED,,360,270.0,255,28.812717337307504,21.428571428571427,27.213822894168466,0.0,580.0,254,1289,661,0,0,0,0,0,0,0,0,0,,,,463,14,14,True,ok,False
com.rastislavkish.vscan_24.apk,ape,2,300,gh104_04,1,COMPLETED,COMPLETED,,361,270.0,255,25.981122702434178,21.428571428571427,23.326133909287257,0.0,523.0,260,1632,590,0,0,0,1,0,0,0,1,1,60,crash:java.lang.NumberFormatException=1,,463,14,14,True,ok,False
com.rastislavkish.vscan_24.apk,ape,3,300,gh104_04,1,COMPLETED,COMPLETED,,359,270.0,255,28.216592151018382,21.428571428571427,26.34989200863931,0.0,568.0,276,2037,649,0,0,0,1,0,0,0,1,1,140,crash:java.lang.NumberFormatException=1,,463,14,14,True,ok,False
com.rastislavkish.vscan_24.apk,aperv:mop_off_llm_off,1,300,gh104_04,1,COMPLETED,COMPLETED,,360,270.0,255,25.732737208147043,14.285714285714285,23.758099352051836,0.0,518.0,250,1685,598,0,0,0,0,0,0,0,0,0,,,,463,14,14,True,ok,False
com.rastislavkish.vscan_24.apk,aperv:mop_off_llm_off,2,300,gh104_04,1,COMPLETED,COMPLETED,,365,270.0,255,31.24689518132141,50.0,28.077753779697623,0.0,629.0,290,2231,695,0,0,0,0,0,0,0,0,0,,,,463,14,14,True,ok,False
com.rastislavkish.vscan_24.apk,aperv:mop_off_llm_off,3,300,gh104_04,1,COMPLETED,COMPLETED,,365,270.0,255,23.248882265275707,14.285714285714285,20.302375809935207,0.0,468.0,357,1743,551,0,0,0,0,0,0,0,0,0,,,,463,14,14,True,ok,False
com.rastislavkish.vscan_24.apk,aperv:mop_on_llm_off,1,300,gh104_04,1,COMPLETED,COMPLETED,,362,270.0,255,31.346249379036262,57.14285714285714,30.021598272138228,0.0,631.0,241,1778,698,0,0,0,1,0,0,0,1,1,171,crash:java.lang.NumberFormatException=1,,463,14,14,True,ok,False
com.rastislavkish.vscan_24.apk,aperv:mop_on_llm_off,2,300,gh104_04,1,COMPLETED,COMPLETED,,365,270.0,255,49.6274217585693,92.85714285714286,50.10799136069114,0.0,999.0,265,2354,1082,0,0,0,2,0,0,0,2,2,259,crash:java.lang.IllegalStateException=2,,463,14,14,True,ok,False
com.rastislavkish.vscan_24.apk,aperv:mop_on_llm_off,3,300,gh104_04,1,COMPLETED,COMPLETED,,362,270.0,255,32.14108296075509,64.28571428571429,27.861771058315334,0.0,647.0,308,1845,716,0,0,0,1,0,0,0,1,1,278,crash:java.lang.NumberFormatException=1,,463,14,14,True,ok,False
com.rtbishop.look4sat_410.apk,ape,1,300,gh104_05,1,COMPLETED,COMPLETED,,358,270.0,255,46.52199186204224,100.0,100.0,7.0,2401.0,339,7979,4287,8,5,0,0,0,0,0,0,0,,,,4,3,0,True,ok,False
com.rtbishop.look4sat_410.apk,ape,2,300,gh104_05,1,COMPLETED,COMPLETED,,363,270.0,255,52.31544274365433,100.0,100.0,7.0,2700.0,290,7864,4734,14,5,0,0,1,0,0,1,1,,anr:com.rtbishop.look4sat.debug=1,,4,3,0,True,ok,False
com.rtbishop.look4sat_410.apk,ape,3,300,gh104_05,2,ERROR/COMPLETED,COMPLETED,,371,270.0,255,50.43596202286379,100.0,100.0,7,2603,298,8453,4494,14,5,0,0,0,0,0,0,0,,,,4,3,0,True,ok,False
com.rtbishop.look4sat_410.apk,aperv:mop_off_llm_off,1,300,gh104_05,1,COMPLETED,COMPLETED,,364,270.0,255,50.53284247238907,100.0,100.0,7.0,2608.0,340,8762,4518,14,5,0,0,0,0,0,0,0,,,,4,3,0,True,ok,False
com.rtbishop.look4sat_410.apk,aperv:mop_off_llm_off,2,300,gh104_05,1,COMPLETED,COMPLETED,,366,270.0,255,44.89440031001744,100.0,100.0,7.0,2317.0,278,4713,4196,7,5,0,0,0,0,0,0,0,,,,4,3,0,True,ok,False
com.rtbishop.look4sat_410.apk,aperv:mop_off_llm_off,3,300,gh104_05,1,COMPLETED,COMPLETED,,364,270.0,255,49.3896531679907,100.0,100.0,7.0,2549.0,287,7499,4588,14,5,0,0,0,0,0,0,0,,,,4,3,0,True,ok,False
com.rtbishop.look4sat_410.apk,aperv:mop_on_llm_off,1,300,gh104_05,1,COMPLETED,COMPLETED,,365,270.0,255,53.3229994187173,100.0,100.0,7.0,2752.0,338,9780,4846,14,5,0,0,0,0,0,0,0,,,,4,3,0,True,ok,False
com.rtbishop.look4sat_410.apk,aperv:mop_on_llm_off,2,300,gh104_05,1,COMPLETED,COMPLETED,,360,270.0,255,50.90098818058516,100.0,100.0,7.0,2627.0,349,9233,4670,14,5,0,0,0,0,0,0,0,,,,4,3,0,True,ok,False
com.rtbishop.look4sat_410.apk,aperv:mop_on_llm_off,3,300,gh104_05,2,ERROR/COMPLETED,COMPLETED,,366,270.0,255,44.022476264289864,100.0,100.0,7,2272,250,6272,4155,14,5,0,0,0,0,0,0,0,,,,4,3,0,True,ok,False
com.sakethh.linkora_50.apk,ape,1,300,gh104_06,1,COMPLETED,COMPLETED,,363,270.0,255,21.8081675184836,50.0,19.64443323666625,7.0,4395.0,227,26601,8822,7,5,0,0,0,0,0,0,0,,,,7931,3,3,True,ok,False
com.sakethh.linkora_50.apk,ape,2,300,gh104_06,1,COMPLETED,COMPLETED,,369,270.0,255,21.8081675184836,50.0,19.27877947295423,7.0,4395.0,282,28762,8880,7,5,0,0,0,0,0,0,0,,,,7931,3,3,True,ok,False
com.sakethh.linkora_50.apk,ape,3,300,gh104_06,1,COMPLETED,COMPLETED,,357,270.0,255,23.51014737259961,50.0,22.040095826503595,7.0,4738.0,246,24253,9137,7,5,0,0,0,0,0,0,0,,,,7931,3,3,True,ok,False
com.sakethh.linkora_50.apk,aperv:mop_off_llm_off,1,300,gh104_06,1,COMPLETED,COMPLETED,,367,270.0,255,20.116111745149606,50.0,18.06833942756273,29.0,4054.0,347,24257,9805,42,32,0,0,0,0,0,0,0,,,,7931,3,3,True,ok,False
com.sakethh.linkora_50.apk,aperv:mop_off_llm_off,2,300,gh104_06,1,COMPLETED,COMPLETED,,365,270.0,255,21.16310226765246,50.0,18.87529945782373,7.0,4265.0,258,19926,8634,7,5,0,0,0,0,0,0,0,,,,7931,3,3,True,ok,False
com.sakethh.linkora_50.apk,aperv:mop_off_llm_off,3,300,gh104_06,1,COMPLETED,COMPLETED,,366,270.0,255,28.5863146926016,50.0,28.16794855629807,7.0,5761.0,336,19385,10306,7,5,0,0,0,0,0,0,0,,,,7931,3,3,True,ok,False
com.sakethh.linkora_50.apk,aperv:mop_on_llm_off,1,300,gh104_06,1,COMPLETED,COMPLETED,,367,270.0,255,25.63390065995137,100.0,23.95662589837347,7.0,5166.0,221,15310,9651,7,5,0,0,0,0,0,0,0,,,,7931,3,3,True,ok,False
com.sakethh.linkora_50.apk,aperv:mop_on_llm_off,2,300,gh104_06,1,COMPLETED,COMPLETED,,368,270.0,255,21.43601448915794,100.0,19.41747572815534,7.0,4320.0,273,13215,8766,7,5,0,0,0,0,0,0,0,,,,7931,3,3,True,ok,False
com.sakethh.linkora_50.apk,aperv:mop_on_llm_off,3,300,gh104_06,1,COMPLETED,COMPLETED,,369,270.0,255,25.55947005408624,100.0,23.64140713655277,7.0,5151.0,290,21835,9639,14,5,0,0,0,0,0,0,0,,,,7931,3,3,True,ok,False
com.sapuseven.untis_29198884.apk,ape,1,300,gh104_07,1,COMPLETED,COMPLETED,,362,270.0,255,29.06060606060606,25.0,32.38216021982668,28.0,4795.0,228,21906,11173,43,33,0,0,0,0,0,0,0,,,,4731,7,5,True,ok,False
com.sapuseven.untis_29198884.apk,ape,2,300,gh104_07,1,COMPLETED,COMPLETED,,364,270.0,255,29.169696969696968,25.0,32.69921792432889,29.0,4813.0,241,18503,11049,65,33,0,0,0,0,0,0,0,,,,4731,7,5,True,ok,False
com.sapuseven.untis_29198884.apk,ape,3,300,gh104_07,1,COMPLETED,COMPLETED,,364,270.0,255,12.442424242424241,25.0,10.822236313675756,25.0,2053.0,197,8117,7866,31,30,0,0,0,0,0,0,0,,,,4731,7,5,True,ok,False
com.sapuseven.untis_29198884.apk,aperv:mop_off_llm_off,1,300,gh104_07,1,COMPLETED,COMPLETED,,366,270.0,255,8.933333333333334,25.0,7.630522088353414,25.0,1474.0,195,12423,7178,34,30,0,0,0,0,0,0,0,,,,4731,7,5,True,ok,False
com.sapuseven.untis_29198884.apk,aperv:mop_off_llm_off,2,300,gh104_07,1,COMPLETED,COMPLETED,,364,270.0,255,28.066666666666666,25.0,29.613189600507294,28.0,4631.0,213,11390,10946,34,33,0,0,0,0,0,0,0,,,,4731,7,5,True,ok,False
com.sapuseven.untis_29198884.apk,aperv:mop_off_llm_off,3,300,gh104_07,1,COMPLETED,COMPLETED,,374,270.0,255,31.187878787878788,25.0,35.93320651025153,29.0,5146.0,301,26810,11027,74,33,0,0,0,0,0,0,0,,,,4731,7,5,True,ok,False
com.sapuseven.untis_29198884.apk,aperv:mop_on_llm_off,1,300,gh104_07,1,COMPLETED,COMPLETED,,366,270.0,255,32.67272727272727,50.0,37.560769393362925,28.0,5391.0,246,22598,11753,68,33,0,0,0,0,0,0,0,,,,4731,7,5,True,ok,False
com.sapuseven.untis_29198884.apk,aperv:mop_on_llm_off,2,300,gh104_07,1,COMPLETED,COMPLETED,,365,270.0,255,9.93939393939394,50.0,8.793067004861552,25.0,1640.0,188,14912,7623,62,30,0,1,0,0,0,1,1,180,crash:java.lang.NullPointerException=1,,4731,7,5,True,ok,False
com.sapuseven.untis_29198884.apk,aperv:mop_on_llm_off,3,300,gh104_07,1,COMPLETED,COMPLETED,,360,270.0,255,27.53333333333333,50.0,29.82456140350877,29.0,4543.0,288,33596,11097,130,33,0,1,0,0,0,1,1,148,crash:java.lang.NullPointerException=1,,4731,7,5,True,ok,False
com.schwegelbin.openbible_46.apk,ape,1,300,gh104_00,1,COMPLETED,COMPLETED,,362,270.0,255,63.81192275398825,100.0,64.43089430894308,0.0,760.0,352,1516,760,0,0,0,0,0,0,0,0,0,,,,492,3,2,True,ok,False
com.schwegelbin.openbible_46.apk,ape,2,300,gh104_00,1,COMPLETED,COMPLETED,,360,270.0,255,61.46095717884131,100.0,53.86178861788618,5.0,732.0,62,3586,732,23,5,0,0,5,0,0,5,5,,anr:com.schwegelbin.openbible=5,,492,3,2,True,ok,False
com.schwegelbin.openbible_46.apk,ape,3,300,gh104_00,1,COMPLETED,COMPLETED,,363,270.0,255,69.94122586062133,100.0,63.82113821138211,5.0,833.0,95,2992,833,20,5,0,0,4,0,0,4,4,,anr:com.schwegelbin.openbible=4,,492,3,2,True,ok,False
com.schwegelbin.openbible_46.apk,aperv:mop_off_llm_off,1,300,gh104_00,1,COMPLETED,COMPLETED,,366,270.0,255,47.43912678421495,100.0,36.17886178861789,5.0,565.0,66,5285,565,36,5,0,0,7,0,0,7,7,,anr:com.schwegelbin.openbible=7,,492,3,2,True,ok,False
com.schwegelbin.openbible_46.apk,aperv:mop_off_llm_off,2,300,gh104_00,1,COMPLETED,COMPLETED,,374,270.0,255,51.55331654072208,100.0,42.68292682926829,5.0,614.0,68,3286,614,23,5,0,0,7,0,0,7,7,,anr:com.schwegelbin.openbible=7,,492,3,2,True,ok,False
com.schwegelbin.openbible_46.apk,aperv:mop_off_llm_off,3,300,gh104_00,1,COMPLETED,COMPLETED,,373,270.0,255,50.79764903442485,100.0,40.65040650406504,5.0,605.0,73,4908,605,28,5,0,0,6,0,0,6,6,,anr:com.schwegelbin.openbible=6,,492,3,2,True,ok,False
com.schwegelbin.openbible_46.apk,aperv:mop_on_llm_off,1,300,gh104_00,1,COMPLETED,COMPLETED,,366,270.0,255,62.38455079764903,100.0,62.601626016260155,0.0,743.0,251,1578,743,0,0,0,0,0,0,0,0,0,,,,492,3,2,True,ok,False
com.schwegelbin.openbible_46.apk,aperv:mop_on_llm_off,2,300,gh104_00,1,COMPLETED,COMPLETED,,363,270.0,255,63.22418136020151,100.0,58.13008130081301,5.0,753.0,84,3968,753,33,5,0,0,6,0,0,6,6,,anr:com.schwegelbin.openbible=6,,492,3,2,True,ok,False
com.schwegelbin.openbible_46.apk,aperv:mop_on_llm_off,3,300,gh104_00,1,COMPLETED,COMPLETED,,364,270.0,255,59.69773299748111,100.0,53.2520325203252,5.0,711.0,67,2693,711,10,5,0,0,2,0,0,2,2,,anr:com.schwegelbin.openbible=2,,492,3,2,True,ok,False
com.serwylo.beatgame_35.apk,ape,1,300,gh104_01,1,COMPLETED,COMPLETED,,362,270.0,255,3.162260238465526,100.0,5.535055350553505,0.0,61.0,101,1911,1554,0,0,0,0,0,0,0,0,0,,,,271,1,0,True,ok,False
com.serwylo.beatgame_35.apk,ape,2,300,gh104_01,1,COMPLETED,COMPLETED,,362,270.0,255,3.162260238465526,100.0,5.535055350553505,0.0,61.0,101,1681,1426,0,0,0,0,0,0,0,0,0,,,,271,1,0,True,ok,False
com.serwylo.beatgame_35.apk,ape,3,300,gh104_01,1,COMPLETED,COMPLETED,,357,270.0,255,3.162260238465526,100.0,5.535055350553505,0.0,61.0,99,1806,1518,0,0,0,0,0,0,0,0,0,,,,271,1,0,True,ok,False
com.serwylo.beatgame_35.apk,aperv:mop_off_llm_off,1,300,gh104_01,1,COMPLETED,COMPLETED,,368,270.0,255,3.162260238465526,100.0,5.535055350553505,0.0,61.0,176,3613,1554,0,0,0,0,0,0,0,0,0,,,,271,1,0,True,ok,False
com.serwylo.beatgame_35.apk,aperv:mop_off_llm_off,2,300,gh104_01,1,COMPLETED,COMPLETED,,366,270.0,255,3.162260238465526,100.0,5.535055350553505,0.0,61.0,139,2160,1586,0,0,0,0,1,0,0,0,1,,anr:com.google.android.googlequicksearchbox=1,,271,1,0,True,ok,False
com.serwylo.beatgame_35.apk,aperv:mop_off_llm_off,3,300,gh104_01,1,COMPLETED,COMPLETED,,371,270.0,255,3.162260238465526,100.0,5.535055350553505,0.0,61.0,156,2054,1616,0,0,0,0,0,0,0,0,0,,,,271,1,0,True,ok,False
com.serwylo.beatgame_35.apk,aperv:mop_on_llm_off,1,300,gh104_01,1,COMPLETED,COMPLETED,,367,270.0,255,3.1104199066874028,100.0,5.166051660516605,0.0,60.0,144,1879,1347,0,0,0,0,0,0,0,0,0,,,,271,1,0,True,ok,False
com.serwylo.beatgame_35.apk,aperv:mop_on_llm_off,2,300,gh104_01,1,COMPLETED,COMPLETED,,365,270.0,255,3.162260238465526,100.0,5.535055350553505,0.0,61.0,193,3560,1554,0,0,0,0,0,0,0,0,0,,,,271,1,0,True,ok,False
com.serwylo.beatgame_35.apk,aperv:mop_on_llm_off,3,300,gh104_01,1,COMPLETED,COMPLETED,,366,270.0,255,3.162260238465526,100.0,5.535055350553505,0.0,61.0,186,3685,1615,0,0,0,0,0,0,0,0,0,,,,271,1,0,True,ok,False
com.serwylo.retrowars_70.apk,ape,1,300,gh104_02,2,ERROR/COMPLETED,COMPLETED,,357,270.0,255,4.97783839072622,100.0,3.821656050955414,0,146,90,1967,1672,0,0,0,0,0,0,0,0,0,,,,628,1,0,True,ok,False
com.serwylo.retrowars_70.apk,ape,2,300,gh104_02,1,COMPLETED,COMPLETED,,360,270.0,255,4.97783839072622,100.0,3.821656050955414,0.0,146.0,91,1818,1671,0,0,0,0,0,0,0,0,0,,,,628,1,0,True,ok,False
com.serwylo.retrowars_70.apk,ape,3,300,gh104_02,1,COMPLETED,COMPLETED,,367,270.0,255,4.97783839072622,100.0,3.821656050955414,0.0,146.0,89,1917,1671,0,0,0,0,0,0,0,0,0,,,,628,1,0,True,ok,False
com.serwylo.retrowars_70.apk,aperv:mop_off_llm_off,1,300,gh104_02,1,COMPLETED,COMPLETED,,363,270.0,255,4.97783839072622,100.0,3.821656050955414,0.0,146.0,185,2233,1704,0,0,0,0,0,0,0,0,0,,,,628,1,0,True,ok,False
com.serwylo.retrowars_70.apk,aperv:mop_off_llm_off,2,300,gh104_02,1,COMPLETED,COMPLETED,,360,270.0,255,12.785543811796796,100.0,11.146496815286625,0.0,375.0,181,4286,2319,0,0,0,0,0,0,0,0,0,,,,628,1,0,True,ok,False
com.serwylo.retrowars_70.apk,aperv:mop_off_llm_off,3,300,gh104_02,1,COMPLETED,COMPLETED,,369,270.0,255,4.97783839072622,100.0,3.821656050955414,0.0,146.0,120,3925,1704,0,0,0,0,1,0,0,0,1,,anr:com.google.android.googlequicksearchbox=1,,628,1,0,True,ok,False
com.serwylo.retrowars_70.apk,aperv:mop_on_llm_off,1,300,gh104_02,1,COMPLETED,COMPLETED,,363,270.0,255,4.97783839072622,100.0,3.821656050955414,0.0,146.0,161,3744,1735,0,0,0,0,0,0,0,0,0,,,,628,1,0,True,ok,False
com.serwylo.retrowars_70.apk,aperv:mop_on_llm_off,2,300,gh104_02,1,COMPLETED,COMPLETED,,367,270.0,255,4.97783839072622,100.0,3.821656050955414,0.0,146.0,177,3823,1704,0,0,0,0,0,0,0,0,0,,,,628,1,0,True,ok,False
com.serwylo.retrowars_70.apk,aperv:mop_on_llm_off,3,300,gh104_02,1,COMPLETED,COMPLETED,,367,270.0,255,4.97783839072622,100.0,3.821656050955414,0.0,146.0,135,3933,1741,0,0,0,0,0,0,0,0,0,,,,628,1,0,True,ok,False
com.shatteredpixel.shatteredpixeldungeon_896.apk,ape,1,300,gh104_03,1,COMPLETED,COMPLETED,,362,270.0,255,1.3522215067611076,50.0,0.6914893617021276,0.0,189.0,116,1524,1244,0,0,0,0,0,0,0,0,0,,,,1880,2,0,True,ok,False
com.shatteredpixel.shatteredpixeldungeon_896.apk,ape,2,300,gh104_03,1,COMPLETED,COMPLETED,,370,270.0,255,1.3522215067611076,50.0,0.6914893617021276,0.0,189.0,80,1633,1244,0,0,0,0,1,0,0,0,1,,anr:com.google.android.googlequicksearchbox=1,,1880,2,0,True,ok,False
com.shatteredpixel.shatteredpixeldungeon_896.apk,ape,3,300,gh104_03,1,COMPLETED,COMPLETED,,360,270.0,255,1.3522215067611076,50.0,0.6914893617021276,0.0,189.0,117,1511,1244,0,0,0,0,0,0,0,0,0,,,,1880,2,0,True,ok,False
com.shatteredpixel.shatteredpixeldungeon_896.apk,aperv:mop_off_llm_off,1,300,gh104_03,1,COMPLETED,COMPLETED,,363,270.0,255,1.3522215067611076,50.0,0.6914893617021276,0.0,189.0,181,1664,1245,0,0,0,0,0,0,0,0,0,,,,1880,2,0,True,ok,False
com.shatteredpixel.shatteredpixeldungeon_896.apk,aperv:mop_off_llm_off,2,300,gh104_03,1,COMPLETED,COMPLETED,,363,270.0,255,1.3522215067611076,50.0,0.6914893617021276,0.0,189.0,184,1709,1279,0,0,0,0,0,0,0,0,0,,,,1880,2,0,True,ok,False
com.shatteredpixel.shatteredpixeldungeon_896.apk,aperv:mop_off_llm_off,3,300,gh104_03,1,COMPLETED,COMPLETED,,366,270.0,255,1.3665307290548758,50.0,0.6914893617021276,0.0,191.0,186,1770,1281,0,0,0,0,0,0,0,0,0,,,,1880,2,0,True,ok,False
com.shatteredpixel.shatteredpixeldungeon_896.apk,aperv:mop_on_llm_off,1,300,gh104_03,1,COMPLETED,COMPLETED,,367,270.0,255,0.22894755670029332,0.0,0.0,0.0,32.0,172,741,327,0,0,0,0,0,0,0,0,0,,,C5,1880,2,0,True,ok,False
com.shatteredpixel.shatteredpixeldungeon_896.apk,aperv:mop_on_llm_off,2,300,gh104_03,1,COMPLETED,COMPLETED,,367,270.0,255,1.3522215067611076,50.0,0.6914893617021276,0.0,189.0,182,2660,1244,0,0,0,0,0,0,0,0,0,,,,1880,2,0,True,ok,False
com.shatteredpixel.shatteredpixeldungeon_896.apk,aperv:mop_on_llm_off,3,300,gh104_03,1,COMPLETED,COMPLETED,,364,270.0,255,2.2537025112685125,50.0,1.4893617021276597,0.0,315.0,155,3024,1436,0,0,0,0,1,0,0,0,1,,anr:com.google.android.googlequicksearchbox=1,,1880,2,0,True,ok,False
com.smartpack.packagemanager_79.apk,ape,1,300,gh104_04,1,COMPLETED,COMPLETED,,361,270.0,255,35.085574572127136,72.72727272727273,44.73684210526316,3.0,574.0,303,2166,1049,9,3,0,1,0,0,0,1,1,93,crash:java.lang.IllegalStateException=1,,76,13,5,True,ok,False
com.smartpack.packagemanager_79.apk,ape,2,300,gh104_04,1,COMPLETED,COMPLETED,,364,270.0,255,45.47677261613692,90.9090909090909,53.94736842105263,3.0,744.0,333,2188,1224,6,3,0,0,0,0,0,0,0,,,,76,13,5,True,ok,False
com.smartpack.packagemanager_79.apk,ape,3,300,gh104_04,1,COMPLETED,COMPLETED,,361,270.0,255,30.501222493887532,72.72727272727273,40.78947368421053,3.0,499.0,284,1696,987,6,3,0,0,0,0,0,0,0,,,,76,13,5,True,ok,False
com.smartpack.packagemanager_79.apk,aperv:mop_off_llm_off,1,300,gh104_04,1,COMPLETED,COMPLETED,,358,270.0,255,45.2322738386308,90.9090909090909,55.26315789473685,3.0,740.0,375,2143,1230,6,3,0,0,0,0,0,0,0,,,,76,13,5,True,ok,False
com.smartpack.packagemanager_79.apk,aperv:mop_off_llm_off,2,300,gh104_04,1,COMPLETED,COMPLETED,,360,270.0,255,45.2322738386308,72.72727272727273,56.57894736842105,3.0,740.0,380,2677,1263,6,3,0,0,0,0,0,0,0,,,,76,13,5,True,ok,False
com.smartpack.packagemanager_79.apk,aperv:mop_off_llm_off,3,300,gh104_04,1,COMPLETED,COMPLETED,,365,270.0,255,27.078239608801958,54.54545454545454,31.57894736842105,3.0,443.0,305,2671,934,9,3,0,1,0,0,0,1,1,148,crash:java.lang.IllegalStateException=1,,76,13,5,True,ok,False
com.smartpack.packagemanager_79.apk,aperv:mop_on_llm_off,1,300,gh104_04,1,COMPLETED,COMPLETED,,364,270.0,255,36.91931540342298,100.0,44.73684210526316,3.0,604.0,275,2531,1094,6,3,0,1,0,0,0,1,1,219,crash:java.lang.NullPointerException=1,,76,13,5,True,ok,False
com.smartpack.packagemanager_79.apk,aperv:mop_on_llm_off,2,300,gh104_04,1,COMPLETED,COMPLETED,,361,270.0,255,39.97555012224939,100.0,50.0,3.0,654.0,333,2478,1141,6,3,0,0,0,0,0,0,0,,,,76,13,5,True,ok,False
com.smartpack.packagemanager_79.apk,aperv:mop_on_llm_off,3,300,gh104_04,1,COMPLETED,COMPLETED,,360,270.0,255,46.515892420537895,100.0,55.26315789473685,3.0,761.0,367,2907,1251,9,3,0,1,0,0,0,1,1,211,crash:java.lang.RuntimeException=1,,76,13,5,True,ok,False
com.sshborg_18.apk,ape,1,300,gh104_05,1,COMPLETED,COMPLETED,,361,270.0,255,26.990128124343627,100.0,26.679371129109096,0.0,1285.0,265,4647,1977,0,0,0,0,0,0,0,0,0,,,,2099,2,2,True,ok,False
com.sshborg_18.apk,ape,2,300,gh104_05,1,COMPLETED,COMPLETED,,361,270.0,255,26.675068262969965,100.0,26.63172939494998,0.0,1270.0,287,3638,1942,0,0,0,0,0,0,0,0,0,,,,2099,2,2,True,ok,False
com.sshborg_18.apk,ape,3,300,gh104_05,1,COMPLETED,COMPLETED,,360,270.0,255,27.17916404116782,100.0,27.060505002382087,0.0,1294.0,314,3801,1966,0,0,0,0,0,0,0,0,0,,,,2099,2,2,True,ok,False
com.sshborg_18.apk,aperv:mop_off_llm_off,1,300,gh104_05,1,COMPLETED,COMPLETED,,361,270.0,255,34.29951690821256,100.0,36.39828489757027,0.0,1633.0,309,4859,2478,0,0,0,0,0,0,0,0,0,,,,2099,2,2,True,ok,False
com.sshborg_18.apk,aperv:mop_off_llm_off,2,300,gh104_05,1,COMPLETED,COMPLETED,,360,270.0,255,29.678638941398866,100.0,30.061934254406857,0.0,1413.0,255,3799,2260,0,0,0,0,0,0,0,0,0,,,,2099,2,2,True,ok,False
com.sshborg_18.apk,aperv:mop_off_llm_off,3,300,gh104_05,1,COMPLETED,COMPLETED,,364,270.0,255,32.95526149968494,100.0,34.206765126250595,2.0,1569.0,282,5680,2448,2,2,0,1,0,0,0,1,1,260,crash:java.lang.NoSuchMethodError=1,,2099,2,2,True,ok,False
com.sshborg_18.apk,aperv:mop_on_llm_off,1,300,gh104_05,1,COMPLETED,COMPLETED,,365,270.0,255,32.136105860113425,100.0,33.58742258218199,0.0,1530.0,273,4593,2375,0,0,0,0,0,0,0,0,0,,,,2099,2,2,True,ok,False
com.sshborg_18.apk,aperv:mop_on_llm_off,2,300,gh104_05,1,COMPLETED,COMPLETED,,363,270.0,255,30.980886368409998,100.0,31.538828013339685,0.0,1475.0,262,2758,2320,0,0,0,0,0,0,0,0,0,,,,2099,2,2,True,ok,False
com.sshborg_18.apk,aperv:mop_on_llm_off,3,300,gh104_05,1,COMPLETED,COMPLETED,,372,270.0,255,32.514177693761816,100.0,33.635064316341115,0.0,1548.0,324,4911,2393,0,0,0,0,0,0,0,0,0,,,,2099,2,2,True,ok,False
com.starry.greenstash_440.apk,ape,1,300,gh104_06,1,COMPLETED,COMPLETED,,370,270.0,255,11.70652760294911,50.0,4.995374653098982,0.0,651.0,111,1890,1586,0,0,0,0,0,0,0,0,0,,,,2162,5,3,True,ok,False
com.starry.greenstash_440.apk,ape,2,300,gh104_06,1,COMPLETED,COMPLETED,,362,270.0,255,11.70652760294911,50.0,4.995374653098982,0.0,651.0,107,3241,1586,0,0,0,0,0,0,0,0,0,,,,2162,5,3,True,ok,False
com.starry.greenstash_440.apk,ape,3,300,gh104_06,1,COMPLETED,COMPLETED,,364,270.0,255,11.418809566624708,50.0,4.902867715078631,0.0,635.0,111,3330,1568,0,0,0,0,0,0,0,0,0,,,,2162,5,3,True,ok,False
com.starry.greenstash_440.apk,aperv:mop_off_llm_off,1,300,gh104_06,1,COMPLETED,COMPLETED,,365,270.0,255,37.241503326739796,50.0,34.55134135060129,0.0,2071.0,289,10473,4169,0,0,0,0,0,0,0,0,0,,,,2162,5,3,True,ok,False
com.starry.greenstash_440.apk,aperv:mop_off_llm_off,2,300,gh104_06,1,COMPLETED,COMPLETED,,368,270.0,255,32.90775040460348,50.0,29.972247918593897,0.0,1830.0,250,7228,3830,0,0,0,0,0,0,0,0,0,,,,2162,5,3,True,ok,False
com.starry.greenstash_440.apk,aperv:mop_off_llm_off,3,300,gh104_06,1,COMPLETED,COMPLETED,,365,270.0,255,31.882754900197806,50.0,29.139685476410733,0.0,1773.0,277,10296,3869,0,0,0,0,0,0,0,0,0,,,,2162,5,3,True,ok,False
com.starry.greenstash_440.apk,aperv:mop_on_llm_off,1,300,gh104_06,1,COMPLETED,COMPLETED,,365,270.0,255,35.74896601330696,100.0,31.868640148011103,0.0,1988.0,283,7491,4008,0,0,0,0,0,0,0,0,0,,,,2162,5,3,True,ok,False
com.starry.greenstash_440.apk,aperv:mop_on_llm_off,2,300,gh104_06,1,COMPLETED,COMPLETED,,366,270.0,255,31.810825391116705,100.0,29.047178538390376,0.0,1769.0,274,9371,3765,0,0,0,0,0,0,0,0,0,,,,2162,5,3,True,ok,False
com.starry.greenstash_440.apk,aperv:mop_on_llm_off,3,300,gh104_06,1,COMPLETED,COMPLETED,,376,270.0,255,37.43930947671282,100.0,35.47641073080481,0.0,2082.0,289,7713,4177,0,0,0,0,0,0,0,0,0,,,,2162,5,3,True,ok,False
com.starry.myne_500.apk,ape,1,300,gh104_07,1,COMPLETED,COMPLETED,,362,270.0,255,46.55021834061135,50.0,48.95482130815913,12.0,2132.0,263,8907,6246,19,10,0,0,0,0,0,0,0,,,,1483,5,3,True,ok,False
com.starry.myne_500.apk,ape,2,300,gh104_07,1,COMPLETED,COMPLETED,,365,270.0,255,11.746724890829695,50.0,6.001348617666891,7.0,538.0,108,9267,2447,28,5,0,0,0,0,0,0,0,,,,1483,5,3,True,ok,False
com.starry.myne_500.apk,ape,3,300,gh104_07,1,COMPLETED,COMPLETED,,355,270.0,255,11.615720524017467,50.0,5.731625084288605,7.0,532.0,114,2205,1998,7,5,0,0,0,0,0,0,0,,,,1483,5,3,True,ok,False
com.starry.myne_500.apk,aperv:mop_off_llm_off,1,300,gh104_07,1,COMPLETED,COMPLETED,,366,270.0,255,60.89519650655022,100.0,65.13823331085638,12.0,2789.0,332,24571,7682,57,10,0,0,0,0,0,0,0,,,,1483,5,3,True,ok,False
com.starry.myne_500.apk,aperv:mop_off_llm_off,2,300,gh104_07,1,COMPLETED,COMPLETED,,342,270.0,255,45.65502183406114,50.0,47.87592717464599,12.0,2091.0,262,15246,6157,38,10,0,0,0,0,0,0,0,,,,1483,5,3,True,ok,False
com.starry.myne_500.apk,aperv:mop_off_llm_off,3,300,gh104_07,1,COMPLETED,COMPLETED,,360,270.0,255,41.41921397379913,50.0,42.75118004045853,12.0,1897.0,365,20150,5919,50,10,0,0,0,0,0,0,0,,,,1483,5,3,True,ok,False
com.starry.myne_500.apk,aperv:mop_on_llm_off,1,300,gh104_07,1,COMPLETED,COMPLETED,,365,270.0,255,42.5764192139738,50.0,44.504383007417395,12.0,1950.0,421,16153,5789,38,10,0,0,0,0,0,0,0,,,,1483,5,3,True,ok,False
com.starry.myne_500.apk,aperv:mop_on_llm_off,2,300,gh104_07,1,COMPLETED,COMPLETED,,369,270.0,255,61.04803493449782,100.0,66.21712744436951,12.0,2796.0,290,25154,7410,58,10,0,0,0,0,0,0,0,,,,1483,5,3,True,ok,False
com.starry.myne_500.apk,aperv:mop_on_llm_off,3,300,gh104_07,1,COMPLETED,COMPLETED,,364,270.0,255,44.10480349344978,50.0,46.45987862440998,12.0,2020.0,435,16443,6153,36,10,0,0,0,0,0,0,0,,,,1483,5,3,True,ok,False
com.surfaceocean.nexttraceroute_16.apk,ape,1,300,gh104_00,1,COMPLETED,COMPLETED,,365,270.0,255,47.73384763741562,100.0,42.38532110091743,0.0,495.0,358,1956,1018,0,0,0,0,0,0,0,0,0,,,,545,1,1,True,ok,False
com.surfaceocean.nexttraceroute_16.apk,ape,2,300,gh104_00,1,COMPLETED,COMPLETED,,361,270.0,255,52.55544840887174,100.0,48.62385321100918,0.0,545.0,364,2202,1065,0,0,0,0,0,0,0,0,0,,,,545,1,1,True,ok,False
com.surfaceocean.nexttraceroute_16.apk,ape,3,300,gh104_00,1,COMPLETED,COMPLETED,,360,270.0,255,48.21600771456123,100.0,43.669724770642205,0.0,500.0,297,1235,595,0,0,0,0,0,0,0,0,0,,,,545,1,1,True,ok,False
com.surfaceocean.nexttraceroute_16.apk,aperv:mop_off_llm_off,1,300,gh104_00,1,COMPLETED,COMPLETED,,366,270.0,255,59.209257473481195,100.0,58.1651376146789,0.0,614.0,334,3024,1299,0,0,0,0,0,0,0,0,0,,,,545,1,1,True,ok,False
com.surfaceocean.nexttraceroute_16.apk,aperv:mop_off_llm_off,2,300,gh104_00,1,COMPLETED,COMPLETED,,365,270.0,255,60.173577627772424,100.0,57.43119266055046,0.0,624.0,254,2031,1312,0,0,0,0,0,0,0,0,0,,,,545,1,1,True,ok,False
com.surfaceocean.nexttraceroute_16.apk,aperv:mop_off_llm_off,3,300,gh104_00,1,COMPLETED,COMPLETED,,361,270.0,255,55.930568948891036,100.0,52.66055045871559,0.0,580.0,299,2516,1267,0,0,0,0,0,0,0,0,0,,,,545,1,1,True,ok,False
com.surfaceocean.nexttraceroute_16.apk,aperv:mop_on_llm_off,1,300,gh104_00,1,COMPLETED,COMPLETED,,363,270.0,255,59.787849566055925,100.0,57.247706422018354,0.0,620.0,272,2201,1329,0,0,0,0,0,0,0,0,0,,,,545,1,1,True,ok,False
com.surfaceocean.nexttraceroute_16.apk,aperv:mop_on_llm_off,2,300,gh104_00,1,COMPLETED,COMPLETED,,365,270.0,255,57.85920925747347,100.0,53.39449541284404,0.0,600.0,301,2527,1285,0,0,0,0,0,0,0,0,0,,,,545,1,1,True,ok,False
com.surfaceocean.nexttraceroute_16.apk,aperv:mop_on_llm_off,3,300,gh104_00,1,COMPLETED,COMPLETED,,366,270.0,255,62.77724204435873,100.0,60.91743119266055,0.0,651.0,316,2538,1336,0,0,0,0,0,0,0,0,0,,,,545,1,1,True,ok,False
com.tananaev.passportreader_22.apk,ape,1,300,gh104_01,1,COMPLETED,COMPLETED,,360,270.0,255,51.94805194805194,50.0,66.66666666666666,38.0,40.0,291,8269,1997,154,40,0,0,1,0,0,1,1,,anr:com.tananaev.passportreader=1,,18,7,5,True,ok,False
com.tananaev.passportreader_22.apk,ape,2,300,gh104_01,1,COMPLETED,COMPLETED,,360,270.0,255,57.14285714285714,50.0,66.66666666666666,37.0,44.0,352,9355,1988,190,40,0,0,0,0,0,0,0,,,,18,7,5,True,ok,False
com.tananaev.passportreader_22.apk,ape,3,300,gh104_01,1,COMPLETED,COMPLETED,,359,270.0,255,51.94805194805194,50.0,66.66666666666666,38.0,40.0,516,5819,1977,117,40,0,0,0,0,0,0,0,,,,18,7,5,True,ok,False
com.tananaev.passportreader_22.apk,aperv:mop_off_llm_off,1,300,gh104_01,1,COMPLETED,COMPLETED,,365,270.0,255,57.14285714285714,50.0,66.66666666666666,38.0,44.0,364,13931,1988,268,40,0,0,1,0,0,1,1,,anr:com.tananaev.passportreader=1,,18,7,5,True,ok,False
com.tananaev.passportreader_22.apk,aperv:mop_off_llm_off,2,300,gh104_01,1,COMPLETED,COMPLETED,,364,270.0,255,53.246753246753244,50.0,66.66666666666666,38.0,41.0,373,12168,1985,231,40,0,0,0,0,0,0,0,,,,18,7,5,True,ok,False
com.tananaev.passportreader_22.apk,aperv:mop_off_llm_off,3,300,gh104_01,1,COMPLETED,COMPLETED,,363,270.0,255,57.14285714285714,50.0,66.66666666666666,37.0,44.0,397,12160,1988,225,40,0,0,0,0,0,0,0,,,,18,7,5,True,ok,False
com.tananaev.passportreader_22.apk,aperv:mop_on_llm_off,1,300,gh104_01,1,COMPLETED,COMPLETED,,365,270.0,255,59.74025974025974,100.0,72.22222222222221,38.0,46.0,285,8035,1990,190,40,0,0,0,0,0,0,0,,,,18,7,5,True,ok,False
com.tananaev.passportreader_22.apk,aperv:mop_on_llm_off,2,300,gh104_01,1,COMPLETED,COMPLETED,,364,270.0,255,59.74025974025974,100.0,72.22222222222221,38.0,46.0,331,12196,1993,271,40,0,0,0,0,0,0,0,,,,18,7,5,True,ok,False
com.tananaev.passportreader_22.apk,aperv:mop_on_llm_off,3,300,gh104_01,1,COMPLETED,COMPLETED,,364,270.0,255,64.93506493506493,100.0,72.22222222222221,37.0,50.0,364,10666,2007,188,40,0,0,0,0,0,0,0,,,,18,7,5,True,ok,False
com.tk.quicksearch_65.apk,ape,1,300,gh104_02,1,COMPLETED,COMPLETED,,364,270.0,255,10.581222056631892,16.666666666666664,5.65131635365749,16.0,3763.0,249,7363,3763,34,17,0,0,0,0,0,0,0,,,,11661,10,6,True,ok,False
com.tk.quicksearch_65.apk,ape,2,300,gh104_02,1,COMPLETED,COMPLETED,,362,270.0,255,11.121109017799398,16.666666666666664,6.397393019466597,16.0,3955.0,228,7063,4014,34,17,0,0,0,0,0,0,0,,,,11661,10,6,True,ok,False
com.tk.quicksearch_65.apk,ape,3,300,gh104_02,1,COMPLETED,COMPLETED,,362,270.0,255,9.90073953266035,16.666666666666664,5.368321756281622,16.0,3521.0,264,3717,3521,17,17,0,0,0,0,0,0,0,,,,11661,10,6,True,ok,False
com.tk.quicksearch_65.apk,aperv:mop_off_llm_off,1,300,gh104_02,1,COMPLETED,COMPLETED,,367,270.0,255,26.086100722661193,33.33333333333333,21.67052568390361,16.0,9277.0,208,14842,9341,34,17,0,0,0,0,0,0,0,,,,11661,10,6,True,ok,False
com.tk.quicksearch_65.apk,aperv:mop_off_llm_off,2,300,gh104_02,1,COMPLETED,COMPLETED,,370,270.0,255,23.07173185614262,33.33333333333333,17.888688791698826,16.0,8205.0,115,8685,8269,17,17,0,0,1,0,0,0,1,,anr:com.google.android.googlequicksearchbox=1,,11661,10,6,True,ok,False
com.tk.quicksearch_65.apk,aperv:mop_off_llm_off,3,300,gh104_02,1,COMPLETED,COMPLETED,,364,270.0,255,23.40634929561623,33.33333333333333,18.900608867164053,16.0,8324.0,164,8743,8388,17,17,0,0,0,0,0,0,0,,,,11661,10,6,True,ok,False
com.tk.quicksearch_65.apk,aperv:mop_on_llm_off,1,300,gh104_02,1,COMPLETED,COMPLETED,,370,270.0,255,23.285437111604757,66.66666666666666,18.06020066889632,16.0,8281.0,144,8689,8345,17,17,0,0,0,0,0,0,0,,,,11661,10,6,True,ok,False
com.tk.quicksearch_65.apk,aperv:mop_on_llm_off,2,300,gh104_02,1,COMPLETED,COMPLETED,,367,270.0,255,23.74377864634592,66.66666666666666,20.09261641368665,16.0,8444.0,185,8964,8508,17,17,0,0,0,0,0,0,0,,,,11661,10,6,True,ok,False
com.tk.quicksearch_65.apk,aperv:mop_on_llm_off,3,300,gh104_02,1,COMPLETED,COMPLETED,,361,270.0,255,24.961336220228887,83.33333333333334,20.05831403824715,16.0,8877.0,189,9310,8941,17,17,0,0,0,0,0,0,0,,,,11661,10,6,True,ok,False
com.trianguloy.urlchecker_47.apk,ape,1,300,gh104_03,1,COMPLETED,COMPLETED,,357,270.0,255,57.51995089011663,90.0,38.88888888888889,0.0,937.0,223,1480,939,0,0,0,0,0,0,0,0,0,,,,18,10,0,True,ok,False
com.trianguloy.urlchecker_47.apk,ape,2,300,gh104_03,1,COMPLETED,COMPLETED,,362,270.0,255,50.70595457335789,90.0,38.88888888888889,0.0,826.0,316,1821,828,0,0,0,0,0,0,0,0,0,,,,18,10,0,True,ok,False
com.trianguloy.urlchecker_47.apk,ape,3,300,gh104_03,1,COMPLETED,COMPLETED,,360,270.0,255,31.860036832412526,70.0,22.22222222222222,0.0,519.0,219,962,521,0,0,0,0,0,0,0,0,0,,,,18,10,0,True,ok,False
com.trianguloy.urlchecker_47.apk,aperv:mop_off_llm_off,1,300,gh104_03,1,COMPLETED,COMPLETED,,363,270.0,255,49.66236955187232,100.0,38.88888888888889,0.0,809.0,268,1224,811,0,0,0,0,0,0,0,0,0,,,,18,10,0,True,ok,False
com.trianguloy.urlchecker_47.apk,aperv:mop_off_llm_off,2,300,gh104_03,1,COMPLETED,COMPLETED,,364,270.0,255,33.51749539594843,80.0,22.22222222222222,0.0,546.0,264,1108,548,0,0,0,0,0,0,0,0,0,,,,18,10,0,True,ok,False
com.trianguloy.urlchecker_47.apk,aperv:mop_off_llm_off,3,300,gh104_03,1,COMPLETED,COMPLETED,,362,270.0,255,34.06998158379374,80.0,22.22222222222222,0.0,555.0,228,1192,557,0,0,0,0,0,0,0,0,0,,,,18,10,0,True,ok,False
com.trianguloy.urlchecker_47.apk,aperv:mop_on_llm_off,1,300,gh104_03,1,COMPLETED,COMPLETED,,364,270.0,255,53.161448741559234,90.0,38.88888888888889,0.0,866.0,255,1234,868,0,0,0,0,0,0,0,0,0,,,,18,10,0,True,ok,False
com.trianguloy.urlchecker_47.apk,aperv:mop_on_llm_off,2,300,gh104_03,1,COMPLETED,COMPLETED,,364,270.0,255,53.2842234499693,100.0,38.88888888888889,0.0,868.0,246,2070,870,0,0,0,3,0,0,0,3,3,216,crash:java.lang.AssertionError=3,,18,10,0,True,ok,False
com.trianguloy.urlchecker_47.apk,aperv:mop_on_llm_off,3,300,gh104_03,1,COMPLETED,COMPLETED,,358,270.0,255,44.68999386126458,90.0,38.88888888888889,0.0,728.0,195,1937,730,0,0,0,1,0,0,0,1,1,132,crash:java.lang.AssertionError=1,,18,10,0,True,ok,False
com.vermont.possin_8.apk,ape,1,300,gh104_04,1,COMPLETED,COMPLETED,,360,270.0,255,16.563658838071692,46.666666666666664,15.348837209302326,7.0,268.0,253,902,603,7,5,0,0,0,0,0,0,0,,,,430,16,8,,ok,False
com.vermont.possin_8.apk,ape,2,300,gh104_04,1,COMPLETED,COMPLETED,,361,270.0,255,18.355995055624227,46.666666666666664,17.209302325581397,7.0,297.0,244,1212,911,7,5,0,0,0,0,0,0,0,,,,430,16,8,,ok,False
com.vermont.possin_8.apk,ape,3,300,gh104_04,1,COMPLETED,COMPLETED,,357,270.0,255,19.468479604449936,46.666666666666664,19.53488372093023,7.0,315.0,263,1808,1509,7,5,0,0,0,0,0,0,0,,,,430,16,8,,ok,False
com.vermont.possin_8.apk,aperv:mop_off_llm_off,1,300,gh104_04,1,COMPLETED,COMPLETED,,370,270.0,255,18.912237330037083,46.666666666666664,19.767441860465116,7.0,306.0,253,1827,641,7,5,0,3,0,0,0,3,3,217,crash:java.lang.NullPointerException=2;crash:java.lang.RuntimeException=1,,430,16,8,,ok,False
com.vermont.possin_8.apk,aperv:mop_off_llm_off,2,300,gh104_04,1,COMPLETED,COMPLETED,,369,270.0,255,18.294190358467244,40.0,17.906976744186046,0.0,296.0,172,1249,578,0,0,0,2,0,0,0,2,2,205,crash:java.lang.RuntimeException=1;crash:java.lang.NullPointerException=1,,430,16,8,,ok,False
com.vermont.possin_8.apk,aperv:mop_off_llm_off,3,300,gh104_04,1,COMPLETED,COMPLETED,,362,270.0,255,19.097651421508036,46.666666666666664,19.069767441860467,7.0,309.0,242,2605,1650,7,5,0,2,0,0,0,2,2,217,crash:java.lang.RuntimeException=1;crash:java.lang.NullPointerException=1,,430,16,8,,ok,False
com.vermont.possin_8.apk,aperv:mop_on_llm_off,1,300,gh104_04,1,COMPLETED,COMPLETED,,367,270.0,255,27.6885043263288,60.0,27.44186046511628,12.0,448.0,260,4218,1626,26,10,0,3,0,0,0,3,3,108,crash:java.lang.NullPointerException=2;crash:java.lang.RuntimeException=1,,430,16,8,,ok,False
com.vermont.possin_8.apk,aperv:mop_on_llm_off,2,300,gh104_04,1,COMPLETED,COMPLETED,,364,270.0,255,28.121137206427687,66.66666666666666,28.604651162790695,12.0,455.0,263,4104,1634,26,10,0,3,0,0,0,3,3,197,crash:java.lang.NullPointerException=2;crash:java.lang.RuntimeException=1,,430,16,8,,ok,False
com.vermont.possin_8.apk,aperv:mop_on_llm_off,3,300,gh104_04,1,COMPLETED,COMPLETED,,362,270.0,255,27.441285537700864,66.66666666666666,27.209302325581397,7.0,444.0,264,7038,2228,28,5,0,5,0,0,0,5,5,142,crash:java.lang.NullPointerException=4;crash:java.lang.RuntimeException=1,,430,16,8,,ok,False
com.vishaltelangre.nerdcalci_490.apk,ape,1,300,gh104_05,1,COMPLETED,COMPLETED,,356,270.0,255,50.611060189428656,100.0,47.171145685997175,0.0,3313.0,288,6065,4031,0,0,0,0,0,0,0,0,0,,,,2828,3,2,True,ok,False
com.vishaltelangre.nerdcalci_490.apk,ape,2,300,gh104_05,1,COMPLETED,COMPLETED,,360,270.0,255,38.78704552398411,100.0,35.21923620933522,0.0,2539.0,241,5659,2964,0,0,0,0,0,0,0,0,0,,,,2828,3,2,True,ok,False
com.vishaltelangre.nerdcalci_490.apk,ape,3,300,gh104_05,1,COMPLETED,COMPLETED,,360,270.0,255,44.378246257256336,100.0,41.47807637906648,0.0,2905.0,258,3762,3624,0,0,0,0,0,0,0,0,0,,,,2828,3,2,True,ok,False
com.vishaltelangre.nerdcalci_490.apk,aperv:mop_off_llm_off,1,300,gh104_05,1,COMPLETED,COMPLETED,,365,270.0,255,48.120989917506876,100.0,45.12022630834512,0.0,3150.0,257,6321,3868,0,0,0,0,0,0,0,0,0,,,,2828,3,2,True,ok,False
com.vishaltelangre.nerdcalci_490.apk,aperv:mop_off_llm_off,2,300,gh104_05,1,COMPLETED,COMPLETED,,364,270.0,255,39.00091659028414,100.0,34.4059405940594,0.0,2553.0,216,4336,2553,0,0,0,0,0,0,0,0,0,,,,2828,3,2,True,ok,False
com.vishaltelangre.nerdcalci_490.apk,aperv:mop_off_llm_off,3,300,gh104_05,1,COMPLETED,COMPLETED,,364,270.0,255,44.56156431408494,100.0,41.40735502121641,0.0,2917.0,241,4056,3635,0,0,0,0,0,0,0,0,0,,,,2828,3,2,True,ok,False
com.vishaltelangre.nerdcalci_490.apk,aperv:mop_on_llm_off,1,300,gh104_05,1,COMPLETED,COMPLETED,,361,270.0,255,46.226703330278035,100.0,42.220650636492216,0.0,3026.0,303,6689,3744,0,0,0,0,0,0,0,0,0,,,,2828,3,2,True,ok,False
com.vishaltelangre.nerdcalci_490.apk,aperv:mop_on_llm_off,2,300,gh104_05,1,COMPLETED,COMPLETED,,387,270.0,255,45.432325084020775,100.0,41.230551626591236,0.0,2974.0,291,6676,3692,0,0,0,0,0,0,0,0,0,,,,2828,3,2,True,ok,False
com.vishaltelangre.nerdcalci_490.apk,aperv:mop_on_llm_off,3,300,gh104_05,1,COMPLETED,COMPLETED,,364,270.0,255,50.51940116101436,100.0,48.125884016973124,0.0,3307.0,308,5822,4025,0,0,0,0,0,0,0,0,0,,,,2828,3,2,True,ok,False
com.vrem.wifianalyzer_71.apk,ape,1,300,gh104_06,1,COMPLETED,COMPLETED,,369,270.0,255,68.12366737739872,100.0,100.0,10.0,1278.0,346,7656,2403,35,10,0,0,0,0,0,0,0,,,,12,1,0,True,ok,False
com.vrem.wifianalyzer_71.apk,ape,2,300,gh104_06,1,COMPLETED,COMPLETED,,361,270.0,255,67.0042643923241,100.0,100.0,10.0,1257.0,296,4766,2379,20,10,0,0,0,0,0,0,0,,,,12,1,0,True,ok,False
com.vrem.wifianalyzer_71.apk,ape,3,300,gh104_06,1,COMPLETED,COMPLETED,,367,270.0,255,68.60341151385929,100.0,100.0,10.0,1287.0,271,5518,2468,25,10,0,0,0,0,0,0,0,,,,12,1,0,True,ok,False
com.vrem.wifianalyzer_71.apk,aperv:mop_off_llm_off,1,300,gh104_06,1,COMPLETED,COMPLETED,,364,270.0,255,68.49680170575692,100.0,100.0,10.0,1285.0,341,8146,2407,30,10,0,0,0,0,0,0,0,,,,12,1,0,True,ok,False
com.vrem.wifianalyzer_71.apk,aperv:mop_off_llm_off,2,300,gh104_06,1,COMPLETED,COMPLETED,,366,270.0,255,69.24307036247335,100.0,100.0,10.0,1299.0,340,5246,2482,20,10,0,0,0,0,0,0,0,,,,12,1,0,True,ok,False
com.vrem.wifianalyzer_71.apk,aperv:mop_off_llm_off,3,300,gh104_06,1,COMPLETED,COMPLETED,,358,270.0,255,67.85714285714286,100.0,100.0,10.0,1273.0,372,5932,2398,20,10,0,0,0,0,0,0,0,,,,12,1,0,True,ok,False
com.vrem.wifianalyzer_71.apk,aperv:mop_on_llm_off,1,300,gh104_06,1,COMPLETED,COMPLETED,,365,270.0,255,68.28358208955224,100.0,100.0,10.0,1281.0,368,4986,2406,16,10,0,0,0,0,0,0,0,,,,12,1,0,True,ok,False
com.vrem.wifianalyzer_71.apk,aperv:mop_on_llm_off,2,300,gh104_06,1,COMPLETED,COMPLETED,,366,270.0,255,68.49680170575692,100.0,100.0,10.0,1285.0,356,8139,2410,35,10,0,0,0,0,0,0,0,,,,12,1,0,True,ok,False
com.vrem.wifianalyzer_71.apk,aperv:mop_on_llm_off,3,300,gh104_06,1,COMPLETED,COMPLETED,,359,270.0,255,67.85714285714286,100.0,100.0,10.0,1273.0,311,7385,2465,25,10,0,0,0,0,0,0,0,,,,12,1,0,True,ok,False
com.yogeshpaliyal.deepr_28.apk,ape,1,300,gh104_07,1,COMPLETED,COMPLETED,,367,270.0,255,43.8821268417681,50.0,48.18971759594497,0.0,2740.0,283,11197,7607,0,0,0,0,0,0,0,0,0,,,,2762,7,4,,ok,False
com.yogeshpaliyal.deepr_28.apk,ape,2,300,gh104_07,1,COMPLETED,COMPLETED,,362,270.0,255,40.15054452274183,50.0,44.786386676321506,0.0,2507.0,255,9103,5456,0,0,0,0,0,0,0,0,0,,,,2762,7,4,,ok,False
com.yogeshpaliyal.deepr_28.apk,ape,3,300,gh104_07,1,COMPLETED,COMPLETED,,363,270.0,255,33.39205637411916,50.0,35.80738595220854,0.0,2085.0,252,3816,3694,0,0,0,0,0,0,0,0,0,,,,2762,7,4,,ok,False
com.yogeshpaliyal.deepr_28.apk,aperv:mop_off_llm_off,1,300,gh104_07,1,COMPLETED,COMPLETED,,364,270.0,255,41.543882126841766,50.0,45.58291093410572,0.0,2594.0,226,13536,5541,0,0,0,0,0,0,0,0,0,,,,2762,7,4,,ok,False
com.yogeshpaliyal.deepr_28.apk,aperv:mop_off_llm_off,2,300,gh104_07,1,COMPLETED,COMPLETED,,368,270.0,255,41.76809737347854,50.0,45.981173062997826,0.0,2608.0,256,7396,4253,0,0,0,0,0,0,0,0,0,,,,2762,7,4,,ok,False
com.yogeshpaliyal.deepr_28.apk,aperv:mop_off_llm_off,3,300,gh104_07,1,COMPLETED,COMPLETED,,360,270.0,255,43.9301729660474,50.0,49.8189717595945,0.0,2743.0,263,14027,5701,0,0,0,2,0,0,0,2,2,126,crash:java.lang.IllegalStateException=1;crash:java.util.NoSuchElementException=1,,2762,7,4,,ok,False
com.yogeshpaliyal.deepr_28.apk,aperv:mop_on_llm_off,1,300,gh104_07,1,COMPLETED,COMPLETED,,365,270.0,255,36.85137732222934,100.0,40.55032585083273,0.0,2301.0,306,7442,4531,0,0,0,0,0,0,0,0,0,,,,2762,7,4,,ok,False
com.yogeshpaliyal.deepr_28.apk,aperv:mop_on_llm_off,2,300,gh104_07,1,COMPLETED,COMPLETED,,369,270.0,255,39.55797565663037,100.0,43.519188993482985,0.0,2470.0,249,9327,4697,0,0,0,0,0,0,0,0,0,,,,2762,7,4,,ok,False
com.yogeshpaliyal.deepr_28.apk,aperv:mop_on_llm_off,3,300,gh104_07,1,COMPLETED,COMPLETED,,365,270.0,255,42.40871236386931,100.0,46.88631426502534,0.0,2648.0,250,7508,4847,0,0,0,0,0,0,0,0,0,,,,2762,7,4,,ok,False
de.luhmer.owncloudnewsreader_196.apk,ape,1,300,gh104_00,1,COMPLETED,COMPLETED,,360,270.0,255,18.679823069071112,28.57142857142857,31.182795698924732,4.0,549.0,224,4699,1575,12,3,0,0,0,0,0,0,0,,,,93,7,3,,ok,False
de.luhmer.owncloudnewsreader_196.apk,ape,2,300,gh104_00,1,COMPLETED,COMPLETED,,362,270.0,255,19.394351820347055,28.57142857142857,32.25806451612903,4.0,570.0,223,5900,1599,16,3,0,0,0,0,0,0,0,,,,93,7,3,,ok,False
de.luhmer.owncloudnewsreader_196.apk,ape,3,300,gh104_00,1,COMPLETED,COMPLETED,,360,270.0,255,19.428376998979243,28.57142857142857,32.25806451612903,4.0,571.0,229,3094,1600,8,3,0,0,0,0,0,0,0,,,,93,7,3,,ok,False
de.luhmer.owncloudnewsreader_196.apk,aperv:mop_off_llm_off,1,300,gh104_00,1,COMPLETED,COMPLETED,,370,270.0,255,21.84416468186458,28.57142857142857,39.784946236559136,10.0,642.0,221,7870,3187,24,8,0,0,0,0,0,0,0,,,,93,7,3,,ok,False
de.luhmer.owncloudnewsreader_196.apk,aperv:mop_off_llm_off,2,300,gh104_00,1,COMPLETED,COMPLETED,,365,270.0,255,23.817625042531475,28.57142857142857,40.86021505376344,10.0,700.0,233,6836,3310,20,8,0,0,0,0,0,0,0,,,,93,7,3,,ok,False
de.luhmer.owncloudnewsreader_196.apk,aperv:mop_off_llm_off,3,300,gh104_00,1,COMPLETED,COMPLETED,,366,270.0,255,27.696495406600885,42.857142857142854,45.16129032258064,10.0,814.0,268,10161,3567,30,8,0,1,0,0,0,1,1,252,crash:java.lang.IllegalArgumentException=1,,93,7,3,,ok,False
de.luhmer.owncloudnewsreader_196.apk,aperv:mop_on_llm_off,1,300,gh104_00,1,COMPLETED,COMPLETED,,371,270.0,255,26.267437904048997,42.857142857142854,45.16129032258064,10.0,772.0,206,14971,3446,44,8,0,2,0,0,0,2,2,166,crash:java.lang.RuntimeException=2,,93,7,3,,ok,False
de.luhmer.owncloudnewsreader_196.apk,aperv:mop_on_llm_off,2,300,gh104_00,1,COMPLETED,COMPLETED,,363,270.0,255,26.539639333106496,57.14285714285714,45.16129032258064,10.0,780.0,238,13425,3430,40,8,0,2,0,0,0,2,2,157,crash:java.lang.RuntimeException=2,,93,7,3,,ok,False
de.luhmer.owncloudnewsreader_196.apk,aperv:mop_on_llm_off,3,300,gh104_00,1,COMPLETED,COMPLETED,,364,270.0,255,25.72303504593399,42.857142857142854,45.16129032258064,10.0,756.0,234,15957,3404,50,8,0,2,0,0,0,2,2,167,crash:java.lang.RuntimeException=2,,93,7,3,,ok,False
de.lukasneugebauer.nextcloudcookbook_62.apk,ape,1,300,gh104_01,1,COMPLETED,COMPLETED,,361,270.0,255,14.026220186384458,100.0,12.88888888888889,10.0,888.0,295,8091,4740,20,7,0,0,0,0,0,0,0,,,,1800,6,3,True,ok,False
de.lukasneugebauer.nextcloudcookbook_62.apk,ape,2,300,gh104_01,1,COMPLETED,COMPLETED,,359,270.0,255,14.026220186384458,100.0,12.88888888888889,10.0,888.0,234,8998,4926,27,7,0,0,0,0,0,0,0,,,,1800,6,3,True,ok,False
de.lukasneugebauer.nextcloudcookbook_62.apk,ape,3,300,gh104_01,1,COMPLETED,COMPLETED,,364,270.0,255,14.026220186384458,100.0,12.88888888888889,10.0,888.0,284,14489,3326,48,7,0,0,0,0,0,0,0,,,,1800,6,3,True,ok,False
de.lukasneugebauer.nextcloudcookbook_62.apk,aperv:mop_off_llm_off,1,300,gh104_01,1,COMPLETED,COMPLETED,,360,270.0,255,14.026220186384458,100.0,12.88888888888889,10.0,888.0,233,18049,3315,62,7,0,0,0,0,0,0,0,,,,1800,6,3,True,ok,False
de.lukasneugebauer.nextcloudcookbook_62.apk,aperv:mop_off_llm_off,2,300,gh104_01,1,COMPLETED,COMPLETED,,364,270.0,255,13.963039014373715,100.0,12.88888888888889,10.0,884.0,375,8309,4721,20,7,0,0,0,0,0,0,0,,,,1800,6,3,True,ok,False
de.lukasneugebauer.nextcloudcookbook_62.apk,aperv:mop_off_llm_off,3,300,gh104_01,1,COMPLETED,COMPLETED,,363,270.0,255,14.152582530405938,100.0,12.88888888888889,10.0,896.0,261,18151,4663,48,7,0,0,0,0,0,0,0,,,,1800,6,3,True,ok,False
de.lukasneugebauer.nextcloudcookbook_62.apk,aperv:mop_on_llm_off,1,300,gh104_01,1,COMPLETED,COMPLETED,,364,270.0,255,13.978834307376403,100.0,12.88888888888889,10.0,885.0,360,8574,4742,20,7,0,0,0,0,0,0,0,,,,1800,6,3,True,ok,False
de.lukasneugebauer.nextcloudcookbook_62.apk,aperv:mop_on_llm_off,2,300,gh104_01,1,COMPLETED,COMPLETED,,371,270.0,255,14.152582530405938,100.0,12.88888888888889,10.0,896.0,318,9000,4779,13,7,0,0,0,0,0,0,0,,,,1800,6,3,True,ok,False
de.lukasneugebauer.nextcloudcookbook_62.apk,aperv:mop_on_llm_off,3,300,gh104_01,1,COMPLETED,COMPLETED,,365,270.0,255,14.026220186384458,100.0,12.88888888888889,10.0,888.0,271,16334,4868,44,7,0,1,0,0,0,1,1,115,crash:=1,,1800,6,3,True,ok,False
de.markusfisch.android.binaryeye_174.apk,ape,1,300,gh104_02,1,COMPLETED,COMPLETED,,359,270.0,255,33.523537803138375,53.84615384615385,23.593073593073594,0.0,705.0,265,4932,3381,0,0,0,0,0,0,0,0,0,,,,462,15,9,,ok,False
de.markusfisch.android.binaryeye_174.apk,ape,2,300,gh104_02,1,COMPLETED,COMPLETED,,361,270.0,255,30.432715168806467,46.15384615384615,19.696969696969695,0.0,640.0,252,4983,3538,0,0,0,0,0,0,0,0,0,,,,462,15,9,,ok,False
de.markusfisch.android.binaryeye_174.apk,ape,3,300,gh104_02,1,COMPLETED,COMPLETED,,357,270.0,255,26.961483594864475,46.15384615384615,15.800865800865802,0.0,567.0,253,3329,1883,0,0,0,0,0,0,0,0,0,,,,462,15,9,,ok,False
de.markusfisch.android.binaryeye_174.apk,aperv:mop_off_llm_off,1,300,gh104_02,1,COMPLETED,COMPLETED,,366,270.0,255,32.81027104136947,53.84615384615385,23.376623376623375,0.0,690.0,279,3904,3427,0,0,0,0,0,0,0,0,0,,,,462,15,9,,ok,False
de.markusfisch.android.binaryeye_174.apk,aperv:mop_off_llm_off,2,300,gh104_02,1,COMPLETED,COMPLETED,,365,270.0,255,34.37945791726106,61.53846153846154,25.324675324675322,0.0,723.0,240,4949,3450,0,0,0,0,0,0,0,0,0,,,,462,15,9,,ok,False
de.markusfisch.android.binaryeye_174.apk,aperv:mop_off_llm_off,3,300,gh104_02,1,COMPLETED,COMPLETED,,368,270.0,255,32.95292439372325,53.84615384615385,25.541125541125542,0.0,693.0,241,3546,1973,0,0,0,0,0,0,0,0,0,,,,462,15,9,,ok,False
de.markusfisch.android.binaryeye_174.apk,aperv:mop_on_llm_off,1,300,gh104_02,1,COMPLETED,COMPLETED,,366,270.0,255,31.47883975273419,92.3076923076923,23.376623376623375,0.0,662.0,304,5157,3369,0,0,0,0,0,0,0,0,0,,,,462,15,9,,ok,False
de.markusfisch.android.binaryeye_174.apk,aperv:mop_on_llm_off,2,300,gh104_02,1,COMPLETED,COMPLETED,,359,270.0,255,28.483119353304804,76.92307692307693,19.480519480519483,0.0,599.0,309,5044,1836,0,0,0,0,0,0,0,0,0,,,,462,15,9,,ok,False
de.markusfisch.android.binaryeye_174.apk,aperv:mop_on_llm_off,3,300,gh104_02,1,COMPLETED,COMPLETED,,367,270.0,255,38.56395625297194,92.3076923076923,30.303030303030305,0.0,811.0,312,3967,2091,0,0,0,0,0,0,0,0,0,,,,462,15,9,,ok,False
de.markusfisch.android.shadereditor_93.apk,ape,1,300,gh104_03,1,COMPLETED,COMPLETED,,356,270.0,255,43.802014892685065,44.44444444444444,26.136363636363637,0.0,1000.0,145,4841,2581,0,0,0,0,0,0,0,0,0,,,,88,11,5,True,ok,False
de.markusfisch.android.shadereditor_93.apk,ape,2,300,gh104_03,1,COMPLETED,COMPLETED,,362,270.0,255,48.576434515987735,55.55555555555556,37.5,0.0,1109.0,119,4025,2154,0,0,0,0,0,0,0,0,0,,,,88,11,5,True,ok,False
de.markusfisch.android.shadereditor_93.apk,ape,3,300,gh104_03,1,COMPLETED,COMPLETED,,361,270.0,255,41.69951817783618,33.33333333333333,18.181818181818183,0.0,952.0,46,2225,1714,0,0,0,0,1,0,0,0,1,,anr:com.google.android.googlequicksearchbox=1,,88,11,5,True,ok,False
de.markusfisch.android.shadereditor_93.apk,aperv:mop_off_llm_off,1,300,gh104_03,1,COMPLETED,COMPLETED,,364,270.0,255,47.700394218134036,55.55555555555556,37.5,0.0,1089.0,123,4337,2143,0,0,0,1,1,0,0,1,2,231,anr:com.google.android.ims=1;crash:java.lang.NullPointerException=1,,88,11,5,True,ok,False
de.markusfisch.android.shadereditor_93.apk,aperv:mop_off_llm_off,2,300,gh104_03,1,COMPLETED,COMPLETED,,364,270.0,255,45.1598773543583,44.44444444444444,26.136363636363637,0.0,1031.0,166,2441,2006,0,0,0,0,0,0,0,0,0,,,,88,11,5,True,ok,False
de.markusfisch.android.shadereditor_93.apk,aperv:mop_off_llm_off,3,300,gh104_03,1,COMPLETED,COMPLETED,,364,270.0,255,45.1598773543583,44.44444444444444,27.27272727272727,0.0,1031.0,149,5788,3269,0,0,0,0,0,0,0,0,0,,,,88,11,5,True,ok,False
de.markusfisch.android.shadereditor_93.apk,aperv:mop_on_llm_off,1,300,gh104_03,1,COMPLETED,COMPLETED,,364,270.0,255,47.48138414367061,66.66666666666666,37.5,0.0,1084.0,99,3734,3384,0,0,0,0,0,0,0,0,0,,,,88,11,5,True,ok,False
de.markusfisch.android.shadereditor_93.apk,aperv:mop_on_llm_off,2,300,gh104_03,1,COMPLETED,COMPLETED,,364,270.0,255,45.992115637319316,55.55555555555556,32.95454545454545,0.0,1050.0,110,2594,2024,0,0,0,0,0,0,0,0,0,,,,88,11,5,True,ok,False
de.markusfisch.android.shadereditor_93.apk,aperv:mop_on_llm_off,3,300,gh104_03,1,COMPLETED,COMPLETED,,366,270.0,255,50.76653526062199,77.77777777777779,46.590909090909086,0.0,1159.0,188,2782,2212,0,0,0,0,0,0,0,0,0,,,,88,11,5,True,ok,False
de.stephanlindauer.criticalmaps_104.apk,ape,1,300,gh104_04,1,COMPLETED,COMPLETED,,363,270.0,255,68.91891891891892,100.0,86.95652173913044,12.0,510.0,318,9322,5629,24,10,0,0,0,0,0,0,0,,,,69,3,2,True,ok,False
de.stephanlindauer.criticalmaps_104.apk,ape,2,300,gh104_04,1,COMPLETED,COMPLETED,,365,270.0,255,70.4054054054054,100.0,86.95652173913044,12.0,521.0,270,9870,5921,24,10,0,0,0,0,0,0,0,,,,69,3,2,True,ok,False
de.stephanlindauer.criticalmaps_104.apk,ape,3,300,gh104_04,1,COMPLETED,COMPLETED,,362,270.0,255,69.45945945945947,100.0,86.95652173913044,12.0,514.0,310,8807,4645,24,10,0,0,0,0,0,0,0,,,,69,3,2,True,ok,False
de.stephanlindauer.criticalmaps_104.apk,aperv:mop_off_llm_off,1,300,gh104_04,1,COMPLETED,COMPLETED,,364,270.0,255,69.1891891891892,100.0,84.05797101449275,12.0,512.0,317,10167,5840,24,10,0,0,0,0,0,0,0,,,,69,3,2,True,ok,False
de.stephanlindauer.criticalmaps_104.apk,aperv:mop_off_llm_off,2,300,gh104_04,1,COMPLETED,COMPLETED,,365,270.0,255,69.32432432432432,100.0,86.95652173913044,12.0,513.0,329,8994,4556,24,10,0,0,0,0,0,0,0,,,,69,3,2,True,ok,False
de.stephanlindauer.criticalmaps_104.apk,aperv:mop_off_llm_off,3,300,gh104_04,1,COMPLETED,COMPLETED,,365,270.0,255,70.27027027027027,100.0,86.95652173913044,12.0,520.0,281,10105,5872,24,10,0,0,0,0,0,0,0,,,,69,3,2,True,ok,False
de.stephanlindauer.criticalmaps_104.apk,aperv:mop_on_llm_off,1,300,gh104_04,1,COMPLETED,COMPLETED,,367,270.0,255,70.13513513513514,100.0,86.95652173913044,12.0,519.0,318,13452,5338,36,10,0,0,0,0,0,0,0,,,,69,3,2,True,ok,False
de.stephanlindauer.criticalmaps_104.apk,aperv:mop_on_llm_off,2,300,gh104_04,1,COMPLETED,COMPLETED,,365,270.0,255,69.1891891891892,100.0,84.05797101449275,12.0,512.0,282,10290,5626,24,10,0,0,0,0,0,0,0,,,,69,3,2,True,ok,False
de.stephanlindauer.criticalmaps_104.apk,aperv:mop_on_llm_off,3,300,gh104_04,1,COMPLETED,COMPLETED,,364,270.0,255,69.1891891891892,100.0,86.95652173913044,12.0,512.0,271,9206,4654,24,10,0,0,0,0,0,0,0,,,,69,3,2,True,ok,False
dev.anilbeesetti.nextplayer_42.apk,ape,1,300,gh104_05,1,COMPLETED,COMPLETED,,362,270.0,255,29.51172074930904,33.33333333333333,26.203032300593275,0.0,2883.0,353,6972,3259,0,0,0,0,0,0,0,0,0,,,,3034,5,4,,ok,False
dev.anilbeesetti.nextplayer_42.apk,ape,2,300,gh104_05,1,COMPLETED,COMPLETED,,363,270.0,255,32.52124065922818,33.33333333333333,31.048121292023733,0.0,3177.0,351,10775,3661,0,0,0,0,0,0,0,0,0,,,,3034,5,4,,ok,False
dev.anilbeesetti.nextplayer_42.apk,ape,3,300,gh104_05,1,COMPLETED,COMPLETED,,362,270.0,255,29.66526768348859,33.33333333333333,26.697429136453525,0.0,2898.0,332,5528,3276,0,0,0,0,0,0,0,0,0,,,,3034,5,4,,ok,False
dev.anilbeesetti.nextplayer_42.apk,aperv:mop_off_llm_off,1,300,gh104_05,1,COMPLETED,COMPLETED,,365,270.0,255,33.43228580202682,33.33333333333333,30.81740276862228,0.0,3266.0,369,10415,3747,0,0,0,0,0,0,0,0,0,,,,3034,5,4,,ok,False
dev.anilbeesetti.nextplayer_42.apk,aperv:mop_off_llm_off,2,300,gh104_05,1,COMPLETED,COMPLETED,,362,270.0,255,45.52154775309653,66.66666666666666,46.40738299274885,0.0,4447.0,354,11376,5224,0,0,0,0,0,0,0,0,0,,,,3034,5,4,,ok,False
dev.anilbeesetti.nextplayer_42.apk,aperv:mop_off_llm_off,3,300,gh104_05,1,COMPLETED,COMPLETED,,365,270.0,255,44.01678779813697,66.66666666666666,44.16611733684904,0.0,4300.0,379,12768,5069,0,0,0,0,0,0,0,0,0,,,,3034,5,4,,ok,False
dev.anilbeesetti.nextplayer_42.apk,aperv:mop_on_llm_off,1,300,gh104_05,1,COMPLETED,COMPLETED,,370,270.0,255,41.90807656873785,100.0,43.37508239947264,0.0,4094.0,325,8303,4863,0,0,0,0,1,0,0,1,1,,anr:dev.anilbeesetti.nextplayer.debug=1,,3034,5,4,,ok,False
dev.anilbeesetti.nextplayer_42.apk,aperv:mop_on_llm_off,2,300,gh104_05,1,COMPLETED,COMPLETED,,369,270.0,255,44.12938888320196,100.0,44.1331575477917,0.0,4311.0,410,13202,5115,0,0,0,0,0,0,0,0,0,,,,3034,5,4,,ok,False
dev.anilbeesetti.nextplayer_42.apk,aperv:mop_on_llm_off,3,300,gh104_05,1,COMPLETED,COMPLETED,,363,270.0,255,44.35459105333197,100.0,46.17666446934739,0.0,4333.0,345,11033,5129,0,0,0,0,0,0,0,0,0,,,,3034,5,4,,ok,False
dev.dettmer.simplenotes_41.apk,ape,1,300,gh104_06,1,COMPLETED,COMPLETED,,362,270.0,255,21.12214312476583,40.0,20.261569416498997,24.0,2255.0,286,3996,2256,42,25,0,0,0,0,0,0,0,,,,4970,8,6,,ok,False
dev.dettmer.simplenotes_41.apk,ape,2,300,gh104_06,1,COMPLETED,COMPLETED,,365,270.0,255,32.7182465342825,60.0,31.991951710261567,31.0,3493.0,265,6161,4442,32,30,0,0,0,0,0,0,0,,,,4970,8,6,,ok,False
dev.dettmer.simplenotes_41.apk,ape,3,300,gh104_06,1,COMPLETED,COMPLETED,,372,270.0,255,21.346946421880855,40.0,20.58350100603622,19.0,2279.0,343,4809,2280,37,20,0,0,0,0,0,0,0,,,,4970,8,6,,ok,False
dev.dettmer.simplenotes_41.apk,aperv:mop_off_llm_off,1,300,gh104_06,1,COMPLETED,COMPLETED,,369,270.0,255,34.37617085050581,60.0,33.58148893360161,31.0,3670.0,351,7799,4830,64,30,0,0,0,0,0,0,0,,,,4970,8,6,,ok,False
dev.dettmer.simplenotes_41.apk,aperv:mop_off_llm_off,2,300,gh104_06,1,COMPLETED,COMPLETED,,369,270.0,255,29.777070063694268,60.0,28.6317907444668,16.0,3179.0,313,6228,3180,51,17,0,0,0,0,0,0,0,,,,4970,8,6,,ok,False
dev.dettmer.simplenotes_41.apk,aperv:mop_off_llm_off,3,300,gh104_06,1,COMPLETED,COMPLETED,,363,270.0,255,28.559385537654553,60.0,27.907444668008047,24.0,3049.0,317,4704,3050,47,25,0,0,0,0,0,0,0,,,,4970,8,6,,ok,False
dev.dettmer.simplenotes_41.apk,aperv:mop_on_llm_off,1,300,gh104_06,1,COMPLETED,COMPLETED,,365,270.0,255,30.404645934807046,100.0,29.09456740442656,24.0,3246.0,289,6694,3247,64,25,0,0,0,0,0,0,0,,,,4970,8,6,,ok,False
dev.dettmer.simplenotes_41.apk,aperv:mop_on_llm_off,2,300,gh104_06,1,COMPLETED,COMPLETED,,366,270.0,255,28.531285125515176,100.0,27.605633802816904,16.0,3046.0,294,4596,3047,17,17,0,0,0,0,0,0,0,,,,4970,8,6,,ok,False
dev.dettmer.simplenotes_41.apk,aperv:mop_on_llm_off,3,300,gh104_06,1,COMPLETED,COMPLETED,,364,270.0,255,27.557137504683404,100.0,26.438631790744466,16.0,2942.0,351,7139,2943,51,17,0,0,0,0,0,0,0,,,,4970,8,6,,ok,False
dev.itsvic.parceltracker_10501000.apk,ape,1,300,gh104_07,1,COMPLETED,COMPLETED,,374,270.0,255,27.265803503427264,50.0,47.46835443037975,7.0,1074.0,299,4653,1641,21,5,0,1,0,0,0,1,1,129,crash:java.lang.ArrayIndexOutOfBoundsException=1,,948,4,3,True,ok,False
dev.itsvic.parceltracker_10501000.apk,ape,2,300,gh104_07,1,COMPLETED,COMPLETED,,366,270.0,255,27.189642041127186,50.0,47.151898734177216,7.0,1071.0,284,6211,1638,28,5,0,2,0,0,0,2,2,163,crash:java.lang.ArrayIndexOutOfBoundsException=2,,948,4,3,True,ok,False
dev.itsvic.parceltracker_10501000.apk,ape,3,300,gh104_07,1,COMPLETED,COMPLETED,,363,270.0,255,27.164254887027163,50.0,47.36286919831223,7.0,1070.0,330,4634,1637,21,5,0,1,0,0,0,1,1,72,crash:java.lang.ArrayIndexOutOfBoundsException=1,,948,4,3,True,ok,False
dev.itsvic.parceltracker_10501000.apk,aperv:mop_off_llm_off,1,300,gh104_07,1,COMPLETED,COMPLETED,,364,270.0,255,29.855293221629854,50.0,50.84388185654009,7.0,1176.0,305,8662,3031,21,5,0,0,0,0,0,0,0,,,,948,4,3,True,ok,False
dev.itsvic.parceltracker_10501000.apk,aperv:mop_off_llm_off,2,300,gh104_07,1,COMPLETED,COMPLETED,,361,270.0,255,24.625539477024624,50.0,43.24894514767932,7.0,970.0,272,4319,2085,14,5,0,0,0,0,0,0,0,,,,948,4,3,True,ok,False
dev.itsvic.parceltracker_10501000.apk,aperv:mop_off_llm_off,3,300,gh104_07,1,COMPLETED,COMPLETED,,366,270.0,255,25.793348565625795,50.0,43.24894514767932,7.0,1016.0,216,3636,2061,14,5,0,0,0,0,0,0,0,,,,948,4,3,True,ok,False
dev.itsvic.parceltracker_10501000.apk,aperv:mop_on_llm_off,1,300,gh104_07,1,COMPLETED,COMPLETED,,364,270.0,255,29.677583142929677,100.0,52.53164556962025,7.0,1169.0,423,5116,2632,14,5,0,0,0,0,0,0,0,,,,948,4,3,True,ok,False
dev.itsvic.parceltracker_10501000.apk,aperv:mop_on_llm_off,2,300,gh104_07,1,COMPLETED,COMPLETED,,364,270.0,255,28.433612592028435,100.0,50.63291139240506,7.0,1120.0,353,4938,1687,21,5,0,0,0,0,0,0,0,,,,948,4,3,True,ok,False
dev.itsvic.parceltracker_10501000.apk,aperv:mop_on_llm_off,3,300,gh104_07,1,COMPLETED,COMPLETED,,367,270.0,255,29.95684183802996,100.0,53.37552742616034,7.0,1180.0,442,8388,2861,35,5,0,0,0,0,0,0,0,,,,948,4,3,True,ok,False
dev.leonlatsch.photok_62.apk,ape,1,300,gh104_00,1,COMPLETED,COMPLETED,,362,270.0,255,19.10767274268758,33.33333333333333,17.17612809315866,8.0,1803.0,230,3862,2040,14,8,0,0,0,0,0,0,0,,,,2748,4,1,True,ok,False
dev.leonlatsch.photok_62.apk,ape,2,300,gh104_00,1,COMPLETED,COMPLETED,,362,270.0,255,22.604917337855024,33.33333333333333,22.5254730713246,8.0,2133.0,287,5588,2370,20,8,0,0,0,0,0,0,0,,,,2748,4,1,True,ok,False
dev.leonlatsch.photok_62.apk,ape,3,300,gh104_00,1,COMPLETED,COMPLETED,,366,270.0,255,24.56549385332768,33.33333333333333,23.580786026200872,8.0,2318.0,279,4211,2560,14,8,0,0,0,0,0,0,0,,,,2748,4,1,True,ok,False
dev.leonlatsch.photok_62.apk,aperv:mop_off_llm_off,1,300,gh104_00,1,COMPLETED,COMPLETED,,363,270.0,255,14.677829588808816,33.33333333333333,11.826783114992722,8.0,1385.0,271,3007,1622,13,8,0,0,0,0,0,0,0,,,,2748,4,1,True,ok,False
dev.leonlatsch.photok_62.apk,aperv:mop_off_llm_off,2,300,gh104_00,1,COMPLETED,COMPLETED,,362,270.0,255,28.10512929207291,33.33333333333333,29.694323144104807,8.0,2652.0,268,6794,2894,18,8,0,0,0,0,0,0,0,,,,2748,4,1,True,ok,False
dev.leonlatsch.photok_62.apk,aperv:mop_off_llm_off,3,300,gh104_00,1,COMPLETED,COMPLETED,,364,270.0,255,7.969478592623994,33.33333333333333,4.6943231441048034,0.0,752.0,220,3902,981,0,0,0,0,0,0,0,0,0,,,,2748,4,1,True,ok,False
dev.leonlatsch.photok_62.apk,aperv:mop_on_llm_off,1,300,gh104_00,1,COMPLETED,COMPLETED,,367,270.0,255,30.627384484951246,100.0,31.077147016011647,8.0,2890.0,317,8422,3133,24,8,0,0,0,0,0,0,0,,,,2748,4,1,True,ok,False
dev.leonlatsch.photok_62.apk,aperv:mop_on_llm_off,2,300,gh104_00,1,COMPLETED,COMPLETED,,368,270.0,255,8.584145824501906,66.66666666666666,4.9490538573508,0.0,810.0,52,2084,1039,0,0,0,0,0,0,0,0,0,,,,2748,4,1,True,ok,False
dev.leonlatsch.photok_62.apk,aperv:mop_on_llm_off,3,300,gh104_00,1,COMPLETED,COMPLETED,,365,270.0,255,14.391691394658753,100.0,10.043668122270741,8.0,1358.0,250,2894,1595,8,8,0,0,0,0,0,0,0,,,,2748,4,1,True,ok,False
dev.patri9ck.a2ln_25.apk,ape,1,300,gh104_01,1,COMPLETED,COMPLETED,,361,270.0,255,48.842592592592595,100.0,42.857142857142854,0.0,211.0,297,967,561,0,0,0,0,0,0,0,0,0,,,,7,2,1,True,ok,False
dev.patri9ck.a2ln_25.apk,ape,2,300,gh104_01,1,COMPLETED,COMPLETED,,386,270.0,255,48.842592592592595,100.0,42.857142857142854,0.0,211.0,301,1050,561,0,0,0,0,0,0,0,0,0,,,,7,2,1,True,ok,False
dev.patri9ck.a2ln_25.apk,ape,3,300,gh104_01,1,COMPLETED,COMPLETED,,360,270.0,255,49.53703703703704,100.0,42.857142857142854,0.0,214.0,267,1218,564,0,0,0,0,0,0,0,0,0,,,,7,2,1,True,ok,False
dev.patri9ck.a2ln_25.apk,aperv:mop_off_llm_off,1,300,gh104_01,1,COMPLETED,COMPLETED,,364,270.0,255,48.148148148148145,100.0,42.857142857142854,0.0,208.0,325,1276,569,0,0,0,0,0,0,0,0,0,,,,7,2,1,True,ok,False
dev.patri9ck.a2ln_25.apk,aperv:mop_off_llm_off,2,300,gh104_01,1,COMPLETED,COMPLETED,,363,270.0,255,49.76851851851852,100.0,42.857142857142854,0.0,215.0,313,1160,568,0,0,0,0,0,0,0,0,0,,,,7,2,1,True,ok,False
dev.patri9ck.a2ln_25.apk,aperv:mop_off_llm_off,3,300,gh104_01,1,COMPLETED,COMPLETED,,364,270.0,255,46.99074074074074,100.0,42.857142857142854,0.0,203.0,307,1292,553,0,0,0,0,0,0,0,0,0,,,,7,2,1,True,ok,False
dev.patri9ck.a2ln_25.apk,aperv:mop_on_llm_off,1,300,gh104_01,1,COMPLETED,COMPLETED,,362,270.0,255,47.4537037037037,100.0,42.857142857142854,0.0,205.0,303,1231,558,0,0,0,0,0,0,0,0,0,,,,7,2,1,True,ok,False
dev.patri9ck.a2ln_25.apk,aperv:mop_on_llm_off,2,300,gh104_01,1,COMPLETED,COMPLETED,,363,270.0,255,49.074074074074076,100.0,42.857142857142854,0.0,212.0,329,1256,562,0,0,0,0,0,0,0,0,0,,,,7,2,1,True,ok,False
dev.patri9ck.a2ln_25.apk,aperv:mop_on_llm_off,3,300,gh104_01,1,COMPLETED,COMPLETED,,369,270.0,255,49.76851851851852,100.0,42.857142857142854,0.0,215.0,312,1277,568,0,0,0,0,0,0,0,0,0,,,,7,2,1,True,ok,False
dev.sebaubuntu.athena_17.apk,ape,1,300,gh104_02,1,COMPLETED,COMPLETED,,362,270.0,255,45.31936465021967,100.0,100.0,7.0,1341.0,396,4593,1627,21,5,0,0,0,0,0,0,0,,,,2,2,0,True,ok,False
dev.sebaubuntu.athena_17.apk,ape,2,300,gh104_02,1,COMPLETED,COMPLETED,,368,270.0,255,47.58364312267658,100.0,100.0,7.0,1408.0,469,4873,1694,21,5,0,0,0,0,0,0,0,,,,2,2,0,True,ok,False
dev.sebaubuntu.athena_17.apk,ape,3,300,gh104_02,1,COMPLETED,COMPLETED,,357,270.0,255,46.80635349780331,100.0,100.0,7.0,1385.0,373,3241,1735,14,5,0,0,0,0,0,0,0,,,,2,2,0,True,ok,False
dev.sebaubuntu.athena_17.apk,aperv:mop_off_llm_off,1,300,gh104_02,1,COMPLETED,COMPLETED,,366,270.0,255,45.42075025346401,100.0,100.0,7.0,1344.0,515,3761,1630,14,5,0,0,0,0,0,0,0,,,,2,2,0,True,ok,False
dev.sebaubuntu.athena_17.apk,aperv:mop_off_llm_off,2,300,gh104_02,1,COMPLETED,COMPLETED,,365,270.0,255,50.15207840486651,100.0,100.0,7.0,1484.0,415,5775,2763,21,5,0,0,0,0,0,0,0,,,,2,2,0,True,ok,False
dev.sebaubuntu.athena_17.apk,aperv:mop_off_llm_off,3,300,gh104_02,1,COMPLETED,COMPLETED,,367,270.0,255,46.67117269347752,100.0,100.0,7.0,1381.0,411,5821,1667,28,5,0,0,0,0,0,0,0,,,,2,2,0,True,ok,False
dev.sebaubuntu.athena_17.apk,aperv:mop_on_llm_off,1,300,gh104_02,1,COMPLETED,COMPLETED,,372,270.0,255,48.05677593781683,100.0,100.0,7.0,1422.0,641,6638,1772,28,5,0,0,0,0,0,0,0,,,,2,2,0,True,ok,False
dev.sebaubuntu.athena_17.apk,aperv:mop_on_llm_off,2,300,gh104_02,1,COMPLETED,COMPLETED,,358,270.0,255,49.17201757350456,100.0,100.0,7.0,1455.0,547,5876,2734,21,5,0,0,0,0,0,0,0,,,,2,2,0,True,ok,False
dev.sebaubuntu.athena_17.apk,aperv:mop_on_llm_off,3,300,gh104_02,1,COMPLETED,COMPLETED,,364,270.0,255,47.21189591078067,100.0,100.0,7.0,1397.0,468,7095,1742,35,5,0,0,0,0,0,0,0,,,,2,2,0,True,ok,False
dev.spiegl.flyingcarpet_21.apk,ape,1,300,gh104_03,1,COMPLETED,COMPLETED,,360,270.0,255,36.64921465968586,100.0,19.148936170212767,0.0,140.0,455,595,141,0,0,0,0,0,0,0,0,0,,,,47,2,1,True,ok,False
dev.spiegl.flyingcarpet_21.apk,ape,2,300,gh104_03,1,COMPLETED,COMPLETED,,361,270.0,255,36.64921465968586,100.0,19.148936170212767,0.0,140.0,473,698,141,0,0,0,0,0,0,0,0,0,,,,47,2,1,True,ok,False
dev.spiegl.flyingcarpet_21.apk,ape,3,300,gh104_03,1,COMPLETED,COMPLETED,,361,270.0,255,36.64921465968586,100.0,19.148936170212767,0.0,140.0,458,600,141,0,0,0,0,0,0,0,0,0,,,,47,2,1,True,ok,False
dev.spiegl.flyingcarpet_21.apk,aperv:mop_off_llm_off,1,300,gh104_03,1,COMPLETED,COMPLETED,,363,270.0,255,36.12565445026178,100.0,19.148936170212767,0.0,138.0,608,1492,139,0,0,0,2,0,0,0,2,2,100,crash:java.lang.IllegalStateException=2,,47,2,1,True,ok,False
dev.spiegl.flyingcarpet_21.apk,aperv:mop_off_llm_off,2,300,gh104_03,1,COMPLETED,COMPLETED,,363,270.0,255,36.12565445026178,100.0,19.148936170212767,0.0,138.0,600,1642,139,0,0,0,2,0,0,0,2,2,105,crash:java.lang.IllegalStateException=2,,47,2,1,True,ok,False
dev.spiegl.flyingcarpet_21.apk,aperv:mop_off_llm_off,3,300,gh104_03,1,COMPLETED,COMPLETED,,363,270.0,255,36.64921465968586,100.0,19.148936170212767,0.0,140.0,573,1148,141,0,0,0,0,0,0,0,0,0,,,,47,2,1,True,ok,False
dev.spiegl.flyingcarpet_21.apk,aperv:mop_on_llm_off,1,300,gh104_03,1,COMPLETED,COMPLETED,,361,270.0,255,36.64921465968586,100.0,19.148936170212767,0.0,140.0,504,1108,141,0,0,0,0,0,0,0,0,0,,,,47,2,1,True,ok,False
dev.spiegl.flyingcarpet_21.apk,aperv:mop_on_llm_off,2,300,gh104_03,1,COMPLETED,COMPLETED,,358,270.0,255,36.12565445026178,100.0,19.148936170212767,0.0,138.0,622,1436,139,0,0,0,1,0,0,0,1,1,218,crash:java.lang.IllegalStateException=1,,47,2,1,True,ok,False
dev.spiegl.flyingcarpet_21.apk,aperv:mop_on_llm_off,3,300,gh104_03,1,COMPLETED,COMPLETED,,357,270.0,255,36.64921465968586,100.0,19.148936170212767,0.0,140.0,571,1441,141,0,0,0,1,0,0,0,1,1,242,crash:java.lang.IllegalStateException=1,,47,2,1,True,ok,False
dev.ukanth.ufirewall_20260301.apk,ape,1,300,gh104_04,1,COMPLETED,COMPLETED,,368,270.0,255,26.268320180383313,31.25,0.0,0.0,699.0,234,16970,1439,0,0,0,0,0,0,0,0,0,,,,27,17,0,True,ok,False
dev.ukanth.ufirewall_20260301.apk,ape,2,300,gh104_04,1,COMPLETED,COMPLETED,,361,270.0,255,27.28297632468997,25.0,0.0,0.0,726.0,241,21880,1440,0,0,0,0,0,0,0,0,0,,,,27,17,0,True,ok,False
dev.ukanth.ufirewall_20260301.apk,ape,3,300,gh104_04,1,COMPLETED,COMPLETED,,360,270.0,255,24.201428034573468,18.75,0.0,0.0,644.0,266,23730,1309,0,0,0,0,0,0,0,0,0,,,,27,17,0,True,ok,False
dev.ukanth.ufirewall_20260301.apk,aperv:mop_off_llm_off,1,300,gh104_04,1,COMPLETED,COMPLETED,,363,270.0,255,29.1619691845171,31.25,0.0,0.0,776.0,311,13264,1577,0,0,0,0,0,0,0,0,0,,,,27,17,0,True,ok,False
dev.ukanth.ufirewall_20260301.apk,aperv:mop_off_llm_off,2,300,gh104_04,1,COMPLETED,COMPLETED,,364,270.0,255,24.689966178128522,25.0,0.0,0.0,657.0,296,10569,1294,0,0,0,0,0,0,0,0,0,,,,27,17,0,True,ok,False
dev.ukanth.ufirewall_20260301.apk,aperv:mop_off_llm_off,3,300,gh104_04,1,COMPLETED,COMPLETED,,366,270.0,255,24.80270574971815,25.0,0.0,0.0,660.0,335,10406,1325,0,0,0,0,0,0,0,0,0,,,,27,17,0,True,ok,False
dev.ukanth.ufirewall_20260301.apk,aperv:mop_on_llm_off,1,300,gh104_04,1,COMPLETED,COMPLETED,,363,270.0,255,23.975948891394214,31.25,0.0,0.0,638.0,293,13523,1378,0,0,0,0,0,0,0,0,0,,,,27,17,0,True,ok,False
dev.ukanth.ufirewall_20260301.apk,aperv:mop_on_llm_off,2,300,gh104_04,1,COMPLETED,COMPLETED,,363,270.0,255,23.487410747839156,25.0,0.0,0.0,625.0,308,11439,1256,0,0,0,0,0,0,0,0,0,,,,27,17,0,True,ok,False
dev.ukanth.ufirewall_20260301.apk,aperv:mop_on_llm_off,3,300,gh104_04,1,COMPLETED,COMPLETED,,362,270.0,255,26.3434798947764,31.25,0.0,0.0,701.0,297,11881,1612,0,0,0,0,0,0,0,0,0,,,,27,17,0,True,ok,False
eu.darken.myperm_20101000.apk,ape,1,300,gh104_05,1,COMPLETED,COMPLETED,,371,270.0,255,42.417815482502654,66.66666666666666,53.03691941246527,0.0,6800.0,334,13867,8076,0,0,0,0,0,0,0,0,0,,,,5038,8,3,True,ok,False
eu.darken.myperm_20101000.apk,ape,2,300,gh104_05,1,COMPLETED,COMPLETED,,362,270.0,255,38.96824901752854,33.33333333333333,48.35252084160381,0.0,6247.0,363,20537,7438,0,0,0,0,0,0,0,0,0,,,,5038,8,3,True,ok,False
eu.darken.myperm_20101000.apk,ape,3,300,gh104_05,1,COMPLETED,COMPLETED,,357,270.0,255,46.715738257126816,66.66666666666666,58.455736403334654,0.0,7489.0,315,23798,8776,0,0,0,0,0,0,0,0,0,,,,5038,8,3,True,ok,False
eu.darken.myperm_20101000.apk,aperv:mop_off_llm_off,1,300,gh104_05,1,COMPLETED,COMPLETED,,366,270.0,255,35.138169796020215,33.33333333333333,44.144501786423184,0.0,5633.0,393,19134,6798,0,0,0,0,0,0,0,0,0,,,,5038,8,3,True,ok,False
eu.darken.myperm_20101000.apk,aperv:mop_off_llm_off,2,300,gh104_05,1,COMPLETED,COMPLETED,,359,270.0,255,41.50708003243715,66.66666666666666,51.92536720921,0.0,6654.0,391,19608,7943,0,0,0,0,0,0,0,0,0,,,,5038,8,3,True,ok,False
eu.darken.myperm_20101000.apk,aperv:mop_off_llm_off,3,300,gh104_05,1,COMPLETED,COMPLETED,,359,270.0,255,44.40771006175535,66.66666666666666,54.783644303294956,0.0,7119.0,383,14986,8392,0,0,0,0,0,0,0,0,0,,,,5038,8,3,True,ok,False
eu.darken.myperm_20101000.apk,aperv:mop_on_llm_off,1,300,gh104_05,1,COMPLETED,COMPLETED,,365,270.0,255,40.90200237040734,100.0,50.93290988487495,0.0,6557.0,385,14159,7733,0,0,0,0,0,0,0,0,0,,,,5038,8,3,True,ok,False
eu.darken.myperm_20101000.apk,aperv:mop_on_llm_off,2,300,gh104_05,1,COMPLETED,COMPLETED,,359,270.0,255,43.01041731644938,100.0,53.374354902739185,0.0,6895.0,396,15121,8170,0,0,0,0,0,0,0,0,0,,,,5038,8,3,True,ok,False
eu.darken.myperm_20101000.apk,aperv:mop_on_llm_off,3,300,gh104_05,1,COMPLETED,COMPLETED,,361,270.0,255,42.31800885783794,100.0,52.838427947598255,0.0,6784.0,357,14034,8056,0,0,0,0,0,0,0,0,0,,,,5038,8,3,True,ok,False
eu.darken.sdmse_10705000.apk,ape,1,300,gh104_06,1,COMPLETED,COMPLETED,,364,270.0,255,6.055845862853845,33.33333333333333,3.819223424570337,7.0,3778.0,244,14205,5069,21,5,0,0,0,0,0,0,0,,,,25136,8,4,,ok,False
eu.darken.sdmse_10705000.apk,ape,2,300,gh104_06,1,COMPLETED,COMPLETED,,364,270.0,255,15.373641522136378,33.33333333333333,14.449395289624443,12.0,9591.0,255,35334,12553,47,10,0,0,0,0,0,0,0,,,,25136,8,4,,ok,False
eu.darken.sdmse_10705000.apk,ape,3,300,gh104_06,1,COMPLETED,COMPLETED,,373,270.0,255,18.87763280223127,33.33333333333333,18.23679185232336,7.0,11777.0,279,26833,13720,21,5,0,0,0,0,0,0,0,,,,25136,8,4,,ok,False
eu.darken.sdmse_10705000.apk,aperv:mop_off_llm_off,1,300,gh104_06,1,COMPLETED,COMPLETED,,367,270.0,255,14.788574359631967,33.33333333333333,13.95607893061744,7.0,9226.0,556,21145,11061,21,5,0,0,0,0,0,0,0,,,,25136,8,4,,ok,False
eu.darken.sdmse_10705000.apk,aperv:mop_off_llm_off,2,300,gh104_06,1,COMPLETED,COMPLETED,,367,270.0,255,19.230276023466804,33.33333333333333,18.773870146403564,7.0,11997.0,317,34890,13822,28,5,0,0,0,0,0,0,0,,,,25136,8,4,,ok,False
eu.darken.sdmse_10705000.apk,aperv:mop_off_llm_off,3,300,gh104_06,1,COMPLETED,COMPLETED,,367,270.0,255,18.14669958003398,33.33333333333333,17.747453851050288,12.0,11321.0,302,23393,13870,24,10,0,0,0,0,0,0,0,,,,25136,8,4,,ok,False
eu.darken.sdmse_10705000.apk,aperv:mop_on_llm_off,1,300,gh104_06,1,COMPLETED,COMPLETED,,383,270.0,255,19.174173692815696,100.0,18.415817950350096,7.0,11962.0,344,26411,13892,21,5,0,0,0,0,0,0,0,,,,25136,8,4,,ok,False
eu.darken.sdmse_10705000.apk,aperv:mop_on_llm_off,2,300,gh104_06,1,COMPLETED,COMPLETED,,371,270.0,255,17.803673901195783,100.0,17.222310630171865,12.0,11107.0,414,23640,14100,24,10,0,0,0,0,0,0,0,,,,25136,8,4,,ok,False
eu.darken.sdmse_10705000.apk,aperv:mop_on_llm_off,3,300,gh104_06,1,COMPLETED,COMPLETED,,368,270.0,255,18.398358606097524,100.0,17.38144493952896,7,11478,345,27098,13308,21,5,0,0,0,0,0,0,0,,,,25136,8,4,,ok,False
eu.faircode.email_2322.apk,ape,1,300,gh104_07,1,COMPLETED,COMPLETED,,366,270.0,255,14.776811594202899,15.0,10.123022847100176,5.0,2549.0,174,8304,8019,9,9,0,0,0,0,0,0,0,,,,5690,25,23,,ok,False
eu.faircode.email_2322.apk,ape,2,300,gh104_07,1,COMPLETED,COMPLETED,,365,270.0,255,13.901449275362317,15.0,10.105448154657294,5.0,2398.0,188,24782,7618,33,9,0,0,0,0,0,0,0,,,,5690,25,23,,ok,False
eu.faircode.email_2322.apk,ape,3,300,gh104_07,1,COMPLETED,COMPLETED,,366,270.0,255,14.052173913043479,15.0,10.0,5.0,2424.0,183,16734,7485,24,9,0,0,0,0,0,0,0,,,,5690,25,23,,ok,False
eu.faircode.email_2322.apk,aperv:mop_off_llm_off,1,300,gh104_07,1,COMPLETED,COMPLETED,,368,270.0,255,13.69855072463768,15.0,10.281195079086116,5.0,2363.0,186,11192,6569,15,9,0,0,1,0,0,1,1,,anr:eu.faircode.email.debug=1,,5690,25,23,,ok,False
eu.faircode.email_2322.apk,aperv:mop_off_llm_off,2,300,gh104_07,1,COMPLETED,COMPLETED,,362,270.0,255,14.626086956521739,15.0,10.404217926186291,5.0,2523.0,203,7280,6912,9,9,0,0,0,0,0,0,0,,,,5690,25,23,,ok,False
eu.faircode.email_2322.apk,aperv:mop_off_llm_off,3,300,gh104_07,1,COMPLETED,COMPLETED,,376,270.0,255,14.405797101449275,15.0,10.140597539543059,5.0,2485.0,174,7253,6870,9,9,0,0,0,0,0,0,0,,,,5690,25,23,,ok,False
eu.faircode.email_2322.apk,aperv:mop_on_llm_off,1,300,gh104_07,1,COMPLETED,COMPLETED,,367,270.0,255,16.85217391304348,35.0,11.616871704745167,5.0,2907.0,189,14889,9133,18,9,0,0,0,0,0,0,0,,,,5690,25,23,,ok,False
eu.faircode.email_2322.apk,aperv:mop_on_llm_off,2,300,gh104_07,1,COMPLETED,COMPLETED,,364,270.0,255,17.008695652173913,40.0,12.407732864674868,5.0,2934.0,212,23209,8347,33,9,0,0,0,0,0,0,0,,,,5690,25,23,,ok,False
eu.faircode.email_2322.apk,aperv:mop_on_llm_off,3,300,gh104_07,1,COMPLETED,COMPLETED,,368,270.0,255,17.472463768115944,30.0,12.302284710017574,5.0,3014.0,181,16505,7263,24,9,0,0,0,0,0,0,0,,,,5690,25,23,,ok,False
eu.opencloud.android_9.apk,ape,1,300,gh104_00,1,COMPLETED,COMPLETED,,356,270.0,255,12.434148318249358,52.17391304347826,10.597367532905839,7.0,1841.0,297,7420,2755,7,5,0,0,1,0,0,0,1,,anr:com.google.android.googlequicksearchbox=1,,2963,27,13,,ok,False
eu.opencloud.android_9.apk,ape,2,300,gh104_00,1,COMPLETED,COMPLETED,,364,270.0,255,12.812373362150478,56.52173913043478,10.833614579817752,7.0,1897.0,319,7312,2811,14,5,0,0,0,0,0,0,0,,,,2963,27,13,,ok,False
eu.opencloud.android_9.apk,ape,3,300,gh104_00,1,COMPLETED,COMPLETED,,361,270.0,255,12.812373362150478,56.52173913043478,10.833614579817752,7.0,1897.0,329,5570,2811,14,5,0,0,0,0,0,0,0,,,,2963,27,13,,ok,False
eu.opencloud.android_9.apk,aperv:mop_off_llm_off,1,300,gh104_00,1,COMPLETED,COMPLETED,,360,270.0,255,12.265297852222073,52.17391304347826,10.597367532905839,7.0,1816.0,274,7771,3131,14,5,0,0,0,0,0,0,0,,,,2963,27,13,,ok,False
eu.opencloud.android_9.apk,aperv:mop_off_llm_off,2,300,gh104_00,1,COMPLETED,COMPLETED,,362,270.0,255,13.156828312846145,56.52173913043478,11.30610867364158,7.0,1948.0,261,7881,3276,14,5,0,0,0,0,0,0,0,,,,2963,27,13,,ok,False
eu.opencloud.android_9.apk,aperv:mop_off_llm_off,3,300,gh104_00,1,COMPLETED,COMPLETED,,364,270.0,255,12.548966635147913,52.17391304347826,10.496118798515019,7.0,1858.0,312,6136,3170,14,5,0,0,0,0,0,0,0,,,,2963,27,13,,ok,False
eu.opencloud.android_9.apk,aperv:mop_on_llm_off,1,300,gh104_00,1,COMPLETED,COMPLETED,,363,270.0,255,12.407132243684993,60.86956521739131,10.698616267296659,8.0,1837.0,254,11678,3228,22,6,0,2,0,0,0,2,2,184,crash:java.lang.RuntimeException=2,,2963,27,13,,ok,False
eu.opencloud.android_9.apk,aperv:mop_on_llm_off,2,300,gh104_00,1,COMPLETED,COMPLETED,,365,270.0,255,13.062272051870863,65.21739130434783,11.069861626729665,8.0,1934.0,284,12771,3258,8,6,0,2,0,0,0,2,2,175,crash:java.lang.RuntimeException=2,,2963,27,13,,ok,False
eu.opencloud.android_9.apk,aperv:mop_on_llm_off,3,300,gh104_00,1,COMPLETED,COMPLETED,,362,270.0,255,11.643928137241659,56.52173913043478,9.483631454606817,8.0,1724.0,249,8789,3051,22,6,0,1,0,0,0,1,1,192,crash:java.lang.RuntimeException=1,,2963,27,13,,ok,False
fr.corenting.traficparis_34.apk,ape,1,300,gh104_01,1,COMPLETED,COMPLETED,,360,270.0,255,81.74474959612277,100.0,78.343949044586,7.0,506.0,323,6591,3221,14,5,0,0,0,0,0,0,0,,,,157,3,2,True,ok,False
fr.corenting.traficparis_34.apk,ape,2,300,gh104_01,1,COMPLETED,COMPLETED,,357,270.0,255,81.74474959612277,100.0,78.343949044586,7.0,506.0,261,8774,3201,21,5,0,0,0,0,0,0,0,,,,157,3,2,True,ok,False
fr.corenting.traficparis_34.apk,ape,3,300,gh104_01,1,COMPLETED,COMPLETED,,361,270.0,255,81.74474959612277,100.0,78.343949044586,7.0,506.0,306,6204,3220,14,5,0,0,0,0,0,0,0,,,,157,3,2,True,ok,False
fr.corenting.traficparis_34.apk,aperv:mop_off_llm_off,1,300,gh104_01,1,COMPLETED,COMPLETED,,362,270.0,255,83.03715670436188,100.0,80.89171974522293,7.0,514.0,610,13239,3224,28,5,0,0,0,0,0,0,0,,,,157,3,2,True,ok,False
fr.corenting.traficparis_34.apk,aperv:mop_off_llm_off,2,300,gh104_01,1,COMPLETED,COMPLETED,,360,270.0,255,83.03715670436188,100.0,80.89171974522293,7.0,514.0,599,16342,3229,35,5,0,0,0,0,0,0,0,,,,157,3,2,True,ok,False
fr.corenting.traficparis_34.apk,aperv:mop_off_llm_off,3,300,gh104_01,1,COMPLETED,COMPLETED,,363,270.0,255,83.03715670436188,100.0,80.89171974522293,7.0,514.0,471,17902,3228,42,5,0,0,0,0,0,0,0,,,,157,3,2,True,ok,False
fr.corenting.traficparis_34.apk,aperv:mop_on_llm_off,1,300,gh104_01,1,COMPLETED,COMPLETED,,365,270.0,255,83.03715670436188,100.0,80.89171974522293,7.0,514.0,509,10144,3227,21,5,0,0,0,0,0,0,0,,,,157,3,2,True,ok,False
fr.corenting.traficparis_34.apk,aperv:mop_on_llm_off,2,300,gh104_01,1,COMPLETED,COMPLETED,,364,270.0,255,83.03715670436188,100.0,80.89171974522293,7.0,514.0,511,12072,3227,28,5,0,0,0,0,0,0,0,,,,157,3,2,True,ok,False
fr.corenting.traficparis_34.apk,aperv:mop_on_llm_off,3,300,gh104_01,1,COMPLETED,COMPLETED,,366,270.0,255,83.03715670436188,100.0,80.89171974522293,7.0,514.0,464,15162,3229,35,5,0,0,0,0,0,0,0,,,,157,3,2,True,ok,False
github.paroj.dsub2000_217.apk,ape,1,300,gh104_02,1,COMPLETED,COMPLETED,,360,270.0,255,36.88176197836167,33.33333333333333,45.06627393225332,6.0,1909.0,156,5818,2368,34,5,0,0,1,0,0,1,1,,anr:github.paroj.dsub2000=1,,679,6,4,True,ok,False
github.paroj.dsub2000_217.apk,ape,2,300,gh104_02,1,COMPLETED,COMPLETED,,363,270.0,255,37.34544049459041,33.33333333333333,44.47717231222386,6.0,1933.0,208,7786,2397,42,5,0,0,0,0,0,0,0,,,,679,6,4,True,ok,False
github.paroj.dsub2000_217.apk,ape,3,300,gh104_02,1,COMPLETED,COMPLETED,,359,270.0,255,37.152241112828435,33.33333333333333,44.62444771723123,6.0,1923.0,204,6603,2389,32,5,0,0,0,0,0,0,0,,,,679,6,4,True,ok,False
github.paroj.dsub2000_217.apk,aperv:mop_off_llm_off,1,300,gh104_02,1,COMPLETED,COMPLETED,,363,270.0,255,36.82380216383307,50.0,39.175257731958766,6.0,1906.0,280,5058,2341,24,5,0,0,0,0,0,0,0,,,,679,6,4,True,ok,False
github.paroj.dsub2000_217.apk,aperv:mop_off_llm_off,2,300,gh104_02,1,COMPLETED,COMPLETED,,364,270.0,255,36.360123647604325,33.33333333333333,44.62444771723123,6.0,1882.0,201,4999,2309,28,5,0,0,0,0,0,0,0,,,,679,6,4,True,ok,False
github.paroj.dsub2000_217.apk,aperv:mop_off_llm_off,3,300,gh104_02,1,COMPLETED,COMPLETED,,366,270.0,255,39.06491499227202,33.33333333333333,46.53902798232695,6.0,2022.0,239,4577,2496,18,5,0,1,0,0,0,1,1,44,crash:java.lang.NullPointerException=1,,679,6,4,True,ok,False
github.paroj.dsub2000_217.apk,aperv:mop_on_llm_off,1,300,gh104_02,1,COMPLETED,COMPLETED,,367,270.0,255,38.523956723338486,66.66666666666666,43.15169366715759,6.0,1994.0,229,4743,2454,26,5,0,0,0,0,0,0,0,,,,679,6,4,True,ok,False
github.paroj.dsub2000_217.apk,aperv:mop_on_llm_off,2,300,gh104_02,1,COMPLETED,COMPLETED,,363,270.0,255,40.12751159196291,66.66666666666666,46.24447717231222,6.0,2077.0,241,7880,2555,34,5,0,0,0,0,0,0,0,,,,679,6,4,True,ok,False
github.paroj.dsub2000_217.apk,aperv:mop_on_llm_off,3,300,gh104_02,1,COMPLETED,COMPLETED,,364,270.0,255,40.030911901081915,83.33333333333334,46.24447717231222,6.0,2072.0,265,8629,2538,36,5,0,2,0,0,0,2,2,47,crash:java.lang.NullPointerException=2,,679,6,4,True,ok,False
io.github.garemat.lunachron_23201.apk,ape,1,300,gh104_03,1,COMPLETED,COMPLETED,,361,270.0,255,14.684742593350084,100.0,11.946291881039025,7.0,2513.0,448,14720,6792,14,5,0,0,0,0,0,0,0,,,,7969,3,2,True,ok,False
io.github.garemat.lunachron_23201.apk,ape,2,300,gh104_03,1,COMPLETED,COMPLETED,,360,270.0,255,17.261730847893414,100.0,14.945413477224246,7.0,2954.0,329,14767,7250,7,5,0,0,0,0,0,0,0,,,,7969,3,2,True,ok,False
io.github.garemat.lunachron_23201.apk,ape,3,300,gh104_03,1,COMPLETED,COMPLETED,,369,270.0,255,13.410857243031613,100.0,11.055339440331284,7.0,2295.0,348,10284,6621,7,5,0,0,0,0,0,0,0,,,,7969,3,2,True,ok,False
io.github.garemat.lunachron_23201.apk,aperv:mop_off_llm_off,1,300,gh104_03,1,COMPLETED,COMPLETED,,363,270.0,255,14.965231110851398,100.0,12.084326766219098,7.0,2561.0,341,12129,6708,7,5,0,0,0,0,0,0,0,,,,7969,3,2,True,ok,False
io.github.garemat.lunachron_23201.apk,aperv:mop_off_llm_off,2,300,gh104_03,2,ERROR/COMPLETED,COMPLETED,,365,270.0,255,19.791971016186523,100.0,17.718659806751162,0,3387,352,10092,6300,0,0,0,0,0,0,0,0,0,,,,7969,3,2,True,ok,False
io.github.garemat.lunachron_23201.apk,aperv:mop_off_llm_off,3,300,gh104_03,1,COMPLETED,COMPLETED,,363,270.0,255,17.080582013673816,100.0,14.744635462416866,7.0,2923.0,343,13961,6927,7,5,0,0,0,0,0,0,0,,,,7969,3,2,True,ok,False
io.github.garemat.lunachron_23201.apk,aperv:mop_on_llm_off,1,300,gh104_03,1,COMPLETED,COMPLETED,,364,270.0,255,15.315841757728045,100.0,12.787049818044924,0.0,2621.0,290,5695,3134,0,0,0,0,0,0,0,0,0,,,,7969,3,2,True,ok,False
io.github.garemat.lunachron_23201.apk,aperv:mop_on_llm_off,2,300,gh104_03,1,COMPLETED,COMPLETED,,362,270.0,255,17.594810962426223,100.0,15.673233780900992,7.0,3011.0,351,10405,6851,7,5,0,0,0,0,0,0,0,,,,7969,3,2,True,ok,False
io.github.garemat.lunachron_23201.apk,aperv:mop_on_llm_off,3,300,gh104_03,1,COMPLETED,COMPLETED,,367,270.0,255,17.13901712148659,100.0,15.208934621658928,7.0,2933.0,356,12789,6926,7,5,0,0,0,0,0,0,0,,,,7969,3,2,True,ok,False
io.github.jd1378.otphelper_52000.apk,ape,1,300,gh104_04,1,COMPLETED,COMPLETED,,361,270.0,255,45.28222409435551,100.0,55.483028720626635,0.0,2150.0,276,6827,4850,0,0,0,0,0,0,0,0,0,,,,1532,5,3,True,ok,False
io.github.jd1378.otphelper_52000.apk,ape,2,300,gh104_04,1,COMPLETED,COMPLETED,,360,270.0,255,38.900589721988204,100.0,45.561357702349866,0.0,1847.0,209,7759,4734,0,0,0,0,0,0,0,0,0,,,,1532,5,3,True,ok,False
io.github.jd1378.otphelper_52000.apk,ape,3,300,gh104_04,1,COMPLETED,COMPLETED,,361,270.0,255,33.12973883740523,100.0,35.704960835509134,0.0,1573.0,318,6872,4540,0,0,0,0,0,0,0,0,0,,,,1532,5,3,True,ok,False
io.github.jd1378.otphelper_52000.apk,aperv:mop_off_llm_off,1,300,gh104_04,1,COMPLETED,COMPLETED,,362,270.0,255,46.73546756529065,100.0,57.96344647519582,0.0,2219.0,390,8188,3521,0,0,0,0,0,0,0,0,0,,,,1532,5,3,True,ok,False
io.github.jd1378.otphelper_52000.apk,aperv:mop_off_llm_off,2,300,gh104_04,1,COMPLETED,COMPLETED,,363,270.0,255,43.57624262847515,100.0,52.806788511749346,0.0,2069.0,326,7138,4761,0,0,0,0,0,0,0,0,0,,,,1532,5,3,True,ok,False
io.github.jd1378.otphelper_52000.apk,aperv:mop_off_llm_off,3,300,gh104_04,1,COMPLETED,COMPLETED,,358,270.0,255,41.42796967144061,100.0,49.869451697127936,0.0,1967.0,370,8125,3250,0,0,0,0,0,0,0,0,0,,,,1532,5,3,True,ok,False
io.github.jd1378.otphelper_52000.apk,aperv:mop_on_llm_off,1,300,gh104_04,1,COMPLETED,COMPLETED,,360,270.0,255,44.08171861836563,100.0,53.26370757180157,0.0,2093.0,418,12905,5055,0,0,0,0,0,0,0,0,0,,,,1532,5,3,True,ok,False
io.github.jd1378.otphelper_52000.apk,aperv:mop_on_llm_off,2,300,gh104_04,1,COMPLETED,COMPLETED,,364,270.0,255,47.64111204717776,100.0,58.61618798955613,0.0,2262.0,373,9994,3579,0,0,0,0,0,0,0,0,0,,,,1532,5,3,True,ok,False
io.github.jd1378.otphelper_52000.apk,aperv:mop_on_llm_off,3,300,gh104_04,1,COMPLETED,COMPLETED,,362,270.0,255,42.56529064869419,100.0,50.78328981723238,0.0,2021.0,281,8741,4976,0,0,0,0,0,0,0,0,0,,,,1532,5,3,True,ok,False
io.github.samolego.canta_225.apk,ape,1,300,gh104_05,1,COMPLETED,COMPLETED,,360,270.0,255,41.812524309607156,100.0,40.99485420240137,0.0,1075.0,258,3345,1865,0,0,0,0,0,0,0,0,0,,,,1166,4,3,True,ok,False
io.github.samolego.canta_225.apk,ape,2,300,gh104_05,1,COMPLETED,COMPLETED,,382,270.0,255,43.17386231038506,100.0,44.16809605488851,0.0,1110.0,304,3579,1902,0,0,0,0,0,0,0,0,0,,,,1166,4,3,True,ok,False
io.github.samolego.canta_225.apk,ape,3,300,gh104_05,1,COMPLETED,COMPLETED,,359,270.0,255,48.15246985608713,100.0,48.19897084048028,0.0,1238.0,268,3837,2029,0,0,0,0,0,0,0,0,0,,,,1166,4,3,True,ok,False
io.github.samolego.canta_225.apk,aperv:mop_off_llm_off,1,300,gh104_05,1,COMPLETED,COMPLETED,,362,270.0,255,59.31544146246597,100.0,60.03430531732419,0.0,1525.0,466,7185,2305,0,0,0,0,0,0,0,0,0,,,,1166,4,3,True,ok,False
io.github.samolego.canta_225.apk,aperv:mop_off_llm_off,2,300,gh104_05,1,COMPLETED,COMPLETED,,358,270.0,255,57.681835861532484,100.0,58.147512864494,0.0,1483.0,306,5656,2275,0,0,0,0,0,0,0,0,0,,,,1166,4,3,True,ok,False
io.github.samolego.canta_225.apk,aperv:mop_off_llm_off,3,300,gh104_05,1,COMPLETED,COMPLETED,,359,270.0,255,51.14741345779852,100.0,51.6295025728988,0.0,1315.0,308,3948,2104,0,0,0,0,0,0,0,0,0,,,,1166,4,3,True,ok,False
io.github.samolego.canta_225.apk,aperv:mop_on_llm_off,1,300,gh104_05,1,COMPLETED,COMPLETED,,359,270.0,255,38.81758070789576,100.0,39.5368782161235,0.0,998.0,500,6596,1789,0,0,0,0,0,0,0,0,0,,,,1166,4,3,True,ok,False
io.github.samolego.canta_225.apk,aperv:mop_on_llm_off,2,300,gh104_05,1,COMPLETED,COMPLETED,,357,270.0,255,62.77712952158693,100.0,64.57975986277873,0.0,1614.0,368,5931,2405,0,0,0,0,0,0,0,0,0,,,,1166,4,3,True,ok,False
io.github.samolego.canta_225.apk,aperv:mop_on_llm_off,3,300,gh104_05,1,COMPLETED,COMPLETED,,359,270.0,255,51.26409957215091,100.0,52.05831903945112,0.0,1318.0,541,6608,2105,0,0,0,0,0,0,0,0,0,,,,1166,4,3,True,ok,False
io.keepalive.android_133.apk,ape,1,300,gh104_06,1,COMPLETED,COMPLETED,,361,270.0,255,24.552160168598526,100.0,32.92181069958848,0,233,237,829,359,0,0,0,0,0,0,0,0,0,,,,243,3,3,True,ok,False
io.keepalive.android_133.apk,ape,2,300,gh104_06,1,COMPLETED,COMPLETED,,354,270.0,255,24.341412012644888,100.0,30.45267489711934,0,231,229,735,357,0,0,0,0,0,0,0,0,0,,,,243,3,3,True,ok,False
io.keepalive.android_133.apk,ape,3,300,gh104_06,1,COMPLETED,COMPLETED,,354,270.0,255,18.335089567966282,66.66666666666666,21.810699588477366,0,174,238,523,300,0,0,0,0,0,0,0,0,0,,,,243,3,3,True,ok,False
io.keepalive.android_133.apk,aperv:mop_off_llm_off,1,300,gh104_06,1,COMPLETED,COMPLETED,,360,270.0,255,22.866174920969442,100.0,30.04115226337449,0,217,264,840,391,0,0,0,0,0,0,0,0,0,,,,243,3,3,True,ok,False
io.keepalive.android_133.apk,aperv:mop_off_llm_off,2,300,gh104_06,1,COMPLETED,COMPLETED,,363,270.0,255,22.0231822971549,100.0,29.218106995884774,0,209,234,980,383,0,0,0,0,0,0,0,0,0,,,,243,3,3,True,ok,False
io.keepalive.android_133.apk,aperv:mop_off_llm_off,3,300,gh104_06,1,COMPLETED,COMPLETED,,363,270.0,255,12.644889357218126,66.66666666666666,17.695473251028808,0,120,373,842,180,0,0,0,0,0,0,0,0,0,,,,243,3,3,True,ok,False
io.keepalive.android_133.apk,aperv:mop_on_llm_off,1,300,gh104_06,1,COMPLETED,COMPLETED,,359,270.0,255,24.446786090621707,100.0,33.33333333333333,0,232,226,993,416,0,0,0,0,0,0,0,0,0,,,,243,3,3,True,ok,False
io.keepalive.android_133.apk,aperv:mop_on_llm_off,2,300,gh104_06,1,COMPLETED,COMPLETED,,357,270.0,255,23.39304531085353,100.0,31.275720164609055,0,222,269,1021,404,0,0,0,0,0,0,0,0,0,,,,243,3,3,True,ok,False
io.keepalive.android_133.apk,aperv:mop_on_llm_off,3,300,gh104_06,1,COMPLETED,COMPLETED,,361,270.0,255,22.0231822971549,100.0,27.572016460905353,0,209,229,749,383,0,0,0,0,0,0,0,0,0,,,,243,3,3,True,ok,False
io.treehouses.remote_6098.apk,ape,1,300,gh104_07,1,COMPLETED,COMPLETED,,363,270.0,255,13.73450619752099,50.0,20.32520325203252,7.0,687.0,324,4134,2328,21,5,0,1,0,0,0,1,1,293,crash:java.lang.NumberFormatException=1,,492,8,2,True,ok,False
io.treehouses.remote_6098.apk,ape,2,300,gh104_07,1,COMPLETED,COMPLETED,,361,270.0,255,14.594162335065974,50.0,20.73170731707317,7.0,730.0,255,4502,1471,28,5,0,1,0,0,0,1,1,95,crash:java.lang.NumberFormatException=1,,492,8,2,True,ok,False
io.treehouses.remote_6098.apk,ape,3,300,gh104_07,1,COMPLETED,COMPLETED,,361,270.0,255,11.835265893642543,50.0,17.073170731707318,7.0,592.0,397,3868,2022,21,5,0,0,0,0,0,0,0,,,,492,8,2,True,ok,False
io.treehouses.remote_6098.apk,aperv:mop_off_llm_off,1,300,gh104_07,1,COMPLETED,COMPLETED,,364,270.0,255,13.774490203918432,50.0,20.73170731707317,7.0,689.0,307,3615,1429,21,5,0,1,0,0,0,1,1,244,crash:java.lang.NumberFormatException=1,,492,8,2,True,ok,False
io.treehouses.remote_6098.apk,aperv:mop_off_llm_off,2,300,gh104_07,1,COMPLETED,COMPLETED,,366,270.0,255,13.594562175129948,50.0,17.682926829268293,7.0,680.0,355,2734,1420,14,5,0,0,0,0,0,0,0,,,,492,8,2,True,ok,False
io.treehouses.remote_6098.apk,aperv:mop_off_llm_off,3,300,gh104_07,1,COMPLETED,COMPLETED,,362,270.0,255,13.114754098360656,50.0,18.29268292682927,7.0,656.0,288,3447,1376,21,5,0,1,0,0,0,1,1,39,crash:java.lang.NumberFormatException=1,,492,8,2,True,ok,False
io.treehouses.remote_6098.apk,aperv:mop_on_llm_off,1,300,gh104_07,1,COMPLETED,COMPLETED,,364,270.0,255,13.214714114354258,50.0,18.69918699186992,7.0,661.0,304,4395,2294,21,5,0,0,0,0,0,0,0,,,,492,8,2,True,ok,False
io.treehouses.remote_6098.apk,aperv:mop_on_llm_off,2,300,gh104_07,1,COMPLETED,COMPLETED,,362,270.0,255,13.974410235905637,50.0,22.35772357723577,15.0,699.0,266,5516,2320,36,11,0,2,0,0,0,2,2,190,crash:java.lang.NumberFormatException=2,,492,8,2,True,ok,False
io.treehouses.remote_6098.apk,aperv:mop_on_llm_off,3,300,gh104_07,1,COMPLETED,COMPLETED,,364,270.0,255,14.83406637345062,50.0,20.934959349593495,7.0,742.0,244,2841,1462,14,5,0,1,0,0,0,0,1,25,crash:java.lang.SecurityException=1,,492,8,2,True,ok,False
it.danieleverducci.nextcloudmaps_9.apk,ape,1,300,gh104_00,1,COMPLETED,COMPLETED,,362,270.0,255,2.1484375,33.33333333333333,0.0,0.0,11.0,228,543,165,0,0,0,0,0,0,0,0,0,,,,3,6,0,True,ok,False
it.danieleverducci.nextcloudmaps_9.apk,ape,2,300,gh104_00,1,COMPLETED,COMPLETED,,360,270.0,255,2.1484375,33.33333333333333,0.0,0.0,11.0,251,534,165,0,0,0,0,0,0,0,0,0,,,,3,6,0,True,ok,False
it.danieleverducci.nextcloudmaps_9.apk,ape,3,300,gh104_00,1,COMPLETED,COMPLETED,,360,270.0,255,2.1484375,33.33333333333333,0.0,0.0,11.0,247,353,165,0,0,0,0,0,0,0,0,0,,,,3,6,0,True,ok,False
it.danieleverducci.nextcloudmaps_9.apk,aperv:mop_off_llm_off,1,300,gh104_00,1,COMPLETED,COMPLETED,,358,270.0,255,2.1484375,33.33333333333333,0.0,0.0,11.0,607,1463,165,0,0,0,0,0,0,0,0,0,,,,3,6,0,True,ok,False
it.danieleverducci.nextcloudmaps_9.apk,aperv:mop_off_llm_off,2,300,gh104_00,1,COMPLETED,COMPLETED,,361,270.0,255,2.1484375,33.33333333333333,0.0,0.0,11.0,556,1217,165,0,0,0,0,0,0,0,0,0,,,,3,6,0,True,ok,False
it.danieleverducci.nextcloudmaps_9.apk,aperv:mop_off_llm_off,3,300,gh104_00,1,COMPLETED,COMPLETED,,362,270.0,255,2.1484375,33.33333333333333,0.0,0.0,11.0,621,1289,165,0,0,0,0,0,0,0,0,0,,,,3,6,0,True,ok,False
it.danieleverducci.nextcloudmaps_9.apk,aperv:mop_on_llm_off,1,300,gh104_00,1,COMPLETED,COMPLETED,,363,270.0,255,2.1484375,33.33333333333333,0.0,0.0,11.0,597,1375,165,0,0,0,0,0,0,0,0,0,,,,3,6,0,True,ok,False
it.danieleverducci.nextcloudmaps_9.apk,aperv:mop_on_llm_off,2,300,gh104_00,1,COMPLETED,COMPLETED,,358,270.0,255,2.1484375,33.33333333333333,0.0,0.0,11.0,584,1294,165,0,0,0,0,0,0,0,0,0,,,,3,6,0,True,ok,False
it.danieleverducci.nextcloudmaps_9.apk,aperv:mop_on_llm_off,3,300,gh104_00,1,COMPLETED,COMPLETED,,358,270.0,255,2.1484375,33.33333333333333,0.0,0.0,11.0,576,1424,165,0,0,0,0,0,0,0,0,0,,,,3,6,0,True,ok,False
it.niedermann.owncloud.notes_340000090.apk,ape,1,300,gh104_01,1,COMPLETED,COMPLETED,,362,270.0,255,11.418080083930757,21.428571428571427,6.666666666666667,0.0,653.0,305,4414,2333,0,0,0,0,0,0,0,0,0,,,,1110,15,10,,ok,False
it.niedermann.owncloud.notes_340000090.apk,ape,2,300,gh104_01,1,COMPLETED,COMPLETED,,363,270.0,255,11.418080083930757,21.428571428571427,6.666666666666667,0.0,653.0,298,6666,2333,0,0,0,0,0,0,0,0,0,,,,1110,15,10,,ok,False
it.niedermann.owncloud.notes_340000090.apk,ape,3,300,gh104_01,1,COMPLETED,COMPLETED,,361,270.0,255,11.418080083930757,21.428571428571427,6.666666666666667,0.0,653.0,321,4414,2141,0,0,0,0,0,0,0,0,0,,,,1110,15,10,,ok,False
it.niedermann.owncloud.notes_340000090.apk,aperv:mop_off_llm_off,1,300,gh104_01,1,COMPLETED,COMPLETED,,365,270.0,255,11.627906976744185,21.428571428571427,6.666666666666667,0.0,665.0,400,5010,2434,0,0,0,0,0,0,0,0,0,,,,1110,15,10,,ok,False
it.niedermann.owncloud.notes_340000090.apk,aperv:mop_off_llm_off,2,300,gh104_01,1,COMPLETED,COMPLETED,,365,270.0,255,11.400594509529638,21.428571428571427,6.666666666666667,0.0,652.0,618,8309,2182,0,0,0,0,0,0,0,0,0,,,,1110,15,10,,ok,False
it.niedermann.owncloud.notes_340000090.apk,aperv:mop_off_llm_off,3,300,gh104_01,1,COMPLETED,COMPLETED,,361,270.0,255,11.610421402343068,21.428571428571427,6.666666666666667,0.0,664.0,277,5147,2566,0,0,0,0,0,0,0,0,0,,,,1110,15,10,,ok,False
it.niedermann.owncloud.notes_340000090.apk,aperv:mop_on_llm_off,1,300,gh104_01,1,COMPLETED,COMPLETED,,364,270.0,255,14.268228711313165,71.42857142857143,8.64864864864865,0.0,816.0,391,13311,2598,0,0,0,4,0,0,0,4,4,106,crash:java.lang.RuntimeException=2;crash:com.nextcloud.android.sso.exceptions.NoCurrentAccountSelectedException=2,,1110,15,10,,ok,False
it.niedermann.owncloud.notes_340000090.apk,aperv:mop_on_llm_off,2,300,gh104_01,1,COMPLETED,COMPLETED,,366,270.0,255,14.757824794544499,71.42857142857143,8.91891891891892,0.0,844.0,336,9654,2569,0,0,0,3,0,0,0,3,3,100,crash:java.lang.RuntimeException=2;crash:com.nextcloud.android.sso.exceptions.NoCurrentAccountSelectedException=1,,1110,15,10,,ok,False
it.niedermann.owncloud.notes_340000090.apk,aperv:mop_on_llm_off,3,300,gh104_01,1,COMPLETED,COMPLETED,,364,270.0,255,14.722853645742262,71.42857142857143,9.00900900900901,0.0,842.0,357,9426,2623,0,0,0,4,0,0,0,4,4,117,crash:java.lang.RuntimeException=2;crash:com.nextcloud.android.sso.exceptions.NoCurrentAccountSelectedException=2,,1110,15,10,,ok,False
jwtc.android.chess_283.apk,ape,1,300,gh104_02,1,COMPLETED,COMPLETED,,360,270.0,255,28.92998678996037,45.0,0.0,0.0,657.0,275,974,759,0,0,0,0,0,0,0,0,0,,,,4,22,0,True,ok,False
jwtc.android.chess_283.apk,ape,2,300,gh104_02,1,COMPLETED,COMPLETED,,360,270.0,255,41.69969176574197,75.0,100.0,7.0,947.0,310,1781,1321,7,5,0,0,0,0,0,0,0,,,,4,22,0,True,ok,False
jwtc.android.chess_283.apk,ape,3,300,gh104_02,1,COMPLETED,COMPLETED,,363,270.0,255,30.33905768383972,45.0,0.0,0.0,689.0,298,1083,797,0,0,0,0,0,0,0,0,0,,,,4,22,0,True,ok,False
jwtc.android.chess_283.apk,aperv:mop_off_llm_off,1,300,gh104_02,1,COMPLETED,COMPLETED,,364,270.0,255,44.34169969176574,60.0,100.0,7.0,1007.0,289,2152,1409,7,5,0,0,0,0,0,0,0,,,,4,22,0,True,ok,False
jwtc.android.chess_283.apk,aperv:mop_off_llm_off,2,300,gh104_02,1,COMPLETED,COMPLETED,,360,270.0,255,33.465433729634526,45.0,0.0,0.0,760.0,333,1616,864,0,0,0,0,0,0,0,0,0,,,,4,22,0,True,ok,False
jwtc.android.chess_283.apk,aperv:mop_off_llm_off,3,300,gh104_02,1,COMPLETED,COMPLETED,,363,270.0,255,28.885953324526643,50.0,100.0,7.0,656.0,305,1707,1049,7,5,0,0,0,0,0,0,0,,,,4,22,0,True,ok,False
jwtc.android.chess_283.apk,aperv:mop_on_llm_off,1,300,gh104_02,1,COMPLETED,COMPLETED,,363,270.0,255,28.269484808454425,50.0,0.0,0.0,642.0,259,1535,745,0,0,0,0,0,0,0,0,0,,,,4,22,0,True,ok,False
jwtc.android.chess_283.apk,aperv:mop_on_llm_off,2,300,gh104_02,1,COMPLETED,COMPLETED,,390,270.0,255,26.992514310876263,35.0,0.0,0.0,613.0,296,1269,714,0,0,0,0,0,0,0,0,0,,,,4,22,0,True,ok,False
jwtc.android.chess_283.apk,aperv:mop_on_llm_off,3,300,gh104_02,1,COMPLETED,COMPLETED,,363,270.0,255,37.42844561867019,65.0,100.0,7.0,850.0,287,2297,1246,7,5,0,0,0,0,0,0,0,,,,4,22,0,True,ok,False
me.diamondforge.tokn_19.apk,ape,1,300,gh104_03,1,COMPLETED,COMPLETED,,355,270.0,255,23.34936598163533,100.0,21.502209131075112,4.0,2136.0,347,6220,2483,14,4,0,0,0,0,0,0,0,,,,3395,2,2,,ok,False
me.diamondforge.tokn_19.apk,ape,2,300,gh104_03,1,COMPLETED,COMPLETED,,361,270.0,255,30.006558810669,100.0,29.101620029455084,4.0,2745.0,350,6440,3094,8,4,0,0,0,0,0,0,0,,,,3395,2,2,,ok,False
me.diamondforge.tokn_19.apk,ape,3,300,gh104_03,1,COMPLETED,COMPLETED,,361,270.0,255,29.68954962833406,100.0,28.512518409425624,4.0,2716.0,346,4735,3064,7,4,0,0,0,0,0,0,0,,,,3395,2,2,,ok,False
me.diamondforge.tokn_19.apk,aperv:mop_off_llm_off,1,300,gh104_03,1,COMPLETED,COMPLETED,,365,270.0,255,30.870135548753826,100.0,30.191458026509572,4.0,2824.0,343,5513,3160,7,4,0,0,0,0,0,0,0,,,,3395,2,2,,ok,False
me.diamondforge.tokn_19.apk,aperv:mop_off_llm_off,2,300,gh104_03,1,COMPLETED,COMPLETED,,361,270.0,255,32.20376038478356,100.0,31.634756995581736,4.0,2946.0,374,6370,3295,7,4,0,0,0,0,0,0,0,,,,3395,2,2,,ok,False
me.diamondforge.tokn_19.apk,aperv:mop_off_llm_off,3,300,gh104_03,1,COMPLETED,COMPLETED,,357,270.0,255,33.176650634018365,100.0,32.047128129602356,4.0,3035.0,372,6255,3383,7,4,0,0,1,0,0,0,1,,anr:com.google.android.inputmethod.latin=1,,3395,2,2,,ok,False
me.diamondforge.tokn_19.apk,aperv:mop_on_llm_off,1,300,gh104_03,2,ERROR/COMPLETED,COMPLETED,,360,270.0,255,31.329252295583732,100.0,30.132547864506627,4,2866,371,6328,3216,7,4,0,0,0,0,0,0,0,,,,3395,2,2,,ok,False
me.diamondforge.tokn_19.apk,aperv:mop_on_llm_off,2,300,gh104_03,1,COMPLETED,COMPLETED,,361,270.0,255,31.897682553563623,100.0,30.78055964653903,4.0,2918.0,351,5812,3267,8,4,0,0,0,0,0,0,0,,,,3395,2,2,,ok,False
me.diamondforge.tokn_19.apk,aperv:mop_on_llm_off,3,300,gh104_03,1,COMPLETED,COMPLETED,,359,270.0,255,34.61958898119807,100.0,34.609720176730484,4.0,3167.0,359,6682,3515,7,4,0,0,0,0,0,0,0,,,,3395,2,2,,ok,False
me.hackerchick.sharetoinputstick_26.apk,ape,1,300,gh104_04,1,COMPLETED,COMPLETED,,356,270.0,255,60.0,100.0,31.25,0.0,171.0,281,737,233,0,0,0,0,0,0,0,0,0,,,,16,1,0,True,ok,False
me.hackerchick.sharetoinputstick_26.apk,ape,2,300,gh104_04,1,COMPLETED,COMPLETED,,359,270.0,255,60.0,100.0,31.25,0.0,171.0,302,614,233,0,0,0,0,0,0,0,0,0,,,,16,1,0,True,ok,False
me.hackerchick.sharetoinputstick_26.apk,ape,3,300,gh104_04,1,COMPLETED,COMPLETED,,358,270.0,255,58.94736842105262,100.0,31.25,0.0,168.0,248,579,230,0,0,0,0,0,0,0,0,0,,,,16,1,0,True,ok,False
me.hackerchick.sharetoinputstick_26.apk,aperv:mop_off_llm_off,1,300,gh104_04,1,COMPLETED,COMPLETED,,358,270.0,255,60.0,100.0,31.25,0.0,171.0,412,1081,235,0,0,0,0,0,0,0,0,0,,,,16,1,0,True,ok,False
me.hackerchick.sharetoinputstick_26.apk,aperv:mop_off_llm_off,2,300,gh104_04,1,COMPLETED,COMPLETED,,362,270.0,255,60.0,100.0,31.25,0.0,171.0,519,1575,235,0,0,0,0,0,0,0,0,0,,,,16,1,0,True,ok,False
me.hackerchick.sharetoinputstick_26.apk,aperv:mop_off_llm_off,3,300,gh104_04,1,COMPLETED,COMPLETED,,357,270.0,255,60.0,100.0,31.25,0.0,171.0,546,1404,235,0,0,0,0,0,0,0,0,0,,,,16,1,0,True,ok,False
me.hackerchick.sharetoinputstick_26.apk,aperv:mop_on_llm_off,1,300,gh104_04,1,COMPLETED,COMPLETED,,357,270.0,255,60.0,100.0,31.25,0.0,171.0,571,1767,235,0,0,0,0,0,0,0,0,0,,,,16,1,0,True,ok,False
me.hackerchick.sharetoinputstick_26.apk,aperv:mop_on_llm_off,2,300,gh104_04,1,COMPLETED,COMPLETED,,362,270.0,255,60.0,100.0,31.25,0.0,171.0,484,1403,235,0,0,0,0,0,0,0,0,0,,,,16,1,0,True,ok,False
me.hackerchick.sharetoinputstick_26.apk,aperv:mop_on_llm_off,3,300,gh104_04,1,COMPLETED,COMPLETED,,359,270.0,255,60.0,100.0,31.25,0.0,171.0,393,1290,235,0,0,0,0,0,0,0,0,0,,,,16,1,0,True,ok,False
me.mudkip.moememos_48.apk,ape,1,300,gh104_05,1,COMPLETED,COMPLETED,,360,270.0,255,33.842128216310506,33.33333333333333,34.332425068119896,7.0,2328.0,312,7084,4213,14,5,0,0,0,0,0,0,0,,,,2936,7,4,True,ok,False
me.mudkip.moememos_48.apk,ape,2,300,gh104_05,1,COMPLETED,COMPLETED,,360,270.0,255,35.06323593545574,33.33333333333333,36.06948228882834,7.0,2412.0,299,6610,3764,14,5,0,0,0,0,0,0,0,,,,2936,7,4,True,ok,False
me.mudkip.moememos_48.apk,ape,3,300,gh104_05,1,COMPLETED,COMPLETED,,360,270.0,255,29.917139119058,33.33333333333333,29.836512261580385,7.0,2058.0,259,7133,4187,14,5,0,0,0,0,0,0,0,,,,2936,7,4,True,ok,False
me.mudkip.moememos_48.apk,aperv:mop_off_llm_off,1,300,gh104_05,1,COMPLETED,COMPLETED,,362,270.0,255,34.263701119348745,33.33333333333333,34.94550408719346,7.0,2357.0,300,9004,3861,21,5,0,0,0,0,0,0,0,,,,2936,7,4,True,ok,False
me.mudkip.moememos_48.apk,aperv:mop_off_llm_off,2,300,gh104_05,1,COMPLETED,COMPLETED,,360,270.0,255,36.8512865242041,33.33333333333333,38.76021798365122,7.0,2535.0,334,7212,4537,14,5,0,0,0,0,0,0,0,,,,2936,7,4,True,ok,False
me.mudkip.moememos_48.apk,aperv:mop_off_llm_off,3,300,gh104_05,1,COMPLETED,COMPLETED,,358,270.0,255,35.25221689199011,33.33333333333333,36.54632152588556,7.0,2425.0,326,7194,3841,14,5,0,0,0,0,0,0,0,,,,2936,7,4,True,ok,False
me.mudkip.moememos_48.apk,aperv:mop_on_llm_off,1,300,gh104_05,1,COMPLETED,COMPLETED,,364,270.0,255,34.278238116005234,100.0,34.43460490463215,7.0,2358.0,298,9146,4232,21,5,0,0,0,0,0,0,0,,,,2936,7,4,True,ok,False
me.mudkip.moememos_48.apk,aperv:mop_on_llm_off,2,300,gh104_05,1,COMPLETED,COMPLETED,,372,270.0,255,37.22924843727286,100.0,38.317438692098094,7.0,2561.0,427,10564,4063,21,5,0,0,0,0,0,0,0,,,,2936,7,4,True,ok,False
me.mudkip.moememos_48.apk,aperv:mop_on_llm_off,3,300,gh104_05,1,COMPLETED,COMPLETED,,362,270.0,255,35.41212385521151,100.0,36.58038147138964,7.0,2436.0,348,8107,4484,14,5,0,0,0,0,0,0,0,,,,2936,7,4,True,ok,False
me.rosuh.easywatermark_21000.apk,ape,1,300,gh104_06,1,COMPLETED,COMPLETED,,354,270.0,255,59.38707185166109,100.0,59.48406676783004,0,2306,250,3923,3702,0,0,0,0,0,0,0,0,0,,,,659,4,3,,ok,False
me.rosuh.easywatermark_21000.apk,ape,2,300,gh104_06,1,COMPLETED,COMPLETED,,357,270.0,255,61.7306206541334,100.0,63.12594840667678,0,2397,252,7161,3889,0,0,0,0,0,0,0,0,0,,,,659,4,3,,ok,False
me.rosuh.easywatermark_21000.apk,ape,3,300,gh104_06,1,COMPLETED,COMPLETED,,356,270.0,255,58.0479011073912,100.0,59.93930197268589,0,2254,211,3922,3683,0,0,0,0,0,0,0,0,0,,,,659,4,3,,ok,False
me.rosuh.easywatermark_21000.apk,aperv:mop_off_llm_off,1,300,gh104_06,1,COMPLETED,COMPLETED,,362,270.0,255,27.78779294360031,100.0,23.672230652503792,0,1079,442,3865,1164,0,0,0,0,0,0,0,0,0,,,,659,4,3,,ok,False
me.rosuh.easywatermark_21000.apk,aperv:mop_off_llm_off,2,300,gh104_06,1,COMPLETED,COMPLETED,,358,270.0,255,27.710533092969353,100.0,23.672230652503792,0,1076,439,2796,1161,0,0,0,0,0,0,0,0,0,,,,659,4,3,,ok,False
me.rosuh.easywatermark_21000.apk,aperv:mop_off_llm_off,3,300,gh104_06,1,COMPLETED,COMPLETED,,355,270.0,255,27.78779294360031,100.0,23.672230652503792,0,1079,454,4932,1165,0,0,0,0,0,0,0,0,0,,,,659,4,3,,ok,False
me.rosuh.easywatermark_21000.apk,aperv:mop_on_llm_off,1,300,gh104_06,1,COMPLETED,COMPLETED,,355,270.0,255,27.53026010816379,100.0,23.520485584218513,0,1069,493,3885,1154,0,0,0,0,0,0,0,0,0,,,,659,4,3,,ok,False
me.rosuh.easywatermark_21000.apk,aperv:mop_on_llm_off,2,300,gh104_06,1,COMPLETED,COMPLETED,,356,270.0,255,27.839299510687614,100.0,23.672230652503792,0,1081,470,3893,1167,0,0,0,0,0,0,0,0,0,,,,659,4,3,,ok,False
me.rosuh.easywatermark_21000.apk,aperv:mop_on_llm_off,3,300,gh104_06,1,COMPLETED,COMPLETED,,355,270.0,255,27.78779294360031,100.0,23.672230652503792,0,1079,433,3818,1165,0,0,0,0,0,0,0,0,0,,,,659,4,3,,ok,False
me.testcase.ognarviewer_25.apk,ape,1,300,gh104_07,1,COMPLETED,COMPLETED,,354,270.0,255,41.62011173184357,50.0,46.666666666666664,3.0,298.0,205,5573,3559,6,2,0,0,0,0,0,0,0,,,,30,5,2,True,ok,False
me.testcase.ognarviewer_25.apk,ape,2,300,gh104_07,1,COMPLETED,COMPLETED,,361,270.0,255,47.3463687150838,50.0,63.33333333333333,3.0,339.0,180,3500,3248,3,2,0,0,0,0,0,0,0,,,,30,5,2,True,ok,False
me.testcase.ognarviewer_25.apk,ape,3,300,gh104_07,1,COMPLETED,COMPLETED,,362,270.0,255,46.64804469273743,50.0,60.0,0.0,334.0,184,3391,3153,0,0,0,0,0,0,0,0,0,,,,30,5,2,True,ok,False
me.testcase.ognarviewer_25.apk,aperv:mop_off_llm_off,1,300,gh104_07,1,COMPLETED,COMPLETED,,360,270.0,255,41.62011173184357,50.0,46.666666666666664,0.0,298.0,231,4776,2839,0,0,0,0,0,0,0,0,0,,,,30,5,2,True,ok,False
me.testcase.ognarviewer_25.apk,aperv:mop_off_llm_off,2,300,gh104_07,1,COMPLETED,COMPLETED,,365,270.0,255,44.97206703910614,50.0,63.33333333333333,0.0,322.0,200,3227,2821,0,0,0,0,0,0,0,0,0,,,,30,5,2,True,ok,False
me.testcase.ognarviewer_25.apk,aperv:mop_off_llm_off,3,300,gh104_07,1,COMPLETED,COMPLETED,,363,270.0,255,45.11173184357542,50.0,60.0,3.0,323.0,231,3958,3491,3,2,0,0,0,0,0,0,0,,,,30,5,2,True,ok,False
me.testcase.ognarviewer_25.apk,aperv:mop_on_llm_off,1,300,gh104_07,1,COMPLETED,COMPLETED,,359,270.0,255,48.324022346368714,100.0,63.33333333333333,3.0,346.0,245,3906,3441,3,2,0,0,0,0,0,0,0,,,,30,5,2,True,ok,False
me.testcase.ognarviewer_25.apk,aperv:mop_on_llm_off,2,300,gh104_07,1,COMPLETED,COMPLETED,,357,270.0,255,50.0,100.0,66.66666666666666,0.0,358.0,232,6126,3174,0,0,0,0,0,0,0,0,0,,,,30,5,2,True,ok,False
me.testcase.ognarviewer_25.apk,aperv:mop_on_llm_off,3,300,gh104_07,1,COMPLETED,COMPLETED,,365,270.0,255,46.229050279329606,100.0,66.66666666666666,3.0,331.0,219,4041,3553,3,2,0,0,0,0,0,0,0,,,,30,5,2,True,ok,False
me.timschneeberger.rootlessjamesdsp_51.apk,ape,1,300,gh104_00,1,COMPLETED,COMPLETED,,364,270.0,255,36.66117743927542,45.45454545454545,36.312849162011176,3.0,1781.0,279,8455,3725,3,2,0,0,0,0,0,0,0,,,,1074,17,16,True,ok,False
me.timschneeberger.rootlessjamesdsp_51.apk,ape,2,300,gh104_00,1,COMPLETED,COMPLETED,,362,270.0,255,34.45862494853849,36.36363636363637,33.33333333333333,0.0,1674.0,248,13495,4515,0,0,0,0,0,0,0,0,0,,,,1074,17,16,True,ok,False
me.timschneeberger.rootlessjamesdsp_51.apk,ape,3,300,gh104_00,1,COMPLETED,COMPLETED,,362,270.0,255,34.355701934952656,36.36363636363637,34.357541899441344,12.0,1669.0,303,11884,6771,12,10,0,0,0,0,0,0,0,,,,1074,17,16,True,ok,False
me.timschneeberger.rootlessjamesdsp_51.apk,aperv:mop_off_llm_off,1,300,gh104_00,1,COMPLETED,COMPLETED,,364,270.0,255,36.084808563194734,27.27272727272727,37.43016759776536,0.0,1753.0,297,10434,3715,0,0,0,0,0,0,0,0,0,,,,1074,17,16,True,ok,False
me.timschneeberger.rootlessjamesdsp_51.apk,aperv:mop_off_llm_off,2,300,gh104_00,1,COMPLETED,COMPLETED,,365,270.0,255,35.92013174145739,36.36363636363637,37.150837988826815,5.0,1745.0,269,19002,5386,5,5,0,0,0,0,0,0,0,,,,1074,17,16,True,ok,False
me.timschneeberger.rootlessjamesdsp_51.apk,aperv:mop_off_llm_off,3,300,gh104_00,1,COMPLETED,COMPLETED,,361,270.0,255,35.83779333058872,36.36363636363637,37.61638733705773,7.0,1741.0,298,14790,4981,7,5,0,0,0,0,0,0,0,,,,1074,17,16,True,ok,False
me.timschneeberger.rootlessjamesdsp_51.apk,aperv:mop_on_llm_off,1,300,gh104_00,1,COMPLETED,COMPLETED,,363,270.0,255,32.009057225195555,54.54545454545454,33.24022346368715,0.0,1555.0,331,11429,4009,0,0,0,0,0,0,0,0,0,,,,1074,17,16,True,ok,False
me.timschneeberger.rootlessjamesdsp_51.apk,aperv:mop_on_llm_off,2,300,gh104_00,1,COMPLETED,COMPLETED,,366,270.0,255,37.52573075339646,72.72727272727273,33.61266294227188,0.0,1823.0,315,11508,5574,0,0,0,0,0,0,0,0,0,,,,1074,17,16,True,ok,False
me.timschneeberger.rootlessjamesdsp_51.apk,aperv:mop_on_llm_off,3,300,gh104_00,1,COMPLETED,COMPLETED,,365,270.0,255,36.455331412103746,54.54545454545454,36.21973929236499,12.0,1771.0,295,10046,7144,12,10,0,0,0,0,0,0,0,,,,1074,17,16,True,ok,False
me.zhanghai.android.untracker_9.apk,ape,1,300,gh104_01,1,COMPLETED,COMPLETED,,362,270.0,255,63.70738636363637,50.0,68.22429906542055,0.0,897.0,309,2260,1094,0,0,0,0,0,0,0,0,0,,,,535,4,3,True,ok,False
me.zhanghai.android.untracker_9.apk,ape,2,300,gh104_01,1,COMPLETED,COMPLETED,,361,270.0,255,65.19886363636364,50.0,70.09345794392523,0.0,918.0,276,2524,1112,0,0,0,0,0,0,0,0,0,,,,535,4,3,True,ok,False
me.zhanghai.android.untracker_9.apk,ape,3,300,gh104_01,1,COMPLETED,COMPLETED,,361,270.0,255,64.48863636363636,50.0,70.09345794392523,0.0,908.0,327,2787,1108,0,0,0,0,0,0,0,0,0,,,,535,4,3,True,ok,False
me.zhanghai.android.untracker_9.apk,aperv:mop_off_llm_off,1,300,gh104_01,1,COMPLETED,COMPLETED,,363,270.0,255,63.49431818181818,50.0,67.66355140186916,0.0,894.0,403,3950,1097,0,0,0,0,0,0,0,0,0,,,,535,4,3,True,ok,False
me.zhanghai.android.untracker_9.apk,aperv:mop_off_llm_off,2,300,gh104_01,1,COMPLETED,COMPLETED,,361,270.0,255,61.57670454545454,50.0,64.29906542056075,0.0,867.0,331,3721,1065,0,0,0,0,0,0,0,0,0,,,,535,4,3,True,ok,False
me.zhanghai.android.untracker_9.apk,aperv:mop_off_llm_off,3,300,gh104_01,1,COMPLETED,COMPLETED,,362,270.0,255,65.83806818181817,50.0,72.14953271028037,0.0,927.0,319,3395,1128,0,0,0,0,0,0,0,0,0,,,,535,4,3,True,ok,False
me.zhanghai.android.untracker_9.apk,aperv:mop_on_llm_off,1,300,gh104_01,1,COMPLETED,COMPLETED,,357,270.0,255,63.49431818181818,100.0,66.72897196261682,0.0,894.0,420,3604,1094,0,0,0,1,0,0,0,1,1,215,crash:java.util.NoSuchElementException=1,,535,4,3,True,ok,False
me.zhanghai.android.untracker_9.apk,aperv:mop_on_llm_off,2,300,gh104_01,1,COMPLETED,COMPLETED,,357,270.0,255,64.48863636363636,100.0,69.34579439252336,0.0,908.0,348,3842,1108,0,0,0,1,0,0,0,1,1,37,crash:java.lang.IllegalArgumentException=1,,535,4,3,True,ok,False
me.zhanghai.android.untracker_9.apk,aperv:mop_on_llm_off,3,300,gh104_01,1,COMPLETED,COMPLETED,,363,270.0,255,65.55397727272727,100.0,71.21495327102804,0.0,923.0,319,3369,1123,0,0,0,1,0,0,0,1,1,31,crash:java.lang.IllegalArgumentException=1,,535,4,3,True,ok,False
net.adhikary.mrtbuddy_24.apk,ape,1,300,gh104_02,1,COMPLETED,COMPLETED,,360,270.0,255,37.03374777975133,100.0,82.6086956521739,0.0,834.0,238,11150,4436,0,0,0,0,1,0,0,1,1,,anr:net.adhikary.mrtbuddy=1,,46,2,0,True,ok,False
net.adhikary.mrtbuddy_24.apk,ape,2,300,gh104_02,1,COMPLETED,COMPLETED,,365,270.0,255,37.03374777975133,100.0,82.6086956521739,0.0,834.0,341,10074,4438,0,0,0,0,0,0,0,0,0,,,,46,2,0,True,ok,False
net.adhikary.mrtbuddy_24.apk,ape,3,300,gh104_02,1,COMPLETED,COMPLETED,,360,270.0,255,37.03374777975133,100.0,82.6086956521739,0.0,834.0,222,9433,4436,0,0,0,0,1,0,0,1,1,,anr:net.adhikary.mrtbuddy=1,,46,2,0,True,ok,False
net.adhikary.mrtbuddy_24.apk,aperv:mop_off_llm_off,1,300,gh104_02,1,COMPLETED,COMPLETED,,364,270.0,255,35.43516873889876,100.0,82.6086956521739,0.0,798.0,487,10979,3729,0,0,0,0,0,0,0,0,0,,,,46,2,0,True,ok,False
net.adhikary.mrtbuddy_24.apk,aperv:mop_off_llm_off,2,300,gh104_02,1,COMPLETED,COMPLETED,,364,270.0,255,37.03374777975133,100.0,82.6086956521739,0.0,834.0,215,14929,4425,0,0,0,0,2,0,0,2,2,,anr:net.adhikary.mrtbuddy=2,,46,2,0,True,ok,False
net.adhikary.mrtbuddy_24.apk,aperv:mop_off_llm_off,3,300,gh104_02,1,COMPLETED,COMPLETED,,365,270.0,255,37.16696269982238,100.0,82.6086956521739,0.0,837.0,412,12546,4314,0,0,0,0,0,0,0,0,0,,,,46,2,0,True,ok,False
net.adhikary.mrtbuddy_24.apk,aperv:mop_on_llm_off,1,300,gh104_02,1,COMPLETED,COMPLETED,,366,270.0,255,37.16696269982238,100.0,82.6086956521739,0.0,837.0,496,12885,4442,0,0,0,0,0,0,0,0,0,,,,46,2,0,True,ok,False
net.adhikary.mrtbuddy_24.apk,aperv:mop_on_llm_off,2,300,gh104_02,1,COMPLETED,COMPLETED,,364,270.0,255,37.12255772646537,100.0,82.6086956521739,0.0,836.0,468,8818,4420,0,0,0,0,0,0,0,0,0,,,,46,2,0,True,ok,False
net.adhikary.mrtbuddy_24.apk,aperv:mop_on_llm_off,3,300,gh104_02,1,COMPLETED,COMPLETED,,365,270.0,255,37.16696269982238,100.0,82.6086956521739,0.0,837.0,425,15197,4606,0,0,0,0,0,0,0,0,0,,,,46,2,0,True,ok,False
net.christianbeier.droidvnc_ng_60.apk,ape,1,300,gh104_03,1,COMPLETED,COMPLETED,,360,270.0,255,45.96491228070175,71.42857142857143,0.0,0.0,262.0,263,714,262,0,0,0,0,0,0,0,0,0,,,,10,7,0,True,ok,False
net.christianbeier.droidvnc_ng_60.apk,ape,2,300,gh104_03,1,COMPLETED,COMPLETED,,358,270.0,255,46.14035087719298,71.42857142857143,0.0,0.0,263.0,236,708,263,0,0,0,0,0,0,0,0,0,,,,10,7,0,True,ok,False
net.christianbeier.droidvnc_ng_60.apk,ape,3,300,gh104_03,1,COMPLETED,COMPLETED,,361,270.0,255,46.31578947368421,71.42857142857143,0.0,0.0,264.0,255,415,264,0,0,0,0,0,0,0,0,0,,,,10,7,0,True,ok,False
net.christianbeier.droidvnc_ng_60.apk,aperv:mop_off_llm_off,1,300,gh104_03,1,COMPLETED,COMPLETED,,362,270.0,255,46.49122807017544,71.42857142857143,0.0,0.0,265.0,248,653,265,0,0,0,0,0,0,0,0,0,,,,10,7,0,True,ok,False
net.christianbeier.droidvnc_ng_60.apk,aperv:mop_off_llm_off,2,300,gh104_03,1,COMPLETED,COMPLETED,,362,270.0,255,43.859649122807014,71.42857142857143,0.0,0.0,250.0,238,915,250,0,0,0,0,0,0,0,0,0,,,,10,7,0,True,ok,False
net.christianbeier.droidvnc_ng_60.apk,aperv:mop_off_llm_off,3,300,gh104_03,1,COMPLETED,COMPLETED,,363,270.0,255,45.614035087719294,71.42857142857143,0.0,0.0,260.0,277,982,260,0,0,0,0,0,0,0,0,0,,,,10,7,0,True,ok,False
net.christianbeier.droidvnc_ng_60.apk,aperv:mop_on_llm_off,1,300,gh104_03,1,COMPLETED,COMPLETED,,360,270.0,255,46.14035087719298,71.42857142857143,0.0,0.0,263.0,264,792,263,0,0,0,0,0,0,0,0,0,,,,10,7,0,True,ok,False
net.christianbeier.droidvnc_ng_60.apk,aperv:mop_on_llm_off,2,300,gh104_03,1,COMPLETED,COMPLETED,,364,270.0,255,45.78947368421053,71.42857142857143,0.0,0.0,261.0,255,680,261,0,0,0,0,0,0,0,0,0,,,,10,7,0,True,ok,False
net.christianbeier.droidvnc_ng_60.apk,aperv:mop_on_llm_off,3,300,gh104_03,1,COMPLETED,COMPLETED,,363,270.0,255,44.56140350877193,71.42857142857143,0.0,0.0,254.0,298,960,254,0,0,0,0,0,0,0,0,0,,,,10,7,0,True,ok,False
net.gaast.giggity_769.apk,ape,1,300,gh104_04,1,COMPLETED,COMPLETED,,360,270.0,255,71.15384615384616,100.0,100.0,5.0,555.0,240,2498,889,20,5,0,2,0,0,0,2,2,188,crash:java.lang.ClassCastException=2,,1,4,0,True,ok,False
net.gaast.giggity_769.apk,ape,2,300,gh104_04,1,COMPLETED,COMPLETED,,359,270.0,255,67.6923076923077,100.0,100.0,5.0,528.0,271,2482,1257,15,5,0,1,0,0,0,1,1,236,crash:java.lang.ClassCastException=1,,1,4,0,True,ok,False
net.gaast.giggity_769.apk,ape,3,300,gh104_04,1,COMPLETED,COMPLETED,,362,270.0,255,63.97435897435897,75.0,100.0,5.0,499.0,289,1958,1027,15,5,0,1,0,0,0,1,1,299,crash:java.lang.IllegalStateException=1,,1,4,0,True,ok,False
net.gaast.giggity_769.apk,aperv:mop_off_llm_off,1,300,gh104_04,1,COMPLETED,COMPLETED,,364,270.0,255,67.6923076923077,100.0,100.0,5.0,528.0,333,2138,1002,10,5,0,0,0,0,0,0,0,,,,1,4,0,True,ok,False
net.gaast.giggity_769.apk,aperv:mop_off_llm_off,2,300,gh104_04,1,COMPLETED,COMPLETED,,362,270.0,255,71.41025641025641,75.0,100.0,5.0,557.0,258,3189,1067,15,5,0,2,0,0,0,2,2,53,crash:java.lang.IllegalStateException=1;crash:java.lang.ClassCastException=1,,1,4,0,True,ok,False
net.gaast.giggity_769.apk,aperv:mop_off_llm_off,3,300,gh104_04,1,COMPLETED,COMPLETED,,362,270.0,255,69.61538461538461,100.0,100.0,5.0,543.0,255,4341,1007,30,5,0,3,0,0,0,3,3,219,crash:java.lang.ClassCastException=2;crash:java.lang.IllegalStateException=1,,1,4,0,True,ok,False
net.gaast.giggity_769.apk,aperv:mop_on_llm_off,1,300,gh104_04,1,COMPLETED,COMPLETED,,364,270.0,255,69.23076923076923,100.0,100.0,5.0,540.0,246,3942,1081,20,5,0,2,0,0,0,2,2,112,crash:java.lang.IllegalStateException=2,,1,4,0,True,ok,False
net.gaast.giggity_769.apk,aperv:mop_on_llm_off,2,300,gh104_04,1,COMPLETED,COMPLETED,,361,270.0,255,65.0,100.0,100.0,5.0,507.0,253,2196,992,10,5,0,0,0,0,0,0,0,,,,1,4,0,True,ok,False
net.gaast.giggity_769.apk,aperv:mop_on_llm_off,3,300,gh104_04,1,COMPLETED,COMPLETED,,360,270.0,255,61.92307692307693,75.0,100.0,5.0,483.0,304,2696,1279,15,5,0,0,0,0,0,0,0,,,,1,4,0,True,ok,False
net.osmtracker_73.apk,ape,1,300,gh104_05,1,COMPLETED,COMPLETED,,361,270.0,255,28.768382352941174,36.84210526315789,0.0,0.0,313.0,283,898,440,0,0,0,0,0,0,0,0,0,,,,12,21,0,True,ok,False
net.osmtracker_73.apk,ape,2,300,gh104_05,1,COMPLETED,COMPLETED,,359,270.0,255,33.455882352941174,42.10526315789473,0.0,0.0,364.0,287,1033,489,0,0,0,0,0,0,0,0,0,,,,12,21,0,True,ok,False
net.osmtracker_73.apk,ape,3,300,gh104_05,1,COMPLETED,COMPLETED,,359,270.0,255,43.658088235294116,52.63157894736842,0.0,0.0,475.0,295,2723,1441,0,0,0,0,0,0,0,0,0,,,,12,21,0,True,ok,False
net.osmtracker_73.apk,aperv:mop_off_llm_off,1,300,gh104_05,1,COMPLETED,COMPLETED,,370,270.0,255,49.81617647058824,63.1578947368421,83.33333333333334,3.0,542.0,318,2453,1513,3,1,0,0,0,0,0,0,0,,,,12,21,0,True,ok,False
net.osmtracker_73.apk,aperv:mop_off_llm_off,2,300,gh104_05,2,ERROR/COMPLETED,COMPLETED,,364,270.0,255,39.61397058823529,47.368421052631575,0.0,0,431,278,1355,557,0,0,0,0,0,0,0,0,0,,,,12,21,0,True,ok,False
net.osmtracker_73.apk,aperv:mop_off_llm_off,3,300,gh104_05,1,COMPLETED,COMPLETED,,365,270.0,255,40.80882352941176,52.63157894736842,0.0,0.0,444.0,281,1374,573,0,0,0,0,0,0,0,0,0,,,,12,21,0,True,ok,False
net.osmtracker_73.apk,aperv:mop_on_llm_off,1,300,gh104_05,1,COMPLETED,COMPLETED,,362,270.0,255,46.41544117647059,57.89473684210527,83.33333333333334,3.0,505.0,294,2462,1342,6,1,0,3,0,0,0,3,3,106,crash:java.lang.RuntimeException=3,,12,21,0,True,ok,False
net.osmtracker_73.apk,aperv:mop_on_llm_off,2,300,gh104_05,1,COMPLETED,COMPLETED,,364,270.0,255,50.18382352941176,68.42105263157895,83.33333333333334,3.0,546.0,274,2702,1450,6,1,0,3,0,0,0,3,3,132,crash:java.lang.RuntimeException=3,,12,21,0,True,ok,False
net.osmtracker_73.apk,aperv:mop_on_llm_off,3,300,gh104_05,1,COMPLETED,COMPLETED,,363,270.0,255,42.095588235294116,63.1578947368421,83.33333333333334,3.0,458.0,263,2923,1398,3,1,0,1,0,0,0,1,1,133,crash:java.lang.RuntimeException=1,,12,21,0,True,ok,False
net.pfiers.osmfocus_1009013.apk,ape,1,300,gh104_06,1,COMPLETED,COMPLETED,,352,270.0,255,48.984329657574,50.0,49.166110740493664,7,1688,242,7132,6959,7,5,0,0,0,0,0,0,0,,,,1499,6,4,,ok,False
net.pfiers.osmfocus_1009013.apk,ape,2,300,gh104_06,1,COMPLETED,COMPLETED,,354,270.0,255,49.709808473592574,50.0,50.900600400266846,7,1713,273,11852,7269,7,5,0,0,0,0,0,0,0,,,,1499,6,4,,ok,False
net.pfiers.osmfocus_1009013.apk,ape,3,300,gh104_06,1,COMPLETED,COMPLETED,,355,270.0,255,55.716773070226346,50.0,53.76917945296864,7,1920,299,12139,7641,14,5,0,0,0,0,0,0,0,,,,1499,6,4,,ok,False
net.pfiers.osmfocus_1009013.apk,aperv:mop_off_llm_off,1,300,gh104_06,1,COMPLETED,COMPLETED,,354,270.0,255,58.734764944863606,50.0,57.571714476317545,7,2024,379,20963,7879,21,5,0,0,0,0,0,0,0,,,,1499,6,4,,ok,False
net.pfiers.osmfocus_1009013.apk,aperv:mop_off_llm_off,2,300,gh104_06,1,COMPLETED,COMPLETED,,354,270.0,255,60.56297156123042,50.0,60.573715810540364,7,2087,388,20964,8000,21,5,0,0,0,0,0,0,0,,,,1499,6,4,,ok,False
net.pfiers.osmfocus_1009013.apk,aperv:mop_off_llm_off,3,300,gh104_06,1,COMPLETED,COMPLETED,,356,270.0,255,48.549042367962855,50.0,51.3675783855904,7,1673,491,13501,7011,14,5,0,0,0,0,0,0,0,,,,1499,6,4,,ok,False
net.pfiers.osmfocus_1009013.apk,aperv:mop_on_llm_off,1,300,gh104_06,1,COMPLETED,COMPLETED,,359,270.0,255,50.46430644225188,100.0,53.30220146764509,7,1739,308,18113,7230,21,5,0,1,0,0,0,1,1,128,crash:java.lang.RuntimeException=1,,1499,6,4,,ok,False
net.pfiers.osmfocus_1009013.apk,aperv:mop_on_llm_off,2,300,gh104_06,1,COMPLETED,COMPLETED,,357,270.0,255,55.13639001741149,100.0,56.37091394262842,7,1900,431,25778,7705,28,5,0,1,0,0,0,1,1,102,crash:java.lang.RuntimeException=1,,1499,6,4,,ok,False
net.pfiers.osmfocus_1009013.apk,aperv:mop_on_llm_off,3,300,gh104_06,1,COMPLETED,COMPLETED,,358,270.0,255,52.031340684852,100.0,52.768512341561035,7,1793,341,20945,7705,21,5,0,1,0,0,0,1,1,71,crash:java.lang.RuntimeException=1,,1499,6,4,,ok,False
net.phbwt.paperwork_1003007.apk,ape,1,300,gh104_07,1,COMPLETED,COMPLETED,,360,270.0,255,52.13925059792719,50.0,56.120943952802364,17.0,1962.0,312,12217,4976,58,15,0,0,0,0,0,0,0,,,,1356,5,3,True,ok,False
net.phbwt.paperwork_1003007.apk,ape,2,300,gh104_07,1,COMPLETED,COMPLETED,,362,270.0,255,39.99468509168217,100.0,39.60176991150443,12.0,1505.0,288,6253,2520,36,10,0,0,0,0,0,0,0,,,,1356,5,3,True,ok,False
net.phbwt.paperwork_1003007.apk,ape,3,300,gh104_07,1,COMPLETED,COMPLETED,,362,270.0,255,40.07440871644964,100.0,39.15929203539823,12.0,1508.0,326,4363,2521,24,10,0,0,0,0,0,0,0,,,,1356,5,3,True,ok,False
net.phbwt.paperwork_1003007.apk,aperv:mop_off_llm_off,1,300,gh104_07,1,COMPLETED,COMPLETED,,363,270.0,255,52.35184693064044,100.0,56.71091445427729,17.0,1970.0,306,12504,5247,51,15,0,0,0,0,0,0,0,,,,1356,5,3,True,ok,False
net.phbwt.paperwork_1003007.apk,aperv:mop_off_llm_off,2,300,gh104_07,1,COMPLETED,COMPLETED,,360,270.0,255,55.965984586765885,100.0,62.38938053097345,17.0,2106.0,315,14464,5416,63,15,0,0,0,0,0,0,0,,,,1356,5,3,True,ok,False
net.phbwt.paperwork_1003007.apk,aperv:mop_off_llm_off,3,300,gh104_07,1,COMPLETED,COMPLETED,,364,270.0,255,50.943396226415096,50.0,54.793510324483776,17.0,1917.0,227,12412,4909,51,15,0,0,0,0,0,0,0,,,,1356,5,3,True,ok,False
net.phbwt.paperwork_1003007.apk,aperv:mop_on_llm_off,1,300,gh104_07,1,COMPLETED,COMPLETED,,360,270.0,255,55.965984586765885,100.0,63.93805309734514,17.0,2106.0,294,15049,5418,59,15,0,1,0,0,0,1,1,140,crash:java.lang.IllegalArgumentException=1,,1356,5,3,True,ok,False
net.phbwt.paperwork_1003007.apk,aperv:mop_on_llm_off,2,300,gh104_07,1,COMPLETED,COMPLETED,,364,270.0,255,40.07440871644964,100.0,39.15929203539823,12.0,1508.0,272,4609,2523,24,10,0,0,0,0,0,0,0,,,,1356,5,3,True,ok,False
net.phbwt.paperwork_1003007.apk,aperv:mop_on_llm_off,3,300,gh104_07,1,COMPLETED,COMPLETED,,361,270.0,255,56.391177252192406,100.0,62.90560471976401,17.0,2122.0,276,13768,5445,51,15,0,0,0,0,0,0,0,,,,1356,5,3,True,ok,False
nz.eloque.foss_wallet_111.apk,ape,1,300,gh104_00,1,COMPLETED,COMPLETED,,355,270.0,255,29.719137818419334,100.0,27.114427860696516,0.0,1365.0,334,4427,2367,0,0,0,0,0,0,0,0,0,,,,1608,4,3,True,ok,False
nz.eloque.foss_wallet_111.apk,ape,2,300,gh104_00,1,COMPLETED,COMPLETED,,363,270.0,255,28.47811887655127,100.0,25.808457711442784,0.0,1308.0,245,7275,2302,0,0,0,0,0,0,0,0,0,,,,1608,4,3,True,ok,False
nz.eloque.foss_wallet_111.apk,ape,3,300,gh104_00,1,COMPLETED,COMPLETED,,356,270.0,255,27.19355541040714,100.0,23.818407960199007,0.0,1249.0,311,4587,2190,0,0,0,0,0,0,0,0,0,,,,1608,4,3,True,ok,False
nz.eloque.foss_wallet_111.apk,aperv:mop_off_llm_off,1,300,gh104_00,1,COMPLETED,COMPLETED,,364,270.0,255,30.91661223601132,100.0,28.980099502487562,0.0,1420.0,303,4416,2412,0,0,0,0,0,0,0,0,0,,,,1608,4,3,True,ok,False
nz.eloque.foss_wallet_111.apk,aperv:mop_off_llm_off,2,300,gh104_00,1,COMPLETED,COMPLETED,,363,270.0,255,23.64467668190725,50.0,19.962686567164177,0.0,1086.0,274,6105,2039,0,0,0,0,0,0,0,0,0,,,,1608,4,3,True,ok,False
nz.eloque.foss_wallet_111.apk,aperv:mop_off_llm_off,3,300,gh104_00,1,COMPLETED,COMPLETED,,363,270.0,255,29.871543653385586,100.0,27.674129353233827,0.0,1372.0,288,7310,2386,0,0,0,0,0,0,0,0,0,,,,1608,4,3,True,ok,False
nz.eloque.foss_wallet_111.apk,aperv:mop_on_llm_off,1,300,gh104_00,1,COMPLETED,COMPLETED,,362,270.0,255,26.845199216198562,100.0,22.94776119402985,0.0,1233.0,299,10099,2102,0,0,0,0,1,0,0,1,1,,anr:nz.eloque.foss_wallet.dev=1,,1608,4,3,True,ok,False
nz.eloque.foss_wallet_111.apk,aperv:mop_on_llm_off,2,300,gh104_00,1,COMPLETED,COMPLETED,,365,270.0,255,26.8669714783366,100.0,22.761194029850746,0.0,1234.0,318,7981,2086,0,0,0,0,0,0,0,0,0,,,,1608,4,3,True,ok,False
nz.eloque.foss_wallet_111.apk,aperv:mop_on_llm_off,3,300,gh104_00,1,COMPLETED,COMPLETED,,363,270.0,255,25.8436751578489,100.0,22.139303482587064,0.0,1187.0,308,6144,2161,0,0,0,0,0,0,0,0,0,,,,1608,4,3,True,ok,False
org.cry.otp_31.apk,ape,1,300,gh104_01,1,COMPLETED,COMPLETED,,355,270.0,255,23.711340206185564,66.66666666666666,0.0,0.0,23.0,252,256,23,0,0,0,0,0,0,0,0,0,,,,11,3,0,True,ok,False
org.cry.otp_31.apk,ape,2,300,gh104_01,1,COMPLETED,COMPLETED,,362,270.0,255,27.835051546391753,66.66666666666666,0.0,0.0,27.0,257,228,27,0,0,0,0,0,0,0,0,0,,,,11,3,0,True,ok,False
org.cry.otp_31.apk,ape,3,300,gh104_01,1,COMPLETED,COMPLETED,,361,270.0,255,64.94845360824742,100.0,36.36363636363637,6.0,63.0,243,253,63,6,6,0,0,0,0,0,0,0,,,,11,3,0,True,ok,False
org.cry.otp_31.apk,aperv:mop_off_llm_off,1,300,gh104_01,1,COMPLETED,COMPLETED,,363,270.0,255,23.711340206185564,66.66666666666666,0.0,0.0,23.0,271,549,23,0,0,0,0,0,0,0,0,0,,,,11,3,0,True,ok,False
org.cry.otp_31.apk,aperv:mop_off_llm_off,2,300,gh104_01,1,COMPLETED,COMPLETED,,363,270.0,255,22.68041237113402,66.66666666666666,0.0,0.0,22.0,252,463,22,0,0,0,0,0,0,0,0,0,,,,11,3,0,True,ok,False
org.cry.otp_31.apk,aperv:mop_off_llm_off,3,300,gh104_01,2,ERROR/COMPLETED,COMPLETED,,358,270.0,255,56.70103092783505,100.0,36.36363636363637,6,55,282,524,55,6,6,0,0,0,0,0,0,0,,,,11,3,0,True,ok,False
org.cry.otp_31.apk,aperv:mop_on_llm_off,1,300,gh104_01,1,COMPLETED,COMPLETED,,362,270.0,255,52.57731958762887,100.0,27.27272727272727,5.0,51.0,265,540,51,5,5,0,0,0,0,0,0,0,,,,11,3,0,True,ok,False
org.cry.otp_31.apk,aperv:mop_on_llm_off,2,300,gh104_01,1,COMPLETED,COMPLETED,,360,270.0,255,43.29896907216495,100.0,27.27272727272727,5.0,42.0,300,516,42,5,5,0,0,0,0,0,0,0,,,,11,3,0,True,ok,False
org.cry.otp_31.apk,aperv:mop_on_llm_off,3,300,gh104_01,1,COMPLETED,COMPLETED,,358,270.0,255,65.97938144329896,100.0,54.54545454545454,11.0,64.0,298,659,64,11,11,0,0,0,0,0,0,0,,,,11,3,0,True,ok,False
org.css_apps_m3.password_manager_16.apk,ape,1,300,gh104_02,1,COMPLETED,COMPLETED,,360,270.0,255,5.480984340044743,66.66666666666666,5.089820359281437,0.0,98.0,296,482,98,0,0,0,0,0,0,0,0,0,,,,1002,5,4,True,ok,False
org.css_apps_m3.password_manager_16.apk,ape,2,300,gh104_02,1,COMPLETED,COMPLETED,,362,270.0,255,5.648769574944072,66.66666666666666,5.389221556886228,0.0,101.0,264,430,101,0,0,0,0,0,0,0,0,0,,,,1002,5,4,True,ok,False
org.css_apps_m3.password_manager_16.apk,ape,3,300,gh104_02,1,COMPLETED,COMPLETED,,360,270.0,255,9.228187919463087,100.0,9.481037924151696,34.0,165.0,231,707,165,60,38,0,0,0,0,0,0,0,,,,1002,5,4,True,ok,False
org.css_apps_m3.password_manager_16.apk,aperv:mop_off_llm_off,1,300,gh104_02,1,COMPLETED,COMPLETED,,364,270.0,255,10.961968680089486,100.0,11.177644710578843,34.0,196.0,232,800,196,38,38,0,0,0,0,0,0,0,,,,1002,5,4,True,ok,False
org.css_apps_m3.password_manager_16.apk,aperv:mop_off_llm_off,2,300,gh104_02,1,COMPLETED,COMPLETED,,360,270.0,255,5.648769574944072,66.66666666666666,5.389221556886228,0.0,101.0,280,980,101,0,0,0,0,0,0,0,0,0,,,,1002,5,4,True,ok,False
org.css_apps_m3.password_manager_16.apk,aperv:mop_off_llm_off,3,300,gh104_02,1,COMPLETED,COMPLETED,,364,270.0,255,5.480984340044743,66.66666666666666,5.089820359281437,0.0,98.0,226,1041,98,0,0,0,0,0,0,0,0,0,,,,1002,5,4,True,ok,False
org.css_apps_m3.password_manager_16.apk,aperv:mop_on_llm_off,1,300,gh104_02,1,COMPLETED,COMPLETED,,364,270.0,255,7.046979865771812,100.0,6.786427145708583,29.0,126.0,259,812,126,33,33,0,0,0,0,0,0,0,,,,1002,5,4,True,ok,False
org.css_apps_m3.password_manager_16.apk,aperv:mop_on_llm_off,2,300,gh104_02,1,COMPLETED,COMPLETED,,366,270.0,255,6.543624161073826,100.0,6.187624750499002,0.0,117.0,264,653,117,0,0,0,0,0,0,0,0,0,,,,1002,5,4,True,ok,False
org.css_apps_m3.password_manager_16.apk,aperv:mop_on_llm_off,3,300,gh104_02,1,COMPLETED,COMPLETED,,359,270.0,255,6.7114093959731544,100.0,6.187624750499002,0.0,120.0,224,963,120,0,0,0,0,0,0,0,0,0,,,,1002,5,4,True,ok,False
org.fedorahosted.freeotp_48.apk,ape,1,300,gh104_03,1,COMPLETED,COMPLETED,,361,270.0,255,8.471760797342192,50.0,5.405405405405405,0.0,51.0,207,563,219,0,0,0,0,0,0,0,0,0,,,,37,4,2,True,ok,False
org.fedorahosted.freeotp_48.apk,ape,2,300,gh104_03,1,COMPLETED,COMPLETED,,359,270.0,255,8.305647840531561,50.0,5.405405405405405,0.0,50.0,175,341,219,0,0,0,0,0,0,0,0,0,,,,37,4,2,True,ok,False
org.fedorahosted.freeotp_48.apk,ape,3,300,gh104_03,1,COMPLETED,COMPLETED,,358,270.0,255,8.13953488372093,50.0,5.405405405405405,0.0,49.0,227,413,211,0,0,0,0,0,0,0,0,0,,,,37,4,2,True,ok,False
org.fedorahosted.freeotp_48.apk,aperv:mop_off_llm_off,1,300,gh104_03,1,COMPLETED,COMPLETED,,364,270.0,255,8.13953488372093,50.0,5.405405405405405,0.0,49.0,201,582,204,0,0,0,0,0,0,0,0,0,,,,37,4,2,True,ok,False
org.fedorahosted.freeotp_48.apk,aperv:mop_off_llm_off,2,300,gh104_03,1,COMPLETED,COMPLETED,,366,270.0,255,8.13953488372093,50.0,5.405405405405405,0.0,49.0,202,736,199,0,0,0,0,0,0,0,0,0,,,,37,4,2,True,ok,False
org.fedorahosted.freeotp_48.apk,aperv:mop_off_llm_off,3,300,gh104_03,1,COMPLETED,COMPLETED,,363,270.0,255,8.471760797342192,50.0,5.405405405405405,0.0,51.0,211,672,198,0,0,0,0,0,0,0,0,0,,,,37,4,2,True,ok,False
org.fedorahosted.freeotp_48.apk,aperv:mop_on_llm_off,1,300,gh104_03,1,COMPLETED,COMPLETED,,361,270.0,255,24.916943521594686,100.0,35.13513513513514,1.0,150.0,225,693,333,1,1,0,0,0,0,0,0,0,,,,37,4,2,True,ok,False
org.fedorahosted.freeotp_48.apk,aperv:mop_on_llm_off,2,300,gh104_03,1,COMPLETED,COMPLETED,,363,270.0,255,18.272425249169437,75.0,32.432432432432435,0.0,110.0,188,958,290,0,0,0,0,0,0,0,0,0,,,,37,4,2,True,ok,False
org.fedorahosted.freeotp_48.apk,aperv:mop_on_llm_off,3,300,gh104_03,1,COMPLETED,COMPLETED,,363,270.0,255,22.259136212624583,100.0,35.13513513513514,0.0,134.0,239,911,325,0,0,0,0,0,0,0,0,0,,,,37,4,2,True,ok,False
org.fossify.calendar_20.apk,ape,1,300,gh104_04,1,COMPLETED,COMPLETED,,358,270.0,255,34.392559581476455,53.84615384615385,33.28561202576951,0.0,1775.0,282,10178,3807,0,0,0,0,0,0,0,0,0,,,,1397,21,19,True,ok,False
org.fossify.calendar_20.apk,ape,2,300,gh104_04,1,COMPLETED,COMPLETED,,360,270.0,255,35.63262933540012,46.15384615384615,37.6521116678597,0.0,1839.0,294,8570,3602,0,0,0,0,0,0,0,0,0,,,,1397,21,19,True,ok,False
org.fossify.calendar_20.apk,ape,3,300,gh104_04,1,COMPLETED,COMPLETED,,356,270.0,255,33.1524898275528,46.15384615384615,34.216177523264136,0.0,1711.0,274,6246,3450,0,0,0,0,0,0,0,0,0,,,,1397,21,19,True,ok,False
org.fossify.calendar_20.apk,aperv:mop_off_llm_off,1,300,gh104_04,1,COMPLETED,COMPLETED,,360,270.0,255,22.84440999806239,46.15384615384615,18.396564065855404,0.0,1179.0,243,9329,2634,0,0,0,0,0,0,0,0,0,,,,1397,21,19,True,ok,False
org.fossify.calendar_20.apk,aperv:mop_off_llm_off,2,300,gh104_04,1,COMPLETED,COMPLETED,,369,270.0,255,21.468707614803336,38.46153846153847,16.177523264137434,0.0,1108.0,276,6083,2899,0,0,0,0,0,0,0,0,0,,,,1397,21,19,True,ok,False
org.fossify.calendar_20.apk,aperv:mop_off_llm_off,3,300,gh104_04,1,COMPLETED,COMPLETED,,362,270.0,255,28.17283472195311,61.53846153846154,29.27702219040802,0.0,1454.0,263,4312,2790,0,0,0,0,0,0,0,0,0,,,,1397,21,19,True,ok,False
org.fossify.calendar_20.apk,aperv:mop_on_llm_off,1,300,gh104_04,1,COMPLETED,COMPLETED,,365,270.0,255,34.915714008913,61.53846153846154,36.00572655690766,0.0,1802.0,262,9448,3595,0,0,0,1,0,0,0,1,1,135,crash:java.lang.RuntimeException=1,,1397,21,19,True,ok,False
org.fossify.calendar_20.apk,aperv:mop_on_llm_off,2,300,gh104_04,1,COMPLETED,COMPLETED,,357,270.0,255,29.025382677775625,84.61538461538461,30.35075161059413,0.0,1498.0,301,10843,3483,0,0,0,1,0,0,0,1,1,123,crash:java.lang.RuntimeException=1,,1397,21,19,True,ok,False
org.fossify.calendar_20.apk,aperv:mop_on_llm_off,3,300,gh104_04,1,COMPLETED,COMPLETED,,359,270.0,255,24.452625460182134,61.53846153846154,19.828203292770223,0.0,1262.0,233,10347,3378,0,0,0,1,0,0,0,1,1,159,crash:java.lang.RuntimeException=1,,1397,21,19,True,ok,False
org.fossify.keyboard_14.apk,ape,1,300,gh104_05,1,COMPLETED,COMPLETED,,356,270.0,255,28.118811881188122,100.0,29.68036529680365,0.0,284.0,146,1528,1333,0,0,0,0,0,0,0,0,0,,,,219,13,11,True,ok,False
org.fossify.keyboard_14.apk,ape,2,300,gh104_05,1,COMPLETED,COMPLETED,,362,270.0,255,28.415841584158414,100.0,29.22374429223744,0.0,287.0,335,2969,1644,0,0,0,0,0,0,0,0,0,,,,219,13,11,True,ok,False
org.fossify.keyboard_14.apk,ape,3,300,gh104_05,1,COMPLETED,COMPLETED,,385,270.0,255,29.7029702970297,100.0,30.136986301369863,0.0,300.0,347,2727,1587,0,0,0,0,0,0,0,0,0,,,,219,13,11,True,ok,False
org.fossify.keyboard_14.apk,aperv:mop_off_llm_off,1,300,gh104_05,1,COMPLETED,COMPLETED,,357,270.0,255,27.623762376237625,100.0,26.94063926940639,0.0,279.0,242,2248,1616,0,0,0,0,0,0,0,0,0,,,,219,13,11,True,ok,False
org.fossify.keyboard_14.apk,aperv:mop_off_llm_off,2,300,gh104_05,1,COMPLETED,COMPLETED,,364,270.0,255,28.01980198019802,100.0,30.136986301369863,0.0,283.0,321,2643,1603,0,0,0,0,0,0,0,0,0,,,,219,13,11,True,ok,False
org.fossify.keyboard_14.apk,aperv:mop_off_llm_off,3,300,gh104_05,1,COMPLETED,COMPLETED,,359,270.0,255,35.84158415841584,100.0,40.182648401826484,0.0,362.0,286,3273,1674,0,0,0,0,0,0,0,0,0,,,,219,13,11,True,ok,False
org.fossify.keyboard_14.apk,aperv:mop_on_llm_off,1,300,gh104_05,1,COMPLETED,COMPLETED,,361,270.0,255,33.46534653465347,100.0,36.5296803652968,0.0,338.0,347,3612,1703,0,0,0,0,0,0,0,0,0,,,,219,13,11,True,ok,False
org.fossify.keyboard_14.apk,aperv:mop_on_llm_off,2,300,gh104_05,1,COMPLETED,COMPLETED,,360,270.0,255,34.85148514851485,100.0,39.726027397260275,0.0,352.0,334,3830,2187,0,0,0,0,0,0,0,0,0,,,,219,13,11,True,ok,False
org.fossify.keyboard_14.apk,aperv:mop_on_llm_off,3,300,gh104_05,1,COMPLETED,COMPLETED,,362,270.0,255,26.237623762376238,100.0,25.11415525114155,0.0,265.0,287,2651,1541,0,0,0,0,0,0,0,0,0,,,,219,13,11,True,ok,False
org.fossify.math_10.apk,ape,1,300,gh104_06,1,COMPLETED,COMPLETED,,352,270.0,255,66.01021152443471,100.0,85.23489932885906,0,905,404,4218,2589,0,0,0,0,0,0,0,0,0,,,,149,16,14,True,ok,False
org.fossify.math_10.apk,ape,2,300,gh104_06,1,COMPLETED,COMPLETED,,351,270.0,255,64.84318016046682,100.0,83.22147651006712,0,889,377,4832,2295,0,0,0,0,0,0,0,0,0,,,,149,16,14,True,ok,False
org.fossify.math_10.apk,ape,3,300,gh104_06,1,COMPLETED,COMPLETED,,355,270.0,255,65.35375638220277,100.0,84.56375838926175,0,896,245,3823,2072,0,0,0,0,0,0,0,0,0,,,,149,16,14,True,ok,False
org.fossify.math_10.apk,aperv:mop_off_llm_off,1,300,gh104_06,1,COMPLETED,COMPLETED,,353,270.0,255,64.91611962071481,100.0,86.57718120805369,0,890,358,5112,2607,0,0,0,0,0,0,0,0,0,,,,149,16,14,True,ok,False
org.fossify.math_10.apk,aperv:mop_off_llm_off,2,300,gh104_06,1,COMPLETED,COMPLETED,,356,270.0,255,60.83150984682714,85.71428571428571,78.52348993288591,0,834,406,4202,2400,0,0,0,0,0,0,0,0,0,,,,149,16,14,True,ok,False
org.fossify.math_10.apk,aperv:mop_off_llm_off,3,300,gh104_06,1,COMPLETED,COMPLETED,,355,270.0,255,64.98905908096279,100.0,86.57718120805369,0,891,404,4385,2270,0,0,0,0,0,0,0,0,0,,,,149,16,14,True,ok,False
org.fossify.math_10.apk,aperv:mop_on_llm_off,1,300,gh104_06,1,COMPLETED,COMPLETED,,355,270.0,255,64.25966447848286,100.0,85.23489932885906,0,881,330,8059,2487,0,0,0,4,0,0,0,4,4,149,crash:java.lang.NullPointerException=3;crash:java.lang.RuntimeException=1,,149,16,14,True,ok,False
org.fossify.math_10.apk,aperv:mop_on_llm_off,2,300,gh104_06,1,COMPLETED,COMPLETED,,357,270.0,255,64.47848285922684,100.0,83.22147651006712,0,884,411,9054,2320,0,0,0,4,0,0,0,4,4,120,crash:java.lang.NullPointerException=3;crash:java.lang.RuntimeException=1,,149,16,14,True,ok,False
org.fossify.math_10.apk,aperv:mop_on_llm_off,3,300,gh104_06,1,COMPLETED,COMPLETED,,356,270.0,255,60.46681254558717,85.71428571428571,78.52348993288591,0,829,392,9138,2472,0,0,0,4,0,0,0,4,4,152,crash:java.lang.NullPointerException=3;crash:java.lang.RuntimeException=1,,149,16,14,True,ok,False
org.fossify.messages_20.apk,ape,1,300,gh104_07,1,COMPLETED,COMPLETED,,363,270.0,255,5.037783375314862,27.27272727272727,3.6824877250409163,0.0,180.0,5,46062,500,0,0,0,0,0,0,0,0,0,,,,1222,19,17,True,ok,False
org.fossify.messages_20.apk,ape,2,300,gh104_07,1,COMPLETED,COMPLETED,,363,270.0,255,5.177721802406941,27.27272727272727,3.6824877250409163,0.0,185.0,3,48103,505,0,0,0,0,0,0,0,0,0,,,,1222,19,17,True,ok,False
org.fossify.messages_20.apk,ape,3,300,gh104_07,1,COMPLETED,COMPLETED,,363,270.0,255,5.177721802406941,27.27272727272727,3.6824877250409163,0.0,185.0,5,45327,505,0,0,0,0,0,0,0,0,0,,,,1222,19,17,True,ok,False
org.fossify.messages_20.apk,aperv:mop_off_llm_off,1,300,gh104_07,1,COMPLETED,COMPLETED,,362,270.0,255,5.037783375314862,27.27272727272727,3.6824877250409163,0.0,180.0,4,45115,500,0,0,0,0,0,0,0,0,0,,,,1222,19,17,True,ok,False
org.fossify.messages_20.apk,aperv:mop_off_llm_off,2,300,gh104_07,1,COMPLETED,COMPLETED,,366,270.0,255,5.037783375314862,27.27272727272727,3.6824877250409163,0.0,180.0,2,48466,500,0,0,0,0,0,0,0,0,0,,,,1222,19,17,True,ok,False
org.fossify.messages_20.apk,aperv:mop_off_llm_off,3,300,gh104_07,1,COMPLETED,COMPLETED,,366,270.0,255,5.065771060733278,27.27272727272727,3.6824877250409163,0.0,181.0,3,46487,505,0,0,0,0,0,0,0,0,0,,,,1222,19,17,True,ok,False
org.fossify.messages_20.apk,aperv:mop_on_llm_off,1,300,gh104_07,2,ERROR/COMPLETED,COMPLETED,,358,270.0,255,5.037783375314862,27.27272727272727,3.6824877250409163,0,180,4,58213,500,0,0,0,0,0,0,0,0,0,,,,1222,19,17,True,ok,False
org.fossify.messages_20.apk,aperv:mop_on_llm_off,2,300,gh104_07,1,COMPLETED,COMPLETED,,367,270.0,255,5.177721802406941,27.27272727272727,3.6824877250409163,0.0,185.0,3,46925,505,0,0,0,0,0,0,0,0,0,,,,1222,19,17,True,ok,False
org.fossify.messages_20.apk,aperv:mop_on_llm_off,3,300,gh104_07,1,COMPLETED,COMPLETED,,364,270.0,255,5.037783375314862,27.27272727272727,3.6824877250409163,0.0,180.0,4,55854,500,0,0,0,0,0,0,0,0,0,,,,1222,19,17,True,ok,False
org.fossify.musicplayer_14.apk,ape,1,300,gh104_00,1,COMPLETED,COMPLETED,,357,270.0,255,31.948291782086795,54.54545454545454,30.35532994923858,0.0,1038.0,281,11101,3502,0,0,0,0,0,0,0,0,0,,,,985,19,17,True,ok,False
org.fossify.musicplayer_14.apk,ape,2,300,gh104_00,1,COMPLETED,COMPLETED,,359,270.0,255,32.71775931055709,45.45454545454545,33.50253807106599,0.0,1063.0,301,12346,3152,0,0,0,0,0,0,0,0,0,,,,985,19,17,True,ok,False
org.fossify.musicplayer_14.apk,ape,3,300,gh104_00,1,COMPLETED,COMPLETED,,361,270.0,255,30.87103724222838,45.45454545454545,30.456852791878177,0.0,1003.0,308,6580,2641,0,0,0,0,0,0,0,0,0,,,,985,19,17,True,ok,False
org.fossify.musicplayer_14.apk,aperv:mop_off_llm_off,1,300,gh104_00,1,COMPLETED,COMPLETED,,364,270.0,255,36.44198214835334,72.72727272727273,34.51776649746193,0.0,1184.0,350,6503,3651,0,0,0,0,0,0,0,0,0,,,,985,19,17,True,ok,False
org.fossify.musicplayer_14.apk,aperv:mop_off_llm_off,2,300,gh104_00,1,COMPLETED,COMPLETED,,364,270.0,255,33.91812865497076,63.63636363636363,32.69035532994924,0.0,1102.0,315,13523,3765,0,0,0,0,0,0,0,0,0,,,,985,19,17,True,ok,False
org.fossify.musicplayer_14.apk,aperv:mop_off_llm_off,3,300,gh104_00,1,COMPLETED,COMPLETED,,360,270.0,255,38.442597722376114,72.72727272727273,36.04060913705584,0.0,1249.0,279,16595,3184,0,0,0,0,0,0,0,0,0,,,,985,19,17,True,ok,False
org.fossify.musicplayer_14.apk,aperv:mop_on_llm_off,1,300,gh104_00,1,COMPLETED,COMPLETED,,361,270.0,255,35.91874422899354,72.72727272727273,33.401015228426395,0.0,1167.0,322,7474,4311,0,0,0,0,0,0,0,0,0,,,,985,19,17,True,ok,False
org.fossify.musicplayer_14.apk,aperv:mop_on_llm_off,2,300,gh104_00,1,COMPLETED,COMPLETED,,364,270.0,255,33.94890735610957,63.63636363636363,31.573604060913706,0.0,1103.0,331,6635,4216,0,0,0,0,0,0,0,0,0,,,,985,19,17,True,ok,False
org.fossify.musicplayer_14.apk,aperv:mop_on_llm_off,3,300,gh104_00,1,COMPLETED,COMPLETED,,365,270.0,255,32.25607879347491,63.63636363636363,30.456852791878177,0.0,1048.0,225,10411,4182,0,0,0,0,0,0,0,0,0,,,,985,19,17,True,ok,False
org.fossify.notes_13.apk,ape,1,300,gh104_01,1,COMPLETED,COMPLETED,,361,270.0,255,38.1267217630854,80.0,35.714285714285715,10.0,692.0,292,3778,2106,10,10,0,0,0,0,0,0,0,,,,560,13,11,True,ok,False
org.fossify.notes_13.apk,ape,2,300,gh104_01,1,COMPLETED,COMPLETED,,360,270.0,255,33.49862258953168,80.0,32.142857142857146,10.0,608.0,302,5043,3645,10,10,0,0,0,0,0,0,0,,,,560,13,11,True,ok,False
org.fossify.notes_13.apk,ape,3,300,gh104_01,1,COMPLETED,COMPLETED,,361,270.0,255,27.988980716253444,60.0,27.857142857142858,10.0,508.0,294,2816,1449,10,10,0,0,0,0,0,0,0,,,,560,13,11,True,ok,False
org.fossify.notes_13.apk,aperv:mop_off_llm_off,1,300,gh104_01,1,COMPLETED,COMPLETED,,365,270.0,255,44.90358126721763,100.0,42.67857142857142,0.0,815.0,308,4631,2389,0,0,0,0,0,0,0,0,0,,,,560,13,11,True,ok,False
org.fossify.notes_13.apk,aperv:mop_off_llm_off,2,300,gh104_01,1,COMPLETED,COMPLETED,,365,270.0,255,39.11845730027548,100.0,35.714285714285715,0.0,710.0,315,5928,2189,0,0,0,0,0,0,0,0,0,,,,560,13,11,True,ok,False
org.fossify.notes_13.apk,aperv:mop_off_llm_off,3,300,gh104_01,1,COMPLETED,COMPLETED,,361,270.0,255,33.829201101928376,100.0,31.428571428571427,5.0,614.0,294,3250,1484,10,5,0,0,0,0,0,0,0,,,,560,13,11,True,ok,False
org.fossify.notes_13.apk,aperv:mop_on_llm_off,1,300,gh104_01,1,COMPLETED,COMPLETED,,364,270.0,255,44.51790633608815,100.0,41.42857142857143,10.0,808.0,289,3186,2711,10,10,0,0,0,0,0,0,0,,,,560,13,11,True,ok,False
org.fossify.notes_13.apk,aperv:mop_on_llm_off,2,300,gh104_01,1,COMPLETED,COMPLETED,,359,270.0,255,37.57575757575757,80.0,36.07142857142857,10.0,682.0,354,5227,2802,10,10,0,0,0,0,0,0,0,,,,560,13,11,True,ok,False
org.fossify.notes_13.apk,aperv:mop_on_llm_off,3,300,gh104_01,1,COMPLETED,COMPLETED,,358,270.0,255,33.994490358126725,100.0,31.785714285714285,10.0,617.0,332,4861,2706,15,10,0,0,0,0,0,0,0,,,,560,13,11,True,ok,False
org.fossify.paint_7.apk,ape,1,300,gh104_02,1,COMPLETED,COMPLETED,,362,270.0,255,49.664429530201346,100.0,48.45360824742268,0.0,222.0,227,2546,1203,0,0,0,0,0,0,0,0,0,,,,97,12,10,True,ok,False
org.fossify.paint_7.apk,ape,2,300,gh104_02,1,COMPLETED,COMPLETED,,363,270.0,255,49.44071588366891,100.0,44.329896907216494,0.0,221.0,300,3354,1461,0,0,0,0,0,0,0,0,0,,,,97,12,10,True,ok,False
org.fossify.paint_7.apk,ape,3,300,gh104_02,1,COMPLETED,COMPLETED,,363,270.0,255,52.79642058165548,100.0,50.51546391752577,0.0,236.0,289,2069,1578,0,0,0,0,0,0,0,0,0,,,,97,12,10,True,ok,False
org.fossify.paint_7.apk,aperv:mop_off_llm_off,1,300,gh104_02,1,COMPLETED,COMPLETED,,361,270.0,255,57.27069351230425,100.0,54.63917525773196,0.0,256.0,315,2430,1140,0,0,0,0,0,0,0,0,0,,,,97,12,10,True,ok,False
org.fossify.paint_7.apk,aperv:mop_off_llm_off,2,300,gh104_02,1,COMPLETED,COMPLETED,,359,270.0,255,55.92841163310962,100.0,48.45360824742268,0.0,250.0,337,3111,1507,0,0,0,0,0,0,0,0,0,,,,97,12,10,True,ok,False
org.fossify.paint_7.apk,aperv:mop_off_llm_off,3,300,gh104_02,1,COMPLETED,COMPLETED,,362,270.0,255,49.21700223713646,100.0,44.329896907216494,0.0,220.0,116,1440,1191,0,0,0,0,0,0,0,0,0,,,,97,12,10,True,ok,False
org.fossify.paint_7.apk,aperv:mop_on_llm_off,1,300,gh104_02,1,COMPLETED,COMPLETED,,367,270.0,255,65.32438478747203,100.0,52.57731958762887,0.0,292.0,299,5811,2056,0,0,0,3,0,0,0,3,3,173,crash:java.lang.NullPointerException=3,,97,12,10,True,ok,False
org.fossify.paint_7.apk,aperv:mop_on_llm_off,2,300,gh104_02,1,COMPLETED,COMPLETED,,361,270.0,255,54.36241610738255,100.0,49.48453608247423,0.0,243.0,177,2030,1415,0,0,0,0,0,0,0,0,0,,,,97,12,10,True,ok,False
org.fossify.paint_7.apk,aperv:mop_on_llm_off,3,300,gh104_02,1,COMPLETED,COMPLETED,,362,270.0,255,62.41610738255034,100.0,51.546391752577314,0.0,279.0,292,3056,2015,0,0,0,1,0,0,0,1,1,260,crash:java.lang.NullPointerException=1,,97,12,10,True,ok,False
org.fossify.voicerecorder_18.apk,ape,1,300,gh104_03,1,COMPLETED,COMPLETED,,361,270.0,255,30.113636363636363,66.66666666666666,23.949579831932773,0.0,265.0,311,3332,2120,0,0,0,0,0,0,0,0,0,,,,238,14,12,True,ok,False
org.fossify.voicerecorder_18.apk,ape,2,300,gh104_03,1,COMPLETED,COMPLETED,,360,270.0,255,44.09090909090909,83.33333333333334,39.91596638655462,0.0,388.0,225,3618,2108,0,0,0,0,0,0,0,0,0,,,,238,14,12,True,ok,False
org.fossify.voicerecorder_18.apk,ape,3,300,gh104_03,1,COMPLETED,COMPLETED,,360,270.0,255,43.52272727272727,83.33333333333334,35.714285714285715,0.0,383.0,208,3417,1780,0,0,0,0,0,0,0,0,0,,,,238,14,12,True,ok,False
org.fossify.voicerecorder_18.apk,aperv:mop_off_llm_off,1,300,gh104_03,1,COMPLETED,COMPLETED,,359,270.0,255,44.54545454545455,83.33333333333334,39.49579831932773,0.0,392.0,330,4598,2522,0,0,0,0,0,0,0,0,0,,,,238,14,12,True,ok,False
org.fossify.voicerecorder_18.apk,aperv:mop_off_llm_off,2,300,gh104_03,1,COMPLETED,COMPLETED,,361,270.0,255,43.52272727272727,83.33333333333334,37.81512605042017,0.0,383.0,319,5139,3383,0,0,0,0,0,0,0,0,0,,,,238,14,12,True,ok,False
org.fossify.voicerecorder_18.apk,aperv:mop_off_llm_off,3,300,gh104_03,1,COMPLETED,COMPLETED,,362,270.0,255,37.61363636363637,66.66666666666666,36.97478991596639,0.0,331.0,311,4638,1931,0,0,0,0,0,0,0,0,0,,,,238,14,12,True,ok,False
org.fossify.voicerecorder_18.apk,aperv:mop_on_llm_off,1,300,gh104_03,1,COMPLETED,COMPLETED,,359,270.0,255,45.56818181818182,83.33333333333334,42.016806722689076,0.0,401.0,292,4988,2892,0,0,0,0,0,0,0,0,0,,,,238,14,12,True,ok,False
org.fossify.voicerecorder_18.apk,aperv:mop_on_llm_off,2,300,gh104_03,1,COMPLETED,COMPLETED,,363,270.0,255,35.90909090909091,100.0,28.15126050420168,0.0,316.0,272,3330,2805,0,0,0,0,0,0,0,0,0,,,,238,14,12,True,ok,False
org.fossify.voicerecorder_18.apk,aperv:mop_on_llm_off,3,300,gh104_03,1,COMPLETED,COMPLETED,,364,270.0,255,43.29545454545455,100.0,36.134453781512605,0.0,381.0,295,5042,3031,0,0,0,0,0,0,0,0,0,,,,238,14,12,True,ok,False
org.glpi.inventory.agent_39469.apk,ape,1,300,gh104_04,1,COMPLETED,COMPLETED,,361,270.0,255,32.923832923832926,30.0,27.11864406779661,19.0,268.0,247,1404,624,35,19,0,0,0,0,0,0,0,,,,59,10,4,,ok,False
org.glpi.inventory.agent_39469.apk,ape,2,300,gh104_04,1,COMPLETED,COMPLETED,,363,270.0,255,32.67813267813268,30.0,27.11864406779661,19.0,266.0,213,1377,622,35,19,0,0,0,0,0,0,0,,,,59,10,4,,ok,False
org.glpi.inventory.agent_39469.apk,ape,3,300,gh104_04,1,COMPLETED,COMPLETED,,360,270.0,255,29.484029484029485,30.0,25.423728813559322,19.0,240.0,185,1397,596,35,19,0,0,0,0,0,0,0,,,,59,10,4,,ok,False
org.glpi.inventory.agent_39469.apk,aperv:mop_off_llm_off,1,300,gh104_04,1,COMPLETED,COMPLETED,,364,270.0,255,27.395577395577398,30.0,25.423728813559322,19.0,223.0,259,1589,579,35,19,0,0,0,0,0,0,0,,,,59,10,4,,ok,False
org.glpi.inventory.agent_39469.apk,aperv:mop_off_llm_off,2,300,gh104_04,1,COMPLETED,COMPLETED,,364,270.0,255,32.67813267813268,30.0,27.11864406779661,19.0,266.0,288,1293,622,27,19,0,0,0,0,0,0,0,,,,59,10,4,,ok,False
org.glpi.inventory.agent_39469.apk,aperv:mop_off_llm_off,3,300,gh104_04,1,COMPLETED,COMPLETED,,363,270.0,255,32.06388206388206,30.0,27.11864406779661,19.0,261.0,271,1527,617,35,19,0,0,0,0,0,0,0,,,,59,10,4,,ok,False
org.glpi.inventory.agent_39469.apk,aperv:mop_on_llm_off,1,300,gh104_04,1,COMPLETED,COMPLETED,,359,270.0,255,41.154791154791155,60.0,38.983050847457626,19.0,335.0,312,1654,691,27,19,0,0,0,0,0,0,0,,,,59,10,4,,ok,False
org.glpi.inventory.agent_39469.apk,aperv:mop_on_llm_off,2,300,gh104_04,1,COMPLETED,COMPLETED,,363,270.0,255,41.27764127764127,60.0,38.983050847457626,19.0,336.0,253,1138,692,19,19,0,0,0,0,0,0,0,,,,59,10,4,,ok,False
org.glpi.inventory.agent_39469.apk,aperv:mop_on_llm_off,3,300,gh104_04,1,COMPLETED,COMPLETED,,362,270.0,255,41.27764127764127,60.0,38.983050847457626,19.0,336.0,290,1608,692,27,19,0,0,0,0,0,0,0,,,,59,10,4,,ok,False
org.hwyl.sexytopo_93.apk,ape,1,300,gh104_05,1,COMPLETED,COMPLETED,,360,270.0,255,29.480346435709524,69.23076923076923,29.166666666666668,0.0,885.0,229,1592,885,0,0,0,0,0,0,0,0,0,,,,288,14,4,True,ok,False
org.hwyl.sexytopo_93.apk,ape,2,300,gh104_05,1,COMPLETED,COMPLETED,,365,270.0,255,24.050632911392405,53.84615384615385,20.48611111111111,0.0,722.0,187,955,722,0,0,0,0,0,0,0,0,0,,,,288,14,4,True,ok,False
org.hwyl.sexytopo_93.apk,ape,3,300,gh104_05,1,COMPLETED,COMPLETED,,363,270.0,255,21.71885409726849,69.23076923076923,19.791666666666664,0.0,652.0,238,1742,652,0,0,0,0,0,0,0,0,0,,,,288,14,4,True,ok,False
org.hwyl.sexytopo_93.apk,aperv:mop_off_llm_off,1,300,gh104_05,1,COMPLETED,COMPLETED,,359,270.0,255,22.58494337108594,61.53846153846154,19.09722222222222,0.0,678.0,213,1043,678,0,0,0,0,0,0,0,0,0,,,,288,14,4,True,ok,False
org.hwyl.sexytopo_93.apk,aperv:mop_off_llm_off,2,300,gh104_05,1,COMPLETED,COMPLETED,,364,270.0,255,18.32111925383078,46.15384615384615,17.01388888888889,0.0,550.0,248,1003,550,0,0,0,0,0,0,0,0,0,,,,288,14,4,True,ok,False
org.hwyl.sexytopo_93.apk,aperv:mop_off_llm_off,3,300,gh104_05,1,COMPLETED,COMPLETED,,364,270.0,255,24.350433044636908,53.84615384615385,24.65277777777778,0.0,731.0,227,1254,731,0,0,0,0,0,0,0,0,0,,,,288,14,4,True,ok,False
org.hwyl.sexytopo_93.apk,aperv:mop_on_llm_off,1,300,gh104_05,1,COMPLETED,COMPLETED,,356,270.0,255,25.982678214523652,100.0,23.958333333333336,0.0,780.0,210,1757,780,0,0,0,0,0,0,0,0,0,,,,288,14,4,True,ok,False
org.hwyl.sexytopo_93.apk,aperv:mop_on_llm_off,2,300,gh104_05,1,COMPLETED,COMPLETED,,359,270.0,255,23.750832778147903,84.61538461538461,21.52777777777778,0.0,713.0,212,1643,713,0,0,0,0,0,0,0,0,0,,,,288,14,4,True,ok,False
org.hwyl.sexytopo_93.apk,aperv:mop_on_llm_off,3,300,gh104_05,1,COMPLETED,COMPLETED,,363,270.0,255,25.48301132578281,76.92307692307693,27.083333333333332,0.0,765.0,212,2286,765,0,0,0,0,1,0,0,1,1,,anr:org.hwyl.sexytopo=1,,288,14,4,True,ok,False
org.isoron.uhabits_20301.apk,ape,1,300,gh104_06,1,COMPLETED,COMPLETED,,349,270.0,255,35.73039338511651,45.45454545454545,47.07446808510639,0,1426,277,3040,1737,0,0,0,0,0,0,0,0,0,,,,376,11,3,True,ok,False
org.isoron.uhabits_20301.apk,ape,2,300,gh104_06,1,COMPLETED,COMPLETED,,352,270.0,255,22.650964670508642,27.27272727272727,38.82978723404255,0,904,261,2374,1228,0,0,0,0,0,0,0,0,0,,,,376,11,3,True,ok,False
org.isoron.uhabits_20301.apk,ape,3,300,gh104_06,1,COMPLETED,COMPLETED,,353,270.0,255,34.65296918065648,45.45454545454545,47.07446808510639,0,1383,266,3238,1725,0,0,0,0,0,0,0,0,0,,,,376,11,3,True,ok,False
org.isoron.uhabits_20301.apk,aperv:mop_off_llm_off,1,300,gh104_06,1,COMPLETED,COMPLETED,,354,270.0,255,33.47531946880481,27.27272727272727,44.41489361702128,0,1336,292,3162,1670,0,0,0,0,0,0,0,0,0,,,,376,11,3,True,ok,False
org.isoron.uhabits_20301.apk,aperv:mop_off_llm_off,2,300,gh104_06,1,COMPLETED,COMPLETED,,355,270.0,255,36.60736657479329,45.45454545454545,47.6063829787234,0,1461,254,3551,1777,0,0,0,0,0,0,0,0,0,,,,376,11,3,True,ok,False
org.isoron.uhabits_20301.apk,aperv:mop_off_llm_off,3,300,gh104_06,1,COMPLETED,COMPLETED,,356,270.0,255,35.454773239789525,45.45454545454545,48.67021276595745,0,1415,283,4032,1741,0,0,0,0,0,0,0,0,0,,,,376,11,3,True,ok,False
org.isoron.uhabits_20301.apk,aperv:mop_on_llm_off,1,300,gh104_06,1,COMPLETED,COMPLETED,,355,270.0,255,23.352543222250063,54.54545454545454,38.56382978723404,0,932,150,3155,1248,0,0,0,3,0,0,0,3,3,68,crash:java.lang.RuntimeException=3,,376,11,3,True,ok,False
org.isoron.uhabits_20301.apk,aperv:mop_on_llm_off,2,300,gh104_06,1,COMPLETED,COMPLETED,,353,270.0,255,20.596341768980206,45.45454545454545,35.638297872340424,0,822,150,3170,1148,0,0,0,3,0,0,0,3,3,49,crash:java.lang.RuntimeException=3,,376,11,3,True,ok,False
org.isoron.uhabits_20301.apk,aperv:mop_on_llm_off,3,300,gh104_06,1,COMPLETED,COMPLETED,,351,270.0,255,37.10849411175144,54.54545454545454,44.680851063829785,0,1481,259,7662,1822,0,0,0,4,0,0,0,4,4,68,crash:java.lang.RuntimeException=4,,376,11,3,True,ok,False
org.jellyfin.mobile_2060499.apk,ape,1,300,gh104_07,1,COMPLETED,COMPLETED,,357,270.0,255,13.28351012536162,100.0,15.68951279933939,7.0,551.0,306,3773,1752,14,5,0,0,0,0,0,0,0,,,,1211,1,1,,ok,False
org.jellyfin.mobile_2060499.apk,ape,2,300,gh104_07,1,COMPLETED,COMPLETED,,357,270.0,255,13.28351012536162,100.0,15.68951279933939,7.0,551.0,280,3684,1755,14,5,0,0,0,0,0,0,0,,,,1211,1,1,,ok,False
org.jellyfin.mobile_2060499.apk,ape,3,300,gh104_07,1,COMPLETED,COMPLETED,,356,270.0,255,13.28351012536162,100.0,15.68951279933939,7.0,551.0,243,3685,1755,14,5,0,0,0,0,0,0,0,,,,1211,1,1,,ok,False
org.jellyfin.mobile_2060499.apk,aperv:mop_off_llm_off,1,300,gh104_07,1,COMPLETED,COMPLETED,,365,270.0,255,13.187078109932498,100.0,15.606936416184972,7.0,547.0,292,6099,1749,28,5,0,0,0,0,0,0,0,,,,1211,1,1,,ok,False
org.jellyfin.mobile_2060499.apk,aperv:mop_off_llm_off,2,300,gh104_07,1,COMPLETED,COMPLETED,,365,270.0,255,13.33172613307618,100.0,15.854665565648224,7.0,553.0,389,5347,1755,21,5,0,0,0,0,0,0,0,,,,1211,1,1,,ok,False
org.jellyfin.mobile_2060499.apk,aperv:mop_off_llm_off,3,300,gh104_07,1,COMPLETED,COMPLETED,,364,270.0,255,13.187078109932498,100.0,15.606936416184972,7.0,547.0,393,7101,1744,35,5,0,0,0,0,0,0,0,,,,1211,1,1,,ok,False
org.jellyfin.mobile_2060499.apk,aperv:mop_on_llm_off,1,300,gh104_07,1,COMPLETED,COMPLETED,,369,270.0,255,13.187078109932498,100.0,15.606936416184972,7.0,547.0,328,5257,1749,21,5,0,0,0,0,0,0,0,,,,1211,1,1,,ok,False
org.jellyfin.mobile_2060499.apk,aperv:mop_on_llm_off,2,300,gh104_07,1,COMPLETED,COMPLETED,,363,270.0,255,13.28351012536162,100.0,15.68951279933939,7.0,551.0,381,4055,1753,14,5,0,0,0,0,0,0,0,,,,1211,1,1,,ok,False
org.jellyfin.mobile_2060499.apk,aperv:mop_on_llm_off,3,300,gh104_07,1,COMPLETED,COMPLETED,,368,270.0,255,13.28351012536162,100.0,15.68951279933939,7.0,551.0,373,5033,1753,21,5,0,0,0,0,0,0,0,,,,1211,1,1,,ok,False
org.liberty.android.fantastischmemo_241.apk,ape,1,300,gh104_00,1,COMPLETED,COMPLETED,,360,270.0,255,43.73186302959954,42.10526315789473,60.3448275862069,0.0,1507.0,251,3799,2384,0,0,0,0,0,0,0,0,0,,,,58,19,0,True,ok,False
org.liberty.android.fantastischmemo_241.apk,ape,2,300,gh104_00,1,COMPLETED,COMPLETED,,360,270.0,255,41.99071387115496,42.10526315789473,84.48275862068965,0.0,1447.0,261,2400,2250,0,0,0,0,0,0,0,0,0,,,,58,19,0,True,ok,False
org.liberty.android.fantastischmemo_241.apk,ape,3,300,gh104_00,1,COMPLETED,COMPLETED,,362,270.0,255,23.534532791642484,36.84210526315789,68.96551724137932,7.0,811.0,338,4545,2168,7,5,0,2,0,0,0,2,2,206,crash:java.lang.NullPointerException=1;crash:java.lang.NumberFormatException=1,,58,19,0,True,ok,False
org.liberty.android.fantastischmemo_241.apk,aperv:mop_off_llm_off,1,300,gh104_00,1,COMPLETED,COMPLETED,,363,270.0,255,34.56181079512478,31.57894736842105,96.55172413793103,7.0,1191.0,365,3659,2206,7,5,0,0,0,0,0,0,0,,,,58,19,0,True,ok,False
org.liberty.android.fantastischmemo_241.apk,aperv:mop_off_llm_off,2,300,gh104_00,1,COMPLETED,COMPLETED,,363,270.0,255,30.992455020313407,31.57894736842105,60.3448275862069,0.0,1068.0,268,2517,1724,0,0,0,1,0,0,0,1,1,249,crash:android.content.ActivityNotFoundException=1,,58,19,0,True,ok,False
org.liberty.android.fantastischmemo_241.apk,aperv:mop_off_llm_off,3,300,gh104_00,1,COMPLETED,COMPLETED,,363,270.0,255,37.98607080673244,26.31578947368421,75.86206896551724,7.0,1309.0,381,4861,3098,14,5,0,0,0,0,0,0,0,,,,58,19,0,True,ok,False
org.liberty.android.fantastischmemo_241.apk,aperv:mop_on_llm_off,1,300,gh104_00,1,COMPLETED,COMPLETED,,357,270.0,255,40.07544979686593,42.10526315789473,60.3448275862069,0.0,1381.0,267,4402,2702,0,0,0,0,0,0,0,0,0,,,,58,19,0,True,ok,False
org.liberty.android.fantastischmemo_241.apk,aperv:mop_on_llm_off,2,300,gh104_00,1,COMPLETED,COMPLETED,,369,270.0,255,36.24492164828787,47.368421052631575,60.3448275862069,0.0,1249.0,277,4759,2036,0,0,0,1,0,0,0,1,1,256,crash:android.content.ActivityNotFoundException=1,,58,19,0,True,ok,False
org.liberty.android.fantastischmemo_241.apk,aperv:mop_on_llm_off,3,300,gh104_00,1,COMPLETED,COMPLETED,,358,270.0,255,34.27161926871735,47.368421052631575,75.86206896551724,7.0,1181.0,289,6347,3100,7,5,0,2,0,0,0,2,2,139,crash:java.lang.IllegalArgumentException=1;crash:java.lang.NumberFormatException=1,,58,19,0,True,ok,False
org.musicbrainz.picard.barcodescanner_38.apk,ape,1,300,gh104_01,1,COMPLETED,COMPLETED,,361,270.0,255,47.96747967479675,60.0,53.2258064516129,7.0,118.0,188,1242,1080,7,5,0,0,0,0,0,0,0,,,,62,6,2,True,ok,False
org.musicbrainz.picard.barcodescanner_38.apk,ape,2,300,gh104_01,1,COMPLETED,COMPLETED,,358,270.0,255,45.1219512195122,60.0,53.2258064516129,7.0,111.0,175,964,774,7,5,0,0,0,0,0,0,0,,,,62,6,2,True,ok,False
org.musicbrainz.picard.barcodescanner_38.apk,ape,3,300,gh104_01,1,COMPLETED,COMPLETED,,362,270.0,255,47.96747967479675,60.0,53.2258064516129,7.0,118.0,184,1293,1086,7,5,0,0,0,0,0,0,0,,,,62,6,2,True,ok,False
org.musicbrainz.picard.barcodescanner_38.apk,aperv:mop_off_llm_off,1,300,gh104_01,1,COMPLETED,COMPLETED,,365,270.0,255,47.15447154471545,60.0,51.61290322580645,7.0,116.0,205,2162,1050,14,5,0,0,0,0,0,0,0,,,,62,6,2,True,ok,False
org.musicbrainz.picard.barcodescanner_38.apk,aperv:mop_off_llm_off,2,300,gh104_01,1,COMPLETED,COMPLETED,,362,270.0,255,47.96747967479675,60.0,53.2258064516129,7.0,118.0,195,1474,1085,7,5,0,0,0,0,0,0,0,,,,62,6,2,True,ok,False
org.musicbrainz.picard.barcodescanner_38.apk,aperv:mop_off_llm_off,3,300,gh104_01,1,COMPLETED,COMPLETED,,364,270.0,255,47.96747967479675,60.0,53.2258064516129,7.0,118.0,194,1463,1085,7,5,0,0,0,0,0,0,0,,,,62,6,2,True,ok,False
org.musicbrainz.picard.barcodescanner_38.apk,aperv:mop_on_llm_off,1,300,gh104_01,1,COMPLETED,COMPLETED,,362,270.0,255,65.4471544715447,100.0,75.80645161290323,7.0,161.0,202,2816,2424,7,5,0,0,0,0,0,0,0,,,,62,6,2,True,ok,False
org.musicbrainz.picard.barcodescanner_38.apk,aperv:mop_on_llm_off,2,300,gh104_01,1,COMPLETED,COMPLETED,,364,270.0,255,66.66666666666666,100.0,75.80645161290323,7.0,164.0,187,2889,2427,7,5,0,0,0,0,0,0,0,,,,62,6,2,True,ok,False
org.musicbrainz.picard.barcodescanner_38.apk,aperv:mop_on_llm_off,3,300,gh104_01,1,COMPLETED,COMPLETED,,366,270.0,255,66.26016260162602,100.0,75.80645161290323,7.0,163.0,211,2781,2399,7,5,0,0,0,0,0,0,0,,,,62,6,2,True,ok,False
org.nqmgaming.aneko_34.apk,ape,1,300,gh104_02,1,COMPLETED,COMPLETED,,365,270.0,255,66.23769871309614,50.0,68.17269076305222,12.0,1750.0,281,9253,5755,12,10,0,0,0,0,0,0,0,,,,996,4,3,True,ok,False
org.nqmgaming.aneko_34.apk,ape,2,300,gh104_02,1,COMPLETED,COMPLETED,,362,270.0,255,58.85692657077971,50.0,57.93172690763052,7.0,1555.0,323,10649,5347,14,5,0,0,0,0,0,0,0,,,,996,4,3,True,ok,False
org.nqmgaming.aneko_34.apk,ape,3,300,gh104_02,1,COMPLETED,COMPLETED,,362,270.0,255,64.83724451173354,50.0,66.96787148594377,12.0,1713.0,297,13078,5724,12,10,0,0,0,0,0,0,0,,,,996,4,3,True,ok,False
org.nqmgaming.aneko_34.apk,aperv:mop_off_llm_off,1,300,gh104_02,1,COMPLETED,COMPLETED,,359,270.0,255,64.23164269492808,50.0,61.94779116465864,12.0,1697.0,472,23553,5692,12,10,0,0,0,0,0,0,0,,,,996,4,3,True,ok,False
org.nqmgaming.aneko_34.apk,aperv:mop_off_llm_off,2,300,gh104_02,1,COMPLETED,COMPLETED,,363,270.0,255,67.37320211960636,50.0,69.97991967871486,12.0,1780.0,382,11435,5837,24,10,0,0,0,0,0,0,0,,,,996,4,3,True,ok,False
org.nqmgaming.aneko_34.apk,aperv:mop_off_llm_off,3,300,gh104_02,1,COMPLETED,COMPLETED,,364,270.0,255,66.1998485995458,50.0,68.87550200803213,12.0,1749.0,317,15747,5746,12,10,0,0,0,0,0,0,0,,,,996,4,3,True,ok,False
org.nqmgaming.aneko_34.apk,aperv:mop_on_llm_off,1,300,gh104_02,1,COMPLETED,COMPLETED,,364,270.0,255,68.09235427706282,100.0,70.68273092369478,12.0,1799.0,370,13583,5816,24,10,0,0,0,0,0,0,0,,,,996,4,3,True,ok,False
org.nqmgaming.aneko_34.apk,aperv:mop_on_llm_off,2,300,gh104_02,1,COMPLETED,COMPLETED,,363,270.0,255,68.01665404996216,100.0,68.57429718875501,12.0,1797.0,328,14082,5839,12,10,0,0,0,0,0,0,0,,,,996,4,3,True,ok,False
org.nqmgaming.aneko_34.apk,aperv:mop_on_llm_off,3,300,gh104_02,1,COMPLETED,COMPLETED,,359,270.0,255,66.0105980317941,100.0,66.06425702811245,5.0,1744.0,426,11933,5227,5,5,0,0,0,0,0,0,0,,,,996,4,3,True,ok,False
org.nsh07.pomodoro_34.apk,ape,1,300,gh104_03,1,COMPLETED,COMPLETED,,362,270.0,255,55.4310672236992,100.0,53.13420277660917,0.0,2919.0,296,11304,6435,0,0,0,1,0,0,0,0,1,18,crash:java.lang.SecurityException=1,,2377,4,2,True,ok,False
org.nsh07.pomodoro_34.apk,ape,2,300,gh104_03,1,COMPLETED,COMPLETED,,358,270.0,255,58.50740600075959,100.0,56.7522086663862,0.0,3081.0,262,26811,6663,0,0,0,0,0,0,0,0,0,,,,2377,4,2,True,ok,False
org.nsh07.pomodoro_34.apk,ape,3,300,gh104_03,1,COMPLETED,COMPLETED,,362,270.0,255,55.67793391568553,100.0,53.76525031552377,0.0,2932.0,322,11541,6808,0,0,0,0,0,0,0,0,0,,,,2377,4,2,True,ok,False
org.nsh07.pomodoro_34.apk,aperv:mop_off_llm_off,1,300,gh104_03,1,COMPLETED,COMPLETED,,365,270.0,255,58.27952905431067,100.0,57.00462768195204,0.0,3069.0,314,21283,6589,0,0,0,0,0,0,0,0,0,,,,2377,4,2,True,ok,False
org.nsh07.pomodoro_34.apk,aperv:mop_off_llm_off,2,300,gh104_03,1,COMPLETED,COMPLETED,,362,270.0,255,59.60881124192936,100.0,58.51914177534707,0.0,3139.0,328,11454,7016,0,0,0,0,0,0,0,0,0,,,,2377,4,2,True,ok,False
org.nsh07.pomodoro_34.apk,aperv:mop_off_llm_off,3,300,gh104_03,1,COMPLETED,COMPLETED,,365,270.0,255,56.55146221040638,100.0,54.31215818258309,0.0,2978.0,308,17180,6552,0,0,0,0,0,0,0,0,0,,,,2377,4,2,True,ok,False
org.nsh07.pomodoro_34.apk,aperv:mop_on_llm_off,1,300,gh104_03,1,COMPLETED,COMPLETED,,362,270.0,255,58.1466008355488,100.0,56.62599915860328,0.0,3062.0,285,16945,7006,0,0,0,0,0,0,0,0,0,,,,2377,4,2,True,ok,False
org.nsh07.pomodoro_34.apk,aperv:mop_on_llm_off,2,300,gh104_03,1,COMPLETED,COMPLETED,,365,270.0,255,52.84846183061147,100.0,49.93689524610854,0.0,2783.0,291,13591,6425,0,0,0,0,0,0,0,0,0,,,,2377,4,2,True,ok,False
org.nsh07.pomodoro_34.apk,aperv:mop_on_llm_off,3,300,gh104_03,1,COMPLETED,COMPLETED,,362,270.0,255,59.05810862134447,100.0,57.76188472864956,0.0,3110.0,281,12232,6701,0,0,0,0,0,0,0,0,0,,,,2377,4,2,True,ok,False
org.openhab.habdroid_589.apk,ape,1,300,gh104_04,1,COMPLETED,COMPLETED,,359,270.0,255,32.48319834568327,37.5,35.776487663280115,30.0,1885.0,290,11557,6518,102,23,0,2,0,0,0,2,2,11,crash:java.lang.RuntimeException=2,,1378,19,18,,ok,False
org.openhab.habdroid_589.apk,ape,2,300,gh104_04,1,COMPLETED,COMPLETED,,361,270.0,255,20.299844907806307,25.0,25.834542815674894,41.0,1178.0,237,11350,3804,142,35,0,3,0,0,0,3,3,17,crash:java.lang.RuntimeException=3,,1378,19,18,,ok,False
org.openhab.habdroid_589.apk,ape,3,300,gh104_04,1,COMPLETED,COMPLETED,,361,270.0,255,14.354644149577805,25.0,17.706821480406386,25.0,833.0,203,8868,2601,110,18,0,2,0,0,0,2,2,16,crash:java.lang.RuntimeException=2,,1378,19,18,,ok,False
org.openhab.habdroid_589.apk,aperv:mop_off_llm_off,1,300,gh104_04,1,COMPLETED,COMPLETED,,366,270.0,255,29.570911597449594,37.5,32.14804063860668,30.0,1716.0,264,7760,5945,55,23,0,1,0,0,0,1,1,156,crash:java.lang.RuntimeException=1,,1378,19,18,,ok,False
org.openhab.habdroid_589.apk,aperv:mop_off_llm_off,2,300,gh104_04,1,COMPLETED,COMPLETED,,357,270.0,255,11.787006720661726,25.0,14.876632801161103,25.0,684.0,303,7816,2461,100,18,0,1,0,0,0,1,1,30,crash:java.lang.RuntimeException=1,,1378,19,18,,ok,False
org.openhab.habdroid_589.apk,aperv:mop_off_llm_off,3,300,gh104_04,1,COMPLETED,COMPLETED,,358,270.0,255,31.914526968809238,37.5,35.05079825834543,30.0,1852.0,288,10631,5709,102,23,0,2,0,0,0,2,2,21,crash:java.lang.RuntimeException=2,,1378,19,18,,ok,False
org.openhab.habdroid_589.apk,aperv:mop_on_llm_off,1,300,gh104_04,1,COMPLETED,COMPLETED,,359,270.0,255,21.57504738928141,50.0,25.689404934687953,30.0,1252.0,277,9082,3996,105,23,0,1,0,0,0,1,1,14,crash:java.lang.RuntimeException=1,,1378,19,18,,ok,False
org.openhab.habdroid_589.apk,aperv:mop_on_llm_off,2,300,gh104_04,1,COMPLETED,COMPLETED,,362,270.0,255,27.00327416853352,50.0,30.478955007256893,30.0,1567.0,197,12193,5084,130,23,0,2,1,0,0,3,3,23,crash:java.lang.RuntimeException=2;anr:org.openhab.habdroid.beta=1,,1378,19,18,,ok,False
org.openhab.habdroid_589.apk,aperv:mop_on_llm_off,3,300,gh104_04,1,COMPLETED,COMPLETED,,362,270.0,255,31.41478545579873,62.5,34.034833091436866,30.0,1823.0,213,13026,6144,130,23,0,2,1,0,0,3,3,17,crash:java.lang.RuntimeException=2;anr:org.openhab.habdroid.beta=1,,1378,19,18,,ok,False
org.piepmeyer.gauguin_75.apk,ape,1,300,gh104_05,1,COMPLETED,COMPLETED,,358,270.0,255,55.09442248572684,50.0,55.13784461152882,0.0,2509.0,197,10868,4384,0,0,0,1,0,0,0,1,1,149,crash:java.util.NoSuchElementException=1,,1197,8,7,True,ok,False
org.piepmeyer.gauguin_75.apk,ape,2,300,gh104_05,1,COMPLETED,COMPLETED,,360,270.0,255,59.42028985507246,62.5,62.238930659983296,0.0,2706.0,278,11642,4705,0,0,0,1,0,0,0,1,1,136,crash:java.util.NoSuchElementException=1,,1197,8,7,True,ok,False
org.piepmeyer.gauguin_75.apk,ape,3,300,gh104_05,1,COMPLETED,COMPLETED,,362,270.0,255,64.00966183574879,87.5,65.49707602339181,0.0,2915.0,231,12674,6385,0,0,0,1,0,0,0,1,1,246,crash:java.util.NoSuchElementException=1,,1197,8,7,True,ok,False
org.piepmeyer.gauguin_75.apk,aperv:mop_off_llm_off,1,300,gh104_05,1,COMPLETED,COMPLETED,,360,270.0,255,58.2784365393061,50.0,56.89223057644111,0.0,2654.0,276,9033,4697,0,0,0,1,0,0,0,1,1,189,crash:java.util.NoSuchElementException=1,,1197,8,7,True,ok,False
org.piepmeyer.gauguin_75.apk,aperv:mop_off_llm_off,2,300,gh104_05,1,COMPLETED,COMPLETED,,363,270.0,255,63.92182696530523,75.0,64.24394319131162,0.0,2911.0,310,16383,6423,0,0,0,1,0,0,0,1,1,159,crash:java.util.NoSuchElementException=1,,1197,8,7,True,ok,False
org.piepmeyer.gauguin_75.apk,aperv:mop_off_llm_off,3,300,gh104_05,1,COMPLETED,COMPLETED,,360,270.0,255,63.658322353974526,87.5,63.1578947368421,0.0,2899.0,258,13602,6414,0,0,0,1,0,0,0,1,1,18,crash:java.util.NoSuchElementException=1,,1197,8,7,True,ok,False
org.piepmeyer.gauguin_75.apk,aperv:mop_on_llm_off,1,300,gh104_05,1,COMPLETED,COMPLETED,,359,270.0,255,65.48089591567853,100.0,65.91478696741855,0.0,2982.0,325,19959,6518,0,0,0,2,0,0,0,2,2,119,crash:java.lang.RuntimeException=1;crash:java.util.NoSuchElementException=1,,1197,8,7,True,ok,False
org.piepmeyer.gauguin_75.apk,aperv:mop_on_llm_off,2,300,gh104_05,1,COMPLETED,COMPLETED,,365,270.0,255,61.48440931049627,100.0,63.57560568086884,0.0,2800.0,342,19582,5470,0,0,0,3,0,0,0,3,3,106,crash:java.lang.RuntimeException=3,,1197,8,7,True,ok,False
org.piepmeyer.gauguin_75.apk,aperv:mop_on_llm_off,3,300,gh104_05,1,COMPLETED,COMPLETED,,362,270.0,255,62.56038647342995,100.0,64.578111946533,0.0,2849.0,297,20411,6377,0,0,0,3,0,0,0,3,3,35,crash:java.util.NoSuchElementException=2;crash:java.lang.RuntimeException=1,,1197,8,7,True,ok,False
org.prauga.messages_8.apk,ape,1,300,gh104_06,1,COMPLETED,COMPLETED,,357,270.0,255,37.13350950044042,66.66666666666666,33.64632237871675,0,5902,377,17916,8652,0,0,0,0,0,0,0,0,0,,,,1917,12,11,,ok,False
org.prauga.messages_8.apk,ape,2,300,gh104_06,1,COMPLETED,COMPLETED,,355,270.0,255,35.40958852397131,66.66666666666666,31.92488262910798,0,5628,386,18074,8181,0,0,0,0,0,0,0,0,0,,,,1917,12,11,,ok,False
org.prauga.messages_8.apk,ape,3,300,gh104_06,1,COMPLETED,COMPLETED,,353,270.0,255,31.69749591040644,58.333333333333336,33.64632237871675,0,5038,345,11971,7754,0,0,0,0,0,0,0,0,0,,,,1917,12,11,,ok,False
org.prauga.messages_8.apk,aperv:mop_off_llm_off,1,300,gh104_06,1,COMPLETED,COMPLETED,,359,270.0,255,32.86145715364289,66.66666666666666,30.881585811163276,0,5223,365,14256,7774,0,0,0,0,0,0,0,0,0,,,,1917,12,11,,ok,False
org.prauga.messages_8.apk,aperv:mop_off_llm_off,2,300,gh104_06,1,COMPLETED,COMPLETED,,359,270.0,255,35.2522964640745,66.66666666666666,31.768388106416275,0,5603,432,13817,8172,0,0,0,0,0,0,0,0,0,,,,1917,12,11,,ok,False
org.prauga.messages_8.apk,aperv:mop_off_llm_off,3,300,gh104_06,1,COMPLETED,COMPLETED,,354,270.0,255,34.14496036240091,66.66666666666666,29.994783515910278,0,5427,521,21684,7913,0,0,0,0,0,0,0,0,0,,,,1917,12,11,,ok,False
org.prauga.messages_8.apk,aperv:mop_on_llm_off,1,300,gh104_06,1,COMPLETED,COMPLETED,,353,270.0,255,38.20309550773877,91.66666666666666,32.44653103808034,0,6072,328,15492,8623,0,0,0,0,0,0,0,0,0,,,,1917,12,11,,ok,False
org.prauga.messages_8.apk,aperv:mop_on_llm_off,2,300,gh104_06,1,COMPLETED,COMPLETED,,359,270.0,255,38.67497168742921,100.0,33.07250912884715,0,6147,375,14215,8629,0,0,0,0,0,0,0,0,0,,,,1917,12,11,,ok,False
org.prauga.messages_8.apk,aperv:mop_on_llm_off,3,300,gh104_06,1,COMPLETED,COMPLETED,,358,270.0,255,38.20309550773877,83.33333333333334,34.063641105894625,0,6072,410,21948,8664,0,0,0,0,0,0,0,0,0,,,,1917,12,11,,ok,False
org.quantumbadger.redreader_117.apk,ape,1,300,gh104_07,1,COMPLETED,COMPLETED,,370,270.0,255,15.579127825993785,40.909090909090914,13.481894150417828,13.0,1454.0,295,4866,2090,36,11,0,0,0,0,0,0,0,,,,1795,23,23,True,ok,False
org.quantumbadger.redreader_117.apk,ape,2,300,gh104_07,1,COMPLETED,COMPLETED,,367,270.0,255,17.25061609343191,40.909090909090914,15.988857938718661,13.0,1610.0,292,4909,3201,26,11,0,0,0,0,0,0,0,,,,1795,23,23,True,ok,False
org.quantumbadger.redreader_117.apk,ape,3,300,gh104_07,1,COMPLETED,COMPLETED,,365,270.0,255,15.932711882567235,36.36363636363637,14.596100278551532,13.0,1487.0,275,3108,2000,23,11,0,0,0,0,0,0,0,,,,1795,23,23,True,ok,False
org.quantumbadger.redreader_117.apk,aperv:mop_off_llm_off,1,300,gh104_07,1,COMPLETED,COMPLETED,,370,270.0,255,15.321975784849458,31.818181818181817,14.150417827298051,13.0,1430.0,255,5513,2065,39,11,0,0,0,0,0,0,0,,,,1795,23,23,True,ok,False
org.quantumbadger.redreader_117.apk,aperv:mop_off_llm_off,2,300,gh104_07,1,COMPLETED,COMPLETED,,371,270.0,255,15.300546448087433,36.36363636363637,13.370473537604457,13.0,1428.0,246,4836,2067,33,11,0,0,0,0,0,0,0,,,,1795,23,23,True,ok,False
org.quantumbadger.redreader_117.apk,aperv:mop_off_llm_off,3,300,gh104_07,1,COMPLETED,COMPLETED,,372,270.0,255,13.671916854173363,36.36363636363637,12.367688022284122,13.0,1276.0,352,3877,1785,26,11,0,0,0,0,0,0,0,,,,1795,23,23,True,ok,False
org.quantumbadger.redreader_117.apk,aperv:mop_on_llm_off,1,300,gh104_07,1,COMPLETED,COMPLETED,,368,270.0,255,15.696989178184936,50.0,15.264623955431755,13.0,1465.0,284,7265,2104,52,11,0,2,0,0,0,2,2,234,crash:java.lang.RuntimeException=2,,1795,23,23,True,ok,False
org.quantumbadger.redreader_117.apk,aperv:mop_on_llm_off,2,300,gh104_07,1,COMPLETED,COMPLETED,,365,270.0,255,17.593485481624345,59.09090909090909,16.49025069637883,13.0,1642.0,245,7567,3109,39,11,0,1,0,0,0,1,1,240,crash:java.lang.RuntimeException=1,,1795,23,23,True,ok,False
org.quantumbadger.redreader_117.apk,aperv:mop_on_llm_off,3,300,gh104_07,1,COMPLETED,COMPLETED,,378,270.0,255,15.62198649951784,50.0,14.930362116991644,13.0,1458.0,315,8075,1972,59,11,0,3,0,0,0,3,3,200,crash:java.lang.RuntimeException=3,,1795,23,23,True,ok,False
org.tomasino.stutter_29.apk,ape,1,300,gh104_00,1,COMPLETED,COMPLETED,,361,270.0,255,58.460559796437664,100.0,52.72727272727272,7.0,919.0,277,3909,1344,21,5,0,0,0,0,0,0,0,,,,660,4,3,True,ok,False
org.tomasino.stutter_29.apk,ape,2,300,gh104_00,1,COMPLETED,COMPLETED,,361,270.0,255,58.905852417302796,100.0,53.333333333333336,7.0,926.0,265,3514,1351,21,5,0,0,0,0,0,0,0,,,,660,4,3,True,ok,False
org.tomasino.stutter_29.apk,ape,3,300,gh104_00,1,COMPLETED,COMPLETED,,367,270.0,255,53.9440203562341,100.0,46.21212121212121,7.0,848.0,270,3996,1273,28,5,0,0,0,0,0,0,0,,,,660,4,3,True,ok,False
org.tomasino.stutter_29.apk,aperv:mop_off_llm_off,1,300,gh104_00,1,COMPLETED,COMPLETED,,371,270.0,255,63.48600508905853,100.0,61.06060606060606,7.0,998.0,186,3910,1423,21,5,0,0,0,0,0,0,0,,,,660,4,3,True,ok,False
org.tomasino.stutter_29.apk,aperv:mop_off_llm_off,2,300,gh104_00,1,COMPLETED,COMPLETED,,365,270.0,255,57.56997455470738,100.0,51.36363636363637,7.0,905.0,270,4611,1330,28,5,0,0,0,0,0,0,0,,,,660,4,3,True,ok,False
org.tomasino.stutter_29.apk,aperv:mop_off_llm_off,3,300,gh104_00,1,COMPLETED,COMPLETED,,365,270.0,255,62.59541984732825,100.0,57.878787878787875,7.0,984.0,331,3857,1409,21,5,0,0,0,0,0,0,0,,,,660,4,3,True,ok,False
org.tomasino.stutter_29.apk,aperv:mop_on_llm_off,1,300,gh104_00,1,COMPLETED,COMPLETED,,365,270.0,255,61.641221374045806,100.0,58.484848484848484,7.0,969.0,198,3745,1394,21,5,0,0,0,0,0,0,0,,,,660,4,3,True,ok,False
org.tomasino.stutter_29.apk,aperv:mop_on_llm_off,2,300,gh104_00,1,COMPLETED,COMPLETED,,363,270.0,255,57.76081424936387,100.0,52.27272727272727,7.0,908.0,395,3018,1333,14,5,0,0,0,0,0,0,0,,,,660,4,3,True,ok,False
org.tomasino.stutter_29.apk,aperv:mop_on_llm_off,3,300,gh104_00,1,COMPLETED,COMPLETED,,360,270.0,255,62.40458015267175,100.0,58.63636363636363,7.0,981.0,249,3049,1406,14,5,0,0,0,0,0,0,0,,,,660,4,3,True,ok,False
org.totschnig.myexpenses_858.apk,ape,1,300,gh104_01,1,COMPLETED,COMPLETED,,362,270.0,255,18.68305587817783,23.91304347826087,16.0501413297284,15.0,5791.0,229,32776,7863,137,14,0,0,0,0,0,0,0,,,,8137,50,44,,ok,False
org.totschnig.myexpenses_858.apk,ape,2,300,gh104_01,1,COMPLETED,COMPLETED,,370,270.0,255,18.57659052781004,23.91304347826087,15.361927000122897,15.0,5758.0,280,12551,7565,34,14,0,0,0,0,0,0,0,,,,8137,50,44,,ok,False
org.totschnig.myexpenses_858.apk,ape,3,300,gh104_01,1,COMPLETED,COMPLETED,,362,270.0,255,13.908246225319395,15.217391304347828,10.876244316087009,15.0,4311.0,275,9071,6034,27,14,0,0,0,0,0,0,0,,,,8137,50,44,,ok,False
org.totschnig.myexpenses_858.apk,aperv:mop_off_llm_off,1,300,gh104_01,1,COMPLETED,COMPLETED,,367,270.0,255,17.476448574009552,21.73913043478261,14.255868256114045,15.0,5417.0,256,18699,7417,64,14,0,0,0,0,0,0,0,,,,8137,50,44,,ok,False
org.totschnig.myexpenses_858.apk,aperv:mop_off_llm_off,2,300,gh104_01,1,COMPLETED,COMPLETED,,366,270.0,255,18.612078977932637,23.91304347826087,15.116136168120928,15.0,5769.0,263,13815,7491,34,14,0,0,0,0,0,0,0,,,,8137,50,44,,ok,False
org.totschnig.myexpenses_858.apk,aperv:mop_off_llm_off,3,300,gh104_01,1,COMPLETED,COMPLETED,,363,270.0,255,17.895857530003873,21.73913043478261,14.538527712916308,15.0,5547.0,256,13613,7555,34,14,0,0,0,0,0,0,0,,,,8137,50,44,,ok,False
org.totschnig.myexpenses_858.apk,aperv:mop_on_llm_off,1,300,gh104_01,1,COMPLETED,COMPLETED,,365,270.0,255,18.602400309717382,32.608695652173914,15.47253287452378,15.0,5766.0,273,13110,7544,34,14,0,0,0,0,0,0,0,,,,8137,50,44,,ok,False
org.totschnig.myexpenses_858.apk,aperv:mop_on_llm_off,2,300,gh104_01,1,COMPLETED,COMPLETED,,365,270.0,255,19.928377855207124,32.608695652173914,17.143910532137152,15.0,6177.0,278,18117,8140,67,14,0,0,0,0,0,0,0,,,,8137,50,44,,ok,False
org.totschnig.myexpenses_858.apk,aperv:mop_on_llm_off,3,300,gh104_01,1,COMPLETED,COMPLETED,,377,270.0,255,20.589753516582785,34.78260869565217,18.07791569374462,15.0,6382.0,264,8379,7966,17,14,0,0,0,0,0,0,0,,,,8137,50,44,,ok,False
org.wikipedia_50595.apk,ape,1,300,gh104_02,1,COMPLETED,COMPLETED,,362,270.0,255,17.69461827284105,15.068493150684931,15.944910885255561,12.0,7069.0,182,13378,13231,12,10,0,0,0,0,0,0,0,,,,13578,79,64,True,ok,False
org.wikipedia_50595.apk,ape,2,300,gh104_02,1,COMPLETED,COMPLETED,,367,270.0,255,20.84105131414268,21.91780821917808,17.71984091913389,12.0,8326.0,195,23606,14767,24,10,0,0,0,0,0,0,0,,,,13578,79,64,True,ok,False
org.wikipedia_50595.apk,ape,3,300,gh104_02,1,COMPLETED,COMPLETED,,371,270.0,255,20.330413016270338,24.65753424657534,19.0234202386213,12.0,8122.0,256,22550,13602,24,10,0,0,0,0,0,0,0,,,,13578,79,64,True,ok,False
org.wikipedia_50595.apk,aperv:mop_off_llm_off,1,300,gh104_02,1,COMPLETED,COMPLETED,,372,270.0,255,19.50688360450563,20.54794520547945,18.080718809839446,12.0,7793.0,253,15839,15480,12,10,0,0,0,0,0,0,0,,,,13578,79,64,True,ok,False
org.wikipedia_50595.apk,aperv:mop_off_llm_off,2,300,gh104_02,1,COMPLETED,COMPLETED,,365,270.0,255,17.53942428035044,12.32876712328767,14.339372514361468,12.0,7007.0,195,13255,12896,12,10,0,0,0,0,0,0,0,,,,13578,79,64,True,ok,False
org.wikipedia_50595.apk,aperv:mop_off_llm_off,3,300,gh104_02,1,COMPLETED,COMPLETED,,370,270.0,255,20.200250312891114,24.65753424657534,18.286934747385477,12.0,8070.0,199,21476,14158,16,10,0,0,0,0,0,0,0,,,,13578,79,64,True,ok,False
org.wikipedia_50595.apk,aperv:mop_on_llm_off,1,300,gh104_02,1,COMPLETED,COMPLETED,,367,270.0,255,19.962453066332916,23.28767123287671,17.594638385623803,12.0,7975.0,236,36549,13450,36,10,0,2,0,0,0,2,2,131,crash:java.lang.RuntimeException=2,,13578,79,64,True,ok,False
org.wikipedia_50595.apk,aperv:mop_on_llm_off,2,300,gh104_02,1,COMPLETED,COMPLETED,,398,270.0,255,19.153942428035045,26.027397260273972,17.84504345264398,12.0,7652.0,209,29861,13143,36,10,0,2,0,0,0,2,2,146,crash:java.lang.RuntimeException=2,,13578,79,64,True,ok,False
org.wikipedia_50595.apk,aperv:mop_on_llm_off,3,300,gh104_02,1,COMPLETED,COMPLETED,,374,270.0,255,20.53316645807259,26.027397260273972,18.89085285019885,12.0,8203.0,208,32056,14698,36,10,0,2,0,0,0,2,2,130,crash:java.lang.RuntimeException=2,,13578,79,64,True,ok,False
rocks.poopjournal.metadataremover_20020.apk,ape,1,300,gh104_03,1,COMPLETED,COMPLETED,,359,270.0,255,33.05263157894737,80.0,27.331189710610932,1.0,628.0,336,2721,1482,2,1,0,0,0,0,0,0,0,,,,311,6,2,True,ok,False
rocks.poopjournal.metadataremover_20020.apk,ape,2,300,gh104_03,1,COMPLETED,COMPLETED,,362,270.0,255,33.31578947368421,80.0,27.652733118971064,4.0,633.0,337,8033,3419,9,4,0,0,0,0,0,0,0,,,,311,6,2,True,ok,False
rocks.poopjournal.metadataremover_20020.apk,ape,3,300,gh104_03,1,COMPLETED,COMPLETED,,364,270.0,255,33.578947368421055,80.0,27.974276527331188,4.0,638.0,331,5786,3436,6,4,0,1,0,0,0,1,1,112,crash:java.lang.IndexOutOfBoundsException=1,,311,6,2,True,ok,False
rocks.poopjournal.metadataremover_20020.apk,aperv:mop_off_llm_off,1,300,gh104_03,1,COMPLETED,COMPLETED,,373,270.0,255,33.578947368421055,80.0,27.974276527331188,4.0,638.0,444,9955,3445,11,4,0,1,0,0,0,1,1,27,crash:java.lang.IndexOutOfBoundsException=1,,311,6,2,True,ok,False
rocks.poopjournal.metadataremover_20020.apk,aperv:mop_off_llm_off,2,300,gh104_03,1,COMPLETED,COMPLETED,,364,270.0,255,33.73684210526316,80.0,27.974276527331188,4.0,641.0,405,18481,4001,20,4,0,3,0,0,0,3,3,169,crash:java.lang.IndexOutOfBoundsException=3,,311,6,2,True,ok,False
rocks.poopjournal.metadataremover_20020.apk,aperv:mop_off_llm_off,3,300,gh104_03,1,COMPLETED,COMPLETED,,365,270.0,255,32.36842105263158,80.0,27.652733118971064,4.0,615.0,427,8190,3092,9,4,0,0,0,0,0,0,0,,,,311,6,2,True,ok,False
rocks.poopjournal.metadataremover_20020.apk,aperv:mop_on_llm_off,1,300,gh104_03,1,COMPLETED,COMPLETED,,366,270.0,255,33.526315789473685,100.0,28.29581993569132,4.0,637.0,404,36673,3994,42,4,0,8,0,0,0,8,8,67,crash:java.lang.RuntimeException=8,,311,6,2,True,ok,False
rocks.poopjournal.metadataremover_20020.apk,aperv:mop_on_llm_off,2,300,gh104_03,1,COMPLETED,COMPLETED,,362,270.0,255,33.78947368421053,100.0,28.617363344051448,4.0,642.0,412,39437,4045,45,4,0,9,0,0,0,9,9,46,crash:java.lang.RuntimeException=8;crash:java.lang.IndexOutOfBoundsException=1,,311,6,2,True,ok,False
rocks.poopjournal.metadataremover_20020.apk,aperv:mop_on_llm_off,3,300,gh104_03,1,COMPLETED,COMPLETED,,365,270.0,255,33.94736842105263,100.0,28.617363344051448,4.0,645.0,377,16528,3435,16,4,0,9,0,0,0,9,9,71,crash:java.lang.RuntimeException=7;crash:java.lang.IndexOutOfBoundsException=2,,311,6,2,True,ok,False
se.arctosoft.vault_41.apk,ape,1,300,gh104_04,1,COMPLETED,COMPLETED,,362,270.0,255,17.45614035087719,100.0,15.521064301552107,2.0,398.0,278,4640,937,6,2,0,5,0,0,0,5,5,67,crash:java.lang.NullPointerException=3;crash:java.lang.IllegalStateException=2,,451,3,3,True,ok,False
se.arctosoft.vault_41.apk,ape,2,300,gh104_04,1,COMPLETED,COMPLETED,,360,270.0,255,16.271929824561404,100.0,13.747228381374724,0.0,371.0,279,3198,909,0,0,0,4,0,0,0,4,4,159,crash:java.lang.NullPointerException=3;crash:java.lang.IllegalStateException=1,,451,3,3,True,ok,False
se.arctosoft.vault_41.apk,ape,3,300,gh104_04,1,COMPLETED,COMPLETED,,361,270.0,255,18.24561403508772,100.0,16.62971175166297,0.0,416.0,285,3271,954,0,0,0,5,0,0,0,5,5,154,crash:java.lang.NullPointerException=4;crash:java.lang.IllegalStateException=1,,451,3,3,True,ok,False
se.arctosoft.vault_41.apk,aperv:mop_off_llm_off,1,300,gh104_04,1,COMPLETED,COMPLETED,,365,270.0,255,17.719298245614034,100.0,15.521064301552107,2.0,404.0,312,2129,942,2,2,0,0,0,0,0,0,0,,,,451,3,3,True,ok,False
se.arctosoft.vault_41.apk,aperv:mop_off_llm_off,2,300,gh104_04,1,COMPLETED,COMPLETED,,363,270.0,255,17.45614035087719,100.0,15.521064301552107,2.0,398.0,290,3707,942,4,2,0,4,0,0,0,4,4,40,crash:java.lang.IllegalStateException=4,,451,3,3,True,ok,False
se.arctosoft.vault_41.apk,aperv:mop_off_llm_off,3,300,gh104_04,1,COMPLETED,COMPLETED,,366,270.0,255,15.657894736842104,100.0,14.634146341463413,2.0,357.0,309,3268,896,8,2,0,4,0,0,0,4,4,162,crash:java.lang.IllegalStateException=4,,451,3,3,True,ok,False
se.arctosoft.vault_41.apk,aperv:mop_on_llm_off,1,300,gh104_04,1,COMPLETED,COMPLETED,,362,270.0,255,18.070175438596493,100.0,16.186252771618626,2.0,412.0,348,2348,949,4,2,0,1,0,0,0,1,1,194,crash:java.lang.IllegalStateException=1,,451,3,3,True,ok,False
se.arctosoft.vault_41.apk,aperv:mop_on_llm_off,2,300,gh104_04,1,COMPLETED,COMPLETED,,364,270.0,255,13.07017543859649,100.0,11.30820399113082,2.0,298.0,356,4816,836,14,2,0,6,0,0,0,6,6,37,crash:java.lang.IllegalStateException=6,,451,3,3,True,ok,False
se.arctosoft.vault_41.apk,aperv:mop_on_llm_off,3,300,gh104_04,1,COMPLETED,COMPLETED,,364,270.0,255,17.45614035087719,100.0,15.74279379157428,0.0,398.0,312,2042,936,0,0,0,0,0,0,0,0,0,,,,451,3,3,True,ok,False
swati4star.createpdf_110.apk,ape,1,300,gh104_05,1,COMPLETED,COMPLETED,,363,270.0,255,23.007764609726195,40.0,11.0,0.0,563.0,336,2726,1492,0,0,0,0,0,0,0,0,0,,,,200,12,1,,ok,False
swati4star.createpdf_110.apk,ape,2,300,gh104_05,1,COMPLETED,COMPLETED,,361,270.0,255,24.23375561912546,40.0,15.0,0.0,593.0,331,2734,1528,0,0,0,0,0,0,0,0,0,,,,200,12,1,,ok,False
swati4star.createpdf_110.apk,ape,3,300,gh104_05,1,COMPLETED,COMPLETED,,361,270.0,255,24.724152022885164,40.0,15.0,0.0,605.0,320,2608,1540,0,0,0,0,0,0,0,0,0,,,,200,12,1,,ok,False
swati4star.createpdf_110.apk,aperv:mop_off_llm_off,1,300,gh104_05,1,COMPLETED,COMPLETED,,359,270.0,255,22.639967306906417,40.0,12.0,0.0,554.0,343,2913,1454,0,0,0,0,0,0,0,0,0,,,,200,12,1,,ok,False
swati4star.createpdf_110.apk,aperv:mop_off_llm_off,2,300,gh104_05,1,COMPLETED,COMPLETED,,365,270.0,255,25.500612995504703,40.0,14.000000000000002,0.0,624.0,321,2859,1559,0,0,0,0,0,0,0,0,0,,,,200,12,1,,ok,False
swati4star.createpdf_110.apk,aperv:mop_off_llm_off,3,300,gh104_05,1,COMPLETED,COMPLETED,,366,270.0,255,25.05108295872497,40.0,14.499999999999998,0.0,613.0,328,3028,1548,0,0,0,0,0,0,0,0,0,,,,200,12,1,,ok,False
swati4star.createpdf_110.apk,aperv:mop_on_llm_off,1,300,gh104_05,1,COMPLETED,COMPLETED,,363,270.0,255,23.825091949325707,60.0,13.0,0.0,583.0,321,8363,1533,0,0,0,6,0,0,0,6,6,60,crash:java.lang.RuntimeException=6,,200,12,1,,ok,False
swati4star.createpdf_110.apk,aperv:mop_on_llm_off,2,300,gh104_05,1,COMPLETED,COMPLETED,,363,270.0,255,24.478953821005312,60.0,12.0,0.0,599.0,314,8905,1540,0,0,0,6,0,0,0,6,6,83,crash:java.lang.RuntimeException=6,,200,12,1,,ok,False
swati4star.createpdf_110.apk,aperv:mop_on_llm_off,3,300,gh104_05,1,COMPLETED,COMPLETED,,364,270.0,255,24.60155292194524,60.0,13.0,0.0,602.0,343,8658,1540,0,0,0,6,0,0,0,6,6,68,crash:java.lang.RuntimeException=6,,200,12,1,,ok,False
systems.sieber.droid_scep_7.apk,ape,1,300,gh104_06,1,COMPLETED,COMPLETED,,352,270.0,255,47.12643678160919,100.0,29.411764705882355,0,82,261,548,82,0,0,0,2,0,0,0,2,2,48,crash:java.lang.NumberFormatException=2,,17,3,1,True,ok,False
systems.sieber.droid_scep_7.apk,ape,2,300,gh104_06,1,COMPLETED,COMPLETED,,354,270.0,255,56.32183908045977,100.0,41.17647058823529,0,98,227,911,626,0,0,0,1,0,0,0,1,1,33,crash:java.lang.NumberFormatException=1,,17,3,1,True,ok,False
systems.sieber.droid_scep_7.apk,ape,3,300,gh104_06,1,COMPLETED,COMPLETED,,351,270.0,255,55.172413793103445,100.0,35.294117647058826,0,96,244,1104,620,0,0,0,2,0,0,0,2,2,25,crash:java.lang.NumberFormatException=2,,17,3,1,True,ok,False
systems.sieber.droid_scep_7.apk,aperv:mop_off_llm_off,1,300,gh104_06,1,COMPLETED,COMPLETED,,354,270.0,255,56.896551724137936,100.0,41.17647058823529,0,99,270,1342,627,0,0,0,2,0,0,0,2,2,19,crash:java.lang.NumberFormatException=2,,17,3,1,True,ok,False
systems.sieber.droid_scep_7.apk,aperv:mop_off_llm_off,2,300,gh104_06,1,COMPLETED,COMPLETED,,367,270.0,255,51.14942528735632,100.0,29.411764705882355,0,89,216,906,89,0,0,0,2,0,0,0,2,2,134,crash:java.lang.NumberFormatException=2,,17,3,1,True,ok,False
systems.sieber.droid_scep_7.apk,aperv:mop_off_llm_off,3,300,gh104_06,1,COMPLETED,COMPLETED,,365,270.0,255,47.12643678160919,100.0,29.411764705882355,0,82,201,708,82,0,0,0,1,0,0,0,1,1,82,crash:java.lang.NumberFormatException=1,,17,3,1,True,ok,False
systems.sieber.droid_scep_7.apk,aperv:mop_on_llm_off,1,300,gh104_06,1,COMPLETED,COMPLETED,,359,270.0,255,49.42528735632184,100.0,23.52941176470588,0,86,223,696,86,0,0,0,1,0,0,0,1,1,22,crash:java.lang.NumberFormatException=1,,17,3,1,True,ok,False
systems.sieber.droid_scep_7.apk,aperv:mop_on_llm_off,2,300,gh104_06,1,COMPLETED,COMPLETED,,358,270.0,255,47.12643678160919,100.0,29.411764705882355,0,82,225,606,82,0,0,0,1,0,0,0,1,1,81,crash:java.lang.NumberFormatException=1,,17,3,1,True,ok,False
systems.sieber.droid_scep_7.apk,aperv:mop_on_llm_off,3,300,gh104_06,1,COMPLETED,COMPLETED,,356,270.0,255,49.42528735632184,100.0,23.52941176470588,0,86,224,783,86,0,0,0,2,0,0,0,2,2,88,crash:java.lang.NumberFormatException=2,,17,3,1,True,ok,False
ua.acclorite.book_story_14.apk,ape,1,300,gh104_07,1,COMPLETED,COMPLETED,,366,270.0,255,26.49495529488967,50.0,24.75685234305924,0.0,3230.0,278,5002,3498,0,0,0,0,0,0,0,0,0,,,,4524,3,2,True,ok,False
ua.acclorite.book_story_14.apk,ape,2,300,gh104_07,1,COMPLETED,COMPLETED,,358,270.0,255,30.46509720285456,50.0,29.133510167992927,0.0,3714.0,283,7245,4076,0,0,0,0,0,0,0,0,0,,,,4524,3,2,True,ok,False
ua.acclorite.book_story_14.apk,ape,3,300,gh104_07,1,COMPLETED,COMPLETED,,366,270.0,255,28.832745467968174,50.0,28.22723253757736,0.0,3515.0,298,6257,3783,0,0,0,0,0,0,0,0,0,,,,4524,3,2,True,ok,False
ua.acclorite.book_story_14.apk,aperv:mop_off_llm_off,1,300,gh104_07,1,COMPLETED,COMPLETED,,368,270.0,255,29.128045279304406,50.0,28.470380194518125,0.0,3551.0,311,12149,3819,0,0,0,0,0,0,0,0,0,,,,4524,3,2,True,ok,False
ua.acclorite.book_story_14.apk,aperv:mop_off_llm_off,2,300,gh104_07,1,COMPLETED,COMPLETED,,367,270.0,255,25.912558444754325,50.0,24.778956675508397,0.0,3159.0,327,9004,3427,0,0,0,0,0,0,0,0,0,,,,4524,3,2,True,ok,False
ua.acclorite.book_story_14.apk,aperv:mop_off_llm_off,3,300,gh104_07,1,COMPLETED,COMPLETED,,361,270.0,255,33.71339512755311,50.0,35.47745358090186,0.0,4110.0,269,9370,4515,0,0,0,0,0,0,0,0,0,,,,4524,3,2,True,ok,False
ua.acclorite.book_story_14.apk,aperv:mop_on_llm_off,1,300,gh104_07,1,COMPLETED,COMPLETED,,362,270.0,255,34.76335001230416,100.0,33.95225464190981,0.0,4238.0,305,14249,4607,0,0,0,0,0,0,0,0,0,,,,4524,3,2,True,ok,False
ua.acclorite.book_story_14.apk,aperv:mop_on_llm_off,2,300,gh104_07,1,COMPLETED,COMPLETED,,366,270.0,255,39.545566401443686,100.0,41.11405835543766,0.0,4821.0,261,16285,5258,0,0,0,0,0,0,0,0,0,,,,4524,3,2,True,ok,False
ua.acclorite.book_story_14.apk,aperv:mop_on_llm_off,3,300,gh104_07,1,COMPLETED,COMPLETED,,364,270.0,255,30.637355426134032,100.0,29.155614500442084,0.0,3735.0,342,10840,4010,0,0,0,0,0,0,0,0,0,,,,4524,3,2,True,ok,False
ua.com.radiokot.lnaddr2invoice_8.apk,ape,1,300,gh104_00,1,COMPLETED,COMPLETED,,359,270.0,255,76.32508833922262,100.0,100.0,7.0,432.0,203,6453,3551,14,5,0,0,0,0,0,0,0,,,,2,3,0,True,ok,False
ua.com.radiokot.lnaddr2invoice_8.apk,ape,2,300,gh104_00,1,COMPLETED,COMPLETED,,355,270.0,255,22.084805653710244,100.0,0.0,0.0,125.0,230,509,386,0,0,0,0,0,0,0,0,0,,,,2,3,0,True,ok,False
ua.com.radiokot.lnaddr2invoice_8.apk,ape,3,300,gh104_00,1,COMPLETED,COMPLETED,,359,270.0,255,22.084805653710244,100.0,0.0,0.0,125.0,230,969,386,0,0,0,0,0,0,0,0,0,,,,2,3,0,True,ok,False
ua.com.radiokot.lnaddr2invoice_8.apk,aperv:mop_off_llm_off,1,300,gh104_00,1,COMPLETED,COMPLETED,,360,270.0,255,51.9434628975265,100.0,100.0,7.0,294.0,288,3572,2743,7,5,0,0,0,0,0,0,0,,,,2,3,0,True,ok,False
ua.com.radiokot.lnaddr2invoice_8.apk,aperv:mop_off_llm_off,2,300,gh104_00,1,COMPLETED,COMPLETED,,362,270.0,255,77.91519434628975,100.0,100.0,7.0,441.0,282,6410,3486,14,5,0,0,0,0,0,0,0,,,,2,3,0,True,ok,False
ua.com.radiokot.lnaddr2invoice_8.apk,aperv:mop_off_llm_off,3,300,gh104_00,1,COMPLETED,COMPLETED,,358,270.0,255,22.261484098939928,100.0,0.0,0.0,126.0,302,1201,387,0,0,0,0,0,0,0,0,0,,,,2,3,0,True,ok,False
ua.com.radiokot.lnaddr2invoice_8.apk,aperv:mop_on_llm_off,1,300,gh104_00,1,COMPLETED,COMPLETED,,359,270.0,255,86.21908127208481,100.0,100.0,7.0,488.0,254,6709,3590,14,5,0,0,0,0,0,0,0,,,,2,3,0,True,ok,False
ua.com.radiokot.lnaddr2invoice_8.apk,aperv:mop_on_llm_off,2,300,gh104_00,1,COMPLETED,COMPLETED,,360,270.0,255,80.03533568904594,100.0,100.0,7.0,453.0,278,4312,3462,7,5,0,0,0,0,0,0,0,,,,2,3,0,True,ok,False
ua.com.radiokot.lnaddr2invoice_8.apk,aperv:mop_on_llm_off,3,300,gh104_00,1,COMPLETED,COMPLETED,,356,270.0,255,70.49469964664311,100.0,100.0,7.0,399.0,291,7249,3438,14,5,0,0,0,0,0,0,0,,,,2,3,0,True,ok,False
ua.com.radiokot.photoprism_67.apk,ape,1,300,gh104_01,1,COMPLETED,COMPLETED,,358,270.0,255,44.40330170485227,57.14285714285714,52.4352786309785,14.0,5756.0,243,22867,13038,26,12,0,0,0,0,0,0,0,,,,2279,21,20,True,ok,False
ua.com.radiokot.photoprism_67.apk,ape,2,300,gh104_01,1,COMPLETED,COMPLETED,,356,270.0,255,42.690735169328086,52.38095238095239,53.26897762176394,16.0,5534.0,208,21634,12437,28,14,0,0,0,0,0,0,0,,,,2279,21,20,True,ok,False
ua.com.radiokot.photoprism_67.apk,ape,3,300,gh104_01,1,COMPLETED,COMPLETED,,358,270.0,255,42.551878423204506,47.61904761904761,50.32909170688898,14.0,5516.0,240,20745,11723,28,12,0,0,0,0,0,0,0,,,,2279,21,20,True,ok,False
ua.com.radiokot.photoprism_67.apk,aperv:mop_off_llm_off,1,300,gh104_01,1,COMPLETED,COMPLETED,,362,270.0,255,44.14101673995217,57.14285714285714,55.068012286090394,14.0,5722.0,239,13514,11868,14,12,0,0,0,0,0,0,0,,,,2279,21,20,True,ok,False
ua.com.radiokot.photoprism_67.apk,aperv:mop_off_llm_off,2,300,gh104_01,1,COMPLETED,COMPLETED,,360,270.0,255,35.08447118722518,42.857142857142854,41.904344010530934,14.0,4548.0,224,10972,10550,14,12,0,0,0,0,0,0,0,,,,2279,21,20,True,ok,False
ua.com.radiokot.photoprism_67.apk,aperv:mop_off_llm_off,3,300,gh104_01,1,COMPLETED,COMPLETED,,360,270.0,255,37.09789400601712,47.61904761904761,44.93198771390961,14.0,4809.0,173,21055,11937,26,12,0,0,0,0,0,0,0,,,,2279,21,20,True,ok,False
ua.com.radiokot.photoprism_67.apk,aperv:mop_on_llm_off,1,300,gh104_01,1,COMPLETED,COMPLETED,,362,270.0,255,43.06873408933117,57.14285714285714,52.17200526546731,14.0,5583.0,191,29487,12885,40,12,0,1,0,0,0,1,1,174,crash:java.lang.RuntimeException=1,,2279,21,20,True,ok,False
ua.com.radiokot.photoprism_67.apk,aperv:mop_on_llm_off,2,300,gh104_01,1,COMPLETED,COMPLETED,,364,270.0,255,40.60016971380082,52.38095238095239,49.84642387011847,14.0,5263.0,242,22756,12364,26,12,0,1,0,0,0,1,1,151,crash:java.lang.RuntimeException=1,,2279,21,20,True,ok,False
ua.com.radiokot.photoprism_67.apk,aperv:mop_on_llm_off,3,300,gh104_01,1,COMPLETED,COMPLETED,,360,270.0,255,45.42929877343207,61.904761904761905,53.83940324703818,14.0,5889.0,243,22810,13304,26,12,0,1,0,0,0,1,1,138,crash:java.lang.RuntimeException=1,,2279,21,20,True,ok,False
uk.org.ngo.squeezer_158.apk,ape,1,300,gh104_02,2,ERROR/COMPLETED,COMPLETED,,356,270.0,255,19.053741321676522,33.33333333333333,0.0,0,741,227,1221,1087,0,0,0,0,0,0,0,0,0,,,,5,15,0,,ok,False
uk.org.ngo.squeezer_158.apk,ape,2,300,gh104_02,1,COMPLETED,COMPLETED,,361,270.0,255,21.573669323733608,33.33333333333333,0.0,0.0,839.0,258,2845,1369,0,0,0,0,0,0,0,0,0,,,,5,15,0,,ok,False
uk.org.ngo.squeezer_158.apk,ape,3,300,gh104_02,1,COMPLETED,COMPLETED,,357,270.0,255,21.213679609154024,33.33333333333333,0.0,0.0,825.0,220,2811,1343,0,0,0,0,0,0,0,0,0,,,,5,15,0,,ok,False
uk.org.ngo.squeezer_158.apk,aperv:mop_off_llm_off,1,300,gh104_02,1,COMPLETED,COMPLETED,,365,270.0,255,22.885060426844948,33.33333333333333,0.0,0.0,890.0,227,3965,1832,0,0,0,0,0,0,0,0,0,,,,5,15,0,,ok,False
uk.org.ngo.squeezer_158.apk,aperv:mop_off_llm_off,2,300,gh104_02,1,COMPLETED,COMPLETED,,356,270.0,255,22.936487528927746,33.33333333333333,0.0,0.0,892.0,238,3452,1834,0,0,0,0,0,0,0,0,0,,,,5,15,0,,ok,False
uk.org.ngo.squeezer_158.apk,aperv:mop_off_llm_off,3,300,gh104_02,1,COMPLETED,COMPLETED,,359,270.0,255,22.447930059141168,33.33333333333333,0.0,0.0,873.0,236,2705,1261,0,0,0,0,0,0,0,0,0,,,,5,15,0,,ok,False
uk.org.ngo.squeezer_158.apk,aperv:mop_on_llm_off,1,300,gh104_02,1,COMPLETED,COMPLETED,,357,270.0,255,23.759321162252505,33.33333333333333,0.0,0.0,924.0,242,3957,1914,0,0,0,0,0,0,0,0,0,,,,5,15,0,,ok,False
uk.org.ngo.squeezer_158.apk,aperv:mop_on_llm_off,2,300,gh104_02,1,COMPLETED,COMPLETED,,365,270.0,255,21.393674466443816,33.33333333333333,0.0,0.0,832.0,265,3134,1356,0,0,0,0,0,0,0,0,0,,,,5,15,0,,ok,False
uk.org.ngo.squeezer_158.apk,aperv:mop_on_llm_off,3,300,gh104_02,1,COMPLETED,COMPLETED,,358,270.0,255,22.242221650809977,33.33333333333333,0.0,0.0,865.0,238,3453,1809,0,0,0,0,0,0,0,0,0,,,,5,15,0,,ok,False
vadimerenkov.aucards_21.apk,ape,1,300,gh104_03,1,COMPLETED,COMPLETED,,359,270.0,255,66.27701027275947,50.0,63.793103448275865,0.0,1871.0,221,3831,2675,0,0,0,0,0,0,0,0,0,,,,1160,6,3,True,ok,False
vadimerenkov.aucards_21.apk,ape,2,300,gh104_03,1,COMPLETED,COMPLETED,,361,270.0,255,64.6829613885937,50.0,61.98275862068966,0.0,1826.0,292,5727,2648,0,0,0,0,0,0,0,0,0,,,,1160,6,3,True,ok,False
vadimerenkov.aucards_21.apk,ape,3,300,gh104_03,1,COMPLETED,COMPLETED,,358,270.0,255,53.347502656748134,50.0,47.8448275862069,0.0,1506.0,279,5470,2312,0,0,0,0,0,0,0,0,0,,,,1160,6,3,True,ok,False
vadimerenkov.aucards_21.apk,aperv:mop_off_llm_off,1,300,gh104_03,1,COMPLETED,COMPLETED,,360,270.0,255,61.81367339709529,50.0,57.758620689655174,0.0,1745.0,291,6728,2551,0,0,0,0,0,0,0,0,0,,,,1160,6,3,True,ok,False
vadimerenkov.aucards_21.apk,aperv:mop_off_llm_off,2,300,gh104_03,1,COMPLETED,COMPLETED,,363,270.0,255,54.126815444562524,50.0,48.87931034482759,0.0,1528.0,283,10772,2350,0,0,0,1,0,0,0,1,1,253,crash:java.lang.IllegalStateException=1,,1160,6,3,True,ok,False
vadimerenkov.aucards_21.apk,aperv:mop_off_llm_off,3,300,gh104_03,1,COMPLETED,COMPLETED,,359,270.0,255,59.22777187389302,50.0,53.879310344827594,0.0,1672.0,349,4970,2472,0,0,0,0,0,0,0,0,0,,,,1160,6,3,True,ok,False
vadimerenkov.aucards_21.apk,aperv:mop_on_llm_off,1,300,gh104_03,1,COMPLETED,COMPLETED,,360,270.0,255,63.62026213248318,100.0,60.51724137931035,0.0,1796.0,300,14253,2615,0,0,0,5,0,0,0,5,5,63,crash:java.lang.RuntimeException=5,,1160,6,3,True,ok,False
vadimerenkov.aucards_21.apk,aperv:mop_on_llm_off,2,300,gh104_03,1,COMPLETED,COMPLETED,,377,270.0,255,58.979808714133895,100.0,55.08620689655173,0.0,1665.0,247,17170,2464,0,0,0,4,0,0,0,4,4,86,crash:java.lang.RuntimeException=4,,1160,6,3,True,ok,False
vadimerenkov.aucards_21.apk,aperv:mop_on_llm_off,3,300,gh104_03,1,COMPLETED,COMPLETED,,359,270.0,255,58.80269217144881,100.0,54.310344827586206,0.0,1660.0,280,21756,2460,0,0,0,6,0,0,0,6,6,101,crash:java.lang.RuntimeException=5;crash:java.lang.IllegalStateException=1,,1160,6,3,True,ok,False
