model,strategy,prompt_id,run_number,temperature,top_p,max_tokens,top_k,parsing_success,error_occurred,timeout_occurred,actions_count,error_type,total_duration_ms,generation_latency_ms,tokens_per_second,input_tokens,output_tokens,input_output_ratio,response_length_chars,explanation_quality_score,load_duration_ms,input_tokens_duration_ms,output_tokens_duration_ms
qwen3:0.6b,standard_modular,001,1,0.2,0.9,500,0,True,False,False,1,,1140.023298,1097.6708219999998,202.17452281742172,286,220,0.7692307692307693,1025,0.825,34.858947,9.502061,1088.168761
qwen3:0.6b,standard_modular,001,2,0.2,0.9,500,0,True,False,False,1,,1217.860112,1176.452662,200.25196682239167,286,233,0.8146853146853147,1125,0.825,33.390254,12.918522,1163.53414
qwen3:0.6b,standard_modular,001,3,0.2,0.9,500,0,True,False,False,1,,1230.997619,1190.320936,191.96294833086193,286,220,0.7692307692307693,1030,0.825,32.715652,44.26644,1146.054496
qwen3:0.6b,standard_modular,001,4,0.2,0.9,500,0,True,False,False,1,,2332.874539,2290.278104,199.4085569433067,286,454,1.5874125874125875,2058,0.825,33.387158,13.545315,2276.732789
qwen3:0.6b,standard_modular,001,5,0.2,0.9,500,0,True,False,False,1,,1195.261364,1154.873335,197.45660618920883,286,226,0.7902097902097902,1085,0.825,32.227219,10.318061,1144.555274
qwen3:0.6b,standard_modular,001,6,0.2,0.9,500,0,True,False,False,1,,1462.107458,1421.264212,195.33282337151604,286,272,0.951048951048951,1325,0.825,33.439747,28.769109,1392.495103
qwen3:0.6b,standard_modular,001,7,0.2,0.9,500,0,True,False,False,1,,1336.623027,1295.8024560000001,194.37040712144008,286,249,0.8706293706293706,1267,0.825,33.416813,14.743247,1281.059209
qwen3:0.6b,standard_modular,001,8,0.2,0.9,500,0,True,False,False,1,,1710.491824,1684.4830789999999,195.5135561837069,286,326,1.1398601398601398,1614,1.0,18.117316,17.079517,1667.403562
qwen3:0.6b,standard_modular,001,9,0.2,0.9,500,0,True,False,False,1,,1318.888516,1278.1309709999998,197.89708133674375,286,250,0.8741258741258742,1259,0.825,32.897946,14.848065,1263.282906
qwen3:0.6b,standard_modular,001,10,0.2,0.9,500,0,True,False,False,1,,1190.02341,1147.6559269999998,201.3878600906761,286,227,0.7937062937062938,1144,0.825,33.443524,20.477755,1127.178172
qwen3:0.6b,standard_modular,001,1,0.2,0.9,500,40,True,False,False,1,,1357.513714,1316.829195,201.30651508781918,286,262,0.916083916083916,1287,0.825,32.668864,15.331328,1301.497867
qwen3:0.6b,standard_modular,001,2,0.2,0.9,500,40,True,False,False,2,,2416.78614,2376.855406,202.37151789759966,286,478,1.6713286713286712,2329,0.825,32.165713,14.862943,2361.992463
qwen3:0.6b,standard_modular,001,3,0.2,0.9,500,40,True,False,False,2,,2152.068851,2112.162644,197.35857724606845,286,415,1.451048951048951,2016,0.7374999999999999,31.973709,9.391101,2102.771543
qwen3:0.6b,standard_modular,001,4,0.2,0.9,500,40,True,False,False,1,,1267.985051,1228.3757540000001,200.4289213559052,286,243,0.8496503496503497,1236,0.825,31.947842,15.975875,1212.399879
qwen3:0.6b,standard_modular,001,5,0.2,0.9,500,40,True,False,False,1,,1431.286672,1391.0058270000002,202.73709937003713,286,279,0.9755244755244755,1331,1.0,32.555408,14.839349,1376.166478
qwen3:0.6b,standard_modular,001,6,0.2,0.9,500,40,True,False,False,1,,2077.868571,2037.988333,203.33799725387394,286,412,1.4405594405594406,2045,0.825,32.152337,11.8053,2026.183033
qwen3:0.6b,standard_modular,001,7,0.2,0.9,500,40,True,False,False,1,,2503.342874,2462.636596,196.19179705174983,286,480,1.6783216783216783,2167,0.825,32.678451,16.051126,2446.58547
qwen3:0.6b,standard_modular,001,8,0.2,0.9,500,40,True,False,False,2,,2107.301763,2077.573964,197.5392671333862,286,407,1.4230769230769231,1951,0.7374999999999999,20.46519,17.224111,2060.349853
qwen3:0.6b,standard_modular,001,9,0.2,0.9,500,40,True,False,False,1,,1259.415388,1230.9229699999999,201.8412771966354,286,245,0.8566433566433567,1257,0.825,20.466102,17.097912,1213.825058
qwen3:0.6b,standard_modular,001,10,0.2,0.9,500,40,True,False,False,1,,1486.277689,1443.406804,196.31097051537526,286,280,0.9790209790209791,1378,0.825,34.353293,17.098334,1426.30847
qwen3:0.6b,standard_modular,001,1,0.2,0.9,800,0,True,False,False,1,,4164.153944,4123.605647,194.71003719683597,286,800,2.797202797202797,4024,0.1,32.841737,14.931993,4108.673654
qwen3:0.6b,standard_modular,001,2,0.2,0.9,800,0,True,False,False,1,,1348.10978,1307.31731,200.15256726038155,286,259,0.9055944055944056,1246,1.0,32.754824,13.30443,1294.01288
qwen3:0.6b,standard_modular,001,3,0.2,0.9,800,0,True,False,False,1,,1289.163562,1251.412515,200.08067882256134,286,248,0.8671328671328671,1236,0.825,29.764327,11.912522,1239.499993
qwen3:0.6b,standard_modular,001,4,0.2,0.9,800,0,True,False,False,2,,1425.841737,1384.2287159999998,201.46191134157738,286,277,0.9685314685314685,1332,0.9125,33.836567,9.278989,1374.949727
qwen3:0.6b,standard_modular,001,5,0.2,0.9,800,0,True,False,False,1,,1363.429766,1326.131613,190.66603908456884,286,250,0.8741258741258742,1245,0.825,29.011869,14.938486,1311.193127
qwen3:0.6b,standard_modular,001,6,0.2,0.9,800,0,True,False,False,1,,1424.035084,1382.577508,193.01691092879975,286,264,0.9230769230769231,1247,1.0,33.479352,14.821705,1367.755803
qwen3:0.6b,standard_modular,001,7,0.2,0.9,800,0,True,False,False,2,,2353.1748,2312.306638,195.9366136468475,286,450,1.5734265734265733,2084,0.825,32.590062,15.645531,2296.661107
qwen3:0.6b,standard_modular,001,8,0.2,0.9,800,0,True,False,False,1,,2746.786198,2706.031712,194.57838311435816,286,522,1.8251748251748252,2388,0.825,32.404281,23.308217,2682.723495
qwen3:0.6b,standard_modular,001,9,0.2,0.9,800,0,True,False,False,2,,1696.036321,1668.655152,202.87960614913018,286,335,1.1713286713286712,1576,0.825,18.677926,17.429549,1651.225603
qwen3:0.6b,standard_modular,001,10,0.2,0.9,800,0,True,False,False,1,,1841.891691,1800.787592,193.85322561354815,286,346,1.2097902097902098,1659,0.825,32.960623,15.932071,1784.855521
qwen3:0.6b,standard_modular,001,1,0.2,0.9,800,40,True,False,False,2,,2155.61289,2113.6137510000003,200.69294793893118,286,421,1.472027972027972,2024,0.825,34.327233,15.881846,2097.731905
qwen3:0.6b,standard_modular,001,2,0.2,0.9,800,40,True,False,False,1,,1433.367923,1394.706246,194.23061174401255,286,269,0.9405594405594405,1283,1.0,33.057876,9.754628,1384.951618
qwen3:0.6b,standard_modular,001,3,0.2,0.9,800,40,True,False,False,1,,1330.119167,1292.093762,193.67155562987105,286,247,0.8636363636363636,1242,0.825,29.732267,16.738694,1275.355068
qwen3:0.6b,standard_modular,001,4,0.2,0.9,800,40,True,False,False,1,,1311.174027,1269.398029,200.2729560811341,286,251,0.8776223776223776,1231,0.825,33.391687,16.108494,1253.289535
qwen3:0.6b,standard_modular,001,5,0.2,0.9,800,40,True,False,False,1,,1318.019712,1282.389609,197.99455105585503,286,251,0.8776223776223776,1205,1.0,28.093283,14.677954,1267.711655
qwen3:0.6b,standard_modular,001,6,0.2,0.9,800,40,False,False,False,0,,4203.837873,4165.631716,192.48156062378615,286,800,2.797202797202797,3962,0.0,32.484675,9.389438,4156.242278
qwen3:0.6b,standard_modular,001,7,0.2,0.9,800,40,True,False,False,1,,1618.102008,1576.974044,198.5925633922724,286,311,1.0874125874125875,1487,0.825,32.974179,10.953672,1566.020372
qwen3:0.6b,standard_modular,001,8,0.2,0.9,800,40,True,False,False,3,,2377.925013,2336.743168,193.00838557600707,286,449,1.56993006993007,2057,0.7083333333333334,33.097291,10.419373,2326.323795
qwen3:0.6b,standard_modular,001,9,0.2,0.9,800,40,True,False,False,1,,1312.99381,1271.568565,197.8900097089726,286,247,0.8636363636363636,1198,1.0,32.955924,23.400452,1248.168113
qwen3:0.6b,standard_modular,001,10,0.2,0.9,800,40,True,False,False,1,,1234.907944,1196.235488,195.23011905701372,286,230,0.8041958041958042,1126,1.0,33.066321,18.138578,1178.09691
qwen3:0.6b,standard_modular,001,1,0.2,1.0,500,0,True,False,False,1,,1434.464698,1394.111329,200.9301411670613,286,277,0.9685314685314685,1371,0.825,32.554966,15.522739,1378.58859
qwen3:0.6b,standard_modular,001,2,0.2,1.0,500,0,True,False,False,1,,2563.38192,2523.0410340000003,198.27071458263936,286,497,1.7377622377622377,2293,1.0,32.623094,16.367262,2506.673772
qwen3:0.6b,standard_modular,001,3,0.2,1.0,500,0,True,False,False,1,,2598.429946,2557.0944600000003,196.80727857239165,286,500,1.7482517482517483,2519,0.1,33.316024,16.538015,2540.556445
qwen3:0.6b,standard_modular,001,4,0.2,1.0,500,0,True,False,False,1,,1253.449352,1212.368407,201.3763168825636,286,241,0.8426573426573427,1216,0.825,32.951656,15.604042,1196.764365
qwen3:0.6b,standard_modular,001,5,0.2,1.0,500,0,True,False,False,1,,1726.843628,1685.90356,196.41801002532853,286,328,1.1468531468531469,1615,0.825,32.55222,15.995592,1669.907968
qwen3:0.6b,standard_modular,001,6,0.2,1.0,500,0,True,False,False,2,,2091.323038,2050.160922,199.5462836526673,286,406,1.4195804195804196,1927,0.825,33.406433,15.54523,2034.615692
qwen3:0.6b,standard_modular,001,7,0.2,1.0,500,0,True,False,False,1,,2299.826143,2258.772433,199.98309648444425,286,449,1.56993006993007,2177,0.825,32.97099,13.582675,2245.189758
qwen3:0.6b,standard_modular,001,8,0.2,1.0,500,0,False,False,False,0,,2601.981708,2574.923249,195.43353679883668,286,500,1.7482517482517483,2453,0.0,18.625087,16.50872,2558.414529
qwen3:0.6b,standard_modular,001,9,0.2,1.0,500,0,True,False,False,1,,1331.802304,1291.794858,202.62252830496536,286,258,0.9020979020979021,1217,0.825,32.27186,18.491232,1273.303626
qwen3:0.6b,standard_modular,001,10,0.2,1.0,500,0,True,False,False,1,,1371.103142,1331.049577,200.68347989009683,286,264,0.9230769230769231,1309,0.825,32.174358,15.545181,1315.504396
qwen3:0.6b,standard_modular,001,1,0.2,1.0,500,40,True,False,False,1,,1289.518953,1249.5761559999999,198.17724026523402,286,242,0.8461538461538461,1224,0.825,32.13769,28.447031,1221.129125
qwen3:0.6b,standard_modular,001,2,0.2,1.0,500,40,True,False,False,1,,1486.695742,1446.748718,199.56456482431074,286,285,0.9965034965034965,1387,0.825,32.093967,18.639473,1428.109245
qwen3:0.6b,standard_modular,001,3,0.2,1.0,500,40,True,False,False,1,,2068.930129,2028.067196,200.67898304761104,286,403,1.4090909090909092,1929,1.0,32.866496,19.884805,2008.182391
qwen3:0.6b,standard_modular,001,4,0.2,1.0,500,40,True,False,False,1,,1054.431122,1014.413895,200.9046050690889,286,201,0.7027972027972028,943,0.825,32.325203,13.939068,1000.474827
qwen3:0.6b,standard_modular,001,5,0.2,1.0,500,40,True,False,False,1,,1394.034983,1353.173595,201.0502946617409,286,269,0.9405594405594405,1295,0.825,32.863137,15.199928,1337.973667
qwen3:0.6b,standard_modular,001,6,0.2,1.0,500,40,True,False,False,1,,1148.241044,1108.037646,200.80421464463504,286,219,0.7657342657342657,1085,0.825,32.822983,17.423087,1090.614559
qwen3:0.6b,standard_modular,001,7,0.2,1.0,500,40,True,False,False,3,,1858.258507,1820.607359,199.41063025000932,286,360,1.2587412587412588,1722,0.7083333333333334,32.169659,15.287354,1805.320005
qwen3:0.6b,standard_modular,001,8,0.2,1.0,500,40,True,False,False,1,,2545.385771,2519.9574399999997,199.6803752973804,286,500,1.7482517482517483,2470,0.1,17.97578,15.955736,2504.001704
qwen3:0.6b,standard_modular,001,9,0.2,1.0,500,40,True,False,False,2,,2467.812696,2427.9610610000004,195.25181949263285,286,471,1.6468531468531469,2254,0.7374999999999999,32.055876,15.691607,2412.269454
qwen3:0.6b,standard_modular,001,10,0.2,1.0,500,40,True,False,False,1,,2090.895096,2050.203887,201.01885872823775,286,409,1.43006993006993,1916,0.825,33.22922,15.568915,2034.634972
qwen3:0.6b,standard_modular,001,1,0.2,1.0,800,0,True,False,False,2,,1657.744074,1618.3535310000002,201.0725553732247,286,323,1.1293706293706294,1561,0.825,31.788931,11.968217,1606.385314
qwen3:0.6b,standard_modular,001,2,0.2,1.0,800,0,True,False,False,1,,1342.783107,1303.048945,198.76417566302052,286,256,0.8951048951048951,1307,0.825,32.262465,15.090493,1287.958452
qwen3:0.6b,standard_modular,001,3,0.2,1.0,800,0,True,False,False,2,,3023.893293,2982.7794980000003,198.08871643495246,286,589,2.0594405594405596,2738,0.7374999999999999,32.491055,9.3643,2973.415198
qwen3:0.6b,standard_modular,001,4,0.2,1.0,800,0,True,False,False,1,,1248.431149,1208.500967,198.8014408146117,286,238,0.8321678321678322,1125,1.0,32.240683,11.326545,1197.174422
qwen3:0.6b,standard_modular,001,5,0.2,1.0,800,0,True,False,False,3,,2572.075108,2531.0310729999997,197.91000752976046,286,498,1.7412587412587412,2377,0.8249999999999998,33.565375,14.735883,2516.29519
qwen3:0.6b,standard_modular,001,6,0.2,1.0,800,0,True,False,False,1,,1638.129137,1598.9384300000002,198.8047981758934,286,315,1.1013986013986015,1535,0.825,31.903407,14.46963,1584.4688
qwen3:0.6b,standard_modular,001,7,0.2,1.0,800,0,True,False,False,1,,2616.18131,2574.608037,199.26952549464838,286,511,1.7867132867132867,2477,0.825,33.779407,10.242017,2564.36602
qwen3:0.6b,standard_modular,001,8,0.2,1.0,800,0,True,False,False,1,,1284.780829,1243.4956590000002,198.68896763425568,286,245,0.8566433566433567,1248,0.825,32.741729,10.4126,1233.083059
qwen3:0.6b,standard_modular,001,9,0.2,1.0,800,0,True,False,False,1,,1233.691647,1209.8030840000001,202.30087777476726,286,243,0.8496503496503497,1202,0.825,19.59697,8.621939,1201.181145
qwen3:0.6b,standard_modular,001,10,0.2,1.0,800,0,True,False,False,1,,1394.641497,1352.776431,202.38862869251207,286,272,0.951048951048951,1322,1.0,33.731138,8.827407,1343.949024
qwen3:0.6b,standard_modular,001,1,0.2,1.0,800,40,True,False,False,1,,1537.96211,1496.213554,199.8525300334078,286,296,1.034965034965035,1442,0.825,33.595472,15.121471,1481.092083
qwen3:0.6b,standard_modular,001,2,0.2,1.0,800,40,True,False,False,2,,2797.780515,2757.0615540000003,195.10089622608893,286,535,1.8706293706293706,2584,0.7374999999999999,32.294194,14.890655,2742.170899
qwen3:0.6b,standard_modular,001,3,0.2,1.0,800,40,True,False,False,1,,1311.20533,1271.174819,199.64288678982584,286,250,0.8741258741258742,1239,0.825,32.558424,18.938869,1252.23595
qwen3:0.6b,standard_modular,001,4,0.2,1.0,800,40,True,False,False,1,,4157.329071,4117.849468,194.7232726064776,286,800,2.797202797202797,3747,0.825,32.007023,9.455082,4108.394386
qwen3:0.6b,standard_modular,001,5,0.2,1.0,800,40,True,False,False,1,,1322.88948,1283.138496,197.70812674596988,286,250,0.8741258741258742,1237,0.825,32.601404,18.648239,1264.490257
qwen3:0.6b,standard_modular,001,6,0.2,1.0,800,40,True,False,False,1,,1266.219681,1241.9088709999999,198.70839075596922,286,245,0.8566433566433567,1248,0.825,17.904134,8.946342,1232.962529
qwen3:0.6b,standard_modular,001,7,0.2,1.0,800,40,True,False,False,1,,1393.714533,1352.960937,197.235545842369,286,264,0.9230769230769231,1300,0.825,32.468914,14.459812,1338.501125
qwen3:0.6b,standard_modular,001,8,0.2,1.0,800,40,True,False,False,1,,1260.441731,1233.885802,198.52831957543972,286,242,0.8461538461538461,1163,0.825,18.260436,14.916133,1218.969669
qwen3:0.6b,standard_modular,001,9,0.2,1.0,800,40,True,False,False,1,,1766.058913,1726.024836,200.99752582972025,286,344,1.2027972027972027,1707,0.825,32.560727,14.560983,1711.463853
qwen3:0.6b,standard_modular,001,10,0.2,1.0,800,40,True,False,False,2,,3506.608442,3464.405148,197.36503817962708,286,682,2.3846153846153846,3317,0.825,34.298969,8.879254,3455.525894
qwen3:0.6b,standard_modular,001,1,0.7,0.9,500,0,True,False,False,1,,2150.220482,2123.55145,199.1873289769294,286,420,1.4685314685314685,2065,0.825,19.211502,14.98359,2108.56786
qwen3:0.6b,standard_modular,001,2,0.7,0.9,500,0,True,False,False,1,,1426.730418,1386.6987649999999,200.43719740506512,286,275,0.9615384615384616,1360,0.825,32.68915,14.697941,1372.000824
qwen3:0.6b,standard_modular,001,3,0.7,0.9,500,0,True,False,False,1,,1903.964139,1863.276417,199.65963950912086,286,369,1.2902097902097902,1867,0.825,32.411146,15.131239,1848.145178
qwen3:0.6b,standard_modular,001,4,0.7,0.9,500,0,True,False,False,1,,1377.315006,1335.668484,195.3530409024609,286,258,0.9020979020979021,1250,0.825,34.031393,14.982618,1320.685866
qwen3:0.6b,standard_modular,001,5,0.7,0.9,500,0,True,False,False,1,,1324.696818,1286.110374,200.2588704796258,286,255,0.8916083916083916,1205,0.825,33.058527,12.75854,1273.351834
qwen3:0.6b,standard_modular,001,6,0.7,0.9,500,0,True,False,False,2,,2063.096262,2022.320596,199.93758559915577,286,399,1.3951048951048952,1957,0.825,32.122719,26.697818,1995.622778
qwen3:0.6b,standard_modular,001,7,0.7,0.9,500,0,True,False,False,1,,1352.264635,1311.740783,201.15574335241743,286,259,0.9055944055944056,1187,1.0,32.846556,24.181225,1287.559558
qwen3:0.6b,standard_modular,001,8,0.7,0.9,500,0,True,False,False,1,,1797.745356,1761.974598,201.39673048485562,286,353,1.2342657342657342,1701,0.825,28.14507,9.21526,1752.759338
qwen3:0.6b,standard_modular,001,9,0.7,0.9,500,0,False,False,False,0,,2533.343882,2493.5613,202.3900627865139,286,500,1.7482517482517483,2421,0.0,32.222679,23.084276,2470.477024
qwen3:0.6b,standard_modular,001,10,0.7,0.9,500,0,True,False,False,2,,1708.111797,1668.1783,200.29112575325166,286,331,1.1573426573426573,1521,0.825,32.236234,15.583864,1652.594436
qwen3:0.6b,standard_modular,001,1,0.7,0.9,500,40,False,False,False,0,,2547.998691,2507.628678,200.2205883079624,286,500,1.7482517482517483,2460,0.0,32.681056,10.382994,2497.245684
qwen3:0.6b,standard_modular,001,2,0.7,0.9,500,40,True,False,False,1,,2513.234641,2486.627204,202.315392603036,286,500,1.7482517482517483,2417,0.1,18.770891,15.238381,2471.388823
qwen3:0.6b,standard_modular,001,3,0.7,0.9,500,40,True,False,False,1,,2184.486404,2144.13639,200.5309282215477,286,427,1.493006993006993,2015,0.825,32.819977,14.789043,2129.347347
qwen3:0.6b,standard_modular,001,4,0.7,0.9,500,40,True,False,False,1,,1298.28664,1262.924853,202.66195922720138,286,253,0.8846153846153846,1193,0.825,25.990993,14.540593,1248.38426
qwen3:0.6b,standard_modular,001,5,0.7,0.9,500,40,True,False,False,1,,1501.821632,1462.1508,197.55904799212567,286,286,1.0,1362,0.825,31.864133,14.482354,1447.668446
qwen3:0.6b,standard_modular,001,6,0.7,0.9,500,40,True,False,False,1,,1924.541397,1881.5163240000002,198.2465283172442,286,370,1.2937062937062938,1757,0.825,35.586078,15.15325,1866.363074
qwen3:0.6b,standard_modular,001,7,0.7,0.9,500,40,True,False,False,1,,1613.673738,1572.6512839999998,200.61116654837812,286,312,1.0909090909090908,1537,0.825,32.677238,17.40386,1555.247424
qwen3:0.6b,standard_modular,001,8,0.7,0.9,500,40,True,False,False,2,,1438.31771,1397.013615,199.73339369508065,286,276,0.965034965034965,1262,0.825,33.65851,15.171576,1381.842039
qwen3:0.6b,standard_modular,001,9,0.7,0.9,500,40,True,False,False,1,,1271.21768,1231.891839,200.56349052446214,286,244,0.8531468531468531,1189,0.825,31.918124,15.319474,1216.572365
qwen3:0.6b,standard_modular,001,10,0.7,0.9,500,40,True,False,False,1,,1296.560088,1255.0506349999998,198.29194846159146,286,246,0.8601398601398601,1186,0.825,33.819293,14.455634,1240.595001
qwen3:0.6b,standard_modular,001,1,0.7,0.9,800,0,True,False,False,1,,1554.742067,1514.038887,200.84751512521916,286,301,1.0524475524475525,1445,0.825,32.724245,15.389527,1498.64936
qwen3:0.6b,standard_modular,001,2,0.7,0.9,800,0,True,False,False,2,,2410.797183,2368.342506,196.11309995791623,286,461,1.6118881118881119,2194,0.9125,34.564059,17.65813,2350.684376
qwen3:0.6b,standard_modular,001,3,0.7,0.9,800,0,True,False,False,1,,1191.602898,1150.761097,199.99985374460036,286,227,0.7937062937062938,1066,0.825,32.950422,15.760267,1135.00083
qwen3:0.6b,standard_modular,001,4,0.7,0.9,800,0,True,False,False,1,,1400.42835,1365.5915850000001,202.12280759528437,286,273,0.9545454545454546,1379,0.825,26.962909,14.927584,1350.664001
qwen3:0.6b,standard_modular,001,5,0.7,0.9,800,0,True,False,False,1,,1850.296157,1815.688085,202.1000651956488,286,364,1.2727272727272727,1873,0.825,27.202179,14.600096,1801.087989
qwen3:0.6b,standard_modular,001,6,0.7,0.9,800,0,True,False,False,2,,2391.916755,2352.1462340000003,201.0526568710564,286,470,1.6433566433566433,2252,0.7374999999999999,32.091242,14.450193,2337.696041
qwen3:0.6b,standard_modular,001,7,0.7,0.9,800,0,True,False,False,1,,1444.09889,1416.791503,202.4862598100899,286,283,0.9895104895104895,1378,0.825,19.138815,19.165806,1397.625697
qwen3:0.6b,standard_modular,001,8,0.7,0.9,800,0,True,False,False,1,,1961.854206,1922.5480539999999,203.37530951848225,286,388,1.3566433566433567,1871,0.825,31.768701,14.74518,1907.802874
qwen3:0.6b,standard_modular,001,9,0.7,0.9,800,0,True,False,False,1,,1821.252013,1780.920717,201.26757823255502,286,356,1.2447552447552448,1726,0.825,32.6552,12.131113,1768.789604
qwen3:0.6b,standard_modular,001,10,0.7,0.9,800,0,True,False,False,2,,2083.398559,2042.628885,198.02890559363746,286,402,1.4055944055944056,1889,0.825,32.754246,12.622211,2030.006674
qwen3:0.6b,standard_modular,001,1,0.7,0.9,800,40,True,False,False,1,,1437.609496,1399.731184,200.84930602912632,286,278,0.972027972027972,1323,0.825,32.734956,15.608901,1384.122283
qwen3:0.6b,standard_modular,001,2,0.7,0.9,800,40,True,False,False,1,,1340.499708,1300.247545,201.47396203644647,286,259,0.9055944055944056,1255,1.0,32.330674,14.721627,1285.525918
qwen3:0.6b,standard_modular,001,3,0.7,0.9,800,40,True,False,False,1,,1482.894722,1443.024774,203.12025391359725,286,290,1.013986013986014,1360,0.825,32.113536,15.299107,1427.725667
qwen3:0.6b,standard_modular,001,4,0.7,0.9,800,40,True,False,False,1,,1785.63598,1744.29765,203.45853562392762,286,353,1.2342657342657342,1652,0.825,33.692479,9.300399,1734.997251
qwen3:0.6b,standard_modular,001,5,0.7,0.9,800,40,True,False,False,1,,1387.379048,1347.457986,202.14535896173624,286,270,0.9440559440559441,1274,0.825,32.219085,11.785471,1335.672515
qwen3:0.6b,standard_modular,001,6,0.7,0.9,800,40,True,False,False,1,,1131.12222,1088.198589,200.48523813454662,286,216,0.7552447552447552,970,1.0,34.990062,10.812533,1077.386056
qwen3:0.6b,standard_modular,001,7,0.7,0.9,800,40,True,False,False,1,,2308.984304,2268.393979,197.31582913919468,286,444,1.5524475524475525,2154,1.0,32.891574,18.194378,2250.199601
qwen3:0.6b,standard_modular,001,8,0.7,0.9,800,40,True,False,False,1,,1174.969047,1135.1110210000002,200.53542223634216,286,224,0.7832167832167832,1111,0.825,32.079773,18.10138,1117.009641
qwen3:0.6b,standard_modular,001,9,0.7,0.9,800,40,True,False,False,1,,1265.720293,1225.393714,200.8163145170507,286,243,0.8496503496503497,1155,1.0,32.674117,15.332666,1210.061048
qwen3:0.6b,standard_modular,001,10,0.7,0.9,800,40,True,False,False,2,,1979.625031,1937.883749,198.20576556131843,286,381,1.332167832167832,1719,0.825,33.0191,15.63896,1922.244789
qwen3:0.6b,standard_modular,001,1,0.7,1.0,500,0,True,False,False,1,,2573.826054,2534.373079,198.41771286923085,286,500,1.7482517482517483,2506,0.1,31.758865,14.436765,2519.936314
qwen3:0.6b,standard_modular,001,2,0.7,1.0,500,0,True,False,False,2,,1742.081207,1703.1720839999998,196.5650549430289,286,333,1.1643356643356644,1549,0.6499999999999999,32.492121,9.076457,1694.095627
qwen3:0.6b,standard_modular,001,3,0.7,1.0,500,0,True,False,False,1,,1815.779544,1775.489057,200.63135344969263,286,353,1.2342657342657342,1724,1.0,32.569396,16.043218,1759.445839
qwen3:0.6b,standard_modular,001,4,0.7,1.0,500,0,False,False,False,0,,2577.157452,2535.654184,198.35905252179953,286,500,1.7482517482517483,2475,0.0,33.418965,14.972654,2520.68153
qwen3:0.6b,standard_modular,001,5,0.7,1.0,500,0,True,False,False,1,,1639.125301,1599.230205,200.19719486848237,286,317,1.1083916083916083,1502,1.0,32.145593,15.791435,1583.43877
qwen3:0.6b,standard_modular,001,6,0.7,1.0,500,0,True,False,False,1,,1747.624736,1705.835066,200.84717825613473,286,339,1.1853146853146854,1611,0.825,33.166309,17.984617,1687.850449
qwen3:0.6b,standard_modular,001,7,0.7,1.0,500,0,True,False,False,3,,2590.996887,2550.165019,197.55173362120445,286,500,1.7482517482517483,2396,0.5833333333333334,32.837238,19.182421,2530.982598
qwen3:0.6b,standard_modular,001,8,0.7,1.0,500,0,True,False,False,1,,2375.931412,2334.081896,199.65164342366054,286,464,1.6223776223776223,2245,0.825,33.45305,10.033909,2324.047987
qwen3:0.6b,standard_modular,001,9,0.7,1.0,500,0,True,False,False,2,,2104.042266,2063.794339,201.19335946147214,286,413,1.444055944055944,1964,0.825,32.543842,11.042692,2052.751647
qwen3:0.6b,standard_modular,001,10,0.7,1.0,500,0,True,False,False,1,,1611.967977,1571.3294779999999,200.47429261922983,286,312,1.0909090909090908,1490,0.825,33.05737,15.020208,1556.30927
qwen3:0.6b,standard_modular,001,1,0.7,1.0,500,40,True,False,False,1,,2552.883353,2512.984106,199.97595521110694,286,500,1.7482517482517483,2343,0.1,32.304421,12.68351,2500.300596
qwen3:0.6b,standard_modular,001,2,0.7,1.0,500,40,True,False,False,1,,1689.555899,1650.631515,202.49611900434832,286,331,1.1573426573426573,1564,1.0,32.243362,16.032286,1634.599229
qwen3:0.6b,standard_modular,001,3,0.7,1.0,500,40,True,False,False,1,,1269.797059,1229.227839,200.97323380568824,286,244,0.8531468531468531,1148,0.825,32.507385,15.135816,1214.092023
qwen3:0.6b,standard_modular,001,4,0.7,1.0,500,40,False,False,False,0,,2552.593973,2514.0898660000003,200.2925840418529,286,500,1.7482517482517483,2447,0.0,32.083573,17.741824,2496.348042
qwen3:0.6b,standard_modular,001,5,0.7,1.0,500,40,True,False,False,2,,2545.275338,2505.965908,200.72705394383487,286,500,1.7482517482517483,2456,0.46249999999999997,31.782417,15.021164,2490.944744
qwen3:0.6b,standard_modular,001,6,0.7,1.0,500,40,True,False,False,1,,1906.332962,1866.6277690000002,200.46933534968957,286,371,1.2972027972027973,1849,0.825,32.023665,15.970663,1850.657106
qwen3:0.6b,standard_modular,001,7,0.7,1.0,500,40,True,False,False,2,,2091.555639,2050.696358,197.58039567680055,286,402,1.4055944055944056,1855,0.825,32.954448,16.081544,2034.614814
qwen3:0.6b,standard_modular,001,8,0.7,1.0,500,40,True,False,False,1,,1145.669748,1104.7741409999999,200.04010638962384,286,218,0.7622377622377622,1016,0.825,33.114641,14.992677,1089.781464
qwen3:0.6b,standard_modular,001,9,0.7,1.0,500,40,False,False,False,0,,2537.916747,2496.379046,201.49843164179327,286,500,1.7482517482517483,2378,0.0,33.049346,14.970154,2481.408892
qwen3:0.6b,standard_modular,001,10,0.7,1.0,500,40,True,False,False,1,,1962.214288,1921.490473,198.58804372492682,286,379,1.3251748251748252,1817,1.0,32.888055,13.017068,1908.473405
qwen3:0.6b,standard_modular,001,1,0.7,1.0,800,0,True,False,False,1,,2823.971131,2783.9981190000003,198.25209304755373,286,550,1.9230769230769231,2598,0.825,32.347763,9.752503,2774.245616
qwen3:0.6b,standard_modular,001,2,0.7,1.0,800,0,True,False,False,1,,2846.646349,2819.4036220000003,198.64378271303548,286,558,1.951048951048951,2671,0.825,19.830726,10.355222,2809.0484
qwen3:0.6b,standard_modular,001,3,0.7,1.0,800,0,True,False,False,1,,1544.682078,1504.841086,197.35450302906978,286,294,1.027972027972028,1420,0.825,31.907077,15.136035,1489.705051
qwen3:0.6b,standard_modular,001,4,0.7,1.0,800,0,True,False,False,1,,2983.312727,2942.344841,196.0002007520105,286,574,2.006993006993007,2826,0.825,33.002612,13.776412,2928.568429
qwen3:0.6b,standard_modular,001,5,0.7,1.0,800,0,True,False,False,1,,1684.524405,1644.253981,195.16137234516984,286,317,1.1083916083916083,1511,0.825,32.324827,19.957143,1624.296838
qwen3:0.6b,standard_modular,001,6,0.7,1.0,800,0,True,False,False,1,,4093.890758,4053.9639319999997,198.09174125153353,286,800,2.797202797202797,3865,0.825,32.262797,15.431104,4038.532828
qwen3:0.6b,standard_modular,001,7,0.7,1.0,800,0,True,False,False,1,,2827.448757,2787.614481,197.97899200568534,286,550,1.9230769230769231,2684,0.825,32.004141,9.541947,2778.072534
qwen3:0.6b,standard_modular,001,8,0.7,1.0,800,0,True,False,False,1,,2407.37747,2367.871464,199.82419789503146,286,471,1.6468531468531469,2228,0.825,32.158632,10.799573,2357.071891
qwen3:0.6b,standard_modular,001,9,0.7,1.0,800,0,True,False,False,1,,1956.15887,1917.0387839999999,201.43342910277977,286,383,1.3391608391608392,1773,0.825,31.681931,15.666198,1901.372586
qwen3:0.6b,standard_modular,001,10,0.7,1.0,800,0,True,False,False,1,,1433.490175,1393.641038,197.98497003844497,286,273,0.9545454545454546,1327,0.825,32.304057,14.748489,1378.892549
qwen3:0.6b,standard_modular,001,1,0.7,1.0,800,40,True,False,False,1,,1198.609705,1158.543391,198.63916577829823,286,227,0.7937062937062938,1059,1.0,32.505766,15.76775,1142.775641
qwen3:0.6b,standard_modular,001,2,0.7,1.0,800,40,False,False,False,0,,4115.624097,4075.626765,196.9801827508514,286,800,2.797202797202797,3940,0.0,32.421846,14.30451,4061.322255
qwen3:0.6b,standard_modular,001,3,0.7,1.0,800,40,True,False,False,1,,3859.126085,3818.190139,194.55069778953245,286,740,2.5874125874125875,3343,0.825,32.904963,14.554334,3803.635805
qwen3:0.6b,standard_modular,001,4,0.7,1.0,800,40,True,False,False,2,,2011.278026,1969.9275930000001,195.10530563069455,286,381,1.332167832167832,1773,0.825,33.198389,17.136003,1952.79159
qwen3:0.6b,standard_modular,001,5,0.7,1.0,800,40,True,False,False,1,,1649.266342,1607.549305,193.1449611959379,286,307,1.0734265734265733,1483,0.825,33.293166,18.069579,1589.479726
qwen3:0.6b,standard_modular,001,6,0.7,1.0,800,40,True,False,False,1,,1420.257131,1380.247089,199.77297930834106,286,272,0.951048951048951,1288,0.825,32.443305,18.701594,1361.545495
qwen3:0.6b,standard_modular,001,7,0.7,1.0,800,40,False,False,False,0,,4184.157612,4144.747273000001,193.86405752068913,286,800,2.797202797202797,3971,0.0,31.828854,18.14428,4126.602993
qwen3:0.6b,standard_modular,001,8,0.7,1.0,800,40,True,False,False,1,,1599.732695,1558.2111300000001,199.55119493251038,286,307,1.0734265734265733,1529,0.825,32.914628,19.758804,1538.452326
qwen3:0.6b,standard_modular,001,9,0.7,1.0,800,40,True,False,False,2,,2575.272285,2535.066318,196.52644674617224,286,495,1.7307692307692308,2324,0.825,32.390578,16.321344,2518.744974
qwen3:0.6b,standard_modular,001,10,0.7,1.0,800,40,True,False,False,1,,1690.279495,1649.634102,197.3599543815582,286,322,1.1258741258741258,1507,0.825,32.772744,18.097446,1631.536656
qwen3:0.6b,batch_action_modular,001,1,0.2,0.9,500,0,True,False,False,1,,1439.351596,1399.178537,200.19187965263228,286,277,0.9685314685314685,1366,0.825,32.306855,15.50603,1383.672507
qwen3:0.6b,batch_action_modular,001,2,0.2,0.9,500,0,True,False,False,1,,1618.152079,1576.9232690000001,193.44072360603607,286,300,1.048951048951049,1452,0.825,33.382622,26.060584,1550.862685
qwen3:0.6b,batch_action_modular,001,3,0.2,0.9,500,0,True,False,False,2,,2325.829866,2284.690971,188.9446174318011,286,428,1.4965034965034965,2095,0.825,32.960256,19.476932,2265.214039
qwen3:0.6b,batch_action_modular,001,4,0.2,0.9,500,0,True,False,False,1,,2592.417348,2566.62559,196.00924195493178,286,500,1.7482517482517483,2478,0.1,18.105658,15.725464,2550.900126
qwen3:0.6b,batch_action_modular,001,5,0.2,0.9,500,0,True,False,False,2,,1780.355333,1741.1585029999999,194.17379707282618,286,336,1.1748251748251748,1606,0.825,32.663756,10.749946,1730.408557
qwen3:0.6b,batch_action_modular,001,6,0.2,0.9,500,0,True,False,False,1,,1398.818261,1356.9018310000001,192.2952247739855,286,257,0.8986013986013986,1260,1.0,34.087457,20.415185,1336.486646
qwen3:0.6b,batch_action_modular,001,7,0.2,0.9,500,0,True,False,False,1,,1315.602327,1276.135218,202.25983171808184,286,256,0.8951048951048951,1234,1.0,33.444178,10.436548,1265.69867
qwen3:0.6b,batch_action_modular,001,8,0.2,0.9,500,0,True,False,False,1,,1654.34951,1611.6170399999999,203.0487228025707,286,324,1.132867132867133,1570,0.825,34.546057,15.940911,1595.676129
qwen3:0.6b,batch_action_modular,001,9,0.2,0.9,500,0,True,False,False,2,,2076.131078,2051.545251,200.5621865251429,286,408,1.4265734265734267,1955,0.7374999999999999,19.238182,17.26348,2034.281771
qwen3:0.6b,batch_action_modular,001,10,0.2,0.9,500,0,True,False,False,1,,1303.920161,1263.17479,201.9173905539997,286,252,0.8811188811188811,1269,0.825,32.641116,15.139644,1248.035146
qwen3:0.6b,batch_action_modular,001,1,0.2,0.9,500,40,True,False,False,1,,1609.030454,1569.582016,201.34362454418667,286,313,1.0944055944055944,1503,0.825,32.101546,15.025716,1554.5563
qwen3:0.6b,batch_action_modular,001,2,0.2,0.9,500,40,True,False,False,1,,1329.174521,1289.1161820000002,201.6231776691156,286,257,0.8986013986013986,1280,1.0,32.055778,14.46114,1274.655042
qwen3:0.6b,batch_action_modular,001,3,0.2,0.9,500,40,True,False,False,1,,1206.965422,1166.713537,201.49331209825425,286,232,0.8111888111888111,1100,0.825,32.658384,15.310557,1151.40298
qwen3:0.6b,batch_action_modular,001,4,0.2,0.9,500,40,True,False,False,1,,1332.060003,1294.4022,201.4330518162813,286,259,0.9055944055944056,1241,0.825,32.150386,8.615197,1285.787003
qwen3:0.6b,batch_action_modular,001,5,0.2,0.9,500,40,True,False,False,1,,1159.974989,1119.827045,199.96712287147983,286,221,0.7727272727272727,1082,0.825,32.655215,14.645369,1105.181676
qwen3:0.6b,batch_action_modular,001,6,0.2,0.9,500,40,True,False,False,1,,1280.823155,1239.6466050000001,201.7562472913254,286,247,0.8636363636363636,1221,1.0,33.621103,15.39703,1224.249575
qwen3:0.6b,batch_action_modular,001,7,0.2,0.9,500,40,True,False,False,1,,2128.109505,2090.214963,201.47968366716006,286,418,1.4615384615384615,2060,0.825,31.600025,15.564098,2074.650865
qwen3:0.6b,batch_action_modular,001,8,0.2,0.9,500,40,True,False,False,1,,1384.555717,1343.464961,192.49839157968918,286,255,0.8916083916083916,1307,0.825,32.951186,18.778568,1324.686393
qwen3:0.6b,batch_action_modular,001,9,0.2,0.9,500,40,True,False,False,1,,1274.06848,1233.968425,196.10491993610893,286,239,0.8356643356643356,1155,1.0,32.05651,15.233066,1218.735359
qwen3:0.6b,batch_action_modular,001,10,0.2,0.9,500,40,True,False,False,1,,1964.915716,1922.6112340000002,197.27910879733452,286,376,1.3146853146853146,1866,0.825,34.225319,16.682105,1905.929129
qwen3:0.6b,batch_action_modular,001,1,0.2,0.9,800,0,True,False,False,1,,1394.533627,1358.5577759999999,200.36116627136366,286,269,0.9405594405594405,1319,1.0,27.706596,15.982241,1342.575535
qwen3:0.6b,batch_action_modular,001,2,0.2,0.9,800,0,True,False,False,1,,2684.320298,2644.187845,196.6358896077079,286,517,1.8076923076923077,2489,0.825,32.311331,14.962829,2629.225016
qwen3:0.6b,batch_action_modular,001,3,0.2,0.9,800,0,True,False,False,1,,1292.9342,1252.862347,202.02924411451679,286,250,0.8741258741258742,1279,0.825,32.292141,15.417733,1237.444614
qwen3:0.6b,batch_action_modular,001,4,0.2,0.9,800,0,True,False,False,1,,1338.229031,1296.559637,195.12000908060423,286,250,0.8741258741258742,1242,0.825,33.408626,15.296884,1281.262753
qwen3:0.6b,batch_action_modular,001,5,0.2,0.9,800,0,True,False,False,1,,1299.491362,1257.967497,197.15798137877468,286,245,0.8566433566433567,1227,0.825,33.799149,15.309207,1242.65829
qwen3:0.6b,batch_action_modular,001,6,0.2,0.9,800,0,True,False,False,1,,1270.390982,1230.0552010000001,201.18428697124577,286,244,0.8531468531468531,1246,0.825,32.526344,17.236826,1212.818375
qwen3:0.6b,batch_action_modular,001,7,0.2,0.9,800,0,True,False,False,1,,1269.037912,1228.747798,196.51420892616474,286,239,0.8356643356643356,1153,0.825,32.687941,12.550754,1216.197044
qwen3:0.6b,batch_action_modular,001,8,0.2,0.9,800,0,True,False,False,1,,1486.924025,1446.995242,194.29748037604153,286,279,0.9755244755244755,1364,0.825,32.129656,11.052792,1435.94245
qwen3:0.6b,batch_action_modular,001,9,0.2,0.9,800,0,True,False,False,1,,1882.443287,1840.796564,200.04320034303169,286,365,1.2762237762237763,1704,0.825,33.855892,16.190682,1824.605882
qwen3:0.6b,batch_action_modular,001,10,0.2,0.9,800,0,True,False,False,1,,1263.176823,1221.877393,200.54106343534974,286,242,0.8461538461538461,1103,0.825,32.991304,15.141995,1206.735398
qwen3:0.6b,batch_action_modular,001,1,0.2,0.9,800,40,True,False,False,1,,1346.998417,1307.177474,189.71134116241376,286,245,0.8566433566433567,1222,0.825,32.214644,15.741767,1291.435707
qwen3:0.6b,batch_action_modular,001,2,0.2,0.9,800,40,True,False,False,1,,1420.092157,1379.532878,196.50345246814135,286,268,0.9370629370629371,1312,1.0,32.772997,15.689156,1363.843722
qwen3:0.6b,batch_action_modular,001,3,0.2,0.9,800,40,True,False,False,1,,1536.896906,1497.145951,196.73147222205696,286,291,1.0174825174825175,1441,0.825,31.978991,17.972351,1479.1736
qwen3:0.6b,batch_action_modular,001,4,0.2,0.9,800,40,True,False,False,1,,1269.896967,1228.971844,194.56195622483767,286,236,0.8251748251748252,1136,0.825,33.480762,15.990619,1212.981225
qwen3:0.6b,batch_action_modular,001,5,0.2,0.9,800,40,True,False,False,1,,966.275211,925.4995170000001,199.89747829473913,286,182,0.6363636363636364,843,0.825,33.238749,15.032804,910.466713
qwen3:0.6b,batch_action_modular,001,6,0.2,0.9,800,40,True,False,False,1,,1783.828669,1743.898045,199.24116846874017,286,345,1.2062937062937062,1665,0.825,32.078709,12.328196,1731.569849
qwen3:0.6b,batch_action_modular,001,7,0.2,0.9,800,40,True,False,False,1,,1453.950763,1414.331314,195.8339629264209,286,274,0.958041958041958,1354,0.825,32.128492,15.186876,1399.144438
qwen3:0.6b,batch_action_modular,001,8,0.2,0.9,800,40,True,False,False,1,,2793.376286,2753.359991,194.682394971317,286,534,1.867132867132867,2566,1.0,32.251646,10.430924,2742.929067
qwen3:0.6b,batch_action_modular,001,9,0.2,0.9,800,40,True,False,False,1,,1237.153387,1199.936462,193.59157773073798,286,230,0.8041958041958042,1128,0.825,31.964227,11.868248,1188.068214
qwen3:0.6b,batch_action_modular,001,10,0.2,0.9,800,40,True,False,False,2,,2071.187682,2031.53775,202.4394005320411,286,408,1.4265734265734267,2010,0.825,31.914579,16.119808,2015.417942
qwen3:0.6b,batch_action_modular,001,1,0.2,1.0,500,0,True,False,False,1,,2541.824396,2500.03355,200.73966665415855,286,500,1.7482517482517483,2487,0.825,33.737969,9.245315,2490.788235
qwen3:0.6b,batch_action_modular,001,2,0.2,1.0,500,0,True,False,False,1,,1694.329478,1652.902445,198.60612258872598,286,325,1.1363636363636365,1595,0.825,32.74018,16.497707,1636.404738
qwen3:0.6b,batch_action_modular,001,3,0.2,1.0,500,0,True,False,False,1,,1213.205429,1171.5690029999998,196.4348815282754,286,227,0.7937062937062938,1084,1.0,33.713508,15.969762,1155.599241
qwen3:0.6b,batch_action_modular,001,4,0.2,1.0,500,0,True,False,False,1,,1747.393869,1706.2984339999998,200.52287955674694,286,339,1.1853146853146854,1643,1.0,33.050446,15.718283,1690.580151
qwen3:0.6b,batch_action_modular,001,5,0.2,1.0,500,0,False,False,False,0,,2541.016703,2500.460815,201.68551171784574,286,500,1.7482517482517483,2493,0.0,32.877807,21.353636,2479.107179
qwen3:0.6b,batch_action_modular,001,6,0.2,1.0,500,0,True,False,False,1,,1380.097846,1340.226523,200.798433834787,286,267,0.9335664335664335,1288,1.0,32.37627,10.534877,1329.691646
qwen3:0.6b,batch_action_modular,001,7,0.2,1.0,500,0,True,False,False,1,,1375.426874,1335.470592,199.19084679069093,286,263,0.9195804195804196,1318,1.0,32.273001,15.128798,1320.341794
qwen3:0.6b,batch_action_modular,001,8,0.2,1.0,500,0,True,False,False,1,,1472.985614,1433.833744,197.44406138079208,286,280,0.9790209790209791,1322,0.825,31.491213,15.710565,1418.123179
qwen3:0.6b,batch_action_modular,001,9,0.2,1.0,500,0,True,False,False,1,,1279.09723,1239.371357,201.7603161189128,286,247,0.8636363636363636,1257,0.825,31.98915,15.146471,1224.224886
qwen3:0.6b,batch_action_modular,001,10,0.2,1.0,500,0,True,False,False,1,,1515.378262,1480.151413,201.9659084507792,286,296,1.034965034965035,1435,1.0,27.032998,14.55753,1465.593883
qwen3:0.6b,batch_action_modular,001,1,0.2,1.0,500,40,True,False,False,1,,1393.322858,1352.1782389999998,199.52091009289256,286,268,0.9370629370629371,1311,0.825,33.481518,8.960629,1343.21761
qwen3:0.6b,batch_action_modular,001,2,0.2,1.0,500,40,True,False,False,1,,1282.418963,1244.907831,200.7532861492346,286,247,0.8636363636363636,1266,0.825,29.395691,14.541919,1230.365912
qwen3:0.6b,batch_action_modular,001,3,0.2,1.0,500,40,True,False,False,1,,1229.158865,1198.74076,200.55904729659514,286,236,0.8251748251748252,1136,0.825,22.603076,22.029945,1176.710815
qwen3:0.6b,batch_action_modular,001,4,0.2,1.0,500,40,True,False,False,1,,1289.977709,1249.715565,199.29884624293797,286,246,0.8601398601398601,1212,0.825,32.520324,15.388299,1234.327266
qwen3:0.6b,batch_action_modular,001,5,0.2,1.0,500,40,True,False,False,1,,1399.194577,1366.756419,199.546464022299,286,271,0.9475524475524476,1343,1.0,27.831243,8.676729,1358.07969
qwen3:0.6b,batch_action_modular,001,6,0.2,1.0,500,40,True,False,False,1,,1897.514171,1857.7554850000001,201.3136730790894,286,371,1.2972027972027973,1829,0.825,32.377433,14.860294,1842.895191
qwen3:0.6b,batch_action_modular,001,7,0.2,1.0,500,40,True,False,False,1,,1284.142769,1243.7595700000002,202.9240651614011,286,250,0.8741258741258742,1220,0.825,32.94639,11.771635,1231.987935
qwen3:0.6b,batch_action_modular,001,8,0.2,1.0,500,40,True,False,False,1,,2104.576609,2062.277567,203.15514532701854,286,416,1.4545454545454546,1994,0.825,34.811007,14.581461,2047.696106
qwen3:0.6b,batch_action_modular,001,9,0.2,1.0,500,40,True,False,False,1,,1323.040056,1283.0493060000001,199.8654597002437,286,254,0.8881118881118881,1235,1.0,32.296783,12.1944,1270.854906
qwen3:0.6b,batch_action_modular,001,10,0.2,1.0,500,40,True,False,False,1,,1739.156567,1713.246705,200.76202966891302,286,341,1.1923076923076923,1649,1.0,18.694315,14.71835,1698.528355
qwen3:0.6b,batch_action_modular,001,1,0.2,1.0,800,0,True,False,False,2,,1846.985468,1816.643057,201.72318964572247,286,364,1.2727272727272727,1778,0.825,22.523597,12.19013,1804.452927
qwen3:0.6b,batch_action_modular,001,2,0.2,1.0,800,0,True,False,False,1,,1534.468231,1493.12891,200.97313383838735,286,297,1.0384615384615385,1451,0.825,33.716229,15.319442,1477.809468
qwen3:0.6b,batch_action_modular,001,3,0.2,1.0,800,0,True,False,False,1,,1217.373265,1177.633869,197.02369417184457,286,229,0.8006993006993007,1114,1.0,32.232646,15.337116,1162.296753
qwen3:0.6b,batch_action_modular,001,4,0.2,1.0,800,0,True,False,False,1,,1257.252851,1216.0559640000001,203.2329991952496,286,245,0.8566433566433567,1254,0.825,32.891057,10.543075,1205.512889
qwen3:0.6b,batch_action_modular,001,5,0.2,1.0,800,0,False,False,False,0,,4083.63896,4043.957199,198.40574274629105,286,800,2.797202797202797,4000,0.0,32.029556,11.815846,4032.141353
qwen3:0.6b,batch_action_modular,001,6,0.2,1.0,800,0,True,False,False,1,,1263.031801,1221.692018,200.0160039251537,286,242,0.8461538461538461,1233,0.825,33.584582,11.788834,1209.903184
qwen3:0.6b,batch_action_modular,001,7,0.2,1.0,800,0,True,False,False,1,,1189.98248,1148.259238,191.86436337512558,286,217,0.7587412587412588,1033,0.825,32.584699,17.251915,1131.007323
qwen3:0.6b,batch_action_modular,001,8,0.2,1.0,800,0,True,False,False,1,,1141.560154,1102.0035659999999,200.6472061622814,286,219,0.7657342657342657,1055,0.825,31.972173,10.53559,1091.467976
qwen3:0.6b,batch_action_modular,001,9,0.2,1.0,800,0,True,False,False,1,,1235.027697,1195.351792,202.45866221178875,286,240,0.8391608391608392,1148,0.825,32.110425,9.924617,1185.427175
qwen3:0.6b,batch_action_modular,001,10,0.2,1.0,800,0,True,False,False,1,,1318.594562,1277.0802119999998,202.0890544695122,286,255,0.8916083916083916,1236,1.0,33.992623,15.260265,1261.819947
qwen3:0.6b,batch_action_modular,001,1,0.2,1.0,800,40,True,False,False,1,,1540.663364,1503.443044,200.79638792464604,286,300,1.048951048951049,1409,1.0,28.994936,9.392264,1494.05078
qwen3:0.6b,batch_action_modular,001,2,0.2,1.0,800,40,True,False,False,1,,1540.446655,1500.2352360000002,200.36147044228053,286,297,1.0384615384615385,1445,0.825,32.343395,17.914312,1482.320924
qwen3:0.6b,batch_action_modular,001,3,0.2,1.0,800,40,True,False,False,2,,2364.091125,2323.399082,201.60022402373033,286,464,1.6223776223776223,2253,0.825,33.031463,21.814338,2301.584744
qwen3:0.6b,batch_action_modular,001,4,0.2,1.0,800,40,False,False,False,0,,4107.822368,4066.837391,197.4410229744783,286,800,2.797202797202797,3935,0.0,32.801383,14.994527,4051.842864
qwen3:0.6b,batch_action_modular,001,5,0.2,1.0,800,40,True,False,False,1,,1875.902719,1835.734078,200.20363572939922,286,365,1.2762237762237763,1762,1.0,32.452006,12.590364,1823.143714
qwen3:0.6b,batch_action_modular,001,6,0.2,1.0,800,40,True,False,False,1,,1202.330818,1160.987345,200.68794536287092,286,230,0.8041958041958042,1130,0.825,33.025685,14.929471,1146.057874
qwen3:0.6b,batch_action_modular,001,7,0.2,1.0,800,40,True,False,False,1,,1294.042908,1255.604911,195.7213975141823,286,243,0.8496503496503497,1149,0.825,32.025462,14.044187,1241.560724
qwen3:0.6b,batch_action_modular,001,8,0.2,1.0,800,40,True,False,False,1,,1332.024251,1291.916551,199.3674829559993,286,254,0.8881118881118881,1302,0.825,32.534508,17.887325,1274.029226
qwen3:0.6b,batch_action_modular,001,9,0.2,1.0,800,40,True,False,False,1,,1575.578608,1535.52332,200.60180950632625,286,305,1.0664335664335665,1468,0.825,32.422233,15.098351,1520.424969
qwen3:0.6b,batch_action_modular,001,10,0.2,1.0,800,40,True,False,False,1,,1300.487554,1257.996855,197.8634570391297,286,246,0.8601398601398601,1244,0.825,34.787631,14.715232,1243.281623
qwen3:0.6b,batch_action_modular,001,1,0.7,0.9,500,0,True,False,False,1,,1524.68592,1484.289544,201.99025663259306,286,298,1.0419580419580419,1451,0.825,32.417113,8.970858,1475.318686
qwen3:0.6b,batch_action_modular,001,2,0.7,0.9,500,0,False,False,False,0,,2573.277784,2532.448547,198.75129079622062,286,500,1.7482517482517483,2456,0.0,33.766146,16.741615,2515.706932
qwen3:0.6b,batch_action_modular,001,3,0.7,0.9,500,0,True,False,False,1,,2070.243033,2030.008549,201.93513106402958,286,407,1.4230769230769231,1955,0.825,32.228992,14.50982,2015.498729
qwen3:0.6b,batch_action_modular,001,4,0.7,0.9,500,0,True,False,False,1,,1113.082063,1071.46857,198.8631103933074,286,210,0.7342657342657343,874,1.0,33.664589,15.465777,1056.002793
qwen3:0.6b,batch_action_modular,001,5,0.7,0.9,500,0,True,False,False,1,,1678.898939,1638.284127,200.1973324778505,286,325,1.1363636363636365,1537,0.825,32.779154,14.885873,1623.398254
qwen3:0.6b,batch_action_modular,001,6,0.7,0.9,500,0,True,False,False,1,,2067.550246,2027.633661,199.91512119863899,286,403,1.4090909090909092,1946,0.825,32.181879,11.778144,2015.855517
qwen3:0.6b,batch_action_modular,001,7,0.7,0.9,500,0,True,False,False,1,,1575.563101,1535.76822,197.19538391951548,286,300,1.048951048951049,1439,0.825,32.319919,14.434434,1521.333786
qwen3:0.6b,batch_action_modular,001,8,0.7,0.9,500,0,False,False,False,0,,2557.877079,2516.663974,199.61801679191308,286,500,1.7482517482517483,2424,0.0,33.679422,11.880047,2504.783927
qwen3:0.6b,batch_action_modular,001,9,0.7,0.9,500,0,True,False,False,2,,1805.705166,1765.455062,200.45833719408384,286,351,1.2272727272727273,1690,0.825,32.514356,14.467775,1750.987287
qwen3:0.6b,batch_action_modular,001,10,0.7,0.9,500,0,True,False,False,1,,1635.518895,1595.2135170000001,199.94320246349665,286,316,1.1048951048951048,1520,1.0,32.907473,14.764689,1580.448828
qwen3:0.6b,batch_action_modular,001,1,0.7,0.9,500,40,True,False,False,1,,1268.873228,1228.282531,201.34456437258112,286,245,0.8566433566433567,1198,0.825,32.211196,11.462992,1216.819539
qwen3:0.6b,batch_action_modular,001,2,0.7,0.9,500,40,True,False,False,1,,1542.642166,1502.5318940000002,203.06175997221962,286,302,1.055944055944056,1452,0.825,32.100104,15.299635,1487.232259
qwen3:0.6b,batch_action_modular,001,3,0.7,0.9,500,40,True,False,False,2,,1810.238846,1770.853992,200.49327303005268,286,352,1.2307692307692308,1679,0.825,31.853966,15.184115,1755.669877
qwen3:0.6b,batch_action_modular,001,4,0.7,0.9,500,40,True,False,False,2,,2527.58529,2487.4116089999998,202.1835537513231,286,500,1.7482517482517483,2388,0.1,32.59863,14.411255,2473.000354
qwen3:0.6b,batch_action_modular,001,5,0.7,0.9,500,40,True,False,False,1,,1220.126598,1179.8272510000002,201.70927270350177,286,235,0.8216783216783217,1123,0.825,32.607294,14.784133,1165.043118
qwen3:0.6b,batch_action_modular,001,6,0.7,0.9,500,40,True,False,False,1,,2555.451998,2515.9213640000003,199.49590202440567,286,500,1.7482517482517483,2427,0.1,32.190151,9.604217,2506.317147
qwen3:0.6b,batch_action_modular,001,7,0.7,0.9,500,40,True,False,False,2,,1596.201131,1556.1081,199.11808478923462,286,306,1.06993006993007,1326,0.825,32.25374,19.331567,1536.776533
qwen3:0.6b,batch_action_modular,001,8,0.7,0.9,500,40,True,False,False,1,,1696.339175,1673.683209,200.59317431600118,286,334,1.167832167832168,1631,0.825,18.273255,8.621568,1665.061641
qwen3:0.6b,batch_action_modular,001,9,0.7,0.9,500,40,True,False,False,1,,1279.184796,1238.874295,201.49974705433684,286,246,0.8601398601398601,1178,1.0,32.893573,18.02909,1220.845205
qwen3:0.6b,batch_action_modular,001,10,0.7,0.9,500,40,True,False,False,1,,1748.757699,1708.817442,202.49820207056,286,344,1.2027972027972027,1597,0.825,32.162422,10.036927,1698.780515
qwen3:0.6b,batch_action_modular,001,1,0.7,0.9,800,0,True,False,False,1,,2274.791998,2235.289236,199.53767732739408,286,443,1.548951048951049,2077,0.825,31.884442,15.157149,2220.132087
qwen3:0.6b,batch_action_modular,001,2,0.7,0.9,800,0,True,False,False,2,,2156.808339,2118.2219999999998,201.45339969671232,286,423,1.479020979020979,2053,0.6499999999999999,32.829628,18.480816,2099.741184
qwen3:0.6b,batch_action_modular,001,3,0.7,0.9,800,0,True,False,False,2,,2177.93694,2138.1565720000003,201.59318225272045,286,428,1.4965034965034965,1965,0.825,31.993418,15.0689,2123.087672
qwen3:0.6b,batch_action_modular,001,4,0.7,0.9,800,0,True,False,False,1,,1087.961113,1048.327045,199.88860275763497,286,207,0.7237762237762237,996,0.825,32.282155,12.750243,1035.576802
qwen3:0.6b,batch_action_modular,001,5,0.7,0.9,800,0,True,False,False,1,,1383.563445,1345.042504,202.60742595221797,286,270,0.9440559440559441,1307,0.825,32.852127,12.416127,1332.626377
qwen3:0.6b,batch_action_modular,001,6,0.7,0.9,800,0,True,False,False,1,,2772.989886,2732.5756380000003,197.51203617252233,286,536,1.8741258741258742,2575,0.825,32.432137,18.816971,2713.758667
qwen3:0.6b,batch_action_modular,001,7,0.7,0.9,800,0,True,False,False,1,,4084.920406,4044.1059990000003,198.64097413716465,286,800,2.797202797202797,3831,0.1,32.455351,16.739523,4027.366476
qwen3:0.6b,batch_action_modular,001,8,0.7,0.9,800,0,True,False,False,1,,1242.682992,1201.811932,200.63226171927562,286,238,0.8321678321678322,1121,0.825,32.976467,15.562034,1186.249898
qwen3:0.6b,batch_action_modular,001,9,0.7,0.9,800,0,True,False,False,2,,1709.950282,1669.755598,201.22692248376615,286,333,1.1643356643356644,1621,0.825,32.528867,14.90745,1654.848148
qwen3:0.6b,batch_action_modular,001,10,0.7,0.9,800,0,True,False,False,1,,1380.480636,1339.626819,199.85671721394237,286,265,0.9265734265734266,1274,1.0,32.680013,13.67689,1325.949929
qwen3:0.6b,batch_action_modular,001,1,0.7,0.9,800,40,True,False,False,1,,1691.259716,1651.632041,201.690260583835,286,330,1.1538461538461537,1604,0.825,32.084711,15.459828,1636.172213
qwen3:0.6b,batch_action_modular,001,2,0.7,0.9,800,40,True,False,False,1,,1183.247616,1142.671801,198.64005537751314,286,224,0.7832167832167832,1091,0.825,32.750825,15.003972,1127.667829
qwen3:0.6b,batch_action_modular,001,3,0.7,0.9,800,40,True,False,False,1,,1381.073798,1341.488317,201.31837522725365,286,267,0.9335664335664335,1281,1.0,31.978206,15.230842,1326.257475
qwen3:0.6b,batch_action_modular,001,4,0.7,0.9,800,40,True,False,False,1,,1685.399404,1645.555953,200.40887467491387,286,328,1.1468531468531469,1587,0.825,32.158908,8.901885,1636.654068
qwen3:0.6b,batch_action_modular,001,5,0.7,0.9,800,40,True,False,False,1,,3126.513881,3099.473029,197.86062415180595,286,610,2.132867132867133,2895,0.825,18.620662,16.494783,3082.978246
qwen3:0.6b,batch_action_modular,001,6,0.7,0.9,800,40,True,False,False,1,,1655.627879,1615.3230560000002,201.8866116346473,286,323,1.1293706293706294,1589,0.825,32.876409,15.415081,1599.907975
qwen3:0.6b,batch_action_modular,001,7,0.7,0.9,800,40,True,False,False,1,,2654.572148,2613.975962,198.51997105888145,286,516,1.8041958041958042,2513,0.825,33.195674,14.741249,2599.234713
qwen3:0.6b,batch_action_modular,001,8,0.7,0.9,800,40,True,False,False,1,,1813.034913,1772.9234900000001,199.80569599925047,286,352,1.2307692307692308,1758,1.0,32.342852,11.211952,1761.711538
qwen3:0.6b,batch_action_modular,001,9,0.7,0.9,800,40,True,False,False,2,,2221.397204,2194.353552,198.40934922302563,286,433,1.513986013986014,1990,0.7374999999999999,19.518054,11.996714,2182.356838
qwen3:0.6b,batch_action_modular,001,10,0.7,0.9,800,40,True,False,False,2,,2884.838343,2856.5521799999997,201.7039829489292,286,574,2.006993006993007,2768,0.825,20.632982,10.797765,2845.754415
qwen3:0.6b,batch_action_modular,001,1,0.7,1.0,500,0,True,False,False,1,,1747.813921,1706.881154,201.5968610330602,286,341,1.1923076923076923,1625,0.825,33.458698,15.386563,1691.494591
qwen3:0.6b,batch_action_modular,001,2,0.7,1.0,500,0,True,False,False,2,,2565.76386,2526.082342,199.12905380495866,286,500,1.7482517482517483,2325,0.46249999999999997,32.244097,15.147898,2510.934444
qwen3:0.6b,batch_action_modular,001,3,0.7,1.0,500,0,True,False,False,1,,1273.300531,1232.764602,200.38168160696472,286,244,0.8531468531468531,1157,0.825,32.925402,15.088425,1217.676177
qwen3:0.6b,batch_action_modular,001,4,0.7,1.0,500,0,True,False,False,3,,2054.830975,2015.3150030000002,194.45902281687594,286,389,1.3601398601398602,1890,0.9416666666666668,31.945679,14.893555,2000.421448
qwen3:0.6b,batch_action_modular,001,5,0.7,1.0,500,0,True,False,False,1,,1584.342478,1543.846464,195.06291162479988,286,298,1.0419580419580419,1446,0.825,32.683352,16.134212,1527.712252
qwen3:0.6b,batch_action_modular,001,6,0.7,1.0,500,0,True,False,False,1,,1917.882601,1877.786539,199.2586405576992,286,371,1.2972027972027973,1782,0.825,32.655117,15.884847,1861.901692
qwen3:0.6b,batch_action_modular,001,7,0.7,1.0,500,0,True,False,False,1,,2438.745305,2397.841722,195.63196040227092,286,466,1.6293706293706294,2251,0.825,32.978147,15.817849,2382.023873
qwen3:0.6b,batch_action_modular,001,8,0.7,1.0,500,0,True,False,False,1,,1024.099137,982.805025,198.82386323605644,286,192,0.6713286713286714,896,1.0,33.31759,17.126173,965.678852
qwen3:0.6b,batch_action_modular,001,9,0.7,1.0,500,0,True,False,False,1,,1483.680328,1443.602896,202.61402823893613,286,290,1.013986013986014,1400,0.825,32.321569,12.310095,1431.292801
qwen3:0.6b,batch_action_modular,001,10,0.7,1.0,500,0,True,False,False,1,,1825.779071,1785.878056,193.6879706015587,286,343,1.1993006993006994,1698,0.825,32.150623,14.988522,1770.889534
qwen3:0.6b,batch_action_modular,001,1,0.7,1.0,500,40,True,False,False,2,,1997.166088,1957.732333,195.8753550209238,286,380,1.3286713286713288,1755,0.825,32.067823,17.723086,1940.009247
qwen3:0.6b,batch_action_modular,001,2,0.7,1.0,500,40,True,False,False,1,,1235.716451,1195.093719,195.44408219724124,286,230,0.8041958041958042,1120,0.825,32.580605,18.286535,1176.807184
qwen3:0.6b,batch_action_modular,001,3,0.7,1.0,500,40,True,False,False,1,,2602.800487,2562.2151280000003,196.4794558815522,286,500,1.7482517482517483,2421,0.1,32.495112,17.419807,2544.795321
qwen3:0.6b,batch_action_modular,001,4,0.7,1.0,500,40,True,False,False,1,,1739.907358,1699.8276290000001,189.00758467466687,286,318,1.1118881118881119,1510,0.825,32.124358,17.355465,1682.472164
qwen3:0.6b,batch_action_modular,001,5,0.7,1.0,500,40,True,False,False,1,,1819.412242,1778.027535,200.98512068952942,286,352,1.2307692307692308,1767,0.825,32.653142,26.654106,1751.373429
qwen3:0.6b,batch_action_modular,001,6,0.7,1.0,500,40,True,False,False,1,,2615.1741,2574.469427,195.4187489447949,286,500,1.7482517482517483,2421,0.1,32.681113,15.861296,2558.608131
qwen3:0.6b,batch_action_modular,001,7,0.7,1.0,500,40,True,False,False,1,,1342.183979,1314.737952,195.435856663743,286,253,0.8846153846153846,1189,0.825,19.603312,20.195567,1294.542385
qwen3:0.6b,batch_action_modular,001,8,0.7,1.0,500,40,True,False,False,1,,1868.267692,1828.395183,197.46497498790313,286,358,1.2517482517482517,1759,1.0,32.400037,15.415438,1812.979745
qwen3:0.6b,batch_action_modular,001,9,0.7,1.0,500,40,True,False,False,1,,1444.760544,1405.233292,202.41569051171672,286,281,0.9825174825174825,1427,0.825,32.027368,17.00099,1388.232302
qwen3:0.6b,batch_action_modular,001,10,0.7,1.0,500,40,True,False,False,2,,2065.895344,2026.061269,197.08709513004325,286,397,1.3881118881118881,1877,0.825,32.358487,11.723396,2014.337873
qwen3:0.6b,batch_action_modular,001,1,0.7,1.0,800,0,True,False,False,1,,1407.642629,1367.716899,200.51687721989276,286,272,0.951048951048951,1298,0.825,32.191971,11.222604,1356.494295
qwen3:0.6b,batch_action_modular,001,2,0.7,1.0,800,0,True,False,False,1,,4204.002365,4163.6669010000005,192.876315563691,286,800,2.797202797202797,3963,0.1,32.747984,15.931096,4147.735805
qwen3:0.6b,batch_action_modular,001,3,0.7,1.0,800,0,True,False,False,4,,4093.102584,4053.834491,198.10397469183292,286,800,2.797202797202797,3738,0.1,31.71518,15.551053,4038.283438
qwen3:0.6b,batch_action_modular,001,4,0.7,1.0,800,0,True,False,False,1,,2028.515608,1999.860842,199.56844362225763,286,396,1.3846153846153846,1908,1.0,20.746127,15.579195,1984.281647
qwen3:0.6b,batch_action_modular,001,5,0.7,1.0,800,0,True,False,False,1,,1407.79341,1368.002058,202.5124334023635,286,274,0.958041958041958,1310,0.825,32.045152,14.998712,1353.003346
qwen3:0.6b,batch_action_modular,001,6,0.7,1.0,800,0,True,False,False,1,,2418.172907,2378.1594130000003,195.5707120580916,286,462,1.6153846153846154,2182,0.825,32.585308,15.842504,2362.316909
qwen3:0.6b,batch_action_modular,001,7,0.7,1.0,800,0,True,False,False,1,,1509.972974,1470.131038,200.8377276119757,286,293,1.0244755244755244,1404,0.825,31.97648,11.241797,1458.889241
qwen3:0.6b,batch_action_modular,001,8,0.7,1.0,800,0,True,False,False,1,,1538.303615,1498.440599,200.3629351269719,286,297,1.0384615384615385,1458,0.825,32.336444,16.130511,1482.310088
qwen3:0.6b,batch_action_modular,001,9,0.7,1.0,800,0,True,False,False,1,,1117.818038,1077.151999,200.54011988314733,286,213,0.7447552447552448,1003,1.0,32.681617,15.020391,1062.131608
qwen3:0.6b,batch_action_modular,001,10,0.7,1.0,800,0,True,False,False,1,,1624.390665,1583.581854,197.05396378215616,286,309,1.0804195804195804,1432,1.0,32.69256,15.483481,1568.098373
qwen3:0.6b,batch_action_modular,001,1,0.7,1.0,800,40,True,False,False,1,,2437.90942,2395.8626950000003,197.82432447499772,286,472,1.6503496503496504,2271,0.825,33.903083,9.907372,2385.955323
qwen3:0.6b,batch_action_modular,001,2,0.7,1.0,800,40,True,False,False,1,,1641.749077,1599.6176090000001,198.34888594294267,286,315,1.1013986013986015,1543,0.825,33.4534,11.506849,1588.11076
qwen3:0.6b,batch_action_modular,001,3,0.7,1.0,800,40,True,False,False,1,,2562.633896,2521.798871,200.17871620153485,286,501,1.7517482517482517,2393,0.825,32.761285,19.035293,2502.763578
qwen3:0.6b,batch_action_modular,001,4,0.7,1.0,800,40,True,False,False,1,,1590.845762,1550.4508250000001,201.83064589198617,286,309,1.0804195804195804,1471,0.825,33.509153,19.464296,1530.986529
qwen3:0.6b,batch_action_modular,001,5,0.7,1.0,800,40,True,False,False,1,,1471.268521,1429.666414,199.91448069687414,286,282,0.986013986013986,1368,0.825,32.40224,19.063245,1410.603169
qwen3:0.6b,batch_action_modular,001,6,0.7,1.0,800,40,True,False,False,1,,1612.676966,1576.7915930000001,196.21769472115363,286,305,1.0664335664335665,1492,0.825,27.951971,22.395592,1554.396001
qwen3:0.6b,batch_action_modular,001,7,0.7,1.0,800,40,True,False,False,1,,1903.102021,1868.258937,199.10407805242454,286,369,1.2902097902097902,1788,0.825,27.05109,14.956867,1853.30207
qwen3:0.6b,batch_action_modular,001,8,0.7,1.0,800,40,True,False,False,1,,1288.635513,1248.513408,197.74593525409395,286,244,0.8531468531468531,1205,0.825,31.786028,14.606882,1233.906526
qwen3:0.6b,batch_action_modular,001,9,0.7,1.0,800,40,True,False,False,1,,1295.854909,1252.634133,198.71311384189315,286,246,0.8601398601398601,1201,0.825,35.229886,14.668529,1237.965604
qwen3:0.6b,batch_action_modular,001,10,0.7,1.0,800,40,True,False,False,1,,2237.219083,2195.395329,196.54374201866804,286,428,1.4965034965034965,2140,0.825,33.445948,17.763034,2177.632295
llama3.2:1b,standard_modular,001,1,0.2,0.9,500,0,True,False,False,1,,449.702271,411.792192,124.77057291028733,298,51,0.17114093959731544,181,1.0,36.199953,3.041965,408.750227
llama3.2:1b,standard_modular,001,2,0.2,0.9,500,0,True,False,False,1,,426.611079,389.56645399999996,121.93552735265791,298,47,0.15771812080536912,168,0.825,35.152292,4.116856,385.449598
llama3.2:1b,standard_modular,001,3,0.2,0.9,500,0,True,False,False,1,,471.221657,431.904226,119.80563635623533,298,51,0.17114093959731544,181,1.0,37.281345,6.214738,425.689488
llama3.2:1b,standard_modular,001,4,0.2,0.9,500,0,True,False,False,1,,451.533747,413.854647,124.5202472925233,298,51,0.17114093959731544,181,1.0,36.039167,4.282701,409.571946
llama3.2:1b,standard_modular,001,5,0.2,0.9,500,0,True,False,False,1,,466.040463,430.85115,119.93523271672858,298,51,0.17114093959731544,181,1.0,33.227749,5.621642,425.229508
llama3.2:1b,standard_modular,001,6,0.2,0.9,500,0,True,False,False,1,,434.67883,397.34233,119.58744032755295,298,47,0.15771812080536912,168,0.825,35.584013,4.324469,393.017861
llama3.2:1b,standard_modular,001,7,0.2,0.9,500,0,True,False,False,1,,460.187575,421.270675,122.80182712841504,298,51,0.17114093959731544,181,1.0,36.988859,5.967408,415.303267
llama3.2:1b,standard_modular,001,8,0.2,0.9,500,0,True,False,False,1,,432.561264,395.066103,122.72726523114716,298,48,0.1610738255033557,173,0.825,35.450779,3.954968,391.111135
llama3.2:1b,standard_modular,001,9,0.2,0.9,500,0,True,False,False,1,,460.5366,423.618315,121.34445978278072,298,51,0.17114093959731544,181,1.0,35.067321,3.327186,420.291129
llama3.2:1b,standard_modular,001,10,0.2,0.9,500,0,True,False,False,1,,468.42986,429.862985,122.36316027017325,298,51,0.17114093959731544,181,1.0,35.695022,13.070873,416.792112
llama3.2:1b,standard_modular,001,1,0.2,0.9,500,40,True,False,False,1,,436.926089,399.870063,118.73912139643977,298,47,0.15771812080536912,168,0.825,34.91925,4.044328,395.825735
llama3.2:1b,standard_modular,001,2,0.2,0.9,500,40,True,False,False,1,,461.94492,421.861718,122.10823575372912,298,51,0.17114093959731544,181,1.0,37.776623,4.199472,417.662246
llama3.2:1b,standard_modular,001,3,0.2,0.9,500,40,True,False,False,1,,494.457165,456.486603,122.94723633736598,298,55,0.18456375838926176,202,0.475,36.104149,9.140232,447.346371
llama3.2:1b,standard_modular,001,4,0.2,0.9,500,40,True,False,False,1,,458.83357,420.72231,122.38507841960684,298,51,0.17114093959731544,181,1.0,35.94619,4.004842,416.717468
llama3.2:1b,standard_modular,001,5,0.2,0.9,500,40,True,False,False,1,,458.802222,419.85037700000004,122.95469238923833,298,51,0.17114093959731544,181,1.0,36.980663,5.063442,414.786935
llama3.2:1b,standard_modular,001,6,0.2,0.9,500,40,True,False,False,1,,429.231974,390.930316,121.5583620628332,298,47,0.15771812080536912,168,0.825,35.994329,4.284764,386.645552
llama3.2:1b,standard_modular,001,7,0.2,0.9,500,40,True,False,False,1,,458.84243,420.084685,122.43451879643901,298,51,0.17114093959731544,181,1.0,36.889228,3.535492,416.549193
llama3.2:1b,standard_modular,001,8,0.2,0.9,500,40,True,False,False,1,,459.393903,422.00868499999996,122.10494414770216,298,51,0.17114093959731544,181,1.0,35.279621,4.33518,417.673505
llama3.2:1b,standard_modular,001,9,0.2,0.9,500,40,True,False,False,1,,423.124248,383.717543,124.46932503272299,298,47,0.15771812080536912,168,0.825,37.141905,6.114467,377.603076
llama3.2:1b,standard_modular,001,10,0.2,0.9,500,40,True,False,False,1,,457.213374,419.627065,122.79772720091468,298,51,0.17114093959731544,181,1.0,35.610398,4.309932,415.317133
llama3.2:1b,standard_modular,001,1,0.2,0.9,800,0,True,False,False,1,,459.94151,419.754936,122.69769946504886,298,51,0.17114093959731544,181,1.0,37.97705,4.099221,415.655715
llama3.2:1b,standard_modular,001,2,0.2,0.9,800,0,True,False,False,1,,457.984981,420.562543,122.45382482360887,298,51,0.17114093959731544,181,1.0,35.596462,4.079023,416.48352
llama3.2:1b,standard_modular,001,3,0.2,0.9,800,0,True,False,False,1,,463.952166,424.22650699999997,121.86436041247913,298,51,0.17114093959731544,181,1.0,37.684084,5.728434,418.498073
llama3.2:1b,standard_modular,001,4,0.2,0.9,800,0,True,False,False,1,,458.082257,420.125366,122.30514287082458,298,51,0.17114093959731544,181,1.0,36.093553,3.135542,416.989824
llama3.2:1b,standard_modular,001,5,0.2,0.9,800,0,True,False,False,1,,464.522499,426.98690799999997,120.69110938195725,298,51,0.17114093959731544,181,1.0,35.46468,4.420571,422.566337
llama3.2:1b,standard_modular,001,6,0.2,0.9,800,0,True,False,False,1,,465.437502,427.920897,121.62069970191385,298,51,0.17114093959731544,181,1.0,35.5911,8.584385,419.336512
llama3.2:1b,standard_modular,001,7,0.2,0.9,800,0,True,False,False,1,,440.80133,419.329522,122.91153242902934,298,51,0.17114093959731544,181,1.0,19.844759,4.396936,414.932586
llama3.2:1b,standard_modular,001,8,0.2,0.9,800,0,True,False,False,1,,462.019606,422.653772,121.91029007085818,298,51,0.17114093959731544,181,1.0,37.633285,4.313368,418.340404
llama3.2:1b,standard_modular,001,9,0.2,0.9,800,0,True,False,False,1,,415.498596,382.24757900000003,124.21784909848658,298,47,0.15771812080536912,168,0.825,31.081088,3.880055,378.367524
llama3.2:1b,standard_modular,001,10,0.2,0.9,800,0,True,False,False,1,,455.894774,423.095694,121.72739740802416,298,51,0.17114093959731544,181,1.0,30.98715,4.126743,418.968951
llama3.2:1b,standard_modular,001,1,0.2,0.9,800,40,True,False,False,1,,457.927957,420.173763,122.97592715843585,298,51,0.17114093959731544,181,1.0,35.961352,5.458451,414.715312
llama3.2:1b,standard_modular,001,2,0.2,0.9,800,40,True,False,False,1,,458.695632,420.942098,122.73899489200734,298,51,0.17114093959731544,181,1.0,36.019713,5.42623,415.515868
llama3.2:1b,standard_modular,001,3,0.2,0.9,800,40,True,False,False,1,,464.045453,426.74453900000003,120.62530283750966,298,51,0.17114093959731544,181,1.0,35.569999,3.947673,422.796866
llama3.2:1b,standard_modular,001,4,0.2,0.9,800,40,True,False,False,1,,444.374939,422.45620399999996,121.84084778639334,298,51,0.17114093959731544,181,1.0,19.890706,3.87737,418.578834
llama3.2:1b,standard_modular,001,5,0.2,0.9,800,40,True,False,False,1,,455.470116,419.779471,123.02249480790796,298,51,0.17114093959731544,181,1.0,33.731146,5.221141,414.55833
llama3.2:1b,standard_modular,001,6,0.2,0.9,800,40,True,False,False,1,,462.381258,423.741235,122.0804411629041,298,51,0.17114093959731544,181,1.0,36.601064,5.983898,417.757337
llama3.2:1b,standard_modular,001,7,0.2,0.9,800,40,True,False,False,1,,451.638185,412.556453,124.86992379612128,298,51,0.17114093959731544,181,1.0,37.338663,4.131442,408.425011
llama3.2:1b,standard_modular,001,8,0.2,0.9,800,40,True,False,False,1,,444.945516,419.421329,122.81858420689217,298,51,0.17114093959731544,181,1.0,23.25425,4.174725,415.246604
llama3.2:1b,standard_modular,001,9,0.2,0.9,800,40,True,False,False,1,,424.79714,388.05039,122.4556273957271,298,47,0.15771812080536912,168,0.825,35.023999,4.237894,383.812496
llama3.2:1b,standard_modular,001,10,0.2,0.9,800,40,True,False,False,1,,459.554799,421.893213,122.15388162305891,298,51,0.17114093959731544,181,1.0,35.490524,4.387037,417.506176
llama3.2:1b,standard_modular,001,1,0.2,1.0,500,0,True,False,False,1,,458.027608,420.48004799999995,123.03569472493434,298,51,0.17114093959731544,181,1.0,35.429349,5.966194,414.513854
llama3.2:1b,standard_modular,001,2,0.2,1.0,500,0,True,False,False,1,,453.413866,420.416004,122.57178121353317,298,51,0.17114093959731544,181,1.0,31.177227,4.333285,416.082719
llama3.2:1b,standard_modular,001,3,0.2,1.0,500,0,True,False,False,1,,457.454421,419.835347,122.59117682118911,298,51,0.17114093959731544,181,1.0,35.643885,3.818458,416.016889
llama3.2:1b,standard_modular,001,4,0.2,1.0,500,0,True,False,False,1,,460.249278,419.186509,122.83301546637705,298,51,0.17114093959731544,181,1.0,39.291457,3.988691,415.197818
llama3.2:1b,standard_modular,001,5,0.2,1.0,500,0,True,False,False,1,,506.106966,469.425703,124.45150493593874,298,58,0.19463087248322147,218,0.3,34.795182,3.380716,466.044987
llama3.2:1b,standard_modular,001,6,0.2,1.0,500,0,True,False,False,1,,454.9961,416.46472600000004,124.14594376120101,298,51,0.17114093959731544,181,1.0,36.57941,5.657909,410.806817
llama3.2:1b,standard_modular,001,7,0.2,1.0,500,0,True,False,False,1,,467.193178,429.741765,119.83559909241875,298,51,0.17114093959731544,181,1.0,35.18966,4.158713,425.583052
llama3.2:1b,standard_modular,001,8,0.2,1.0,500,0,True,False,False,1,,460.275171,420.880469,122.34848228411009,298,51,0.17114093959731544,181,1.0,37.285749,4.038355,416.842114
llama3.2:1b,standard_modular,001,9,0.2,1.0,500,0,True,False,False,1,,474.948619,437.55296200000004,117.67604866422386,298,51,0.17114093959731544,181,1.0,35.608044,4.159756,433.393206
llama3.2:1b,standard_modular,001,10,0.2,1.0,500,0,True,False,False,1,,447.828352,422.327802,122.31575644161362,298,51,0.17114093959731544,181,1.0,23.866039,5.374161,416.953641
llama3.2:1b,standard_modular,001,1,0.2,1.0,500,40,True,False,False,1,,424.358633,386.821517,122.74860226754224,298,47,0.15771812080536912,168,0.825,35.87429,3.9251,382.896417
llama3.2:1b,standard_modular,001,2,0.2,1.0,500,40,True,False,False,1,,449.433082,412.274675,124.74554629720474,298,51,0.17114093959731544,181,1.0,35.438603,3.442444,408.832231
llama3.2:1b,standard_modular,001,3,0.2,1.0,500,40,True,False,False,1,,429.761788,390.029967,121.91903718865782,298,47,0.15771812080536912,168,0.825,37.771029,4.528235,385.501732
llama3.2:1b,standard_modular,001,4,0.2,1.0,500,40,True,False,False,1,,456.162322,418.379049,122.97425949096528,298,51,0.17114093959731544,181,1.0,35.751777,3.658113,414.720936
llama3.2:1b,standard_modular,001,5,0.2,1.0,500,40,True,False,False,1,,461.264272,423.259329,122.75041246003912,298,51,0.17114093959731544,181,1.0,36.074819,7.78211,415.477219
llama3.2:1b,standard_modular,001,6,0.2,1.0,500,40,True,False,False,1,,458.979713,420.779337,122.88062011863964,298,51,0.17114093959731544,181,1.0,36.24268,5.742369,415.036968
llama3.2:1b,standard_modular,001,7,0.2,1.0,500,40,True,False,False,1,,454.996931,418.061167,123.18655175023198,298,51,0.17114093959731544,181,1.0,35.067468,4.054936,414.006231
llama3.2:1b,standard_modular,001,8,0.2,1.0,500,40,True,False,False,1,,453.755036,420.69979900000004,122.80617631943961,298,51,0.17114093959731544,181,1.0,31.094175,5.41124,415.288559
llama3.2:1b,standard_modular,001,9,0.2,1.0,500,40,True,False,False,1,,452.453141,415.587012,123.61917322905511,298,51,0.17114093959731544,181,1.0,35.119232,3.02965,412.557362
llama3.2:1b,standard_modular,001,10,0.2,1.0,500,40,True,False,False,1,,467.00699,426.182118,120.57266540650579,298,51,0.17114093959731544,181,1.0,39.12158,3.200675,422.981443
llama3.2:1b,standard_modular,001,1,0.2,1.0,800,0,True,False,False,1,,458.741609,420.22302499999995,122.51969007332715,298,51,0.17114093959731544,181,1.0,36.677571,3.963402,416.259623
llama3.2:1b,standard_modular,001,2,0.2,1.0,800,0,True,False,False,1,,450.499974,412.366209,124.72948315071233,298,51,0.17114093959731544,181,1.0,36.232606,3.481327,408.884882
llama3.2:1b,standard_modular,001,3,0.2,1.0,800,0,True,False,False,1,,452.926864,415.202779,123.85659808274309,298,51,0.17114093959731544,181,1.0,35.770227,3.436262,411.766517
llama3.2:1b,standard_modular,001,4,0.2,1.0,800,0,True,False,False,1,,422.809889,384.15469700000006,123.48868763747707,298,47,0.15771812080536912,168,0.825,36.63656,3.553033,380.601664
llama3.2:1b,standard_modular,001,5,0.2,1.0,800,0,True,False,False,1,,470.150936,431.710871,119.12765453408109,298,51,0.17114093959731544,181,1.0,36.370166,3.59869,428.112181
llama3.2:1b,standard_modular,001,6,0.2,1.0,800,0,True,False,False,1,,460.320003,422.058337,122.15008815092841,298,51,0.17114093959731544,181,1.0,36.175387,4.539195,417.519142
llama3.2:1b,standard_modular,001,7,0.2,1.0,800,0,True,False,False,1,,429.379209,390.450328,121.63084500260523,298,47,0.15771812080536912,168,0.825,37.123615,4.035188,386.41514
llama3.2:1b,standard_modular,001,8,0.2,1.0,800,0,True,False,False,1,,459.934963,423.419252,121.64128757550952,298,51,0.17114093959731544,181,1.0,34.713591,4.153713,419.265539
llama3.2:1b,standard_modular,001,9,0.2,1.0,800,0,True,False,False,1,,452.86274,416.973508,123.47153049012148,298,51,0.17114093959731544,181,1.0,33.987413,3.922825,413.050683
llama3.2:1b,standard_modular,001,10,0.2,1.0,800,0,True,False,False,1,,474.278188,437.008306,117.8709252122269,298,51,0.17114093959731544,181,1.0,35.350199,4.331631,432.676675
llama3.2:1b,standard_modular,001,1,0.2,1.0,800,40,True,False,False,1,,460.53733,421.143987,122.80512595626938,298,51,0.17114093959731544,181,1.0,37.453281,5.851876,415.292111
llama3.2:1b,standard_modular,001,2,0.2,1.0,800,40,True,False,False,1,,452.628733,415.31192100000004,123.96976898493642,298,51,0.17114093959731544,181,1.0,35.110745,3.921302,411.390619
llama3.2:1b,standard_modular,001,3,0.2,1.0,800,40,True,False,False,1,,457.632675,426.166027,121.3266151852463,298,51,0.17114093959731544,181,1.0,29.461022,5.813082,420.352945
llama3.2:1b,standard_modular,001,4,0.2,1.0,800,40,True,False,False,1,,460.017618,422.45880700000004,121.77791922482079,298,51,0.17114093959731544,181,1.0,35.76188,3.663673,418.795134
llama3.2:1b,standard_modular,001,5,0.2,1.0,800,40,True,False,False,1,,460.820679,423.00903900000003,121.67026216207888,298,51,0.17114093959731544,181,1.0,35.898469,3.843344,419.165695
llama3.2:1b,standard_modular,001,6,0.2,1.0,800,40,True,False,False,1,,455.822806,421.114408,122.9348135475524,298,51,0.17114093959731544,181,1.0,32.56984,6.260401,414.854007
llama3.2:1b,standard_modular,001,7,0.2,1.0,800,40,True,False,False,1,,469.336401,432.00940299999996,119.11399368013848,298,51,0.17114093959731544,181,1.0,35.338234,3.848123,428.16128
llama3.2:1b,standard_modular,001,8,0.2,1.0,800,40,True,False,False,1,,462.683469,425.271571,121.4096052247419,298,51,0.17114093959731544,181,1.0,35.371105,5.20596,420.065611
llama3.2:1b,standard_modular,001,9,0.2,1.0,800,40,True,False,False,1,,458.146015,419.91882899999996,122.5072671671199,298,51,0.17114093959731544,181,1.0,36.475251,3.616995,416.301834
llama3.2:1b,standard_modular,001,10,0.2,1.0,800,40,True,False,False,1,,464.569562,426.913661,120.6568622036034,298,51,0.17114093959731544,181,1.0,35.78469,4.227383,422.686278
llama3.2:1b,standard_modular,001,1,0.7,0.9,500,0,True,False,False,3,,1124.675322,1088.098809,124.4381451827472,298,135,0.45302013422818793,510,0.7666666666666666,34.903929,3.222465,1084.876344
llama3.2:1b,standard_modular,001,2,0.7,0.9,500,0,True,False,False,2,,755.155336,716.300441,124.96039036435316,298,89,0.2986577181208054,349,0.7374999999999999,36.987231,4.074753,712.225688
llama3.2:1b,standard_modular,001,3,0.7,0.9,500,0,True,False,False,2,,744.964806,706.473261,123.98016322518612,298,87,0.29194630872483224,322,0.825,36.678905,4.7481,701.725161
llama3.2:1b,standard_modular,001,4,0.7,0.9,500,0,True,False,False,1,,429.628699,391.253294,123.68355093495798,298,48,0.1610738255033557,168,1.0,36.429593,3.166118,388.087176
llama3.2:1b,standard_modular,001,5,0.7,0.9,500,0,True,False,False,1,,426.131862,386.322577,123.14992231978022,298,47,0.15771812080536912,174,0.475,37.616694,4.67394,381.648637
llama3.2:1b,standard_modular,001,6,0.7,0.9,500,0,True,False,False,3,,957.415185,926.903904,124.82842834551285,298,115,0.3859060402684564,433,0.7083333333333334,28.517076,5.639401,921.264503
llama3.2:1b,standard_modular,001,7,0.7,0.9,500,0,True,False,False,2,,632.195003,593.846654,125.38456972482072,298,74,0.2483221476510067,263,0.6499999999999999,35.569765,3.66239,590.184264
llama3.2:1b,standard_modular,001,8,0.7,0.9,500,0,True,False,False,1,,421.978067,391.410139,123.81236950418074,298,48,0.1610738255033557,175,0.6499999999999999,28.659846,3.726742,387.683397
llama3.2:1b,standard_modular,001,9,0.7,0.9,500,0,True,False,False,2,,839.545827,802.012151,124.0627146496434,298,99,0.33221476510067116,394,0.5625,35.635404,4.028645,797.983506
llama3.2:1b,standard_modular,001,10,0.7,0.9,500,0,True,False,False,3,,1005.476493,968.223701,123.6636612493091,298,119,0.39932885906040266,445,0.7083333333333334,35.412739,5.936164,962.287537
llama3.2:1b,standard_modular,001,1,0.7,0.9,500,40,True,False,False,1,,456.958789,419.509976,123.02383882858187,298,51,0.17114093959731544,181,1.0,35.514502,4.956175,414.553801
llama3.2:1b,standard_modular,001,2,0.7,0.9,500,40,True,False,False,2,,923.207218,883.008474,120.61633239016481,298,106,0.35570469798657717,427,0.475,38.205241,4.188849,878.819625
llama3.2:1b,standard_modular,001,3,0.7,0.9,500,40,True,False,False,1,,394.650171,356.182315,122.14392979380524,298,43,0.14429530201342283,151,0.475,36.179544,4.138623,352.043692
llama3.2:1b,standard_modular,001,4,0.7,0.9,500,40,True,False,False,2,,772.857244,733.63024,124.77047425793369,298,91,0.3053691275167785,352,1.0,37.389347,4.291023,729.339217
llama3.2:1b,standard_modular,001,5,0.7,0.9,500,40,True,False,False,3,,1010.174047,971.685151,124.02408522103349,298,120,0.40268456375838924,466,0.6499999999999999,36.033386,4.131149,967.554002
llama3.2:1b,standard_modular,001,6,0.7,0.9,500,40,True,False,False,1,,444.657408,404.30454799999995,120.68923358376558,298,48,0.1610738255033557,179,0.475,38.341294,6.588873,397.715675
llama3.2:1b,standard_modular,001,7,0.7,0.9,500,40,True,False,False,2,,844.610552,806.786889,122.2330421192637,298,98,0.3288590604026846,393,0.38749999999999996,35.814781,5.039683,801.747206
llama3.2:1b,standard_modular,001,8,0.7,0.9,500,40,True,False,False,1,,415.880814,377.668075,120.15146614225803,298,45,0.15100671140939598,156,0.6499999999999999,36.2732,3.14081,374.527265
llama3.2:1b,standard_modular,001,9,0.7,0.9,500,40,True,False,False,1,,449.920906,412.893314,122.36842061468144,298,50,0.16778523489932887,184,0.6499999999999999,34.84464,4.291162,408.602152
llama3.2:1b,standard_modular,001,10,0.7,0.9,500,40,True,False,False,2,,723.123072,684.767984,123.38915041815048,298,84,0.28187919463087246,320,0.7375,36.454041,3.995001,680.772983
llama3.2:1b,standard_modular,001,1,0.7,0.9,800,0,True,False,False,1,,442.594792,405.21115699999996,124.4651449563023,298,50,0.16778523489932887,179,0.475,35.50483,3.492266,401.718891
llama3.2:1b,standard_modular,001,2,0.7,0.9,800,0,True,False,False,1,,506.573451,467.562689,123.01677322048641,298,57,0.1912751677852349,224,0.475,37.142678,4.211241,463.351448
llama3.2:1b,standard_modular,001,3,0.7,0.9,800,0,True,False,False,1,,384.891145,346.944802,125.06446709719363,298,43,0.14429530201342283,146,0.6499999999999999,36.13716,3.122124,343.822678
llama3.2:1b,standard_modular,001,4,0.7,0.9,800,0,True,False,False,1,,600.817258,561.287511,123.81543418926245,298,69,0.23154362416107382,279,0.6499999999999999,36.327381,4.006422,557.281089
llama3.2:1b,standard_modular,001,5,0.7,0.9,800,0,True,False,False,2,,765.785914,727.405888,124.32483241340671,298,90,0.30201342281879195,345,0.9125,36.116981,3.495803,723.910085
llama3.2:1b,standard_modular,001,6,0.7,0.9,800,0,True,False,False,1,,439.842202,403.33743499999997,122.69105420287708,298,49,0.1644295302013423,174,1.0,34.788711,3.960314,399.377121
llama3.2:1b,standard_modular,001,7,0.7,0.9,800,0,True,False,False,1,,417.999675,379.75176,122.49147706965407,298,46,0.15436241610738255,166,0.475,35.969421,4.215428,375.536332
llama3.2:1b,standard_modular,001,8,0.7,0.9,800,0,True,False,False,1,,548.755581,511.84220000000005,122.07060691881432,298,62,0.2080536912751678,237,0.6499999999999999,34.933835,3.939425,507.902775
llama3.2:1b,standard_modular,001,9,0.7,0.9,800,0,True,False,False,3,,1037.130341,998.86767,124.52138673595819,298,124,0.4161073825503356,472,0.7083333333333334,36.479738,3.054796,995.812874
llama3.2:1b,standard_modular,001,10,0.7,0.9,800,0,True,False,False,1,,457.455785,420.05069000000003,124.65544575557627,298,52,0.174496644295302,188,0.6499999999999999,35.253312,2.900844,417.149846
llama3.2:1b,standard_modular,001,1,0.7,0.9,800,40,True,False,False,2,,674.894464,642.711868,125.1220647853336,298,80,0.2684563758389262,300,0.7374999999999999,30.25571,3.33623,639.375638
llama3.2:1b,standard_modular,001,2,0.7,0.9,800,40,True,False,False,1,,514.653071,475.562973,123.12662103095923,298,58,0.19463087248322147,218,0.6499999999999999,36.738417,4.503185,471.059788
llama3.2:1b,standard_modular,001,3,0.7,0.9,800,40,True,False,False,1,,379.911602,341.170164,122.14174610408347,298,41,0.13758389261744966,149,0.825,37.063975,5.494596,335.675568
llama3.2:1b,standard_modular,001,4,0.7,0.9,800,40,True,False,False,1,,424.545084,387.239372,122.6819231052363,298,47,0.15771812080536912,166,1.0,35.457335,4.134846,383.104526
llama3.2:1b,standard_modular,001,5,0.7,0.9,800,40,True,False,False,1,,424.446984,386.345293,122.9402807698623,298,47,0.15771812080536912,168,0.825,36.232315,4.045857,382.299436
llama3.2:1b,standard_modular,001,6,0.7,0.9,800,40,True,False,False,1,,498.292065,460.59281599999997,122.68434208025153,298,56,0.18791946308724833,211,0.6499999999999999,35.737748,4.136849,456.455967
llama3.2:1b,standard_modular,001,7,0.7,0.9,800,40,True,False,False,1,,384.547876,347.14200300000005,122.40762722624717,298,42,0.14093959731543623,152,0.6499999999999999,35.54881,4.026129,343.115874
llama3.2:1b,standard_modular,001,8,0.7,0.9,800,40,True,False,False,1,,459.781237,419.831119,122.83722159825864,298,51,0.17114093959731544,181,1.0,37.91126,4.647518,415.183601
llama3.2:1b,standard_modular,001,9,0.7,0.9,800,40,True,False,False,1,,432.94407,395.28054099999997,122.77842951097625,298,48,0.1610738255033557,175,0.825,35.708149,4.33239,390.948151
llama3.2:1b,standard_modular,001,10,0.7,0.9,800,40,True,False,False,1,,386.368042,347.351886,122.32293739521675,298,42,0.14093959731543623,139,0.6499999999999999,37.209398,3.998457,343.353429
llama3.2:1b,standard_modular,001,1,0.7,1.0,500,0,True,False,False,2,,782.083103,744.767814,122.83364459581345,298,91,0.3053691275167785,352,0.3,35.162414,3.928443,740.839371
llama3.2:1b,standard_modular,001,2,0.7,1.0,500,0,True,False,False,2,,750.517788,712.448759,124.03618807656814,298,88,0.2953020134228188,344,0.7374999999999999,36.232695,2.978391,709.470368
llama3.2:1b,standard_modular,001,3,0.7,1.0,500,0,True,False,False,1,,435.386269,397.652848,122.51352077719943,298,48,0.1610738255033557,173,0.825,35.644889,5.859357,391.793491
llama3.2:1b,standard_modular,001,4,0.7,1.0,500,0,True,False,False,2,,761.523549,723.299485,125.1100302750565,298,90,0.30201342281879195,335,0.5625,36.237564,3.932702,719.366783
llama3.2:1b,standard_modular,001,5,0.7,1.0,500,0,True,False,False,1,,408.352081,369.24257,120.4871338635607,298,44,0.1476510067114094,150,0.475,37.23244,4.05835,365.18422
llama3.2:1b,standard_modular,001,6,0.7,1.0,500,0,True,False,False,1,,385.547359,348.230068,122.4781636743939,298,42,0.14093959731543623,139,0.6499999999999999,35.521343,5.311798,342.91827
llama3.2:1b,standard_modular,001,7,0.7,1.0,500,0,True,False,False,2,,935.104002,898.369006,122.88031525994948,298,110,0.3691275167785235,448,0.7374999999999999,34.983072,3.189011,895.179995
llama3.2:1b,standard_modular,001,8,0.7,1.0,500,0,True,False,False,1,,452.002366,414.21390099999996,122.00816667520033,298,50,0.16778523489932887,180,1.0,35.885204,4.405268,409.808633
llama3.2:1b,standard_modular,001,9,0.7,1.0,500,0,True,False,False,2,,791.507516,754.587259,122.5813523336277,298,92,0.3087248322147651,356,0.7375,35.405012,4.065273,750.521986
llama3.2:1b,standard_modular,001,10,0.7,1.0,500,0,True,False,False,1,,420.312691,382.146591,124.09749502658164,298,47,0.15771812080536912,168,0.825,36.291203,3.412113,378.734478
llama3.2:1b,standard_modular,001,1,0.7,1.0,500,40,True,False,False,1,,579.632658,542.720435,120.95545250134461,298,65,0.2181208053691275,255,0.6499999999999999,35.39232,5.332507,537.387928
llama3.2:1b,standard_modular,001,2,0.7,1.0,500,40,True,False,False,1,,391.131263,353.825595,122.91122555226049,298,43,0.14429530201342283,162,0.825,35.127305,3.9796,349.845995
llama3.2:1b,standard_modular,001,3,0.7,1.0,500,40,True,False,False,1,,394.544375,357.19911199999996,118.90823217545783,298,42,0.14093959731543623,139,0.6499999999999999,35.546841,3.985552,353.21356
llama3.2:1b,standard_modular,001,4,0.7,1.0,500,40,True,False,False,1,,444.767477,405.562656,119.9548376034165,298,48,0.1610738255033557,173,0.825,37.446284,5.412058,400.150598
llama3.2:1b,standard_modular,001,5,0.7,1.0,500,40,True,False,False,1,,394.898108,373.62955800000003,121.65821739983346,298,45,0.15100671140939598,163,0.825,20.078893,3.740857,369.888701
llama3.2:1b,standard_modular,001,6,0.7,1.0,500,40,True,False,False,3,,1128.572513,1097.412255,123.55434947392594,298,135,0.45302013422818793,520,0.8249999999999998,27.61418,4.77569,1092.636565
llama3.2:1b,standard_modular,001,7,0.7,1.0,500,40,True,False,False,1,,433.397171,395.56377299999997,122.61830076350712,298,48,0.1610738255033557,173,0.825,35.749524,4.105078,391.458695
llama3.2:1b,standard_modular,001,8,0.7,1.0,500,40,True,False,False,2,,716.491965,679.6678129999999,125.61771031190464,298,85,0.28523489932885904,317,0.6499999999999999,34.96271,3.011633,676.65618
llama3.2:1b,standard_modular,001,9,0.7,1.0,500,40,True,False,False,1,,420.829106,383.614777,121.21593240712906,298,46,0.15436241610738255,164,0.825,35.476163,4.126709,379.488068
llama3.2:1b,standard_modular,001,10,0.7,1.0,500,40,True,False,False,1,,372.603259,350.78451600000005,121.84177736449045,298,42,0.14093959731543623,139,0.6499999999999999,20.085044,6.075165,344.709351
llama3.2:1b,standard_modular,001,1,0.7,1.0,800,0,True,False,False,1,,558.591225,520.575985,121.9645433004281,298,63,0.21140939597315436,258,0.475,36.315556,4.03242,516.543565
llama3.2:1b,standard_modular,001,2,0.7,1.0,800,0,True,False,False,2,,754.9367,732.748818,122.15203273396685,298,89,0.2986577181208054,346,0.6499999999999999,20.101976,4.148581,728.600237
llama3.2:1b,standard_modular,001,3,0.7,1.0,800,0,True,False,False,1,,416.201924,379.339059,122.74219403005984,298,46,0.15436241610738255,164,0.825,34.956578,4.569809,374.76925
llama3.2:1b,standard_modular,001,4,0.7,1.0,800,0,True,False,False,2,,683.448619,646.3153619999999,119.87172492466749,298,77,0.25838926174496646,292,0.6499999999999999,35.091764,3.962046,642.353316
llama3.2:1b,standard_modular,001,5,0.7,1.0,800,0,True,False,False,1,,345.33062,307.841358,121.84104733536873,298,37,0.12416107382550336,124,0.6499999999999999,35.663719,4.167015,303.674343
llama3.2:1b,standard_modular,001,6,0.7,1.0,800,0,True,False,False,2,,688.31572,649.512015,125.3916191186162,298,81,0.27181208053691275,306,0.9125,36.96654,3.535828,645.976187
llama3.2:1b,standard_modular,001,7,0.7,1.0,800,0,True,False,False,1,,412.739012,389.88129799999996,124.01322034667957,298,48,0.1610738255033557,173,0.825,21.444542,2.82579,387.055508
llama3.2:1b,standard_modular,001,8,0.7,1.0,800,0,True,False,False,1,,420.991232,382.612084,121.53347686119906,298,46,0.15436241610738255,166,1.0,36.479605,4.115548,378.496536
llama3.2:1b,standard_modular,001,9,0.7,1.0,800,0,True,False,False,2,,728.437526,691.206586,123.77353549955107,298,85,0.28523489932885904,333,0.6499999999999999,35.330044,4.468507,686.738079
llama3.2:1b,standard_modular,001,10,0.7,1.0,800,0,True,False,False,1,,385.837746,346.653662,122.67325670517198,298,42,0.14093959731543623,153,0.825,37.274813,4.280751,342.372911
llama3.2:1b,standard_modular,001,1,0.7,1.0,800,40,True,False,False,2,,729.158898,691.704696,122.0668484331168,298,84,0.28187919463087246,315,0.6499999999999999,35.690666,3.557168,688.147528
llama3.2:1b,standard_modular,001,2,0.7,1.0,800,40,True,False,False,1,,437.044009,398.471704,121.93771063548716,298,48,0.1610738255033557,173,0.825,35.274438,4.828099,393.643605
llama3.2:1b,standard_modular,001,3,0.7,1.0,800,40,True,False,False,2,,888.990827,852.261222,123.61811925448441,298,105,0.3523489932885906,414,0.825,34.908219,2.871176,849.390046
llama3.2:1b,standard_modular,001,4,0.7,1.0,800,40,True,False,False,1,,433.79083,395.469954,122.77306352233802,298,48,0.1610738255033557,174,0.825,36.475876,4.504716,390.965238
llama3.2:1b,standard_modular,001,5,0.7,1.0,800,40,True,False,False,2,,871.276067,833.111358,122.40377918299093,298,101,0.3389261744966443,352,0.6499999999999999,35.719881,7.973436,825.137922
llama3.2:1b,standard_modular,001,6,0.7,1.0,800,40,True,False,False,1,,576.651434,539.581683,123.4306891273018,298,66,0.2214765100671141,278,0.825,35.408509,4.868635,534.713048
llama3.2:1b,standard_modular,001,7,0.7,1.0,800,40,True,False,False,1,,462.05932,423.565499,121.81156147923852,298,51,0.17114093959731544,182,0.825,36.275995,4.886029,418.67947
llama3.2:1b,standard_modular,001,8,0.7,1.0,800,40,True,False,False,1,,417.459283,379.992488,124.94377031889758,298,47,0.15771812080536912,168,0.825,35.496537,3.823273,376.169215
llama3.2:1b,standard_modular,001,9,0.7,1.0,800,40,True,False,False,1,,439.905226,401.64074999999997,120.9845501897639,298,48,0.1610738255033557,173,0.825,36.38971,4.895877,396.744873
llama3.2:1b,standard_modular,001,10,0.7,1.0,800,40,True,False,False,1,,383.286732,342.347451,121.15670182640064,298,41,0.13758389261744966,149,0.825,39.100182,3.942729,338.404722
llama3.2:1b,batch_action_modular,001,1,0.2,0.9,500,0,True,False,False,1,,457.04379,418.566732,123.02230814893569,298,51,0.17114093959731544,181,1.0,36.623573,4.007773,414.558959
llama3.2:1b,batch_action_modular,001,2,0.2,0.9,500,0,True,False,False,1,,454.885734,417.37912600000004,123.42549066194441,298,51,0.17114093959731544,181,1.0,35.444857,4.174368,413.204758
llama3.2:1b,batch_action_modular,001,3,0.2,0.9,500,0,True,False,False,1,,433.46014,395.337244,120.39831769941112,298,47,0.15771812080536912,168,0.825,36.324706,4.966341,390.370903
llama3.2:1b,batch_action_modular,001,4,0.2,0.9,500,0,True,False,False,1,,453.311673,415.82499299999995,123.72836534930941,298,51,0.17114093959731544,181,1.0,35.733344,3.631719,412.193274
llama3.2:1b,batch_action_modular,001,5,0.2,0.9,500,0,True,False,False,1,,450.545243,413.66618600000004,124.20213552713464,298,51,0.17114093959731544,181,1.0,34.978372,3.045227,410.620959
llama3.2:1b,batch_action_modular,001,6,0.2,0.9,500,0,True,False,False,1,,461.088329,423.12994399999997,122.14969290142125,298,51,0.17114093959731544,181,1.0,35.99997,5.609451,417.520493
llama3.2:1b,batch_action_modular,001,7,0.2,0.9,500,0,True,False,False,1,,457.969358,421.59522799999996,122.11523937560784,298,51,0.17114093959731544,181,1.0,34.832305,3.956936,417.638292
llama3.2:1b,batch_action_modular,001,8,0.2,0.9,500,0,True,False,False,1,,456.453869,417.429513,123.20806164939073,298,51,0.17114093959731544,181,1.0,37.370849,3.49556,413.933953
llama3.2:1b,batch_action_modular,001,9,0.2,0.9,500,0,True,False,False,1,,460.076185,421.40034,122.1706578203612,298,51,0.17114093959731544,181,1.0,36.704705,3.951495,417.448845
llama3.2:1b,batch_action_modular,001,10,0.2,0.9,500,0,True,False,False,1,,450.082778,415.99143000000004,123.82307171841781,298,51,0.17114093959731544,181,1.0,32.415549,4.113423,411.878007
llama3.2:1b,batch_action_modular,001,1,0.2,0.9,500,40,True,False,False,1,,467.483249,430.573065,119.83687212830762,298,51,0.17114093959731544,181,1.0,35.242922,4.994534,425.578531
llama3.2:1b,batch_action_modular,001,2,0.2,0.9,500,40,True,False,False,1,,461.170954,423.225094,121.76072802677909,298,51,0.17114093959731544,181,1.0,36.107452,4.370831,418.854263
llama3.2:1b,batch_action_modular,001,3,0.2,0.9,500,40,True,False,False,1,,437.475873,399.218774,119.16022515856962,298,47,0.15771812080536912,168,0.825,35.777005,4.791859,394.426915
llama3.2:1b,batch_action_modular,001,4,0.2,0.9,500,40,True,False,False,1,,469.954296,431.836652,119.40098967687607,298,51,0.17114093959731544,181,1.0,36.147627,4.704514,427.132138
llama3.2:1b,batch_action_modular,001,5,0.2,0.9,500,40,True,False,False,1,,460.935255,422.746818,122.7786167422554,298,51,0.17114093959731544,181,1.0,35.528152,7.365041,415.381777
llama3.2:1b,batch_action_modular,001,6,0.2,0.9,500,40,True,False,False,1,,427.411432,394.646791,120.5435068715531,298,47,0.15771812080536912,168,0.825,30.796006,4.746072,389.900719
llama3.2:1b,batch_action_modular,001,7,0.2,0.9,500,40,True,False,False,1,,456.805616,420.958049,122.4635699574272,298,51,0.17114093959731544,181,1.0,34.070035,4.507671,416.450378
llama3.2:1b,batch_action_modular,001,8,0.2,0.9,500,40,True,False,False,1,,466.729225,428.787997,120.07733460658001,298,51,0.17114093959731544,181,1.0,35.994195,4.061714,424.726283
llama3.2:1b,batch_action_modular,001,9,0.2,0.9,500,40,True,False,False,1,,455.528727,417.240171,123.29638334936303,298,51,0.17114093959731544,181,1.0,36.137868,3.602734,413.637437
llama3.2:1b,batch_action_modular,001,10,0.2,0.9,500,40,True,False,False,1,,455.379538,418.574328,123.05594914625557,298,51,0.17114093959731544,181,1.0,34.94371,4.128701,414.445627
llama3.2:1b,batch_action_modular,001,1,0.2,0.9,800,0,True,False,False,1,,506.101015,468.108291,124.66346131401771,298,58,0.19463087248322147,216,0.475,36.025252,2.855687,465.252604
llama3.2:1b,batch_action_modular,001,2,0.2,0.9,800,0,True,False,False,1,,466.782253,434.105422,118.84684361763892,298,51,0.17114093959731544,181,1.0,30.329038,4.981699,429.123723
llama3.2:1b,batch_action_modular,001,3,0.2,0.9,800,0,True,False,False,1,,439.850221,416.061028,123.74207806855678,298,51,0.17114093959731544,181,1.0,21.566597,3.913432,412.147596
llama3.2:1b,batch_action_modular,001,4,0.2,0.9,800,0,True,False,False,1,,451.807592,414.48936799999996,124.27615051533934,298,51,0.17114093959731544,181,1.0,35.381851,4.112962,410.376406
llama3.2:1b,batch_action_modular,001,5,0.2,0.9,800,0,True,False,False,1,,458.451077,420.877779,122.53130827489916,298,51,0.17114093959731544,181,1.0,35.387833,4.657625,416.220154
llama3.2:1b,batch_action_modular,001,6,0.2,0.9,800,0,True,False,False,1,,452.138782,414.956616,123.78394320464538,298,51,0.17114093959731544,181,1.0,35.46556,2.948413,412.008203
llama3.2:1b,batch_action_modular,001,7,0.2,0.9,800,0,True,False,False,1,,450.842292,418.406159,123.04275735094164,298,51,0.17114093959731544,181,1.0,30.690853,3.916098,414.490061
llama3.2:1b,batch_action_modular,001,8,0.2,0.9,800,0,True,False,False,1,,455.100364,417.507509,123.34146212417926,298,51,0.17114093959731544,181,1.0,35.240653,4.021248,413.486261
llama3.2:1b,batch_action_modular,001,9,0.2,0.9,800,0,True,False,False,1,,425.940985,387.000263,122.78369808259828,298,47,0.15771812080536912,168,0.825,37.222142,4.213291,382.786972
llama3.2:1b,batch_action_modular,001,10,0.2,0.9,800,0,True,False,False,1,,495.164369,457.172087,123.39276570866038,298,56,0.18791946308724833,205,0.6499999999999999,35.928839,3.336729,453.835358
llama3.2:1b,batch_action_modular,001,1,0.2,0.9,800,40,True,False,False,1,,454.835774,417.69631100000004,123.06775777736347,298,51,0.17114093959731544,181,1.0,34.970149,3.290451,414.40586
llama3.2:1b,batch_action_modular,001,2,0.2,0.9,800,40,True,False,False,1,,450.471352,412.437501,124.58570124337116,298,51,0.17114093959731544,181,1.0,35.965658,3.080733,409.356768
llama3.2:1b,batch_action_modular,001,3,0.2,0.9,800,40,True,False,False,1,,456.24866,418.492215,122.85340592495383,298,51,0.17114093959731544,181,1.0,35.472914,3.363309,415.128906
llama3.2:1b,batch_action_modular,001,4,0.2,0.9,800,40,True,False,False,1,,455.386155,417.157067,123.29825739671686,298,51,0.17114093959731544,181,1.0,36.386824,3.525917,413.63115
llama3.2:1b,batch_action_modular,001,5,0.2,0.9,800,40,True,False,False,1,,427.059606,389.97308200000003,122.63952957605684,298,47,0.15771812080536912,168,0.825,35.066682,6.736126,383.236956
llama3.2:1b,batch_action_modular,001,6,0.2,0.9,800,40,True,False,False,1,,457.639305,419.975749,122.62933303985649,298,51,0.17114093959731544,181,1.0,35.279735,4.088304,415.887445
llama3.2:1b,batch_action_modular,001,7,0.2,0.9,800,40,True,False,False,1,,460.14397,423.336037,121.67609856440599,298,51,0.17114093959731544,181,1.0,34.815584,4.190448,419.145589
llama3.2:1b,batch_action_modular,001,8,0.2,0.9,800,40,True,False,False,1,,457.847754,420.74341899999996,122.57582482239911,298,51,0.17114093959731544,181,1.0,35.448195,4.674426,416.068993
llama3.2:1b,batch_action_modular,001,9,0.2,0.9,800,40,True,False,False,1,,457.220112,420.142363,122.66233813883728,298,51,0.17114093959731544,181,1.0,34.984247,4.366822,415.775541
llama3.2:1b,batch_action_modular,001,10,0.2,0.9,800,40,True,False,False,1,,467.595954,429.42195,120.10051169435285,298,51,0.17114093959731544,181,1.0,35.976245,4.777631,424.644319
llama3.2:1b,batch_action_modular,001,1,0.2,1.0,500,0,True,False,False,1,,460.052044,420.63633500000003,122.25854070657203,298,51,0.17114093959731544,181,1.0,37.075119,3.487564,417.148771
llama3.2:1b,batch_action_modular,001,2,0.2,1.0,500,0,True,False,False,1,,461.316645,419.632928,122.7890720075759,298,51,0.17114093959731544,181,1.0,38.402534,4.28652,415.346408
llama3.2:1b,batch_action_modular,001,3,0.2,1.0,500,0,True,False,False,1,,427.30051,387.912314,122.53313170741148,298,47,0.15771812080536912,168,0.825,37.653476,4.342586,383.569728
llama3.2:1b,batch_action_modular,001,4,0.2,1.0,500,0,True,False,False,1,,468.225925,429.36285699999996,120.19021558038209,298,51,0.17114093959731544,181,1.0,36.668667,5.035471,424.327386
llama3.2:1b,batch_action_modular,001,5,0.2,1.0,500,0,True,False,False,1,,462.324471,423.75177299999996,122.38422995975692,298,51,0.17114093959731544,181,1.0,36.163589,7.031416,416.720357
llama3.2:1b,batch_action_modular,001,6,0.2,1.0,500,0,True,False,False,1,,456.227543,418.432861,123.17148875840024,298,51,0.17114093959731544,181,1.0,35.864872,4.376,414.056861
llama3.2:1b,batch_action_modular,001,7,0.2,1.0,500,0,True,False,False,1,,430.618409,393.724715,123.02077576398861,298,48,0.1610738255033557,173,0.825,35.149917,3.546717,390.177998
llama3.2:1b,batch_action_modular,001,8,0.2,1.0,500,0,True,False,False,1,,458.929443,419.347921,122.75561929733355,298,51,0.17114093959731544,181,1.0,37.720091,3.888325,415.459596
llama3.2:1b,batch_action_modular,001,9,0.2,1.0,500,0,True,False,False,1,,457.600106,419.977902,122.54396249035995,298,51,0.17114093959731544,181,1.0,35.776053,3.800728,416.177174
llama3.2:1b,batch_action_modular,001,10,0.2,1.0,500,0,True,False,False,1,,459.779327,421.724252,122.33993168077642,298,51,0.17114093959731544,181,1.0,35.625357,4.853004,416.871248
llama3.2:1b,batch_action_modular,001,1,0.2,1.0,500,40,True,False,False,1,,412.972439,374.637043,123.80703844090118,298,46,0.15436241610738255,164,0.825,36.101059,3.091123,371.54592
llama3.2:1b,batch_action_modular,001,2,0.2,1.0,500,40,True,False,False,1,,450.220304,413.909326,124.37862663534878,298,51,0.17114093959731544,181,1.0,34.620511,3.871031,410.038295
llama3.2:1b,batch_action_modular,001,3,0.2,1.0,500,40,True,False,False,1,,468.804715,430.347157,120.36814526424277,298,51,0.17114093959731544,181,1.0,36.289707,6.647017,423.70014
llama3.2:1b,batch_action_modular,001,4,0.2,1.0,500,40,True,False,False,1,,455.120121,418.022522,123.09396388594465,298,51,0.17114093959731544,181,1.0,35.101643,3.704887,414.317635
llama3.2:1b,batch_action_modular,001,5,0.2,1.0,500,40,True,False,False,1,,466.707431,425.090572,121.28990010820677,298,51,0.17114093959731544,181,1.0,39.116837,4.610384,420.480188
llama3.2:1b,batch_action_modular,001,6,0.2,1.0,500,40,True,False,False,1,,424.643657,386.33455100000003,123.26269040145193,298,47,0.15771812080536912,168,0.825,36.209063,5.035069,381.299482
llama3.2:1b,batch_action_modular,001,7,0.2,1.0,500,40,True,False,False,1,,433.284085,393.48927399999997,121.1511444585393,298,47,0.15771812080536912,168,0.825,37.839734,5.544115,387.945159
llama3.2:1b,batch_action_modular,001,8,0.2,1.0,500,40,True,False,False,1,,609.868291,572.47423,123.18178234071881,298,70,0.2348993288590604,283,0.475,35.401822,4.208382,568.265848
llama3.2:1b,batch_action_modular,001,9,0.2,1.0,500,40,True,False,False,1,,453.039286,414.656672,124.22660595126214,298,51,0.17114093959731544,181,1.0,36.626103,4.116598,410.540074
llama3.2:1b,batch_action_modular,001,10,0.2,1.0,500,40,True,False,False,1,,417.423416,379.654676,122.44411192231904,298,46,0.15436241610738255,164,0.825,35.892421,3.973075,375.681601
llama3.2:1b,batch_action_modular,001,1,0.2,1.0,800,0,True,False,False,1,,424.032697,385.715598,123.18040074232597,298,47,0.15771812080536912,168,0.825,34.867487,4.161392,381.554206
llama3.2:1b,batch_action_modular,001,2,0.2,1.0,800,0,True,False,False,1,,455.985634,418.397828,123.0718291283466,298,51,0.17114093959731544,181,1.0,35.748257,4.005677,414.392151
llama3.2:1b,batch_action_modular,001,3,0.2,1.0,800,0,True,False,False,1,,454.386718,417.201275,123.5981363058714,298,51,0.17114093959731544,181,1.0,35.349581,4.573694,412.627581
llama3.2:1b,batch_action_modular,001,4,0.2,1.0,800,0,True,False,False,1,,456.969906,418.13268,123.20612813559566,298,51,0.17114093959731544,181,1.0,36.762771,4.192231,413.940449
llama3.2:1b,batch_action_modular,001,5,0.2,1.0,800,0,True,False,False,1,,461.305614,424.04348600000003,121.17942220867388,298,51,0.17114093959731544,181,1.0,35.31214,3.179951,420.863535
llama3.2:1b,batch_action_modular,001,6,0.2,1.0,800,0,True,False,False,1,,462.040826,422.921658,121.56016754566387,298,51,0.17114093959731544,181,1.0,36.887165,3.376333,419.545325
llama3.2:1b,batch_action_modular,001,7,0.2,1.0,800,0,True,False,False,1,,457.192507,419.382721,122.76690638172926,298,51,0.17114093959731544,181,1.0,35.74006,3.961322,415.421399
llama3.2:1b,batch_action_modular,001,8,0.2,1.0,800,0,True,False,False,1,,456.618608,417.83717900000005,123.24439983609365,298,51,0.17114093959731544,181,1.0,36.686555,4.025273,413.811906
llama3.2:1b,batch_action_modular,001,9,0.2,1.0,800,0,True,False,False,1,,454.433778,416.757016,123.59262532982872,298,51,0.17114093959731544,181,1.0,35.721213,4.111036,412.64598
llama3.2:1b,batch_action_modular,001,10,0.2,1.0,800,0,True,False,False,1,,458.908553,419.875028,122.60626768433139,298,51,0.17114093959731544,181,1.0,37.25365,3.909344,415.965684
llama3.2:1b,batch_action_modular,001,1,0.2,1.0,800,40,True,False,False,1,,457.629665,417.29952000000003,123.41224132168084,298,51,0.17114093959731544,181,1.0,38.496447,4.050401,413.249119
llama3.2:1b,batch_action_modular,001,2,0.2,1.0,800,40,True,False,False,1,,602.773748,565.2468709999999,124.58202885048199,298,70,0.2348993288590604,273,0.475,35.431042,3.368078,561.878793
llama3.2:1b,batch_action_modular,001,3,0.2,1.0,800,40,True,False,False,1,,460.003942,422.113444,122.09043004505868,298,51,0.17114093959731544,181,1.0,35.706766,4.390286,417.723158
llama3.2:1b,batch_action_modular,001,4,0.2,1.0,800,40,True,False,False,1,,450.218036,412.33269,125.09146792377477,298,51,0.17114093959731544,181,1.0,35.878851,4.631023,407.701667
llama3.2:1b,batch_action_modular,001,5,0.2,1.0,800,40,True,False,False,1,,465.561323,427.126133,120.5556435138986,298,51,0.17114093959731544,181,1.0,36.465544,4.084967,423.041166
llama3.2:1b,batch_action_modular,001,6,0.2,1.0,800,40,True,False,False,1,,454.690802,417.647803,123.39031288299385,298,51,0.17114093959731544,181,1.0,35.170919,4.325243,413.32256
llama3.2:1b,batch_action_modular,001,7,0.2,1.0,800,40,True,False,False,1,,457.840655,419.146666,122.8683601326854,298,51,0.17114093959731544,181,1.0,36.773888,4.068285,415.078381
llama3.2:1b,batch_action_modular,001,8,0.2,1.0,800,40,True,False,False,1,,458.135567,419.148281,122.95057483805493,298,51,0.17114093959731544,181,1.0,35.565116,4.347455,414.800826
llama3.2:1b,batch_action_modular,001,9,0.2,1.0,800,40,True,False,False,1,,470.014655,431.16765399999997,120.14817973952836,298,51,0.17114093959731544,181,1.0,34.991288,6.69181,424.475844
llama3.2:1b,batch_action_modular,001,10,0.2,1.0,800,40,True,False,False,1,,457.628694,418.123338,123.65606497029312,298,51,0.17114093959731544,181,1.0,37.115945,5.689059,412.434279
llama3.2:1b,batch_action_modular,001,1,0.7,0.9,500,0,True,False,False,1,,448.710664,411.027512,125.12792520904686,298,51,0.17114093959731544,181,1.0,35.823696,3.444633,407.582879
llama3.2:1b,batch_action_modular,001,2,0.7,0.9,500,0,True,False,False,1,,386.320343,349.069682,121.92779974503851,298,42,0.14093959731543623,141,0.6499999999999999,35.449034,4.60353,344.466152
llama3.2:1b,batch_action_modular,001,3,0.7,0.9,500,0,True,False,False,1,,418.687107,381.049593,124.14591145792619,298,47,0.15771812080536912,168,0.825,36.039815,2.46282,378.586773
llama3.2:1b,batch_action_modular,001,4,0.7,0.9,500,0,True,False,False,1,,344.829636,311.072141,120.44879781991844,298,37,0.12416107382550336,124,0.6499999999999999,31.914591,3.887672,307.184469
llama3.2:1b,batch_action_modular,001,5,0.7,0.9,500,0,True,False,False,2,,817.979885,780.9163709999999,123.59607730769842,298,96,0.3221476510067114,394,0.6499999999999999,35.407524,4.192691,776.72368
llama3.2:1b,batch_action_modular,001,6,0.7,0.9,500,0,True,False,False,1,,424.867667,387.28410599999995,122.67527739229321,298,47,0.15771812080536912,173,1.0,35.898505,4.158826,383.12528
llama3.2:1b,batch_action_modular,001,7,0.7,0.9,500,0,True,False,False,1,,383.762688,346.568667,122.63181540548167,298,42,0.14093959731543623,139,0.6499999999999999,35.470623,4.080057,342.48861
llama3.2:1b,batch_action_modular,001,8,0.7,0.9,500,0,True,False,False,1,,425.073173,388.72907299999997,124.55062135813984,298,48,0.1610738255033557,173,0.825,34.660127,3.343601,385.385472
llama3.2:1b,batch_action_modular,001,9,0.7,0.9,500,0,True,False,False,1,,422.351841,388.831275,124.53452432479156,298,48,0.1610738255033557,173,0.825,31.710003,3.395989,385.435286
llama3.2:1b,batch_action_modular,001,10,0.7,0.9,500,0,True,False,False,2,,815.187032,784.966116,124.05387228938021,298,97,0.32550335570469796,370,0.5625,28.478552,3.047759,781.918357
llama3.2:1b,batch_action_modular,001,1,0.7,0.9,500,40,True,False,False,1,,473.873072,435.40063599999996,123.04151997786275,298,53,0.17785234899328858,194,1.0,36.673424,4.651731,430.748905
llama3.2:1b,batch_action_modular,001,2,0.7,0.9,500,40,True,False,False,1,,466.08626,428.829611,122.34410735618249,298,52,0.174496644295302,189,0.825,35.367227,3.798924,425.030687
llama3.2:1b,batch_action_modular,001,3,0.7,0.9,500,40,True,False,False,1,,442.530747,403.024883,120.32868230805002,298,48,0.1610738255033557,173,0.825,37.297967,4.117498,398.907385
llama3.2:1b,batch_action_modular,001,4,0.7,0.9,500,40,True,False,False,1,,392.77172,355.884402,122.36487804273929,298,43,0.14429530201342283,158,0.825,34.861767,4.476378,351.408024
llama3.2:1b,batch_action_modular,001,5,0.7,0.9,500,40,True,False,False,1,,472.819617,435.77180500000003,122.84461019041007,298,53,0.17785234899328858,193,1.0,35.341336,4.332445,431.43936
llama3.2:1b,batch_action_modular,001,6,0.7,0.9,500,40,True,False,False,3,,1134.845609,1098.1758539999998,123.27305769034461,298,135,0.45302013422818793,516,0.47500000000000003,34.932641,3.046046,1095.129808
llama3.2:1b,batch_action_modular,001,7,0.7,0.9,500,40,True,False,False,1,,466.678102,429.692008,122.5834658737591,298,52,0.174496644295302,182,0.6499999999999999,35.321919,5.491243,424.200765
llama3.2:1b,batch_action_modular,001,8,0.7,0.9,500,40,True,False,False,1,,430.11069,391.788052,123.53917372120817,298,48,0.1610738255033557,173,0.825,36.366739,3.247328,388.540724
llama3.2:1b,batch_action_modular,001,9,0.7,0.9,500,40,True,False,False,1,,460.233927,422.649427,121.88373200597903,298,51,0.17114093959731544,181,1.0,35.688634,4.217868,418.431559
llama3.2:1b,batch_action_modular,001,10,0.7,0.9,500,40,True,False,False,1,,410.7093,372.32245,120.04146068359111,298,44,0.1476510067114094,171,0.825,36.768071,5.782425,366.540025
llama3.2:1b,batch_action_modular,001,1,0.7,0.9,800,0,True,False,False,2,,996.444487,959.851309,123.36122711887073,298,118,0.3959731543624161,479,0.475,34.798856,3.310889,956.54042
llama3.2:1b,batch_action_modular,001,2,0.7,0.9,800,0,True,False,False,1,,419.29686,383.377089,121.06233663673937,298,46,0.15436241610738255,161,0.825,34.140637,3.407552,379.969537
llama3.2:1b,batch_action_modular,001,3,0.7,0.9,800,0,True,False,False,2,,1023.041697,986.452395,122.15090098036318,298,120,0.40268456375838924,522,0.5625,34.909677,4.060951,982.391444
llama3.2:1b,batch_action_modular,001,4,0.7,0.9,800,0,True,False,False,1,,568.49549,535.742514,122.26464067485806,298,65,0.2181208053691275,257,0.475,31.074833,4.108841,531.633673
llama3.2:1b,batch_action_modular,001,5,0.7,0.9,800,0,True,False,False,1,,426.759008,389.434897,124.32215578472119,298,48,0.1610738255033557,175,0.825,35.516123,3.341206,386.093691
llama3.2:1b,batch_action_modular,001,6,0.7,0.9,800,0,True,False,False,2,,692.705363,671.055842,122.9494949908719,298,82,0.2751677852348993,316,0.6499999999999999,19.392151,4.115323,666.940519
llama3.2:1b,batch_action_modular,001,7,0.7,0.9,800,0,True,False,False,1,,417.099679,386.06244499999997,121.14917918560394,298,46,0.15436241610738255,162,0.825,29.202725,6.365279,379.697166
llama3.2:1b,batch_action_modular,001,8,0.7,0.9,800,0,True,False,False,2,,705.225554,668.230575,124.89003432477702,298,83,0.2785234899328859,316,0.825,34.934652,3.645923,664.584652
llama3.2:1b,batch_action_modular,001,9,0.7,0.9,800,0,True,False,False,1,,496.053426,458.496603,123.0137056576861,298,56,0.18791946308724833,196,0.3,35.800813,3.262776,455.233827
llama3.2:1b,batch_action_modular,001,10,0.7,0.9,800,0,True,False,False,2,,795.701813,758.4421649999999,122.30808935492928,298,92,0.3087248322147651,353,0.7374999999999999,35.222226,6.243349,752.198816
llama3.2:1b,batch_action_modular,001,1,0.7,0.9,800,40,True,False,False,1,,447.961077,409.58435000000003,123.22882926433505,298,50,0.16778523489932887,184,0.6499999999999999,36.583196,3.835141,405.749209
llama3.2:1b,batch_action_modular,001,2,0.7,0.9,800,40,True,False,False,1,,431.38733,393.800833,123.15223414162524,298,48,0.1610738255033557,174,0.475,35.575865,4.039329,389.761504
llama3.2:1b,batch_action_modular,001,3,0.7,0.9,800,40,True,False,False,1,,440.786727,402.789251,120.35247297791743,298,48,0.1610738255033557,173,0.825,35.973488,3.96072,398.828531
llama3.2:1b,batch_action_modular,001,4,0.7,0.9,800,40,True,False,False,2,,824.464163,787.841053,123.72652007867451,298,97,0.32550335570469796,360,0.9125,34.702139,3.853918,783.987135
llama3.2:1b,batch_action_modular,001,5,0.7,0.9,800,40,True,False,False,1,,435.717513,397.52513799999997,122.46052836942032,298,48,0.1610738255033557,184,0.825,36.331677,5.562106,391.963032
llama3.2:1b,batch_action_modular,001,6,0.7,0.9,800,40,True,False,False,1,,481.835861,444.493537,122.56728175453048,298,54,0.18120805369127516,190,0.825,35.51575,3.919191,440.574346
llama3.2:1b,batch_action_modular,001,7,0.7,0.9,800,40,True,False,False,1,,377.233651,338.974179,122.39883518342457,298,41,0.13758389261744966,149,0.825,36.589996,4.003671,334.970508
llama3.2:1b,batch_action_modular,001,8,0.7,0.9,800,40,True,False,False,1,,458.990088,436.494145,124.58580784876608,298,54,0.18120805369127516,194,0.475,20.524927,3.057938,433.436207
llama3.2:1b,batch_action_modular,001,9,0.7,0.9,800,40,True,False,False,1,,572.602808,534.3440370000001,120.68880950540536,298,64,0.21476510067114093,244,0.475,36.488575,4.054607,530.28943
llama3.2:1b,batch_action_modular,001,10,0.7,0.9,800,40,True,False,False,2,,711.393071,673.907957,123.9371238121922,298,83,0.2785234899328859,324,0.6499999999999999,35.481275,4.213539,669.694418
llama3.2:1b,batch_action_modular,001,1,0.7,1.0,500,0,True,False,False,3,,993.16126,954.800847,124.07670397444959,298,118,0.3959731543624161,441,0.7666666666666666,36.48129,3.776229,951.024618
llama3.2:1b,batch_action_modular,001,2,0.7,1.0,500,0,True,False,False,2,,713.130192,675.899721,125.01021791107026,298,84,0.28187919463087246,318,0.9125,35.294721,3.954648,671.945073
llama3.2:1b,batch_action_modular,001,3,0.7,1.0,500,0,True,False,False,1,,467.109323,428.38536,120.26842412446587,298,51,0.17114093959731544,181,1.0,36.731194,4.333907,424.051453
llama3.2:1b,batch_action_modular,001,4,0.7,1.0,500,0,True,False,False,1,,418.335454,381.02700500000003,124.47508921089917,298,47,0.15771812080536912,150,0.6499999999999999,35.448001,3.441415,377.58559
llama3.2:1b,batch_action_modular,001,5,0.7,1.0,500,0,True,False,False,1,,427.027101,394.435817,122.95296064094887,298,48,0.1610738255033557,165,0.475,30.742589,4.042615,390.393202
llama3.2:1b,batch_action_modular,001,6,0.7,1.0,500,0,True,False,False,1,,465.609329,427.954384,122.70533994148154,298,52,0.174496644295302,188,1.0,35.576173,4.174946,423.779438
llama3.2:1b,batch_action_modular,001,7,0.7,1.0,500,0,True,False,False,2,,681.098325,642.06121,125.1843349111593,298,80,0.2684563758389262,310,0.825,37.055698,3.003615,639.057595
llama3.2:1b,batch_action_modular,001,8,0.7,1.0,500,0,True,False,False,1,,463.367055,425.700066,123.48340941739859,298,52,0.174496644295302,199,0.6499999999999999,35.636168,4.590864,421.109202
llama3.2:1b,batch_action_modular,001,9,0.7,1.0,500,0,True,False,False,1,,463.223184,440.898807,123.52105213438865,298,54,0.18120805369127516,201,0.475,20.249934,3.726365,437.172442
llama3.2:1b,batch_action_modular,001,10,0.7,1.0,500,0,True,False,False,1,,430.157411,392.563804,121.22395254483587,298,47,0.15771812080536912,168,0.825,35.420437,4.851648,387.712156
llama3.2:1b,batch_action_modular,001,1,0.7,1.0,500,40,True,False,False,1,,392.397706,355.921257,122.27979913489828,298,43,0.14429530201342283,154,0.6499999999999999,34.723014,4.268733,351.652524
llama3.2:1b,batch_action_modular,001,2,0.7,1.0,500,40,True,False,False,1,,415.894825,377.637089,122.99572549479221,298,46,0.15436241610738255,164,0.6499999999999999,36.328208,3.640352,373.996737
llama3.2:1b,batch_action_modular,001,3,0.7,1.0,500,40,True,False,False,1,,410.174066,372.89957400000003,122.020780947044,298,45,0.15100671140939598,153,0.6499999999999999,35.357708,4.109933,368.789641
llama3.2:1b,batch_action_modular,001,4,0.7,1.0,500,40,True,False,False,2,,939.495372,902.7873860000001,123.53530243463675,298,111,0.3724832214765101,407,0.825,34.892805,4.258805,898.528581
llama3.2:1b,batch_action_modular,001,5,0.7,1.0,500,40,True,False,False,2,,798.906192,760.521187,124.34141659289617,298,94,0.31543624161073824,364,0.825,36.011335,4.538164,755.983023
llama3.2:1b,batch_action_modular,001,6,0.7,1.0,500,40,True,False,False,2,,976.606467,939.451626,123.99767296132622,298,116,0.38926174496644295,499,0.6499999999999999,35.13917,3.950199,935.501427
llama3.2:1b,batch_action_modular,001,7,0.7,1.0,500,40,True,False,False,1,,423.789073,387.16400500000003,122.7006780554338,298,47,0.15771812080536912,161,0.6499999999999999,34.735005,4.118037,383.045968
llama3.2:1b,batch_action_modular,001,8,0.7,1.0,500,40,True,False,False,2,,840.334775,817.3247700000001,122.89396066584125,298,100,0.33557046979865773,358,0.7374999999999999,20.917248,3.615134,813.709636
llama3.2:1b,batch_action_modular,001,9,0.7,1.0,500,40,True,False,False,2,,646.809702,608.3022550000001,124.1029821968133,298,75,0.2516778523489933,281,0.6499999999999999,36.385714,3.965448,604.336807
llama3.2:1b,batch_action_modular,001,10,0.7,1.0,500,40,True,False,False,1,,417.059495,379.598443,122.42819645495904,298,46,0.15436241610738255,165,0.825,35.504974,3.868004,375.730439
llama3.2:1b,batch_action_modular,001,1,0.7,1.0,800,0,True,False,False,1,,378.779165,339.854108,122.04500757929264,298,41,0.13758389261744966,149,0.825,36.950714,3.912468,335.94164
llama3.2:1b,batch_action_modular,001,2,0.7,1.0,800,0,True,False,False,1,,491.790212,454.101569,122.24540782958411,298,55,0.18456375838926176,211,0.475,35.949677,4.186918,449.914651
llama3.2:1b,batch_action_modular,001,3,0.7,1.0,800,0,True,False,False,1,,425.745143,387.67326399999996,124.93058056607218,298,48,0.1610738255033557,173,0.825,36.481955,3.459889,384.213375
llama3.2:1b,batch_action_modular,001,4,0.7,1.0,800,0,True,False,False,1,,405.988245,383.942228,121.22953641801554,298,46,0.15436241610738255,169,0.6499999999999999,20.468797,4.496745,379.445483
llama3.2:1b,batch_action_modular,001,5,0.7,1.0,800,0,True,False,False,1,,457.508058,420.264148,124.69351981421875,298,52,0.174496644295302,188,1.0,35.405705,3.241675,417.022473
llama3.2:1b,batch_action_modular,001,6,0.7,1.0,800,0,True,False,False,1,,408.321814,371.33401,124.89008552535503,298,46,0.15436241610738255,159,0.825,34.966533,3.010137,368.323873
llama3.2:1b,batch_action_modular,001,7,0.7,1.0,800,0,True,False,False,2,,659.755454,622.923846,122.73853621223911,298,76,0.2550335570469799,284,0.7374999999999999,34.777985,3.721415,619.202431
llama3.2:1b,batch_action_modular,001,8,0.7,1.0,800,0,True,False,False,2,,799.89382,760.057585,124.37280563783092,298,94,0.31543624161073824,363,0.6499999999999999,37.914952,4.265356,755.792229
llama3.2:1b,batch_action_modular,001,9,0.7,1.0,800,0,True,False,False,1,,543.523204,505.901559,123.58048922238808,298,62,0.2080536912751678,242,0.475,35.669525,4.204241,501.697318
llama3.2:1b,batch_action_modular,001,10,0.7,1.0,800,0,True,False,False,1,,465.376877,426.743034,122.99103923475884,298,52,0.174496644295302,190,0.475,36.63837,3.948005,422.795029
llama3.2:1b,batch_action_modular,001,1,0.7,1.0,800,40,True,False,False,1,,447.600487,410.351998,123.01039360575442,298,50,0.16778523489932887,181,0.6499999999999999,35.481168,3.88228,406.469718
llama3.2:1b,batch_action_modular,001,2,0.7,1.0,800,40,True,False,False,1,,457.017021,419.67796300000003,124.88431059697339,298,52,0.174496644295302,192,0.825,35.403889,3.292592,416.385371
llama3.2:1b,batch_action_modular,001,3,0.7,1.0,800,40,True,False,False,1,,456.915346,418.975049,122.88999297702968,298,51,0.17114093959731544,181,1.0,36.008224,3.969736,415.005313
llama3.2:1b,batch_action_modular,001,4,0.7,1.0,800,40,True,False,False,1,,377.605638,347.87268,122.12164906736204,298,42,0.14093959731543623,139,0.6499999999999999,27.837836,3.953315,343.919365
llama3.2:1b,batch_action_modular,001,5,0.7,1.0,800,40,True,False,False,1,,515.077757,475.14025300000003,123.17723966644368,298,58,0.19463087248322147,230,0.6499999999999999,37.761499,4.274043,470.86621
llama3.2:1b,batch_action_modular,001,6,0.7,1.0,800,40,True,False,False,2,,742.790259,704.674089,124.19581798162984,298,87,0.29194630872483224,334,0.7374999999999999,36.180831,4.16741,700.506679
llama3.2:1b,batch_action_modular,001,7,0.7,1.0,800,40,True,False,False,1,,430.968725,391.916029,123.60349392777364,298,48,0.1610738255033557,171,0.825,37.127526,3.577492,388.338537
llama3.2:1b,batch_action_modular,001,8,0.7,1.0,800,40,True,False,False,1,,416.52443,378.491067,122.87790952150655,298,46,0.15436241610738255,161,0.6499999999999999,35.767036,4.13574,374.355327
llama3.2:1b,batch_action_modular,001,9,0.7,1.0,800,40,True,False,False,1,,462.897449,425.35634,123.5481253924138,298,52,0.174496644295302,188,1.0,35.941285,4.46772,420.88862
llama3.2:1b,batch_action_modular,001,10,0.7,1.0,800,40,True,False,False,1,,425.342433,387.16116999999997,125.07380755211649,298,48,0.1610738255033557,173,0.825,36.286541,3.387773,383.773397
