apk,arm,rep,timeout,lines,k4,k5,k7,mop_unique_tasks
app.eduroam.geteduroam_2685.apk,monkey,1,60,0,0,0,0,0
app.eduroam.geteduroam_2685.apk,monkey,3,60,7,2,7,7,7.0
app.eduroam.geteduroam_2685.apk,droidbot:dfs_greedy,1,60,7,2,7,7,7.0
app.eduroam.geteduroam_2685.apk,droidbot:dfs_greedy,1,180,14,2,7,7,7.0
app.eduroam.geteduroam_2685.apk,droidbot:dfs_greedy,1,300,133,2,7,7,7.0
app.eduroam.geteduroam_2685.apk,droidbot:dfs_greedy,2,60,7,2,7,7,7.0
app.eduroam.geteduroam_2685.apk,droidbot:dfs_greedy,2,180,70,2,7,7,7.0
app.eduroam.geteduroam_2685.apk,droidbot:dfs_greedy,2,300,161,2,7,7,7.0
app.eduroam.geteduroam_2685.apk,droidbot:dfs_greedy,3,60,7,2,7,7,7.0
app.eduroam.geteduroam_2685.apk,droidbot:dfs_greedy,3,180,14,2,7,7,7.0
app.eduroam.geteduroam_2685.apk,droidbot:dfs_greedy,3,300,161,2,7,7,7.0
app.eduroam.geteduroam_2685.apk,droidbot:bfs_greedy,1,60,7,2,7,7,7.0
app.eduroam.geteduroam_2685.apk,droidbot:bfs_greedy,1,180,70,2,7,7,7.0
app.eduroam.geteduroam_2685.apk,droidbot:bfs_greedy,1,300,140,2,7,7,7.0
app.eduroam.geteduroam_2685.apk,droidbot:bfs_greedy,2,60,7,2,7,7,7.0
app.eduroam.geteduroam_2685.apk,droidbot:bfs_greedy,2,180,70,2,7,7,7.0
app.eduroam.geteduroam_2685.apk,droidbot:bfs_greedy,2,300,21,2,7,7,7.0
app.eduroam.geteduroam_2685.apk,droidbot:bfs_greedy,3,60,7,2,7,7,7.0
app.eduroam.geteduroam_2685.apk,droidbot:bfs_greedy,3,180,14,2,7,7,7.0
app.eduroam.geteduroam_2685.apk,droidbot:bfs_greedy,3,300,154,2,7,7,7.0
app.eduroam.geteduroam_2685.apk,droidbot:dfs_naive,1,60,7,2,7,7,7.0
app.eduroam.geteduroam_2685.apk,droidbot:dfs_naive,1,180,7,2,7,7,7.0
app.eduroam.geteduroam_2685.apk,droidbot:dfs_naive,1,300,7,2,7,7,7.0
app.eduroam.geteduroam_2685.apk,droidbot:dfs_naive,2,60,7,2,7,7,7.0
app.eduroam.geteduroam_2685.apk,droidbot:dfs_naive,2,180,7,2,7,7,7.0
app.eduroam.geteduroam_2685.apk,droidbot:dfs_naive,2,300,7,2,7,7,7.0
app.eduroam.geteduroam_2685.apk,droidbot:dfs_naive,3,60,7,2,7,7,7.0
app.eduroam.geteduroam_2685.apk,droidbot:dfs_naive,3,180,7,2,7,7,7.0
app.eduroam.geteduroam_2685.apk,droidbot:dfs_naive,3,300,7,2,7,7,7.0
app.eduroam.geteduroam_2685.apk,droidbot:bfs_naive,1,60,7,2,7,7,7.0
app.eduroam.geteduroam_2685.apk,droidbot:bfs_naive,1,180,7,2,7,7,7.0
app.eduroam.geteduroam_2685.apk,droidbot:bfs_naive,1,300,7,2,7,7,7.0
app.eduroam.geteduroam_2685.apk,droidbot:bfs_naive,2,60,7,2,7,7,7.0
app.eduroam.geteduroam_2685.apk,droidbot:bfs_naive,2,180,7,2,7,7,7.0
app.eduroam.geteduroam_2685.apk,droidbot:bfs_naive,2,300,7,2,7,7,7.0
app.eduroam.geteduroam_2685.apk,droidbot:bfs_naive,3,60,7,2,7,7,7.0
app.eduroam.geteduroam_2685.apk,droidbot:bfs_naive,3,180,7,2,7,7,7.0
app.eduroam.geteduroam_2685.apk,droidbot:bfs_naive,3,300,7,2,7,7,7.0
app.eduroam.geteduroam_2685.apk,ape,1,60,7,2,7,7,7.0
app.eduroam.geteduroam_2685.apk,ape,1,180,14,2,7,7,7.0
app.eduroam.geteduroam_2685.apk,ape,1,300,7,2,7,7,7.0
app.eduroam.geteduroam_2685.apk,ape,2,60,7,2,7,7,7.0
app.eduroam.geteduroam_2685.apk,ape,2,180,14,2,7,7,7.0
app.eduroam.geteduroam_2685.apk,ape,2,300,15,2,7,7,7.0
app.eduroam.geteduroam_2685.apk,ape,3,60,14,2,7,7,7.0
app.eduroam.geteduroam_2685.apk,ape,3,180,21,2,7,7,7.0
app.eduroam.geteduroam_2685.apk,ape,3,300,39,2,7,7,7.0
app.eduroam.geteduroam_2685.apk,droidmate,1,60,7,2,7,7,7.0
app.eduroam.geteduroam_2685.apk,droidmate,1,180,70,2,7,7,7.0
app.eduroam.geteduroam_2685.apk,droidmate,1,300,133,2,7,7,7.0
app.eduroam.geteduroam_2685.apk,droidmate,2,60,7,2,7,7,7.0
app.eduroam.geteduroam_2685.apk,droidmate,2,180,70,2,7,7,7.0
app.eduroam.geteduroam_2685.apk,droidmate,2,300,140,2,7,7,7.0
app.eduroam.geteduroam_2685.apk,droidmate,3,60,14,2,7,7,7.0
app.eduroam.geteduroam_2685.apk,droidmate,3,180,77,2,7,7,7.0
app.eduroam.geteduroam_2685.apk,droidmate,3,300,140,2,7,7,7.0
app.eduroam.geteduroam_2685.apk,humanoid,1,60,7,2,7,7,7.0
app.eduroam.geteduroam_2685.apk,humanoid,1,180,7,2,7,7,7.0
app.eduroam.geteduroam_2685.apk,humanoid,1,300,14,2,7,7,7.0
app.eduroam.geteduroam_2685.apk,humanoid,2,60,7,2,7,7,7.0
app.eduroam.geteduroam_2685.apk,humanoid,2,180,21,2,7,7,7.0
app.eduroam.geteduroam_2685.apk,humanoid,2,300,14,2,7,7,7.0
app.eduroam.geteduroam_2685.apk,humanoid,3,60,7,2,7,7,7.0
app.eduroam.geteduroam_2685.apk,humanoid,3,180,14,2,7,7,7.0
app.eduroam.geteduroam_2685.apk,humanoid,3,300,14,2,7,7,7.0
app.eduroam.geteduroam_2685.apk,ares,1,60,14,2,7,7,7.0
app.eduroam.geteduroam_2685.apk,ares,1,180,14,2,7,7,7.0
app.eduroam.geteduroam_2685.apk,ares,1,300,14,2,7,7,7.0
app.eduroam.geteduroam_2685.apk,ares,2,60,14,2,7,7,7.0
app.eduroam.geteduroam_2685.apk,ares,2,180,14,2,7,7,7.0
app.eduroam.geteduroam_2685.apk,ares,2,300,14,2,7,7,7.0
app.eduroam.geteduroam_2685.apk,ares,3,60,14,2,7,7,7.0
app.eduroam.geteduroam_2685.apk,ares,3,180,14,2,7,7,7.0
app.eduroam.geteduroam_2685.apk,ares,3,300,14,2,7,7,7.0
app.eduroam.geteduroam_2685.apk,fastbot,1,60,7,2,7,7,7.0
app.eduroam.geteduroam_2685.apk,fastbot,1,180,14,2,7,7,7.0
app.eduroam.geteduroam_2685.apk,fastbot,1,300,0,0,0,0,0
app.eduroam.geteduroam_2685.apk,fastbot,2,60,7,2,7,7,7.0
app.eduroam.geteduroam_2685.apk,fastbot,2,180,7,2,7,7,7.0
app.eduroam.geteduroam_2685.apk,fastbot,2,300,7,2,7,7,7.0
app.eduroam.geteduroam_2685.apk,fastbot,3,60,7,2,7,7,7.0
app.eduroam.geteduroam_2685.apk,fastbot,3,180,7,2,7,7,7.0
app.eduroam.geteduroam_2685.apk,fastbot,3,300,7,2,7,7,7.0
app.eduroam.geteduroam_2685.apk,qtesting,1,60,21,2,7,7,7.0
app.eduroam.geteduroam_2685.apk,qtesting,1,180,56,2,7,7,7.0
app.eduroam.geteduroam_2685.apk,qtesting,1,300,140,2,7,7,7.0
app.eduroam.geteduroam_2685.apk,qtesting,2,60,21,2,7,7,7.0
app.eduroam.geteduroam_2685.apk,qtesting,2,180,63,2,7,7,7.0
app.eduroam.geteduroam_2685.apk,qtesting,2,300,126,2,7,7,7.0
app.eduroam.geteduroam_2685.apk,qtesting,3,60,21,2,7,7,7.0
app.eduroam.geteduroam_2685.apk,qtesting,3,180,63,2,7,7,7.0
app.eduroam.geteduroam_2685.apk,qtesting,3,300,112,2,7,7,7.0
ch.joshuah.bibleverseapp_8.apk,monkey,1,60,1,1,1,1,1.0
ch.joshuah.bibleverseapp_8.apk,droidbot:dfs_greedy,1,60,7,2,7,7,7.0
ch.joshuah.bibleverseapp_8.apk,droidbot:dfs_greedy,1,180,7,2,7,7,7.0
ch.joshuah.bibleverseapp_8.apk,droidbot:dfs_greedy,1,300,7,2,7,7,7.0
ch.joshuah.bibleverseapp_8.apk,droidbot:dfs_greedy,2,60,7,2,7,7,7.0
ch.joshuah.bibleverseapp_8.apk,droidbot:dfs_greedy,2,180,7,2,7,7,7.0
ch.joshuah.bibleverseapp_8.apk,droidbot:dfs_greedy,2,300,7,2,7,7,7.0
ch.joshuah.bibleverseapp_8.apk,droidbot:dfs_greedy,3,60,7,2,7,7,7.0
ch.joshuah.bibleverseapp_8.apk,droidbot:dfs_greedy,3,180,7,2,7,7,7.0
ch.joshuah.bibleverseapp_8.apk,droidbot:dfs_greedy,3,300,7,2,7,7,7.0
ch.joshuah.bibleverseapp_8.apk,droidbot:bfs_greedy,1,60,7,2,7,7,7.0
ch.joshuah.bibleverseapp_8.apk,droidbot:bfs_greedy,1,180,7,2,7,7,7.0
ch.joshuah.bibleverseapp_8.apk,droidbot:bfs_greedy,1,300,7,2,7,7,7.0
ch.joshuah.bibleverseapp_8.apk,droidbot:bfs_greedy,2,60,7,2,7,7,7.0
ch.joshuah.bibleverseapp_8.apk,droidbot:bfs_greedy,2,180,7,2,7,7,7.0
ch.joshuah.bibleverseapp_8.apk,droidbot:bfs_greedy,2,300,7,2,7,7,7.0
ch.joshuah.bibleverseapp_8.apk,droidbot:bfs_greedy,3,60,7,2,7,7,7.0
ch.joshuah.bibleverseapp_8.apk,droidbot:bfs_greedy,3,180,3,1,3,3,3.0
ch.joshuah.bibleverseapp_8.apk,droidbot:bfs_greedy,3,300,7,2,7,7,7.0
ch.joshuah.bibleverseapp_8.apk,droidbot:dfs_naive,1,60,7,2,7,7,7.0
ch.joshuah.bibleverseapp_8.apk,droidbot:dfs_naive,1,180,7,2,7,7,7.0
ch.joshuah.bibleverseapp_8.apk,droidbot:dfs_naive,1,300,7,2,7,7,7.0
ch.joshuah.bibleverseapp_8.apk,droidbot:dfs_naive,2,60,7,2,7,7,7.0
ch.joshuah.bibleverseapp_8.apk,droidbot:dfs_naive,2,180,7,2,7,7,7.0
ch.joshuah.bibleverseapp_8.apk,droidbot:dfs_naive,2,300,7,2,7,7,7.0
ch.joshuah.bibleverseapp_8.apk,droidbot:dfs_naive,3,60,7,2,7,7,7.0
ch.joshuah.bibleverseapp_8.apk,droidbot:dfs_naive,3,180,7,2,7,7,7.0
ch.joshuah.bibleverseapp_8.apk,droidbot:dfs_naive,3,300,7,2,7,7,7.0
ch.joshuah.bibleverseapp_8.apk,droidbot:bfs_naive,1,60,7,2,7,7,7.0
ch.joshuah.bibleverseapp_8.apk,droidbot:bfs_naive,1,180,7,2,7,7,7.0
ch.joshuah.bibleverseapp_8.apk,droidbot:bfs_naive,1,300,7,2,7,7,7.0
ch.joshuah.bibleverseapp_8.apk,droidbot:bfs_naive,2,60,7,2,7,7,7.0
ch.joshuah.bibleverseapp_8.apk,droidbot:bfs_naive,2,180,7,2,7,7,7.0
ch.joshuah.bibleverseapp_8.apk,droidbot:bfs_naive,2,300,7,2,7,7,7.0
ch.joshuah.bibleverseapp_8.apk,droidbot:bfs_naive,3,60,3,1,3,3,3.0
ch.joshuah.bibleverseapp_8.apk,droidbot:bfs_naive,3,180,7,2,7,7,7.0
ch.joshuah.bibleverseapp_8.apk,droidbot:bfs_naive,3,300,7,2,7,7,7.0
ch.joshuah.bibleverseapp_8.apk,ape,1,60,7,2,7,7,7.0
ch.joshuah.bibleverseapp_8.apk,ape,1,180,7,2,7,7,7.0
ch.joshuah.bibleverseapp_8.apk,ape,1,300,14,2,7,7,7.0
ch.joshuah.bibleverseapp_8.apk,ape,2,60,7,2,7,7,7.0
ch.joshuah.bibleverseapp_8.apk,ape,2,180,7,2,7,7,7.0
ch.joshuah.bibleverseapp_8.apk,ape,2,300,14,2,7,7,7.0
ch.joshuah.bibleverseapp_8.apk,ape,3,60,7,2,7,7,7.0
ch.joshuah.bibleverseapp_8.apk,ape,3,180,14,2,7,7,7.0
ch.joshuah.bibleverseapp_8.apk,ape,3,300,21,2,7,7,7.0
ch.joshuah.bibleverseapp_8.apk,droidmate,1,60,7,2,7,7,7.0
ch.joshuah.bibleverseapp_8.apk,droidmate,1,180,7,2,7,7,7.0
ch.joshuah.bibleverseapp_8.apk,droidmate,1,300,14,2,7,7,7.0
ch.joshuah.bibleverseapp_8.apk,droidmate,2,60,7,2,7,7,7.0
ch.joshuah.bibleverseapp_8.apk,droidmate,2,180,7,2,7,7,7.0
ch.joshuah.bibleverseapp_8.apk,droidmate,2,300,14,2,7,7,7.0
ch.joshuah.bibleverseapp_8.apk,droidmate,3,60,7,2,7,7,7.0
ch.joshuah.bibleverseapp_8.apk,droidmate,3,180,14,2,7,7,7.0
ch.joshuah.bibleverseapp_8.apk,droidmate,3,300,14,2,7,7,7.0
ch.joshuah.bibleverseapp_8.apk,humanoid,1,60,7,2,7,7,7.0
ch.joshuah.bibleverseapp_8.apk,humanoid,1,180,14,2,7,7,7.0
ch.joshuah.bibleverseapp_8.apk,humanoid,1,300,7,2,7,7,7.0
ch.joshuah.bibleverseapp_8.apk,humanoid,2,60,7,2,7,7,7.0
ch.joshuah.bibleverseapp_8.apk,humanoid,2,180,7,2,7,7,7.0
ch.joshuah.bibleverseapp_8.apk,humanoid,2,300,7,2,7,7,7.0
ch.joshuah.bibleverseapp_8.apk,humanoid,3,60,7,2,7,7,7.0
ch.joshuah.bibleverseapp_8.apk,humanoid,3,180,7,2,7,7,7.0
ch.joshuah.bibleverseapp_8.apk,humanoid,3,300,7,2,7,7,7.0
ch.joshuah.bibleverseapp_8.apk,ares,1,180,14,2,7,7,7.0
ch.joshuah.bibleverseapp_8.apk,ares,1,300,14,2,7,7,7.0
ch.joshuah.bibleverseapp_8.apk,ares,2,60,14,2,7,7,7.0
ch.joshuah.bibleverseapp_8.apk,ares,2,180,14,2,7,7,7.0
ch.joshuah.bibleverseapp_8.apk,ares,2,300,14,2,7,7,7.0
ch.joshuah.bibleverseapp_8.apk,ares,3,60,14,2,7,7,7.0
ch.joshuah.bibleverseapp_8.apk,ares,3,180,14,2,7,7,7.0
ch.joshuah.bibleverseapp_8.apk,ares,3,300,14,2,7,7,7.0
ch.joshuah.bibleverseapp_8.apk,fastbot,1,60,7,2,7,7,7.0
ch.joshuah.bibleverseapp_8.apk,fastbot,1,180,7,2,7,7,7.0
ch.joshuah.bibleverseapp_8.apk,fastbot,1,300,7,2,7,7,7.0
ch.joshuah.bibleverseapp_8.apk,fastbot,2,60,14,2,7,7,7.0
ch.joshuah.bibleverseapp_8.apk,fastbot,2,180,7,2,7,7,7.0
ch.joshuah.bibleverseapp_8.apk,fastbot,2,300,7,2,7,7,7.0
ch.joshuah.bibleverseapp_8.apk,fastbot,3,60,7,2,7,7,7.0
ch.joshuah.bibleverseapp_8.apk,fastbot,3,180,3,1,3,3,3.0
ch.joshuah.bibleverseapp_8.apk,fastbot,3,300,7,2,7,7,7.0
ch.joshuah.bibleverseapp_8.apk,qtesting,1,60,42,2,7,7,7.0
ch.joshuah.bibleverseapp_8.apk,qtesting,1,180,49,2,7,7,7.0
ch.joshuah.bibleverseapp_8.apk,qtesting,1,300,49,2,7,7,7.0
ch.joshuah.bibleverseapp_8.apk,qtesting,2,60,28,2,7,7,7.0
ch.joshuah.bibleverseapp_8.apk,qtesting,2,180,49,2,7,7,7.0
ch.joshuah.bibleverseapp_8.apk,qtesting,2,300,49,2,7,7,7.0
ch.joshuah.bibleverseapp_8.apk,qtesting,3,60,28,2,7,7,7.0
ch.joshuah.bibleverseapp_8.apk,qtesting,3,180,56,2,7,7,7.0
ch.joshuah.bibleverseapp_8.apk,qtesting,3,300,56,2,7,7,7.0
com.blacksquircle.ui_10028.apk,droidbot:dfs_greedy,1,60,0,0,0,0,0
com.blacksquircle.ui_10028.apk,droidbot:dfs_greedy,1,180,0,0,0,0,0
com.blacksquircle.ui_10028.apk,droidbot:dfs_greedy,1,300,0,0,0,0,0
com.blacksquircle.ui_10028.apk,droidbot:dfs_greedy,2,60,0,0,0,0,0
com.blacksquircle.ui_10028.apk,droidbot:dfs_greedy,2,180,0,0,0,0,0
com.blacksquircle.ui_10028.apk,droidbot:dfs_greedy,2,300,0,0,0,0,0
com.blacksquircle.ui_10028.apk,droidbot:dfs_greedy,3,60,0,0,0,0,0
com.blacksquircle.ui_10028.apk,droidbot:dfs_greedy,3,180,0,0,0,0,0
com.blacksquircle.ui_10028.apk,droidbot:dfs_greedy,3,300,0,0,0,0,0
com.blacksquircle.ui_10028.apk,droidbot:bfs_greedy,1,60,0,0,0,0,0
com.blacksquircle.ui_10028.apk,droidbot:bfs_greedy,1,180,0,0,0,0,0
com.blacksquircle.ui_10028.apk,droidbot:bfs_greedy,1,300,0,0,0,0,0
com.blacksquircle.ui_10028.apk,droidbot:bfs_greedy,2,60,0,0,0,0,0
com.blacksquircle.ui_10028.apk,droidbot:bfs_greedy,2,180,0,0,0,0,0
com.blacksquircle.ui_10028.apk,droidbot:bfs_greedy,2,300,0,0,0,0,0
com.blacksquircle.ui_10028.apk,droidbot:bfs_greedy,3,60,0,0,0,0,0
com.blacksquircle.ui_10028.apk,droidbot:bfs_greedy,3,180,0,0,0,0,0
com.blacksquircle.ui_10028.apk,droidbot:bfs_greedy,3,300,0,0,0,0,0
com.blacksquircle.ui_10028.apk,droidbot:dfs_naive,1,60,0,0,0,0,0
com.blacksquircle.ui_10028.apk,droidbot:dfs_naive,1,180,0,0,0,0,0
com.blacksquircle.ui_10028.apk,droidbot:dfs_naive,1,300,0,0,0,0,0
com.blacksquircle.ui_10028.apk,droidbot:dfs_naive,2,60,0,0,0,0,0
com.blacksquircle.ui_10028.apk,droidbot:dfs_naive,2,180,0,0,0,0,0
com.blacksquircle.ui_10028.apk,droidbot:dfs_naive,2,300,0,0,0,0,0
com.blacksquircle.ui_10028.apk,droidbot:dfs_naive,3,60,0,0,0,0,0
com.blacksquircle.ui_10028.apk,droidbot:dfs_naive,3,180,0,0,0,0,0
com.blacksquircle.ui_10028.apk,droidbot:dfs_naive,3,300,0,0,0,0,0
com.blacksquircle.ui_10028.apk,droidbot:bfs_naive,1,60,0,0,0,0,0
com.blacksquircle.ui_10028.apk,droidbot:bfs_naive,1,180,0,0,0,0,0
com.blacksquircle.ui_10028.apk,droidbot:bfs_naive,1,300,0,0,0,0,0
com.blacksquircle.ui_10028.apk,droidbot:bfs_naive,2,60,0,0,0,0,0
com.blacksquircle.ui_10028.apk,droidbot:bfs_naive,2,180,0,0,0,0,0
com.blacksquircle.ui_10028.apk,droidbot:bfs_naive,2,300,0,0,0,0,0
com.blacksquircle.ui_10028.apk,droidbot:bfs_naive,3,60,0,0,0,0,0
com.blacksquircle.ui_10028.apk,droidbot:bfs_naive,3,180,0,0,0,0,0
com.blacksquircle.ui_10028.apk,droidbot:bfs_naive,3,300,0,0,0,0,0
com.blacksquircle.ui_10028.apk,ape,1,60,0,0,0,0,0
com.blacksquircle.ui_10028.apk,ape,1,180,0,0,0,0,0
com.blacksquircle.ui_10028.apk,ape,1,300,0,0,0,0,0
com.blacksquircle.ui_10028.apk,ape,2,60,0,0,0,0,0
com.blacksquircle.ui_10028.apk,ape,2,180,0,0,0,0,0
com.blacksquircle.ui_10028.apk,ape,2,300,0,0,0,0,0
com.blacksquircle.ui_10028.apk,ape,3,60,0,0,0,0,0
com.blacksquircle.ui_10028.apk,ape,3,180,0,0,0,0,0
com.blacksquircle.ui_10028.apk,ape,3,300,0,0,0,0,0
com.blacksquircle.ui_10028.apk,droidmate,1,60,0,0,0,0,0
com.blacksquircle.ui_10028.apk,droidmate,1,180,0,0,0,0,0
com.blacksquircle.ui_10028.apk,droidmate,1,300,0,0,0,0,0
com.blacksquircle.ui_10028.apk,droidmate,2,60,0,0,0,0,0
com.blacksquircle.ui_10028.apk,droidmate,2,180,0,0,0,0,0
com.blacksquircle.ui_10028.apk,droidmate,2,300,0,0,0,0,0
com.blacksquircle.ui_10028.apk,droidmate,3,60,0,0,0,0,0
com.blacksquircle.ui_10028.apk,droidmate,3,180,0,0,0,0,0
com.blacksquircle.ui_10028.apk,droidmate,3,300,0,0,0,0,0
com.blacksquircle.ui_10028.apk,humanoid,1,60,0,0,0,0,0
com.blacksquircle.ui_10028.apk,humanoid,1,180,0,0,0,0,0
com.blacksquircle.ui_10028.apk,humanoid,1,300,0,0,0,0,0
com.blacksquircle.ui_10028.apk,humanoid,2,60,0,0,0,0,0
com.blacksquircle.ui_10028.apk,humanoid,2,180,0,0,0,0,0
com.blacksquircle.ui_10028.apk,humanoid,2,300,0,0,0,0,0
com.blacksquircle.ui_10028.apk,humanoid,3,60,0,0,0,0,0
com.blacksquircle.ui_10028.apk,humanoid,3,180,0,0,0,0,0
app.eduroam.geteduroam_2685.apk,monkey,2,60,7,2,7,7,7.0
ch.joshuah.bibleverseapp_8.apk,monkey,2,60,7,2,7,7,7.0
ch.joshuah.bibleverseapp_8.apk,monkey,3,60,7,2,7,7,7.0
ch.joshuah.bibleverseapp_8.apk,ares,1,60,14,2,7,7,7.0
com.blacksquircle.ui_10028.apk,monkey,1,60,0,0,0,0,0
com.blacksquircle.ui_10028.apk,monkey,3,60,0,0,0,0,0
com.blacksquircle.ui_10028.apk,humanoid,3,300,0,0,0,0,0
com.blacksquircle.ui_10028.apk,ares,1,60,0,0,0,0,0
com.blacksquircle.ui_10028.apk,ares,1,180,0,0,0,0,0
com.blacksquircle.ui_10028.apk,ares,1,300,0,0,0,0,0
com.blacksquircle.ui_10028.apk,ares,2,60,0,0,0,0,0
com.blacksquircle.ui_10028.apk,ares,2,180,0,0,0,0,0
com.blacksquircle.ui_10028.apk,ares,2,300,0,0,0,0,0
com.blacksquircle.ui_10028.apk,ares,3,60,0,0,0,0,0
com.blacksquircle.ui_10028.apk,ares,3,180,0,0,0,0,0
com.blacksquircle.ui_10028.apk,ares,3,300,0,0,0,0,0
com.blacksquircle.ui_10028.apk,fastbot,1,60,0,0,0,0,0
com.blacksquircle.ui_10028.apk,fastbot,1,180,0,0,0,0,0
com.blacksquircle.ui_10028.apk,fastbot,2,60,0,0,0,0,0
com.blacksquircle.ui_10028.apk,fastbot,2,180,0,0,0,0,0
com.blacksquircle.ui_10028.apk,fastbot,2,300,0,0,0,0,0
com.blacksquircle.ui_10028.apk,fastbot,3,60,0,0,0,0,0
com.blacksquircle.ui_10028.apk,fastbot,3,180,0,0,0,0,0
com.blacksquircle.ui_10028.apk,fastbot,3,300,0,0,0,0,0
com.blacksquircle.ui_10028.apk,qtesting,1,60,0,0,0,0,0
com.blacksquircle.ui_10028.apk,qtesting,1,180,0,0,0,0,0
com.blacksquircle.ui_10028.apk,qtesting,1,300,0,0,0,0,0
com.blacksquircle.ui_10028.apk,qtesting,2,60,0,0,0,0,0
com.blacksquircle.ui_10028.apk,qtesting,2,180,0,0,0,0,0
com.blacksquircle.ui_10028.apk,qtesting,2,300,0,0,0,0,0
com.blacksquircle.ui_10028.apk,qtesting,3,60,0,0,0,0,0
com.blacksquircle.ui_10028.apk,qtesting,3,180,0,0,0,0,0
com.blacksquircle.ui_10028.apk,qtesting,3,300,0,0,0,0,0
com.dessalines.thumbkey_179.apk,monkey,2,60,0,0,0,0,0
com.dessalines.thumbkey_179.apk,monkey,3,60,0,0,0,0,0
com.dessalines.thumbkey_179.apk,droidbot:dfs_greedy,1,60,0,0,0,0,0
com.dessalines.thumbkey_179.apk,droidbot:dfs_greedy,1,180,0,0,0,0,0
com.dessalines.thumbkey_179.apk,droidbot:dfs_greedy,1,300,0,0,0,0,0
com.dessalines.thumbkey_179.apk,droidbot:dfs_greedy,2,60,0,0,0,0,0
com.dessalines.thumbkey_179.apk,droidbot:dfs_greedy,2,180,0,0,0,0,0
com.dessalines.thumbkey_179.apk,droidbot:dfs_greedy,2,300,0,0,0,0,0
com.dessalines.thumbkey_179.apk,droidbot:dfs_greedy,3,60,0,0,0,0,0
com.dessalines.thumbkey_179.apk,droidbot:dfs_greedy,3,180,0,0,0,0,0
com.dessalines.thumbkey_179.apk,droidbot:dfs_greedy,3,300,0,0,0,0,0
com.dessalines.thumbkey_179.apk,droidbot:bfs_greedy,1,60,0,0,0,0,0
com.dessalines.thumbkey_179.apk,droidbot:bfs_greedy,1,180,0,0,0,0,0
com.dessalines.thumbkey_179.apk,droidbot:bfs_greedy,1,300,0,0,0,0,0
com.dessalines.thumbkey_179.apk,droidbot:bfs_greedy,2,60,0,0,0,0,0
com.dessalines.thumbkey_179.apk,droidbot:bfs_greedy,2,180,0,0,0,0,0
com.dessalines.thumbkey_179.apk,droidbot:bfs_greedy,2,300,0,0,0,0,0
com.dessalines.thumbkey_179.apk,droidbot:bfs_greedy,3,60,0,0,0,0,0
com.dessalines.thumbkey_179.apk,droidbot:bfs_greedy,3,180,0,0,0,0,0
com.dessalines.thumbkey_179.apk,droidbot:bfs_greedy,3,300,0,0,0,0,0
com.dessalines.thumbkey_179.apk,droidbot:dfs_naive,1,60,0,0,0,0,0
com.dessalines.thumbkey_179.apk,droidbot:dfs_naive,1,180,0,0,0,0,0
com.dessalines.thumbkey_179.apk,droidbot:dfs_naive,1,300,0,0,0,0,0
com.dessalines.thumbkey_179.apk,droidbot:dfs_naive,2,60,0,0,0,0,0
com.dessalines.thumbkey_179.apk,droidbot:dfs_naive,2,180,0,0,0,0,0
com.dessalines.thumbkey_179.apk,droidbot:dfs_naive,2,300,0,0,0,0,0
com.dessalines.thumbkey_179.apk,droidbot:dfs_naive,3,60,0,0,0,0,0
com.dessalines.thumbkey_179.apk,droidbot:dfs_naive,3,180,0,0,0,0,0
com.dessalines.thumbkey_179.apk,droidbot:dfs_naive,3,300,0,0,0,0,0
com.dessalines.thumbkey_179.apk,droidbot:bfs_naive,1,60,0,0,0,0,0
com.dessalines.thumbkey_179.apk,droidbot:bfs_naive,1,180,0,0,0,0,0
com.dessalines.thumbkey_179.apk,droidbot:bfs_naive,1,300,0,0,0,0,0
com.dessalines.thumbkey_179.apk,droidbot:bfs_naive,2,60,0,0,0,0,0
com.dessalines.thumbkey_179.apk,droidbot:bfs_naive,2,180,0,0,0,0,0
com.dessalines.thumbkey_179.apk,droidbot:bfs_naive,2,300,0,0,0,0,0
com.dessalines.thumbkey_179.apk,droidbot:bfs_naive,3,60,0,0,0,0,0
com.dessalines.thumbkey_179.apk,droidbot:bfs_naive,3,180,0,0,0,0,0
com.dessalines.thumbkey_179.apk,droidbot:bfs_naive,3,300,0,0,0,0,0
com.dessalines.thumbkey_179.apk,ape,1,60,0,0,0,0,0
com.dessalines.thumbkey_179.apk,ape,1,300,0,0,0,0,0
com.dessalines.thumbkey_179.apk,ape,2,60,0,0,0,0,0
com.dessalines.thumbkey_179.apk,ape,2,180,0,0,0,0,0
com.dessalines.thumbkey_179.apk,ape,2,300,0,0,0,0,0
com.dessalines.thumbkey_179.apk,ape,3,60,0,0,0,0,0
com.dessalines.thumbkey_179.apk,ape,3,180,0,0,0,0,0
com.dessalines.thumbkey_179.apk,ape,3,300,0,0,0,0,0
com.dessalines.thumbkey_179.apk,droidmate,1,60,0,0,0,0,0
com.dessalines.thumbkey_179.apk,droidmate,1,180,0,0,0,0,0
com.dessalines.thumbkey_179.apk,droidmate,1,300,0,0,0,0,0
com.dessalines.thumbkey_179.apk,droidmate,2,60,0,0,0,0,0
com.dessalines.thumbkey_179.apk,droidmate,2,180,0,0,0,0,0
com.dessalines.thumbkey_179.apk,droidmate,2,300,0,0,0,0,0
com.dessalines.thumbkey_179.apk,droidmate,3,60,0,0,0,0,0
com.dessalines.thumbkey_179.apk,droidmate,3,180,0,0,0,0,0
com.dessalines.thumbkey_179.apk,droidmate,3,300,0,0,0,0,0
com.dessalines.thumbkey_179.apk,humanoid,1,60,0,0,0,0,0
com.dessalines.thumbkey_179.apk,humanoid,1,300,0,0,0,0,0
com.dessalines.thumbkey_179.apk,humanoid,2,60,0,0,0,0,0
com.dessalines.thumbkey_179.apk,humanoid,2,180,0,0,0,0,0
com.dessalines.thumbkey_179.apk,humanoid,2,300,0,0,0,0,0
com.dessalines.thumbkey_179.apk,humanoid,3,60,0,0,0,0,0
com.dessalines.thumbkey_179.apk,humanoid,3,180,0,0,0,0,0
com.dessalines.thumbkey_179.apk,humanoid,3,300,0,0,0,0,0
com.dessalines.thumbkey_179.apk,ares,1,60,0,0,0,0,0
com.dessalines.thumbkey_179.apk,ares,1,180,0,0,0,0,0
com.dessalines.thumbkey_179.apk,ares,1,300,0,0,0,0,0
com.dessalines.thumbkey_179.apk,ares,2,60,0,0,0,0,0
com.dessalines.thumbkey_179.apk,ares,2,180,0,0,0,0,0
com.dessalines.thumbkey_179.apk,ares,2,300,0,0,0,0,0
com.dessalines.thumbkey_179.apk,ares,3,60,0,0,0,0,0
com.dessalines.thumbkey_179.apk,ares,3,180,0,0,0,0,0
com.dessalines.thumbkey_179.apk,ares,3,300,0,0,0,0,0
com.dessalines.thumbkey_179.apk,fastbot,1,60,0,0,0,0,0
com.dessalines.thumbkey_179.apk,fastbot,1,180,0,0,0,0,0
com.dessalines.thumbkey_179.apk,fastbot,1,300,0,0,0,0,0
com.dessalines.thumbkey_179.apk,fastbot,2,60,0,0,0,0,0
com.dessalines.thumbkey_179.apk,fastbot,2,180,0,0,0,0,0
com.dessalines.thumbkey_179.apk,fastbot,2,300,0,0,0,0,0
com.dessalines.thumbkey_179.apk,fastbot,3,60,0,0,0,0,0
com.dessalines.thumbkey_179.apk,fastbot,3,180,0,0,0,0,0
com.dessalines.thumbkey_179.apk,fastbot,3,300,0,0,0,0,0
com.dessalines.thumbkey_179.apk,qtesting,1,60,0,0,0,0,0
com.dessalines.thumbkey_179.apk,qtesting,1,180,0,0,0,0,0
com.dessalines.thumbkey_179.apk,qtesting,1,300,0,0,0,0,0
com.dessalines.thumbkey_179.apk,qtesting,2,60,0,0,0,0,0
com.dessalines.thumbkey_179.apk,qtesting,2,180,0,0,0,0,0
com.dessalines.thumbkey_179.apk,qtesting,2,300,0,0,0,0,0
com.dessalines.thumbkey_179.apk,qtesting,3,60,0,0,0,0,0
com.dessalines.thumbkey_179.apk,qtesting,3,180,0,0,0,0,0
app.eduroam.geteduroam_2685.apk,monkey,1,180,7,2,7,7,7.0
app.eduroam.geteduroam_2685.apk,monkey,1,300,7,2,7,7,7.0
app.eduroam.geteduroam_2685.apk,monkey,2,180,7,2,7,7,7.0
app.eduroam.geteduroam_2685.apk,monkey,2,300,0,0,0,0,0
app.eduroam.geteduroam_2685.apk,monkey,3,180,7,2,7,7,7.0
app.eduroam.geteduroam_2685.apk,monkey,3,300,14,2,7,7,7.0
ch.joshuah.bibleverseapp_8.apk,monkey,1,180,21,2,7,7,7.0
ch.joshuah.bibleverseapp_8.apk,monkey,1,300,42,2,7,7,7.0
ch.joshuah.bibleverseapp_8.apk,monkey,2,180,28,2,7,7,7.0
ch.joshuah.bibleverseapp_8.apk,monkey,2,300,70,2,7,7,7.0
ch.joshuah.bibleverseapp_8.apk,monkey,3,180,14,2,7,7,7.0
ch.joshuah.bibleverseapp_8.apk,monkey,3,300,49,2,7,7,7.0
com.blacksquircle.ui_10028.apk,monkey,1,180,0,0,0,0,0
com.blacksquircle.ui_10028.apk,monkey,1,300,0,0,0,0,0
com.blacksquircle.ui_10028.apk,monkey,2,60,0,0,0,0,0
com.blacksquircle.ui_10028.apk,monkey,2,180,0,0,0,0,0
com.blacksquircle.ui_10028.apk,monkey,2,300,0,0,0,0,0
com.blacksquircle.ui_10028.apk,monkey,3,180,0,0,0,0,0
com.blacksquircle.ui_10028.apk,monkey,3,300,0,0,0,0,0
com.blacksquircle.ui_10028.apk,fastbot,1,300,0,0,0,0,0
com.dessalines.thumbkey_179.apk,monkey,1,60,0,0,0,0,0
com.dessalines.thumbkey_179.apk,monkey,1,180,0,0,0,0,0
com.dessalines.thumbkey_179.apk,monkey,1,300,0,0,0,0,0
com.dessalines.thumbkey_179.apk,monkey,2,180,0,0,0,0,0
com.dessalines.thumbkey_179.apk,monkey,2,300,0,0,0,0,0
com.dessalines.thumbkey_179.apk,monkey,3,180,0,0,0,0,0
com.dessalines.thumbkey_179.apk,monkey,3,300,0,0,0,0,0
com.dessalines.thumbkey_179.apk,ape,1,180,0,0,0,0,0
com.dessalines.thumbkey_179.apk,humanoid,1,180,0,0,0,0,0
com.dessalines.thumbkey_179.apk,qtesting,3,300,0,0,0,0,0
com.gelakinetic.mtgfam_99.apk,monkey,1,60,0,0,0,0,0
com.gelakinetic.mtgfam_99.apk,monkey,1,180,0,0,0,0,0
com.gelakinetic.mtgfam_99.apk,monkey,1,300,0,0,0,0,0
com.gelakinetic.mtgfam_99.apk,monkey,2,60,3,3,3,3,3.0
com.gelakinetic.mtgfam_99.apk,monkey,2,180,0,0,0,0,0
com.gelakinetic.mtgfam_99.apk,monkey,2,300,0,0,0,0,0
com.gelakinetic.mtgfam_99.apk,monkey,3,60,0,0,0,0,0
com.gelakinetic.mtgfam_99.apk,monkey,3,180,0,0,0,0,0
com.gelakinetic.mtgfam_99.apk,monkey,3,300,3,3,3,3,3.0
com.gelakinetic.mtgfam_99.apk,droidbot:dfs_greedy,1,60,0,0,0,0,0
com.gelakinetic.mtgfam_99.apk,droidbot:dfs_greedy,1,180,0,0,0,0,0
com.gelakinetic.mtgfam_99.apk,droidbot:dfs_greedy,1,300,0,0,0,0,0
com.gelakinetic.mtgfam_99.apk,droidbot:dfs_greedy,2,60,0,0,0,0,0
com.gelakinetic.mtgfam_99.apk,droidbot:dfs_greedy,2,180,0,0,0,0,0
com.gelakinetic.mtgfam_99.apk,droidbot:dfs_greedy,2,300,0,0,0,0,0
com.gelakinetic.mtgfam_99.apk,droidbot:dfs_greedy,3,60,0,0,0,0,0
com.gelakinetic.mtgfam_99.apk,droidbot:dfs_greedy,3,180,0,0,0,0,0
com.gelakinetic.mtgfam_99.apk,droidbot:dfs_greedy,3,300,0,0,0,0,0
com.gelakinetic.mtgfam_99.apk,droidbot:bfs_greedy,1,60,0,0,0,0,0
com.gelakinetic.mtgfam_99.apk,droidbot:bfs_greedy,1,180,0,0,0,0,0
com.gelakinetic.mtgfam_99.apk,droidbot:bfs_greedy,1,300,0,0,0,0,0
com.gelakinetic.mtgfam_99.apk,droidbot:bfs_greedy,2,60,0,0,0,0,0
com.gelakinetic.mtgfam_99.apk,droidbot:bfs_greedy,2,180,0,0,0,0,0
com.gelakinetic.mtgfam_99.apk,droidbot:bfs_greedy,2,300,0,0,0,0,0
com.gelakinetic.mtgfam_99.apk,droidbot:bfs_greedy,3,60,0,0,0,0,0
com.gelakinetic.mtgfam_99.apk,droidbot:bfs_greedy,3,180,0,0,0,0,0
com.gelakinetic.mtgfam_99.apk,droidbot:bfs_greedy,3,300,0,0,0,0,0
com.gelakinetic.mtgfam_99.apk,droidbot:dfs_naive,1,60,0,0,0,0,0
com.gelakinetic.mtgfam_99.apk,droidbot:dfs_naive,1,180,0,0,0,0,0
com.gelakinetic.mtgfam_99.apk,droidbot:dfs_naive,1,300,0,0,0,0,0
com.gelakinetic.mtgfam_99.apk,droidbot:dfs_naive,2,60,0,0,0,0,0
com.gelakinetic.mtgfam_99.apk,droidbot:dfs_naive,2,180,0,0,0,0,0
com.gelakinetic.mtgfam_99.apk,droidbot:dfs_naive,2,300,0,0,0,0,0
com.gelakinetic.mtgfam_99.apk,droidbot:dfs_naive,3,60,0,0,0,0,0
com.gelakinetic.mtgfam_99.apk,droidbot:dfs_naive,3,180,0,0,0,0,0
com.gelakinetic.mtgfam_99.apk,droidbot:dfs_naive,3,300,0,0,0,0,0
com.gelakinetic.mtgfam_99.apk,droidbot:bfs_naive,1,60,0,0,0,0,0
com.gelakinetic.mtgfam_99.apk,droidbot:bfs_naive,1,180,0,0,0,0,0
com.gelakinetic.mtgfam_99.apk,droidbot:bfs_naive,1,300,0,0,0,0,0
com.gelakinetic.mtgfam_99.apk,droidbot:bfs_naive,2,60,0,0,0,0,0
com.gelakinetic.mtgfam_99.apk,droidbot:bfs_naive,2,180,0,0,0,0,0
com.gelakinetic.mtgfam_99.apk,droidbot:bfs_naive,2,300,0,0,0,0,0
com.gelakinetic.mtgfam_99.apk,droidbot:bfs_naive,3,60,0,0,0,0,0
com.gelakinetic.mtgfam_99.apk,droidbot:bfs_naive,3,180,0,0,0,0,0
com.gelakinetic.mtgfam_99.apk,droidbot:bfs_naive,3,300,0,0,0,0,0
com.gelakinetic.mtgfam_99.apk,ape,1,60,0,0,0,0,0
com.gelakinetic.mtgfam_99.apk,ape,1,180,0,0,0,0,0
com.gelakinetic.mtgfam_99.apk,ape,1,300,0,0,0,0,0
com.gelakinetic.mtgfam_99.apk,ape,2,60,0,0,0,0,0
com.gelakinetic.mtgfam_99.apk,ape,2,180,3,3,3,3,3.0
com.gelakinetic.mtgfam_99.apk,ape,2,300,3,3,3,3,3.0
com.gelakinetic.mtgfam_99.apk,ape,3,60,0,0,0,0,0
com.gelakinetic.mtgfam_99.apk,ape,3,180,0,0,0,0,0
com.gelakinetic.mtgfam_99.apk,ape,3,300,0,0,0,0,0
com.gelakinetic.mtgfam_99.apk,droidmate,1,60,0,0,0,0,0
com.gelakinetic.mtgfam_99.apk,droidmate,1,180,0,0,0,0,0
com.gelakinetic.mtgfam_99.apk,droidmate,1,300,0,0,0,0,0
com.gelakinetic.mtgfam_99.apk,droidmate,2,60,0,0,0,0,0
com.gelakinetic.mtgfam_99.apk,droidmate,2,180,0,0,0,0,0
com.gelakinetic.mtgfam_99.apk,droidmate,2,300,0,0,0,0,0
com.gelakinetic.mtgfam_99.apk,droidmate,3,60,0,0,0,0,0
com.gelakinetic.mtgfam_99.apk,droidmate,3,180,0,0,0,0,0
com.gelakinetic.mtgfam_99.apk,droidmate,3,300,0,0,0,0,0
com.gelakinetic.mtgfam_99.apk,humanoid,1,60,0,0,0,0,0
com.gelakinetic.mtgfam_99.apk,humanoid,1,180,0,0,0,0,0
com.gelakinetic.mtgfam_99.apk,humanoid,1,300,0,0,0,0,0
com.gelakinetic.mtgfam_99.apk,humanoid,2,60,0,0,0,0,0
com.gelakinetic.mtgfam_99.apk,humanoid,2,180,0,0,0,0,0
com.gelakinetic.mtgfam_99.apk,humanoid,2,300,0,0,0,0,0
com.gelakinetic.mtgfam_99.apk,humanoid,3,60,0,0,0,0,0
com.gelakinetic.mtgfam_99.apk,humanoid,3,180,0,0,0,0,0
com.gelakinetic.mtgfam_99.apk,humanoid,3,300,0,0,0,0,0
com.gelakinetic.mtgfam_99.apk,ares,1,60,0,0,0,0,0
com.gelakinetic.mtgfam_99.apk,ares,1,180,0,0,0,0,0
com.gelakinetic.mtgfam_99.apk,ares,1,300,0,0,0,0,0
com.gelakinetic.mtgfam_99.apk,ares,2,60,0,0,0,0,0
com.gelakinetic.mtgfam_99.apk,ares,2,180,0,0,0,0,0
com.gelakinetic.mtgfam_99.apk,ares,2,300,0,0,0,0,0
com.gelakinetic.mtgfam_99.apk,ares,3,60,0,0,0,0,0
com.gelakinetic.mtgfam_99.apk,ares,3,180,0,0,0,0,0
com.gelakinetic.mtgfam_99.apk,ares,3,300,0,0,0,0,0
com.gelakinetic.mtgfam_99.apk,fastbot,1,60,0,0,0,0,0
com.gelakinetic.mtgfam_99.apk,fastbot,1,180,0,0,0,0,0
com.gelakinetic.mtgfam_99.apk,fastbot,1,300,0,0,0,0,0
com.gelakinetic.mtgfam_99.apk,fastbot,2,60,0,0,0,0,0
com.gelakinetic.mtgfam_99.apk,fastbot,2,180,0,0,0,0,0
com.gelakinetic.mtgfam_99.apk,fastbot,2,300,3,3,3,3,3.0
com.gelakinetic.mtgfam_99.apk,fastbot,3,60,0,0,0,0,0
com.gelakinetic.mtgfam_99.apk,fastbot,3,180,0,0,0,0,0
com.gelakinetic.mtgfam_99.apk,fastbot,3,300,0,0,0,0,0
com.gelakinetic.mtgfam_99.apk,qtesting,1,60,0,0,0,0,0
com.gelakinetic.mtgfam_99.apk,qtesting,1,180,0,0,0,0,0
com.gelakinetic.mtgfam_99.apk,qtesting,1,300,0,0,0,0,0
com.gelakinetic.mtgfam_99.apk,qtesting,2,60,0,0,0,0,0
com.gelakinetic.mtgfam_99.apk,qtesting,2,180,0,0,0,0,0
com.gelakinetic.mtgfam_99.apk,qtesting,2,300,0,0,0,0,0
com.gelakinetic.mtgfam_99.apk,qtesting,3,60,0,0,0,0,0
com.gelakinetic.mtgfam_99.apk,qtesting,3,180,0,0,0,0,0
com.gelakinetic.mtgfam_99.apk,qtesting,3,300,0,0,0,0,0
com.kin.easynotes_14.apk,monkey,1,60,0,0,0,0,0
com.kin.easynotes_14.apk,monkey,1,180,0,0,0,0,0
com.kin.easynotes_14.apk,monkey,1,300,0,0,0,0,0
com.kin.easynotes_14.apk,monkey,2,60,0,0,0,0,0
com.kin.easynotes_14.apk,monkey,2,180,0,0,0,0,0
com.kin.easynotes_14.apk,monkey,2,300,0,0,0,0,0
com.kin.easynotes_14.apk,monkey,3,60,0,0,0,0,0
com.kin.easynotes_14.apk,monkey,3,180,0,0,0,0,0
com.kin.easynotes_14.apk,monkey,3,300,0,0,0,0,0
com.kin.easynotes_14.apk,droidbot:dfs_greedy,1,60,0,0,0,0,0
com.kin.easynotes_14.apk,droidbot:dfs_greedy,1,180,0,0,0,0,0
com.kin.easynotes_14.apk,droidbot:dfs_greedy,1,300,0,0,0,0,0
com.kin.easynotes_14.apk,droidbot:dfs_greedy,2,60,0,0,0,0,0
com.kin.easynotes_14.apk,droidbot:dfs_greedy,2,180,0,0,0,0,0
com.kin.easynotes_14.apk,droidbot:dfs_greedy,2,300,0,0,0,0,0
com.kin.easynotes_14.apk,droidbot:dfs_greedy,3,60,0,0,0,0,0
com.kin.easynotes_14.apk,droidbot:dfs_greedy,3,180,0,0,0,0,0
com.kin.easynotes_14.apk,droidbot:dfs_greedy,3,300,0,0,0,0,0
com.kin.easynotes_14.apk,droidbot:bfs_greedy,1,60,0,0,0,0,0
com.kin.easynotes_14.apk,droidbot:bfs_greedy,1,180,0,0,0,0,0
com.kin.easynotes_14.apk,droidbot:bfs_greedy,1,300,0,0,0,0,0
com.kin.easynotes_14.apk,droidbot:bfs_greedy,2,60,0,0,0,0,0
com.kin.easynotes_14.apk,droidbot:bfs_greedy,2,180,0,0,0,0,0
com.kin.easynotes_14.apk,droidbot:bfs_greedy,2,300,0,0,0,0,0
com.kin.easynotes_14.apk,droidbot:bfs_greedy,3,60,0,0,0,0,0
com.kin.easynotes_14.apk,droidbot:bfs_greedy,3,180,0,0,0,0,0
com.kin.easynotes_14.apk,droidbot:bfs_greedy,3,300,0,0,0,0,0
com.kin.easynotes_14.apk,droidbot:dfs_naive,1,60,0,0,0,0,0
com.kin.easynotes_14.apk,droidbot:dfs_naive,1,180,0,0,0,0,0
com.kin.easynotes_14.apk,droidbot:dfs_naive,1,300,0,0,0,0,0
com.kin.easynotes_14.apk,droidbot:dfs_naive,2,60,0,0,0,0,0
com.kin.easynotes_14.apk,droidbot:dfs_naive,2,180,0,0,0,0,0
com.kin.easynotes_14.apk,droidbot:dfs_naive,2,300,0,0,0,0,0
com.kin.easynotes_14.apk,droidbot:dfs_naive,3,60,0,0,0,0,0
com.kin.easynotes_14.apk,droidbot:dfs_naive,3,180,0,0,0,0,0
com.kin.easynotes_14.apk,droidbot:dfs_naive,3,300,0,0,0,0,0
com.kin.easynotes_14.apk,droidbot:bfs_naive,1,60,0,0,0,0,0
com.kin.easynotes_14.apk,droidbot:bfs_naive,1,180,0,0,0,0,0
com.kin.easynotes_14.apk,droidbot:bfs_naive,1,300,0,0,0,0,0
com.kin.easynotes_14.apk,droidbot:bfs_naive,2,60,0,0,0,0,0
com.kin.easynotes_14.apk,droidbot:bfs_naive,2,180,0,0,0,0,0
com.kin.easynotes_14.apk,droidbot:bfs_naive,2,300,0,0,0,0,0
com.kin.easynotes_14.apk,droidbot:bfs_naive,3,60,0,0,0,0,0
com.kin.easynotes_14.apk,droidbot:bfs_naive,3,180,0,0,0,0,0
com.kin.easynotes_14.apk,droidbot:bfs_naive,3,300,0,0,0,0,0
com.kin.easynotes_14.apk,ape,1,60,0,0,0,0,0
com.kin.easynotes_14.apk,ape,1,180,0,0,0,0,0
com.kin.easynotes_14.apk,ape,1,300,0,0,0,0,0
com.kin.easynotes_14.apk,ape,2,60,0,0,0,0,0
com.kin.easynotes_14.apk,ape,2,180,0,0,0,0,0
com.kin.easynotes_14.apk,ape,2,300,0,0,0,0,0
com.kin.easynotes_14.apk,ape,3,60,0,0,0,0,0
com.kin.easynotes_14.apk,ape,3,180,0,0,0,0,0
com.kin.easynotes_14.apk,ape,3,300,0,0,0,0,0
com.kin.easynotes_14.apk,droidmate,1,60,0,0,0,0,0
com.kin.easynotes_14.apk,droidmate,1,180,0,0,0,0,0
com.kin.easynotes_14.apk,droidmate,1,300,0,0,0,0,0
com.kin.easynotes_14.apk,droidmate,2,60,0,0,0,0,0
com.kin.easynotes_14.apk,droidmate,2,180,0,0,0,0,0
com.kin.easynotes_14.apk,droidmate,2,300,0,0,0,0,0
com.kin.easynotes_14.apk,droidmate,3,60,0,0,0,0,0
com.kin.easynotes_14.apk,droidmate,3,180,0,0,0,0,0
com.kin.easynotes_14.apk,droidmate,3,300,0,0,0,0,0
com.kin.easynotes_14.apk,humanoid,1,60,0,0,0,0,0
com.kin.easynotes_14.apk,humanoid,1,180,0,0,0,0,0
com.kin.easynotes_14.apk,humanoid,1,300,0,0,0,0,0
com.kin.easynotes_14.apk,humanoid,2,60,0,0,0,0,0
com.kin.easynotes_14.apk,humanoid,2,180,0,0,0,0,0
com.kin.easynotes_14.apk,humanoid,2,300,0,0,0,0,0
com.kin.easynotes_14.apk,humanoid,3,60,0,0,0,0,0
com.kin.easynotes_14.apk,humanoid,3,180,0,0,0,0,0
com.kin.easynotes_14.apk,humanoid,3,300,0,0,0,0,0
com.kin.easynotes_14.apk,ares,1,60,0,0,0,0,0
com.kin.easynotes_14.apk,ares,1,180,0,0,0,0,0
com.kin.easynotes_14.apk,ares,1,300,0,0,0,0,0
com.kin.easynotes_14.apk,ares,2,60,0,0,0,0,0
com.kin.easynotes_14.apk,ares,2,180,0,0,0,0,0
com.kin.easynotes_14.apk,ares,2,300,0,0,0,0,0
com.kin.easynotes_14.apk,ares,3,60,0,0,0,0,0
com.kin.easynotes_14.apk,ares,3,180,0,0,0,0,0
com.kin.easynotes_14.apk,ares,3,300,0,0,0,0,0
com.kin.easynotes_14.apk,fastbot,1,60,0,0,0,0,0
com.kin.easynotes_14.apk,fastbot,1,180,0,0,0,0,0
com.kin.easynotes_14.apk,fastbot,1,300,0,0,0,0,0
com.kin.easynotes_14.apk,fastbot,2,60,0,0,0,0,0
com.kin.easynotes_14.apk,fastbot,2,180,0,0,0,0,0
com.kin.easynotes_14.apk,fastbot,2,300,0,0,0,0,0
com.kin.easynotes_14.apk,fastbot,3,60,0,0,0,0,0
com.kin.easynotes_14.apk,fastbot,3,180,0,0,0,0,0
com.kin.easynotes_14.apk,fastbot,3,300,0,0,0,0,0
com.kin.easynotes_14.apk,qtesting,1,60,0,0,0,0,0
com.kin.easynotes_14.apk,qtesting,1,180,0,0,0,0,0
com.kin.easynotes_14.apk,qtesting,1,300,0,0,0,0,0
com.kin.easynotes_14.apk,qtesting,2,60,0,0,0,0,0
com.kin.easynotes_14.apk,qtesting,2,180,0,0,0,0,0
com.kin.easynotes_14.apk,qtesting,2,300,0,0,0,0,0
com.kin.easynotes_14.apk,qtesting,3,60,0,0,0,0,0
com.kin.easynotes_14.apk,qtesting,3,180,0,0,0,0,0
com.kin.easynotes_14.apk,qtesting,3,300,0,0,0,0,0
com.mensinator.app_24.apk,monkey,1,60,0,0,0,0,0
com.mensinator.app_24.apk,monkey,1,180,0,0,0,0,0
com.mensinator.app_24.apk,monkey,1,300,0,0,0,0,0
com.mensinator.app_24.apk,monkey,2,60,0,0,0,0,0
com.mensinator.app_24.apk,monkey,2,180,0,0,0,0,0
com.mensinator.app_24.apk,monkey,2,300,0,0,0,0,0
com.mensinator.app_24.apk,monkey,3,60,0,0,0,0,0
com.mensinator.app_24.apk,monkey,3,180,0,0,0,0,0
com.mensinator.app_24.apk,monkey,3,300,0,0,0,0,0
com.mensinator.app_24.apk,droidbot:dfs_greedy,1,60,0,0,0,0,0
com.mensinator.app_24.apk,droidbot:dfs_greedy,1,180,0,0,0,0,0
com.mensinator.app_24.apk,droidbot:dfs_greedy,1,300,0,0,0,0,0
com.mensinator.app_24.apk,droidbot:dfs_greedy,2,60,0,0,0,0,0
com.mensinator.app_24.apk,droidbot:dfs_greedy,2,180,0,0,0,0,0
com.mensinator.app_24.apk,droidbot:dfs_greedy,2,300,0,0,0,0,0
com.mensinator.app_24.apk,droidbot:dfs_greedy,3,60,0,0,0,0,0
com.mensinator.app_24.apk,droidbot:dfs_greedy,3,180,0,0,0,0,0
com.mensinator.app_24.apk,droidbot:dfs_greedy,3,300,0,0,0,0,0
com.mensinator.app_24.apk,droidbot:bfs_greedy,1,60,0,0,0,0,0
com.mensinator.app_24.apk,droidbot:bfs_greedy,1,180,0,0,0,0,0
com.mensinator.app_24.apk,droidbot:bfs_greedy,1,300,0,0,0,0,0
com.mensinator.app_24.apk,droidbot:bfs_greedy,2,60,0,0,0,0,0
com.mensinator.app_24.apk,droidbot:bfs_greedy,2,180,0,0,0,0,0
com.mensinator.app_24.apk,droidbot:bfs_greedy,2,300,0,0,0,0,0
com.mensinator.app_24.apk,droidbot:bfs_greedy,3,60,0,0,0,0,0
com.mensinator.app_24.apk,droidbot:bfs_greedy,3,180,0,0,0,0,0
com.mensinator.app_24.apk,droidbot:bfs_greedy,3,300,0,0,0,0,0
com.mensinator.app_24.apk,droidbot:dfs_naive,1,60,0,0,0,0,0
com.mensinator.app_24.apk,droidbot:dfs_naive,1,180,0,0,0,0,0
com.mensinator.app_24.apk,droidbot:dfs_naive,1,300,0,0,0,0,0
com.mensinator.app_24.apk,droidbot:dfs_naive,2,60,0,0,0,0,0
com.mensinator.app_24.apk,droidbot:dfs_naive,2,180,0,0,0,0,0
com.mensinator.app_24.apk,droidbot:dfs_naive,2,300,0,0,0,0,0
com.mensinator.app_24.apk,droidbot:dfs_naive,3,60,0,0,0,0,0
com.mensinator.app_24.apk,droidbot:dfs_naive,3,180,0,0,0,0,0
com.mensinator.app_24.apk,droidbot:dfs_naive,3,300,0,0,0,0,0
com.mensinator.app_24.apk,droidbot:bfs_naive,1,60,0,0,0,0,0
com.mensinator.app_24.apk,droidbot:bfs_naive,1,180,0,0,0,0,0
com.mensinator.app_24.apk,droidbot:bfs_naive,1,300,0,0,0,0,0
com.mensinator.app_24.apk,droidbot:bfs_naive,2,60,0,0,0,0,0
com.mensinator.app_24.apk,droidbot:bfs_naive,2,180,0,0,0,0,0
com.mensinator.app_24.apk,droidbot:bfs_naive,2,300,0,0,0,0,0
com.mensinator.app_24.apk,droidbot:bfs_naive,3,60,0,0,0,0,0
com.mensinator.app_24.apk,droidbot:bfs_naive,3,180,0,0,0,0,0
com.mensinator.app_24.apk,droidbot:bfs_naive,3,300,0,0,0,0,0
com.mensinator.app_24.apk,ape,1,60,0,0,0,0,0
com.mensinator.app_24.apk,ape,1,180,0,0,0,0,0
com.mensinator.app_24.apk,ape,1,300,0,0,0,0,0
com.mensinator.app_24.apk,ape,2,60,0,0,0,0,0
com.mensinator.app_24.apk,ape,2,180,0,0,0,0,0
com.mensinator.app_24.apk,ape,2,300,0,0,0,0,0
com.mensinator.app_24.apk,ape,3,60,0,0,0,0,0
com.mensinator.app_24.apk,ape,3,180,0,0,0,0,0
com.mensinator.app_24.apk,ape,3,300,0,0,0,0,0
com.mensinator.app_24.apk,droidmate,1,60,0,0,0,0,0
com.mensinator.app_24.apk,droidmate,1,180,0,0,0,0,0
com.mensinator.app_24.apk,droidmate,1,300,0,0,0,0,0
com.mensinator.app_24.apk,droidmate,2,60,0,0,0,0,0
com.mensinator.app_24.apk,droidmate,2,180,0,0,0,0,0
com.mensinator.app_24.apk,droidmate,2,300,0,0,0,0,0
com.mensinator.app_24.apk,droidmate,3,60,0,0,0,0,0
com.mensinator.app_24.apk,droidmate,3,180,0,0,0,0,0
com.mensinator.app_24.apk,droidmate,3,300,0,0,0,0,0
com.mensinator.app_24.apk,humanoid,1,60,0,0,0,0,0
com.mensinator.app_24.apk,humanoid,1,180,0,0,0,0,0
com.mensinator.app_24.apk,humanoid,1,300,0,0,0,0,0
com.mensinator.app_24.apk,humanoid,2,60,0,0,0,0,0
com.mensinator.app_24.apk,humanoid,2,180,0,0,0,0,0
com.mensinator.app_24.apk,humanoid,2,300,0,0,0,0,0
com.mensinator.app_24.apk,humanoid,3,60,0,0,0,0,0
com.mensinator.app_24.apk,humanoid,3,180,0,0,0,0,0
com.mensinator.app_24.apk,humanoid,3,300,0,0,0,0,0
com.mensinator.app_24.apk,ares,1,60,0,0,0,0,0
com.mensinator.app_24.apk,ares,1,180,0,0,0,0,0
com.mensinator.app_24.apk,ares,1,300,0,0,0,0,0
com.mensinator.app_24.apk,ares,2,60,0,0,0,0,0
com.mensinator.app_24.apk,ares,2,180,0,0,0,0,0
com.mensinator.app_24.apk,ares,2,300,0,0,0,0,0
com.mensinator.app_24.apk,ares,3,60,0,0,0,0,0
com.mensinator.app_24.apk,ares,3,300,0,0,0,0,0
com.mensinator.app_24.apk,fastbot,1,60,0,0,0,0,0
com.mensinator.app_24.apk,fastbot,1,180,0,0,0,0,0
com.mensinator.app_24.apk,fastbot,1,300,0,0,0,0,0
com.mensinator.app_24.apk,fastbot,2,60,0,0,0,0,0
com.mensinator.app_24.apk,fastbot,2,300,0,0,0,0,0
com.mensinator.app_24.apk,fastbot,3,60,0,0,0,0,0
com.mensinator.app_24.apk,fastbot,3,180,0,0,0,0,0
com.mensinator.app_24.apk,qtesting,1,60,0,0,0,0,0
com.mensinator.app_24.apk,qtesting,1,180,0,0,0,0,0
com.mensinator.app_24.apk,qtesting,1,300,0,0,0,0,0
com.mensinator.app_24.apk,qtesting,2,60,0,0,0,0,0
com.mensinator.app_24.apk,qtesting,2,180,0,0,0,0,0
com.mensinator.app_24.apk,qtesting,2,300,0,0,0,0,0
com.mensinator.app_24.apk,qtesting,3,60,0,0,0,0,0
com.mensinator.app_24.apk,qtesting,3,180,0,0,0,0,0
com.mensinator.app_24.apk,qtesting,3,300,0,0,0,0,0
com.sapuseven.untis_29198884.apk,monkey,1,60,3,1,3,3,3.0
com.sapuseven.untis_29198884.apk,monkey,1,180,31,16,25,25,25.0
com.sapuseven.untis_29198884.apk,monkey,1,300,3,1,3,3,3.0
com.sapuseven.untis_29198884.apk,monkey,2,60,3,1,3,3,3.0
com.sapuseven.untis_29198884.apk,monkey,2,180,31,16,25,25,25.0
com.sapuseven.untis_29198884.apk,monkey,2,300,31,16,25,25,25.0
com.sapuseven.untis_29198884.apk,monkey,3,60,31,16,25,25,25.0
com.sapuseven.untis_29198884.apk,monkey,3,180,31,16,25,25,25.0
com.sapuseven.untis_29198884.apk,monkey,3,300,31,16,25,25,25.0
com.sapuseven.untis_29198884.apk,droidbot:dfs_greedy,1,60,34,17,28,28,28.0
com.sapuseven.untis_29198884.apk,droidbot:dfs_greedy,1,180,34,17,28,28,28.0
com.sapuseven.untis_29198884.apk,droidbot:dfs_greedy,1,300,34,17,28,28,28.0
com.sapuseven.untis_29198884.apk,droidbot:dfs_greedy,2,60,34,17,28,28,28.0
com.sapuseven.untis_29198884.apk,droidbot:dfs_greedy,2,180,34,17,28,28,28.0
com.sapuseven.untis_29198884.apk,droidbot:dfs_greedy,2,300,34,17,28,28,28.0
com.sapuseven.untis_29198884.apk,droidbot:dfs_greedy,3,60,31,16,25,25,25.0
com.sapuseven.untis_29198884.apk,droidbot:dfs_greedy,3,180,34,17,28,28,28.0
com.sapuseven.untis_29198884.apk,droidbot:dfs_greedy,3,300,34,17,28,28,28.0
com.sapuseven.untis_29198884.apk,droidbot:bfs_greedy,1,60,3,1,3,3,3.0
com.sapuseven.untis_29198884.apk,droidbot:bfs_greedy,1,180,34,17,28,28,28.0
com.sapuseven.untis_29198884.apk,droidbot:bfs_greedy,1,300,34,17,28,28,28.0
com.sapuseven.untis_29198884.apk,droidbot:bfs_greedy,2,60,3,1,3,3,3.0
com.sapuseven.untis_29198884.apk,droidbot:bfs_greedy,2,180,34,17,28,28,28.0
com.sapuseven.untis_29198884.apk,droidbot:bfs_greedy,2,300,34,17,28,28,28.0
com.sapuseven.untis_29198884.apk,droidbot:bfs_greedy,3,60,3,1,3,3,3.0
com.sapuseven.untis_29198884.apk,droidbot:bfs_greedy,3,180,34,17,28,28,28.0
com.sapuseven.untis_29198884.apk,droidbot:bfs_greedy,3,300,34,17,28,28,28.0
com.sapuseven.untis_29198884.apk,droidbot:dfs_naive,1,60,3,1,3,3,3.0
com.sapuseven.untis_29198884.apk,droidbot:dfs_naive,1,180,34,17,28,28,28.0
com.sapuseven.untis_29198884.apk,droidbot:dfs_naive,1,300,34,17,28,28,28.0
com.sapuseven.untis_29198884.apk,droidbot:dfs_naive,2,60,31,16,25,25,25.0
com.sapuseven.untis_29198884.apk,droidbot:dfs_naive,2,180,34,17,28,28,28.0
com.sapuseven.untis_29198884.apk,droidbot:dfs_naive,2,300,34,17,28,28,28.0
com.sapuseven.untis_29198884.apk,droidbot:dfs_naive,3,60,31,16,25,25,25.0
com.sapuseven.untis_29198884.apk,droidbot:dfs_naive,3,180,34,17,28,28,28.0
com.sapuseven.untis_29198884.apk,droidbot:dfs_naive,3,300,34,17,28,28,28.0
com.mensinator.app_24.apk,ares,3,180,0,0,0,0,0
com.mensinator.app_24.apk,fastbot,2,180,0,0,0,0,0
com.mensinator.app_24.apk,fastbot,3,300,0,0,0,0,0
com.sapuseven.untis_29198884.apk,droidbot:bfs_naive,1,60,3,1,3,3,3.0
com.sapuseven.untis_29198884.apk,droidbot:bfs_naive,1,180,34,17,28,28,28.0
com.sapuseven.untis_29198884.apk,droidbot:bfs_naive,1,300,34,17,28,28,28.0
com.sapuseven.untis_29198884.apk,droidbot:bfs_naive,2,60,3,1,3,3,3.0
com.sapuseven.untis_29198884.apk,droidbot:bfs_naive,2,180,34,17,28,28,28.0
com.sapuseven.untis_29198884.apk,droidbot:bfs_naive,2,300,34,17,28,28,28.0
com.sapuseven.untis_29198884.apk,droidbot:bfs_naive,3,60,3,1,3,3,3.0
com.sapuseven.untis_29198884.apk,droidbot:bfs_naive,3,180,34,17,28,28,28.0
com.sapuseven.untis_29198884.apk,droidbot:bfs_naive,3,300,34,17,28,28,28.0
com.sapuseven.untis_29198884.apk,ape,1,60,31,16,25,25,25.0
com.sapuseven.untis_29198884.apk,ape,1,180,31,16,25,25,25.0
com.sapuseven.untis_29198884.apk,ape,1,300,68,17,28,28,28.0
com.sapuseven.untis_29198884.apk,ape,2,60,31,16,25,25,25.0
com.sapuseven.untis_29198884.apk,ape,2,180,34,17,28,28,28.0
com.sapuseven.untis_29198884.apk,ape,2,300,31,16,25,25,25.0
com.sapuseven.untis_29198884.apk,ape,3,60,31,16,25,25,25.0
com.sapuseven.untis_29198884.apk,ape,3,180,31,16,25,25,25.0
com.sapuseven.untis_29198884.apk,ape,3,300,30,16,24,24,24.0
com.sapuseven.untis_29198884.apk,droidmate,1,60,34,17,28,28,28.0
com.sapuseven.untis_29198884.apk,droidmate,1,180,34,17,28,28,28.0
com.sapuseven.untis_29198884.apk,droidmate,1,300,37,17,28,28,28.0
com.sapuseven.untis_29198884.apk,droidmate,2,60,34,17,28,28,28.0
com.sapuseven.untis_29198884.apk,droidmate,2,180,34,17,28,28,28.0
com.sapuseven.untis_29198884.apk,droidmate,2,300,65,17,29,29,29.0
com.sapuseven.untis_29198884.apk,droidmate,3,60,34,17,28,28,28.0
com.sapuseven.untis_29198884.apk,droidmate,3,180,34,17,28,28,28.0
com.sapuseven.untis_29198884.apk,droidmate,3,300,65,17,29,29,29.0
com.sapuseven.untis_29198884.apk,humanoid,1,60,31,16,25,25,25.0
com.sapuseven.untis_29198884.apk,humanoid,1,180,3,1,3,3,3.0
com.sapuseven.untis_29198884.apk,humanoid,1,300,34,17,28,28,28.0
com.sapuseven.untis_29198884.apk,humanoid,2,60,3,1,3,3,3.0
com.sapuseven.untis_29198884.apk,humanoid,2,180,3,1,3,3,3.0
com.sapuseven.untis_29198884.apk,humanoid,2,300,31,16,25,25,25.0
com.sapuseven.untis_29198884.apk,humanoid,3,180,3,1,3,3,3.0
com.sapuseven.untis_29198884.apk,ares,1,60,6,1,3,3,3.0
com.sapuseven.untis_29198884.apk,ares,1,180,37,17,28,28,28.0
com.sapuseven.untis_29198884.apk,ares,1,300,6,1,3,3,3.0
com.sapuseven.untis_29198884.apk,ares,2,60,34,16,25,25,25.0
com.sapuseven.untis_29198884.apk,ares,2,180,37,17,28,28,28.0
com.sapuseven.untis_29198884.apk,ares,2,300,31,16,25,25,25.0
com.sapuseven.untis_29198884.apk,ares,3,60,6,1,3,3,3.0
com.sapuseven.untis_29198884.apk,ares,3,180,34,16,25,25,25.0
com.sapuseven.untis_29198884.apk,ares,3,300,37,17,28,28,28.0
com.sapuseven.untis_29198884.apk,fastbot,1,60,34,17,28,28,28.0
com.sapuseven.untis_29198884.apk,fastbot,1,180,34,17,28,28,28.0
com.sapuseven.untis_29198884.apk,fastbot,1,300,34,17,28,28,28.0
com.sapuseven.untis_29198884.apk,fastbot,2,60,3,1,3,3,3.0
com.sapuseven.untis_29198884.apk,fastbot,2,180,34,17,28,28,28.0
com.sapuseven.untis_29198884.apk,fastbot,2,300,34,17,28,28,28.0
com.sapuseven.untis_29198884.apk,fastbot,3,60,8,3,8,8,8.0
com.sapuseven.untis_29198884.apk,fastbot,3,180,34,17,28,28,28.0
com.sapuseven.untis_29198884.apk,fastbot,3,300,34,17,28,28,28.0
com.sapuseven.untis_29198884.apk,qtesting,1,60,6,1,3,3,3.0
com.sapuseven.untis_29198884.apk,qtesting,1,180,33,12,21,21,21.0
com.sapuseven.untis_29198884.apk,qtesting,1,300,37,17,28,28,28.0
com.sapuseven.untis_29198884.apk,qtesting,2,60,3,1,3,3,3.0
com.sapuseven.untis_29198884.apk,qtesting,2,180,37,17,28,28,28.0
com.sapuseven.untis_29198884.apk,qtesting,2,300,68,17,28,28,28.0
com.sapuseven.untis_29198884.apk,qtesting,3,60,3,1,3,3,3.0
com.sapuseven.untis_29198884.apk,qtesting,3,180,37,17,28,28,28.0
com.sapuseven.untis_29198884.apk,qtesting,3,300,37,17,28,28,28.0
com.tananaev.passportreader_22.apk,monkey,1,60,40,18,37,37,37.0
com.tananaev.passportreader_22.apk,monkey,1,180,40,18,37,37,37.0
com.tananaev.passportreader_22.apk,monkey,1,300,40,18,37,37,37.0
com.tananaev.passportreader_22.apk,monkey,2,60,40,18,37,37,37.0
com.tananaev.passportreader_22.apk,monkey,2,180,40,18,37,37,37.0
com.tananaev.passportreader_22.apk,monkey,2,300,40,18,37,37,37.0
com.tananaev.passportreader_22.apk,monkey,3,60,40,18,37,37,37.0
com.tananaev.passportreader_22.apk,monkey,3,180,40,18,37,37,37.0
com.tananaev.passportreader_22.apk,monkey,3,300,40,18,37,37,37.0
com.tananaev.passportreader_22.apk,droidbot:dfs_greedy,1,60,40,18,37,37,37.0
com.tananaev.passportreader_22.apk,droidbot:dfs_greedy,1,180,40,18,37,37,37.0
com.tananaev.passportreader_22.apk,droidbot:dfs_greedy,1,300,40,18,37,37,37.0
com.tananaev.passportreader_22.apk,droidbot:dfs_greedy,2,60,40,18,37,37,37.0
com.tananaev.passportreader_22.apk,droidbot:dfs_greedy,2,180,40,18,37,37,37.0
com.tananaev.passportreader_22.apk,droidbot:dfs_greedy,2,300,40,18,37,37,37.0
com.tananaev.passportreader_22.apk,droidbot:dfs_greedy,3,60,40,18,37,37,37.0
com.tananaev.passportreader_22.apk,droidbot:dfs_greedy,3,180,40,18,37,37,37.0
com.tananaev.passportreader_22.apk,droidbot:dfs_greedy,3,300,40,18,37,37,37.0
com.tananaev.passportreader_22.apk,droidbot:bfs_greedy,1,60,40,18,37,37,37.0
com.tananaev.passportreader_22.apk,droidbot:bfs_greedy,1,180,40,18,37,37,37.0
com.tananaev.passportreader_22.apk,droidbot:bfs_greedy,1,300,40,18,37,37,37.0
com.tananaev.passportreader_22.apk,droidbot:bfs_greedy,2,60,40,18,37,37,37.0
com.tananaev.passportreader_22.apk,droidbot:bfs_greedy,2,180,40,18,37,37,37.0
com.tananaev.passportreader_22.apk,droidbot:bfs_greedy,2,300,40,18,37,37,37.0
com.tananaev.passportreader_22.apk,droidbot:bfs_greedy,3,60,40,18,37,37,37.0
com.tananaev.passportreader_22.apk,droidbot:bfs_greedy,3,180,40,18,37,37,37.0
com.tananaev.passportreader_22.apk,droidbot:bfs_greedy,3,300,40,18,37,37,37.0
com.tananaev.passportreader_22.apk,droidbot:dfs_naive,1,60,40,18,37,37,37.0
com.tananaev.passportreader_22.apk,droidbot:dfs_naive,1,180,40,18,37,37,37.0
com.tananaev.passportreader_22.apk,droidbot:dfs_naive,1,300,40,18,37,37,37.0
com.tananaev.passportreader_22.apk,droidbot:dfs_naive,2,60,40,18,37,37,37.0
com.tananaev.passportreader_22.apk,droidbot:dfs_naive,2,180,40,18,37,37,37.0
com.tananaev.passportreader_22.apk,droidbot:dfs_naive,2,300,40,18,37,37,37.0
com.tananaev.passportreader_22.apk,droidbot:dfs_naive,3,60,36,16,33,33,33.0
com.tananaev.passportreader_22.apk,droidbot:dfs_naive,3,180,40,18,37,37,37.0
com.tananaev.passportreader_22.apk,droidbot:dfs_naive,3,300,40,18,37,37,37.0
com.tananaev.passportreader_22.apk,droidbot:bfs_naive,1,60,40,18,37,37,37.0
com.tananaev.passportreader_22.apk,droidbot:bfs_naive,1,180,40,18,37,37,37.0
com.tananaev.passportreader_22.apk,droidbot:bfs_naive,1,300,40,18,37,37,37.0
com.tananaev.passportreader_22.apk,droidbot:bfs_naive,2,60,40,18,37,37,37.0
com.tananaev.passportreader_22.apk,droidbot:bfs_naive,2,180,40,18,37,37,37.0
com.tananaev.passportreader_22.apk,droidbot:bfs_naive,2,300,40,18,37,37,37.0
com.tananaev.passportreader_22.apk,droidbot:bfs_naive,3,60,40,18,37,37,37.0
com.tananaev.passportreader_22.apk,droidbot:bfs_naive,3,180,40,18,37,37,37.0
com.tananaev.passportreader_22.apk,ape,1,60,79,18,37,37,37.0
com.tananaev.passportreader_22.apk,ape,1,180,77,18,37,37,37.0
com.tananaev.passportreader_22.apk,ape,1,300,151,18,37,37,37.0
com.tananaev.passportreader_22.apk,ape,2,60,76,18,37,37,37.0
com.tananaev.passportreader_22.apk,ape,2,180,116,18,37,37,37.0
com.tananaev.passportreader_22.apk,ape,2,300,225,18,37,37,37.0
com.tananaev.passportreader_22.apk,ape,3,60,40,18,37,37,37.0
com.tananaev.passportreader_22.apk,ape,3,180,77,18,37,37,37.0
com.tananaev.passportreader_22.apk,ape,3,300,192,18,38,38,38.0
com.tananaev.passportreader_22.apk,droidmate,1,60,40,18,37,37,37.0
com.tananaev.passportreader_22.apk,droidmate,1,180,120,18,38,38,38.0
com.tananaev.passportreader_22.apk,droidmate,1,300,240,18,37,37,37.0
com.tananaev.passportreader_22.apk,droidmate,2,60,40,18,37,37,37.0
com.tananaev.passportreader_22.apk,droidmate,2,180,120,18,37,37,37.0
com.tananaev.passportreader_22.apk,droidmate,2,300,240,18,38,38,38.0
com.tananaev.passportreader_22.apk,droidmate,3,60,40,18,37,37,37.0
com.tananaev.passportreader_22.apk,droidmate,3,300,240,18,38,38,38.0
com.tananaev.passportreader_22.apk,humanoid,1,60,40,18,37,37,37.0
com.tananaev.passportreader_22.apk,humanoid,1,180,40,18,37,37,37.0
com.tananaev.passportreader_22.apk,humanoid,1,300,40,18,37,37,37.0
com.tananaev.passportreader_22.apk,humanoid,2,60,40,18,37,37,37.0
com.tananaev.passportreader_22.apk,humanoid,2,180,40,18,37,37,37.0
com.tananaev.passportreader_22.apk,humanoid,2,300,40,18,37,37,37.0
com.tananaev.passportreader_22.apk,humanoid,3,60,40,18,37,37,37.0
com.tananaev.passportreader_22.apk,humanoid,3,180,40,18,37,37,37.0
com.tananaev.passportreader_22.apk,humanoid,3,300,40,18,37,37,37.0
com.tananaev.passportreader_22.apk,ares,1,60,80,18,37,37,37.0
com.tananaev.passportreader_22.apk,ares,1,180,80,18,37,37,37.0
com.tananaev.passportreader_22.apk,ares,1,300,80,18,37,37,37.0
com.tananaev.passportreader_22.apk,ares,2,60,80,18,37,37,37.0
com.tananaev.passportreader_22.apk,ares,2,180,80,18,37,37,37.0
com.tananaev.passportreader_22.apk,ares,2,300,80,18,37,37,37.0
com.tananaev.passportreader_22.apk,ares,3,60,80,18,37,37,37.0
com.tananaev.passportreader_22.apk,ares,3,180,80,18,37,37,37.0
com.tananaev.passportreader_22.apk,ares,3,300,80,18,37,37,37.0
com.tananaev.passportreader_22.apk,fastbot,1,60,40,18,37,37,37.0
com.tananaev.passportreader_22.apk,fastbot,1,180,114,18,37,37,37.0
com.tananaev.passportreader_22.apk,fastbot,1,300,40,18,37,37,37.0
com.tananaev.passportreader_22.apk,fastbot,2,60,40,18,37,37,37.0
com.tananaev.passportreader_22.apk,fastbot,2,180,40,18,37,37,37.0
com.tananaev.passportreader_22.apk,fastbot,2,300,77,18,37,37,37.0
com.tananaev.passportreader_22.apk,fastbot,3,60,40,18,37,37,37.0
com.tananaev.passportreader_22.apk,fastbot,3,180,40,18,37,37,37.0
com.tananaev.passportreader_22.apk,fastbot,3,300,40,18,37,37,37.0
com.tananaev.passportreader_22.apk,qtesting,1,60,150,18,37,37,37.0
com.tananaev.passportreader_22.apk,qtesting,1,180,446,18,37,37,37.0
com.tananaev.passportreader_22.apk,qtesting,1,300,705,18,37,37,37.0
com.tananaev.passportreader_22.apk,qtesting,2,60,129,18,37,37,37.0
com.tananaev.passportreader_22.apk,qtesting,2,180,373,18,37,37,37.0
com.tananaev.passportreader_22.apk,qtesting,2,300,595,18,37,37,37.0
com.tananaev.passportreader_22.apk,qtesting,3,60,150,18,37,37,37.0
com.tananaev.passportreader_22.apk,qtesting,3,180,520,18,37,37,37.0
com.tananaev.passportreader_22.apk,qtesting,3,300,779,18,37,37,37.0
de.markusfisch.android.shadereditor_93.apk,monkey,1,60,0,0,0,0,0
de.markusfisch.android.shadereditor_93.apk,monkey,1,180,0,0,0,0,0
de.markusfisch.android.shadereditor_93.apk,monkey,1,300,0,0,0,0,0
de.markusfisch.android.shadereditor_93.apk,monkey,2,60,0,0,0,0,0
de.markusfisch.android.shadereditor_93.apk,monkey,2,180,0,0,0,0,0
de.markusfisch.android.shadereditor_93.apk,monkey,2,300,0,0,0,0,0
de.markusfisch.android.shadereditor_93.apk,monkey,3,60,0,0,0,0,0
de.markusfisch.android.shadereditor_93.apk,monkey,3,180,0,0,0,0,0
de.markusfisch.android.shadereditor_93.apk,monkey,3,300,0,0,0,0,0
de.markusfisch.android.shadereditor_93.apk,droidbot:dfs_greedy,1,60,0,0,0,0,0
de.markusfisch.android.shadereditor_93.apk,droidbot:dfs_greedy,1,180,0,0,0,0,0
de.markusfisch.android.shadereditor_93.apk,droidbot:dfs_greedy,1,300,0,0,0,0,0
de.markusfisch.android.shadereditor_93.apk,droidbot:dfs_greedy,2,60,0,0,0,0,0
de.markusfisch.android.shadereditor_93.apk,droidbot:dfs_greedy,2,180,0,0,0,0,0
de.markusfisch.android.shadereditor_93.apk,droidbot:dfs_greedy,2,300,0,0,0,0,0
de.markusfisch.android.shadereditor_93.apk,droidbot:dfs_greedy,3,60,0,0,0,0,0
de.markusfisch.android.shadereditor_93.apk,droidbot:dfs_greedy,3,180,0,0,0,0,0
de.markusfisch.android.shadereditor_93.apk,droidbot:dfs_greedy,3,300,0,0,0,0,0
de.markusfisch.android.shadereditor_93.apk,droidbot:bfs_greedy,1,60,0,0,0,0,0
de.markusfisch.android.shadereditor_93.apk,droidbot:bfs_greedy,1,180,0,0,0,0,0
de.markusfisch.android.shadereditor_93.apk,droidbot:bfs_greedy,1,300,0,0,0,0,0
de.markusfisch.android.shadereditor_93.apk,droidbot:bfs_greedy,2,60,0,0,0,0,0
de.markusfisch.android.shadereditor_93.apk,droidbot:bfs_greedy,2,180,0,0,0,0,0
de.markusfisch.android.shadereditor_93.apk,droidbot:bfs_greedy,2,300,0,0,0,0,0
de.markusfisch.android.shadereditor_93.apk,droidbot:bfs_greedy,3,60,0,0,0,0,0
de.markusfisch.android.shadereditor_93.apk,droidbot:bfs_greedy,3,180,0,0,0,0,0
de.markusfisch.android.shadereditor_93.apk,droidbot:bfs_greedy,3,300,0,0,0,0,0
de.markusfisch.android.shadereditor_93.apk,droidbot:dfs_naive,1,60,0,0,0,0,0
de.markusfisch.android.shadereditor_93.apk,droidbot:dfs_naive,1,180,0,0,0,0,0
de.markusfisch.android.shadereditor_93.apk,droidbot:dfs_naive,1,300,0,0,0,0,0
de.markusfisch.android.shadereditor_93.apk,droidbot:dfs_naive,2,60,0,0,0,0,0
de.markusfisch.android.shadereditor_93.apk,droidbot:dfs_naive,2,180,0,0,0,0,0
de.markusfisch.android.shadereditor_93.apk,droidbot:dfs_naive,2,300,0,0,0,0,0
de.markusfisch.android.shadereditor_93.apk,droidbot:dfs_naive,3,60,0,0,0,0,0
de.markusfisch.android.shadereditor_93.apk,droidbot:dfs_naive,3,180,0,0,0,0,0
de.markusfisch.android.shadereditor_93.apk,droidbot:dfs_naive,3,300,0,0,0,0,0
de.markusfisch.android.shadereditor_93.apk,droidbot:bfs_naive,1,60,0,0,0,0,0
de.markusfisch.android.shadereditor_93.apk,droidbot:bfs_naive,1,180,0,0,0,0,0
de.markusfisch.android.shadereditor_93.apk,droidbot:bfs_naive,1,300,0,0,0,0,0
de.markusfisch.android.shadereditor_93.apk,droidbot:bfs_naive,2,60,0,0,0,0,0
de.markusfisch.android.shadereditor_93.apk,droidbot:bfs_naive,2,180,0,0,0,0,0
de.markusfisch.android.shadereditor_93.apk,droidbot:bfs_naive,2,300,0,0,0,0,0
de.markusfisch.android.shadereditor_93.apk,droidbot:bfs_naive,3,60,0,0,0,0,0
de.markusfisch.android.shadereditor_93.apk,droidbot:bfs_naive,3,180,0,0,0,0,0
de.markusfisch.android.shadereditor_93.apk,droidbot:bfs_naive,3,300,0,0,0,0,0
de.markusfisch.android.shadereditor_93.apk,ape,1,60,0,0,0,0,0
de.markusfisch.android.shadereditor_93.apk,ape,1,180,0,0,0,0,0
de.markusfisch.android.shadereditor_93.apk,ape,1,300,0,0,0,0,0
de.markusfisch.android.shadereditor_93.apk,ape,2,60,0,0,0,0,0
de.markusfisch.android.shadereditor_93.apk,ape,2,180,0,0,0,0,0
de.markusfisch.android.shadereditor_93.apk,ape,2,300,0,0,0,0,0
de.markusfisch.android.shadereditor_93.apk,ape,3,60,0,0,0,0,0
de.markusfisch.android.shadereditor_93.apk,ape,3,180,0,0,0,0,0
de.markusfisch.android.shadereditor_93.apk,ape,3,300,0,0,0,0,0
de.markusfisch.android.shadereditor_93.apk,droidmate,1,60,0,0,0,0,0
de.markusfisch.android.shadereditor_93.apk,droidmate,1,180,0,0,0,0,0
de.markusfisch.android.shadereditor_93.apk,droidmate,1,300,0,0,0,0,0
de.markusfisch.android.shadereditor_93.apk,droidmate,2,60,0,0,0,0,0
de.markusfisch.android.shadereditor_93.apk,droidmate,2,180,0,0,0,0,0
de.markusfisch.android.shadereditor_93.apk,droidmate,2,300,0,0,0,0,0
de.markusfisch.android.shadereditor_93.apk,droidmate,3,180,0,0,0,0,0
de.markusfisch.android.shadereditor_93.apk,droidmate,3,300,0,0,0,0,0
de.markusfisch.android.shadereditor_93.apk,humanoid,1,60,0,0,0,0,0
de.markusfisch.android.shadereditor_93.apk,humanoid,1,180,0,0,0,0,0
de.markusfisch.android.shadereditor_93.apk,humanoid,1,300,0,0,0,0,0
de.markusfisch.android.shadereditor_93.apk,humanoid,2,60,0,0,0,0,0
de.markusfisch.android.shadereditor_93.apk,humanoid,2,180,0,0,0,0,0
de.markusfisch.android.shadereditor_93.apk,humanoid,2,300,0,0,0,0,0
de.markusfisch.android.shadereditor_93.apk,humanoid,3,60,0,0,0,0,0
de.markusfisch.android.shadereditor_93.apk,humanoid,3,180,0,0,0,0,0
de.markusfisch.android.shadereditor_93.apk,humanoid,3,300,0,0,0,0,0
de.markusfisch.android.shadereditor_93.apk,ares,1,60,0,0,0,0,0
de.markusfisch.android.shadereditor_93.apk,ares,1,180,0,0,0,0,0
de.markusfisch.android.shadereditor_93.apk,ares,1,300,0,0,0,0,0
de.markusfisch.android.shadereditor_93.apk,ares,2,60,0,0,0,0,0
de.markusfisch.android.shadereditor_93.apk,ares,2,180,0,0,0,0,0
de.markusfisch.android.shadereditor_93.apk,ares,2,300,0,0,0,0,0
de.markusfisch.android.shadereditor_93.apk,ares,3,60,0,0,0,0,0
de.markusfisch.android.shadereditor_93.apk,ares,3,180,0,0,0,0,0
de.markusfisch.android.shadereditor_93.apk,ares,3,300,0,0,0,0,0
de.markusfisch.android.shadereditor_93.apk,fastbot,1,60,0,0,0,0,0
de.markusfisch.android.shadereditor_93.apk,fastbot,1,180,0,0,0,0,0
de.markusfisch.android.shadereditor_93.apk,fastbot,1,300,0,0,0,0,0
de.markusfisch.android.shadereditor_93.apk,fastbot,2,60,0,0,0,0,0
de.markusfisch.android.shadereditor_93.apk,fastbot,2,180,0,0,0,0,0
de.markusfisch.android.shadereditor_93.apk,fastbot,2,300,0,0,0,0,0
de.markusfisch.android.shadereditor_93.apk,fastbot,3,60,0,0,0,0,0
de.markusfisch.android.shadereditor_93.apk,fastbot,3,180,0,0,0,0,0
de.markusfisch.android.shadereditor_93.apk,fastbot,3,300,0,0,0,0,0
de.markusfisch.android.shadereditor_93.apk,qtesting,1,60,0,0,0,0,0
de.markusfisch.android.shadereditor_93.apk,qtesting,1,180,0,0,0,0,0
de.markusfisch.android.shadereditor_93.apk,qtesting,1,300,0,0,0,0,0
de.markusfisch.android.shadereditor_93.apk,qtesting,2,60,0,0,0,0,0
de.markusfisch.android.shadereditor_93.apk,qtesting,2,180,0,0,0,0,0
de.markusfisch.android.shadereditor_93.apk,qtesting,2,300,0,0,0,0,0
de.markusfisch.android.shadereditor_93.apk,qtesting,3,60,0,0,0,0,0
de.markusfisch.android.shadereditor_93.apk,qtesting,3,180,0,0,0,0,0
de.markusfisch.android.shadereditor_93.apk,qtesting,3,300,0,0,0,0,0
eu.darken.myperm_20101000.apk,monkey,1,60,0,0,0,0,0
eu.darken.myperm_20101000.apk,monkey,1,180,0,0,0,0,0
eu.darken.myperm_20101000.apk,monkey,1,300,0,0,0,0,0
eu.darken.myperm_20101000.apk,monkey,2,60,0,0,0,0,0
eu.darken.myperm_20101000.apk,monkey,2,180,0,0,0,0,0
eu.darken.myperm_20101000.apk,monkey,2,300,0,0,0,0,0
eu.darken.myperm_20101000.apk,monkey,3,60,0,0,0,0,0
eu.darken.myperm_20101000.apk,monkey,3,180,0,0,0,0,0
eu.darken.myperm_20101000.apk,monkey,3,300,0,0,0,0,0
eu.darken.myperm_20101000.apk,droidbot:dfs_greedy,1,60,0,0,0,0,0
eu.darken.myperm_20101000.apk,droidbot:dfs_greedy,1,180,0,0,0,0,0
eu.darken.myperm_20101000.apk,droidbot:dfs_greedy,1,300,0,0,0,0,0
eu.darken.myperm_20101000.apk,droidbot:dfs_greedy,2,60,0,0,0,0,0
eu.darken.myperm_20101000.apk,droidbot:dfs_greedy,2,180,0,0,0,0,0
eu.darken.myperm_20101000.apk,droidbot:dfs_greedy,2,300,0,0,0,0,0
eu.darken.myperm_20101000.apk,droidbot:dfs_greedy,3,60,0,0,0,0,0
eu.darken.myperm_20101000.apk,droidbot:dfs_greedy,3,180,0,0,0,0,0
eu.darken.myperm_20101000.apk,droidbot:dfs_greedy,3,300,0,0,0,0,0
eu.darken.myperm_20101000.apk,droidbot:bfs_greedy,1,60,0,0,0,0,0
eu.darken.myperm_20101000.apk,droidbot:bfs_greedy,1,180,0,0,0,0,0
eu.darken.myperm_20101000.apk,droidbot:bfs_greedy,1,300,0,0,0,0,0
eu.darken.myperm_20101000.apk,droidbot:bfs_greedy,2,60,0,0,0,0,0
eu.darken.myperm_20101000.apk,droidbot:bfs_greedy,2,180,0,0,0,0,0
eu.darken.myperm_20101000.apk,droidbot:bfs_greedy,2,300,0,0,0,0,0
eu.darken.myperm_20101000.apk,droidbot:bfs_greedy,3,60,0,0,0,0,0
com.sapuseven.untis_29198884.apk,humanoid,3,60,3,1,3,3,3.0
com.sapuseven.untis_29198884.apk,humanoid,3,300,34,17,28,28,28.0
com.tananaev.passportreader_22.apk,droidbot:bfs_naive,3,300,40,18,37,37,37.0
com.tananaev.passportreader_22.apk,droidmate,3,180,120,18,38,38,38.0
de.markusfisch.android.shadereditor_93.apk,droidmate,3,60,0,0,0,0,0
eu.darken.myperm_20101000.apk,droidbot:bfs_greedy,3,180,0,0,0,0,0
eu.darken.myperm_20101000.apk,droidbot:bfs_greedy,3,300,0,0,0,0,0
eu.darken.myperm_20101000.apk,droidbot:dfs_naive,1,60,0,0,0,0,0
eu.darken.myperm_20101000.apk,droidbot:dfs_naive,1,180,0,0,0,0,0
eu.darken.myperm_20101000.apk,droidbot:dfs_naive,1,300,0,0,0,0,0
eu.darken.myperm_20101000.apk,droidbot:dfs_naive,2,60,0,0,0,0,0
eu.darken.myperm_20101000.apk,droidbot:dfs_naive,2,180,0,0,0,0,0
eu.darken.myperm_20101000.apk,droidbot:dfs_naive,2,300,0,0,0,0,0
eu.darken.myperm_20101000.apk,droidbot:dfs_naive,3,60,0,0,0,0,0
eu.darken.myperm_20101000.apk,droidbot:dfs_naive,3,180,0,0,0,0,0
eu.darken.myperm_20101000.apk,droidbot:dfs_naive,3,300,0,0,0,0,0
eu.darken.myperm_20101000.apk,droidbot:bfs_naive,1,60,0,0,0,0,0
eu.darken.myperm_20101000.apk,droidbot:bfs_naive,1,180,0,0,0,0,0
eu.darken.myperm_20101000.apk,droidbot:bfs_naive,1,300,0,0,0,0,0
eu.darken.myperm_20101000.apk,droidbot:bfs_naive,2,60,0,0,0,0,0
eu.darken.myperm_20101000.apk,droidbot:bfs_naive,2,180,0,0,0,0,0
eu.darken.myperm_20101000.apk,droidbot:bfs_naive,2,300,0,0,0,0,0
eu.darken.myperm_20101000.apk,droidbot:bfs_naive,3,60,0,0,0,0,0
eu.darken.myperm_20101000.apk,droidbot:bfs_naive,3,180,0,0,0,0,0
eu.darken.myperm_20101000.apk,droidbot:bfs_naive,3,300,0,0,0,0,0
eu.darken.myperm_20101000.apk,ape,1,60,0,0,0,0,0
eu.darken.myperm_20101000.apk,ape,1,180,0,0,0,0,0
eu.darken.myperm_20101000.apk,ape,1,300,0,0,0,0,0
eu.darken.myperm_20101000.apk,ape,2,180,0,0,0,0,0
eu.darken.myperm_20101000.apk,ape,2,300,0,0,0,0,0
eu.darken.myperm_20101000.apk,ape,3,60,0,0,0,0,0
eu.darken.myperm_20101000.apk,ape,3,180,0,0,0,0,0
eu.darken.myperm_20101000.apk,ape,3,300,0,0,0,0,0
eu.darken.myperm_20101000.apk,droidmate,1,60,0,0,0,0,0
eu.darken.myperm_20101000.apk,droidmate,1,180,0,0,0,0,0
eu.darken.myperm_20101000.apk,droidmate,1,300,0,0,0,0,0
eu.darken.myperm_20101000.apk,droidmate,2,60,0,0,0,0,0
eu.darken.myperm_20101000.apk,droidmate,2,300,0,0,0,0,0
eu.darken.myperm_20101000.apk,droidmate,3,60,0,0,0,0,0
eu.darken.myperm_20101000.apk,droidmate,3,180,0,0,0,0,0
eu.darken.myperm_20101000.apk,droidmate,3,300,0,0,0,0,0
eu.darken.myperm_20101000.apk,humanoid,1,60,0,0,0,0,0
eu.darken.myperm_20101000.apk,humanoid,1,180,0,0,0,0,0
eu.darken.myperm_20101000.apk,humanoid,1,300,0,0,0,0,0
eu.darken.myperm_20101000.apk,humanoid,2,60,0,0,0,0,0
eu.darken.myperm_20101000.apk,humanoid,2,180,0,0,0,0,0
eu.darken.myperm_20101000.apk,humanoid,2,300,0,0,0,0,0
eu.darken.myperm_20101000.apk,humanoid,3,60,0,0,0,0,0
eu.darken.myperm_20101000.apk,humanoid,3,180,0,0,0,0,0
eu.darken.myperm_20101000.apk,humanoid,3,300,0,0,0,0,0
eu.darken.myperm_20101000.apk,ares,1,60,0,0,0,0,0
eu.darken.myperm_20101000.apk,ares,1,180,0,0,0,0,0
eu.darken.myperm_20101000.apk,ares,1,300,0,0,0,0,0
eu.darken.myperm_20101000.apk,ares,2,60,0,0,0,0,0
eu.darken.myperm_20101000.apk,ares,2,180,0,0,0,0,0
eu.darken.myperm_20101000.apk,ares,2,300,0,0,0,0,0
eu.darken.myperm_20101000.apk,ares,3,60,0,0,0,0,0
eu.darken.myperm_20101000.apk,ares,3,180,0,0,0,0,0
eu.darken.myperm_20101000.apk,ares,3,300,0,0,0,0,0
eu.darken.myperm_20101000.apk,fastbot,1,60,0,0,0,0,0
eu.darken.myperm_20101000.apk,fastbot,1,180,0,0,0,0,0
eu.darken.myperm_20101000.apk,fastbot,1,300,0,0,0,0,0
eu.darken.myperm_20101000.apk,fastbot,2,60,0,0,0,0,0
eu.darken.myperm_20101000.apk,fastbot,2,180,0,0,0,0,0
eu.darken.myperm_20101000.apk,fastbot,2,300,0,0,0,0,0
eu.darken.myperm_20101000.apk,fastbot,3,60,0,0,0,0,0
eu.darken.myperm_20101000.apk,fastbot,3,180,0,0,0,0,0
eu.darken.myperm_20101000.apk,fastbot,3,300,0,0,0,0,0
eu.darken.myperm_20101000.apk,qtesting,1,60,0,0,0,0,0
eu.darken.myperm_20101000.apk,qtesting,1,180,0,0,0,0,0
eu.darken.myperm_20101000.apk,qtesting,1,300,0,0,0,0,0
eu.darken.myperm_20101000.apk,qtesting,2,60,0,0,0,0,0
eu.darken.myperm_20101000.apk,qtesting,2,180,0,0,0,0,0
eu.darken.myperm_20101000.apk,qtesting,2,300,0,0,0,0,0
eu.darken.myperm_20101000.apk,qtesting,3,60,0,0,0,0,0
eu.darken.myperm_20101000.apk,qtesting,3,180,0,0,0,0,0
eu.darken.myperm_20101000.apk,qtesting,3,300,0,0,0,0,0
io.treehouses.remote_6098.apk,monkey,1,60,7,2,7,7,7.0
io.treehouses.remote_6098.apk,monkey,1,180,7,2,7,7,7.0
io.treehouses.remote_6098.apk,monkey,1,300,7,2,7,7,7.0
io.treehouses.remote_6098.apk,monkey,2,60,7,2,7,7,7.0
io.treehouses.remote_6098.apk,monkey,2,180,7,2,7,7,7.0
io.treehouses.remote_6098.apk,monkey,2,300,7,2,7,7,7.0
io.treehouses.remote_6098.apk,monkey,3,60,7,2,7,7,7.0
io.treehouses.remote_6098.apk,monkey,3,180,7,2,7,7,7.0
io.treehouses.remote_6098.apk,monkey,3,300,7,2,7,7,7.0
io.treehouses.remote_6098.apk,droidbot:dfs_greedy,1,60,7,2,7,7,7.0
io.treehouses.remote_6098.apk,droidbot:dfs_greedy,1,180,14,2,7,7,7.0
io.treehouses.remote_6098.apk,droidbot:dfs_greedy,1,300,14,2,7,7,7.0
io.treehouses.remote_6098.apk,droidbot:dfs_greedy,2,60,7,2,7,7,7.0
io.treehouses.remote_6098.apk,droidbot:dfs_greedy,2,180,7,2,7,7,7.0
io.treehouses.remote_6098.apk,droidbot:dfs_greedy,2,300,14,2,7,7,7.0
io.treehouses.remote_6098.apk,droidbot:dfs_greedy,3,60,7,2,7,7,7.0
io.treehouses.remote_6098.apk,droidbot:dfs_greedy,3,300,14,2,7,7,7.0
io.treehouses.remote_6098.apk,droidbot:bfs_greedy,1,60,7,2,7,7,7.0
io.treehouses.remote_6098.apk,droidbot:bfs_greedy,1,180,7,2,7,7,7.0
io.treehouses.remote_6098.apk,droidbot:bfs_greedy,1,300,7,2,7,7,7.0
io.treehouses.remote_6098.apk,droidbot:bfs_greedy,2,60,7,2,7,7,7.0
io.treehouses.remote_6098.apk,droidbot:bfs_greedy,2,180,7,2,7,7,7.0
io.treehouses.remote_6098.apk,droidbot:bfs_greedy,2,300,7,2,7,7,7.0
io.treehouses.remote_6098.apk,droidbot:bfs_greedy,3,60,7,2,7,7,7.0
io.treehouses.remote_6098.apk,droidbot:bfs_greedy,3,180,7,2,7,7,7.0
io.treehouses.remote_6098.apk,droidbot:bfs_greedy,3,300,7,2,7,7,7.0
io.treehouses.remote_6098.apk,droidbot:dfs_naive,1,60,7,2,7,7,7.0
io.treehouses.remote_6098.apk,droidbot:dfs_naive,1,180,7,2,7,7,7.0
io.treehouses.remote_6098.apk,droidbot:dfs_naive,1,300,7,2,7,7,7.0
io.treehouses.remote_6098.apk,droidbot:dfs_naive,2,60,7,2,7,7,7.0
io.treehouses.remote_6098.apk,droidbot:dfs_naive,2,180,7,2,7,7,7.0
io.treehouses.remote_6098.apk,droidbot:dfs_naive,2,300,7,2,7,7,7.0
io.treehouses.remote_6098.apk,droidbot:dfs_naive,3,60,7,2,7,7,7.0
io.treehouses.remote_6098.apk,droidbot:dfs_naive,3,180,7,2,7,7,7.0
io.treehouses.remote_6098.apk,droidbot:dfs_naive,3,300,7,2,7,7,7.0
io.treehouses.remote_6098.apk,droidbot:bfs_naive,1,60,7,2,7,7,7.0
io.treehouses.remote_6098.apk,droidbot:bfs_naive,1,180,7,2,7,7,7.0
io.treehouses.remote_6098.apk,droidbot:bfs_naive,1,300,7,2,7,7,7.0
io.treehouses.remote_6098.apk,droidbot:bfs_naive,2,60,7,2,7,7,7.0
io.treehouses.remote_6098.apk,droidbot:bfs_naive,2,180,7,2,7,7,7.0
io.treehouses.remote_6098.apk,droidbot:bfs_naive,2,300,7,2,7,7,7.0
io.treehouses.remote_6098.apk,droidbot:bfs_naive,3,60,7,2,7,7,7.0
io.treehouses.remote_6098.apk,droidbot:bfs_naive,3,180,7,2,7,7,7.0
io.treehouses.remote_6098.apk,droidbot:bfs_naive,3,300,7,2,7,7,7.0
io.treehouses.remote_6098.apk,ape,1,60,7,2,7,7,7.0
io.treehouses.remote_6098.apk,ape,1,180,7,2,7,7,7.0
io.treehouses.remote_6098.apk,ape,1,300,21,2,7,7,7.0
io.treehouses.remote_6098.apk,ape,2,60,7,2,7,7,7.0
io.treehouses.remote_6098.apk,ape,2,180,7,2,7,7,7.0
io.treehouses.remote_6098.apk,ape,2,300,36,8,15,15,15.0
io.treehouses.remote_6098.apk,ape,3,60,14,2,7,7,7.0
io.treehouses.remote_6098.apk,ape,3,180,14,2,7,7,7.0
io.treehouses.remote_6098.apk,ape,3,300,14,2,7,7,7.0
io.treehouses.remote_6098.apk,droidmate,1,60,7,2,7,7,7.0
io.treehouses.remote_6098.apk,droidmate,1,180,7,2,7,7,7.0
io.treehouses.remote_6098.apk,droidmate,1,300,21,2,7,7,7.0
io.treehouses.remote_6098.apk,droidmate,2,60,7,2,7,7,7.0
io.treehouses.remote_6098.apk,droidmate,2,180,7,2,7,7,7.0
io.treehouses.remote_6098.apk,droidmate,2,300,21,2,7,7,7.0
io.treehouses.remote_6098.apk,droidmate,3,60,7,2,7,7,7.0
io.treehouses.remote_6098.apk,droidmate,3,180,21,2,7,7,7.0
io.treehouses.remote_6098.apk,droidmate,3,300,21,2,7,7,7.0
io.treehouses.remote_6098.apk,humanoid,1,60,7,2,7,7,7.0
io.treehouses.remote_6098.apk,humanoid,1,180,7,2,7,7,7.0
eu.darken.myperm_20101000.apk,ape,2,60,0,0,0,0,0
eu.darken.myperm_20101000.apk,droidmate,2,180,0,0,0,0,0
io.treehouses.remote_6098.apk,droidbot:dfs_greedy,3,180,14,2,7,7,7.0
io.treehouses.remote_6098.apk,humanoid,1,300,7,2,7,7,7.0
io.treehouses.remote_6098.apk,humanoid,2,60,7,2,7,7,7.0
io.treehouses.remote_6098.apk,humanoid,2,180,7,2,7,7,7.0
io.treehouses.remote_6098.apk,humanoid,2,300,7,2,7,7,7.0
io.treehouses.remote_6098.apk,humanoid,3,60,7,2,7,7,7.0
io.treehouses.remote_6098.apk,humanoid,3,180,7,2,7,7,7.0
io.treehouses.remote_6098.apk,humanoid,3,300,7,2,7,7,7.0
io.treehouses.remote_6098.apk,ares,1,60,14,2,7,7,7.0
io.treehouses.remote_6098.apk,ares,1,180,21,2,7,7,7.0
io.treehouses.remote_6098.apk,ares,1,300,28,2,7,7,7.0
io.treehouses.remote_6098.apk,ares,2,60,14,2,7,7,7.0
io.treehouses.remote_6098.apk,ares,2,180,14,2,7,7,7.0
io.treehouses.remote_6098.apk,ares,2,300,28,2,7,7,7.0
io.treehouses.remote_6098.apk,ares,3,60,14,2,7,7,7.0
io.treehouses.remote_6098.apk,ares,3,180,28,2,7,7,7.0
io.treehouses.remote_6098.apk,ares,3,300,49,2,7,7,7.0
io.treehouses.remote_6098.apk,fastbot,1,60,7,2,7,7,7.0
io.treehouses.remote_6098.apk,fastbot,1,180,7,2,7,7,7.0
io.treehouses.remote_6098.apk,fastbot,1,300,7,2,7,7,7.0
io.treehouses.remote_6098.apk,fastbot,2,60,7,2,7,7,7.0
io.treehouses.remote_6098.apk,fastbot,2,180,7,2,7,7,7.0
io.treehouses.remote_6098.apk,fastbot,2,300,7,2,7,7,7.0
io.treehouses.remote_6098.apk,fastbot,3,60,7,2,7,7,7.0
io.treehouses.remote_6098.apk,fastbot,3,180,7,2,7,7,7.0
io.treehouses.remote_6098.apk,fastbot,3,300,7,2,7,7,7.0
io.treehouses.remote_6098.apk,qtesting,1,60,28,2,7,7,7.0
io.treehouses.remote_6098.apk,qtesting,1,180,63,2,7,7,7.0
io.treehouses.remote_6098.apk,qtesting,1,300,91,2,7,7,7.0
io.treehouses.remote_6098.apk,qtesting,2,60,28,2,7,7,7.0
io.treehouses.remote_6098.apk,qtesting,2,180,56,2,7,7,7.0
io.treehouses.remote_6098.apk,qtesting,2,300,91,2,7,7,7.0
io.treehouses.remote_6098.apk,qtesting,3,60,35,2,7,7,7.0
io.treehouses.remote_6098.apk,qtesting,3,180,49,2,7,7,7.0
io.treehouses.remote_6098.apk,qtesting,3,300,77,2,7,7,7.0
me.zhanghai.android.untracker_9.apk,monkey,1,60,0,0,0,0,0
me.zhanghai.android.untracker_9.apk,monkey,1,180,0,0,0,0,0
me.zhanghai.android.untracker_9.apk,monkey,1,300,0,0,0,0,0
me.zhanghai.android.untracker_9.apk,monkey,2,60,0,0,0,0,0
me.zhanghai.android.untracker_9.apk,monkey,2,180,0,0,0,0,0
me.zhanghai.android.untracker_9.apk,monkey,2,300,0,0,0,0,0
me.zhanghai.android.untracker_9.apk,monkey,3,60,0,0,0,0,0
me.zhanghai.android.untracker_9.apk,monkey,3,180,0,0,0,0,0
me.zhanghai.android.untracker_9.apk,monkey,3,300,0,0,0,0,0
me.zhanghai.android.untracker_9.apk,droidbot:dfs_greedy,1,60,0,0,0,0,0
me.zhanghai.android.untracker_9.apk,droidbot:dfs_greedy,1,180,0,0,0,0,0
me.zhanghai.android.untracker_9.apk,droidbot:dfs_greedy,1,300,0,0,0,0,0
me.zhanghai.android.untracker_9.apk,droidbot:dfs_greedy,2,60,0,0,0,0,0
me.zhanghai.android.untracker_9.apk,droidbot:dfs_greedy,2,180,0,0,0,0,0
me.zhanghai.android.untracker_9.apk,droidbot:dfs_greedy,2,300,0,0,0,0,0
me.zhanghai.android.untracker_9.apk,droidbot:dfs_greedy,3,60,0,0,0,0,0
me.zhanghai.android.untracker_9.apk,droidbot:dfs_greedy,3,180,0,0,0,0,0
me.zhanghai.android.untracker_9.apk,droidbot:dfs_greedy,3,300,0,0,0,0,0
me.zhanghai.android.untracker_9.apk,droidbot:bfs_greedy,1,60,0,0,0,0,0
me.zhanghai.android.untracker_9.apk,droidbot:bfs_greedy,1,180,0,0,0,0,0
me.zhanghai.android.untracker_9.apk,droidbot:bfs_greedy,1,300,0,0,0,0,0
me.zhanghai.android.untracker_9.apk,droidbot:bfs_greedy,2,60,0,0,0,0,0
me.zhanghai.android.untracker_9.apk,droidbot:bfs_greedy,2,180,0,0,0,0,0
me.zhanghai.android.untracker_9.apk,droidbot:bfs_greedy,2,300,0,0,0,0,0
me.zhanghai.android.untracker_9.apk,droidbot:bfs_greedy,3,60,0,0,0,0,0
me.zhanghai.android.untracker_9.apk,droidbot:bfs_greedy,3,180,0,0,0,0,0
me.zhanghai.android.untracker_9.apk,droidbot:bfs_greedy,3,300,0,0,0,0,0
me.zhanghai.android.untracker_9.apk,droidbot:dfs_naive,1,60,0,0,0,0,0
me.zhanghai.android.untracker_9.apk,droidbot:dfs_naive,1,180,0,0,0,0,0
me.zhanghai.android.untracker_9.apk,droidbot:dfs_naive,1,300,0,0,0,0,0
me.zhanghai.android.untracker_9.apk,droidbot:dfs_naive,2,60,0,0,0,0,0
me.zhanghai.android.untracker_9.apk,droidbot:dfs_naive,2,180,0,0,0,0,0
me.zhanghai.android.untracker_9.apk,droidbot:dfs_naive,2,300,0,0,0,0,0
me.zhanghai.android.untracker_9.apk,droidbot:dfs_naive,3,60,0,0,0,0,0
me.zhanghai.android.untracker_9.apk,droidbot:dfs_naive,3,180,0,0,0,0,0
me.zhanghai.android.untracker_9.apk,droidbot:dfs_naive,3,300,0,0,0,0,0
me.zhanghai.android.untracker_9.apk,droidbot:bfs_naive,1,60,0,0,0,0,0
me.zhanghai.android.untracker_9.apk,droidbot:bfs_naive,1,180,0,0,0,0,0
me.zhanghai.android.untracker_9.apk,droidbot:bfs_naive,1,300,0,0,0,0,0
me.zhanghai.android.untracker_9.apk,droidbot:bfs_naive,2,60,0,0,0,0,0
me.zhanghai.android.untracker_9.apk,droidbot:bfs_naive,2,180,0,0,0,0,0
me.zhanghai.android.untracker_9.apk,droidbot:bfs_naive,2,300,0,0,0,0,0
me.zhanghai.android.untracker_9.apk,droidbot:bfs_naive,3,60,0,0,0,0,0
me.zhanghai.android.untracker_9.apk,droidbot:bfs_naive,3,180,0,0,0,0,0
me.zhanghai.android.untracker_9.apk,droidbot:bfs_naive,3,300,0,0,0,0,0
me.zhanghai.android.untracker_9.apk,ape,1,60,0,0,0,0,0
me.zhanghai.android.untracker_9.apk,ape,1,180,0,0,0,0,0
me.zhanghai.android.untracker_9.apk,ape,1,300,0,0,0,0,0
me.zhanghai.android.untracker_9.apk,ape,2,60,0,0,0,0,0
me.zhanghai.android.untracker_9.apk,ape,2,180,0,0,0,0,0
me.zhanghai.android.untracker_9.apk,ape,2,300,0,0,0,0,0
me.zhanghai.android.untracker_9.apk,ape,3,60,0,0,0,0,0
me.zhanghai.android.untracker_9.apk,ape,3,180,0,0,0,0,0
me.zhanghai.android.untracker_9.apk,ape,3,300,0,0,0,0,0
me.zhanghai.android.untracker_9.apk,droidmate,1,60,0,0,0,0,0
me.zhanghai.android.untracker_9.apk,droidmate,1,180,0,0,0,0,0
me.zhanghai.android.untracker_9.apk,droidmate,1,300,0,0,0,0,0
me.zhanghai.android.untracker_9.apk,droidmate,2,60,0,0,0,0,0
me.zhanghai.android.untracker_9.apk,droidmate,2,180,0,0,0,0,0
me.zhanghai.android.untracker_9.apk,droidmate,2,300,0,0,0,0,0
me.zhanghai.android.untracker_9.apk,droidmate,3,60,0,0,0,0,0
me.zhanghai.android.untracker_9.apk,droidmate,3,180,0,0,0,0,0
me.zhanghai.android.untracker_9.apk,droidmate,3,300,0,0,0,0,0
me.zhanghai.android.untracker_9.apk,humanoid,1,60,0,0,0,0,0
me.zhanghai.android.untracker_9.apk,humanoid,1,180,0,0,0,0,0
me.zhanghai.android.untracker_9.apk,humanoid,1,300,0,0,0,0,0
me.zhanghai.android.untracker_9.apk,humanoid,2,60,0,0,0,0,0
me.zhanghai.android.untracker_9.apk,humanoid,2,180,0,0,0,0,0
me.zhanghai.android.untracker_9.apk,humanoid,2,300,0,0,0,0,0
me.zhanghai.android.untracker_9.apk,humanoid,3,60,0,0,0,0,0
me.zhanghai.android.untracker_9.apk,humanoid,3,180,0,0,0,0,0
me.zhanghai.android.untracker_9.apk,humanoid,3,300,0,0,0,0,0
me.zhanghai.android.untracker_9.apk,ares,1,60,0,0,0,0,0
me.zhanghai.android.untracker_9.apk,ares,1,180,0,0,0,0,0
me.zhanghai.android.untracker_9.apk,ares,1,300,0,0,0,0,0
me.zhanghai.android.untracker_9.apk,ares,2,60,0,0,0,0,0
me.zhanghai.android.untracker_9.apk,ares,2,180,0,0,0,0,0
me.zhanghai.android.untracker_9.apk,ares,2,300,0,0,0,0,0
me.zhanghai.android.untracker_9.apk,ares,3,60,0,0,0,0,0
me.zhanghai.android.untracker_9.apk,ares,3,180,0,0,0,0,0
me.zhanghai.android.untracker_9.apk,ares,3,300,0,0,0,0,0
me.zhanghai.android.untracker_9.apk,fastbot,1,60,0,0,0,0,0
me.zhanghai.android.untracker_9.apk,fastbot,1,180,0,0,0,0,0
me.zhanghai.android.untracker_9.apk,fastbot,1,300,0,0,0,0,0
me.zhanghai.android.untracker_9.apk,fastbot,2,60,0,0,0,0,0
me.zhanghai.android.untracker_9.apk,fastbot,2,180,0,0,0,0,0
me.zhanghai.android.untracker_9.apk,fastbot,2,300,0,0,0,0,0
me.zhanghai.android.untracker_9.apk,fastbot,3,60,0,0,0,0,0
me.zhanghai.android.untracker_9.apk,fastbot,3,180,0,0,0,0,0
me.zhanghai.android.untracker_9.apk,fastbot,3,300,0,0,0,0,0
me.zhanghai.android.untracker_9.apk,qtesting,1,60,0,0,0,0,0
me.zhanghai.android.untracker_9.apk,qtesting,1,180,0,0,0,0,0
me.zhanghai.android.untracker_9.apk,qtesting,1,300,0,0,0,0,0
me.zhanghai.android.untracker_9.apk,qtesting,2,60,0,0,0,0,0
me.zhanghai.android.untracker_9.apk,qtesting,2,180,0,0,0,0,0
me.zhanghai.android.untracker_9.apk,qtesting,2,300,0,0,0,0,0
me.zhanghai.android.untracker_9.apk,qtesting,3,60,0,0,0,0,0
me.zhanghai.android.untracker_9.apk,qtesting,3,180,0,0,0,0,0
me.zhanghai.android.untracker_9.apk,qtesting,3,300,0,0,0,0,0
org.fedorahosted.freeotp_48.apk,monkey,1,60,0,0,0,0,0
org.fedorahosted.freeotp_48.apk,monkey,1,180,0,0,0,0,0
org.fedorahosted.freeotp_48.apk,monkey,1,300,0,0,0,0,0
org.fedorahosted.freeotp_48.apk,monkey,2,60,0,0,0,0,0
org.fedorahosted.freeotp_48.apk,monkey,2,180,0,0,0,0,0
org.fedorahosted.freeotp_48.apk,monkey,2,300,0,0,0,0,0
org.fedorahosted.freeotp_48.apk,monkey,3,60,0,0,0,0,0
org.fedorahosted.freeotp_48.apk,monkey,3,180,0,0,0,0,0
org.fedorahosted.freeotp_48.apk,monkey,3,300,0,0,0,0,0
org.fedorahosted.freeotp_48.apk,droidbot:dfs_greedy,1,60,0,0,0,0,0
org.fedorahosted.freeotp_48.apk,droidbot:dfs_greedy,1,180,9,8,8,8,8.0
org.fedorahosted.freeotp_48.apk,droidbot:dfs_greedy,1,300,9,8,8,8,8.0
org.fedorahosted.freeotp_48.apk,droidbot:dfs_greedy,2,60,0,0,0,0,0
org.fedorahosted.freeotp_48.apk,droidbot:dfs_greedy,2,180,9,8,8,8,8.0
org.fedorahosted.freeotp_48.apk,droidbot:dfs_greedy,2,300,9,8,8,8,8.0
org.fedorahosted.freeotp_48.apk,droidbot:dfs_greedy,3,60,0,0,0,0,0
org.fedorahosted.freeotp_48.apk,droidbot:dfs_greedy,3,180,9,8,8,8,8.0
org.fedorahosted.freeotp_48.apk,droidbot:dfs_greedy,3,300,9,8,8,8,8.0
org.fedorahosted.freeotp_48.apk,droidbot:bfs_greedy,1,60,0,0,0,0,0
org.fedorahosted.freeotp_48.apk,droidbot:bfs_greedy,1,180,0,0,0,0,0
org.fedorahosted.freeotp_48.apk,droidbot:bfs_greedy,1,300,9,8,8,8,8.0
org.fedorahosted.freeotp_48.apk,droidbot:bfs_greedy,2,60,0,0,0,0,0
org.fedorahosted.freeotp_48.apk,droidbot:bfs_greedy,2,180,9,8,8,8,8.0
org.fedorahosted.freeotp_48.apk,droidbot:bfs_greedy,2,300,9,8,8,8,8.0
org.fedorahosted.freeotp_48.apk,droidbot:bfs_greedy,3,60,0,0,0,0,0
org.fedorahosted.freeotp_48.apk,droidbot:bfs_greedy,3,180,9,8,8,8,8.0
org.fedorahosted.freeotp_48.apk,droidbot:bfs_greedy,3,300,9,8,8,8,8.0
org.fedorahosted.freeotp_48.apk,droidbot:dfs_naive,1,60,0,0,0,0,0
org.fedorahosted.freeotp_48.apk,droidbot:dfs_naive,1,180,0,0,0,0,0
org.fedorahosted.freeotp_48.apk,droidbot:dfs_naive,1,300,0,0,0,0,0
org.fedorahosted.freeotp_48.apk,droidbot:dfs_naive,2,60,0,0,0,0,0
org.fedorahosted.freeotp_48.apk,droidbot:dfs_naive,2,180,0,0,0,0,0
org.fedorahosted.freeotp_48.apk,droidbot:dfs_naive,2,300,0,0,0,0,0
org.fedorahosted.freeotp_48.apk,droidbot:dfs_naive,3,60,0,0,0,0,0
org.fedorahosted.freeotp_48.apk,droidbot:dfs_naive,3,180,0,0,0,0,0
org.fedorahosted.freeotp_48.apk,droidbot:dfs_naive,3,300,0,0,0,0,0
org.fedorahosted.freeotp_48.apk,droidbot:bfs_naive,1,60,0,0,0,0,0
org.fedorahosted.freeotp_48.apk,droidbot:bfs_naive,1,180,0,0,0,0,0
org.fedorahosted.freeotp_48.apk,droidbot:bfs_naive,1,300,0,0,0,0,0
org.fedorahosted.freeotp_48.apk,droidbot:bfs_naive,2,60,0,0,0,0,0
org.fedorahosted.freeotp_48.apk,droidbot:bfs_naive,2,180,0,0,0,0,0
org.fedorahosted.freeotp_48.apk,droidbot:bfs_naive,2,300,0,0,0,0,0
org.fedorahosted.freeotp_48.apk,droidbot:bfs_naive,3,60,0,0,0,0,0
org.fedorahosted.freeotp_48.apk,droidbot:bfs_naive,3,180,0,0,0,0,0
org.fedorahosted.freeotp_48.apk,droidbot:bfs_naive,3,300,0,0,0,0,0
org.fedorahosted.freeotp_48.apk,ape,1,60,0,0,0,0,0
org.fedorahosted.freeotp_48.apk,ape,1,180,0,0,0,0,0
org.fedorahosted.freeotp_48.apk,ape,1,300,0,0,0,0,0
org.fedorahosted.freeotp_48.apk,ape,2,60,0,0,0,0,0
org.fedorahosted.freeotp_48.apk,ape,2,180,0,0,0,0,0
org.fedorahosted.freeotp_48.apk,ape,2,300,0,0,0,0,0
org.fedorahosted.freeotp_48.apk,ape,3,60,0,0,0,0,0
org.fedorahosted.freeotp_48.apk,ape,3,180,0,0,0,0,0
org.fedorahosted.freeotp_48.apk,ape,3,300,0,0,0,0,0
org.fedorahosted.freeotp_48.apk,droidmate,1,60,0,0,0,0,0
org.fedorahosted.freeotp_48.apk,droidmate,1,180,0,0,0,0,0
org.fedorahosted.freeotp_48.apk,droidmate,1,300,0,0,0,0,0
org.fedorahosted.freeotp_48.apk,droidmate,2,60,0,0,0,0,0
org.fedorahosted.freeotp_48.apk,droidmate,2,180,0,0,0,0,0
org.fedorahosted.freeotp_48.apk,droidmate,2,300,0,0,0,0,0
org.fedorahosted.freeotp_48.apk,droidmate,3,60,0,0,0,0,0
org.fedorahosted.freeotp_48.apk,droidmate,3,180,0,0,0,0,0
org.fedorahosted.freeotp_48.apk,droidmate,3,300,0,0,0,0,0
org.fedorahosted.freeotp_48.apk,humanoid,1,60,0,0,0,0,0
org.fedorahosted.freeotp_48.apk,humanoid,1,180,9,8,8,8,8.0
org.fedorahosted.freeotp_48.apk,humanoid,1,300,9,8,8,8,8.0
org.fedorahosted.freeotp_48.apk,humanoid,2,60,0,0,0,0,0
org.fedorahosted.freeotp_48.apk,humanoid,2,180,0,0,0,0,0
org.fedorahosted.freeotp_48.apk,humanoid,2,300,9,8,8,8,8.0
org.fedorahosted.freeotp_48.apk,humanoid,3,60,0,0,0,0,0
org.fedorahosted.freeotp_48.apk,humanoid,3,180,0,0,0,0,0
org.fedorahosted.freeotp_48.apk,humanoid,3,300,9,8,8,8,8.0
org.fedorahosted.freeotp_48.apk,ares,1,60,0,0,0,0,0
org.fedorahosted.freeotp_48.apk,ares,1,180,0,0,0,0,0
org.fedorahosted.freeotp_48.apk,ares,1,300,0,0,0,0,0
org.fedorahosted.freeotp_48.apk,ares,2,60,0,0,0,0,0
org.fedorahosted.freeotp_48.apk,ares,2,180,0,0,0,0,0
org.fedorahosted.freeotp_48.apk,ares,2,300,9,8,8,8,8.0
org.fedorahosted.freeotp_48.apk,ares,3,60,0,0,0,0,0
org.fedorahosted.freeotp_48.apk,ares,3,180,0,0,0,0,0
org.fedorahosted.freeotp_48.apk,ares,3,300,9,8,8,8,8.0
org.fedorahosted.freeotp_48.apk,fastbot,1,60,0,0,0,0,0
org.fedorahosted.freeotp_48.apk,fastbot,1,180,0,0,0,0,0
org.fedorahosted.freeotp_48.apk,fastbot,2,60,0,0,0,0,0
org.fedorahosted.freeotp_48.apk,fastbot,2,180,0,0,0,0,0
org.fedorahosted.freeotp_48.apk,fastbot,2,300,0,0,0,0,0
org.fedorahosted.freeotp_48.apk,fastbot,3,60,0,0,0,0,0
org.fedorahosted.freeotp_48.apk,fastbot,3,180,0,0,0,0,0
org.fedorahosted.freeotp_48.apk,fastbot,3,300,0,0,0,0,0
org.fedorahosted.freeotp_48.apk,qtesting,1,60,0,0,0,0,0
org.fedorahosted.freeotp_48.apk,qtesting,1,180,0,0,0,0,0
org.fedorahosted.freeotp_48.apk,qtesting,1,300,0,0,0,0,0
org.fedorahosted.freeotp_48.apk,qtesting,2,60,0,0,0,0,0
org.fedorahosted.freeotp_48.apk,qtesting,2,180,0,0,0,0,0
org.fedorahosted.freeotp_48.apk,qtesting,2,300,0,0,0,0,0
org.fedorahosted.freeotp_48.apk,qtesting,3,60,0,0,0,0,0
org.fedorahosted.freeotp_48.apk,qtesting,3,180,0,0,0,0,0
org.fedorahosted.freeotp_48.apk,qtesting,3,300,0,0,0,0,0
org.hwyl.sexytopo_93.apk,monkey,1,60,0,0,0,0,0
org.hwyl.sexytopo_93.apk,monkey,1,180,0,0,0,0,0
org.hwyl.sexytopo_93.apk,monkey,1,300,0,0,0,0,0
org.hwyl.sexytopo_93.apk,monkey,2,60,0,0,0,0,0
org.hwyl.sexytopo_93.apk,monkey,2,180,0,0,0,0,0
org.hwyl.sexytopo_93.apk,monkey,2,300,0,0,0,0,0
org.hwyl.sexytopo_93.apk,monkey,3,60,0,0,0,0,0
org.hwyl.sexytopo_93.apk,monkey,3,180,0,0,0,0,0
org.hwyl.sexytopo_93.apk,monkey,3,300,0,0,0,0,0
org.hwyl.sexytopo_93.apk,droidbot:dfs_greedy,1,60,0,0,0,0,0
org.hwyl.sexytopo_93.apk,droidbot:dfs_greedy,1,180,0,0,0,0,0
org.hwyl.sexytopo_93.apk,droidbot:dfs_greedy,1,300,0,0,0,0,0
org.hwyl.sexytopo_93.apk,droidbot:dfs_greedy,2,60,0,0,0,0,0
org.hwyl.sexytopo_93.apk,droidbot:dfs_greedy,2,180,0,0,0,0,0
org.hwyl.sexytopo_93.apk,droidbot:dfs_greedy,2,300,0,0,0,0,0
org.hwyl.sexytopo_93.apk,droidbot:dfs_greedy,3,60,0,0,0,0,0
org.hwyl.sexytopo_93.apk,droidbot:dfs_greedy,3,180,0,0,0,0,0
org.hwyl.sexytopo_93.apk,droidbot:dfs_greedy,3,300,0,0,0,0,0
org.hwyl.sexytopo_93.apk,droidbot:bfs_greedy,1,60,0,0,0,0,0
org.hwyl.sexytopo_93.apk,droidbot:bfs_greedy,1,180,0,0,0,0,0
org.hwyl.sexytopo_93.apk,droidbot:bfs_greedy,1,300,0,0,0,0,0
org.hwyl.sexytopo_93.apk,droidbot:bfs_greedy,2,60,0,0,0,0,0
org.hwyl.sexytopo_93.apk,droidbot:bfs_greedy,2,180,0,0,0,0,0
org.hwyl.sexytopo_93.apk,droidbot:bfs_greedy,2,300,0,0,0,0,0
org.hwyl.sexytopo_93.apk,droidbot:bfs_greedy,3,60,0,0,0,0,0
org.hwyl.sexytopo_93.apk,droidbot:bfs_greedy,3,180,0,0,0,0,0
org.hwyl.sexytopo_93.apk,droidbot:bfs_greedy,3,300,0,0,0,0,0
org.hwyl.sexytopo_93.apk,droidbot:dfs_naive,1,60,0,0,0,0,0
org.hwyl.sexytopo_93.apk,droidbot:dfs_naive,1,180,0,0,0,0,0
org.hwyl.sexytopo_93.apk,droidbot:dfs_naive,1,300,0,0,0,0,0
org.hwyl.sexytopo_93.apk,droidbot:dfs_naive,2,60,0,0,0,0,0
org.hwyl.sexytopo_93.apk,droidbot:dfs_naive,2,180,0,0,0,0,0
org.hwyl.sexytopo_93.apk,droidbot:dfs_naive,2,300,0,0,0,0,0
org.hwyl.sexytopo_93.apk,droidbot:dfs_naive,3,60,0,0,0,0,0
org.hwyl.sexytopo_93.apk,droidbot:dfs_naive,3,180,0,0,0,0,0
org.hwyl.sexytopo_93.apk,droidbot:dfs_naive,3,300,0,0,0,0,0
org.hwyl.sexytopo_93.apk,droidbot:bfs_naive,1,60,0,0,0,0,0
org.hwyl.sexytopo_93.apk,droidbot:bfs_naive,1,180,0,0,0,0,0
org.hwyl.sexytopo_93.apk,droidbot:bfs_naive,1,300,0,0,0,0,0
org.hwyl.sexytopo_93.apk,droidbot:bfs_naive,2,60,0,0,0,0,0
org.hwyl.sexytopo_93.apk,droidbot:bfs_naive,2,180,0,0,0,0,0
org.hwyl.sexytopo_93.apk,droidbot:bfs_naive,2,300,0,0,0,0,0
org.hwyl.sexytopo_93.apk,droidbot:bfs_naive,3,60,0,0,0,0,0
org.hwyl.sexytopo_93.apk,droidbot:bfs_naive,3,180,0,0,0,0,0
org.hwyl.sexytopo_93.apk,droidbot:bfs_naive,3,300,0,0,0,0,0
org.hwyl.sexytopo_93.apk,ape,1,60,0,0,0,0,0
org.hwyl.sexytopo_93.apk,ape,1,180,0,0,0,0,0
org.hwyl.sexytopo_93.apk,ape,1,300,0,0,0,0,0
org.hwyl.sexytopo_93.apk,ape,2,60,0,0,0,0,0
org.hwyl.sexytopo_93.apk,ape,2,180,0,0,0,0,0
org.hwyl.sexytopo_93.apk,ape,2,300,0,0,0,0,0
org.hwyl.sexytopo_93.apk,ape,3,60,0,0,0,0,0
org.hwyl.sexytopo_93.apk,ape,3,180,0,0,0,0,0
org.hwyl.sexytopo_93.apk,ape,3,300,0,0,0,0,0
org.hwyl.sexytopo_93.apk,droidmate,1,60,0,0,0,0,0
org.hwyl.sexytopo_93.apk,droidmate,1,180,0,0,0,0,0
org.hwyl.sexytopo_93.apk,droidmate,1,300,0,0,0,0,0
org.hwyl.sexytopo_93.apk,droidmate,2,60,0,0,0,0,0
org.hwyl.sexytopo_93.apk,droidmate,2,180,0,0,0,0,0
org.hwyl.sexytopo_93.apk,droidmate,2,300,0,0,0,0,0
org.hwyl.sexytopo_93.apk,droidmate,3,60,0,0,0,0,0
org.hwyl.sexytopo_93.apk,droidmate,3,180,0,0,0,0,0
org.hwyl.sexytopo_93.apk,droidmate,3,300,0,0,0,0,0
org.hwyl.sexytopo_93.apk,humanoid,1,60,0,0,0,0,0
org.hwyl.sexytopo_93.apk,humanoid,1,180,0,0,0,0,0
org.hwyl.sexytopo_93.apk,humanoid,1,300,0,0,0,0,0
org.hwyl.sexytopo_93.apk,humanoid,2,60,0,0,0,0,0
org.hwyl.sexytopo_93.apk,humanoid,2,180,0,0,0,0,0
org.hwyl.sexytopo_93.apk,humanoid,2,300,0,0,0,0,0
org.hwyl.sexytopo_93.apk,humanoid,3,60,0,0,0,0,0
org.hwyl.sexytopo_93.apk,humanoid,3,180,0,0,0,0,0
org.hwyl.sexytopo_93.apk,humanoid,3,300,0,0,0,0,0
org.hwyl.sexytopo_93.apk,ares,1,60,0,0,0,0,0
org.hwyl.sexytopo_93.apk,ares,1,180,0,0,0,0,0
org.hwyl.sexytopo_93.apk,ares,1,300,0,0,0,0,0
org.hwyl.sexytopo_93.apk,ares,2,60,0,0,0,0,0
org.hwyl.sexytopo_93.apk,ares,2,180,0,0,0,0,0
org.hwyl.sexytopo_93.apk,ares,2,300,0,0,0,0,0
org.hwyl.sexytopo_93.apk,ares,3,60,0,0,0,0,0
org.hwyl.sexytopo_93.apk,ares,3,180,0,0,0,0,0
org.hwyl.sexytopo_93.apk,ares,3,300,0,0,0,0,0
org.hwyl.sexytopo_93.apk,fastbot,1,60,0,0,0,0,0
org.hwyl.sexytopo_93.apk,fastbot,1,180,0,0,0,0,0
org.hwyl.sexytopo_93.apk,fastbot,1,300,0,0,0,0,0
org.hwyl.sexytopo_93.apk,fastbot,2,60,0,0,0,0,0
org.hwyl.sexytopo_93.apk,fastbot,2,180,0,0,0,0,0
org.hwyl.sexytopo_93.apk,fastbot,2,300,0,0,0,0,0
org.hwyl.sexytopo_93.apk,fastbot,3,60,0,0,0,0,0
org.hwyl.sexytopo_93.apk,fastbot,3,180,0,0,0,0,0
org.hwyl.sexytopo_93.apk,fastbot,3,300,0,0,0,0,0
org.hwyl.sexytopo_93.apk,qtesting,1,60,0,0,0,0,0
org.hwyl.sexytopo_93.apk,qtesting,1,180,0,0,0,0,0
org.hwyl.sexytopo_93.apk,qtesting,1,300,0,0,0,0,0
org.hwyl.sexytopo_93.apk,qtesting,2,60,0,0,0,0,0
org.hwyl.sexytopo_93.apk,qtesting,2,180,0,0,0,0,0
org.hwyl.sexytopo_93.apk,qtesting,2,300,0,0,0,0,0
org.hwyl.sexytopo_93.apk,qtesting,3,60,0,0,0,0,0
org.hwyl.sexytopo_93.apk,qtesting,3,180,0,0,0,0,0
org.hwyl.sexytopo_93.apk,qtesting,3,300,0,0,0,0,0
org.quantumbadger.redreader_117.apk,monkey,1,60,13,6,13,13,13.0
org.quantumbadger.redreader_117.apk,monkey,1,180,13,6,13,13,13.0
org.quantumbadger.redreader_117.apk,monkey,1,300,22,6,13,13,13.0
org.quantumbadger.redreader_117.apk,monkey,2,60,13,6,13,13,13.0
org.quantumbadger.redreader_117.apk,monkey,2,180,13,6,13,13,13.0
org.quantumbadger.redreader_117.apk,monkey,2,300,13,6,13,13,13.0
org.quantumbadger.redreader_117.apk,monkey,3,60,13,6,13,13,13.0
org.quantumbadger.redreader_117.apk,monkey,3,180,13,6,13,13,13.0
org.quantumbadger.redreader_117.apk,monkey,3,300,13,6,13,13,13.0
org.quantumbadger.redreader_117.apk,droidbot:dfs_greedy,1,60,10,5,10,10,10.0
org.quantumbadger.redreader_117.apk,droidbot:dfs_greedy,1,180,13,6,13,13,13.0
org.quantumbadger.redreader_117.apk,droidbot:dfs_greedy,1,300,13,6,13,13,13.0
org.quantumbadger.redreader_117.apk,droidbot:dfs_greedy,2,60,10,5,10,10,10.0
org.quantumbadger.redreader_117.apk,droidbot:dfs_greedy,2,180,13,6,13,13,13.0
org.quantumbadger.redreader_117.apk,droidbot:dfs_greedy,2,300,13,6,13,13,13.0
org.quantumbadger.redreader_117.apk,droidbot:dfs_greedy,3,60,10,5,10,10,10.0
org.quantumbadger.redreader_117.apk,droidbot:dfs_greedy,3,180,13,6,13,13,13.0
org.quantumbadger.redreader_117.apk,droidbot:dfs_greedy,3,300,13,6,13,13,13.0
org.quantumbadger.redreader_117.apk,droidbot:bfs_greedy,1,60,10,5,10,10,10.0
org.quantumbadger.redreader_117.apk,droidbot:bfs_greedy,1,180,13,6,13,13,13.0
org.quantumbadger.redreader_117.apk,droidbot:bfs_greedy,1,300,13,6,13,13,13.0
org.quantumbadger.redreader_117.apk,droidbot:bfs_greedy,2,60,10,5,10,10,10.0
org.quantumbadger.redreader_117.apk,droidbot:bfs_greedy,2,180,13,6,13,13,13.0
org.quantumbadger.redreader_117.apk,droidbot:bfs_greedy,2,300,13,6,13,13,13.0
org.quantumbadger.redreader_117.apk,droidbot:bfs_greedy,3,60,10,5,10,10,10.0
org.quantumbadger.redreader_117.apk,droidbot:bfs_greedy,3,180,13,6,13,13,13.0
org.quantumbadger.redreader_117.apk,droidbot:bfs_greedy,3,300,13,6,13,13,13.0
org.quantumbadger.redreader_117.apk,droidbot:dfs_naive,1,60,10,5,10,10,10.0
org.quantumbadger.redreader_117.apk,droidbot:dfs_naive,1,180,13,6,13,13,13.0
org.quantumbadger.redreader_117.apk,droidbot:dfs_naive,1,300,13,6,13,13,13.0
org.quantumbadger.redreader_117.apk,droidbot:dfs_naive,2,60,10,5,10,10,10.0
org.quantumbadger.redreader_117.apk,droidbot:dfs_naive,2,180,13,6,13,13,13.0
org.quantumbadger.redreader_117.apk,droidbot:dfs_naive,2,300,13,6,13,13,13.0
org.quantumbadger.redreader_117.apk,droidbot:dfs_naive,3,60,10,5,10,10,10.0
org.quantumbadger.redreader_117.apk,droidbot:dfs_naive,3,180,13,6,13,13,13.0
org.fedorahosted.freeotp_48.apk,fastbot,1,300,0,0,0,0,0
org.quantumbadger.redreader_117.apk,droidbot:dfs_naive,3,300,13,6,13,13,13.0
org.quantumbadger.redreader_117.apk,droidbot:bfs_naive,1,60,10,5,10,10,10.0
org.quantumbadger.redreader_117.apk,droidbot:bfs_naive,1,180,6,4,6,6,6.0
org.quantumbadger.redreader_117.apk,droidbot:bfs_naive,1,300,13,6,13,13,13.0
org.quantumbadger.redreader_117.apk,droidbot:bfs_naive,2,60,10,5,10,10,10.0
org.quantumbadger.redreader_117.apk,droidbot:bfs_naive,2,180,13,6,13,13,13.0
org.quantumbadger.redreader_117.apk,droidbot:bfs_naive,2,300,13,6,13,13,13.0
org.quantumbadger.redreader_117.apk,droidbot:bfs_naive,3,60,10,5,10,10,10.0
org.quantumbadger.redreader_117.apk,droidbot:bfs_naive,3,180,13,6,13,13,13.0
org.quantumbadger.redreader_117.apk,droidbot:bfs_naive,3,300,13,6,13,13,13.0
org.quantumbadger.redreader_117.apk,ape,1,60,30,5,10,10,10.0
org.quantumbadger.redreader_117.apk,ape,1,180,26,6,13,13,13.0
org.quantumbadger.redreader_117.apk,ape,1,300,23,6,13,13,13.0
org.quantumbadger.redreader_117.apk,ape,2,60,23,6,13,13,13.0
org.quantumbadger.redreader_117.apk,ape,2,180,16,6,13,13,13.0
org.quantumbadger.redreader_117.apk,ape,2,300,36,6,13,13,13.0
org.quantumbadger.redreader_117.apk,ape,3,60,10,5,10,10,10.0
org.quantumbadger.redreader_117.apk,ape,3,180,13,6,13,13,13.0
org.quantumbadger.redreader_117.apk,ape,3,300,36,6,13,13,13.0
org.quantumbadger.redreader_117.apk,droidmate,1,60,10,5,10,10,10.0
org.quantumbadger.redreader_117.apk,droidmate,1,180,10,5,10,10,10.0
org.quantumbadger.redreader_117.apk,droidmate,1,300,23,6,13,13,13.0
org.quantumbadger.redreader_117.apk,droidmate,2,60,10,5,10,10,10.0
org.quantumbadger.redreader_117.apk,droidmate,2,180,10,5,10,10,10.0
org.quantumbadger.redreader_117.apk,droidmate,2,300,10,5,10,10,10.0
org.quantumbadger.redreader_117.apk,droidmate,3,60,10,5,10,10,10.0
org.quantumbadger.redreader_117.apk,droidmate,3,180,10,5,10,10,10.0
org.quantumbadger.redreader_117.apk,droidmate,3,300,23,6,13,13,13.0
org.quantumbadger.redreader_117.apk,humanoid,1,60,10,5,10,10,10.0
org.quantumbadger.redreader_117.apk,humanoid,1,180,13,6,13,13,13.0
org.quantumbadger.redreader_117.apk,humanoid,1,300,13,6,13,13,13.0
org.quantumbadger.redreader_117.apk,humanoid,2,60,10,5,10,10,10.0
org.quantumbadger.redreader_117.apk,humanoid,2,180,13,6,13,13,13.0
org.quantumbadger.redreader_117.apk,humanoid,2,300,13,6,13,13,13.0
org.quantumbadger.redreader_117.apk,humanoid,3,60,13,6,13,13,13.0
org.quantumbadger.redreader_117.apk,humanoid,3,180,13,6,13,13,13.0
org.quantumbadger.redreader_117.apk,humanoid,3,300,13,6,13,13,13.0
org.quantumbadger.redreader_117.apk,ares,1,60,20,5,10,10,10.0
org.quantumbadger.redreader_117.apk,ares,1,180,23,6,13,13,13.0
org.quantumbadger.redreader_117.apk,ares,1,300,33,6,13,13,13.0
org.quantumbadger.redreader_117.apk,ares,2,60,20,5,10,10,10.0
org.quantumbadger.redreader_117.apk,ares,2,180,23,6,13,13,13.0
org.quantumbadger.redreader_117.apk,ares,2,300,23,6,13,13,13.0
org.quantumbadger.redreader_117.apk,ares,3,60,16,5,10,10,10.0
org.quantumbadger.redreader_117.apk,ares,3,180,23,6,13,13,13.0
org.quantumbadger.redreader_117.apk,ares,3,300,23,6,13,13,13.0
org.quantumbadger.redreader_117.apk,fastbot,1,60,13,6,13,13,13.0
org.quantumbadger.redreader_117.apk,fastbot,1,180,13,6,13,13,13.0
org.quantumbadger.redreader_117.apk,fastbot,1,300,10,5,10,10,10.0
org.quantumbadger.redreader_117.apk,fastbot,2,60,10,5,10,10,10.0
org.quantumbadger.redreader_117.apk,fastbot,2,180,13,6,13,13,13.0
org.quantumbadger.redreader_117.apk,fastbot,2,300,13,6,13,13,13.0
org.quantumbadger.redreader_117.apk,fastbot,3,60,6,4,6,6,6.0
org.quantumbadger.redreader_117.apk,fastbot,3,180,13,6,13,13,13.0
org.quantumbadger.redreader_117.apk,fastbot,3,300,13,6,13,13,13.0
org.quantumbadger.redreader_117.apk,qtesting,1,60,33,6,13,13,13.0
org.quantumbadger.redreader_117.apk,qtesting,1,180,76,6,13,13,13.0
org.quantumbadger.redreader_117.apk,qtesting,1,300,75,6,13,13,13.0
org.quantumbadger.redreader_117.apk,qtesting,2,60,20,5,10,10,10.0
org.quantumbadger.redreader_117.apk,qtesting,2,180,52,6,13,13,13.0
org.quantumbadger.redreader_117.apk,qtesting,2,300,92,6,13,13,13.0
org.quantumbadger.redreader_117.apk,qtesting,3,60,10,5,10,10,10.0
org.quantumbadger.redreader_117.apk,qtesting,3,180,46,6,13,13,13.0
org.quantumbadger.redreader_117.apk,qtesting,3,300,59,6,13,13,13.0
ua.com.radiokot.photoprism_67.apk,monkey,1,60,0,0,0,0,0
ua.com.radiokot.photoprism_67.apk,monkey,1,180,0,0,0,0,0
ua.com.radiokot.photoprism_67.apk,monkey,1,300,7,2,7,7,7
ua.com.radiokot.photoprism_67.apk,monkey,2,60,0,0,0,0,0
ua.com.radiokot.photoprism_67.apk,monkey,2,180,0,0,0,0,0
ua.com.radiokot.photoprism_67.apk,monkey,2,300,0,0,0,0,0
ua.com.radiokot.photoprism_67.apk,monkey,3,60,0,0,0,0,0
ua.com.radiokot.photoprism_67.apk,monkey,3,180,7,2,7,7,7
ua.com.radiokot.photoprism_67.apk,monkey,3,300,0,0,0,0,0
ua.com.radiokot.photoprism_67.apk,droidbot:dfs_greedy,1,60,0,0,0,0,0
ua.com.radiokot.photoprism_67.apk,droidbot:dfs_greedy,1,180,12,3,12,12,12
ua.com.radiokot.photoprism_67.apk,droidbot:dfs_greedy,1,300,14,5,14,14,14
ua.com.radiokot.photoprism_67.apk,droidbot:dfs_greedy,2,60,0,0,0,0,0
ua.com.radiokot.photoprism_67.apk,droidbot:dfs_greedy,2,180,12,3,12,12,12
ua.com.radiokot.photoprism_67.apk,droidbot:dfs_greedy,2,300,12,3,12,12,12
ua.com.radiokot.photoprism_67.apk,droidbot:dfs_greedy,3,60,0,0,0,0,0
ua.com.radiokot.photoprism_67.apk,droidbot:dfs_greedy,3,180,12,3,12,12,12
ua.com.radiokot.photoprism_67.apk,droidbot:dfs_greedy,3,300,12,3,12,12,12
ua.com.radiokot.photoprism_67.apk,droidbot:bfs_greedy,1,60,0,0,0,0,0
ua.com.radiokot.photoprism_67.apk,droidbot:bfs_greedy,1,180,12,3,12,12,12
ua.com.radiokot.photoprism_67.apk,droidbot:bfs_greedy,1,300,12,3,12,12,12
ua.com.radiokot.photoprism_67.apk,droidbot:bfs_greedy,2,60,0,0,0,0,0
ua.com.radiokot.photoprism_67.apk,droidbot:bfs_greedy,2,180,12,3,12,12,12
ua.com.radiokot.photoprism_67.apk,droidbot:bfs_greedy,2,300,12,3,12,12,12
ua.com.radiokot.photoprism_67.apk,droidbot:bfs_greedy,3,60,0,0,0,0,0
ua.com.radiokot.photoprism_67.apk,droidbot:bfs_greedy,3,180,12,3,12,12,12
ua.com.radiokot.photoprism_67.apk,droidbot:bfs_greedy,3,300,12,3,12,12,12
ua.com.radiokot.photoprism_67.apk,droidbot:dfs_naive,1,60,0,0,0,0,0
ua.com.radiokot.photoprism_67.apk,droidbot:dfs_naive,1,180,0,0,0,0,0
ua.com.radiokot.photoprism_67.apk,droidbot:dfs_naive,1,300,0,0,0,0,0
ua.com.radiokot.photoprism_67.apk,droidbot:dfs_naive,2,60,0,0,0,0,0
ua.com.radiokot.photoprism_67.apk,droidbot:dfs_naive,2,180,0,0,0,0,0
ua.com.radiokot.photoprism_67.apk,droidbot:dfs_naive,2,300,0,0,0,0,0
ua.com.radiokot.photoprism_67.apk,droidbot:dfs_naive,3,60,0,0,0,0,0
ua.com.radiokot.photoprism_67.apk,droidbot:dfs_naive,3,180,0,0,0,0,0
ua.com.radiokot.photoprism_67.apk,droidbot:dfs_naive,3,300,0,0,0,0,0
ua.com.radiokot.photoprism_67.apk,droidbot:bfs_naive,1,60,0,0,0,0,0
ua.com.radiokot.photoprism_67.apk,droidbot:bfs_naive,1,180,0,0,0,0,0
ua.com.radiokot.photoprism_67.apk,droidbot:bfs_naive,1,300,0,0,0,0,0
ua.com.radiokot.photoprism_67.apk,droidbot:bfs_naive,2,60,0,0,0,0,0
ua.com.radiokot.photoprism_67.apk,droidbot:bfs_naive,2,180,0,0,0,0,0
ua.com.radiokot.photoprism_67.apk,droidbot:bfs_naive,2,300,0,0,0,0,0
ua.com.radiokot.photoprism_67.apk,droidbot:bfs_naive,3,60,0,0,0,0,0
ua.com.radiokot.photoprism_67.apk,droidbot:bfs_naive,3,180,0,0,0,0,0
ua.com.radiokot.photoprism_67.apk,droidbot:bfs_naive,3,300,0,0,0,0,0
ua.com.radiokot.photoprism_67.apk,ape,1,60,12,3,12,12,12
ua.com.radiokot.photoprism_67.apk,ape,1,180,14,5,14,14,14
ua.com.radiokot.photoprism_67.apk,ape,1,300,24,3,12,12,12
ua.com.radiokot.photoprism_67.apk,ape,2,60,7,2,7,7,7
ua.com.radiokot.photoprism_67.apk,ape,2,180,28,7,16,16,16
ua.com.radiokot.photoprism_67.apk,ape,2,300,40,5,14,14,14
ua.com.radiokot.photoprism_67.apk,ape,3,60,14,5,14,14,14
ua.com.radiokot.photoprism_67.apk,ape,3,180,14,5,14,14,14
ua.com.radiokot.photoprism_67.apk,ape,3,300,26,5,14,14,14
ua.com.radiokot.photoprism_67.apk,droidmate,1,60,0,0,0,0,0
ua.com.radiokot.photoprism_67.apk,droidmate,1,180,0,0,0,0,0
ua.com.radiokot.photoprism_67.apk,droidmate,1,300,0,0,0,0,0
ua.com.radiokot.photoprism_67.apk,droidmate,2,60,0,0,0,0,0
ua.com.radiokot.photoprism_67.apk,droidmate,2,180,0,0,0,0,0
ua.com.radiokot.photoprism_67.apk,droidmate,2,300,0,0,0,0,0
ua.com.radiokot.photoprism_67.apk,droidmate,3,60,0,0,0,0,0
ua.com.radiokot.photoprism_67.apk,droidmate,3,180,0,0,0,0,0
ua.com.radiokot.photoprism_67.apk,droidmate,3,300,0,0,0,0,0
ua.com.radiokot.photoprism_67.apk,humanoid,1,60,12,3,12,12,12
ua.com.radiokot.photoprism_67.apk,humanoid,1,180,0,0,0,0,0
ua.com.radiokot.photoprism_67.apk,humanoid,1,300,0,0,0,0,0
ua.com.radiokot.photoprism_67.apk,humanoid,2,60,12,3,12,12,12
ua.com.radiokot.photoprism_67.apk,humanoid,2,180,14,5,14,14,14
ua.com.radiokot.photoprism_67.apk,humanoid,2,300,0,0,0,0,0
ua.com.radiokot.photoprism_67.apk,humanoid,3,60,0,0,0,0,0
ua.com.radiokot.photoprism_67.apk,humanoid,3,180,0,0,0,0,0
ua.com.radiokot.photoprism_67.apk,humanoid,3,300,0,0,0,0,0
ua.com.radiokot.photoprism_67.apk,ares,1,60,0,0,0,0,0
ua.com.radiokot.photoprism_67.apk,ares,1,180,0,0,0,0,0
ua.com.radiokot.photoprism_67.apk,ares,1,300,0,0,0,0,0
ua.com.radiokot.photoprism_67.apk,ares,2,60,0,0,0,0,0
ua.com.radiokot.photoprism_67.apk,ares,2,180,0,0,0,0,0
ua.com.radiokot.photoprism_67.apk,ares,2,300,0,0,0,0,0
ua.com.radiokot.photoprism_67.apk,ares,3,60,0,0,0,0,0
ua.com.radiokot.photoprism_67.apk,ares,3,180,0,0,0,0,0
ua.com.radiokot.photoprism_67.apk,ares,3,300,0,0,0,0,0
ua.com.radiokot.photoprism_67.apk,fastbot,1,60,14,5,14,14,14
ua.com.radiokot.photoprism_67.apk,fastbot,1,180,36,3,12,12,12
ua.com.radiokot.photoprism_67.apk,fastbot,1,300,14,5,14,14,14
ua.com.radiokot.photoprism_67.apk,fastbot,2,60,12,3,12,12,12
ua.com.radiokot.photoprism_67.apk,fastbot,2,180,12,3,12,12,12
ua.com.radiokot.photoprism_67.apk,fastbot,2,300,14,5,14,14,14
ua.com.radiokot.photoprism_67.apk,fastbot,3,60,12,3,12,12,12
ua.com.radiokot.photoprism_67.apk,fastbot,3,180,14,5,14,14,14
ua.com.radiokot.photoprism_67.apk,fastbot,3,300,28,5,14,14,14
ua.com.radiokot.photoprism_67.apk,qtesting,1,60,12,3,12,12,12
ua.com.radiokot.photoprism_67.apk,qtesting,1,180,67,3,12,12,12
ua.com.radiokot.photoprism_67.apk,qtesting,1,300,74,3,12,12,12
ua.com.radiokot.photoprism_67.apk,qtesting,2,60,24,3,12,12,12
ua.com.radiokot.photoprism_67.apk,qtesting,2,180,48,3,12,12,12
ua.com.radiokot.photoprism_67.apk,qtesting,2,300,43,3,12,12,12
ua.com.radiokot.photoprism_67.apk,qtesting,3,60,0,0,0,0,0
ua.com.radiokot.photoprism_67.apk,qtesting,3,180,33,5,14,14,14
ua.com.radiokot.photoprism_67.apk,qtesting,3,300,36,3,12,12,12
app.maskan.chat_90.apk,monkey,1,60,25,13,24,24,24.0
app.maskan.chat_90.apk,monkey,1,180,32,16,31,31,31.0
app.maskan.chat_90.apk,monkey,2,60,25,13,24,24,24.0
app.maskan.chat_90.apk,droidbot:dfs_greedy,1,60,25,13,24,24,24.0
app.maskan.chat_90.apk,droidbot:dfs_greedy,1,180,32,16,31,31,31.0
app.maskan.chat_90.apk,droidbot:dfs_greedy,1,300,32,16,31,31,31.0
app.maskan.chat_90.apk,droidbot:dfs_greedy,2,60,27,13,26,26,26.0
app.maskan.chat_90.apk,droidbot:dfs_greedy,2,180,32,16,31,31,31.0
app.maskan.chat_90.apk,droidbot:dfs_greedy,2,300,32,16,31,31,31.0
app.maskan.chat_90.apk,droidbot:dfs_greedy,3,60,20,11,19,19,19.0
app.maskan.chat_90.apk,droidbot:dfs_greedy,3,180,32,16,31,31,31.0
app.maskan.chat_90.apk,droidbot:dfs_greedy,3,300,32,16,31,31,31.0
app.maskan.chat_90.apk,droidbot:bfs_greedy,1,60,25,13,24,24,24.0
app.maskan.chat_90.apk,droidbot:bfs_greedy,1,180,35,19,34,34,34.0
app.maskan.chat_90.apk,droidbot:bfs_greedy,1,300,35,19,34,34,34.0
app.maskan.chat_90.apk,droidbot:bfs_greedy,2,180,35,19,34,34,34.0
app.maskan.chat_90.apk,droidbot:bfs_greedy,2,300,35,19,34,34,34.0
app.maskan.chat_90.apk,droidbot:bfs_greedy,3,60,25,13,24,24,24.0
app.maskan.chat_90.apk,droidbot:bfs_greedy,3,180,35,19,34,34,34.0
app.maskan.chat_90.apk,droidbot:bfs_greedy,3,300,35,19,34,34,34.0
app.maskan.chat_90.apk,droidbot:dfs_naive,1,60,25,13,24,24,24.0
app.maskan.chat_90.apk,droidbot:dfs_naive,1,180,27,13,26,26,26.0
app.maskan.chat_90.apk,droidbot:dfs_naive,1,300,32,16,31,31,31.0
app.maskan.chat_90.apk,droidbot:dfs_naive,2,60,25,13,24,24,24.0
app.maskan.chat_90.apk,droidbot:dfs_naive,2,180,27,13,26,26,26.0
app.maskan.chat_90.apk,droidbot:dfs_naive,2,300,32,16,31,31,31.0
app.maskan.chat_90.apk,droidbot:dfs_naive,3,60,25,13,24,24,24.0
app.maskan.chat_90.apk,droidbot:dfs_naive,3,180,27,13,26,26,26.0
app.maskan.chat_90.apk,droidbot:dfs_naive,3,300,32,16,31,31,31.0
app.maskan.chat_90.apk,droidbot:bfs_naive,1,60,25,13,24,24,24.0
app.maskan.chat_90.apk,droidbot:bfs_naive,1,180,27,13,26,26,26.0
app.maskan.chat_90.apk,droidbot:bfs_naive,1,300,27,13,26,26,26.0
app.maskan.chat_90.apk,droidbot:bfs_naive,2,60,25,13,24,24,24.0
app.maskan.chat_90.apk,droidbot:bfs_naive,2,180,27,13,26,26,26.0
app.maskan.chat_90.apk,droidbot:bfs_naive,2,300,35,19,34,34,34.0
app.maskan.chat_90.apk,droidbot:bfs_naive,3,60,25,13,24,24,24.0
app.maskan.chat_90.apk,droidbot:bfs_naive,3,180,27,13,26,26,26.0
app.maskan.chat_90.apk,droidbot:bfs_naive,3,300,35,19,34,34,34.0
app.maskan.chat_90.apk,ape,1,60,52,13,26,26,26.0
app.maskan.chat_90.apk,ape,1,180,60,19,34,34,34.0
app.maskan.chat_90.apk,ape,1,300,117,19,34,34,34.0
app.maskan.chat_90.apk,ape,2,60,100,13,24,24,24.0
app.maskan.chat_90.apk,ape,2,180,150,13,24,24,24.0
app.maskan.chat_90.apk,ape,2,300,220,19,34,34,34.0
app.maskan.chat_90.apk,ape,3,60,75,13,24,24,24.0
app.maskan.chat_90.apk,ape,3,180,35,19,34,34,34.0
app.maskan.chat_90.apk,ape,3,300,67,19,34,34,34.0
app.maskan.chat_90.apk,droidmate,1,60,25,13,24,24,24.0
app.maskan.chat_90.apk,droidmate,1,180,70,19,34,34,34.0
app.maskan.chat_90.apk,droidmate,1,300,120,19,34,34,34.0
app.maskan.chat_90.apk,droidmate,2,60,35,19,34,34,34.0
app.maskan.chat_90.apk,droidmate,2,180,70,19,34,34,34.0
app.maskan.chat_90.apk,droidmate,2,300,105,19,34,34,34.0
app.maskan.chat_90.apk,droidmate,3,60,35,19,34,34,34.0
app.maskan.chat_90.apk,droidmate,3,180,60,19,34,34,34.0
app.maskan.chat_90.apk,droidmate,3,300,95,19,34,34,34.0
app.maskan.chat_90.apk,humanoid,1,60,25,13,24,24,24.0
app.maskan.chat_90.apk,humanoid,1,180,25,13,24,24,24.0
app.maskan.chat_90.apk,humanoid,1,300,27,13,26,26,26.0
app.maskan.chat_90.apk,humanoid,2,60,25,13,24,24,24.0
app.maskan.chat_90.apk,humanoid,2,180,25,13,24,24,24.0
app.maskan.chat_90.apk,humanoid,2,300,25,13,24,24,24.0
app.maskan.chat_90.apk,humanoid,3,60,25,13,24,24,24.0
app.maskan.chat_90.apk,humanoid,3,180,27,13,26,26,26.0
app.maskan.chat_90.apk,humanoid,3,300,32,16,31,31,31.0
app.maskan.chat_90.apk,ares,1,60,50,13,24,24,24.0
app.maskan.chat_90.apk,ares,1,180,50,13,24,24,24.0
app.maskan.chat_90.apk,ares,1,300,50,13,24,24,24.0
app.maskan.chat_90.apk,ares,2,60,50,13,24,24,24.0
app.maskan.chat_90.apk,ares,2,180,43,13,24,24,24.0
app.maskan.chat_90.apk,ares,2,300,50,13,24,24,24.0
app.maskan.chat_90.apk,ares,3,60,50,13,24,24,24.0
app.maskan.chat_90.apk,ares,3,180,43,13,24,24,24.0
app.maskan.chat_90.apk,ares,3,300,60,19,34,34,34.0
app.maskan.chat_90.apk,fastbot,1,60,35,19,34,34,34.0
app.maskan.chat_90.apk,fastbot,1,180,25,13,24,24,24.0
app.maskan.chat_90.apk,fastbot,1,300,35,19,34,34,34.0
app.maskan.chat_90.apk,fastbot,2,60,35,19,34,34,34.0
app.maskan.chat_90.apk,fastbot,2,180,32,16,31,31,31.0
app.maskan.chat_90.apk,fastbot,2,300,35,19,34,34,34.0
app.maskan.chat_90.apk,fastbot,3,60,27,13,26,26,26.0
app.maskan.chat_90.apk,fastbot,3,180,35,19,34,34,34.0
app.maskan.chat_90.apk,fastbot,3,300,25,13,24,24,24.0
app.maskan.chat_90.apk,qtesting,1,60,102,16,27,27,27.0
app.maskan.chat_90.apk,qtesting,1,180,432,16,31,31,31.0
app.maskan.chat_90.apk,qtesting,1,300,978,19,34,34,34.0
app.maskan.chat_90.apk,qtesting,2,60,82,16,29,29,29.0
app.maskan.chat_90.apk,qtesting,2,180,511,16,27,27,27.0
app.maskan.chat_90.apk,qtesting,2,300,916,16,27,27,27.0
app.maskan.chat_90.apk,qtesting,3,60,114,19,34,34,34.0
app.maskan.chat_90.apk,qtesting,3,180,484,16,27,27,27.0
app.maskan.chat_90.apk,qtesting,3,300,889,16,27,27,27.0
ch.rmy.android.http_shortcuts_1104060001.apk,monkey,1,60,18,5,18,18,18.0
ch.rmy.android.http_shortcuts_1104060001.apk,monkey,3,60,0,0,0,0,0
ch.rmy.android.http_shortcuts_1104060001.apk,droidbot:dfs_greedy,1,60,0,0,0,0,0
ch.rmy.android.http_shortcuts_1104060001.apk,droidbot:dfs_greedy,1,180,0,0,0,0,0
ch.rmy.android.http_shortcuts_1104060001.apk,droidbot:dfs_greedy,1,300,18,5,18,18,18.0
ch.rmy.android.http_shortcuts_1104060001.apk,droidbot:dfs_greedy,2,60,0,0,0,0,0
ch.rmy.android.http_shortcuts_1104060001.apk,droidbot:dfs_greedy,2,180,18,5,18,18,18.0
ch.rmy.android.http_shortcuts_1104060001.apk,droidbot:dfs_greedy,2,300,18,5,18,18,18.0
ch.rmy.android.http_shortcuts_1104060001.apk,droidbot:dfs_greedy,3,60,0,0,0,0,0
ch.rmy.android.http_shortcuts_1104060001.apk,droidbot:dfs_greedy,3,180,0,0,0,0,0
ch.rmy.android.http_shortcuts_1104060001.apk,droidbot:dfs_greedy,3,300,0,0,0,0,0
ch.rmy.android.http_shortcuts_1104060001.apk,droidbot:bfs_greedy,1,60,0,0,0,0,0
ch.rmy.android.http_shortcuts_1104060001.apk,droidbot:bfs_greedy,1,180,18,5,18,18,18.0
ch.rmy.android.http_shortcuts_1104060001.apk,droidbot:bfs_greedy,1,300,18,5,18,18,18.0
ch.rmy.android.http_shortcuts_1104060001.apk,droidbot:bfs_greedy,2,60,0,0,0,0,0
ch.rmy.android.http_shortcuts_1104060001.apk,droidbot:bfs_greedy,2,180,0,0,0,0,0
ch.rmy.android.http_shortcuts_1104060001.apk,droidbot:bfs_greedy,2,300,18,5,18,18,18.0
ch.rmy.android.http_shortcuts_1104060001.apk,droidbot:bfs_greedy,3,60,0,0,0,0,0
ch.rmy.android.http_shortcuts_1104060001.apk,droidbot:bfs_greedy,3,180,0,0,0,0,0
ch.rmy.android.http_shortcuts_1104060001.apk,droidbot:bfs_greedy,3,300,0,0,0,0,0
ch.rmy.android.http_shortcuts_1104060001.apk,droidbot:dfs_naive,1,60,0,0,0,0,0
ch.rmy.android.http_shortcuts_1104060001.apk,droidbot:dfs_naive,1,180,0,0,0,0,0
ch.rmy.android.http_shortcuts_1104060001.apk,droidbot:dfs_naive,1,300,0,0,0,0,0
ch.rmy.android.http_shortcuts_1104060001.apk,droidbot:dfs_naive,2,60,0,0,0,0,0
ch.rmy.android.http_shortcuts_1104060001.apk,droidbot:dfs_naive,2,180,0,0,0,0,0
ch.rmy.android.http_shortcuts_1104060001.apk,droidbot:dfs_naive,2,300,0,0,0,0,0
ch.rmy.android.http_shortcuts_1104060001.apk,droidbot:dfs_naive,3,60,0,0,0,0,0
ch.rmy.android.http_shortcuts_1104060001.apk,droidbot:dfs_naive,3,180,0,0,0,0,0
ch.rmy.android.http_shortcuts_1104060001.apk,droidbot:dfs_naive,3,300,0,0,0,0,0
ch.rmy.android.http_shortcuts_1104060001.apk,droidbot:bfs_naive,1,60,0,0,0,0,0
app.maskan.chat_90.apk,monkey,1,300,35,19,34,34,34.0
app.maskan.chat_90.apk,droidbot:bfs_greedy,2,60,25,13,24,24,24.0
ch.rmy.android.http_shortcuts_1104060001.apk,monkey,2,180,18,5,18,18,18.0
ch.rmy.android.http_shortcuts_1104060001.apk,droidbot:bfs_naive,1,180,0,0,0,0,0
ch.rmy.android.http_shortcuts_1104060001.apk,droidbot:bfs_naive,1,300,0,0,0,0,0
ch.rmy.android.http_shortcuts_1104060001.apk,droidbot:bfs_naive,2,60,0,0,0,0,0
ch.rmy.android.http_shortcuts_1104060001.apk,droidbot:bfs_naive,2,180,0,0,0,0,0
ch.rmy.android.http_shortcuts_1104060001.apk,droidbot:bfs_naive,2,300,0,0,0,0,0
ch.rmy.android.http_shortcuts_1104060001.apk,droidbot:bfs_naive,3,60,0,0,0,0,0
ch.rmy.android.http_shortcuts_1104060001.apk,droidbot:bfs_naive,3,180,0,0,0,0,0
ch.rmy.android.http_shortcuts_1104060001.apk,droidbot:bfs_naive,3,300,0,0,0,0,0
ch.rmy.android.http_shortcuts_1104060001.apk,ape,1,60,18,5,18,18,18.0
ch.rmy.android.http_shortcuts_1104060001.apk,ape,1,180,11,3,11,11,11.0
ch.rmy.android.http_shortcuts_1104060001.apk,ape,1,300,18,5,18,18,18.0
ch.rmy.android.http_shortcuts_1104060001.apk,ape,2,60,0,0,0,0,0
ch.rmy.android.http_shortcuts_1104060001.apk,ape,2,180,18,5,18,18,18.0
ch.rmy.android.http_shortcuts_1104060001.apk,ape,2,300,36,5,18,18,18.0
ch.rmy.android.http_shortcuts_1104060001.apk,ape,3,60,0,0,0,0,0
ch.rmy.android.http_shortcuts_1104060001.apk,ape,3,180,18,5,18,18,18.0
ch.rmy.android.http_shortcuts_1104060001.apk,ape,3,300,29,5,18,18,18.0
ch.rmy.android.http_shortcuts_1104060001.apk,droidmate,1,60,0,0,0,0,0
ch.rmy.android.http_shortcuts_1104060001.apk,droidmate,1,180,0,0,0,0,0
ch.rmy.android.http_shortcuts_1104060001.apk,droidmate,1,300,0,0,0,0,0
ch.rmy.android.http_shortcuts_1104060001.apk,droidmate,2,60,0,0,0,0,0
ch.rmy.android.http_shortcuts_1104060001.apk,droidmate,2,180,0,0,0,0,0
ch.rmy.android.http_shortcuts_1104060001.apk,droidmate,2,300,0,0,0,0,0
ch.rmy.android.http_shortcuts_1104060001.apk,droidmate,3,60,0,0,0,0,0
ch.rmy.android.http_shortcuts_1104060001.apk,droidmate,3,180,0,0,0,0,0
ch.rmy.android.http_shortcuts_1104060001.apk,droidmate,3,300,0,0,0,0,0
ch.rmy.android.http_shortcuts_1104060001.apk,humanoid,1,60,0,0,0,0,0
ch.rmy.android.http_shortcuts_1104060001.apk,humanoid,1,180,0,0,0,0,0
ch.rmy.android.http_shortcuts_1104060001.apk,humanoid,1,300,0,0,0,0,0
ch.rmy.android.http_shortcuts_1104060001.apk,humanoid,2,60,0,0,0,0,0
ch.rmy.android.http_shortcuts_1104060001.apk,humanoid,2,180,0,0,0,0,0
ch.rmy.android.http_shortcuts_1104060001.apk,humanoid,2,300,0,0,0,0,0
ch.rmy.android.http_shortcuts_1104060001.apk,humanoid,3,60,0,0,0,0,0
ch.rmy.android.http_shortcuts_1104060001.apk,humanoid,3,180,0,0,0,0,0
ch.rmy.android.http_shortcuts_1104060001.apk,humanoid,3,300,18,5,18,18,18.0
ch.rmy.android.http_shortcuts_1104060001.apk,ares,1,60,0,0,0,0,0
ch.rmy.android.http_shortcuts_1104060001.apk,ares,1,180,0,0,0,0,0
ch.rmy.android.http_shortcuts_1104060001.apk,ares,1,300,18,5,18,18,18.0
ch.rmy.android.http_shortcuts_1104060001.apk,ares,2,60,18,5,18,18,18.0
ch.rmy.android.http_shortcuts_1104060001.apk,ares,2,180,11,3,11,11,11.0
ch.rmy.android.http_shortcuts_1104060001.apk,ares,2,300,18,5,18,18,18.0
ch.rmy.android.http_shortcuts_1104060001.apk,ares,3,60,0,0,0,0,0
app.maskan.chat_90.apk,monkey,2,300,35,19,34,34,34.0
ch.rmy.android.http_shortcuts_1104060001.apk,monkey,1,180,18,5,18,18,18.0
ch.rmy.android.http_shortcuts_1104060001.apk,monkey,2,60,0,0,0,0,0
ch.rmy.android.http_shortcuts_1104060001.apk,monkey,3,180,18,5,18,18,18.0
ch.rmy.android.http_shortcuts_1104060001.apk,ares,3,180,18,5,18,18,18.0
ch.rmy.android.http_shortcuts_1104060001.apk,ares,3,300,0,0,0,0,0
ch.rmy.android.http_shortcuts_1104060001.apk,fastbot,1,60,0,0,0,0,0
ch.rmy.android.http_shortcuts_1104060001.apk,fastbot,1,180,0,0,0,0,0
ch.rmy.android.http_shortcuts_1104060001.apk,fastbot,1,300,0,0,0,0,0
ch.rmy.android.http_shortcuts_1104060001.apk,fastbot,2,60,0,0,0,0,0
ch.rmy.android.http_shortcuts_1104060001.apk,fastbot,2,180,0,0,0,0,0
ch.rmy.android.http_shortcuts_1104060001.apk,fastbot,2,300,0,0,0,0,0
ch.rmy.android.http_shortcuts_1104060001.apk,fastbot,3,60,18,5,18,18,18.0
ch.rmy.android.http_shortcuts_1104060001.apk,fastbot,3,180,0,0,0,0,0
ch.rmy.android.http_shortcuts_1104060001.apk,fastbot,3,300,0,0,0,0,0
ch.rmy.android.http_shortcuts_1104060001.apk,qtesting,1,60,0,0,0,0,0
ch.rmy.android.http_shortcuts_1104060001.apk,qtesting,1,180,0,0,0,0,0
ch.rmy.android.http_shortcuts_1104060001.apk,qtesting,1,300,0,0,0,0,0
ch.rmy.android.http_shortcuts_1104060001.apk,qtesting,2,60,0,0,0,0,0
ch.rmy.android.http_shortcuts_1104060001.apk,qtesting,2,180,0,0,0,0,0
ch.rmy.android.http_shortcuts_1104060001.apk,qtesting,2,300,0,0,0,0,0
ch.rmy.android.http_shortcuts_1104060001.apk,qtesting,3,60,0,0,0,0,0
ch.rmy.android.http_shortcuts_1104060001.apk,qtesting,3,180,0,0,0,0,0
ch.rmy.android.http_shortcuts_1104060001.apk,qtesting,3,300,0,0,0,0,0
com.celzero.bravedns_619.apk,monkey,1,60,9,4,9,9,9.0
com.celzero.bravedns_619.apk,monkey,2,60,9,4,9,9,9.0
com.celzero.bravedns_619.apk,monkey,2,180,9,4,9,9,9.0
com.celzero.bravedns_619.apk,monkey,3,60,9,4,9,9,9.0
com.celzero.bravedns_619.apk,droidbot:dfs_greedy,1,60,2,2,2,2,2.0
com.celzero.bravedns_619.apk,droidbot:dfs_greedy,1,180,2,2,2,2,2.0
com.celzero.bravedns_619.apk,droidbot:dfs_greedy,1,300,2,2,2,2,2.0
com.celzero.bravedns_619.apk,droidbot:dfs_greedy,2,60,2,2,2,2,2.0
com.celzero.bravedns_619.apk,droidbot:dfs_greedy,2,180,2,2,2,2,2.0
com.celzero.bravedns_619.apk,droidbot:dfs_greedy,2,300,2,2,2,2,2.0
com.celzero.bravedns_619.apk,droidbot:dfs_greedy,3,60,2,2,2,2,2.0
com.celzero.bravedns_619.apk,droidbot:dfs_greedy,3,180,2,2,2,2,2.0
com.celzero.bravedns_619.apk,droidbot:dfs_greedy,3,300,2,2,2,2,2.0
com.celzero.bravedns_619.apk,droidbot:bfs_greedy,1,60,2,2,2,2,2.0
com.celzero.bravedns_619.apk,droidbot:bfs_greedy,1,180,2,2,2,2,2.0
com.celzero.bravedns_619.apk,droidbot:bfs_greedy,1,300,9,4,9,9,9.0
com.celzero.bravedns_619.apk,droidbot:bfs_greedy,2,60,2,2,2,2,2.0
com.celzero.bravedns_619.apk,droidbot:bfs_greedy,2,180,2,2,2,2,2.0
com.celzero.bravedns_619.apk,droidbot:bfs_greedy,2,300,2,2,2,2,2.0
com.celzero.bravedns_619.apk,droidbot:bfs_greedy,3,60,2,2,2,2,2.0
app.maskan.chat_90.apk,monkey,3,180,35,19,34,34,34.0
com.celzero.bravedns_619.apk,monkey,3,180,9,4,9,9,9.0
com.celzero.bravedns_619.apk,droidbot:bfs_greedy,3,180,2,2,2,2,2.0
com.celzero.bravedns_619.apk,droidbot:bfs_greedy,3,300,9,4,9,9,9.0
com.celzero.bravedns_619.apk,droidbot:dfs_naive,1,60,2,2,2,2,2.0
com.celzero.bravedns_619.apk,droidbot:dfs_naive,1,180,2,2,2,2,2.0
com.celzero.bravedns_619.apk,droidbot:dfs_naive,1,300,2,2,2,2,2.0
com.celzero.bravedns_619.apk,droidbot:dfs_naive,2,60,2,2,2,2,2.0
com.celzero.bravedns_619.apk,droidbot:dfs_naive,2,180,2,2,2,2,2.0
com.celzero.bravedns_619.apk,droidbot:dfs_naive,2,300,2,2,2,2,2.0
com.celzero.bravedns_619.apk,droidbot:dfs_naive,3,60,2,2,2,2,2.0
com.celzero.bravedns_619.apk,droidbot:dfs_naive,3,180,2,2,2,2,2.0
com.celzero.bravedns_619.apk,droidbot:dfs_naive,3,300,0,0,0,0,0
com.celzero.bravedns_619.apk,droidbot:bfs_naive,1,180,2,2,2,2,2.0
com.celzero.bravedns_619.apk,droidbot:bfs_naive,1,300,2,2,2,2,2.0
com.celzero.bravedns_619.apk,droidbot:bfs_naive,2,60,2,2,2,2,2.0
com.celzero.bravedns_619.apk,droidbot:bfs_naive,2,180,2,2,2,2,2.0
com.celzero.bravedns_619.apk,droidbot:bfs_naive,2,300,2,2,2,2,2.0
com.celzero.bravedns_619.apk,droidbot:bfs_naive,3,60,2,2,2,2,2.0
com.celzero.bravedns_619.apk,droidbot:bfs_naive,3,180,2,2,2,2,2.0
com.celzero.bravedns_619.apk,droidbot:bfs_naive,3,300,2,2,2,2,2.0
com.celzero.bravedns_619.apk,ape,1,60,2,2,2,2,2.0
com.celzero.bravedns_619.apk,ape,1,180,9,4,9,9,9.0
com.celzero.bravedns_619.apk,ape,1,300,9,4,9,9,9.0
com.celzero.bravedns_619.apk,ape,2,60,2,2,2,2,2.0
com.celzero.bravedns_619.apk,ape,2,180,2,2,2,2,2.0
com.celzero.bravedns_619.apk,ape,2,300,16,4,9,9,9.0
com.celzero.bravedns_619.apk,ape,3,60,2,2,2,2,2.0
com.celzero.bravedns_619.apk,ape,3,180,2,2,2,2,2.0
com.celzero.bravedns_619.apk,ape,3,300,2,2,2,2,2.0
com.celzero.bravedns_619.apk,droidmate,1,60,2,2,2,2,2.0
app.maskan.chat_90.apk,monkey,2,180,35,19,34,34,34.0
app.maskan.chat_90.apk,monkey,3,60,25,13,24,24,24.0
app.maskan.chat_90.apk,monkey,3,300,25,13,24,24,24.0
ch.rmy.android.http_shortcuts_1104060001.apk,monkey,1,300,18,5,18,18,18.0
ch.rmy.android.http_shortcuts_1104060001.apk,monkey,2,300,0,0,0,0,0
ch.rmy.android.http_shortcuts_1104060001.apk,monkey,3,300,0,0,0,0,0
com.celzero.bravedns_619.apk,monkey,1,180,9,4,9,9,9.0
com.celzero.bravedns_619.apk,monkey,1,300,9,4,9,9,9.0
com.celzero.bravedns_619.apk,monkey,2,300,9,4,9,9,9.0
com.celzero.bravedns_619.apk,monkey,3,300,9,4,9,9,9.0
com.celzero.bravedns_619.apk,droidbot:bfs_naive,1,60,2,2,2,2,2.0
com.celzero.bravedns_619.apk,droidmate,1,180,4,2,2,2,2.0
com.celzero.bravedns_619.apk,droidmate,1,300,4,2,2,2,2.0
com.celzero.bravedns_619.apk,droidmate,2,60,2,2,2,2,2.0
com.celzero.bravedns_619.apk,droidmate,2,180,4,2,2,2,2.0
com.celzero.bravedns_619.apk,droidmate,2,300,4,2,2,2,2.0
com.celzero.bravedns_619.apk,droidmate,3,60,2,2,2,2,2.0
com.celzero.bravedns_619.apk,droidmate,3,180,4,2,2,2,2.0
com.celzero.bravedns_619.apk,droidmate,3,300,4,2,2,2,2.0
com.celzero.bravedns_619.apk,humanoid,1,60,2,2,2,2,2.0
com.celzero.bravedns_619.apk,humanoid,1,180,9,4,9,9,9.0
com.celzero.bravedns_619.apk,humanoid,1,300,2,2,2,2,2.0
com.celzero.bravedns_619.apk,humanoid,2,60,2,2,2,2,2.0
com.celzero.bravedns_619.apk,humanoid,2,180,2,2,2,2,2.0
com.celzero.bravedns_619.apk,humanoid,2,300,9,4,9,9,9.0
com.celzero.bravedns_619.apk,humanoid,3,60,2,2,2,2,2.0
com.celzero.bravedns_619.apk,humanoid,3,180,2,2,2,2,2.0
com.celzero.bravedns_619.apk,humanoid,3,300,2,2,2,2,2.0
com.celzero.bravedns_619.apk,ares,1,60,0,0,0,0,0
com.celzero.bravedns_619.apk,ares,1,180,2,2,2,2,2.0
com.celzero.bravedns_619.apk,ares,1,300,0,0,0,0,0
com.celzero.bravedns_619.apk,ares,2,60,2,2,2,2,2.0
com.celzero.bravedns_619.apk,ares,2,180,7,2,7,7,7.0
com.celzero.bravedns_619.apk,ares,2,300,9,4,9,9,9.0
com.celzero.bravedns_619.apk,ares,3,60,0,0,0,0,0
com.celzero.bravedns_619.apk,ares,3,180,7,2,7,7,7.0
com.celzero.bravedns_619.apk,ares,3,300,0,0,0,0,0
com.celzero.bravedns_619.apk,fastbot,1,60,2,2,2,2,2.0
com.celzero.bravedns_619.apk,fastbot,1,180,2,2,2,2,2.0
com.celzero.bravedns_619.apk,fastbot,1,300,2,2,2,2,2.0
com.celzero.bravedns_619.apk,fastbot,2,60,2,2,2,2,2.0
com.celzero.bravedns_619.apk,fastbot,2,180,2,2,2,2,2.0
com.celzero.bravedns_619.apk,fastbot,2,300,9,4,9,9,9.0
com.celzero.bravedns_619.apk,fastbot,3,60,2,2,2,2,2.0
com.celzero.bravedns_619.apk,fastbot,3,180,9,4,9,9,9.0
com.celzero.bravedns_619.apk,fastbot,3,300,7,2,7,7,7.0
com.celzero.bravedns_619.apk,qtesting,1,60,0,0,0,0,0
com.celzero.bravedns_619.apk,qtesting,1,180,0,0,0,0,0
com.celzero.bravedns_619.apk,qtesting,1,300,0,0,0,0,0
com.celzero.bravedns_619.apk,qtesting,2,60,0,0,0,0,0
com.celzero.bravedns_619.apk,qtesting,2,180,0,0,0,0,0
com.celzero.bravedns_619.apk,qtesting,2,300,0,0,0,0,0
com.celzero.bravedns_619.apk,qtesting,3,60,0,0,0,0,0
com.celzero.bravedns_619.apk,qtesting,3,180,0,0,0,0,0
com.celzero.bravedns_619.apk,qtesting,3,300,0,0,0,0,0
com.ds.avare_404.apk,monkey,1,60,8,3,8,8,8.0
com.ds.avare_404.apk,monkey,1,180,8,3,8,8,8.0
com.ds.avare_404.apk,monkey,1,300,8,3,8,8,8.0
com.ds.avare_404.apk,monkey,2,60,8,3,8,8,8.0
com.ds.avare_404.apk,monkey,2,180,8,3,8,8,8.0
com.ds.avare_404.apk,monkey,2,300,8,3,8,8,8.0
com.ds.avare_404.apk,monkey,3,60,8,3,8,8,8.0
com.ds.avare_404.apk,monkey,3,180,8,3,8,8,8.0
com.ds.avare_404.apk,monkey,3,300,8,3,8,8,8.0
com.ds.avare_404.apk,droidbot:dfs_greedy,1,60,8,3,8,8,8.0
com.ds.avare_404.apk,droidbot:dfs_greedy,1,180,61,3,8,8,8.0
com.ds.avare_404.apk,droidbot:dfs_greedy,1,300,168,3,8,8,8.0
com.ds.avare_404.apk,droidbot:dfs_greedy,2,60,8,3,8,8,8.0
com.ds.avare_404.apk,droidbot:dfs_greedy,2,180,8,3,8,8,8.0
com.ds.avare_404.apk,droidbot:dfs_greedy,2,300,120,3,8,8,8.0
com.ds.avare_404.apk,droidbot:dfs_greedy,3,60,8,3,8,8,8.0
com.ds.avare_404.apk,droidbot:dfs_greedy,3,180,64,3,8,8,8.0
com.ds.avare_404.apk,droidbot:dfs_greedy,3,300,136,3,8,8,8.0
com.ds.avare_404.apk,droidbot:bfs_greedy,1,60,8,3,8,8,8.0
com.ds.avare_404.apk,droidbot:bfs_greedy,1,180,32,3,8,8,8.0
com.ds.avare_404.apk,droidbot:bfs_greedy,1,300,120,3,8,8,8.0
com.ds.avare_404.apk,droidbot:bfs_greedy,2,60,8,3,8,8,8.0
com.ds.avare_404.apk,droidbot:bfs_greedy,2,180,24,3,8,8,8.0
com.ds.avare_404.apk,droidbot:bfs_greedy,2,300,104,3,8,8,8.0
com.ds.avare_404.apk,droidbot:bfs_greedy,3,60,8,3,8,8,8.0
com.ds.avare_404.apk,droidbot:bfs_greedy,3,180,32,3,8,8,8.0
com.ds.avare_404.apk,droidbot:bfs_greedy,3,300,168,3,8,8,8.0
com.ds.avare_404.apk,droidbot:dfs_naive,1,60,8,3,8,8,8.0
com.ds.avare_404.apk,droidbot:dfs_naive,1,180,8,3,8,8,8.0
com.ds.avare_404.apk,droidbot:dfs_naive,1,300,8,3,8,8,8.0
com.ds.avare_404.apk,droidbot:dfs_naive,2,60,8,3,8,8,8.0
com.ds.avare_404.apk,droidbot:dfs_naive,2,180,8,3,8,8,8.0
com.ds.avare_404.apk,droidbot:dfs_naive,2,300,8,3,8,8,8.0
com.ds.avare_404.apk,droidbot:dfs_naive,3,60,8,3,8,8,8.0
com.ds.avare_404.apk,droidbot:dfs_naive,3,180,8,3,8,8,8.0
com.ds.avare_404.apk,droidbot:dfs_naive,3,300,8,3,8,8,8.0
com.ds.avare_404.apk,droidbot:bfs_naive,1,60,8,3,8,8,8.0
com.ds.avare_404.apk,droidbot:bfs_naive,1,180,8,3,8,8,8.0
com.ds.avare_404.apk,droidbot:bfs_naive,1,300,8,3,8,8,8.0
com.ds.avare_404.apk,droidbot:bfs_naive,2,60,8,3,8,8,8.0
com.ds.avare_404.apk,droidbot:bfs_naive,2,180,8,3,8,8,8.0
com.ds.avare_404.apk,droidbot:bfs_naive,2,300,8,3,8,8,8.0
com.ds.avare_404.apk,droidbot:bfs_naive,3,60,8,3,8,8,8.0
com.ds.avare_404.apk,droidbot:bfs_naive,3,180,8,3,8,8,8.0
com.ds.avare_404.apk,droidbot:bfs_naive,3,300,8,3,8,8,8.0
com.ds.avare_404.apk,ape,1,60,8,3,8,8,8.0
com.ds.avare_404.apk,ape,1,180,16,3,8,8,8.0
com.ds.avare_404.apk,ape,1,300,16,3,8,8,8.0
com.ds.avare_404.apk,ape,2,60,8,3,8,8,8.0
com.ds.avare_404.apk,ape,2,180,8,3,8,8,8.0
com.ds.avare_404.apk,ape,2,300,16,3,8,8,8.0
com.ds.avare_404.apk,ape,3,60,8,3,8,8,8.0
com.ds.avare_404.apk,ape,3,180,8,3,8,8,8.0
com.ds.avare_404.apk,ape,3,300,8,3,8,8,8.0
com.ds.avare_404.apk,droidmate,1,60,8,3,8,8,8.0
com.ds.avare_404.apk,droidmate,1,180,8,3,8,8,8.0
com.ds.avare_404.apk,droidmate,1,300,104,3,8,8,8.0
com.ds.avare_404.apk,droidmate,2,60,8,3,8,8,8.0
com.ds.avare_404.apk,droidmate,2,180,8,3,8,8,8.0
com.ds.avare_404.apk,droidmate,2,300,120,3,8,8,8.0
com.ds.avare_404.apk,droidmate,3,60,8,3,8,8,8.0
com.ds.avare_404.apk,droidmate,3,180,8,3,8,8,8.0
com.ds.avare_404.apk,droidmate,3,300,16,3,8,8,8.0
com.ds.avare_404.apk,humanoid,1,60,8,3,8,8,8.0
com.ds.avare_404.apk,humanoid,1,180,32,3,8,8,8.0
com.ds.avare_404.apk,humanoid,1,300,112,3,8,8,8.0
com.ds.avare_404.apk,humanoid,2,60,8,3,8,8,8.0
com.ds.avare_404.apk,humanoid,2,180,24,3,8,8,8.0
com.ds.avare_404.apk,humanoid,2,300,8,3,8,8,8.0
com.ds.avare_404.apk,humanoid,3,60,8,3,8,8,8.0
com.ds.avare_404.apk,humanoid,3,180,24,3,8,8,8.0
com.ds.avare_404.apk,humanoid,3,300,80,3,8,8,8.0
com.ds.avare_404.apk,ares,1,60,16,3,8,8,8.0
com.ds.avare_404.apk,ares,1,180,16,3,8,8,8.0
com.ds.avare_404.apk,ares,1,300,16,3,8,8,8.0
com.ds.avare_404.apk,ares,2,60,16,3,8,8,8.0
com.ds.avare_404.apk,ares,2,180,16,3,8,8,8.0
com.ds.avare_404.apk,ares,2,300,16,3,8,8,8.0
com.ds.avare_404.apk,ares,3,60,16,3,8,8,8.0
com.ds.avare_404.apk,ares,3,180,16,3,8,8,8.0
com.ds.avare_404.apk,ares,3,300,16,3,8,8,8.0
com.ds.avare_404.apk,fastbot,1,60,8,3,8,8,8.0
com.ds.avare_404.apk,fastbot,1,180,8,3,8,8,8.0
com.ds.avare_404.apk,fastbot,1,300,8,3,8,8,8.0
com.ds.avare_404.apk,fastbot,2,60,8,3,8,8,8.0
com.ds.avare_404.apk,fastbot,2,180,8,3,8,8,8.0
com.ds.avare_404.apk,fastbot,2,300,8,3,8,8,8.0
com.ds.avare_404.apk,fastbot,3,60,8,3,8,8,8.0
com.ds.avare_404.apk,fastbot,3,180,8,3,8,8,8.0
com.ds.avare_404.apk,fastbot,3,300,8,3,8,8,8.0
com.ds.avare_404.apk,qtesting,1,60,8,3,8,8,8.0
com.ds.avare_404.apk,qtesting,1,180,16,3,8,8,8.0
com.ds.avare_404.apk,qtesting,1,300,16,3,8,8,8.0
com.ds.avare_404.apk,qtesting,2,60,16,3,8,8,8.0
com.ds.avare_404.apk,qtesting,2,180,16,3,8,8,8.0
com.ds.avare_404.apk,qtesting,2,300,24,3,8,8,8.0
com.ds.avare_404.apk,qtesting,3,60,8,3,8,8,8.0
com.ds.avare_404.apk,qtesting,3,180,16,3,8,8,8.0
com.ds.avare_404.apk,qtesting,3,300,16,3,8,8,8.0
com.github.cvzi.screenshottile_148.apk,monkey,1,60,0,0,0,0,0
com.github.cvzi.screenshottile_148.apk,monkey,1,180,0,0,0,0,0
com.github.cvzi.screenshottile_148.apk,monkey,1,300,0,0,0,0,0
com.github.cvzi.screenshottile_148.apk,monkey,2,60,0,0,0,0,0
com.github.cvzi.screenshottile_148.apk,monkey,2,300,0,0,0,0,0
com.github.cvzi.screenshottile_148.apk,monkey,3,60,0,0,0,0,0
com.github.cvzi.screenshottile_148.apk,monkey,3,180,0,0,0,0,0
com.github.cvzi.screenshottile_148.apk,monkey,3,300,0,0,0,0,0
com.github.cvzi.screenshottile_148.apk,droidbot:dfs_greedy,1,60,0,0,0,0,0
com.github.cvzi.screenshottile_148.apk,droidbot:dfs_greedy,1,180,0,0,0,0,0
com.github.cvzi.screenshottile_148.apk,droidbot:dfs_greedy,1,300,0,0,0,0,0
com.github.cvzi.screenshottile_148.apk,droidbot:dfs_greedy,2,60,0,0,0,0,0
com.github.cvzi.screenshottile_148.apk,droidbot:dfs_greedy,2,180,0,0,0,0,0
com.github.cvzi.screenshottile_148.apk,droidbot:dfs_greedy,2,300,0,0,0,0,0
com.github.cvzi.screenshottile_148.apk,droidbot:dfs_greedy,3,60,0,0,0,0,0
com.github.cvzi.screenshottile_148.apk,droidbot:dfs_greedy,3,180,0,0,0,0,0
com.github.cvzi.screenshottile_148.apk,droidbot:dfs_greedy,3,300,0,0,0,0,0
com.github.cvzi.screenshottile_148.apk,droidbot:bfs_greedy,1,180,0,0,0,0,0
com.github.cvzi.screenshottile_148.apk,droidbot:bfs_greedy,1,300,0,0,0,0,0
com.github.cvzi.screenshottile_148.apk,droidbot:bfs_greedy,2,60,0,0,0,0,0
com.github.cvzi.screenshottile_148.apk,droidbot:bfs_greedy,2,180,0,0,0,0,0
com.github.cvzi.screenshottile_148.apk,droidbot:bfs_greedy,2,300,0,0,0,0,0
com.github.cvzi.screenshottile_148.apk,droidbot:bfs_greedy,3,60,0,0,0,0,0
com.github.cvzi.screenshottile_148.apk,droidbot:bfs_greedy,3,180,0,0,0,0,0
com.github.cvzi.screenshottile_148.apk,droidbot:bfs_greedy,3,300,0,0,0,0,0
com.github.cvzi.screenshottile_148.apk,droidbot:dfs_naive,1,60,0,0,0,0,0
com.github.cvzi.screenshottile_148.apk,droidbot:dfs_naive,1,180,0,0,0,0,0
com.github.cvzi.screenshottile_148.apk,droidbot:dfs_naive,1,300,0,0,0,0,0
com.github.cvzi.screenshottile_148.apk,droidbot:dfs_naive,2,60,0,0,0,0,0
com.github.cvzi.screenshottile_148.apk,droidbot:dfs_naive,2,180,0,0,0,0,0
com.github.cvzi.screenshottile_148.apk,droidbot:dfs_naive,2,300,0,0,0,0,0
com.github.cvzi.screenshottile_148.apk,droidbot:dfs_naive,3,60,0,0,0,0,0
com.github.cvzi.screenshottile_148.apk,droidbot:dfs_naive,3,180,0,0,0,0,0
com.github.cvzi.screenshottile_148.apk,droidbot:dfs_naive,3,300,0,0,0,0,0
com.github.cvzi.screenshottile_148.apk,droidbot:bfs_naive,1,60,0,0,0,0,0
com.github.cvzi.screenshottile_148.apk,droidbot:bfs_naive,1,180,0,0,0,0,0
com.github.cvzi.screenshottile_148.apk,droidbot:bfs_naive,1,300,0,0,0,0,0
com.github.cvzi.screenshottile_148.apk,droidbot:bfs_naive,2,60,0,0,0,0,0
com.github.cvzi.screenshottile_148.apk,droidbot:bfs_naive,2,180,0,0,0,0,0
com.github.cvzi.screenshottile_148.apk,droidbot:bfs_naive,2,300,0,0,0,0,0
com.github.cvzi.screenshottile_148.apk,droidbot:bfs_naive,3,60,0,0,0,0,0
com.github.cvzi.screenshottile_148.apk,droidbot:bfs_naive,3,180,0,0,0,0,0
com.github.cvzi.screenshottile_148.apk,droidbot:bfs_naive,3,300,0,0,0,0,0
com.github.cvzi.screenshottile_148.apk,ape,1,60,0,0,0,0,0
com.github.cvzi.screenshottile_148.apk,ape,1,180,0,0,0,0,0
com.github.cvzi.screenshottile_148.apk,ape,1,300,0,0,0,0,0
com.github.cvzi.screenshottile_148.apk,ape,2,60,0,0,0,0,0
com.github.cvzi.screenshottile_148.apk,ape,2,180,0,0,0,0,0
com.github.cvzi.screenshottile_148.apk,ape,2,300,0,0,0,0,0
com.github.cvzi.screenshottile_148.apk,ape,3,60,0,0,0,0,0
com.github.cvzi.screenshottile_148.apk,ape,3,180,0,0,0,0,0
com.github.cvzi.screenshottile_148.apk,ape,3,300,0,0,0,0,0
com.github.cvzi.screenshottile_148.apk,droidmate,1,60,0,0,0,0,0
com.github.cvzi.screenshottile_148.apk,droidmate,1,180,0,0,0,0,0
com.github.cvzi.screenshottile_148.apk,droidmate,1,300,0,0,0,0,0
com.github.cvzi.screenshottile_148.apk,droidmate,2,60,0,0,0,0,0
com.github.cvzi.screenshottile_148.apk,droidmate,2,180,0,0,0,0,0
com.github.cvzi.screenshottile_148.apk,droidmate,2,300,0,0,0,0,0
com.github.cvzi.screenshottile_148.apk,droidmate,3,60,0,0,0,0,0
com.github.cvzi.screenshottile_148.apk,droidmate,3,180,0,0,0,0,0
com.github.cvzi.screenshottile_148.apk,droidmate,3,300,0,0,0,0,0
com.github.cvzi.screenshottile_148.apk,humanoid,1,60,0,0,0,0,0
com.github.cvzi.screenshottile_148.apk,humanoid,1,180,0,0,0,0,0
com.github.cvzi.screenshottile_148.apk,humanoid,1,300,0,0,0,0,0
com.github.cvzi.screenshottile_148.apk,humanoid,2,60,0,0,0,0,0
com.github.cvzi.screenshottile_148.apk,humanoid,2,180,0,0,0,0,0
com.github.cvzi.screenshottile_148.apk,humanoid,2,300,0,0,0,0,0
com.github.cvzi.screenshottile_148.apk,humanoid,3,60,0,0,0,0,0
com.github.cvzi.screenshottile_148.apk,humanoid,3,180,0,0,0,0,0
com.github.cvzi.screenshottile_148.apk,humanoid,3,300,0,0,0,0,0
com.github.cvzi.screenshottile_148.apk,ares,1,60,0,0,0,0,0
com.github.cvzi.screenshottile_148.apk,ares,1,180,0,0,0,0,0
com.github.cvzi.screenshottile_148.apk,ares,1,300,0,0,0,0,0
com.github.cvzi.screenshottile_148.apk,ares,2,60,0,0,0,0,0
com.github.cvzi.screenshottile_148.apk,ares,2,180,0,0,0,0,0
com.github.cvzi.screenshottile_148.apk,ares,2,300,0,0,0,0,0
com.github.cvzi.screenshottile_148.apk,ares,3,60,0,0,0,0,0
com.github.cvzi.screenshottile_148.apk,ares,3,180,0,0,0,0,0
com.github.cvzi.screenshottile_148.apk,ares,3,300,0,0,0,0,0
com.github.cvzi.screenshottile_148.apk,fastbot,1,60,0,0,0,0,0
com.github.cvzi.screenshottile_148.apk,fastbot,1,180,0,0,0,0,0
com.github.cvzi.screenshottile_148.apk,fastbot,1,300,0,0,0,0,0
com.github.cvzi.screenshottile_148.apk,fastbot,2,60,0,0,0,0,0
com.github.cvzi.screenshottile_148.apk,fastbot,2,180,0,0,0,0,0
com.github.cvzi.screenshottile_148.apk,fastbot,2,300,0,0,0,0,0
com.github.cvzi.screenshottile_148.apk,fastbot,3,60,0,0,0,0,0
com.github.cvzi.screenshottile_148.apk,fastbot,3,180,0,0,0,0,0
com.github.cvzi.screenshottile_148.apk,fastbot,3,300,0,0,0,0,0
com.github.cvzi.screenshottile_148.apk,qtesting,1,60,0,0,0,0,0
com.github.cvzi.screenshottile_148.apk,qtesting,1,180,0,0,0,0,0
com.github.cvzi.screenshottile_148.apk,qtesting,1,300,0,0,0,0,0
com.github.cvzi.screenshottile_148.apk,qtesting,2,60,0,0,0,0,0
com.github.cvzi.screenshottile_148.apk,qtesting,2,180,0,0,0,0,0
com.github.cvzi.screenshottile_148.apk,qtesting,2,300,0,0,0,0,0
com.github.cvzi.screenshottile_148.apk,qtesting,3,60,0,0,0,0,0
com.github.cvzi.screenshottile_148.apk,qtesting,3,180,0,0,0,0,0
com.github.cvzi.screenshottile_148.apk,qtesting,3,300,0,0,0,0,0
com.kolktech.linxshare_22.apk,monkey,1,60,0,0,0,0,0
com.kolktech.linxshare_22.apk,monkey,1,180,0,0,0,0,0
com.kolktech.linxshare_22.apk,monkey,1,300,0,0,0,0,0
com.kolktech.linxshare_22.apk,monkey,2,60,0,0,0,0,0
com.kolktech.linxshare_22.apk,monkey,2,180,0,0,0,0,0
com.kolktech.linxshare_22.apk,monkey,2,300,0,0,0,0,0
com.kolktech.linxshare_22.apk,monkey,3,60,0,0,0,0,0
com.kolktech.linxshare_22.apk,monkey,3,180,0,0,0,0,0
com.kolktech.linxshare_22.apk,monkey,3,300,0,0,0,0,0
com.kolktech.linxshare_22.apk,droidbot:dfs_greedy,1,60,0,0,0,0,0
com.kolktech.linxshare_22.apk,droidbot:dfs_greedy,1,180,0,0,0,0,0
com.kolktech.linxshare_22.apk,droidbot:dfs_greedy,1,300,0,0,0,0,0
com.kolktech.linxshare_22.apk,droidbot:dfs_greedy,2,60,0,0,0,0,0
com.kolktech.linxshare_22.apk,droidbot:dfs_greedy,2,180,0,0,0,0,0
com.kolktech.linxshare_22.apk,droidbot:dfs_greedy,2,300,0,0,0,0,0
com.kolktech.linxshare_22.apk,droidbot:dfs_greedy,3,60,0,0,0,0,0
com.kolktech.linxshare_22.apk,droidbot:dfs_greedy,3,180,0,0,0,0,0
com.kolktech.linxshare_22.apk,droidbot:dfs_greedy,3,300,0,0,0,0,0
com.kolktech.linxshare_22.apk,droidbot:bfs_greedy,1,60,0,0,0,0,0
com.kolktech.linxshare_22.apk,droidbot:bfs_greedy,1,180,0,0,0,0,0
com.kolktech.linxshare_22.apk,droidbot:bfs_greedy,1,300,0,0,0,0,0
com.kolktech.linxshare_22.apk,droidbot:bfs_greedy,2,60,0,0,0,0,0
com.kolktech.linxshare_22.apk,droidbot:bfs_greedy,2,180,0,0,0,0,0
com.kolktech.linxshare_22.apk,droidbot:bfs_greedy,2,300,0,0,0,0,0
com.kolktech.linxshare_22.apk,droidbot:bfs_greedy,3,60,0,0,0,0,0
com.kolktech.linxshare_22.apk,droidbot:bfs_greedy,3,180,0,0,0,0,0
com.kolktech.linxshare_22.apk,droidbot:bfs_greedy,3,300,0,0,0,0,0
com.kolktech.linxshare_22.apk,droidbot:dfs_naive,1,60,0,0,0,0,0
com.kolktech.linxshare_22.apk,droidbot:dfs_naive,1,180,0,0,0,0,0
com.kolktech.linxshare_22.apk,droidbot:dfs_naive,1,300,0,0,0,0,0
com.kolktech.linxshare_22.apk,droidbot:dfs_naive,2,60,0,0,0,0,0
com.kolktech.linxshare_22.apk,droidbot:dfs_naive,2,180,0,0,0,0,0
com.kolktech.linxshare_22.apk,droidbot:dfs_naive,2,300,0,0,0,0,0
com.kolktech.linxshare_22.apk,droidbot:dfs_naive,3,60,0,0,0,0,0
com.kolktech.linxshare_22.apk,droidbot:dfs_naive,3,180,0,0,0,0,0
com.kolktech.linxshare_22.apk,droidbot:dfs_naive,3,300,0,0,0,0,0
com.kolktech.linxshare_22.apk,droidbot:bfs_naive,1,60,0,0,0,0,0
com.kolktech.linxshare_22.apk,droidbot:bfs_naive,1,180,0,0,0,0,0
com.kolktech.linxshare_22.apk,droidbot:bfs_naive,1,300,0,0,0,0,0
com.kolktech.linxshare_22.apk,droidbot:bfs_naive,2,60,0,0,0,0,0
com.kolktech.linxshare_22.apk,droidbot:bfs_naive,2,180,0,0,0,0,0
com.kolktech.linxshare_22.apk,droidbot:bfs_naive,2,300,0,0,0,0,0
com.kolktech.linxshare_22.apk,droidbot:bfs_naive,3,60,0,0,0,0,0
com.kolktech.linxshare_22.apk,droidbot:bfs_naive,3,180,0,0,0,0,0
com.kolktech.linxshare_22.apk,droidbot:bfs_naive,3,300,0,0,0,0,0
com.kolktech.linxshare_22.apk,ape,1,60,0,0,0,0,0
com.kolktech.linxshare_22.apk,ape,1,180,0,0,0,0,0
com.kolktech.linxshare_22.apk,ape,1,300,0,0,0,0,0
com.kolktech.linxshare_22.apk,ape,2,60,0,0,0,0,0
com.kolktech.linxshare_22.apk,ape,2,180,0,0,0,0,0
com.kolktech.linxshare_22.apk,ape,2,300,0,0,0,0,0
com.kolktech.linxshare_22.apk,ape,3,60,0,0,0,0,0
com.kolktech.linxshare_22.apk,ape,3,180,0,0,0,0,0
com.kolktech.linxshare_22.apk,ape,3,300,0,0,0,0,0
com.kolktech.linxshare_22.apk,droidmate,1,60,0,0,0,0,0
com.kolktech.linxshare_22.apk,droidmate,1,180,0,0,0,0,0
com.kolktech.linxshare_22.apk,droidmate,1,300,0,0,0,0,0
com.kolktech.linxshare_22.apk,droidmate,2,60,0,0,0,0,0
com.kolktech.linxshare_22.apk,droidmate,2,180,0,0,0,0,0
com.kolktech.linxshare_22.apk,droidmate,2,300,0,0,0,0,0
com.kolktech.linxshare_22.apk,droidmate,3,60,0,0,0,0,0
com.kolktech.linxshare_22.apk,droidmate,3,180,0,0,0,0,0
com.kolktech.linxshare_22.apk,droidmate,3,300,0,0,0,0,0
com.kolktech.linxshare_22.apk,humanoid,1,60,0,0,0,0,0
com.kolktech.linxshare_22.apk,humanoid,1,180,0,0,0,0,0
com.kolktech.linxshare_22.apk,humanoid,1,300,0,0,0,0,0
com.kolktech.linxshare_22.apk,humanoid,2,60,0,0,0,0,0
com.kolktech.linxshare_22.apk,humanoid,2,300,0,0,0,0,0
com.kolktech.linxshare_22.apk,humanoid,3,60,0,0,0,0,0
com.kolktech.linxshare_22.apk,humanoid,3,180,0,0,0,0,0
com.kolktech.linxshare_22.apk,humanoid,3,300,0,0,0,0,0
com.kolktech.linxshare_22.apk,ares,1,60,0,0,0,0,0
com.kolktech.linxshare_22.apk,ares,1,180,0,0,0,0,0
com.kolktech.linxshare_22.apk,ares,1,300,0,0,0,0,0
com.kolktech.linxshare_22.apk,ares,2,60,0,0,0,0,0
com.kolktech.linxshare_22.apk,ares,2,180,0,0,0,0,0
com.kolktech.linxshare_22.apk,ares,2,300,0,0,0,0,0
com.kolktech.linxshare_22.apk,ares,3,60,0,0,0,0,0
com.kolktech.linxshare_22.apk,ares,3,180,0,0,0,0,0
com.kolktech.linxshare_22.apk,ares,3,300,0,0,0,0,0
com.kolktech.linxshare_22.apk,fastbot,1,60,0,0,0,0,0
com.kolktech.linxshare_22.apk,fastbot,1,180,0,0,0,0,0
com.kolktech.linxshare_22.apk,fastbot,1,300,0,0,0,0,0
com.kolktech.linxshare_22.apk,fastbot,2,60,0,0,0,0,0
com.kolktech.linxshare_22.apk,fastbot,2,300,0,0,0,0,0
com.kolktech.linxshare_22.apk,fastbot,3,60,0,0,0,0,0
com.kolktech.linxshare_22.apk,fastbot,3,180,0,0,0,0,0
com.kolktech.linxshare_22.apk,fastbot,3,300,0,0,0,0,0
com.kolktech.linxshare_22.apk,qtesting,1,60,0,0,0,0,0
com.kolktech.linxshare_22.apk,qtesting,1,180,0,0,0,0,0
com.kolktech.linxshare_22.apk,qtesting,1,300,0,0,0,0,0
com.kolktech.linxshare_22.apk,qtesting,2,60,0,0,0,0,0
com.kolktech.linxshare_22.apk,qtesting,2,180,0,0,0,0,0
com.kolktech.linxshare_22.apk,qtesting,2,300,0,0,0,0,0
com.kolktech.linxshare_22.apk,qtesting,3,60,0,0,0,0,0
com.kolktech.linxshare_22.apk,qtesting,3,180,0,0,0,0,0
com.kolktech.linxshare_22.apk,qtesting,3,300,0,0,0,0,0
com.micoyc.speakthat_58.apk,monkey,1,60,0,0,0,0,0
com.micoyc.speakthat_58.apk,monkey,1,180,0,0,0,0,0
com.micoyc.speakthat_58.apk,monkey,1,300,7,2,7,7,7.0
com.micoyc.speakthat_58.apk,monkey,2,60,0,0,0,0,0
com.micoyc.speakthat_58.apk,monkey,2,180,0,0,0,0,0
com.micoyc.speakthat_58.apk,monkey,2,300,7,2,7,7,7.0
com.micoyc.speakthat_58.apk,monkey,3,60,0,0,0,0,0
com.micoyc.speakthat_58.apk,monkey,3,180,0,0,0,0,0
com.micoyc.speakthat_58.apk,monkey,3,300,0,0,0,0,0
com.micoyc.speakthat_58.apk,droidbot:dfs_greedy,1,60,0,0,0,0,0
com.micoyc.speakthat_58.apk,droidbot:dfs_greedy,1,180,0,0,0,0,0
com.micoyc.speakthat_58.apk,droidbot:dfs_greedy,1,300,0,0,0,0,0
com.micoyc.speakthat_58.apk,droidbot:dfs_greedy,2,60,0,0,0,0,0
com.micoyc.speakthat_58.apk,droidbot:dfs_greedy,2,180,0,0,0,0,0
com.micoyc.speakthat_58.apk,droidbot:dfs_greedy,2,300,0,0,0,0,0
com.micoyc.speakthat_58.apk,droidbot:dfs_greedy,3,60,0,0,0,0,0
com.micoyc.speakthat_58.apk,droidbot:dfs_greedy,3,180,0,0,0,0,0
com.micoyc.speakthat_58.apk,droidbot:dfs_greedy,3,300,0,0,0,0,0
com.micoyc.speakthat_58.apk,droidbot:bfs_greedy,1,60,0,0,0,0,0
com.micoyc.speakthat_58.apk,droidbot:bfs_greedy,1,180,0,0,0,0,0
com.micoyc.speakthat_58.apk,droidbot:bfs_greedy,1,300,0,0,0,0,0
com.micoyc.speakthat_58.apk,droidbot:bfs_greedy,2,60,0,0,0,0,0
com.micoyc.speakthat_58.apk,droidbot:bfs_greedy,2,180,0,0,0,0,0
com.micoyc.speakthat_58.apk,droidbot:bfs_greedy,2,300,0,0,0,0,0
com.micoyc.speakthat_58.apk,droidbot:bfs_greedy,3,60,0,0,0,0,0
com.micoyc.speakthat_58.apk,droidbot:bfs_greedy,3,180,0,0,0,0,0
com.micoyc.speakthat_58.apk,droidbot:bfs_greedy,3,300,0,0,0,0,0
com.micoyc.speakthat_58.apk,droidbot:dfs_naive,1,60,0,0,0,0,0
com.micoyc.speakthat_58.apk,droidbot:dfs_naive,1,180,0,0,0,0,0
com.micoyc.speakthat_58.apk,droidbot:dfs_naive,1,300,0,0,0,0,0
com.micoyc.speakthat_58.apk,droidbot:dfs_naive,2,60,0,0,0,0,0
com.micoyc.speakthat_58.apk,droidbot:dfs_naive,2,180,0,0,0,0,0
com.micoyc.speakthat_58.apk,droidbot:dfs_naive,2,300,0,0,0,0,0
com.micoyc.speakthat_58.apk,droidbot:dfs_naive,3,60,0,0,0,0,0
com.micoyc.speakthat_58.apk,droidbot:dfs_naive,3,180,0,0,0,0,0
com.micoyc.speakthat_58.apk,droidbot:dfs_naive,3,300,0,0,0,0,0
com.micoyc.speakthat_58.apk,droidbot:bfs_naive,1,60,0,0,0,0,0
com.micoyc.speakthat_58.apk,droidbot:bfs_naive,1,180,0,0,0,0,0
com.micoyc.speakthat_58.apk,droidbot:bfs_naive,1,300,0,0,0,0,0
com.micoyc.speakthat_58.apk,droidbot:bfs_naive,2,60,0,0,0,0,0
com.micoyc.speakthat_58.apk,droidbot:bfs_naive,2,180,0,0,0,0,0
com.micoyc.speakthat_58.apk,droidbot:bfs_naive,2,300,0,0,0,0,0
com.micoyc.speakthat_58.apk,droidbot:bfs_naive,3,60,0,0,0,0,0
com.micoyc.speakthat_58.apk,droidbot:bfs_naive,3,180,0,0,0,0,0
com.micoyc.speakthat_58.apk,droidbot:bfs_naive,3,300,0,0,0,0,0
com.micoyc.speakthat_58.apk,ape,1,60,0,0,0,0,0
com.micoyc.speakthat_58.apk,ape,1,180,0,0,0,0,0
com.micoyc.speakthat_58.apk,ape,1,300,0,0,0,0,0
com.micoyc.speakthat_58.apk,ape,2,60,0,0,0,0,0
com.micoyc.speakthat_58.apk,ape,2,180,0,0,0,0,0
com.micoyc.speakthat_58.apk,ape,2,300,0,0,0,0,0
com.micoyc.speakthat_58.apk,ape,3,60,0,0,0,0,0
com.micoyc.speakthat_58.apk,ape,3,180,0,0,0,0,0
com.micoyc.speakthat_58.apk,ape,3,300,0,0,0,0,0
com.micoyc.speakthat_58.apk,droidmate,1,60,0,0,0,0,0
com.micoyc.speakthat_58.apk,droidmate,1,180,0,0,0,0,0
com.micoyc.speakthat_58.apk,droidmate,1,300,0,0,0,0,0
com.micoyc.speakthat_58.apk,droidmate,2,60,0,0,0,0,0
com.micoyc.speakthat_58.apk,droidmate,2,180,0,0,0,0,0
com.micoyc.speakthat_58.apk,droidmate,2,300,0,0,0,0,0
com.micoyc.speakthat_58.apk,droidmate,3,60,0,0,0,0,0
com.micoyc.speakthat_58.apk,droidmate,3,180,0,0,0,0,0
com.micoyc.speakthat_58.apk,droidmate,3,300,0,0,0,0,0
com.micoyc.speakthat_58.apk,humanoid,1,60,0,0,0,0,0
com.micoyc.speakthat_58.apk,humanoid,1,180,0,0,0,0,0
com.micoyc.speakthat_58.apk,humanoid,1,300,0,0,0,0,0
com.micoyc.speakthat_58.apk,humanoid,2,60,0,0,0,0,0
com.micoyc.speakthat_58.apk,humanoid,2,180,0,0,0,0,0
com.micoyc.speakthat_58.apk,humanoid,2,300,0,0,0,0,0
com.micoyc.speakthat_58.apk,humanoid,3,60,0,0,0,0,0
com.micoyc.speakthat_58.apk,humanoid,3,180,0,0,0,0,0
com.micoyc.speakthat_58.apk,humanoid,3,300,0,0,0,0,0
com.micoyc.speakthat_58.apk,ares,1,60,0,0,0,0,0
com.micoyc.speakthat_58.apk,ares,1,180,0,0,0,0,0
com.micoyc.speakthat_58.apk,ares,1,300,0,0,0,0,0
com.micoyc.speakthat_58.apk,ares,2,60,0,0,0,0,0
com.micoyc.speakthat_58.apk,ares,2,180,0,0,0,0,0
com.micoyc.speakthat_58.apk,ares,2,300,0,0,0,0,0
com.micoyc.speakthat_58.apk,ares,3,60,0,0,0,0,0
com.micoyc.speakthat_58.apk,ares,3,180,0,0,0,0,0
com.micoyc.speakthat_58.apk,ares,3,300,0,0,0,0,0
com.micoyc.speakthat_58.apk,fastbot,1,60,0,0,0,0,0
com.micoyc.speakthat_58.apk,fastbot,1,180,0,0,0,0,0
com.micoyc.speakthat_58.apk,fastbot,1,300,0,0,0,0,0
com.micoyc.speakthat_58.apk,fastbot,2,60,0,0,0,0,0
com.micoyc.speakthat_58.apk,fastbot,2,180,0,0,0,0,0
com.micoyc.speakthat_58.apk,fastbot,2,300,0,0,0,0,0
com.micoyc.speakthat_58.apk,fastbot,3,60,0,0,0,0,0
com.micoyc.speakthat_58.apk,fastbot,3,180,0,0,0,0,0
com.micoyc.speakthat_58.apk,fastbot,3,300,0,0,0,0,0
com.micoyc.speakthat_58.apk,qtesting,1,60,0,0,0,0,0
com.micoyc.speakthat_58.apk,qtesting,1,180,0,0,0,0,0
com.micoyc.speakthat_58.apk,qtesting,1,300,0,0,0,0,0
com.micoyc.speakthat_58.apk,qtesting,2,60,0,0,0,0,0
com.micoyc.speakthat_58.apk,qtesting,2,180,0,0,0,0,0
com.micoyc.speakthat_58.apk,qtesting,2,300,0,0,0,0,0
com.micoyc.speakthat_58.apk,qtesting,3,60,0,0,0,0,0
com.micoyc.speakthat_58.apk,qtesting,3,180,0,0,0,0,0
com.micoyc.speakthat_58.apk,qtesting,3,300,0,0,0,0,0
com.schwegelbin.openbible_46.apk,monkey,1,60,0,0,0,0,0
com.github.cvzi.screenshottile_148.apk,monkey,2,180,0,0,0,0,0
com.github.cvzi.screenshottile_148.apk,droidbot:bfs_greedy,1,60,0,0,0,0,0
com.kolktech.linxshare_22.apk,humanoid,2,180,0,0,0,0,0
com.kolktech.linxshare_22.apk,fastbot,2,180,0,0,0,0,0
com.schwegelbin.openbible_46.apk,monkey,1,180,5,1,5,5,5.0
com.schwegelbin.openbible_46.apk,monkey,1,300,0,0,0,0,0
com.schwegelbin.openbible_46.apk,monkey,2,60,0,0,0,0,0
com.schwegelbin.openbible_46.apk,monkey,2,180,5,1,5,5,5.0
com.schwegelbin.openbible_46.apk,monkey,2,300,0,0,0,0,0
com.schwegelbin.openbible_46.apk,monkey,3,60,5,1,5,5,5.0
com.schwegelbin.openbible_46.apk,monkey,3,180,5,1,5,5,5.0
com.schwegelbin.openbible_46.apk,monkey,3,300,5,1,5,5,5.0
com.schwegelbin.openbible_46.apk,droidbot:dfs_greedy,1,60,3,1,3,3,3.0
com.schwegelbin.openbible_46.apk,droidbot:dfs_greedy,1,180,5,1,5,5,5.0
com.schwegelbin.openbible_46.apk,droidbot:dfs_greedy,1,300,40,1,5,5,5.0
com.schwegelbin.openbible_46.apk,droidbot:dfs_greedy,2,60,0,0,0,0,0
com.schwegelbin.openbible_46.apk,droidbot:dfs_greedy,2,180,16,1,5,5,5.0
com.schwegelbin.openbible_46.apk,droidbot:dfs_greedy,2,300,5,1,5,5,5.0
com.schwegelbin.openbible_46.apk,droidbot:dfs_greedy,3,60,0,0,0,0,0
com.schwegelbin.openbible_46.apk,droidbot:dfs_greedy,3,180,30,1,5,5,5.0
com.schwegelbin.openbible_46.apk,droidbot:dfs_greedy,3,300,5,1,5,5,5.0
com.schwegelbin.openbible_46.apk,droidbot:bfs_greedy,1,60,0,0,0,0,0
com.schwegelbin.openbible_46.apk,droidbot:bfs_greedy,1,180,5,1,5,5,5.0
com.schwegelbin.openbible_46.apk,droidbot:bfs_greedy,1,300,10,1,5,5,5.0
com.schwegelbin.openbible_46.apk,droidbot:bfs_greedy,2,60,0,0,0,0,0
com.schwegelbin.openbible_46.apk,droidbot:bfs_greedy,2,180,10,1,5,5,5.0
com.schwegelbin.openbible_46.apk,droidbot:bfs_greedy,2,300,10,1,5,5,5.0
com.schwegelbin.openbible_46.apk,droidbot:bfs_greedy,3,60,0,0,0,0,0
com.schwegelbin.openbible_46.apk,droidbot:bfs_greedy,3,180,18,1,5,5,5.0
com.schwegelbin.openbible_46.apk,droidbot:bfs_greedy,3,300,10,1,5,5,5.0
com.schwegelbin.openbible_46.apk,droidbot:dfs_naive,1,60,3,1,3,3,3.0
com.schwegelbin.openbible_46.apk,droidbot:dfs_naive,1,180,10,1,5,5,5.0
com.schwegelbin.openbible_46.apk,droidbot:dfs_naive,1,300,35,1,5,5,5.0
com.schwegelbin.openbible_46.apk,droidbot:dfs_naive,2,60,0,0,0,0,0
com.schwegelbin.openbible_46.apk,droidbot:dfs_naive,2,180,10,1,5,5,5.0
com.schwegelbin.openbible_46.apk,droidbot:dfs_naive,2,300,15,1,5,5,5.0
com.schwegelbin.openbible_46.apk,droidbot:dfs_naive,3,60,0,0,0,0,0
com.schwegelbin.openbible_46.apk,droidbot:dfs_naive,3,180,5,1,5,5,5.0
com.schwegelbin.openbible_46.apk,droidbot:dfs_naive,3,300,27,1,5,5,5.0
com.schwegelbin.openbible_46.apk,droidbot:bfs_naive,1,60,0,0,0,0,0
com.schwegelbin.openbible_46.apk,droidbot:bfs_naive,1,180,5,1,5,5,5.0
com.schwegelbin.openbible_46.apk,droidbot:bfs_naive,1,300,5,1,5,5,5.0
com.schwegelbin.openbible_46.apk,droidbot:bfs_naive,2,60,0,0,0,0,0
com.schwegelbin.openbible_46.apk,droidbot:bfs_naive,2,180,5,1,5,5,5.0
com.schwegelbin.openbible_46.apk,droidbot:bfs_naive,2,300,5,1,5,5,5.0
com.schwegelbin.openbible_46.apk,droidbot:bfs_naive,3,60,0,0,0,0,0
com.schwegelbin.openbible_46.apk,droidbot:bfs_naive,3,180,5,1,5,5,5.0
com.schwegelbin.openbible_46.apk,droidbot:bfs_naive,3,300,5,1,5,5,5.0
com.schwegelbin.openbible_46.apk,ape,1,60,0,0,0,0,0
com.schwegelbin.openbible_46.apk,ape,1,180,25,1,5,5,5.0
com.schwegelbin.openbible_46.apk,ape,2,60,5,1,5,5,5.0
com.schwegelbin.openbible_46.apk,ape,2,180,20,1,5,5,5.0
com.schwegelbin.openbible_46.apk,ape,2,300,48,1,5,5,5.0
com.schwegelbin.openbible_46.apk,ape,3,60,0,0,0,0,0
com.schwegelbin.openbible_46.apk,ape,3,180,11,1,5,5,5.0
com.schwegelbin.openbible_46.apk,ape,3,300,15,1,5,5,5.0
com.schwegelbin.openbible_46.apk,droidmate,1,60,0,0,0,0,0
com.schwegelbin.openbible_46.apk,droidmate,1,180,0,0,0,0,0
com.schwegelbin.openbible_46.apk,droidmate,1,300,5,1,5,5,5.0
com.schwegelbin.openbible_46.apk,droidmate,2,180,5,1,5,5,5.0
com.schwegelbin.openbible_46.apk,droidmate,2,300,5,1,5,5,5.0
com.schwegelbin.openbible_46.apk,droidmate,3,60,0,0,0,0,0
com.schwegelbin.openbible_46.apk,droidmate,3,180,5,1,5,5,5.0
com.schwegelbin.openbible_46.apk,droidmate,3,300,5,1,5,5,5.0
com.schwegelbin.openbible_46.apk,humanoid,1,60,0,0,0,0,0
com.schwegelbin.openbible_46.apk,humanoid,1,180,13,1,5,5,5.0
com.schwegelbin.openbible_46.apk,humanoid,1,300,15,1,5,5,5.0
com.schwegelbin.openbible_46.apk,humanoid,2,60,0,0,0,0,0
com.schwegelbin.openbible_46.apk,humanoid,2,180,5,1,5,5,5.0
com.schwegelbin.openbible_46.apk,humanoid,2,300,36,1,5,5,5.0
com.schwegelbin.openbible_46.apk,humanoid,3,60,0,0,0,0,0
com.schwegelbin.openbible_46.apk,humanoid,3,180,5,1,5,5,5.0
com.schwegelbin.openbible_46.apk,humanoid,3,300,5,1,5,5,5.0
com.schwegelbin.openbible_46.apk,ares,1,60,0,0,0,0,0
com.schwegelbin.openbible_46.apk,ares,1,180,5,1,5,5,5.0
com.schwegelbin.openbible_46.apk,ares,1,300,15,1,5,5,5.0
com.schwegelbin.openbible_46.apk,ares,2,60,0,0,0,0,0
com.schwegelbin.openbible_46.apk,ares,2,180,5,1,5,5,5.0
com.schwegelbin.openbible_46.apk,ares,2,300,10,1,5,5,5.0
com.schwegelbin.openbible_46.apk,ares,3,60,0,0,0,0,0
com.schwegelbin.openbible_46.apk,ares,3,180,5,1,5,5,5.0
com.schwegelbin.openbible_46.apk,ares,3,300,5,1,5,5,5.0
com.schwegelbin.openbible_46.apk,fastbot,1,60,0,0,0,0,0
com.schwegelbin.openbible_46.apk,fastbot,1,180,0,0,0,0,0
com.schwegelbin.openbible_46.apk,fastbot,1,300,10,1,5,5,5.0
com.schwegelbin.openbible_46.apk,fastbot,2,60,0,0,0,0,0
com.schwegelbin.openbible_46.apk,fastbot,2,180,10,1,5,5,5.0
com.schwegelbin.openbible_46.apk,fastbot,2,300,0,0,0,0,0
com.schwegelbin.openbible_46.apk,fastbot,3,60,0,0,0,0,0
com.schwegelbin.openbible_46.apk,fastbot,3,180,15,1,5,5,5.0
com.schwegelbin.openbible_46.apk,fastbot,3,300,5,1,5,5,5.0
com.schwegelbin.openbible_46.apk,qtesting,1,60,0,0,0,0,0
com.schwegelbin.openbible_46.apk,qtesting,1,180,20,1,5,5,5.0
com.schwegelbin.openbible_46.apk,qtesting,1,300,5,1,5,5,5.0
com.schwegelbin.openbible_46.apk,qtesting,2,60,0,0,0,0,0
com.schwegelbin.openbible_46.apk,qtesting,2,180,10,1,5,5,5.0
com.schwegelbin.openbible_46.apk,qtesting,2,300,10,1,5,5,5.0
com.schwegelbin.openbible_46.apk,qtesting,3,60,0,0,0,0,0
com.schwegelbin.openbible_46.apk,qtesting,3,180,10,1,5,5,5.0
com.schwegelbin.openbible_46.apk,qtesting,3,300,15,1,5,5,5.0
com.tk.quicksearch_65.apk,monkey,1,60,17,10,16,16,16.0
com.tk.quicksearch_65.apk,monkey,1,180,17,10,16,16,16.0
com.tk.quicksearch_65.apk,monkey,1,300,17,10,16,16,16.0
com.tk.quicksearch_65.apk,monkey,2,60,17,10,16,16,16.0
com.tk.quicksearch_65.apk,monkey,2,180,17,10,16,16,16.0
com.tk.quicksearch_65.apk,monkey,2,300,34,10,16,16,16.0
com.tk.quicksearch_65.apk,monkey,3,60,17,10,16,16,16.0
com.tk.quicksearch_65.apk,monkey,3,180,17,10,16,16,16.0
com.tk.quicksearch_65.apk,monkey,3,300,17,10,16,16,16.0
com.tk.quicksearch_65.apk,droidbot:dfs_greedy,1,60,17,10,16,16,16.0
com.tk.quicksearch_65.apk,droidbot:dfs_greedy,1,180,17,10,16,16,16.0
com.tk.quicksearch_65.apk,droidbot:dfs_greedy,1,300,17,10,16,16,16.0
com.tk.quicksearch_65.apk,droidbot:dfs_greedy,2,60,17,10,16,16,16.0
com.tk.quicksearch_65.apk,droidbot:dfs_greedy,2,180,17,10,16,16,16.0
com.tk.quicksearch_65.apk,droidbot:dfs_greedy,2,300,17,10,16,16,16.0
com.tk.quicksearch_65.apk,droidbot:dfs_greedy,3,60,17,10,16,16,16.0
com.tk.quicksearch_65.apk,droidbot:dfs_greedy,3,180,17,10,16,16,16.0
com.tk.quicksearch_65.apk,droidbot:dfs_greedy,3,300,17,10,16,16,16.0
com.tk.quicksearch_65.apk,droidbot:bfs_greedy,1,60,17,10,16,16,16.0
com.tk.quicksearch_65.apk,droidbot:bfs_greedy,1,180,17,10,16,16,16.0
com.tk.quicksearch_65.apk,droidbot:bfs_greedy,1,300,17,10,16,16,16.0
com.tk.quicksearch_65.apk,droidbot:bfs_greedy,2,60,17,10,16,16,16.0
com.tk.quicksearch_65.apk,droidbot:bfs_greedy,2,180,17,10,16,16,16.0
com.tk.quicksearch_65.apk,droidbot:bfs_greedy,2,300,17,10,16,16,16.0
com.tk.quicksearch_65.apk,droidbot:bfs_greedy,3,60,17,10,16,16,16.0
com.tk.quicksearch_65.apk,droidbot:bfs_greedy,3,180,17,10,16,16,16.0
com.tk.quicksearch_65.apk,droidbot:bfs_greedy,3,300,17,10,16,16,16.0
com.tk.quicksearch_65.apk,droidbot:dfs_naive,1,60,17,10,16,16,16.0
com.tk.quicksearch_65.apk,droidbot:dfs_naive,1,180,17,10,16,16,16.0
com.tk.quicksearch_65.apk,droidbot:dfs_naive,1,300,17,10,16,16,16.0
com.tk.quicksearch_65.apk,droidbot:dfs_naive,2,60,17,10,16,16,16.0
com.tk.quicksearch_65.apk,droidbot:dfs_naive,2,180,17,10,16,16,16.0
com.tk.quicksearch_65.apk,droidbot:dfs_naive,2,300,17,10,16,16,16.0
com.tk.quicksearch_65.apk,droidbot:dfs_naive,3,60,17,10,16,16,16.0
com.tk.quicksearch_65.apk,droidbot:dfs_naive,3,180,17,10,16,16,16.0
com.tk.quicksearch_65.apk,droidbot:dfs_naive,3,300,17,10,16,16,16.0
com.tk.quicksearch_65.apk,droidbot:bfs_naive,1,60,17,10,16,16,16.0
com.tk.quicksearch_65.apk,droidbot:bfs_naive,1,180,17,10,16,16,16.0
com.tk.quicksearch_65.apk,droidbot:bfs_naive,1,300,17,10,16,16,16.0
com.tk.quicksearch_65.apk,droidbot:bfs_naive,2,180,17,10,16,16,16.0
com.tk.quicksearch_65.apk,droidbot:bfs_naive,2,300,17,10,16,16,16.0
com.tk.quicksearch_65.apk,droidbot:bfs_naive,3,60,17,10,16,16,16.0
com.schwegelbin.openbible_46.apk,ape,1,300,0,0,0,0,0
com.schwegelbin.openbible_46.apk,droidmate,2,60,0,0,0,0,0
com.tk.quicksearch_65.apk,droidbot:bfs_naive,2,60,17,10,16,16,16.0
com.tk.quicksearch_65.apk,droidbot:bfs_naive,3,180,17,10,16,16,16.0
com.tk.quicksearch_65.apk,droidbot:bfs_naive,3,300,17,10,16,16,16.0
com.tk.quicksearch_65.apk,ape,1,60,17,10,16,16,16.0
com.tk.quicksearch_65.apk,ape,1,180,17,10,16,16,16.0
com.tk.quicksearch_65.apk,ape,1,300,17,10,16,16,16.0
com.tk.quicksearch_65.apk,ape,2,60,17,10,16,16,16.0
com.tk.quicksearch_65.apk,ape,2,180,17,10,16,16,16.0
com.tk.quicksearch_65.apk,ape,2,300,34,10,16,16,16.0
com.tk.quicksearch_65.apk,ape,3,60,17,10,16,16,16.0
com.tk.quicksearch_65.apk,ape,3,180,17,10,16,16,16.0
com.tk.quicksearch_65.apk,ape,3,300,17,10,16,16,16.0
com.tk.quicksearch_65.apk,droidmate,1,60,17,10,16,16,16.0
com.tk.quicksearch_65.apk,droidmate,1,180,34,10,16,16,16.0
com.tk.quicksearch_65.apk,droidmate,1,300,34,10,16,16,16.0
com.tk.quicksearch_65.apk,droidmate,2,60,17,10,16,16,16.0
com.tk.quicksearch_65.apk,droidmate,2,180,34,10,16,16,16.0
com.tk.quicksearch_65.apk,droidmate,2,300,51,10,16,16,16.0
com.tk.quicksearch_65.apk,droidmate,3,60,17,10,16,16,16.0
com.tk.quicksearch_65.apk,droidmate,3,180,34,10,16,16,16.0
com.tk.quicksearch_65.apk,droidmate,3,300,34,10,16,16,16.0
com.tk.quicksearch_65.apk,humanoid,1,60,17,10,16,16,16.0
com.tk.quicksearch_65.apk,humanoid,1,180,17,10,16,16,16.0
com.tk.quicksearch_65.apk,humanoid,1,300,17,10,16,16,16.0
com.tk.quicksearch_65.apk,humanoid,2,60,17,10,16,16,16.0
com.tk.quicksearch_65.apk,humanoid,2,180,17,10,16,16,16.0
com.tk.quicksearch_65.apk,humanoid,2,300,34,10,16,16,16.0
com.tk.quicksearch_65.apk,humanoid,3,60,17,10,16,16,16.0
com.tk.quicksearch_65.apk,humanoid,3,180,17,10,16,16,16.0
com.tk.quicksearch_65.apk,humanoid,3,300,17,10,16,16,16.0
com.tk.quicksearch_65.apk,ares,1,60,17,10,16,16,16.0
com.tk.quicksearch_65.apk,ares,1,180,17,10,16,16,16.0
com.tk.quicksearch_65.apk,ares,1,300,17,10,16,16,16.0
com.tk.quicksearch_65.apk,ares,2,60,17,10,16,16,16.0
com.tk.quicksearch_65.apk,ares,2,180,17,10,16,16,16.0
com.tk.quicksearch_65.apk,ares,2,300,17,10,16,16,16.0
com.tk.quicksearch_65.apk,ares,3,60,17,10,16,16,16.0
com.tk.quicksearch_65.apk,ares,3,180,17,10,16,16,16.0
com.tk.quicksearch_65.apk,ares,3,300,17,10,16,16,16.0
com.tk.quicksearch_65.apk,fastbot,1,60,17,10,16,16,16.0
com.tk.quicksearch_65.apk,fastbot,1,180,17,10,16,16,16.0
com.tk.quicksearch_65.apk,fastbot,1,300,17,10,16,16,16.0
com.tk.quicksearch_65.apk,fastbot,2,60,17,10,16,16,16.0
com.tk.quicksearch_65.apk,fastbot,2,180,17,10,16,16,16.0
com.tk.quicksearch_65.apk,fastbot,2,300,17,10,16,16,16.0
com.tk.quicksearch_65.apk,fastbot,3,60,17,10,16,16,16.0
com.tk.quicksearch_65.apk,fastbot,3,180,17,10,16,16,16.0
com.tk.quicksearch_65.apk,fastbot,3,300,17,10,16,16,16.0
com.tk.quicksearch_65.apk,qtesting,1,60,0,0,0,0,0
com.tk.quicksearch_65.apk,qtesting,1,180,0,0,0,0,0
com.tk.quicksearch_65.apk,qtesting,1,300,0,0,0,0,0
com.tk.quicksearch_65.apk,qtesting,2,60,0,0,0,0,0
com.tk.quicksearch_65.apk,qtesting,2,180,0,0,0,0,0
com.tk.quicksearch_65.apk,qtesting,2,300,0,0,0,0,0
com.tk.quicksearch_65.apk,qtesting,3,60,0,0,0,0,0
com.tk.quicksearch_65.apk,qtesting,3,180,0,0,0,0,0
com.tk.quicksearch_65.apk,qtesting,3,300,0,0,0,0,0
de.stephanlindauer.criticalmaps_104.apk,monkey,1,60,12,3,12,12,12.0
de.stephanlindauer.criticalmaps_104.apk,monkey,1,180,12,3,12,12,12.0
de.stephanlindauer.criticalmaps_104.apk,monkey,1,300,12,3,12,12,12.0
de.stephanlindauer.criticalmaps_104.apk,monkey,2,60,12,3,12,12,12.0
de.stephanlindauer.criticalmaps_104.apk,monkey,2,180,12,3,12,12,12.0
de.stephanlindauer.criticalmaps_104.apk,monkey,2,300,12,3,12,12,12.0
de.stephanlindauer.criticalmaps_104.apk,monkey,3,60,0,0,0,0,0
de.stephanlindauer.criticalmaps_104.apk,monkey,3,180,12,3,12,12,12.0
de.stephanlindauer.criticalmaps_104.apk,monkey,3,300,12,3,12,12,12.0
de.stephanlindauer.criticalmaps_104.apk,droidbot:dfs_greedy,1,60,12,3,12,12,12.0
de.stephanlindauer.criticalmaps_104.apk,droidbot:dfs_greedy,1,180,12,3,12,12,12.0
de.stephanlindauer.criticalmaps_104.apk,droidbot:dfs_greedy,1,300,12,3,12,12,12.0
de.stephanlindauer.criticalmaps_104.apk,droidbot:dfs_greedy,2,60,12,3,12,12,12.0
de.stephanlindauer.criticalmaps_104.apk,droidbot:dfs_greedy,2,180,12,3,12,12,12.0
de.stephanlindauer.criticalmaps_104.apk,droidbot:dfs_greedy,2,300,12,3,12,12,12.0
de.stephanlindauer.criticalmaps_104.apk,droidbot:dfs_greedy,3,60,12,3,12,12,12.0
de.stephanlindauer.criticalmaps_104.apk,droidbot:dfs_greedy,3,180,12,3,12,12,12.0
de.stephanlindauer.criticalmaps_104.apk,droidbot:dfs_greedy,3,300,12,3,12,12,12.0
de.stephanlindauer.criticalmaps_104.apk,droidbot:bfs_greedy,1,60,12,3,12,12,12.0
de.stephanlindauer.criticalmaps_104.apk,droidbot:bfs_greedy,1,180,12,3,12,12,12.0
de.stephanlindauer.criticalmaps_104.apk,droidbot:bfs_greedy,1,300,12,3,12,12,12.0
de.stephanlindauer.criticalmaps_104.apk,droidbot:bfs_greedy,2,60,12,3,12,12,12.0
de.stephanlindauer.criticalmaps_104.apk,droidbot:bfs_greedy,2,180,12,3,12,12,12.0
de.stephanlindauer.criticalmaps_104.apk,droidbot:bfs_greedy,2,300,12,3,12,12,12.0
de.stephanlindauer.criticalmaps_104.apk,droidbot:bfs_greedy,3,60,12,3,12,12,12.0
de.stephanlindauer.criticalmaps_104.apk,droidbot:bfs_greedy,3,180,12,3,12,12,12.0
de.stephanlindauer.criticalmaps_104.apk,droidbot:bfs_greedy,3,300,12,3,12,12,12.0
de.stephanlindauer.criticalmaps_104.apk,droidbot:dfs_naive,1,60,12,3,12,12,12.0
de.stephanlindauer.criticalmaps_104.apk,droidbot:dfs_naive,1,180,12,3,12,12,12.0
de.stephanlindauer.criticalmaps_104.apk,droidbot:dfs_naive,1,300,12,3,12,12,12.0
de.stephanlindauer.criticalmaps_104.apk,droidbot:dfs_naive,2,60,5,1,5,5,5.0
de.stephanlindauer.criticalmaps_104.apk,droidbot:dfs_naive,2,180,12,3,12,12,12.0
de.stephanlindauer.criticalmaps_104.apk,droidbot:dfs_naive,2,300,12,3,12,12,12.0
de.stephanlindauer.criticalmaps_104.apk,droidbot:dfs_naive,3,60,12,3,12,12,12.0
de.stephanlindauer.criticalmaps_104.apk,droidbot:dfs_naive,3,180,12,3,12,12,12.0
de.stephanlindauer.criticalmaps_104.apk,droidbot:dfs_naive,3,300,12,3,12,12,12.0
de.stephanlindauer.criticalmaps_104.apk,droidbot:bfs_naive,1,60,12,3,12,12,12.0
de.stephanlindauer.criticalmaps_104.apk,droidbot:bfs_naive,1,180,12,3,12,12,12.0
de.stephanlindauer.criticalmaps_104.apk,droidbot:bfs_naive,1,300,12,3,12,12,12.0
de.stephanlindauer.criticalmaps_104.apk,droidbot:bfs_naive,2,60,12,3,12,12,12.0
de.stephanlindauer.criticalmaps_104.apk,droidbot:bfs_naive,2,180,12,3,12,12,12.0
de.stephanlindauer.criticalmaps_104.apk,droidbot:bfs_naive,2,300,12,3,12,12,12.0
de.stephanlindauer.criticalmaps_104.apk,droidbot:bfs_naive,3,60,12,3,12,12,12.0
de.stephanlindauer.criticalmaps_104.apk,droidbot:bfs_naive,3,180,12,3,12,12,12.0
de.stephanlindauer.criticalmaps_104.apk,droidbot:bfs_naive,3,300,12,3,12,12,12.0
de.stephanlindauer.criticalmaps_104.apk,ape,1,60,12,3,12,12,12.0
de.stephanlindauer.criticalmaps_104.apk,ape,1,180,24,3,12,12,12.0
de.stephanlindauer.criticalmaps_104.apk,ape,1,300,24,3,12,12,12.0
de.stephanlindauer.criticalmaps_104.apk,ape,2,60,12,3,12,12,12.0
de.stephanlindauer.criticalmaps_104.apk,ape,2,180,12,3,12,12,12.0
de.stephanlindauer.criticalmaps_104.apk,ape,2,300,24,3,12,12,12.0
de.stephanlindauer.criticalmaps_104.apk,ape,3,60,12,3,12,12,12.0
de.stephanlindauer.criticalmaps_104.apk,ape,3,180,12,3,12,12,12.0
de.stephanlindauer.criticalmaps_104.apk,ape,3,300,24,3,12,12,12.0
de.stephanlindauer.criticalmaps_104.apk,droidmate,1,60,12,3,12,12,12.0
de.stephanlindauer.criticalmaps_104.apk,droidmate,1,180,24,3,12,12,12.0
de.stephanlindauer.criticalmaps_104.apk,droidmate,1,300,36,3,12,12,12.0
de.stephanlindauer.criticalmaps_104.apk,droidmate,2,60,12,3,12,12,12.0
de.stephanlindauer.criticalmaps_104.apk,droidmate,2,180,24,3,12,12,12.0
de.stephanlindauer.criticalmaps_104.apk,droidmate,2,300,36,3,12,12,12.0
de.stephanlindauer.criticalmaps_104.apk,droidmate,3,60,12,3,12,12,12.0
de.stephanlindauer.criticalmaps_104.apk,droidmate,3,180,24,3,12,12,12.0
de.stephanlindauer.criticalmaps_104.apk,droidmate,3,300,36,3,12,12,12.0
de.stephanlindauer.criticalmaps_104.apk,humanoid,1,60,12,3,12,12,12.0
de.stephanlindauer.criticalmaps_104.apk,humanoid,1,180,12,3,12,12,12.0
de.stephanlindauer.criticalmaps_104.apk,humanoid,1,300,12,3,12,12,12.0
de.stephanlindauer.criticalmaps_104.apk,humanoid,2,60,12,3,12,12,12.0
de.stephanlindauer.criticalmaps_104.apk,humanoid,2,180,12,3,12,12,12.0
de.stephanlindauer.criticalmaps_104.apk,humanoid,2,300,12,3,12,12,12.0
de.stephanlindauer.criticalmaps_104.apk,humanoid,3,60,12,3,12,12,12.0
de.stephanlindauer.criticalmaps_104.apk,humanoid,3,180,12,3,12,12,12.0
de.stephanlindauer.criticalmaps_104.apk,humanoid,3,300,12,3,12,12,12.0
de.stephanlindauer.criticalmaps_104.apk,ares,1,60,24,3,12,12,12.0
de.stephanlindauer.criticalmaps_104.apk,ares,1,180,36,3,12,12,12.0
de.stephanlindauer.criticalmaps_104.apk,ares,1,300,48,3,12,12,12.0
de.stephanlindauer.criticalmaps_104.apk,ares,2,60,24,3,12,12,12.0
de.stephanlindauer.criticalmaps_104.apk,ares,2,180,24,3,12,12,12.0
de.stephanlindauer.criticalmaps_104.apk,ares,3,60,24,3,12,12,12.0
de.stephanlindauer.criticalmaps_104.apk,ares,3,180,24,3,12,12,12.0
de.stephanlindauer.criticalmaps_104.apk,ares,3,300,36,3,12,12,12.0
de.stephanlindauer.criticalmaps_104.apk,fastbot,1,60,12,3,12,12,12.0
de.stephanlindauer.criticalmaps_104.apk,fastbot,1,180,12,3,12,12,12.0
de.stephanlindauer.criticalmaps_104.apk,fastbot,1,300,12,3,12,12,12.0
de.stephanlindauer.criticalmaps_104.apk,fastbot,2,60,12,3,12,12,12.0
de.stephanlindauer.criticalmaps_104.apk,fastbot,2,180,12,3,12,12,12.0
de.stephanlindauer.criticalmaps_104.apk,fastbot,2,300,12,3,12,12,12.0
de.stephanlindauer.criticalmaps_104.apk,fastbot,3,60,12,3,12,12,12.0
de.stephanlindauer.criticalmaps_104.apk,fastbot,3,180,12,3,12,12,12.0
de.stephanlindauer.criticalmaps_104.apk,fastbot,3,300,12,3,12,12,12.0
de.stephanlindauer.criticalmaps_104.apk,qtesting,1,60,24,3,12,12,12.0
de.stephanlindauer.criticalmaps_104.apk,qtesting,1,180,72,3,12,12,12.0
de.stephanlindauer.criticalmaps_104.apk,qtesting,1,300,96,3,12,12,12.0
de.stephanlindauer.criticalmaps_104.apk,qtesting,2,60,12,3,12,12,12.0
de.stephanlindauer.criticalmaps_104.apk,qtesting,2,180,60,3,12,12,12.0
de.stephanlindauer.criticalmaps_104.apk,qtesting,2,300,132,3,12,12,12.0
de.stephanlindauer.criticalmaps_104.apk,qtesting,3,60,24,3,12,12,12.0
de.stephanlindauer.criticalmaps_104.apk,qtesting,3,180,84,3,12,12,12.0
de.stephanlindauer.criticalmaps_104.apk,qtesting,3,300,156,3,12,12,12.0
eu.darken.sdmse_10705000.apk,monkey,1,60,12,3,12,12,12.0
eu.darken.sdmse_10705000.apk,monkey,1,180,12,3,12,12,12.0
eu.darken.sdmse_10705000.apk,monkey,1,300,12,3,12,12,12.0
eu.darken.sdmse_10705000.apk,monkey,2,60,7,2,7,7,7.0
eu.darken.sdmse_10705000.apk,monkey,2,180,7,2,7,7,7.0
eu.darken.sdmse_10705000.apk,monkey,2,300,12,3,12,12,12.0
eu.darken.sdmse_10705000.apk,monkey,3,60,7,2,7,7,7.0
eu.darken.sdmse_10705000.apk,monkey,3,180,12,3,12,12,12.0
eu.darken.sdmse_10705000.apk,monkey,3,300,7,2,7,7,7.0
eu.darken.sdmse_10705000.apk,droidbot:dfs_greedy,1,60,7,2,7,7,7.0
eu.darken.sdmse_10705000.apk,droidbot:dfs_greedy,1,180,7,2,7,7,7.0
eu.darken.sdmse_10705000.apk,droidbot:dfs_greedy,1,300,7,2,7,7,7.0
eu.darken.sdmse_10705000.apk,droidbot:dfs_greedy,2,60,7,2,7,7,7.0
eu.darken.sdmse_10705000.apk,droidbot:dfs_greedy,2,180,7,2,7,7,7.0
eu.darken.sdmse_10705000.apk,droidbot:dfs_greedy,2,300,7,2,7,7,7.0
eu.darken.sdmse_10705000.apk,droidbot:dfs_greedy,3,60,7,2,7,7,7.0
eu.darken.sdmse_10705000.apk,droidbot:dfs_greedy,3,180,7,2,7,7,7.0
eu.darken.sdmse_10705000.apk,droidbot:dfs_greedy,3,300,7,2,7,7,7.0
eu.darken.sdmse_10705000.apk,droidbot:bfs_greedy,1,60,7,2,7,7,7.0
eu.darken.sdmse_10705000.apk,droidbot:bfs_greedy,1,180,7,2,7,7,7.0
eu.darken.sdmse_10705000.apk,droidbot:bfs_greedy,1,300,12,3,12,12,12.0
eu.darken.sdmse_10705000.apk,droidbot:bfs_greedy,2,60,7,2,7,7,7.0
eu.darken.sdmse_10705000.apk,droidbot:bfs_greedy,2,180,7,2,7,7,7.0
de.stephanlindauer.criticalmaps_104.apk,ares,2,300,48,3,12,12,12.0
eu.darken.sdmse_10705000.apk,droidbot:bfs_greedy,2,300,12,3,12,12,12.0
eu.darken.sdmse_10705000.apk,droidbot:bfs_greedy,3,60,7,2,7,7,7.0
eu.darken.sdmse_10705000.apk,droidbot:bfs_greedy,3,180,7,2,7,7,7.0
eu.darken.sdmse_10705000.apk,droidbot:bfs_greedy,3,300,12,3,12,12,12.0
eu.darken.sdmse_10705000.apk,droidbot:dfs_naive,1,60,7,2,7,7,7.0
eu.darken.sdmse_10705000.apk,droidbot:dfs_naive,1,180,7,2,7,7,7.0
eu.darken.sdmse_10705000.apk,droidbot:dfs_naive,1,300,7,2,7,7,7.0
eu.darken.sdmse_10705000.apk,droidbot:dfs_naive,2,60,7,2,7,7,7.0
eu.darken.sdmse_10705000.apk,droidbot:dfs_naive,2,180,7,2,7,7,7.0
eu.darken.sdmse_10705000.apk,droidbot:dfs_naive,2,300,7,2,7,7,7.0
eu.darken.sdmse_10705000.apk,droidbot:dfs_naive,3,60,7,2,7,7,7.0
eu.darken.sdmse_10705000.apk,droidbot:dfs_naive,3,180,7,2,7,7,7.0
eu.darken.sdmse_10705000.apk,droidbot:dfs_naive,3,300,7,2,7,7,7.0
eu.darken.sdmse_10705000.apk,droidbot:bfs_naive,1,60,7,2,7,7,7.0
eu.darken.sdmse_10705000.apk,droidbot:bfs_naive,1,180,7,2,7,7,7.0
eu.darken.sdmse_10705000.apk,droidbot:bfs_naive,1,300,12,3,12,12,12.0
eu.darken.sdmse_10705000.apk,droidbot:bfs_naive,2,60,7,2,7,7,7.0
eu.darken.sdmse_10705000.apk,droidbot:bfs_naive,2,180,7,2,7,7,7.0
eu.darken.sdmse_10705000.apk,droidbot:bfs_naive,2,300,12,3,12,12,12.0
eu.darken.sdmse_10705000.apk,droidbot:bfs_naive,3,60,7,2,7,7,7.0
eu.darken.sdmse_10705000.apk,droidbot:bfs_naive,3,180,7,2,7,7,7.0
eu.darken.sdmse_10705000.apk,droidbot:bfs_naive,3,300,12,3,12,12,12.0
eu.darken.sdmse_10705000.apk,ape,1,60,35,2,7,7,7.0
eu.darken.sdmse_10705000.apk,ape,1,180,7,2,7,7,7.0
eu.darken.sdmse_10705000.apk,ape,1,300,35,2,7,7,7.0
eu.darken.sdmse_10705000.apk,ape,2,60,21,2,7,7,7.0
eu.darken.sdmse_10705000.apk,ape,2,180,14,2,7,7,7.0
eu.darken.sdmse_10705000.apk,ape,2,300,14,2,7,7,7.0
eu.darken.sdmse_10705000.apk,ape,3,60,7,2,7,7,7.0
eu.darken.sdmse_10705000.apk,ape,3,180,7,2,7,7,7.0
eu.darken.sdmse_10705000.apk,ape,3,300,7,2,7,7,7.0
eu.darken.sdmse_10705000.apk,droidmate,1,60,7,2,7,7,7.0
eu.darken.sdmse_10705000.apk,droidmate,1,180,14,2,7,7,7.0
eu.darken.sdmse_10705000.apk,droidmate,1,300,21,2,7,7,7.0
eu.darken.sdmse_10705000.apk,droidmate,2,60,7,2,7,7,7.0
eu.darken.sdmse_10705000.apk,droidmate,2,180,14,2,7,7,7.0
eu.darken.sdmse_10705000.apk,droidmate,2,300,21,2,7,7,7.0
eu.darken.sdmse_10705000.apk,droidmate,3,60,7,2,7,7,7.0
eu.darken.sdmse_10705000.apk,droidmate,3,180,14,2,7,7,7.0
eu.darken.sdmse_10705000.apk,droidmate,3,300,21,2,7,7,7.0
eu.darken.sdmse_10705000.apk,humanoid,1,60,7,2,7,7,7.0
eu.darken.sdmse_10705000.apk,humanoid,1,180,12,3,12,12,12.0
eu.darken.sdmse_10705000.apk,humanoid,1,300,12,3,12,12,12.0
eu.darken.sdmse_10705000.apk,humanoid,2,60,7,2,7,7,7.0
eu.darken.sdmse_10705000.apk,humanoid,2,180,12,3,12,12,12.0
eu.darken.sdmse_10705000.apk,humanoid,2,300,12,3,12,12,12.0
eu.darken.sdmse_10705000.apk,humanoid,3,60,7,2,7,7,7.0
eu.darken.sdmse_10705000.apk,humanoid,3,180,12,3,12,12,12.0
eu.darken.sdmse_10705000.apk,humanoid,3,300,12,3,12,12,12.0
eu.darken.sdmse_10705000.apk,ares,1,60,14,2,7,7,7.0
eu.darken.sdmse_10705000.apk,ares,1,180,14,2,7,7,7.0
eu.darken.sdmse_10705000.apk,ares,1,300,19,3,12,12,12.0
eu.darken.sdmse_10705000.apk,ares,2,60,14,2,7,7,7.0
eu.darken.sdmse_10705000.apk,ares,2,180,19,3,12,12,12.0
eu.darken.sdmse_10705000.apk,ares,2,300,14,2,7,7,7.0
eu.darken.sdmse_10705000.apk,ares,3,60,14,2,7,7,7.0
eu.darken.sdmse_10705000.apk,ares,3,180,14,2,7,7,7.0
eu.darken.sdmse_10705000.apk,ares,3,300,19,3,12,12,12.0
eu.darken.sdmse_10705000.apk,fastbot,1,60,7,2,7,7,7.0
eu.darken.sdmse_10705000.apk,fastbot,1,180,7,2,7,7,7.0
eu.darken.sdmse_10705000.apk,fastbot,1,300,7,2,7,7,7.0
eu.darken.sdmse_10705000.apk,fastbot,2,60,0,0,0,0,0
eu.darken.sdmse_10705000.apk,fastbot,2,180,7,2,7,7,7.0
eu.darken.sdmse_10705000.apk,fastbot,2,300,7,2,7,7,7.0
eu.darken.sdmse_10705000.apk,fastbot,3,60,7,2,7,7,7.0
eu.darken.sdmse_10705000.apk,fastbot,3,180,7,2,7,7,7.0
eu.darken.sdmse_10705000.apk,fastbot,3,300,7,2,7,7,7.0
eu.darken.sdmse_10705000.apk,qtesting,1,60,11,2,7,7,7.0
eu.darken.sdmse_10705000.apk,qtesting,1,180,100,3,12,12,12.0
eu.darken.sdmse_10705000.apk,qtesting,1,300,124,3,12,12,12.0
eu.darken.sdmse_10705000.apk,qtesting,2,60,21,2,7,7,7.0
eu.darken.sdmse_10705000.apk,qtesting,2,180,59,3,12,12,12.0
eu.darken.sdmse_10705000.apk,qtesting,2,300,127,3,12,12,12.0
eu.darken.sdmse_10705000.apk,qtesting,3,60,21,2,7,7,7.0
eu.darken.sdmse_10705000.apk,qtesting,3,180,69,3,12,12,12.0
eu.darken.sdmse_10705000.apk,qtesting,3,300,117,3,12,12,12.0
it.danieleverducci.nextcloudmaps_9.apk,monkey,1,60,0,0,0,0,0
it.danieleverducci.nextcloudmaps_9.apk,monkey,1,180,0,0,0,0,0
it.danieleverducci.nextcloudmaps_9.apk,monkey,1,300,0,0,0,0,0
it.danieleverducci.nextcloudmaps_9.apk,monkey,2,60,0,0,0,0,0
it.danieleverducci.nextcloudmaps_9.apk,monkey,2,180,0,0,0,0,0
it.danieleverducci.nextcloudmaps_9.apk,monkey,2,300,0,0,0,0,0
it.danieleverducci.nextcloudmaps_9.apk,monkey,3,60,0,0,0,0,0
it.danieleverducci.nextcloudmaps_9.apk,monkey,3,180,0,0,0,0,0
it.danieleverducci.nextcloudmaps_9.apk,monkey,3,300,0,0,0,0,0
it.danieleverducci.nextcloudmaps_9.apk,droidbot:dfs_greedy,1,60,0,0,0,0,0
it.danieleverducci.nextcloudmaps_9.apk,droidbot:dfs_greedy,1,180,0,0,0,0,0
it.danieleverducci.nextcloudmaps_9.apk,droidbot:dfs_greedy,1,300,0,0,0,0,0
it.danieleverducci.nextcloudmaps_9.apk,droidbot:dfs_greedy,2,60,0,0,0,0,0
it.danieleverducci.nextcloudmaps_9.apk,droidbot:dfs_greedy,2,180,0,0,0,0,0
it.danieleverducci.nextcloudmaps_9.apk,droidbot:dfs_greedy,2,300,0,0,0,0,0
it.danieleverducci.nextcloudmaps_9.apk,droidbot:dfs_greedy,3,60,0,0,0,0,0
it.danieleverducci.nextcloudmaps_9.apk,droidbot:dfs_greedy,3,180,0,0,0,0,0
it.danieleverducci.nextcloudmaps_9.apk,droidbot:dfs_greedy,3,300,0,0,0,0,0
it.danieleverducci.nextcloudmaps_9.apk,droidbot:bfs_greedy,1,60,0,0,0,0,0
it.danieleverducci.nextcloudmaps_9.apk,droidbot:bfs_greedy,1,180,0,0,0,0,0
it.danieleverducci.nextcloudmaps_9.apk,droidbot:bfs_greedy,1,300,0,0,0,0,0
it.danieleverducci.nextcloudmaps_9.apk,droidbot:bfs_greedy,2,60,0,0,0,0,0
it.danieleverducci.nextcloudmaps_9.apk,droidbot:bfs_greedy,2,180,0,0,0,0,0
it.danieleverducci.nextcloudmaps_9.apk,droidbot:bfs_greedy,2,300,0,0,0,0,0
it.danieleverducci.nextcloudmaps_9.apk,droidbot:bfs_greedy,3,60,0,0,0,0,0
it.danieleverducci.nextcloudmaps_9.apk,droidbot:bfs_greedy,3,180,0,0,0,0,0
it.danieleverducci.nextcloudmaps_9.apk,droidbot:bfs_greedy,3,300,0,0,0,0,0
it.danieleverducci.nextcloudmaps_9.apk,droidbot:dfs_naive,1,60,0,0,0,0,0
it.danieleverducci.nextcloudmaps_9.apk,droidbot:dfs_naive,1,180,0,0,0,0,0
it.danieleverducci.nextcloudmaps_9.apk,droidbot:dfs_naive,1,300,0,0,0,0,0
it.danieleverducci.nextcloudmaps_9.apk,droidbot:dfs_naive,2,60,0,0,0,0,0
it.danieleverducci.nextcloudmaps_9.apk,droidbot:dfs_naive,2,180,0,0,0,0,0
it.danieleverducci.nextcloudmaps_9.apk,droidbot:dfs_naive,2,300,0,0,0,0,0
it.danieleverducci.nextcloudmaps_9.apk,droidbot:dfs_naive,3,60,0,0,0,0,0
it.danieleverducci.nextcloudmaps_9.apk,droidbot:dfs_naive,3,180,0,0,0,0,0
it.danieleverducci.nextcloudmaps_9.apk,droidbot:dfs_naive,3,300,0,0,0,0,0
it.danieleverducci.nextcloudmaps_9.apk,droidbot:bfs_naive,1,60,0,0,0,0,0
it.danieleverducci.nextcloudmaps_9.apk,droidbot:bfs_naive,1,180,0,0,0,0,0
it.danieleverducci.nextcloudmaps_9.apk,droidbot:bfs_naive,1,300,0,0,0,0,0
it.danieleverducci.nextcloudmaps_9.apk,droidbot:bfs_naive,2,60,0,0,0,0,0
it.danieleverducci.nextcloudmaps_9.apk,droidbot:bfs_naive,2,180,0,0,0,0,0
it.danieleverducci.nextcloudmaps_9.apk,droidbot:bfs_naive,2,300,0,0,0,0,0
it.danieleverducci.nextcloudmaps_9.apk,droidbot:bfs_naive,3,60,0,0,0,0,0
it.danieleverducci.nextcloudmaps_9.apk,droidbot:bfs_naive,3,180,0,0,0,0,0
it.danieleverducci.nextcloudmaps_9.apk,droidbot:bfs_naive,3,300,0,0,0,0,0
it.danieleverducci.nextcloudmaps_9.apk,ape,1,60,0,0,0,0,0
it.danieleverducci.nextcloudmaps_9.apk,ape,1,180,0,0,0,0,0
it.danieleverducci.nextcloudmaps_9.apk,ape,1,300,0,0,0,0,0
it.danieleverducci.nextcloudmaps_9.apk,ape,2,60,0,0,0,0,0
it.danieleverducci.nextcloudmaps_9.apk,ape,2,180,0,0,0,0,0
it.danieleverducci.nextcloudmaps_9.apk,ape,2,300,0,0,0,0,0
it.danieleverducci.nextcloudmaps_9.apk,ape,3,60,0,0,0,0,0
it.danieleverducci.nextcloudmaps_9.apk,ape,3,180,0,0,0,0,0
it.danieleverducci.nextcloudmaps_9.apk,ape,3,300,0,0,0,0,0
it.danieleverducci.nextcloudmaps_9.apk,droidmate,1,60,0,0,0,0,0
it.danieleverducci.nextcloudmaps_9.apk,droidmate,1,180,0,0,0,0,0
it.danieleverducci.nextcloudmaps_9.apk,droidmate,1,300,0,0,0,0,0
it.danieleverducci.nextcloudmaps_9.apk,droidmate,2,60,0,0,0,0,0
it.danieleverducci.nextcloudmaps_9.apk,droidmate,2,180,0,0,0,0,0
it.danieleverducci.nextcloudmaps_9.apk,droidmate,2,300,0,0,0,0,0
it.danieleverducci.nextcloudmaps_9.apk,droidmate,3,60,0,0,0,0,0
it.danieleverducci.nextcloudmaps_9.apk,droidmate,3,180,0,0,0,0,0
it.danieleverducci.nextcloudmaps_9.apk,droidmate,3,300,0,0,0,0,0
it.danieleverducci.nextcloudmaps_9.apk,humanoid,1,60,0,0,0,0,0
it.danieleverducci.nextcloudmaps_9.apk,humanoid,1,180,0,0,0,0,0
it.danieleverducci.nextcloudmaps_9.apk,humanoid,1,300,0,0,0,0,0
it.danieleverducci.nextcloudmaps_9.apk,humanoid,2,60,0,0,0,0,0
it.danieleverducci.nextcloudmaps_9.apk,humanoid,2,180,0,0,0,0,0
it.danieleverducci.nextcloudmaps_9.apk,humanoid,2,300,0,0,0,0,0
it.danieleverducci.nextcloudmaps_9.apk,humanoid,3,60,0,0,0,0,0
it.danieleverducci.nextcloudmaps_9.apk,humanoid,3,180,0,0,0,0,0
it.danieleverducci.nextcloudmaps_9.apk,humanoid,3,300,0,0,0,0,0
it.danieleverducci.nextcloudmaps_9.apk,ares,1,60,0,0,0,0,0
it.danieleverducci.nextcloudmaps_9.apk,ares,1,180,0,0,0,0,0
it.danieleverducci.nextcloudmaps_9.apk,ares,1,300,0,0,0,0,0
it.danieleverducci.nextcloudmaps_9.apk,ares,2,60,0,0,0,0,0
it.danieleverducci.nextcloudmaps_9.apk,ares,2,180,0,0,0,0,0
it.danieleverducci.nextcloudmaps_9.apk,ares,2,300,0,0,0,0,0
it.danieleverducci.nextcloudmaps_9.apk,ares,3,60,0,0,0,0,0
it.danieleverducci.nextcloudmaps_9.apk,ares,3,180,0,0,0,0,0
it.danieleverducci.nextcloudmaps_9.apk,ares,3,300,0,0,0,0,0
it.danieleverducci.nextcloudmaps_9.apk,fastbot,1,60,0,0,0,0,0
it.danieleverducci.nextcloudmaps_9.apk,fastbot,1,180,0,0,0,0,0
it.danieleverducci.nextcloudmaps_9.apk,fastbot,1,300,0,0,0,0,0
it.danieleverducci.nextcloudmaps_9.apk,fastbot,2,60,0,0,0,0,0
it.danieleverducci.nextcloudmaps_9.apk,fastbot,2,180,0,0,0,0,0
it.danieleverducci.nextcloudmaps_9.apk,fastbot,2,300,0,0,0,0,0
it.danieleverducci.nextcloudmaps_9.apk,fastbot,3,60,0,0,0,0,0
it.danieleverducci.nextcloudmaps_9.apk,fastbot,3,180,0,0,0,0,0
it.danieleverducci.nextcloudmaps_9.apk,fastbot,3,300,0,0,0,0,0
it.danieleverducci.nextcloudmaps_9.apk,qtesting,1,60,0,0,0,0,0
it.danieleverducci.nextcloudmaps_9.apk,qtesting,1,180,0,0,0,0,0
it.danieleverducci.nextcloudmaps_9.apk,qtesting,1,300,0,0,0,0,0
it.danieleverducci.nextcloudmaps_9.apk,qtesting,2,60,0,0,0,0,0
it.danieleverducci.nextcloudmaps_9.apk,qtesting,2,180,0,0,0,0,0
it.danieleverducci.nextcloudmaps_9.apk,qtesting,2,300,0,0,0,0,0
it.danieleverducci.nextcloudmaps_9.apk,qtesting,3,60,0,0,0,0,0
it.danieleverducci.nextcloudmaps_9.apk,qtesting,3,180,0,0,0,0,0
it.danieleverducci.nextcloudmaps_9.apk,qtesting,3,300,0,0,0,0,0
net.adhikary.mrtbuddy_24.apk,monkey,1,60,0,0,0,0,0
net.adhikary.mrtbuddy_24.apk,monkey,1,180,0,0,0,0,0
net.adhikary.mrtbuddy_24.apk,monkey,1,300,0,0,0,0,0
net.adhikary.mrtbuddy_24.apk,monkey,2,60,0,0,0,0,0
net.adhikary.mrtbuddy_24.apk,monkey,2,180,0,0,0,0,0
net.adhikary.mrtbuddy_24.apk,monkey,2,300,0,0,0,0,0
net.adhikary.mrtbuddy_24.apk,monkey,3,60,0,0,0,0,0
net.adhikary.mrtbuddy_24.apk,monkey,3,180,0,0,0,0,0
net.adhikary.mrtbuddy_24.apk,monkey,3,300,0,0,0,0,0
net.adhikary.mrtbuddy_24.apk,droidbot:dfs_greedy,1,60,0,0,0,0,0
net.adhikary.mrtbuddy_24.apk,droidbot:dfs_greedy,1,180,0,0,0,0,0
net.adhikary.mrtbuddy_24.apk,droidbot:dfs_greedy,1,300,0,0,0,0,0
net.adhikary.mrtbuddy_24.apk,droidbot:dfs_greedy,2,60,0,0,0,0,0
net.adhikary.mrtbuddy_24.apk,droidbot:dfs_greedy,2,180,0,0,0,0,0
net.adhikary.mrtbuddy_24.apk,droidbot:dfs_greedy,2,300,0,0,0,0,0
net.adhikary.mrtbuddy_24.apk,droidbot:dfs_greedy,3,60,0,0,0,0,0
net.adhikary.mrtbuddy_24.apk,droidbot:dfs_greedy,3,180,0,0,0,0,0
net.adhikary.mrtbuddy_24.apk,droidbot:dfs_greedy,3,300,0,0,0,0,0
net.adhikary.mrtbuddy_24.apk,droidbot:bfs_greedy,1,60,0,0,0,0,0
net.adhikary.mrtbuddy_24.apk,droidbot:bfs_greedy,1,180,0,0,0,0,0
net.adhikary.mrtbuddy_24.apk,droidbot:bfs_greedy,1,300,0,0,0,0,0
net.adhikary.mrtbuddy_24.apk,droidbot:bfs_greedy,2,60,0,0,0,0,0
net.adhikary.mrtbuddy_24.apk,droidbot:bfs_greedy,2,180,0,0,0,0,0
net.adhikary.mrtbuddy_24.apk,droidbot:bfs_greedy,2,300,0,0,0,0,0
net.adhikary.mrtbuddy_24.apk,droidbot:bfs_greedy,3,60,0,0,0,0,0
net.adhikary.mrtbuddy_24.apk,droidbot:bfs_greedy,3,180,0,0,0,0,0
net.adhikary.mrtbuddy_24.apk,droidbot:bfs_greedy,3,300,0,0,0,0,0
net.adhikary.mrtbuddy_24.apk,droidbot:dfs_naive,1,60,0,0,0,0,0
net.adhikary.mrtbuddy_24.apk,droidbot:dfs_naive,1,180,0,0,0,0,0
net.adhikary.mrtbuddy_24.apk,droidbot:dfs_naive,1,300,0,0,0,0,0
net.adhikary.mrtbuddy_24.apk,droidbot:dfs_naive,2,60,0,0,0,0,0
net.adhikary.mrtbuddy_24.apk,droidbot:dfs_naive,2,180,0,0,0,0,0
net.adhikary.mrtbuddy_24.apk,droidbot:dfs_naive,2,300,0,0,0,0,0
net.adhikary.mrtbuddy_24.apk,droidbot:dfs_naive,3,60,0,0,0,0,0
net.adhikary.mrtbuddy_24.apk,droidbot:dfs_naive,3,180,0,0,0,0,0
net.adhikary.mrtbuddy_24.apk,droidbot:dfs_naive,3,300,0,0,0,0,0
net.adhikary.mrtbuddy_24.apk,droidbot:bfs_naive,1,60,0,0,0,0,0
net.adhikary.mrtbuddy_24.apk,droidbot:bfs_naive,1,180,0,0,0,0,0
net.adhikary.mrtbuddy_24.apk,droidbot:bfs_naive,1,300,0,0,0,0,0
net.adhikary.mrtbuddy_24.apk,droidbot:bfs_naive,2,60,0,0,0,0,0
net.adhikary.mrtbuddy_24.apk,droidbot:bfs_naive,2,180,0,0,0,0,0
net.adhikary.mrtbuddy_24.apk,droidbot:bfs_naive,2,300,0,0,0,0,0
net.adhikary.mrtbuddy_24.apk,droidbot:bfs_naive,3,60,0,0,0,0,0
net.adhikary.mrtbuddy_24.apk,droidbot:bfs_naive,3,180,0,0,0,0,0
net.adhikary.mrtbuddy_24.apk,droidbot:bfs_naive,3,300,0,0,0,0,0
net.adhikary.mrtbuddy_24.apk,ape,1,60,0,0,0,0,0
net.adhikary.mrtbuddy_24.apk,ape,1,180,0,0,0,0,0
net.adhikary.mrtbuddy_24.apk,ape,1,300,0,0,0,0,0
net.adhikary.mrtbuddy_24.apk,ape,2,60,0,0,0,0,0
net.adhikary.mrtbuddy_24.apk,ape,2,180,0,0,0,0,0
net.adhikary.mrtbuddy_24.apk,ape,2,300,0,0,0,0,0
net.adhikary.mrtbuddy_24.apk,ape,3,60,0,0,0,0,0
net.adhikary.mrtbuddy_24.apk,ape,3,180,0,0,0,0,0
net.adhikary.mrtbuddy_24.apk,ape,3,300,0,0,0,0,0
net.adhikary.mrtbuddy_24.apk,droidmate,1,60,0,0,0,0,0
net.adhikary.mrtbuddy_24.apk,droidmate,1,180,0,0,0,0,0
net.adhikary.mrtbuddy_24.apk,droidmate,1,300,0,0,0,0,0
net.adhikary.mrtbuddy_24.apk,droidmate,2,60,0,0,0,0,0
net.adhikary.mrtbuddy_24.apk,droidmate,2,180,0,0,0,0,0
net.adhikary.mrtbuddy_24.apk,droidmate,2,300,0,0,0,0,0
net.adhikary.mrtbuddy_24.apk,droidmate,3,60,0,0,0,0,0
net.adhikary.mrtbuddy_24.apk,droidmate,3,180,0,0,0,0,0
net.adhikary.mrtbuddy_24.apk,droidmate,3,300,0,0,0,0,0
net.adhikary.mrtbuddy_24.apk,humanoid,1,60,0,0,0,0,0
net.adhikary.mrtbuddy_24.apk,humanoid,1,180,0,0,0,0,0
net.adhikary.mrtbuddy_24.apk,humanoid,1,300,0,0,0,0,0
net.adhikary.mrtbuddy_24.apk,humanoid,2,60,0,0,0,0,0
net.adhikary.mrtbuddy_24.apk,humanoid,2,180,0,0,0,0,0
net.adhikary.mrtbuddy_24.apk,humanoid,2,300,0,0,0,0,0
net.adhikary.mrtbuddy_24.apk,humanoid,3,60,0,0,0,0,0
net.adhikary.mrtbuddy_24.apk,humanoid,3,180,0,0,0,0,0
net.adhikary.mrtbuddy_24.apk,humanoid,3,300,0,0,0,0,0
net.adhikary.mrtbuddy_24.apk,ares,1,60,0,0,0,0,0
net.adhikary.mrtbuddy_24.apk,ares,1,180,0,0,0,0,0
net.adhikary.mrtbuddy_24.apk,ares,1,300,0,0,0,0,0
net.adhikary.mrtbuddy_24.apk,ares,2,60,0,0,0,0,0
net.adhikary.mrtbuddy_24.apk,ares,2,180,0,0,0,0,0
net.adhikary.mrtbuddy_24.apk,ares,2,300,0,0,0,0,0
net.adhikary.mrtbuddy_24.apk,ares,3,60,0,0,0,0,0
net.adhikary.mrtbuddy_24.apk,ares,3,180,0,0,0,0,0
net.adhikary.mrtbuddy_24.apk,ares,3,300,0,0,0,0,0
net.adhikary.mrtbuddy_24.apk,fastbot,1,60,0,0,0,0,0
net.adhikary.mrtbuddy_24.apk,fastbot,1,180,0,0,0,0,0
net.adhikary.mrtbuddy_24.apk,fastbot,1,300,0,0,0,0,0
net.adhikary.mrtbuddy_24.apk,fastbot,2,60,0,0,0,0,0
net.adhikary.mrtbuddy_24.apk,fastbot,2,180,0,0,0,0,0
net.adhikary.mrtbuddy_24.apk,fastbot,2,300,0,0,0,0,0
net.adhikary.mrtbuddy_24.apk,fastbot,3,60,0,0,0,0,0
net.adhikary.mrtbuddy_24.apk,fastbot,3,180,0,0,0,0,0
net.adhikary.mrtbuddy_24.apk,fastbot,3,300,0,0,0,0,0
net.adhikary.mrtbuddy_24.apk,qtesting,1,60,0,0,0,0,0
net.adhikary.mrtbuddy_24.apk,qtesting,1,180,0,0,0,0,0
net.adhikary.mrtbuddy_24.apk,qtesting,1,300,0,0,0,0,0
net.adhikary.mrtbuddy_24.apk,qtesting,2,60,0,0,0,0,0
net.adhikary.mrtbuddy_24.apk,qtesting,2,180,0,0,0,0,0
net.adhikary.mrtbuddy_24.apk,qtesting,2,300,0,0,0,0,0
net.adhikary.mrtbuddy_24.apk,qtesting,3,60,0,0,0,0,0
net.adhikary.mrtbuddy_24.apk,qtesting,3,180,0,0,0,0,0
net.adhikary.mrtbuddy_24.apk,qtesting,3,300,0,0,0,0,0
org.fossify.calendar_20.apk,monkey,1,60,0,0,0,0,0
org.fossify.calendar_20.apk,monkey,1,180,0,0,0,0,0
org.fossify.calendar_20.apk,monkey,1,300,0,0,0,0,0
org.fossify.calendar_20.apk,monkey,2,180,0,0,0,0,0
org.fossify.calendar_20.apk,monkey,2,300,0,0,0,0,0
org.fossify.calendar_20.apk,monkey,3,60,0,0,0,0,0
org.fossify.calendar_20.apk,monkey,3,180,0,0,0,0,0
org.fossify.calendar_20.apk,monkey,3,300,0,0,0,0,0
org.fossify.calendar_20.apk,droidbot:dfs_greedy,1,60,0,0,0,0,0
org.fossify.calendar_20.apk,droidbot:dfs_greedy,1,180,0,0,0,0,0
org.fossify.calendar_20.apk,droidbot:dfs_greedy,1,300,0,0,0,0,0
org.fossify.calendar_20.apk,droidbot:dfs_greedy,2,60,0,0,0,0,0
org.fossify.calendar_20.apk,droidbot:dfs_greedy,2,180,0,0,0,0,0
org.fossify.calendar_20.apk,droidbot:dfs_greedy,2,300,0,0,0,0,0
org.fossify.calendar_20.apk,droidbot:dfs_greedy,3,60,0,0,0,0,0
org.fossify.calendar_20.apk,droidbot:dfs_greedy,3,180,0,0,0,0,0
org.fossify.calendar_20.apk,droidbot:dfs_greedy,3,300,0,0,0,0,0
org.fossify.calendar_20.apk,droidbot:bfs_greedy,1,60,0,0,0,0,0
org.fossify.calendar_20.apk,droidbot:bfs_greedy,1,180,0,0,0,0,0
org.fossify.calendar_20.apk,droidbot:bfs_greedy,1,300,0,0,0,0,0
org.fossify.calendar_20.apk,droidbot:bfs_greedy,2,60,0,0,0,0,0
org.fossify.calendar_20.apk,droidbot:bfs_greedy,2,180,0,0,0,0,0
org.fossify.calendar_20.apk,droidbot:bfs_greedy,2,300,0,0,0,0,0
org.fossify.calendar_20.apk,droidbot:bfs_greedy,3,60,0,0,0,0,0
org.fossify.calendar_20.apk,droidbot:bfs_greedy,3,180,0,0,0,0,0
org.fossify.calendar_20.apk,droidbot:bfs_greedy,3,300,0,0,0,0,0
org.fossify.calendar_20.apk,droidbot:dfs_naive,1,60,0,0,0,0,0
org.fossify.calendar_20.apk,droidbot:dfs_naive,1,180,0,0,0,0,0
org.fossify.calendar_20.apk,droidbot:dfs_naive,1,300,0,0,0,0,0
org.fossify.calendar_20.apk,droidbot:dfs_naive,2,60,0,0,0,0,0
org.fossify.calendar_20.apk,droidbot:dfs_naive,2,180,0,0,0,0,0
org.fossify.calendar_20.apk,droidbot:dfs_naive,2,300,0,0,0,0,0
org.fossify.calendar_20.apk,droidbot:dfs_naive,3,60,0,0,0,0,0
org.fossify.calendar_20.apk,droidbot:dfs_naive,3,180,0,0,0,0,0
org.fossify.calendar_20.apk,droidbot:dfs_naive,3,300,0,0,0,0,0
org.fossify.calendar_20.apk,droidbot:bfs_naive,1,60,0,0,0,0,0
org.fossify.calendar_20.apk,droidbot:bfs_naive,1,180,0,0,0,0,0
org.fossify.calendar_20.apk,droidbot:bfs_naive,1,300,0,0,0,0,0
org.fossify.calendar_20.apk,droidbot:bfs_naive,2,60,0,0,0,0,0
org.fossify.calendar_20.apk,droidbot:bfs_naive,2,180,0,0,0,0,0
org.fossify.calendar_20.apk,droidbot:bfs_naive,2,300,0,0,0,0,0
org.fossify.calendar_20.apk,droidbot:bfs_naive,3,60,0,0,0,0,0
org.fossify.calendar_20.apk,droidbot:bfs_naive,3,180,0,0,0,0,0
org.fossify.calendar_20.apk,droidbot:bfs_naive,3,300,0,0,0,0,0
org.fossify.calendar_20.apk,ape,1,60,0,0,0,0,0
org.fossify.calendar_20.apk,ape,1,180,0,0,0,0,0
org.fossify.calendar_20.apk,ape,1,300,0,0,0,0,0
org.fossify.calendar_20.apk,ape,2,60,0,0,0,0,0
org.fossify.calendar_20.apk,ape,2,180,0,0,0,0,0
org.fossify.calendar_20.apk,ape,2,300,0,0,0,0,0
org.fossify.calendar_20.apk,ape,3,60,0,0,0,0,0
org.fossify.calendar_20.apk,ape,3,180,0,0,0,0,0
org.fossify.calendar_20.apk,ape,3,300,0,0,0,0,0
org.fossify.calendar_20.apk,droidmate,1,60,0,0,0,0,0
org.fossify.calendar_20.apk,droidmate,1,180,0,0,0,0,0
org.fossify.calendar_20.apk,droidmate,1,300,0,0,0,0,0
org.fossify.calendar_20.apk,droidmate,2,60,0,0,0,0,0
org.fossify.calendar_20.apk,droidmate,2,180,0,0,0,0,0
org.fossify.calendar_20.apk,droidmate,2,300,0,0,0,0,0
org.fossify.calendar_20.apk,droidmate,3,60,0,0,0,0,0
org.fossify.calendar_20.apk,droidmate,3,180,0,0,0,0,0
org.fossify.calendar_20.apk,droidmate,3,300,0,0,0,0,0
org.fossify.calendar_20.apk,humanoid,1,60,0,0,0,0,0
org.fossify.calendar_20.apk,humanoid,1,180,0,0,0,0,0
org.fossify.calendar_20.apk,humanoid,1,300,0,0,0,0,0
org.fossify.calendar_20.apk,humanoid,2,60,0,0,0,0,0
org.fossify.calendar_20.apk,humanoid,2,180,0,0,0,0,0
org.fossify.calendar_20.apk,humanoid,3,60,0,0,0,0,0
org.fossify.calendar_20.apk,humanoid,3,180,0,0,0,0,0
org.fossify.calendar_20.apk,humanoid,3,300,0,0,0,0,0
org.fossify.calendar_20.apk,ares,1,60,0,0,0,0,0
org.fossify.calendar_20.apk,ares,1,180,0,0,0,0,0
org.fossify.calendar_20.apk,ares,1,300,0,0,0,0,0
org.fossify.calendar_20.apk,ares,2,60,0,0,0,0,0
org.fossify.calendar_20.apk,ares,2,300,0,0,0,0,0
org.fossify.calendar_20.apk,ares,3,60,0,0,0,0,0
org.fossify.calendar_20.apk,ares,3,180,0,0,0,0,0
org.fossify.calendar_20.apk,ares,3,300,0,0,0,0,0
org.fossify.calendar_20.apk,fastbot,1,60,0,0,0,0,0
org.fossify.calendar_20.apk,fastbot,1,180,0,0,0,0,0
org.fossify.calendar_20.apk,fastbot,1,300,0,0,0,0,0
org.fossify.calendar_20.apk,fastbot,2,60,0,0,0,0,0
org.fossify.calendar_20.apk,fastbot,2,180,0,0,0,0,0
org.fossify.calendar_20.apk,fastbot,2,300,0,0,0,0,0
org.fossify.calendar_20.apk,fastbot,3,60,0,0,0,0,0
org.fossify.calendar_20.apk,fastbot,3,180,0,0,0,0,0
org.fossify.calendar_20.apk,fastbot,3,300,0,0,0,0,0
org.fossify.calendar_20.apk,qtesting,1,60,0,0,0,0,0
org.fossify.calendar_20.apk,qtesting,1,180,0,0,0,0,0
org.fossify.calendar_20.apk,qtesting,1,300,0,0,0,0,0
org.fossify.calendar_20.apk,qtesting,2,60,0,0,0,0,0
org.fossify.calendar_20.apk,qtesting,2,180,0,0,0,0,0
org.fossify.calendar_20.apk,qtesting,2,300,0,0,0,0,0
org.fossify.calendar_20.apk,qtesting,3,60,0,0,0,0,0
org.fossify.calendar_20.apk,qtesting,3,180,0,0,0,0,0
org.fossify.calendar_20.apk,qtesting,3,300,0,0,0,0,0
org.isoron.uhabits_20301.apk,monkey,1,60,0,0,0,0,0
org.isoron.uhabits_20301.apk,monkey,1,180,0,0,0,0,0
org.isoron.uhabits_20301.apk,monkey,1,300,0,0,0,0,0
org.isoron.uhabits_20301.apk,monkey,2,60,0,0,0,0,0
org.isoron.uhabits_20301.apk,monkey,2,180,0,0,0,0,0
org.isoron.uhabits_20301.apk,monkey,2,300,0,0,0,0,0
org.isoron.uhabits_20301.apk,monkey,3,60,0,0,0,0,0
org.isoron.uhabits_20301.apk,monkey,3,180,0,0,0,0,0
org.isoron.uhabits_20301.apk,monkey,3,300,0,0,0,0,0
org.isoron.uhabits_20301.apk,droidbot:dfs_greedy,1,60,0,0,0,0,0
org.isoron.uhabits_20301.apk,droidbot:dfs_greedy,1,180,0,0,0,0,0
org.isoron.uhabits_20301.apk,droidbot:dfs_greedy,1,300,0,0,0,0,0
org.isoron.uhabits_20301.apk,droidbot:dfs_greedy,2,60,0,0,0,0,0
org.isoron.uhabits_20301.apk,droidbot:dfs_greedy,2,180,0,0,0,0,0
org.isoron.uhabits_20301.apk,droidbot:dfs_greedy,2,300,0,0,0,0,0
org.isoron.uhabits_20301.apk,droidbot:dfs_greedy,3,60,0,0,0,0,0
org.isoron.uhabits_20301.apk,droidbot:dfs_greedy,3,180,0,0,0,0,0
org.isoron.uhabits_20301.apk,droidbot:dfs_greedy,3,300,0,0,0,0,0
org.isoron.uhabits_20301.apk,droidbot:bfs_greedy,1,60,0,0,0,0,0
org.isoron.uhabits_20301.apk,droidbot:bfs_greedy,1,180,0,0,0,0,0
org.isoron.uhabits_20301.apk,droidbot:bfs_greedy,1,300,0,0,0,0,0
org.isoron.uhabits_20301.apk,droidbot:bfs_greedy,2,60,0,0,0,0,0
org.isoron.uhabits_20301.apk,droidbot:bfs_greedy,2,180,0,0,0,0,0
org.isoron.uhabits_20301.apk,droidbot:bfs_greedy,2,300,0,0,0,0,0
org.isoron.uhabits_20301.apk,droidbot:bfs_greedy,3,60,0,0,0,0,0
org.isoron.uhabits_20301.apk,droidbot:bfs_greedy,3,180,0,0,0,0,0
org.isoron.uhabits_20301.apk,droidbot:bfs_greedy,3,300,0,0,0,0,0
org.isoron.uhabits_20301.apk,droidbot:dfs_naive,1,60,0,0,0,0,0
org.isoron.uhabits_20301.apk,droidbot:dfs_naive,1,180,0,0,0,0,0
org.isoron.uhabits_20301.apk,droidbot:dfs_naive,1,300,0,0,0,0,0
org.isoron.uhabits_20301.apk,droidbot:dfs_naive,2,60,0,0,0,0,0
org.isoron.uhabits_20301.apk,droidbot:dfs_naive,2,180,0,0,0,0,0
org.isoron.uhabits_20301.apk,droidbot:dfs_naive,2,300,0,0,0,0,0
org.isoron.uhabits_20301.apk,droidbot:dfs_naive,3,60,0,0,0,0,0
org.isoron.uhabits_20301.apk,droidbot:dfs_naive,3,180,0,0,0,0,0
org.isoron.uhabits_20301.apk,droidbot:dfs_naive,3,300,0,0,0,0,0
org.isoron.uhabits_20301.apk,droidbot:bfs_naive,1,60,0,0,0,0,0
org.isoron.uhabits_20301.apk,droidbot:bfs_naive,1,180,0,0,0,0,0
org.isoron.uhabits_20301.apk,droidbot:bfs_naive,1,300,0,0,0,0,0
org.isoron.uhabits_20301.apk,droidbot:bfs_naive,2,60,0,0,0,0,0
org.isoron.uhabits_20301.apk,droidbot:bfs_naive,2,180,0,0,0,0,0
org.isoron.uhabits_20301.apk,droidbot:bfs_naive,2,300,0,0,0,0,0
org.isoron.uhabits_20301.apk,droidbot:bfs_naive,3,60,0,0,0,0,0
org.isoron.uhabits_20301.apk,droidbot:bfs_naive,3,180,0,0,0,0,0
org.isoron.uhabits_20301.apk,droidbot:bfs_naive,3,300,0,0,0,0,0
org.isoron.uhabits_20301.apk,ape,1,60,0,0,0,0,0
org.isoron.uhabits_20301.apk,ape,1,180,0,0,0,0,0
org.isoron.uhabits_20301.apk,ape,1,300,0,0,0,0,0
org.isoron.uhabits_20301.apk,ape,2,60,0,0,0,0,0
org.isoron.uhabits_20301.apk,ape,2,180,0,0,0,0,0
org.isoron.uhabits_20301.apk,ape,2,300,0,0,0,0,0
org.isoron.uhabits_20301.apk,ape,3,60,0,0,0,0,0
org.isoron.uhabits_20301.apk,ape,3,180,0,0,0,0,0
org.isoron.uhabits_20301.apk,ape,3,300,0,0,0,0,0
org.isoron.uhabits_20301.apk,droidmate,1,60,0,0,0,0,0
org.isoron.uhabits_20301.apk,droidmate,1,180,0,0,0,0,0
org.isoron.uhabits_20301.apk,droidmate,1,300,0,0,0,0,0
org.isoron.uhabits_20301.apk,droidmate,2,60,0,0,0,0,0
org.isoron.uhabits_20301.apk,droidmate,2,180,0,0,0,0,0
org.isoron.uhabits_20301.apk,droidmate,2,300,0,0,0,0,0
org.isoron.uhabits_20301.apk,droidmate,3,60,0,0,0,0,0
org.isoron.uhabits_20301.apk,droidmate,3,180,0,0,0,0,0
org.isoron.uhabits_20301.apk,droidmate,3,300,0,0,0,0,0
org.isoron.uhabits_20301.apk,humanoid,1,60,0,0,0,0,0
org.isoron.uhabits_20301.apk,humanoid,1,180,0,0,0,0,0
org.isoron.uhabits_20301.apk,humanoid,1,300,0,0,0,0,0
org.isoron.uhabits_20301.apk,humanoid,2,60,0,0,0,0,0
org.isoron.uhabits_20301.apk,humanoid,2,180,0,0,0,0,0
org.isoron.uhabits_20301.apk,humanoid,2,300,0,0,0,0,0
org.isoron.uhabits_20301.apk,humanoid,3,60,0,0,0,0,0
org.isoron.uhabits_20301.apk,humanoid,3,180,0,0,0,0,0
org.isoron.uhabits_20301.apk,humanoid,3,300,0,0,0,0,0
org.isoron.uhabits_20301.apk,ares,1,60,0,0,0,0,0
org.isoron.uhabits_20301.apk,ares,1,180,0,0,0,0,0
org.isoron.uhabits_20301.apk,ares,1,300,0,0,0,0,0
org.isoron.uhabits_20301.apk,ares,2,60,0,0,0,0,0
org.isoron.uhabits_20301.apk,ares,2,180,0,0,0,0,0
org.isoron.uhabits_20301.apk,ares,2,300,0,0,0,0,0
org.isoron.uhabits_20301.apk,ares,3,60,0,0,0,0,0
org.isoron.uhabits_20301.apk,ares,3,180,0,0,0,0,0
org.isoron.uhabits_20301.apk,ares,3,300,0,0,0,0,0
org.isoron.uhabits_20301.apk,fastbot,1,60,0,0,0,0,0
org.isoron.uhabits_20301.apk,fastbot,1,180,0,0,0,0,0
org.isoron.uhabits_20301.apk,fastbot,1,300,0,0,0,0,0
org.isoron.uhabits_20301.apk,fastbot,2,60,0,0,0,0,0
org.isoron.uhabits_20301.apk,fastbot,2,180,0,0,0,0,0
org.isoron.uhabits_20301.apk,fastbot,2,300,0,0,0,0,0
org.isoron.uhabits_20301.apk,fastbot,3,60,0,0,0,0,0
org.isoron.uhabits_20301.apk,fastbot,3,180,0,0,0,0,0
org.isoron.uhabits_20301.apk,fastbot,3,300,0,0,0,0,0
org.isoron.uhabits_20301.apk,qtesting,1,60,0,0,0,0,0
org.isoron.uhabits_20301.apk,qtesting,1,180,0,0,0,0,0
org.isoron.uhabits_20301.apk,qtesting,1,300,0,0,0,0,0
org.isoron.uhabits_20301.apk,qtesting,2,60,0,0,0,0,0
org.isoron.uhabits_20301.apk,qtesting,2,180,0,0,0,0,0
org.isoron.uhabits_20301.apk,qtesting,2,300,0,0,0,0,0
org.isoron.uhabits_20301.apk,qtesting,3,60,0,0,0,0,0
org.isoron.uhabits_20301.apk,qtesting,3,180,0,0,0,0,0
org.isoron.uhabits_20301.apk,qtesting,3,300,0,0,0,0,0
org.tomasino.stutter_29.apk,monkey,1,60,7,2,7,7,7.0
org.tomasino.stutter_29.apk,monkey,1,180,7,2,7,7,7.0
org.tomasino.stutter_29.apk,monkey,1,300,7,2,7,7,7.0
org.tomasino.stutter_29.apk,monkey,2,60,7,2,7,7,7.0
org.tomasino.stutter_29.apk,monkey,2,180,7,2,7,7,7.0
org.tomasino.stutter_29.apk,monkey,2,300,7,2,7,7,7.0
org.tomasino.stutter_29.apk,monkey,3,60,7,2,7,7,7.0
org.tomasino.stutter_29.apk,monkey,3,180,7,2,7,7,7.0
org.tomasino.stutter_29.apk,monkey,3,300,7,2,7,7,7.0
org.tomasino.stutter_29.apk,droidbot:dfs_greedy,1,60,7,2,7,7,7.0
org.tomasino.stutter_29.apk,droidbot:dfs_greedy,1,180,7,2,7,7,7.0
org.tomasino.stutter_29.apk,droidbot:dfs_greedy,1,300,7,2,7,7,7.0
org.tomasino.stutter_29.apk,droidbot:dfs_greedy,2,60,7,2,7,7,7.0
org.tomasino.stutter_29.apk,droidbot:dfs_greedy,2,180,7,2,7,7,7.0
org.tomasino.stutter_29.apk,droidbot:dfs_greedy,2,300,7,2,7,7,7.0
org.tomasino.stutter_29.apk,droidbot:dfs_greedy,3,60,7,2,7,7,7.0
org.tomasino.stutter_29.apk,droidbot:dfs_greedy,3,180,7,2,7,7,7.0
org.tomasino.stutter_29.apk,droidbot:dfs_greedy,3,300,7,2,7,7,7.0
org.tomasino.stutter_29.apk,droidbot:bfs_greedy,1,60,7,2,7,7,7.0
org.tomasino.stutter_29.apk,droidbot:bfs_greedy,1,180,7,2,7,7,7.0
org.tomasino.stutter_29.apk,droidbot:bfs_greedy,1,300,7,2,7,7,7.0
org.tomasino.stutter_29.apk,droidbot:bfs_greedy,2,60,7,2,7,7,7.0
org.tomasino.stutter_29.apk,droidbot:bfs_greedy,2,180,7,2,7,7,7.0
org.tomasino.stutter_29.apk,droidbot:bfs_greedy,2,300,7,2,7,7,7.0
org.tomasino.stutter_29.apk,droidbot:bfs_greedy,3,60,7,2,7,7,7.0
org.tomasino.stutter_29.apk,droidbot:bfs_greedy,3,180,7,2,7,7,7.0
org.tomasino.stutter_29.apk,droidbot:bfs_greedy,3,300,7,2,7,7,7.0
org.tomasino.stutter_29.apk,droidbot:dfs_naive,1,60,7,2,7,7,7.0
org.tomasino.stutter_29.apk,droidbot:dfs_naive,1,180,7,2,7,7,7.0
org.tomasino.stutter_29.apk,droidbot:dfs_naive,1,300,7,2,7,7,7.0
org.tomasino.stutter_29.apk,droidbot:dfs_naive,2,60,7,2,7,7,7.0
org.tomasino.stutter_29.apk,droidbot:dfs_naive,2,180,7,2,7,7,7.0
org.tomasino.stutter_29.apk,droidbot:dfs_naive,3,60,7,2,7,7,7.0
org.tomasino.stutter_29.apk,droidbot:dfs_naive,3,180,7,2,7,7,7.0
org.tomasino.stutter_29.apk,droidbot:dfs_naive,3,300,7,2,7,7,7.0
org.tomasino.stutter_29.apk,droidbot:bfs_naive,1,60,7,2,7,7,7.0
org.tomasino.stutter_29.apk,droidbot:bfs_naive,1,180,7,2,7,7,7.0
org.tomasino.stutter_29.apk,droidbot:bfs_naive,1,300,7,2,7,7,7.0
org.tomasino.stutter_29.apk,droidbot:bfs_naive,2,60,7,2,7,7,7.0
org.tomasino.stutter_29.apk,droidbot:bfs_naive,2,180,7,2,7,7,7.0
org.tomasino.stutter_29.apk,droidbot:bfs_naive,2,300,7,2,7,7,7.0
org.tomasino.stutter_29.apk,droidbot:bfs_naive,3,60,7,2,7,7,7.0
org.tomasino.stutter_29.apk,droidbot:bfs_naive,3,180,7,2,7,7,7.0
org.tomasino.stutter_29.apk,droidbot:bfs_naive,3,300,7,2,7,7,7.0
org.tomasino.stutter_29.apk,ape,1,60,14,2,7,7,7.0
org.tomasino.stutter_29.apk,ape,1,180,21,2,7,7,7.0
org.tomasino.stutter_29.apk,ape,1,300,21,2,7,7,7.0
org.tomasino.stutter_29.apk,ape,2,60,21,2,7,7,7.0
org.tomasino.stutter_29.apk,ape,2,180,28,2,7,7,7.0
org.tomasino.stutter_29.apk,ape,2,300,21,2,7,7,7.0
org.tomasino.stutter_29.apk,ape,3,60,14,2,7,7,7.0
org.tomasino.stutter_29.apk,ape,3,180,7,2,7,7,7.0
org.tomasino.stutter_29.apk,ape,3,300,14,2,7,7,7.0
org.tomasino.stutter_29.apk,droidmate,1,60,7,2,7,7,7.0
org.tomasino.stutter_29.apk,droidmate,1,180,14,2,7,7,7.0
org.tomasino.stutter_29.apk,droidmate,1,300,21,2,7,7,7.0
org.tomasino.stutter_29.apk,droidmate,2,60,7,2,7,7,7.0
org.tomasino.stutter_29.apk,droidmate,2,180,14,2,7,7,7.0
org.tomasino.stutter_29.apk,droidmate,2,300,21,2,7,7,7.0
org.tomasino.stutter_29.apk,droidmate,3,60,7,2,7,7,7.0
org.tomasino.stutter_29.apk,droidmate,3,180,14,2,7,7,7.0
org.tomasino.stutter_29.apk,droidmate,3,300,21,2,7,7,7.0
org.tomasino.stutter_29.apk,humanoid,1,60,7,2,7,7,7.0
org.tomasino.stutter_29.apk,humanoid,1,180,7,2,7,7,7.0
org.tomasino.stutter_29.apk,humanoid,1,300,14,2,7,7,7.0
org.tomasino.stutter_29.apk,humanoid,2,60,7,2,7,7,7.0
org.tomasino.stutter_29.apk,humanoid,2,180,7,2,7,7,7.0
org.tomasino.stutter_29.apk,humanoid,2,300,7,2,7,7,7.0
org.tomasino.stutter_29.apk,humanoid,3,60,7,2,7,7,7.0
org.tomasino.stutter_29.apk,humanoid,3,180,7,2,7,7,7.0
org.tomasino.stutter_29.apk,humanoid,3,300,7,2,7,7,7.0
org.tomasino.stutter_29.apk,ares,1,60,14,2,7,7,7.0
org.tomasino.stutter_29.apk,ares,1,180,14,2,7,7,7.0
org.tomasino.stutter_29.apk,ares,1,300,14,2,7,7,7.0
org.tomasino.stutter_29.apk,ares,2,60,14,2,7,7,7.0
org.tomasino.stutter_29.apk,ares,2,180,14,2,7,7,7.0
org.tomasino.stutter_29.apk,ares,2,300,14,2,7,7,7.0
org.tomasino.stutter_29.apk,ares,3,60,14,2,7,7,7.0
org.tomasino.stutter_29.apk,ares,3,180,14,2,7,7,7.0
org.tomasino.stutter_29.apk,ares,3,300,14,2,7,7,7.0
org.tomasino.stutter_29.apk,fastbot,1,60,7,2,7,7,7.0
org.tomasino.stutter_29.apk,fastbot,1,180,7,2,7,7,7.0
org.tomasino.stutter_29.apk,fastbot,1,300,7,2,7,7,7.0
org.tomasino.stutter_29.apk,fastbot,2,60,7,2,7,7,7.0
org.tomasino.stutter_29.apk,fastbot,2,180,7,2,7,7,7.0
org.tomasino.stutter_29.apk,fastbot,2,300,7,2,7,7,7.0
org.tomasino.stutter_29.apk,fastbot,3,60,7,2,7,7,7.0
org.tomasino.stutter_29.apk,fastbot,3,180,7,2,7,7,7.0
org.tomasino.stutter_29.apk,fastbot,3,300,7,2,7,7,7.0
org.tomasino.stutter_29.apk,qtesting,1,60,28,2,7,7,7.0
org.tomasino.stutter_29.apk,qtesting,1,180,147,2,7,7,7.0
org.tomasino.stutter_29.apk,qtesting,1,300,265,2,7,7,7.0
org.tomasino.stutter_29.apk,qtesting,2,60,28,2,7,7,7.0
org.tomasino.stutter_29.apk,qtesting,2,180,140,2,7,7,7.0
org.tomasino.stutter_29.apk,qtesting,2,300,280,2,7,7,7.0
org.tomasino.stutter_29.apk,qtesting,3,60,35,2,7,7,7.0
org.tomasino.stutter_29.apk,qtesting,3,180,147,2,7,7,7.0
uk.org.ngo.squeezer_158.apk,monkey,1,60,0,0,0,0,0
uk.org.ngo.squeezer_158.apk,monkey,1,180,0,0,0,0,0
uk.org.ngo.squeezer_158.apk,monkey,1,300,0,0,0,0,0
uk.org.ngo.squeezer_158.apk,monkey,2,60,0,0,0,0,0
uk.org.ngo.squeezer_158.apk,monkey,2,180,0,0,0,0,0
uk.org.ngo.squeezer_158.apk,monkey,2,300,0,0,0,0,0
uk.org.ngo.squeezer_158.apk,monkey,3,60,0,0,0,0,0
uk.org.ngo.squeezer_158.apk,monkey,3,180,0,0,0,0,0
uk.org.ngo.squeezer_158.apk,monkey,3,300,0,0,0,0,0
uk.org.ngo.squeezer_158.apk,droidbot:dfs_greedy,1,60,0,0,0,0,0
uk.org.ngo.squeezer_158.apk,droidbot:dfs_greedy,1,180,0,0,0,0,0
uk.org.ngo.squeezer_158.apk,droidbot:dfs_greedy,1,300,0,0,0,0,0
uk.org.ngo.squeezer_158.apk,droidbot:dfs_greedy,2,60,0,0,0,0,0
uk.org.ngo.squeezer_158.apk,droidbot:dfs_greedy,2,180,0,0,0,0,0
uk.org.ngo.squeezer_158.apk,droidbot:dfs_greedy,2,300,0,0,0,0,0
uk.org.ngo.squeezer_158.apk,droidbot:dfs_greedy,3,60,0,0,0,0,0
uk.org.ngo.squeezer_158.apk,droidbot:dfs_greedy,3,180,0,0,0,0,0
uk.org.ngo.squeezer_158.apk,droidbot:dfs_greedy,3,300,0,0,0,0,0
uk.org.ngo.squeezer_158.apk,droidbot:bfs_greedy,1,60,0,0,0,0,0
uk.org.ngo.squeezer_158.apk,droidbot:bfs_greedy,1,180,0,0,0,0,0
uk.org.ngo.squeezer_158.apk,droidbot:bfs_greedy,1,300,0,0,0,0,0
uk.org.ngo.squeezer_158.apk,droidbot:bfs_greedy,2,60,0,0,0,0,0
uk.org.ngo.squeezer_158.apk,droidbot:bfs_greedy,2,180,0,0,0,0,0
uk.org.ngo.squeezer_158.apk,droidbot:bfs_greedy,2,300,0,0,0,0,0
uk.org.ngo.squeezer_158.apk,droidbot:bfs_greedy,3,60,0,0,0,0,0
uk.org.ngo.squeezer_158.apk,droidbot:bfs_greedy,3,180,0,0,0,0,0
uk.org.ngo.squeezer_158.apk,droidbot:bfs_greedy,3,300,0,0,0,0,0
uk.org.ngo.squeezer_158.apk,droidbot:dfs_naive,1,60,0,0,0,0,0
uk.org.ngo.squeezer_158.apk,droidbot:dfs_naive,1,180,0,0,0,0,0
uk.org.ngo.squeezer_158.apk,droidbot:dfs_naive,1,300,0,0,0,0,0
uk.org.ngo.squeezer_158.apk,droidbot:dfs_naive,2,60,0,0,0,0,0
uk.org.ngo.squeezer_158.apk,droidbot:dfs_naive,2,180,0,0,0,0,0
uk.org.ngo.squeezer_158.apk,droidbot:dfs_naive,2,300,0,0,0,0,0
uk.org.ngo.squeezer_158.apk,droidbot:dfs_naive,3,60,0,0,0,0,0
uk.org.ngo.squeezer_158.apk,droidbot:dfs_naive,3,180,0,0,0,0,0
uk.org.ngo.squeezer_158.apk,droidbot:dfs_naive,3,300,0,0,0,0,0
uk.org.ngo.squeezer_158.apk,droidbot:bfs_naive,1,60,0,0,0,0,0
uk.org.ngo.squeezer_158.apk,droidbot:bfs_naive,1,180,0,0,0,0,0
uk.org.ngo.squeezer_158.apk,droidbot:bfs_naive,1,300,0,0,0,0,0
uk.org.ngo.squeezer_158.apk,droidbot:bfs_naive,2,60,0,0,0,0,0
uk.org.ngo.squeezer_158.apk,droidbot:bfs_naive,2,180,0,0,0,0,0
uk.org.ngo.squeezer_158.apk,droidbot:bfs_naive,2,300,0,0,0,0,0
uk.org.ngo.squeezer_158.apk,droidbot:bfs_naive,3,60,0,0,0,0,0
uk.org.ngo.squeezer_158.apk,droidbot:bfs_naive,3,180,0,0,0,0,0
uk.org.ngo.squeezer_158.apk,droidbot:bfs_naive,3,300,0,0,0,0,0
uk.org.ngo.squeezer_158.apk,ape,1,60,0,0,0,0,0
uk.org.ngo.squeezer_158.apk,ape,1,180,0,0,0,0,0
uk.org.ngo.squeezer_158.apk,ape,1,300,0,0,0,0,0
uk.org.ngo.squeezer_158.apk,ape,2,60,0,0,0,0,0
uk.org.ngo.squeezer_158.apk,ape,2,180,0,0,0,0,0
uk.org.ngo.squeezer_158.apk,ape,2,300,0,0,0,0,0
uk.org.ngo.squeezer_158.apk,ape,3,60,0,0,0,0,0
uk.org.ngo.squeezer_158.apk,ape,3,180,0,0,0,0,0
uk.org.ngo.squeezer_158.apk,ape,3,300,0,0,0,0,0
uk.org.ngo.squeezer_158.apk,droidmate,1,60,0,0,0,0,0
uk.org.ngo.squeezer_158.apk,droidmate,1,180,0,0,0,0,0
uk.org.ngo.squeezer_158.apk,droidmate,1,300,0,0,0,0,0
uk.org.ngo.squeezer_158.apk,droidmate,2,60,0,0,0,0,0
uk.org.ngo.squeezer_158.apk,droidmate,2,180,0,0,0,0,0
uk.org.ngo.squeezer_158.apk,droidmate,2,300,0,0,0,0,0
uk.org.ngo.squeezer_158.apk,droidmate,3,60,0,0,0,0,0
uk.org.ngo.squeezer_158.apk,droidmate,3,180,0,0,0,0,0
uk.org.ngo.squeezer_158.apk,droidmate,3,300,0,0,0,0,0
uk.org.ngo.squeezer_158.apk,humanoid,1,60,0,0,0,0,0
uk.org.ngo.squeezer_158.apk,humanoid,1,180,0,0,0,0,0
uk.org.ngo.squeezer_158.apk,humanoid,1,300,0,0,0,0,0
uk.org.ngo.squeezer_158.apk,humanoid,2,60,0,0,0,0,0
uk.org.ngo.squeezer_158.apk,humanoid,2,180,0,0,0,0,0
uk.org.ngo.squeezer_158.apk,humanoid,2,300,0,0,0,0,0
uk.org.ngo.squeezer_158.apk,humanoid,3,180,0,0,0,0,0
uk.org.ngo.squeezer_158.apk,humanoid,3,300,0,0,0,0,0
uk.org.ngo.squeezer_158.apk,ares,1,60,0,0,0,0,0
uk.org.ngo.squeezer_158.apk,ares,1,180,0,0,0,0,0
uk.org.ngo.squeezer_158.apk,ares,1,300,0,0,0,0,0
uk.org.ngo.squeezer_158.apk,ares,2,60,0,0,0,0,0
uk.org.ngo.squeezer_158.apk,ares,2,180,0,0,0,0,0
uk.org.ngo.squeezer_158.apk,ares,2,300,0,0,0,0,0
uk.org.ngo.squeezer_158.apk,ares,3,60,0,0,0,0,0
uk.org.ngo.squeezer_158.apk,ares,3,180,0,0,0,0,0
uk.org.ngo.squeezer_158.apk,ares,3,300,0,0,0,0,0
uk.org.ngo.squeezer_158.apk,fastbot,1,60,0,0,0,0,0
uk.org.ngo.squeezer_158.apk,fastbot,1,180,0,0,0,0,0
uk.org.ngo.squeezer_158.apk,fastbot,1,300,0,0,0,0,0
uk.org.ngo.squeezer_158.apk,fastbot,2,60,0,0,0,0,0
uk.org.ngo.squeezer_158.apk,fastbot,2,180,0,0,0,0,0
uk.org.ngo.squeezer_158.apk,fastbot,2,300,0,0,0,0,0
uk.org.ngo.squeezer_158.apk,fastbot,3,60,0,0,0,0,0
uk.org.ngo.squeezer_158.apk,fastbot,3,180,0,0,0,0,0
uk.org.ngo.squeezer_158.apk,fastbot,3,300,0,0,0,0,0
uk.org.ngo.squeezer_158.apk,qtesting,1,60,0,0,0,0,0
uk.org.ngo.squeezer_158.apk,qtesting,1,180,0,0,0,0,0
uk.org.ngo.squeezer_158.apk,qtesting,1,300,0,0,0,0,0
uk.org.ngo.squeezer_158.apk,qtesting,2,60,0,0,0,0,0
uk.org.ngo.squeezer_158.apk,qtesting,2,180,0,0,0,0,0
uk.org.ngo.squeezer_158.apk,qtesting,2,300,0,0,0,0,0
uk.org.ngo.squeezer_158.apk,qtesting,3,60,0,0,0,0,0
uk.org.ngo.squeezer_158.apk,qtesting,3,180,0,0,0,0,0
uk.org.ngo.squeezer_158.apk,qtesting,3,300,0,0,0,0,0
org.fossify.calendar_20.apk,monkey,2,60,0,0,0,0,0
org.fossify.calendar_20.apk,humanoid,2,300,0,0,0,0,0
org.fossify.calendar_20.apk,ares,2,180,0,0,0,0,0
org.tomasino.stutter_29.apk,droidbot:dfs_naive,2,300,7,2,7,7,7
org.tomasino.stutter_29.apk,qtesting,3,300,280,2,7,7,7
uk.org.ngo.squeezer_158.apk,humanoid,3,60,0,0,0,0,0
app.michaelwuensch.bitbanana_79.apk,monkey,1,60,27,14,26,26,26.0
app.michaelwuensch.bitbanana_79.apk,monkey,1,300,27,14,26,26,26.0
app.michaelwuensch.bitbanana_79.apk,monkey,2,60,27,14,26,26,26.0
app.michaelwuensch.bitbanana_79.apk,monkey,2,300,27,14,26,26,26.0
app.michaelwuensch.bitbanana_79.apk,monkey,3,60,27,14,26,26,26.0
app.michaelwuensch.bitbanana_79.apk,droidbot:dfs_greedy,1,60,27,14,26,26,26.0
app.michaelwuensch.bitbanana_79.apk,droidbot:dfs_greedy,1,180,27,14,26,26,26.0
app.michaelwuensch.bitbanana_79.apk,droidbot:dfs_greedy,1,300,27,14,26,26,26.0
app.michaelwuensch.bitbanana_79.apk,droidbot:dfs_greedy,2,60,27,14,26,26,26.0
app.michaelwuensch.bitbanana_79.apk,droidbot:dfs_greedy,2,180,27,14,26,26,26.0
app.michaelwuensch.bitbanana_79.apk,droidbot:dfs_greedy,2,300,27,14,26,26,26.0
app.michaelwuensch.bitbanana_79.apk,droidbot:dfs_greedy,3,60,23,13,22,22,22.0
app.michaelwuensch.bitbanana_79.apk,droidbot:dfs_greedy,3,180,27,14,26,26,26.0
app.michaelwuensch.bitbanana_79.apk,droidbot:dfs_greedy,3,300,25,13,24,24,24.0
app.michaelwuensch.bitbanana_79.apk,droidbot:bfs_greedy,1,60,27,14,26,26,26.0
app.michaelwuensch.bitbanana_79.apk,droidbot:bfs_greedy,1,180,27,14,26,26,26.0
app.michaelwuensch.bitbanana_79.apk,droidbot:bfs_greedy,1,300,27,14,26,26,26.0
app.michaelwuensch.bitbanana_79.apk,droidbot:bfs_greedy,2,60,27,14,26,26,26.0
app.michaelwuensch.bitbanana_79.apk,droidbot:bfs_greedy,2,180,27,14,26,26,26.0
app.michaelwuensch.bitbanana_79.apk,droidbot:bfs_greedy,2,300,27,14,26,26,26.0
app.michaelwuensch.bitbanana_79.apk,droidbot:bfs_greedy,3,60,27,14,26,26,26.0
app.michaelwuensch.bitbanana_79.apk,droidbot:bfs_greedy,3,180,27,14,26,26,26.0
app.michaelwuensch.bitbanana_79.apk,droidbot:bfs_greedy,3,300,27,14,26,26,26.0
app.michaelwuensch.bitbanana_79.apk,droidbot:dfs_naive,1,60,27,14,26,26,26.0
app.michaelwuensch.bitbanana_79.apk,droidbot:dfs_naive,1,180,24,12,23,23,23.0
app.michaelwuensch.bitbanana_79.apk,droidbot:dfs_naive,1,300,24,12,23,23,23.0
app.michaelwuensch.bitbanana_79.apk,droidbot:dfs_naive,2,60,27,14,26,26,26.0
app.michaelwuensch.bitbanana_79.apk,droidbot:dfs_naive,2,180,27,14,26,26,26.0
app.michaelwuensch.bitbanana_79.apk,droidbot:dfs_naive,2,300,24,12,23,23,23.0
app.michaelwuensch.bitbanana_79.apk,droidbot:dfs_naive,3,60,27,14,26,26,26.0
app.michaelwuensch.bitbanana_79.apk,droidbot:dfs_naive,3,180,27,14,26,26,26.0
app.michaelwuensch.bitbanana_79.apk,droidbot:dfs_naive,3,300,24,12,23,23,23.0
app.michaelwuensch.bitbanana_79.apk,droidbot:bfs_naive,1,60,27,14,26,26,26.0
app.michaelwuensch.bitbanana_79.apk,droidbot:bfs_naive,1,180,27,14,26,26,26.0
app.michaelwuensch.bitbanana_79.apk,droidbot:bfs_naive,1,300,24,12,23,23,23.0
app.michaelwuensch.bitbanana_79.apk,droidbot:bfs_naive,2,60,27,14,26,26,26.0
app.michaelwuensch.bitbanana_79.apk,droidbot:bfs_naive,2,180,24,12,23,23,23.0
app.michaelwuensch.bitbanana_79.apk,droidbot:bfs_naive,2,300,27,14,26,26,26.0
app.michaelwuensch.bitbanana_79.apk,droidbot:bfs_naive,3,60,25,13,24,24,24.0
app.michaelwuensch.bitbanana_79.apk,droidbot:bfs_naive,3,180,27,14,26,26,26.0
app.michaelwuensch.bitbanana_79.apk,droidbot:bfs_naive,3,300,27,14,26,26,26.0
app.michaelwuensch.bitbanana_79.apk,ape,1,60,44,14,26,26,26.0
app.michaelwuensch.bitbanana_79.apk,ape,1,180,27,14,26,26,26.0
app.michaelwuensch.bitbanana_79.apk,ape,1,300,81,14,26,26,26.0
app.michaelwuensch.bitbanana_79.apk,ape,2,60,44,14,26,26,26.0
app.michaelwuensch.bitbanana_79.apk,ape,2,180,54,14,26,26,26.0
app.michaelwuensch.bitbanana_79.apk,ape,2,300,51,14,26,26,26.0
app.michaelwuensch.bitbanana_79.apk,ape,3,60,61,14,26,26,26.0
app.michaelwuensch.bitbanana_79.apk,ape,3,180,51,14,26,26,26.0
app.michaelwuensch.bitbanana_79.apk,ape,3,300,54,14,26,26,26.0
app.michaelwuensch.bitbanana_79.apk,droidmate,1,60,27,14,26,26,26.0
app.michaelwuensch.bitbanana_79.apk,droidmate,1,180,27,14,26,26,26.0
app.michaelwuensch.bitbanana_79.apk,droidmate,1,300,54,14,26,26,26.0
app.michaelwuensch.bitbanana_79.apk,droidmate,2,60,27,14,26,26,26.0
app.michaelwuensch.bitbanana_79.apk,droidmate,2,180,27,14,26,26,26.0
app.michaelwuensch.bitbanana_79.apk,droidmate,2,300,54,14,26,26,26.0
app.michaelwuensch.bitbanana_79.apk,droidmate,3,60,27,14,26,26,26.0
app.michaelwuensch.bitbanana_79.apk,droidmate,3,180,54,14,26,26,26.0
app.michaelwuensch.bitbanana_79.apk,droidmate,3,300,51,14,26,26,26.0
app.michaelwuensch.bitbanana_79.apk,humanoid,1,60,24,12,23,23,23.0
app.michaelwuensch.bitbanana_79.apk,humanoid,1,180,24,12,23,23,23.0
app.michaelwuensch.bitbanana_79.apk,humanoid,1,300,27,14,26,26,26.0
app.michaelwuensch.bitbanana_79.apk,humanoid,2,60,24,12,23,23,23.0
app.michaelwuensch.bitbanana_79.apk,humanoid,2,180,27,14,26,26,26.0
app.michaelwuensch.bitbanana_79.apk,humanoid,2,300,27,14,26,26,26.0
app.michaelwuensch.bitbanana_79.apk,humanoid,3,60,27,14,26,26,26.0
app.michaelwuensch.bitbanana_79.apk,humanoid,3,180,24,12,23,23,23.0
app.michaelwuensch.bitbanana_79.apk,humanoid,3,300,27,14,26,26,26.0
app.michaelwuensch.bitbanana_79.apk,ares,1,60,45,14,26,26,26.0
app.michaelwuensch.bitbanana_79.apk,ares,1,180,47,14,26,26,26.0
app.michaelwuensch.bitbanana_79.apk,ares,1,300,47,14,26,26,26.0
app.michaelwuensch.bitbanana_79.apk,ares,2,60,44,14,26,26,26.0
app.michaelwuensch.bitbanana_79.apk,ares,2,180,44,14,26,26,26.0
app.michaelwuensch.bitbanana_79.apk,ares,2,300,44,14,26,26,26.0
app.michaelwuensch.bitbanana_79.apk,ares,3,60,47,14,26,26,26.0
app.michaelwuensch.bitbanana_79.apk,ares,3,180,44,14,26,26,26.0
app.michaelwuensch.bitbanana_79.apk,ares,3,300,47,14,26,26,26.0
app.michaelwuensch.bitbanana_79.apk,fastbot,1,60,27,14,26,26,26.0
app.michaelwuensch.bitbanana_79.apk,fastbot,1,180,27,14,26,26,26.0
app.michaelwuensch.bitbanana_79.apk,fastbot,1,300,37,20,36,36,36.0
app.michaelwuensch.bitbanana_79.apk,fastbot,2,60,27,14,26,26,26.0
app.michaelwuensch.bitbanana_79.apk,fastbot,2,180,24,12,23,23,23.0
app.michaelwuensch.bitbanana_79.apk,fastbot,2,300,27,14,26,26,26.0
app.michaelwuensch.bitbanana_79.apk,fastbot,3,60,27,14,26,26,26.0
app.michaelwuensch.bitbanana_79.apk,fastbot,3,180,18,11,17,17,17.0
app.michaelwuensch.bitbanana_79.apk,fastbot,3,300,24,12,23,23,23.0
app.michaelwuensch.bitbanana_79.apk,qtesting,1,60,0,0,0,0,0
app.michaelwuensch.bitbanana_79.apk,qtesting,1,180,0,0,0,0,0
app.michaelwuensch.bitbanana_79.apk,qtesting,1,300,0,0,0,0,0
app.michaelwuensch.bitbanana_79.apk,qtesting,2,60,0,0,0,0,0
app.michaelwuensch.bitbanana_79.apk,qtesting,2,180,0,0,0,0,0
app.michaelwuensch.bitbanana_79.apk,qtesting,2,300,0,0,0,0,0
app.michaelwuensch.bitbanana_79.apk,qtesting,3,60,0,0,0,0,0
app.michaelwuensch.bitbanana_79.apk,qtesting,3,180,0,0,0,0,0
app.michaelwuensch.bitbanana_79.apk,qtesting,3,300,0,0,0,0,0
co.epitre.aelf_lectures_86.apk,monkey,2,60,12,4,12,12,12.0
co.epitre.aelf_lectures_86.apk,droidbot:dfs_greedy,1,60,12,4,12,12,12.0
co.epitre.aelf_lectures_86.apk,droidbot:dfs_greedy,1,180,12,4,12,12,12.0
co.epitre.aelf_lectures_86.apk,droidbot:dfs_greedy,1,300,12,4,12,12,12.0
co.epitre.aelf_lectures_86.apk,droidbot:dfs_greedy,2,60,12,4,12,12,12.0
co.epitre.aelf_lectures_86.apk,droidbot:dfs_greedy,2,180,12,4,12,12,12.0
co.epitre.aelf_lectures_86.apk,droidbot:dfs_greedy,2,300,12,4,12,12,12.0
co.epitre.aelf_lectures_86.apk,droidbot:dfs_greedy,3,60,12,4,12,12,12.0
co.epitre.aelf_lectures_86.apk,droidbot:dfs_greedy,3,180,12,4,12,12,12.0
co.epitre.aelf_lectures_86.apk,droidbot:dfs_greedy,3,300,12,4,12,12,12.0
co.epitre.aelf_lectures_86.apk,droidbot:bfs_greedy,1,60,24,4,12,12,12.0
co.epitre.aelf_lectures_86.apk,droidbot:bfs_greedy,1,180,24,4,12,12,12.0
co.epitre.aelf_lectures_86.apk,droidbot:bfs_greedy,1,300,84,4,12,12,12.0
co.epitre.aelf_lectures_86.apk,droidbot:bfs_greedy,2,60,12,4,12,12,12.0
co.epitre.aelf_lectures_86.apk,droidbot:bfs_greedy,2,180,48,4,12,12,12.0
co.epitre.aelf_lectures_86.apk,droidbot:bfs_greedy,2,300,60,4,12,12,12.0
co.epitre.aelf_lectures_86.apk,droidbot:bfs_greedy,3,60,24,4,12,12,12.0
co.epitre.aelf_lectures_86.apk,droidbot:bfs_greedy,3,180,60,4,12,12,12.0
co.epitre.aelf_lectures_86.apk,droidbot:bfs_greedy,3,300,84,4,12,12,12.0
co.epitre.aelf_lectures_86.apk,droidbot:dfs_naive,1,60,12,4,12,12,12.0
co.epitre.aelf_lectures_86.apk,droidbot:dfs_naive,1,180,24,4,12,12,12.0
co.epitre.aelf_lectures_86.apk,droidbot:dfs_naive,1,300,24,4,12,12,12.0
co.epitre.aelf_lectures_86.apk,droidbot:dfs_naive,2,60,12,4,12,12,12.0
co.epitre.aelf_lectures_86.apk,droidbot:dfs_naive,2,180,24,4,12,12,12.0
co.epitre.aelf_lectures_86.apk,droidbot:dfs_naive,2,300,24,4,12,12,12.0
co.epitre.aelf_lectures_86.apk,droidbot:dfs_naive,3,60,12,4,12,12,12.0
co.epitre.aelf_lectures_86.apk,droidbot:dfs_naive,3,180,24,4,12,12,12.0
co.epitre.aelf_lectures_86.apk,droidbot:dfs_naive,3,300,36,4,12,12,12.0
co.epitre.aelf_lectures_86.apk,droidbot:bfs_naive,1,60,12,4,12,12,12.0
co.epitre.aelf_lectures_86.apk,droidbot:bfs_naive,1,180,24,4,12,12,12.0
co.epitre.aelf_lectures_86.apk,droidbot:bfs_naive,1,300,36,4,12,12,12.0
co.epitre.aelf_lectures_86.apk,droidbot:bfs_naive,2,60,12,4,12,12,12.0
co.epitre.aelf_lectures_86.apk,droidbot:bfs_naive,2,180,36,4,12,12,12.0
co.epitre.aelf_lectures_86.apk,droidbot:bfs_naive,2,300,24,4,12,12,12.0
co.epitre.aelf_lectures_86.apk,droidbot:bfs_naive,3,60,12,4,12,12,12.0
co.epitre.aelf_lectures_86.apk,droidbot:bfs_naive,3,180,36,4,12,12,12.0
co.epitre.aelf_lectures_86.apk,droidbot:bfs_naive,3,300,48,4,12,12,12.0
co.epitre.aelf_lectures_86.apk,ape,1,60,24,4,12,12,12.0
co.epitre.aelf_lectures_86.apk,ape,1,180,48,4,12,12,12.0
co.epitre.aelf_lectures_86.apk,ape,1,300,24,4,12,12,12.0
co.epitre.aelf_lectures_86.apk,ape,2,60,24,4,12,12,12.0
co.epitre.aelf_lectures_86.apk,ape,2,180,48,4,12,12,12.0
co.epitre.aelf_lectures_86.apk,ape,2,300,60,4,12,12,12.0
co.epitre.aelf_lectures_86.apk,ape,3,60,24,4,12,12,12.0
co.epitre.aelf_lectures_86.apk,ape,3,180,36,4,12,12,12.0
co.epitre.aelf_lectures_86.apk,ape,3,300,96,4,12,12,12.0
co.epitre.aelf_lectures_86.apk,droidmate,1,60,12,4,12,12,12.0
co.epitre.aelf_lectures_86.apk,droidmate,1,180,24,4,12,12,12.0
co.epitre.aelf_lectures_86.apk,droidmate,1,300,24,4,12,12,12.0
co.epitre.aelf_lectures_86.apk,droidmate,2,60,12,4,12,12,12.0
co.epitre.aelf_lectures_86.apk,droidmate,2,180,24,4,12,12,12.0
co.epitre.aelf_lectures_86.apk,droidmate,2,300,36,4,12,12,12.0
co.epitre.aelf_lectures_86.apk,droidmate,3,60,12,4,12,12,12.0
co.epitre.aelf_lectures_86.apk,droidmate,3,180,24,4,12,12,12.0
co.epitre.aelf_lectures_86.apk,droidmate,3,300,24,4,12,12,12.0
co.epitre.aelf_lectures_86.apk,humanoid,1,60,12,4,12,12,12.0
co.epitre.aelf_lectures_86.apk,humanoid,1,180,12,4,12,12,12.0
co.epitre.aelf_lectures_86.apk,humanoid,1,300,12,4,12,12,12.0
co.epitre.aelf_lectures_86.apk,humanoid,2,60,12,4,12,12,12.0
co.epitre.aelf_lectures_86.apk,humanoid,2,180,24,4,12,12,12.0
co.epitre.aelf_lectures_86.apk,humanoid,2,300,12,4,12,12,12.0
co.epitre.aelf_lectures_86.apk,humanoid,3,60,12,4,12,12,12.0
co.epitre.aelf_lectures_86.apk,humanoid,3,180,12,4,12,12,12.0
co.epitre.aelf_lectures_86.apk,humanoid,3,300,24,4,12,12,12.0
co.epitre.aelf_lectures_86.apk,ares,1,60,24,4,12,12,12.0
co.epitre.aelf_lectures_86.apk,ares,1,180,24,4,12,12,12.0
co.epitre.aelf_lectures_86.apk,ares,1,300,36,4,12,12,12.0
co.epitre.aelf_lectures_86.apk,ares,2,60,24,4,12,12,12.0
co.epitre.aelf_lectures_86.apk,ares,2,180,72,4,12,12,12.0
co.epitre.aelf_lectures_86.apk,ares,2,300,24,4,12,12,12.0
co.epitre.aelf_lectures_86.apk,ares,3,60,24,4,12,12,12.0
co.epitre.aelf_lectures_86.apk,ares,3,180,48,4,12,12,12.0
co.epitre.aelf_lectures_86.apk,ares,3,300,36,4,12,12,12.0
co.epitre.aelf_lectures_86.apk,fastbot,1,60,12,4,12,12,12.0
co.epitre.aelf_lectures_86.apk,fastbot,1,180,36,4,12,12,12.0
co.epitre.aelf_lectures_86.apk,fastbot,1,300,24,4,12,12,12.0
co.epitre.aelf_lectures_86.apk,fastbot,2,60,12,4,12,12,12.0
co.epitre.aelf_lectures_86.apk,fastbot,2,180,36,4,12,12,12.0
co.epitre.aelf_lectures_86.apk,fastbot,2,300,36,4,12,12,12.0
co.epitre.aelf_lectures_86.apk,fastbot,3,60,12,4,12,12,12.0
co.epitre.aelf_lectures_86.apk,fastbot,3,180,12,4,12,12,12.0
co.epitre.aelf_lectures_86.apk,fastbot,3,300,24,4,12,12,12.0
co.epitre.aelf_lectures_86.apk,qtesting,1,60,108,4,12,12,12.0
co.epitre.aelf_lectures_86.apk,qtesting,1,180,384,4,12,12,12.0
co.epitre.aelf_lectures_86.apk,qtesting,1,300,660,4,12,12,12.0
co.epitre.aelf_lectures_86.apk,qtesting,2,60,96,4,12,12,12.0
co.epitre.aelf_lectures_86.apk,qtesting,2,180,372,4,12,12,12.0
co.epitre.aelf_lectures_86.apk,qtesting,2,300,648,4,12,12,12.0
co.epitre.aelf_lectures_86.apk,qtesting,3,60,96,4,12,12,12.0
co.epitre.aelf_lectures_86.apk,qtesting,3,180,384,4,12,12,12.0
co.epitre.aelf_lectures_86.apk,qtesting,3,300,652,4,12,12,12.0
com.cointrend_10304.apk,droidbot:dfs_greedy,1,60,24,3,12,12,12.0
com.cointrend_10304.apk,droidbot:dfs_greedy,1,180,12,3,12,12,12.0
com.cointrend_10304.apk,droidbot:dfs_greedy,1,300,12,3,12,12,12.0
com.cointrend_10304.apk,droidbot:dfs_greedy,2,60,12,3,12,12,12.0
com.cointrend_10304.apk,droidbot:dfs_greedy,2,180,12,3,12,12,12.0
com.cointrend_10304.apk,droidbot:dfs_greedy,2,300,12,3,12,12,12.0
com.cointrend_10304.apk,droidbot:dfs_greedy,3,60,12,3,12,12,12.0
com.cointrend_10304.apk,droidbot:dfs_greedy,3,180,12,3,12,12,12.0
com.cointrend_10304.apk,droidbot:dfs_greedy,3,300,12,3,12,12,12.0
com.cointrend_10304.apk,droidbot:bfs_greedy,1,60,12,3,12,12,12.0
com.cointrend_10304.apk,droidbot:bfs_greedy,1,180,24,3,12,12,12.0
com.cointrend_10304.apk,droidbot:bfs_greedy,1,300,12,3,12,12,12.0
com.cointrend_10304.apk,droidbot:bfs_greedy,2,60,12,3,12,12,12.0
com.cointrend_10304.apk,droidbot:bfs_greedy,2,180,12,3,12,12,12.0
com.cointrend_10304.apk,droidbot:bfs_greedy,2,300,24,3,12,12,12.0
com.cointrend_10304.apk,droidbot:bfs_greedy,3,60,12,3,12,12,12.0
com.cointrend_10304.apk,droidbot:bfs_greedy,3,180,12,3,12,12,12.0
com.cointrend_10304.apk,droidbot:bfs_greedy,3,300,12,3,12,12,12.0
com.cointrend_10304.apk,droidbot:dfs_naive,1,60,12,3,12,12,12.0
com.cointrend_10304.apk,droidbot:dfs_naive,1,180,12,3,12,12,12.0
com.cointrend_10304.apk,droidbot:dfs_naive,1,300,12,3,12,12,12.0
com.cointrend_10304.apk,droidbot:dfs_naive,2,60,12,3,12,12,12.0
com.cointrend_10304.apk,droidbot:dfs_naive,2,180,12,3,12,12,12.0
com.cointrend_10304.apk,droidbot:dfs_naive,2,300,24,3,12,12,12.0
com.cointrend_10304.apk,droidbot:dfs_naive,3,60,12,3,12,12,12.0
com.cointrend_10304.apk,droidbot:dfs_naive,3,180,12,3,12,12,12.0
com.cointrend_10304.apk,droidbot:dfs_naive,3,300,12,3,12,12,12.0
com.cointrend_10304.apk,droidbot:bfs_naive,1,60,24,3,12,12,12.0
com.cointrend_10304.apk,droidbot:bfs_naive,1,180,12,3,12,12,12.0
com.cointrend_10304.apk,droidbot:bfs_naive,1,300,12,3,12,12,12.0
com.cointrend_10304.apk,droidbot:bfs_naive,2,60,12,3,12,12,12.0
com.cointrend_10304.apk,droidbot:bfs_naive,2,180,12,3,12,12,12.0
com.cointrend_10304.apk,droidbot:bfs_naive,2,300,24,3,12,12,12.0
com.cointrend_10304.apk,droidbot:bfs_naive,3,60,12,3,12,12,12.0
com.cointrend_10304.apk,droidbot:bfs_naive,3,180,12,3,12,12,12.0
com.cointrend_10304.apk,droidbot:bfs_naive,3,300,24,3,12,12,12.0
com.cointrend_10304.apk,ape,1,60,12,3,12,12,12.0
com.cointrend_10304.apk,ape,1,180,24,3,12,12,12.0
com.cointrend_10304.apk,ape,1,300,24,3,12,12,12.0
com.cointrend_10304.apk,ape,2,60,12,3,12,12,12.0
com.cointrend_10304.apk,ape,2,180,24,3,12,12,12.0
com.cointrend_10304.apk,ape,2,300,24,3,12,12,12.0
com.cointrend_10304.apk,ape,3,60,12,3,12,12,12.0
com.cointrend_10304.apk,ape,3,180,12,3,12,12,12.0
com.cointrend_10304.apk,ape,3,300,24,3,12,12,12.0
com.cointrend_10304.apk,droidmate,1,60,12,3,12,12,12.0
com.cointrend_10304.apk,droidmate,1,180,24,3,12,12,12.0
com.cointrend_10304.apk,droidmate,1,300,12,3,12,12,12.0
com.cointrend_10304.apk,droidmate,2,60,12,3,12,12,12.0
com.cointrend_10304.apk,droidmate,2,180,24,3,12,12,12.0
com.cointrend_10304.apk,droidmate,2,300,36,3,12,12,12.0
com.cointrend_10304.apk,droidmate,3,60,12,3,12,12,12.0
com.cointrend_10304.apk,droidmate,3,180,24,3,12,12,12.0
com.cointrend_10304.apk,droidmate,3,300,31,3,12,12,12.0
com.cointrend_10304.apk,humanoid,1,60,12,3,12,12,12.0
com.cointrend_10304.apk,humanoid,1,180,7,2,7,7,7.0
com.cointrend_10304.apk,humanoid,1,300,12,3,12,12,12.0
com.cointrend_10304.apk,humanoid,2,60,12,3,12,12,12.0
com.cointrend_10304.apk,humanoid,2,180,12,3,12,12,12.0
com.cointrend_10304.apk,humanoid,2,300,12,3,12,12,12.0
com.cointrend_10304.apk,humanoid,3,60,12,3,12,12,12.0
com.cointrend_10304.apk,humanoid,3,180,12,3,12,12,12.0
com.cointrend_10304.apk,humanoid,3,300,12,3,12,12,12.0
com.cointrend_10304.apk,ares,1,60,24,3,12,12,12.0
com.cointrend_10304.apk,ares,1,180,24,3,12,12,12.0
com.cointrend_10304.apk,ares,1,300,24,3,12,12,12.0
com.cointrend_10304.apk,ares,2,60,24,3,12,12,12.0
com.cointrend_10304.apk,ares,2,180,24,3,12,12,12.0
com.cointrend_10304.apk,ares,2,300,24,3,12,12,12.0
com.cointrend_10304.apk,ares,3,60,24,3,12,12,12.0
com.cointrend_10304.apk,ares,3,180,24,3,12,12,12.0
com.cointrend_10304.apk,ares,3,300,24,3,12,12,12.0
com.cointrend_10304.apk,fastbot,1,60,5,1,5,5,5.0
com.cointrend_10304.apk,fastbot,1,180,12,3,12,12,12.0
com.cointrend_10304.apk,fastbot,1,300,24,3,12,12,12.0
com.cointrend_10304.apk,fastbot,2,60,24,3,12,12,12.0
com.cointrend_10304.apk,fastbot,2,180,24,3,12,12,12.0
com.cointrend_10304.apk,fastbot,2,300,24,3,12,12,12.0
com.cointrend_10304.apk,fastbot,3,60,24,3,12,12,12.0
com.cointrend_10304.apk,fastbot,3,180,24,3,12,12,12.0
com.cointrend_10304.apk,fastbot,3,300,24,3,12,12,12.0
app.michaelwuensch.bitbanana_79.apk,monkey,2,180,24,12,23,23,23.0
app.michaelwuensch.bitbanana_79.apk,monkey,3,180,24,12,23,23,23.0
com.cointrend_10304.apk,qtesting,1,60,24,3,12,12,12.0
com.cointrend_10304.apk,qtesting,1,180,55,3,12,12,12.0
com.cointrend_10304.apk,qtesting,1,300,129,3,12,12,12.0
com.cointrend_10304.apk,qtesting,2,60,12,3,12,12,12.0
com.cointrend_10304.apk,qtesting,2,180,67,3,12,12,12.0
com.cointrend_10304.apk,qtesting,2,300,91,3,12,12,12.0
com.cointrend_10304.apk,qtesting,3,60,24,3,12,12,12.0
com.cointrend_10304.apk,qtesting,3,180,77,3,12,12,12.0
com.cointrend_10304.apk,qtesting,3,300,79,3,12,12,12.0
com.etesync.syncadapter_20700.apk,monkey,1,60,0,0,0,0,0
com.etesync.syncadapter_20700.apk,monkey,2,60,26,8,26,26,26.0
com.etesync.syncadapter_20700.apk,monkey,3,60,0,0,0,0,0
com.etesync.syncadapter_20700.apk,droidbot:dfs_greedy,1,60,0,0,0,0,0
com.etesync.syncadapter_20700.apk,droidbot:dfs_greedy,1,180,0,0,0,0,0
com.etesync.syncadapter_20700.apk,droidbot:dfs_greedy,1,300,0,0,0,0,0
com.etesync.syncadapter_20700.apk,droidbot:dfs_greedy,2,60,0,0,0,0,0
com.etesync.syncadapter_20700.apk,droidbot:dfs_greedy,2,180,0,0,0,0,0
com.etesync.syncadapter_20700.apk,droidbot:dfs_greedy,2,300,0,0,0,0,0
com.etesync.syncadapter_20700.apk,droidbot:dfs_greedy,3,60,0,0,0,0,0
com.etesync.syncadapter_20700.apk,droidbot:dfs_greedy,3,180,0,0,0,0,0
com.etesync.syncadapter_20700.apk,droidbot:bfs_greedy,1,60,0,0,0,0,0
com.etesync.syncadapter_20700.apk,droidbot:bfs_greedy,1,180,0,0,0,0,0
com.etesync.syncadapter_20700.apk,droidbot:bfs_greedy,1,300,0,0,0,0,0
com.etesync.syncadapter_20700.apk,droidbot:bfs_greedy,2,60,0,0,0,0,0
com.etesync.syncadapter_20700.apk,droidbot:bfs_greedy,2,180,0,0,0,0,0
com.etesync.syncadapter_20700.apk,droidbot:bfs_greedy,2,300,0,0,0,0,0
com.etesync.syncadapter_20700.apk,droidbot:bfs_greedy,3,60,0,0,0,0,0
com.etesync.syncadapter_20700.apk,droidbot:bfs_greedy,3,180,0,0,0,0,0
com.etesync.syncadapter_20700.apk,droidbot:bfs_greedy,3,300,0,0,0,0,0
com.etesync.syncadapter_20700.apk,droidbot:dfs_naive,1,60,0,0,0,0,0
com.etesync.syncadapter_20700.apk,droidbot:dfs_naive,1,180,0,0,0,0,0
com.etesync.syncadapter_20700.apk,droidbot:dfs_naive,1,300,0,0,0,0,0
com.etesync.syncadapter_20700.apk,droidbot:dfs_naive,2,60,0,0,0,0,0
com.etesync.syncadapter_20700.apk,droidbot:dfs_naive,2,180,0,0,0,0,0
com.etesync.syncadapter_20700.apk,droidbot:dfs_naive,2,300,0,0,0,0,0
com.etesync.syncadapter_20700.apk,droidbot:dfs_naive,3,60,0,0,0,0,0
com.etesync.syncadapter_20700.apk,droidbot:dfs_naive,3,180,0,0,0,0,0
com.etesync.syncadapter_20700.apk,droidbot:dfs_naive,3,300,0,0,0,0,0
com.etesync.syncadapter_20700.apk,droidbot:bfs_naive,1,60,0,0,0,0,0
com.etesync.syncadapter_20700.apk,droidbot:bfs_naive,1,180,0,0,0,0,0
com.etesync.syncadapter_20700.apk,droidbot:bfs_naive,1,300,0,0,0,0,0
com.etesync.syncadapter_20700.apk,droidbot:bfs_naive,2,60,0,0,0,0,0
com.etesync.syncadapter_20700.apk,droidbot:bfs_naive,2,180,0,0,0,0,0
com.etesync.syncadapter_20700.apk,droidbot:bfs_naive,2,300,0,0,0,0,0
com.etesync.syncadapter_20700.apk,droidbot:bfs_naive,3,60,0,0,0,0,0
com.etesync.syncadapter_20700.apk,droidbot:bfs_naive,3,180,0,0,0,0,0
com.etesync.syncadapter_20700.apk,droidbot:bfs_naive,3,300,0,0,0,0,0
com.etesync.syncadapter_20700.apk,ape,1,60,0,0,0,0,0
com.etesync.syncadapter_20700.apk,ape,1,180,0,0,0,0,0
com.etesync.syncadapter_20700.apk,ape,1,300,52,8,26,26,26.0
com.etesync.syncadapter_20700.apk,ape,2,60,0,0,0,0,0
com.etesync.syncadapter_20700.apk,ape,2,180,0,0,0,0,0
com.etesync.syncadapter_20700.apk,ape,2,300,0,0,0,0,0
com.etesync.syncadapter_20700.apk,ape,3,60,0,0,0,0,0
com.etesync.syncadapter_20700.apk,ape,3,180,0,0,0,0,0
com.etesync.syncadapter_20700.apk,ape,3,300,26,8,26,26,26.0
com.etesync.syncadapter_20700.apk,droidmate,1,60,0,0,0,0,0
com.etesync.syncadapter_20700.apk,droidmate,1,180,0,0,0,0,0
com.etesync.syncadapter_20700.apk,droidmate,1,300,0,0,0,0,0
com.etesync.syncadapter_20700.apk,droidmate,2,60,0,0,0,0,0
com.etesync.syncadapter_20700.apk,droidmate,2,180,0,0,0,0,0
com.etesync.syncadapter_20700.apk,droidmate,2,300,0,0,0,0,0
com.etesync.syncadapter_20700.apk,droidmate,3,60,0,0,0,0,0
com.etesync.syncadapter_20700.apk,droidmate,3,180,0,0,0,0,0
com.etesync.syncadapter_20700.apk,droidmate,3,300,0,0,0,0,0
com.etesync.syncadapter_20700.apk,humanoid,1,60,0,0,0,0,0
com.etesync.syncadapter_20700.apk,humanoid,1,180,0,0,0,0,0
com.etesync.syncadapter_20700.apk,humanoid,1,300,0,0,0,0,0
com.etesync.syncadapter_20700.apk,humanoid,2,60,0,0,0,0,0
com.etesync.syncadapter_20700.apk,humanoid,2,180,0,0,0,0,0
com.etesync.syncadapter_20700.apk,humanoid,2,300,0,0,0,0,0
com.etesync.syncadapter_20700.apk,humanoid,3,60,0,0,0,0,0
com.etesync.syncadapter_20700.apk,humanoid,3,180,0,0,0,0,0
com.etesync.syncadapter_20700.apk,humanoid,3,300,0,0,0,0,0
com.etesync.syncadapter_20700.apk,ares,1,60,0,0,0,0,0
com.etesync.syncadapter_20700.apk,ares,1,180,0,0,0,0,0
com.etesync.syncadapter_20700.apk,ares,1,300,0,0,0,0,0
com.etesync.syncadapter_20700.apk,ares,2,60,0,0,0,0,0
com.etesync.syncadapter_20700.apk,ares,2,180,0,0,0,0,0
com.etesync.syncadapter_20700.apk,ares,2,300,0,0,0,0,0
com.etesync.syncadapter_20700.apk,ares,3,60,0,0,0,0,0
com.etesync.syncadapter_20700.apk,ares,3,180,0,0,0,0,0
com.etesync.syncadapter_20700.apk,ares,3,300,0,0,0,0,0
com.etesync.syncadapter_20700.apk,fastbot,1,60,0,0,0,0,0
com.etesync.syncadapter_20700.apk,fastbot,1,180,0,0,0,0,0
com.etesync.syncadapter_20700.apk,fastbot,1,300,0,0,0,0,0
com.etesync.syncadapter_20700.apk,fastbot,2,60,0,0,0,0,0
com.etesync.syncadapter_20700.apk,fastbot,2,180,0,0,0,0,0
com.etesync.syncadapter_20700.apk,fastbot,2,300,0,0,0,0,0
com.etesync.syncadapter_20700.apk,fastbot,3,60,0,0,0,0,0
com.etesync.syncadapter_20700.apk,fastbot,3,180,0,0,0,0,0
com.etesync.syncadapter_20700.apk,fastbot,3,300,0,0,0,0,0
com.etesync.syncadapter_20700.apk,qtesting,1,60,0,0,0,0,0
com.etesync.syncadapter_20700.apk,qtesting,1,180,0,0,0,0,0
app.michaelwuensch.bitbanana_79.apk,monkey,1,180,27,14,26,26,26.0
app.michaelwuensch.bitbanana_79.apk,monkey,3,300,27,14,26,26,26.0
co.epitre.aelf_lectures_86.apk,monkey,1,60,24,4,12,12,12.0
co.epitre.aelf_lectures_86.apk,monkey,1,180,24,4,12,12,12.0
co.epitre.aelf_lectures_86.apk,monkey,1,300,36,4,12,12,12.0
co.epitre.aelf_lectures_86.apk,monkey,2,180,24,4,12,12,12.0
co.epitre.aelf_lectures_86.apk,monkey,2,300,48,4,12,12,12.0
co.epitre.aelf_lectures_86.apk,monkey,3,60,12,4,12,12,12.0
co.epitre.aelf_lectures_86.apk,monkey,3,180,44,4,12,12,12.0
co.epitre.aelf_lectures_86.apk,monkey,3,300,24,4,12,12,12.0
com.cointrend_10304.apk,monkey,1,60,12,3,12,12,12.0
com.cointrend_10304.apk,monkey,1,180,12,3,12,12,12.0
com.cointrend_10304.apk,monkey,1,300,12,3,12,12,12.0
com.cointrend_10304.apk,monkey,2,60,12,3,12,12,12.0
com.cointrend_10304.apk,monkey,2,180,24,3,12,12,12.0
com.cointrend_10304.apk,monkey,2,300,44,3,12,12,12.0
com.cointrend_10304.apk,monkey,3,60,12,3,12,12,12.0
com.cointrend_10304.apk,monkey,3,180,12,3,12,12,12.0
com.cointrend_10304.apk,monkey,3,300,24,3,12,12,12.0
com.etesync.syncadapter_20700.apk,monkey,1,180,0,0,0,0,0
com.etesync.syncadapter_20700.apk,monkey,1,300,26,8,26,26,26.0
com.etesync.syncadapter_20700.apk,monkey,2,180,0,0,0,0,0
com.etesync.syncadapter_20700.apk,monkey,2,300,0,0,0,0,0
com.etesync.syncadapter_20700.apk,monkey,3,180,0,0,0,0,0
com.etesync.syncadapter_20700.apk,monkey,3,300,26,8,26,26,26.0
com.etesync.syncadapter_20700.apk,droidbot:dfs_greedy,3,300,0,0,0,0,0
com.etesync.syncadapter_20700.apk,qtesting,1,300,0,0,0,0,0
com.etesync.syncadapter_20700.apk,qtesting,2,60,0,0,0,0,0
com.etesync.syncadapter_20700.apk,qtesting,2,180,0,0,0,0,0
com.etesync.syncadapter_20700.apk,qtesting,2,300,0,0,0,0,0
com.etesync.syncadapter_20700.apk,qtesting,3,60,0,0,0,0,0
com.etesync.syncadapter_20700.apk,qtesting,3,180,0,0,0,0,0
com.etesync.syncadapter_20700.apk,qtesting,3,300,0,0,0,0,0
com.github.gotify_35.apk,monkey,1,60,0,0,0,0,0
com.github.gotify_35.apk,monkey,1,180,0,0,0,0,0
com.github.gotify_35.apk,monkey,1,300,0,0,0,0,0
com.github.gotify_35.apk,monkey,2,60,0,0,0,0,0
com.github.gotify_35.apk,monkey,2,180,0,0,0,0,0
com.github.gotify_35.apk,monkey,2,300,0,0,0,0,0
com.github.gotify_35.apk,monkey,3,60,0,0,0,0,0
com.github.gotify_35.apk,monkey,3,180,0,0,0,0,0
com.github.gotify_35.apk,monkey,3,300,0,0,0,0,0
com.github.gotify_35.apk,droidbot:dfs_greedy,1,60,0,0,0,0,0
com.github.gotify_35.apk,droidbot:dfs_greedy,1,180,0,0,0,0,0
com.github.gotify_35.apk,droidbot:dfs_greedy,1,300,0,0,0,0,0
com.github.gotify_35.apk,droidbot:dfs_greedy,2,60,0,0,0,0,0
com.github.gotify_35.apk,droidbot:dfs_greedy,2,180,0,0,0,0,0
com.github.gotify_35.apk,droidbot:dfs_greedy,2,300,0,0,0,0,0
com.github.gotify_35.apk,droidbot:dfs_greedy,3,60,0,0,0,0,0
com.github.gotify_35.apk,droidbot:dfs_greedy,3,180,0,0,0,0,0
com.github.gotify_35.apk,droidbot:dfs_greedy,3,300,0,0,0,0,0
com.github.gotify_35.apk,droidbot:bfs_greedy,1,60,0,0,0,0,0
com.github.gotify_35.apk,droidbot:bfs_greedy,1,180,0,0,0,0,0
com.github.gotify_35.apk,droidbot:bfs_greedy,1,300,0,0,0,0,0
com.github.gotify_35.apk,droidbot:bfs_greedy,2,60,0,0,0,0,0
com.github.gotify_35.apk,droidbot:bfs_greedy,2,180,0,0,0,0,0
com.github.gotify_35.apk,droidbot:bfs_greedy,2,300,0,0,0,0,0
com.github.gotify_35.apk,droidbot:bfs_greedy,3,60,0,0,0,0,0
com.github.gotify_35.apk,droidbot:bfs_greedy,3,180,0,0,0,0,0
com.github.gotify_35.apk,droidbot:bfs_greedy,3,300,0,0,0,0,0
com.github.gotify_35.apk,droidbot:dfs_naive,1,60,0,0,0,0,0
com.github.gotify_35.apk,droidbot:dfs_naive,1,180,0,0,0,0,0
com.github.gotify_35.apk,droidbot:dfs_naive,1,300,0,0,0,0,0
com.github.gotify_35.apk,droidbot:dfs_naive,2,60,0,0,0,0,0
com.github.gotify_35.apk,droidbot:dfs_naive,2,180,0,0,0,0,0
com.github.gotify_35.apk,droidbot:dfs_naive,2,300,0,0,0,0,0
com.github.gotify_35.apk,droidbot:dfs_naive,3,60,0,0,0,0,0
com.github.gotify_35.apk,droidbot:dfs_naive,3,180,0,0,0,0,0
com.github.gotify_35.apk,droidbot:dfs_naive,3,300,0,0,0,0,0
com.github.gotify_35.apk,droidbot:bfs_naive,1,60,0,0,0,0,0
com.github.gotify_35.apk,droidbot:bfs_naive,1,180,0,0,0,0,0
com.github.gotify_35.apk,droidbot:bfs_naive,1,300,0,0,0,0,0
com.github.gotify_35.apk,droidbot:bfs_naive,2,60,0,0,0,0,0
com.github.gotify_35.apk,droidbot:bfs_naive,2,180,0,0,0,0,0
com.github.gotify_35.apk,droidbot:bfs_naive,2,300,0,0,0,0,0
com.github.gotify_35.apk,droidbot:bfs_naive,3,60,0,0,0,0,0
com.github.gotify_35.apk,droidbot:bfs_naive,3,180,0,0,0,0,0
com.github.gotify_35.apk,droidbot:bfs_naive,3,300,0,0,0,0,0
com.github.gotify_35.apk,ape,1,60,0,0,0,0,0
com.github.gotify_35.apk,ape,1,180,0,0,0,0,0
com.github.gotify_35.apk,ape,1,300,0,0,0,0,0
com.github.gotify_35.apk,ape,2,60,0,0,0,0,0
com.github.gotify_35.apk,ape,2,180,0,0,0,0,0
com.github.gotify_35.apk,ape,2,300,0,0,0,0,0
com.github.gotify_35.apk,ape,3,60,0,0,0,0,0
com.github.gotify_35.apk,ape,3,180,0,0,0,0,0
com.github.gotify_35.apk,ape,3,300,0,0,0,0,0
com.github.gotify_35.apk,droidmate,1,60,0,0,0,0,0
com.github.gotify_35.apk,droidmate,1,180,0,0,0,0,0
com.github.gotify_35.apk,droidmate,1,300,0,0,0,0,0
com.github.gotify_35.apk,droidmate,2,60,0,0,0,0,0
com.github.gotify_35.apk,droidmate,2,180,0,0,0,0,0
com.github.gotify_35.apk,droidmate,2,300,0,0,0,0,0
com.github.gotify_35.apk,droidmate,3,60,0,0,0,0,0
com.github.gotify_35.apk,droidmate,3,180,0,0,0,0,0
com.github.gotify_35.apk,droidmate,3,300,0,0,0,0,0
com.github.gotify_35.apk,humanoid,1,60,0,0,0,0,0
com.github.gotify_35.apk,humanoid,1,180,0,0,0,0,0
com.github.gotify_35.apk,humanoid,1,300,0,0,0,0,0
com.github.gotify_35.apk,humanoid,2,60,0,0,0,0,0
com.github.gotify_35.apk,humanoid,2,180,0,0,0,0,0
com.github.gotify_35.apk,humanoid,2,300,0,0,0,0,0
com.github.gotify_35.apk,humanoid,3,60,0,0,0,0,0
com.github.gotify_35.apk,humanoid,3,180,0,0,0,0,0
com.github.gotify_35.apk,humanoid,3,300,0,0,0,0,0
com.github.gotify_35.apk,ares,1,60,0,0,0,0,0
com.github.gotify_35.apk,ares,1,180,0,0,0,0,0
com.github.gotify_35.apk,ares,1,300,0,0,0,0,0
com.github.gotify_35.apk,ares,2,60,0,0,0,0,0
com.github.gotify_35.apk,ares,2,180,0,0,0,0,0
com.github.gotify_35.apk,ares,2,300,0,0,0,0,0
com.github.gotify_35.apk,ares,3,60,0,0,0,0,0
com.github.gotify_35.apk,ares,3,180,0,0,0,0,0
com.github.gotify_35.apk,ares,3,300,0,0,0,0,0
com.github.gotify_35.apk,fastbot,1,180,0,0,0,0,0
com.github.gotify_35.apk,fastbot,1,300,0,0,0,0,0
com.github.gotify_35.apk,fastbot,2,60,0,0,0,0,0
com.github.gotify_35.apk,fastbot,2,180,0,0,0,0,0
com.github.gotify_35.apk,fastbot,2,300,0,0,0,0,0
com.github.gotify_35.apk,fastbot,3,60,0,0,0,0,0
com.github.gotify_35.apk,fastbot,3,180,0,0,0,0,0
com.github.gotify_35.apk,fastbot,3,300,0,0,0,0,0
com.github.gotify_35.apk,qtesting,1,60,0,0,0,0,0
com.github.gotify_35.apk,qtesting,1,180,0,0,0,0,0
com.github.gotify_35.apk,qtesting,1,300,0,0,0,0,0
com.github.gotify_35.apk,qtesting,2,60,0,0,0,0,0
com.github.gotify_35.apk,qtesting,2,180,0,0,0,0,0
com.github.gotify_35.apk,qtesting,2,300,0,0,0,0,0
com.github.gotify_35.apk,qtesting,3,60,0,0,0,0,0
com.github.gotify_35.apk,qtesting,3,180,0,0,0,0,0
com.github.gotify_35.apk,qtesting,3,300,0,0,0,0,0
com.kwasow.musekit_1721768604.apk,monkey,1,60,0,0,0,0,0
com.kwasow.musekit_1721768604.apk,monkey,1,180,0,0,0,0,0
com.kwasow.musekit_1721768604.apk,monkey,1,300,0,0,0,0,0
com.kwasow.musekit_1721768604.apk,monkey,2,60,0,0,0,0,0
com.kwasow.musekit_1721768604.apk,monkey,2,180,0,0,0,0,0
com.kwasow.musekit_1721768604.apk,monkey,2,300,0,0,0,0,0
com.kwasow.musekit_1721768604.apk,monkey,3,60,0,0,0,0,0
com.kwasow.musekit_1721768604.apk,monkey,3,180,0,0,0,0,0
com.kwasow.musekit_1721768604.apk,monkey,3,300,0,0,0,0,0
com.kwasow.musekit_1721768604.apk,droidbot:dfs_greedy,1,60,0,0,0,0,0
com.kwasow.musekit_1721768604.apk,droidbot:dfs_greedy,1,180,0,0,0,0,0
com.kwasow.musekit_1721768604.apk,droidbot:dfs_greedy,1,300,0,0,0,0,0
com.kwasow.musekit_1721768604.apk,droidbot:dfs_greedy,2,60,0,0,0,0,0
com.kwasow.musekit_1721768604.apk,droidbot:dfs_greedy,2,180,0,0,0,0,0
com.kwasow.musekit_1721768604.apk,droidbot:dfs_greedy,2,300,0,0,0,0,0
com.kwasow.musekit_1721768604.apk,droidbot:dfs_greedy,3,60,0,0,0,0,0
com.kwasow.musekit_1721768604.apk,droidbot:dfs_greedy,3,180,0,0,0,0,0
com.kwasow.musekit_1721768604.apk,droidbot:dfs_greedy,3,300,0,0,0,0,0
com.kwasow.musekit_1721768604.apk,droidbot:bfs_greedy,1,60,0,0,0,0,0
com.kwasow.musekit_1721768604.apk,droidbot:bfs_greedy,1,180,0,0,0,0,0
com.kwasow.musekit_1721768604.apk,droidbot:bfs_greedy,1,300,0,0,0,0,0
com.kwasow.musekit_1721768604.apk,droidbot:bfs_greedy,2,60,0,0,0,0,0
com.kwasow.musekit_1721768604.apk,droidbot:bfs_greedy,2,180,0,0,0,0,0
com.kwasow.musekit_1721768604.apk,droidbot:bfs_greedy,2,300,0,0,0,0,0
com.kwasow.musekit_1721768604.apk,droidbot:bfs_greedy,3,60,0,0,0,0,0
com.kwasow.musekit_1721768604.apk,droidbot:bfs_greedy,3,180,0,0,0,0,0
com.kwasow.musekit_1721768604.apk,droidbot:bfs_greedy,3,300,0,0,0,0,0
com.kwasow.musekit_1721768604.apk,droidbot:dfs_naive,1,60,0,0,0,0,0
com.kwasow.musekit_1721768604.apk,droidbot:dfs_naive,1,180,0,0,0,0,0
com.kwasow.musekit_1721768604.apk,droidbot:dfs_naive,1,300,0,0,0,0,0
com.kwasow.musekit_1721768604.apk,droidbot:dfs_naive,2,60,0,0,0,0,0
com.kwasow.musekit_1721768604.apk,droidbot:dfs_naive,2,180,0,0,0,0,0
com.kwasow.musekit_1721768604.apk,droidbot:dfs_naive,2,300,0,0,0,0,0
com.kwasow.musekit_1721768604.apk,droidbot:dfs_naive,3,60,0,0,0,0,0
com.kwasow.musekit_1721768604.apk,droidbot:dfs_naive,3,180,0,0,0,0,0
com.kwasow.musekit_1721768604.apk,droidbot:dfs_naive,3,300,0,0,0,0,0
com.kwasow.musekit_1721768604.apk,droidbot:bfs_naive,1,60,0,0,0,0,0
com.kwasow.musekit_1721768604.apk,droidbot:bfs_naive,1,180,0,0,0,0,0
com.kwasow.musekit_1721768604.apk,droidbot:bfs_naive,1,300,0,0,0,0,0
com.kwasow.musekit_1721768604.apk,droidbot:bfs_naive,2,60,0,0,0,0,0
com.kwasow.musekit_1721768604.apk,droidbot:bfs_naive,2,180,0,0,0,0,0
com.kwasow.musekit_1721768604.apk,droidbot:bfs_naive,2,300,0,0,0,0,0
com.kwasow.musekit_1721768604.apk,droidbot:bfs_naive,3,60,0,0,0,0,0
com.kwasow.musekit_1721768604.apk,droidbot:bfs_naive,3,180,0,0,0,0,0
com.kwasow.musekit_1721768604.apk,droidbot:bfs_naive,3,300,0,0,0,0,0
com.kwasow.musekit_1721768604.apk,ape,1,60,0,0,0,0,0
com.kwasow.musekit_1721768604.apk,ape,1,180,0,0,0,0,0
com.kwasow.musekit_1721768604.apk,ape,1,300,0,0,0,0,0
com.kwasow.musekit_1721768604.apk,ape,2,60,0,0,0,0,0
com.kwasow.musekit_1721768604.apk,ape,2,180,0,0,0,0,0
com.kwasow.musekit_1721768604.apk,ape,2,300,0,0,0,0,0
com.kwasow.musekit_1721768604.apk,ape,3,60,0,0,0,0,0
com.kwasow.musekit_1721768604.apk,ape,3,180,0,0,0,0,0
com.kwasow.musekit_1721768604.apk,ape,3,300,0,0,0,0,0
com.kwasow.musekit_1721768604.apk,droidmate,1,60,0,0,0,0,0
com.kwasow.musekit_1721768604.apk,droidmate,1,180,0,0,0,0,0
com.kwasow.musekit_1721768604.apk,droidmate,1,300,0,0,0,0,0
com.kwasow.musekit_1721768604.apk,droidmate,2,60,0,0,0,0,0
com.kwasow.musekit_1721768604.apk,droidmate,2,180,0,0,0,0,0
com.kwasow.musekit_1721768604.apk,droidmate,2,300,0,0,0,0,0
com.kwasow.musekit_1721768604.apk,droidmate,3,60,0,0,0,0,0
com.kwasow.musekit_1721768604.apk,droidmate,3,180,0,0,0,0,0
com.kwasow.musekit_1721768604.apk,droidmate,3,300,0,0,0,0,0
com.kwasow.musekit_1721768604.apk,humanoid,1,60,0,0,0,0,0
com.kwasow.musekit_1721768604.apk,humanoid,1,180,0,0,0,0,0
com.kwasow.musekit_1721768604.apk,humanoid,1,300,0,0,0,0,0
com.kwasow.musekit_1721768604.apk,humanoid,2,60,0,0,0,0,0
com.kwasow.musekit_1721768604.apk,humanoid,2,180,0,0,0,0,0
com.kwasow.musekit_1721768604.apk,humanoid,2,300,0,0,0,0,0
com.kwasow.musekit_1721768604.apk,humanoid,3,60,0,0,0,0,0
com.kwasow.musekit_1721768604.apk,humanoid,3,180,0,0,0,0,0
com.kwasow.musekit_1721768604.apk,humanoid,3,300,0,0,0,0,0
com.kwasow.musekit_1721768604.apk,ares,1,60,0,0,0,0,0
com.kwasow.musekit_1721768604.apk,ares,1,180,0,0,0,0,0
com.kwasow.musekit_1721768604.apk,ares,1,300,0,0,0,0,0
com.kwasow.musekit_1721768604.apk,ares,2,60,0,0,0,0,0
com.kwasow.musekit_1721768604.apk,ares,2,180,0,0,0,0,0
com.kwasow.musekit_1721768604.apk,ares,2,300,0,0,0,0,0
com.kwasow.musekit_1721768604.apk,ares,3,60,0,0,0,0,0
com.kwasow.musekit_1721768604.apk,ares,3,180,0,0,0,0,0
com.kwasow.musekit_1721768604.apk,ares,3,300,0,0,0,0,0
com.kwasow.musekit_1721768604.apk,fastbot,1,60,0,0,0,0,0
com.kwasow.musekit_1721768604.apk,fastbot,1,180,0,0,0,0,0
com.kwasow.musekit_1721768604.apk,fastbot,1,300,0,0,0,0,0
com.kwasow.musekit_1721768604.apk,fastbot,2,60,0,0,0,0,0
com.kwasow.musekit_1721768604.apk,fastbot,2,180,0,0,0,0,0
com.kwasow.musekit_1721768604.apk,fastbot,2,300,0,0,0,0,0
com.kwasow.musekit_1721768604.apk,fastbot,3,60,0,0,0,0,0
com.kwasow.musekit_1721768604.apk,fastbot,3,180,0,0,0,0,0
com.kwasow.musekit_1721768604.apk,fastbot,3,300,0,0,0,0,0
com.kwasow.musekit_1721768604.apk,qtesting,1,60,0,0,0,0,0
com.kwasow.musekit_1721768604.apk,qtesting,1,180,0,0,0,0,0
com.kwasow.musekit_1721768604.apk,qtesting,1,300,0,0,0,0,0
com.kwasow.musekit_1721768604.apk,qtesting,2,60,0,0,0,0,0
com.kwasow.musekit_1721768604.apk,qtesting,2,180,0,0,0,0,0
com.kwasow.musekit_1721768604.apk,qtesting,2,300,0,0,0,0,0
com.kwasow.musekit_1721768604.apk,qtesting,3,60,0,0,0,0,0
com.kwasow.musekit_1721768604.apk,qtesting,3,180,0,0,0,0,0
com.kwasow.musekit_1721768604.apk,qtesting,3,300,0,0,0,0,0
com.nononsenseapps.feeder.play_4025.apk,monkey,1,60,9,3,9,9,9.0
com.nononsenseapps.feeder.play_4025.apk,monkey,1,180,9,3,9,9,9.0
com.nononsenseapps.feeder.play_4025.apk,monkey,1,300,9,3,9,9,9.0
com.nononsenseapps.feeder.play_4025.apk,monkey,2,60,9,3,9,9,9.0
com.nononsenseapps.feeder.play_4025.apk,monkey,2,180,9,3,9,9,9.0
com.nononsenseapps.feeder.play_4025.apk,monkey,2,300,9,3,9,9,9.0
com.nononsenseapps.feeder.play_4025.apk,monkey,3,60,9,3,9,9,9.0
com.nononsenseapps.feeder.play_4025.apk,monkey,3,180,4,2,4,4,4.0
com.nononsenseapps.feeder.play_4025.apk,monkey,3,300,1,1,1,1,1.0
com.nononsenseapps.feeder.play_4025.apk,droidbot:dfs_greedy,1,60,9,3,9,9,9.0
com.nononsenseapps.feeder.play_4025.apk,droidbot:dfs_greedy,1,180,9,3,9,9,9.0
com.nononsenseapps.feeder.play_4025.apk,droidbot:dfs_greedy,1,300,9,3,9,9,9.0
com.nononsenseapps.feeder.play_4025.apk,droidbot:dfs_greedy,2,60,9,3,9,9,9.0
com.nononsenseapps.feeder.play_4025.apk,droidbot:dfs_greedy,2,180,9,3,9,9,9.0
com.nononsenseapps.feeder.play_4025.apk,droidbot:dfs_greedy,2,300,9,3,9,9,9.0
com.nononsenseapps.feeder.play_4025.apk,droidbot:dfs_greedy,3,180,9,3,9,9,9.0
com.nononsenseapps.feeder.play_4025.apk,droidbot:dfs_greedy,3,300,9,3,9,9,9.0
com.nononsenseapps.feeder.play_4025.apk,droidbot:bfs_greedy,1,60,9,3,9,9,9.0
com.nononsenseapps.feeder.play_4025.apk,droidbot:bfs_greedy,1,180,9,3,9,9,9.0
com.nononsenseapps.feeder.play_4025.apk,droidbot:bfs_greedy,1,300,9,3,9,9,9.0
com.nononsenseapps.feeder.play_4025.apk,droidbot:bfs_greedy,2,60,9,3,9,9,9.0
com.nononsenseapps.feeder.play_4025.apk,droidbot:bfs_greedy,2,180,9,3,9,9,9.0
com.nononsenseapps.feeder.play_4025.apk,droidbot:bfs_greedy,2,300,9,3,9,9,9.0
com.nononsenseapps.feeder.play_4025.apk,droidbot:bfs_greedy,3,60,9,3,9,9,9.0
com.nononsenseapps.feeder.play_4025.apk,droidbot:bfs_greedy,3,180,9,3,9,9,9.0
com.nononsenseapps.feeder.play_4025.apk,droidbot:bfs_greedy,3,300,9,3,9,9,9.0
com.nononsenseapps.feeder.play_4025.apk,droidbot:dfs_naive,1,60,9,3,9,9,9.0
com.nononsenseapps.feeder.play_4025.apk,droidbot:dfs_naive,1,180,9,3,9,9,9.0
com.nononsenseapps.feeder.play_4025.apk,droidbot:dfs_naive,1,300,9,3,9,9,9.0
com.nononsenseapps.feeder.play_4025.apk,droidbot:dfs_naive,2,60,9,3,9,9,9.0
com.nononsenseapps.feeder.play_4025.apk,droidbot:dfs_naive,2,180,9,3,9,9,9.0
com.nononsenseapps.feeder.play_4025.apk,droidbot:dfs_naive,2,300,9,3,9,9,9.0
com.nononsenseapps.feeder.play_4025.apk,droidbot:dfs_naive,3,60,9,3,9,9,9.0
com.nononsenseapps.feeder.play_4025.apk,droidbot:dfs_naive,3,180,9,3,9,9,9.0
com.nononsenseapps.feeder.play_4025.apk,droidbot:dfs_naive,3,300,9,3,9,9,9.0
com.nononsenseapps.feeder.play_4025.apk,droidbot:bfs_naive,1,60,9,3,9,9,9.0
com.nononsenseapps.feeder.play_4025.apk,droidbot:bfs_naive,1,180,9,3,9,9,9.0
com.nononsenseapps.feeder.play_4025.apk,droidbot:bfs_naive,1,300,9,3,9,9,9.0
com.nononsenseapps.feeder.play_4025.apk,droidbot:bfs_naive,2,60,9,3,9,9,9.0
com.nononsenseapps.feeder.play_4025.apk,droidbot:bfs_naive,2,180,9,3,9,9,9.0
com.nononsenseapps.feeder.play_4025.apk,droidbot:bfs_naive,2,300,9,3,9,9,9.0
com.nononsenseapps.feeder.play_4025.apk,droidbot:bfs_naive,3,60,9,3,9,9,9.0
com.nononsenseapps.feeder.play_4025.apk,droidbot:bfs_naive,3,180,9,3,9,9,9.0
com.nononsenseapps.feeder.play_4025.apk,droidbot:bfs_naive,3,300,9,3,9,9,9.0
com.nononsenseapps.feeder.play_4025.apk,ape,1,60,9,3,9,9,9.0
com.nononsenseapps.feeder.play_4025.apk,ape,1,180,12,3,9,9,9.0
com.nononsenseapps.feeder.play_4025.apk,ape,1,300,28,8,15,15,15.0
com.nononsenseapps.feeder.play_4025.apk,ape,2,60,9,3,9,9,9.0
com.nononsenseapps.feeder.play_4025.apk,ape,2,180,4,2,4,4,4.0
com.nononsenseapps.feeder.play_4025.apk,ape,2,300,12,3,9,9,9.0
com.nononsenseapps.feeder.play_4025.apk,ape,3,60,9,3,9,9,9.0
com.nononsenseapps.feeder.play_4025.apk,ape,3,180,9,3,9,9,9.0
com.nononsenseapps.feeder.play_4025.apk,ape,3,300,9,3,9,9,9.0
com.nononsenseapps.feeder.play_4025.apk,droidmate,1,60,9,3,9,9,9.0
com.nononsenseapps.feeder.play_4025.apk,droidmate,1,180,9,3,9,9,9.0
com.nononsenseapps.feeder.play_4025.apk,droidmate,1,300,18,3,9,9,9.0
com.nononsenseapps.feeder.play_4025.apk,droidmate,2,60,9,3,9,9,9.0
com.github.gotify_35.apk,fastbot,1,60,0,0,0,0,0
com.nononsenseapps.feeder.play_4025.apk,droidbot:dfs_greedy,3,60,9,3,9,9,9.0
com.nononsenseapps.feeder.play_4025.apk,droidmate,2,180,9,3,9,9,9.0
com.nononsenseapps.feeder.play_4025.apk,droidmate,2,300,18,3,9,9,9.0
com.nononsenseapps.feeder.play_4025.apk,droidmate,3,60,9,3,9,9,9.0
com.nononsenseapps.feeder.play_4025.apk,droidmate,3,180,9,3,9,9,9.0
com.nononsenseapps.feeder.play_4025.apk,droidmate,3,300,18,3,9,9,9.0
com.nononsenseapps.feeder.play_4025.apk,humanoid,1,60,9,3,9,9,9.0
com.nononsenseapps.feeder.play_4025.apk,humanoid,1,180,9,3,9,9,9.0
com.nononsenseapps.feeder.play_4025.apk,humanoid,1,300,9,3,9,9,9.0
com.nononsenseapps.feeder.play_4025.apk,humanoid,2,60,9,3,9,9,9.0
com.nononsenseapps.feeder.play_4025.apk,humanoid,2,180,9,3,9,9,9.0
com.nononsenseapps.feeder.play_4025.apk,humanoid,2,300,9,3,9,9,9.0
com.nononsenseapps.feeder.play_4025.apk,humanoid,3,60,9,3,9,9,9.0
com.nononsenseapps.feeder.play_4025.apk,humanoid,3,180,9,3,9,9,9.0
com.nononsenseapps.feeder.play_4025.apk,humanoid,3,300,9,3,9,9,9.0
com.nononsenseapps.feeder.play_4025.apk,ares,1,60,9,3,9,9,9.0
com.nononsenseapps.feeder.play_4025.apk,ares,1,180,18,3,9,9,9.0
com.nononsenseapps.feeder.play_4025.apk,ares,1,300,18,3,9,9,9.0
com.nononsenseapps.feeder.play_4025.apk,ares,2,60,9,3,9,9,9.0
com.nononsenseapps.feeder.play_4025.apk,ares,2,300,18,3,9,9,9.0
com.nononsenseapps.feeder.play_4025.apk,ares,3,60,9,3,9,9,9.0
com.nononsenseapps.feeder.play_4025.apk,ares,3,180,18,3,9,9,9.0
com.nononsenseapps.feeder.play_4025.apk,ares,3,300,18,3,9,9,9.0
com.nononsenseapps.feeder.play_4025.apk,fastbot,1,60,9,3,9,9,9.0
com.nononsenseapps.feeder.play_4025.apk,fastbot,1,180,9,3,9,9,9.0
com.nononsenseapps.feeder.play_4025.apk,fastbot,1,300,9,3,9,9,9.0
com.nononsenseapps.feeder.play_4025.apk,fastbot,2,60,9,3,9,9,9.0
com.nononsenseapps.feeder.play_4025.apk,fastbot,2,180,9,3,9,9,9.0
com.nononsenseapps.feeder.play_4025.apk,fastbot,2,300,9,3,9,9,9.0
com.nononsenseapps.feeder.play_4025.apk,fastbot,3,60,9,3,9,9,9.0
com.nononsenseapps.feeder.play_4025.apk,fastbot,3,180,9,3,9,9,9.0
com.nononsenseapps.feeder.play_4025.apk,fastbot,3,300,9,3,9,9,9.0
com.nononsenseapps.feeder.play_4025.apk,qtesting,1,60,9,3,9,9,9.0
com.nononsenseapps.feeder.play_4025.apk,qtesting,1,180,9,3,9,9,9.0
com.nononsenseapps.feeder.play_4025.apk,qtesting,1,300,44,3,9,9,9.0
com.nononsenseapps.feeder.play_4025.apk,qtesting,2,60,12,3,9,9,9.0
com.nononsenseapps.feeder.play_4025.apk,qtesting,2,180,37,3,9,9,9.0
com.nononsenseapps.feeder.play_4025.apk,qtesting,2,300,44,3,9,9,9.0
com.nononsenseapps.feeder.play_4025.apk,qtesting,3,60,17,3,9,9,9.0
com.nononsenseapps.feeder.play_4025.apk,qtesting,3,180,24,3,9,9,9.0
com.nononsenseapps.feeder.play_4025.apk,qtesting,3,300,9,3,9,9,9.0
com.serwylo.beatgame_35.apk,monkey,1,60,0,0,0,0,0
com.serwylo.beatgame_35.apk,monkey,1,180,0,0,0,0,0
com.serwylo.beatgame_35.apk,monkey,1,300,28,15,22,22,22.0
com.serwylo.beatgame_35.apk,monkey,2,60,0,0,0,0,0
com.serwylo.beatgame_35.apk,monkey,2,180,0,0,0,0,0
com.serwylo.beatgame_35.apk,monkey,2,300,0,0,0,0,0
com.serwylo.beatgame_35.apk,monkey,3,60,0,0,0,0,0
com.serwylo.beatgame_35.apk,monkey,3,180,0,0,0,0,0
com.serwylo.beatgame_35.apk,monkey,3,300,28,15,22,22,22.0
com.serwylo.beatgame_35.apk,droidbot:dfs_greedy,1,60,0,0,0,0,0
com.serwylo.beatgame_35.apk,droidbot:dfs_greedy,1,180,0,0,0,0,0
com.serwylo.beatgame_35.apk,droidbot:dfs_greedy,1,300,0,0,0,0,0
com.serwylo.beatgame_35.apk,droidbot:dfs_greedy,2,60,0,0,0,0,0
com.serwylo.beatgame_35.apk,droidbot:dfs_greedy,2,180,0,0,0,0,0
com.serwylo.beatgame_35.apk,droidbot:dfs_greedy,2,300,0,0,0,0,0
com.serwylo.beatgame_35.apk,droidbot:dfs_greedy,3,60,0,0,0,0,0
com.serwylo.beatgame_35.apk,droidbot:dfs_greedy,3,180,0,0,0,0,0
com.serwylo.beatgame_35.apk,droidbot:dfs_greedy,3,300,0,0,0,0,0
com.serwylo.beatgame_35.apk,droidbot:bfs_greedy,1,180,0,0,0,0,0
com.serwylo.beatgame_35.apk,droidbot:bfs_greedy,1,300,0,0,0,0,0
com.serwylo.beatgame_35.apk,droidbot:bfs_greedy,2,60,0,0,0,0,0
com.serwylo.beatgame_35.apk,droidbot:bfs_greedy,2,180,0,0,0,0,0
com.serwylo.beatgame_35.apk,droidbot:bfs_greedy,2,300,0,0,0,0,0
com.serwylo.beatgame_35.apk,droidbot:bfs_greedy,3,60,0,0,0,0,0
com.serwylo.beatgame_35.apk,droidbot:bfs_greedy,3,180,0,0,0,0,0
com.serwylo.beatgame_35.apk,droidbot:bfs_greedy,3,300,0,0,0,0,0
com.serwylo.beatgame_35.apk,droidbot:dfs_naive,1,60,0,0,0,0,0
com.serwylo.beatgame_35.apk,droidbot:dfs_naive,1,180,0,0,0,0,0
com.serwylo.beatgame_35.apk,droidbot:dfs_naive,1,300,0,0,0,0,0
com.serwylo.beatgame_35.apk,droidbot:dfs_naive,2,60,0,0,0,0,0
com.serwylo.beatgame_35.apk,droidbot:dfs_naive,2,180,0,0,0,0,0
com.serwylo.beatgame_35.apk,droidbot:dfs_naive,2,300,0,0,0,0,0
com.serwylo.beatgame_35.apk,droidbot:dfs_naive,3,60,0,0,0,0,0
com.serwylo.beatgame_35.apk,droidbot:dfs_naive,3,180,0,0,0,0,0
com.serwylo.beatgame_35.apk,droidbot:dfs_naive,3,300,0,0,0,0,0
com.serwylo.beatgame_35.apk,droidbot:bfs_naive,1,60,0,0,0,0,0
com.serwylo.beatgame_35.apk,droidbot:bfs_naive,1,180,0,0,0,0,0
com.serwylo.beatgame_35.apk,droidbot:bfs_naive,1,300,0,0,0,0,0
com.serwylo.beatgame_35.apk,droidbot:bfs_naive,2,60,0,0,0,0,0
com.serwylo.beatgame_35.apk,droidbot:bfs_naive,2,180,0,0,0,0,0
com.serwylo.beatgame_35.apk,droidbot:bfs_naive,2,300,0,0,0,0,0
com.serwylo.beatgame_35.apk,droidbot:bfs_naive,3,60,0,0,0,0,0
com.serwylo.beatgame_35.apk,droidbot:bfs_naive,3,180,0,0,0,0,0
com.serwylo.beatgame_35.apk,droidbot:bfs_naive,3,300,0,0,0,0,0
com.serwylo.beatgame_35.apk,ape,1,60,0,0,0,0,0
com.serwylo.beatgame_35.apk,ape,1,180,0,0,0,0,0
com.serwylo.beatgame_35.apk,ape,1,300,0,0,0,0,0
com.serwylo.beatgame_35.apk,ape,2,60,0,0,0,0,0
com.serwylo.beatgame_35.apk,ape,2,180,0,0,0,0,0
com.serwylo.beatgame_35.apk,ape,2,300,0,0,0,0,0
com.serwylo.beatgame_35.apk,ape,3,60,0,0,0,0,0
com.serwylo.beatgame_35.apk,ape,3,180,0,0,0,0,0
com.serwylo.beatgame_35.apk,ape,3,300,0,0,0,0,0
com.serwylo.beatgame_35.apk,droidmate,1,60,0,0,0,0,0
com.serwylo.beatgame_35.apk,droidmate,1,180,0,0,0,0,0
com.serwylo.beatgame_35.apk,droidmate,1,300,0,0,0,0,0
com.serwylo.beatgame_35.apk,droidmate,2,60,0,0,0,0,0
com.serwylo.beatgame_35.apk,droidmate,2,180,0,0,0,0,0
com.serwylo.beatgame_35.apk,droidmate,2,300,0,0,0,0,0
com.serwylo.beatgame_35.apk,droidmate,3,60,0,0,0,0,0
com.serwylo.beatgame_35.apk,droidmate,3,180,0,0,0,0,0
com.serwylo.beatgame_35.apk,droidmate,3,300,0,0,0,0,0
com.serwylo.beatgame_35.apk,humanoid,1,60,0,0,0,0,0
com.serwylo.beatgame_35.apk,humanoid,1,180,0,0,0,0,0
com.serwylo.beatgame_35.apk,humanoid,1,300,0,0,0,0,0
com.serwylo.beatgame_35.apk,humanoid,2,60,0,0,0,0,0
com.serwylo.beatgame_35.apk,humanoid,2,180,0,0,0,0,0
com.serwylo.beatgame_35.apk,humanoid,2,300,0,0,0,0,0
com.serwylo.beatgame_35.apk,humanoid,3,60,0,0,0,0,0
com.serwylo.beatgame_35.apk,humanoid,3,180,0,0,0,0,0
com.serwylo.beatgame_35.apk,humanoid,3,300,0,0,0,0,0
com.serwylo.beatgame_35.apk,ares,1,60,0,0,0,0,0
com.serwylo.beatgame_35.apk,ares,1,180,28,15,22,22,22.0
com.serwylo.beatgame_35.apk,ares,1,300,0,0,0,0,0
com.serwylo.beatgame_35.apk,ares,2,60,0,0,0,0,0
com.serwylo.beatgame_35.apk,ares,2,180,0,0,0,0,0
com.serwylo.beatgame_35.apk,ares,2,300,0,0,0,0,0
com.serwylo.beatgame_35.apk,ares,3,60,0,0,0,0,0
com.serwylo.beatgame_35.apk,ares,3,180,0,0,0,0,0
com.serwylo.beatgame_35.apk,ares,3,300,28,15,22,22,22.0
com.serwylo.beatgame_35.apk,fastbot,1,60,0,0,0,0,0
com.serwylo.beatgame_35.apk,fastbot,1,180,0,0,0,0,0
com.serwylo.beatgame_35.apk,fastbot,1,300,28,15,22,22,22.0
com.serwylo.beatgame_35.apk,fastbot,2,60,0,0,0,0,0
com.serwylo.beatgame_35.apk,fastbot,2,180,0,0,0,0,0
com.serwylo.beatgame_35.apk,fastbot,2,300,28,15,22,22,22.0
com.serwylo.beatgame_35.apk,fastbot,3,60,0,0,0,0,0
com.serwylo.beatgame_35.apk,fastbot,3,180,0,0,0,0,0
com.serwylo.beatgame_35.apk,fastbot,3,300,0,0,0,0,0
com.serwylo.beatgame_35.apk,qtesting,1,60,0,0,0,0,0
com.serwylo.beatgame_35.apk,qtesting,1,180,0,0,0,0,0
com.serwylo.beatgame_35.apk,qtesting,1,300,0,0,0,0,0
com.serwylo.beatgame_35.apk,qtesting,2,60,0,0,0,0,0
com.serwylo.beatgame_35.apk,qtesting,2,180,0,0,0,0,0
com.serwylo.beatgame_35.apk,qtesting,2,300,0,0,0,0,0
com.serwylo.beatgame_35.apk,qtesting,3,60,0,0,0,0,0
com.serwylo.beatgame_35.apk,qtesting,3,180,0,0,0,0,0
com.serwylo.beatgame_35.apk,qtesting,3,300,0,0,0,0,0
com.trianguloy.urlchecker_47.apk,monkey,1,60,0,0,0,0,0
com.trianguloy.urlchecker_47.apk,monkey,1,180,0,0,0,0,0
com.trianguloy.urlchecker_47.apk,monkey,1,300,0,0,0,0,0
com.trianguloy.urlchecker_47.apk,monkey,2,60,0,0,0,0,0
com.trianguloy.urlchecker_47.apk,monkey,2,180,0,0,0,0,0
com.trianguloy.urlchecker_47.apk,monkey,2,300,0,0,0,0,0
com.trianguloy.urlchecker_47.apk,monkey,3,60,0,0,0,0,0
com.trianguloy.urlchecker_47.apk,monkey,3,180,0,0,0,0,0
com.trianguloy.urlchecker_47.apk,droidbot:dfs_greedy,1,60,0,0,0,0,0
com.trianguloy.urlchecker_47.apk,droidbot:dfs_greedy,1,180,0,0,0,0,0
com.trianguloy.urlchecker_47.apk,droidbot:dfs_greedy,1,300,0,0,0,0,0
com.trianguloy.urlchecker_47.apk,droidbot:dfs_greedy,2,60,0,0,0,0,0
com.trianguloy.urlchecker_47.apk,droidbot:dfs_greedy,2,180,0,0,0,0,0
com.trianguloy.urlchecker_47.apk,droidbot:dfs_greedy,2,300,0,0,0,0,0
com.trianguloy.urlchecker_47.apk,droidbot:dfs_greedy,3,60,0,0,0,0,0
com.trianguloy.urlchecker_47.apk,droidbot:dfs_greedy,3,180,0,0,0,0,0
com.trianguloy.urlchecker_47.apk,droidbot:dfs_greedy,3,300,0,0,0,0,0
com.trianguloy.urlchecker_47.apk,droidbot:bfs_greedy,1,60,0,0,0,0,0
com.trianguloy.urlchecker_47.apk,droidbot:bfs_greedy,1,180,0,0,0,0,0
com.trianguloy.urlchecker_47.apk,droidbot:bfs_greedy,1,300,0,0,0,0,0
com.trianguloy.urlchecker_47.apk,droidbot:bfs_greedy,2,60,0,0,0,0,0
com.trianguloy.urlchecker_47.apk,droidbot:bfs_greedy,2,180,0,0,0,0,0
com.trianguloy.urlchecker_47.apk,droidbot:bfs_greedy,2,300,0,0,0,0,0
com.trianguloy.urlchecker_47.apk,droidbot:bfs_greedy,3,60,0,0,0,0,0
com.trianguloy.urlchecker_47.apk,droidbot:bfs_greedy,3,180,0,0,0,0,0
com.trianguloy.urlchecker_47.apk,droidbot:bfs_greedy,3,300,0,0,0,0,0
com.trianguloy.urlchecker_47.apk,droidbot:dfs_naive,1,60,0,0,0,0,0
com.trianguloy.urlchecker_47.apk,droidbot:dfs_naive,1,180,0,0,0,0,0
com.trianguloy.urlchecker_47.apk,droidbot:dfs_naive,1,300,0,0,0,0,0
com.trianguloy.urlchecker_47.apk,droidbot:dfs_naive,2,60,0,0,0,0,0
com.trianguloy.urlchecker_47.apk,droidbot:dfs_naive,2,180,0,0,0,0,0
com.trianguloy.urlchecker_47.apk,droidbot:dfs_naive,2,300,0,0,0,0,0
com.trianguloy.urlchecker_47.apk,droidbot:dfs_naive,3,60,0,0,0,0,0
com.trianguloy.urlchecker_47.apk,droidbot:dfs_naive,3,180,0,0,0,0,0
com.trianguloy.urlchecker_47.apk,droidbot:dfs_naive,3,300,0,0,0,0,0
com.trianguloy.urlchecker_47.apk,droidbot:bfs_naive,1,60,0,0,0,0,0
com.trianguloy.urlchecker_47.apk,droidbot:bfs_naive,1,180,0,0,0,0,0
com.trianguloy.urlchecker_47.apk,droidbot:bfs_naive,1,300,0,0,0,0,0
com.trianguloy.urlchecker_47.apk,droidbot:bfs_naive,2,60,0,0,0,0,0
com.trianguloy.urlchecker_47.apk,droidbot:bfs_naive,2,180,0,0,0,0,0
com.trianguloy.urlchecker_47.apk,droidbot:bfs_naive,2,300,0,0,0,0,0
com.trianguloy.urlchecker_47.apk,droidbot:bfs_naive,3,60,0,0,0,0,0
com.trianguloy.urlchecker_47.apk,droidbot:bfs_naive,3,180,0,0,0,0,0
com.trianguloy.urlchecker_47.apk,droidbot:bfs_naive,3,300,0,0,0,0,0
com.trianguloy.urlchecker_47.apk,ape,1,60,0,0,0,0,0
com.trianguloy.urlchecker_47.apk,ape,1,180,0,0,0,0,0
com.trianguloy.urlchecker_47.apk,ape,1,300,0,0,0,0,0
com.trianguloy.urlchecker_47.apk,ape,2,60,0,0,0,0,0
com.trianguloy.urlchecker_47.apk,ape,2,180,0,0,0,0,0
com.trianguloy.urlchecker_47.apk,ape,2,300,0,0,0,0,0
com.trianguloy.urlchecker_47.apk,ape,3,60,0,0,0,0,0
com.trianguloy.urlchecker_47.apk,ape,3,180,0,0,0,0,0
com.trianguloy.urlchecker_47.apk,ape,3,300,0,0,0,0,0
com.trianguloy.urlchecker_47.apk,droidmate,1,60,0,0,0,0,0
com.trianguloy.urlchecker_47.apk,droidmate,1,180,0,0,0,0,0
com.trianguloy.urlchecker_47.apk,droidmate,1,300,0,0,0,0,0
com.trianguloy.urlchecker_47.apk,droidmate,2,60,0,0,0,0,0
com.trianguloy.urlchecker_47.apk,droidmate,2,180,0,0,0,0,0
com.trianguloy.urlchecker_47.apk,droidmate,2,300,0,0,0,0,0
com.trianguloy.urlchecker_47.apk,droidmate,3,60,0,0,0,0,0
com.trianguloy.urlchecker_47.apk,droidmate,3,180,0,0,0,0,0
com.trianguloy.urlchecker_47.apk,droidmate,3,300,0,0,0,0,0
com.trianguloy.urlchecker_47.apk,humanoid,1,60,0,0,0,0,0
com.trianguloy.urlchecker_47.apk,humanoid,1,180,0,0,0,0,0
com.trianguloy.urlchecker_47.apk,humanoid,2,60,0,0,0,0,0
com.trianguloy.urlchecker_47.apk,humanoid,2,180,0,0,0,0,0
com.trianguloy.urlchecker_47.apk,humanoid,2,300,0,0,0,0,0
com.trianguloy.urlchecker_47.apk,humanoid,3,60,0,0,0,0,0
com.trianguloy.urlchecker_47.apk,humanoid,3,180,0,0,0,0,0
com.trianguloy.urlchecker_47.apk,humanoid,3,300,0,0,0,0,0
com.trianguloy.urlchecker_47.apk,ares,1,60,0,0,0,0,0
com.trianguloy.urlchecker_47.apk,ares,1,180,0,0,0,0,0
com.trianguloy.urlchecker_47.apk,ares,1,300,0,0,0,0,0
com.trianguloy.urlchecker_47.apk,ares,2,60,0,0,0,0,0
com.trianguloy.urlchecker_47.apk,ares,2,180,0,0,0,0,0
com.trianguloy.urlchecker_47.apk,ares,2,300,0,0,0,0,0
com.trianguloy.urlchecker_47.apk,ares,3,60,0,0,0,0,0
com.trianguloy.urlchecker_47.apk,ares,3,180,0,0,0,0,0
com.trianguloy.urlchecker_47.apk,ares,3,300,0,0,0,0,0
com.trianguloy.urlchecker_47.apk,fastbot,1,60,0,0,0,0,0
com.trianguloy.urlchecker_47.apk,fastbot,1,180,0,0,0,0,0
com.trianguloy.urlchecker_47.apk,fastbot,2,60,0,0,0,0,0
com.trianguloy.urlchecker_47.apk,fastbot,2,180,0,0,0,0,0
com.trianguloy.urlchecker_47.apk,fastbot,2,300,0,0,0,0,0
com.trianguloy.urlchecker_47.apk,fastbot,3,60,0,0,0,0,0
com.trianguloy.urlchecker_47.apk,fastbot,3,180,0,0,0,0,0
com.trianguloy.urlchecker_47.apk,fastbot,3,300,0,0,0,0,0
com.trianguloy.urlchecker_47.apk,qtesting,1,60,0,0,0,0,0
com.trianguloy.urlchecker_47.apk,qtesting,1,180,0,0,0,0,0
com.trianguloy.urlchecker_47.apk,qtesting,1,300,0,0,0,0,0
com.trianguloy.urlchecker_47.apk,qtesting,2,60,0,0,0,0,0
com.trianguloy.urlchecker_47.apk,qtesting,2,180,0,0,0,0,0
com.trianguloy.urlchecker_47.apk,qtesting,2,300,0,0,0,0,0
com.trianguloy.urlchecker_47.apk,qtesting,3,60,0,0,0,0,0
com.trianguloy.urlchecker_47.apk,qtesting,3,180,0,0,0,0,0
com.trianguloy.urlchecker_47.apk,qtesting,3,300,0,0,0,0,0
dev.anilbeesetti.nextplayer_42.apk,monkey,1,60,0,0,0,0,0
dev.anilbeesetti.nextplayer_42.apk,monkey,1,180,0,0,0,0,0
dev.anilbeesetti.nextplayer_42.apk,monkey,1,300,0,0,0,0,0
dev.anilbeesetti.nextplayer_42.apk,monkey,2,60,0,0,0,0,0
dev.anilbeesetti.nextplayer_42.apk,monkey,2,180,0,0,0,0,0
dev.anilbeesetti.nextplayer_42.apk,monkey,2,300,0,0,0,0,0
dev.anilbeesetti.nextplayer_42.apk,monkey,3,60,0,0,0,0,0
dev.anilbeesetti.nextplayer_42.apk,monkey,3,180,0,0,0,0,0
dev.anilbeesetti.nextplayer_42.apk,monkey,3,300,0,0,0,0,0
dev.anilbeesetti.nextplayer_42.apk,droidbot:dfs_greedy,1,60,0,0,0,0,0
dev.anilbeesetti.nextplayer_42.apk,droidbot:dfs_greedy,1,180,0,0,0,0,0
dev.anilbeesetti.nextplayer_42.apk,droidbot:dfs_greedy,1,300,0,0,0,0,0
dev.anilbeesetti.nextplayer_42.apk,droidbot:dfs_greedy,2,60,0,0,0,0,0
dev.anilbeesetti.nextplayer_42.apk,droidbot:dfs_greedy,2,180,0,0,0,0,0
dev.anilbeesetti.nextplayer_42.apk,droidbot:dfs_greedy,2,300,0,0,0,0,0
dev.anilbeesetti.nextplayer_42.apk,droidbot:dfs_greedy,3,60,0,0,0,0,0
dev.anilbeesetti.nextplayer_42.apk,droidbot:dfs_greedy,3,180,0,0,0,0,0
dev.anilbeesetti.nextplayer_42.apk,droidbot:dfs_greedy,3,300,0,0,0,0,0
dev.anilbeesetti.nextplayer_42.apk,droidbot:bfs_greedy,1,60,0,0,0,0,0
dev.anilbeesetti.nextplayer_42.apk,droidbot:bfs_greedy,1,180,0,0,0,0,0
dev.anilbeesetti.nextplayer_42.apk,droidbot:bfs_greedy,1,300,0,0,0,0,0
dev.anilbeesetti.nextplayer_42.apk,droidbot:bfs_greedy,2,60,0,0,0,0,0
dev.anilbeesetti.nextplayer_42.apk,droidbot:bfs_greedy,2,180,0,0,0,0,0
dev.anilbeesetti.nextplayer_42.apk,droidbot:bfs_greedy,2,300,0,0,0,0,0
dev.anilbeesetti.nextplayer_42.apk,droidbot:bfs_greedy,3,60,0,0,0,0,0
dev.anilbeesetti.nextplayer_42.apk,droidbot:bfs_greedy,3,180,0,0,0,0,0
dev.anilbeesetti.nextplayer_42.apk,droidbot:bfs_greedy,3,300,0,0,0,0,0
dev.anilbeesetti.nextplayer_42.apk,droidbot:dfs_naive,1,60,0,0,0,0,0
dev.anilbeesetti.nextplayer_42.apk,droidbot:dfs_naive,1,180,0,0,0,0,0
dev.anilbeesetti.nextplayer_42.apk,droidbot:dfs_naive,1,300,0,0,0,0,0
dev.anilbeesetti.nextplayer_42.apk,droidbot:dfs_naive,2,60,0,0,0,0,0
dev.anilbeesetti.nextplayer_42.apk,droidbot:dfs_naive,2,180,0,0,0,0,0
dev.anilbeesetti.nextplayer_42.apk,droidbot:dfs_naive,2,300,0,0,0,0,0
dev.anilbeesetti.nextplayer_42.apk,droidbot:dfs_naive,3,60,0,0,0,0,0
dev.anilbeesetti.nextplayer_42.apk,droidbot:dfs_naive,3,180,0,0,0,0,0
dev.anilbeesetti.nextplayer_42.apk,droidbot:dfs_naive,3,300,0,0,0,0,0
dev.anilbeesetti.nextplayer_42.apk,droidbot:bfs_naive,1,60,0,0,0,0,0
dev.anilbeesetti.nextplayer_42.apk,droidbot:bfs_naive,1,180,0,0,0,0,0
dev.anilbeesetti.nextplayer_42.apk,droidbot:bfs_naive,1,300,0,0,0,0,0
dev.anilbeesetti.nextplayer_42.apk,droidbot:bfs_naive,2,60,0,0,0,0,0
dev.anilbeesetti.nextplayer_42.apk,droidbot:bfs_naive,2,180,0,0,0,0,0
dev.anilbeesetti.nextplayer_42.apk,droidbot:bfs_naive,2,300,0,0,0,0,0
dev.anilbeesetti.nextplayer_42.apk,droidbot:bfs_naive,3,60,0,0,0,0,0
com.nononsenseapps.feeder.play_4025.apk,ares,2,180,18,3,9,9,9.0
com.serwylo.beatgame_35.apk,droidbot:bfs_greedy,1,60,0,0,0,0,0
com.trianguloy.urlchecker_47.apk,monkey,3,300,0,0,0,0,0
com.trianguloy.urlchecker_47.apk,humanoid,1,300,0,0,0,0,0
com.trianguloy.urlchecker_47.apk,fastbot,1,300,0,0,0,0,0
dev.anilbeesetti.nextplayer_42.apk,droidbot:bfs_naive,3,180,0,0,0,0,0
dev.anilbeesetti.nextplayer_42.apk,droidbot:bfs_naive,3,300,0,0,0,0,0
dev.anilbeesetti.nextplayer_42.apk,ape,1,60,0,0,0,0,0
dev.anilbeesetti.nextplayer_42.apk,ape,1,180,0,0,0,0,0
dev.anilbeesetti.nextplayer_42.apk,ape,1,300,0,0,0,0,0
dev.anilbeesetti.nextplayer_42.apk,ape,2,60,0,0,0,0,0
dev.anilbeesetti.nextplayer_42.apk,ape,2,180,0,0,0,0,0
dev.anilbeesetti.nextplayer_42.apk,ape,2,300,0,0,0,0,0
dev.anilbeesetti.nextplayer_42.apk,ape,3,60,0,0,0,0,0
dev.anilbeesetti.nextplayer_42.apk,ape,3,180,0,0,0,0,0
dev.anilbeesetti.nextplayer_42.apk,ape,3,300,0,0,0,0,0
dev.anilbeesetti.nextplayer_42.apk,droidmate,1,60,0,0,0,0,0
dev.anilbeesetti.nextplayer_42.apk,droidmate,1,180,0,0,0,0,0
dev.anilbeesetti.nextplayer_42.apk,droidmate,1,300,0,0,0,0,0
dev.anilbeesetti.nextplayer_42.apk,droidmate,2,60,0,0,0,0,0
dev.anilbeesetti.nextplayer_42.apk,droidmate,2,180,0,0,0,0,0
dev.anilbeesetti.nextplayer_42.apk,droidmate,2,300,0,0,0,0,0
dev.anilbeesetti.nextplayer_42.apk,droidmate,3,60,0,0,0,0,0
dev.anilbeesetti.nextplayer_42.apk,droidmate,3,180,0,0,0,0,0
dev.anilbeesetti.nextplayer_42.apk,droidmate,3,300,0,0,0,0,0
dev.anilbeesetti.nextplayer_42.apk,humanoid,1,60,0,0,0,0,0
dev.anilbeesetti.nextplayer_42.apk,humanoid,1,180,0,0,0,0,0
dev.anilbeesetti.nextplayer_42.apk,humanoid,1,300,0,0,0,0,0
dev.anilbeesetti.nextplayer_42.apk,humanoid,2,60,0,0,0,0,0
dev.anilbeesetti.nextplayer_42.apk,humanoid,2,180,0,0,0,0,0
dev.anilbeesetti.nextplayer_42.apk,humanoid,2,300,0,0,0,0,0
dev.anilbeesetti.nextplayer_42.apk,humanoid,3,60,0,0,0,0,0
dev.anilbeesetti.nextplayer_42.apk,humanoid,3,180,0,0,0,0,0
dev.anilbeesetti.nextplayer_42.apk,humanoid,3,300,0,0,0,0,0
dev.anilbeesetti.nextplayer_42.apk,ares,1,60,0,0,0,0,0
dev.anilbeesetti.nextplayer_42.apk,ares,1,180,0,0,0,0,0
dev.anilbeesetti.nextplayer_42.apk,ares,1,300,0,0,0,0,0
dev.anilbeesetti.nextplayer_42.apk,ares,2,60,0,0,0,0,0
dev.anilbeesetti.nextplayer_42.apk,ares,2,180,0,0,0,0,0
dev.anilbeesetti.nextplayer_42.apk,ares,2,300,0,0,0,0,0
dev.anilbeesetti.nextplayer_42.apk,ares,3,60,0,0,0,0,0
dev.anilbeesetti.nextplayer_42.apk,ares,3,180,0,0,0,0,0
dev.anilbeesetti.nextplayer_42.apk,ares,3,300,0,0,0,0,0
dev.anilbeesetti.nextplayer_42.apk,fastbot,1,60,0,0,0,0,0
dev.anilbeesetti.nextplayer_42.apk,fastbot,1,180,0,0,0,0,0
dev.anilbeesetti.nextplayer_42.apk,fastbot,1,300,0,0,0,0,0
dev.anilbeesetti.nextplayer_42.apk,fastbot,2,60,0,0,0,0,0
dev.anilbeesetti.nextplayer_42.apk,fastbot,2,180,0,0,0,0,0
dev.anilbeesetti.nextplayer_42.apk,fastbot,2,300,0,0,0,0,0
dev.anilbeesetti.nextplayer_42.apk,fastbot,3,60,0,0,0,0,0
dev.anilbeesetti.nextplayer_42.apk,fastbot,3,180,0,0,0,0,0
dev.anilbeesetti.nextplayer_42.apk,fastbot,3,300,0,0,0,0,0
dev.anilbeesetti.nextplayer_42.apk,qtesting,1,60,0,0,0,0,0
dev.anilbeesetti.nextplayer_42.apk,qtesting,1,180,0,0,0,0,0
dev.anilbeesetti.nextplayer_42.apk,qtesting,1,300,0,0,0,0,0
dev.anilbeesetti.nextplayer_42.apk,qtesting,2,60,0,0,0,0,0
dev.anilbeesetti.nextplayer_42.apk,qtesting,2,180,0,0,0,0,0
dev.anilbeesetti.nextplayer_42.apk,qtesting,2,300,0,0,0,0,0
dev.anilbeesetti.nextplayer_42.apk,qtesting,3,60,0,0,0,0,0
dev.anilbeesetti.nextplayer_42.apk,qtesting,3,180,0,0,0,0,0
dev.anilbeesetti.nextplayer_42.apk,qtesting,3,300,0,0,0,0,0
eu.faircode.email_2322.apk,monkey,1,60,6,2,2,2,2.0
eu.faircode.email_2322.apk,monkey,1,180,6,2,2,2,2.0
eu.faircode.email_2322.apk,monkey,1,300,6,2,2,2,2.0
eu.faircode.email_2322.apk,monkey,2,60,6,2,2,2,2.0
eu.faircode.email_2322.apk,monkey,2,180,6,2,2,2,2.0
eu.faircode.email_2322.apk,monkey,2,300,9,3,5,5,5.0
eu.faircode.email_2322.apk,monkey,3,60,1,1,1,1,1.0
eu.faircode.email_2322.apk,monkey,3,180,6,2,2,2,2.0
eu.faircode.email_2322.apk,monkey,3,300,4,2,4,4,4.0
eu.faircode.email_2322.apk,droidbot:dfs_greedy,1,60,6,2,2,2,2.0
eu.faircode.email_2322.apk,droidbot:dfs_greedy,1,180,6,2,2,2,2.0
eu.faircode.email_2322.apk,droidbot:dfs_greedy,1,300,9,3,5,5,5.0
eu.faircode.email_2322.apk,droidbot:dfs_greedy,2,60,6,2,2,2,2.0
eu.faircode.email_2322.apk,droidbot:dfs_greedy,2,180,6,2,2,2,2.0
eu.faircode.email_2322.apk,droidbot:dfs_greedy,2,300,9,3,5,5,5.0
eu.faircode.email_2322.apk,droidbot:dfs_greedy,3,60,6,2,2,2,2.0
eu.faircode.email_2322.apk,droidbot:dfs_greedy,3,180,6,2,2,2,2.0
eu.faircode.email_2322.apk,droidbot:dfs_greedy,3,300,9,3,5,5,5.0
eu.faircode.email_2322.apk,droidbot:bfs_greedy,1,60,6,2,2,2,2.0
eu.faircode.email_2322.apk,droidbot:bfs_greedy,1,180,6,2,2,2,2.0
eu.faircode.email_2322.apk,droidbot:bfs_greedy,1,300,9,3,5,5,5.0
eu.faircode.email_2322.apk,droidbot:bfs_greedy,2,60,6,2,2,2,2.0
eu.faircode.email_2322.apk,droidbot:bfs_greedy,2,180,6,2,2,2,2.0
eu.faircode.email_2322.apk,droidbot:bfs_greedy,2,300,9,3,5,5,5.0
eu.faircode.email_2322.apk,droidbot:bfs_greedy,3,60,6,2,2,2,2.0
eu.faircode.email_2322.apk,droidbot:bfs_greedy,3,180,6,2,2,2,2.0
eu.faircode.email_2322.apk,droidbot:bfs_greedy,3,300,9,3,5,5,5.0
eu.faircode.email_2322.apk,droidbot:dfs_naive,1,60,6,2,2,2,2.0
eu.faircode.email_2322.apk,droidbot:dfs_naive,1,180,9,3,5,5,5.0
eu.faircode.email_2322.apk,droidbot:dfs_naive,1,300,9,3,5,5,5.0
eu.faircode.email_2322.apk,droidbot:dfs_naive,2,60,6,2,2,2,2.0
eu.faircode.email_2322.apk,droidbot:dfs_naive,2,180,9,3,5,5,5.0
eu.faircode.email_2322.apk,droidbot:dfs_naive,2,300,9,3,5,5,5.0
eu.faircode.email_2322.apk,droidbot:dfs_naive,3,60,6,2,2,2,2.0
eu.faircode.email_2322.apk,droidbot:dfs_naive,3,180,9,3,5,5,5.0
eu.faircode.email_2322.apk,droidbot:dfs_naive,3,300,6,2,2,2,2.0
eu.faircode.email_2322.apk,droidbot:bfs_naive,1,60,6,2,2,2,2.0
eu.faircode.email_2322.apk,droidbot:bfs_naive,1,180,6,2,2,2,2.0
eu.faircode.email_2322.apk,droidbot:bfs_naive,1,300,9,3,5,5,5.0
eu.faircode.email_2322.apk,droidbot:bfs_naive,2,60,6,2,2,2,2.0
eu.faircode.email_2322.apk,droidbot:bfs_naive,2,180,6,2,2,2,2.0
eu.faircode.email_2322.apk,droidbot:bfs_naive,2,300,9,3,5,5,5.0
eu.faircode.email_2322.apk,droidbot:bfs_naive,3,60,6,2,2,2,2.0
eu.faircode.email_2322.apk,droidbot:bfs_naive,3,180,6,2,2,2,2.0
eu.faircode.email_2322.apk,droidbot:bfs_naive,3,300,9,3,5,5,5.0
eu.faircode.email_2322.apk,ape,1,60,6,2,2,2,2.0
eu.faircode.email_2322.apk,ape,1,180,9,3,5,5,5.0
eu.faircode.email_2322.apk,ape,1,300,27,3,5,5,5.0
eu.faircode.email_2322.apk,ape,2,60,12,2,2,2,2.0
eu.faircode.email_2322.apk,ape,2,180,9,3,5,5,5.0
eu.faircode.email_2322.apk,ape,2,300,15,3,5,5,5.0
eu.faircode.email_2322.apk,ape,3,60,6,2,2,2,2.0
eu.faircode.email_2322.apk,ape,3,180,9,3,5,5,5.0
eu.faircode.email_2322.apk,ape,3,300,15,3,5,5,5.0
eu.faircode.email_2322.apk,droidmate,1,60,6,2,2,2,2.0
eu.faircode.email_2322.apk,droidmate,1,180,27,3,5,5,5.0
eu.faircode.email_2322.apk,droidmate,1,300,30,3,5,5,5.0
eu.faircode.email_2322.apk,droidmate,2,60,12,2,2,2,2.0
eu.faircode.email_2322.apk,droidmate,2,300,30,3,5,5,5.0
eu.faircode.email_2322.apk,droidmate,3,60,12,2,2,2,2.0
eu.faircode.email_2322.apk,droidmate,3,180,27,3,5,5,5.0
eu.faircode.email_2322.apk,droidmate,3,300,30,3,5,5,5.0
eu.faircode.email_2322.apk,humanoid,1,60,6,2,2,2,2.0
eu.faircode.email_2322.apk,humanoid,1,180,6,2,2,2,2.0
eu.faircode.email_2322.apk,humanoid,1,300,9,3,5,5,5.0
eu.faircode.email_2322.apk,humanoid,2,60,6,2,2,2,2.0
eu.faircode.email_2322.apk,humanoid,2,180,6,2,2,2,2.0
eu.faircode.email_2322.apk,humanoid,2,300,9,3,5,5,5.0
eu.faircode.email_2322.apk,humanoid,3,60,6,2,2,2,2.0
eu.faircode.email_2322.apk,humanoid,3,180,6,2,2,2,2.0
eu.faircode.email_2322.apk,humanoid,3,300,9,3,5,5,5.0
eu.faircode.email_2322.apk,ares,1,60,12,2,2,2,2.0
eu.faircode.email_2322.apk,ares,1,180,33,3,5,5,5.0
eu.faircode.email_2322.apk,ares,1,300,18,2,2,2,2.0
eu.faircode.email_2322.apk,ares,2,60,12,2,2,2,2.0
eu.faircode.email_2322.apk,ares,2,180,15,3,5,5,5.0
eu.faircode.email_2322.apk,ares,2,300,24,2,2,2,2.0
eu.faircode.email_2322.apk,ares,3,60,17,2,2,2,2.0
eu.faircode.email_2322.apk,ares,3,180,30,2,2,2,2.0
eu.faircode.email_2322.apk,ares,3,300,27,3,5,5,5.0
eu.faircode.email_2322.apk,fastbot,1,60,6,2,2,2,2.0
eu.faircode.email_2322.apk,fastbot,1,180,9,3,5,5,5.0
eu.faircode.email_2322.apk,fastbot,1,300,9,3,5,5,5.0
eu.faircode.email_2322.apk,fastbot,2,60,6,2,2,2,2.0
eu.faircode.email_2322.apk,fastbot,2,180,9,3,5,5,5.0
eu.faircode.email_2322.apk,fastbot,2,300,9,3,5,5,5.0
eu.faircode.email_2322.apk,fastbot,3,60,6,2,2,2,2.0
eu.faircode.email_2322.apk,fastbot,3,180,9,3,5,5,5.0
eu.faircode.email_2322.apk,fastbot,3,300,9,3,5,5,5.0
eu.faircode.email_2322.apk,qtesting,1,60,17,2,2,2,2.0
eu.faircode.email_2322.apk,qtesting,1,180,75,2,2,2,2.0
eu.faircode.email_2322.apk,qtesting,1,300,26,2,2,2,2.0
eu.faircode.email_2322.apk,qtesting,2,60,12,2,2,2,2.0
eu.faircode.email_2322.apk,qtesting,2,180,22,2,2,2,2.0
eu.faircode.email_2322.apk,qtesting,2,300,21,2,2,2,2.0
eu.faircode.email_2322.apk,qtesting,3,60,12,2,2,2,2.0
eu.faircode.email_2322.apk,qtesting,3,180,66,3,5,5,5.0
eu.faircode.email_2322.apk,qtesting,3,300,96,3,5,5,5.0
it.niedermann.owncloud.notes_340000090.apk,monkey,1,60,0,0,0,0,0
it.niedermann.owncloud.notes_340000090.apk,monkey,1,180,0,0,0,0,0
it.niedermann.owncloud.notes_340000090.apk,monkey,1,300,0,0,0,0,0
it.niedermann.owncloud.notes_340000090.apk,monkey,2,60,0,0,0,0,0
it.niedermann.owncloud.notes_340000090.apk,monkey,2,180,0,0,0,0,0
it.niedermann.owncloud.notes_340000090.apk,monkey,2,300,0,0,0,0,0
it.niedermann.owncloud.notes_340000090.apk,monkey,3,60,0,0,0,0,0
it.niedermann.owncloud.notes_340000090.apk,monkey,3,180,0,0,0,0,0
it.niedermann.owncloud.notes_340000090.apk,monkey,3,300,0,0,0,0,0
it.niedermann.owncloud.notes_340000090.apk,droidbot:dfs_greedy,1,180,0,0,0,0,0
it.niedermann.owncloud.notes_340000090.apk,droidbot:dfs_greedy,1,300,0,0,0,0,0
it.niedermann.owncloud.notes_340000090.apk,droidbot:dfs_greedy,2,60,0,0,0,0,0
it.niedermann.owncloud.notes_340000090.apk,droidbot:dfs_greedy,2,180,0,0,0,0,0
it.niedermann.owncloud.notes_340000090.apk,droidbot:dfs_greedy,2,300,0,0,0,0,0
it.niedermann.owncloud.notes_340000090.apk,droidbot:dfs_greedy,3,60,0,0,0,0,0
it.niedermann.owncloud.notes_340000090.apk,droidbot:dfs_greedy,3,180,0,0,0,0,0
it.niedermann.owncloud.notes_340000090.apk,droidbot:dfs_greedy,3,300,0,0,0,0,0
it.niedermann.owncloud.notes_340000090.apk,droidbot:bfs_greedy,1,60,0,0,0,0,0
it.niedermann.owncloud.notes_340000090.apk,droidbot:bfs_greedy,1,180,0,0,0,0,0
it.niedermann.owncloud.notes_340000090.apk,droidbot:bfs_greedy,1,300,0,0,0,0,0
it.niedermann.owncloud.notes_340000090.apk,droidbot:bfs_greedy,2,60,0,0,0,0,0
it.niedermann.owncloud.notes_340000090.apk,droidbot:bfs_greedy,2,180,0,0,0,0,0
it.niedermann.owncloud.notes_340000090.apk,droidbot:bfs_greedy,2,300,0,0,0,0,0
it.niedermann.owncloud.notes_340000090.apk,droidbot:bfs_greedy,3,60,0,0,0,0,0
it.niedermann.owncloud.notes_340000090.apk,droidbot:bfs_greedy,3,180,0,0,0,0,0
it.niedermann.owncloud.notes_340000090.apk,droidbot:bfs_greedy,3,300,0,0,0,0,0
it.niedermann.owncloud.notes_340000090.apk,droidbot:dfs_naive,1,60,0,0,0,0,0
it.niedermann.owncloud.notes_340000090.apk,droidbot:dfs_naive,1,180,0,0,0,0,0
it.niedermann.owncloud.notes_340000090.apk,droidbot:dfs_naive,1,300,0,0,0,0,0
it.niedermann.owncloud.notes_340000090.apk,droidbot:dfs_naive,2,60,0,0,0,0,0
it.niedermann.owncloud.notes_340000090.apk,droidbot:dfs_naive,2,180,0,0,0,0,0
it.niedermann.owncloud.notes_340000090.apk,droidbot:dfs_naive,2,300,0,0,0,0,0
it.niedermann.owncloud.notes_340000090.apk,droidbot:dfs_naive,3,60,0,0,0,0,0
it.niedermann.owncloud.notes_340000090.apk,droidbot:dfs_naive,3,180,0,0,0,0,0
it.niedermann.owncloud.notes_340000090.apk,droidbot:dfs_naive,3,300,0,0,0,0,0
it.niedermann.owncloud.notes_340000090.apk,droidbot:bfs_naive,1,60,0,0,0,0,0
it.niedermann.owncloud.notes_340000090.apk,droidbot:bfs_naive,1,180,0,0,0,0,0
it.niedermann.owncloud.notes_340000090.apk,droidbot:bfs_naive,1,300,0,0,0,0,0
it.niedermann.owncloud.notes_340000090.apk,droidbot:bfs_naive,2,60,0,0,0,0,0
it.niedermann.owncloud.notes_340000090.apk,droidbot:bfs_naive,2,180,0,0,0,0,0
it.niedermann.owncloud.notes_340000090.apk,droidbot:bfs_naive,2,300,0,0,0,0,0
it.niedermann.owncloud.notes_340000090.apk,droidbot:bfs_naive,3,60,0,0,0,0,0
it.niedermann.owncloud.notes_340000090.apk,droidbot:bfs_naive,3,180,0,0,0,0,0
it.niedermann.owncloud.notes_340000090.apk,droidbot:bfs_naive,3,300,0,0,0,0,0
it.niedermann.owncloud.notes_340000090.apk,ape,1,60,0,0,0,0,0
it.niedermann.owncloud.notes_340000090.apk,ape,1,180,0,0,0,0,0
it.niedermann.owncloud.notes_340000090.apk,ape,1,300,0,0,0,0,0
it.niedermann.owncloud.notes_340000090.apk,ape,2,60,0,0,0,0,0
it.niedermann.owncloud.notes_340000090.apk,ape,2,180,0,0,0,0,0
it.niedermann.owncloud.notes_340000090.apk,ape,2,300,0,0,0,0,0
it.niedermann.owncloud.notes_340000090.apk,ape,3,60,0,0,0,0,0
it.niedermann.owncloud.notes_340000090.apk,ape,3,180,0,0,0,0,0
it.niedermann.owncloud.notes_340000090.apk,ape,3,300,0,0,0,0,0
it.niedermann.owncloud.notes_340000090.apk,droidmate,1,60,0,0,0,0,0
it.niedermann.owncloud.notes_340000090.apk,droidmate,1,180,0,0,0,0,0
it.niedermann.owncloud.notes_340000090.apk,droidmate,1,300,0,0,0,0,0
it.niedermann.owncloud.notes_340000090.apk,droidmate,2,60,0,0,0,0,0
it.niedermann.owncloud.notes_340000090.apk,droidmate,2,180,0,0,0,0,0
it.niedermann.owncloud.notes_340000090.apk,droidmate,2,300,0,0,0,0,0
it.niedermann.owncloud.notes_340000090.apk,droidmate,3,60,0,0,0,0,0
it.niedermann.owncloud.notes_340000090.apk,droidmate,3,180,0,0,0,0,0
it.niedermann.owncloud.notes_340000090.apk,droidmate,3,300,0,0,0,0,0
it.niedermann.owncloud.notes_340000090.apk,humanoid,1,60,0,0,0,0,0
it.niedermann.owncloud.notes_340000090.apk,humanoid,1,180,0,0,0,0,0
it.niedermann.owncloud.notes_340000090.apk,humanoid,1,300,0,0,0,0,0
it.niedermann.owncloud.notes_340000090.apk,humanoid,2,60,0,0,0,0,0
it.niedermann.owncloud.notes_340000090.apk,humanoid,2,180,0,0,0,0,0
it.niedermann.owncloud.notes_340000090.apk,humanoid,2,300,0,0,0,0,0
it.niedermann.owncloud.notes_340000090.apk,humanoid,3,60,0,0,0,0,0
it.niedermann.owncloud.notes_340000090.apk,humanoid,3,180,0,0,0,0,0
it.niedermann.owncloud.notes_340000090.apk,humanoid,3,300,0,0,0,0,0
it.niedermann.owncloud.notes_340000090.apk,ares,1,60,0,0,0,0,0
it.niedermann.owncloud.notes_340000090.apk,ares,1,180,0,0,0,0,0
it.niedermann.owncloud.notes_340000090.apk,ares,1,300,0,0,0,0,0
it.niedermann.owncloud.notes_340000090.apk,ares,2,60,0,0,0,0,0
it.niedermann.owncloud.notes_340000090.apk,ares,2,180,0,0,0,0,0
it.niedermann.owncloud.notes_340000090.apk,ares,2,300,0,0,0,0,0
it.niedermann.owncloud.notes_340000090.apk,ares,3,60,0,0,0,0,0
it.niedermann.owncloud.notes_340000090.apk,ares,3,180,0,0,0,0,0
it.niedermann.owncloud.notes_340000090.apk,ares,3,300,0,0,0,0,0
it.niedermann.owncloud.notes_340000090.apk,fastbot,1,60,0,0,0,0,0
it.niedermann.owncloud.notes_340000090.apk,fastbot,1,180,0,0,0,0,0
it.niedermann.owncloud.notes_340000090.apk,fastbot,1,300,0,0,0,0,0
it.niedermann.owncloud.notes_340000090.apk,fastbot,2,60,0,0,0,0,0
it.niedermann.owncloud.notes_340000090.apk,fastbot,2,180,0,0,0,0,0
it.niedermann.owncloud.notes_340000090.apk,fastbot,2,300,0,0,0,0,0
it.niedermann.owncloud.notes_340000090.apk,fastbot,3,60,0,0,0,0,0
it.niedermann.owncloud.notes_340000090.apk,fastbot,3,180,0,0,0,0,0
it.niedermann.owncloud.notes_340000090.apk,fastbot,3,300,0,0,0,0,0
it.niedermann.owncloud.notes_340000090.apk,qtesting,1,60,0,0,0,0,0
it.niedermann.owncloud.notes_340000090.apk,qtesting,1,180,0,0,0,0,0
eu.faircode.email_2322.apk,droidmate,2,180,21,3,5,5,5.0
it.niedermann.owncloud.notes_340000090.apk,droidbot:dfs_greedy,1,60,0,0,0,0,0
it.niedermann.owncloud.notes_340000090.apk,qtesting,1,300,0,0,0,0,0
it.niedermann.owncloud.notes_340000090.apk,qtesting,2,60,0,0,0,0,0
it.niedermann.owncloud.notes_340000090.apk,qtesting,2,180,0,0,0,0,0
it.niedermann.owncloud.notes_340000090.apk,qtesting,2,300,0,0,0,0,0
it.niedermann.owncloud.notes_340000090.apk,qtesting,3,60,0,0,0,0,0
it.niedermann.owncloud.notes_340000090.apk,qtesting,3,180,0,0,0,0,0
it.niedermann.owncloud.notes_340000090.apk,qtesting,3,300,0,0,0,0,0
net.christianbeier.droidvnc_ng_60.apk,monkey,1,60,0,0,0,0,0
net.christianbeier.droidvnc_ng_60.apk,monkey,1,180,0,0,0,0,0
net.christianbeier.droidvnc_ng_60.apk,monkey,1,300,0,0,0,0,0
net.christianbeier.droidvnc_ng_60.apk,monkey,2,60,0,0,0,0,0
net.christianbeier.droidvnc_ng_60.apk,monkey,2,180,0,0,0,0,0
net.christianbeier.droidvnc_ng_60.apk,monkey,2,300,0,0,0,0,0
net.christianbeier.droidvnc_ng_60.apk,monkey,3,60,0,0,0,0,0
net.christianbeier.droidvnc_ng_60.apk,monkey,3,180,0,0,0,0,0
net.christianbeier.droidvnc_ng_60.apk,monkey,3,300,0,0,0,0,0
net.christianbeier.droidvnc_ng_60.apk,droidbot:dfs_greedy,1,60,0,0,0,0,0
net.christianbeier.droidvnc_ng_60.apk,droidbot:dfs_greedy,1,180,0,0,0,0,0
net.christianbeier.droidvnc_ng_60.apk,droidbot:dfs_greedy,1,300,0,0,0,0,0
net.christianbeier.droidvnc_ng_60.apk,droidbot:dfs_greedy,2,60,0,0,0,0,0
net.christianbeier.droidvnc_ng_60.apk,droidbot:dfs_greedy,2,180,0,0,0,0,0
net.christianbeier.droidvnc_ng_60.apk,droidbot:dfs_greedy,2,300,0,0,0,0,0
net.christianbeier.droidvnc_ng_60.apk,droidbot:dfs_greedy,3,60,0,0,0,0,0
net.christianbeier.droidvnc_ng_60.apk,droidbot:dfs_greedy,3,180,0,0,0,0,0
net.christianbeier.droidvnc_ng_60.apk,droidbot:dfs_greedy,3,300,0,0,0,0,0
net.christianbeier.droidvnc_ng_60.apk,droidbot:bfs_greedy,1,60,0,0,0,0,0
net.christianbeier.droidvnc_ng_60.apk,droidbot:bfs_greedy,1,180,0,0,0,0,0
net.christianbeier.droidvnc_ng_60.apk,droidbot:bfs_greedy,1,300,0,0,0,0,0
net.christianbeier.droidvnc_ng_60.apk,droidbot:bfs_greedy,2,60,0,0,0,0,0
net.christianbeier.droidvnc_ng_60.apk,droidbot:bfs_greedy,2,180,0,0,0,0,0
net.christianbeier.droidvnc_ng_60.apk,droidbot:bfs_greedy,2,300,0,0,0,0,0
net.christianbeier.droidvnc_ng_60.apk,droidbot:bfs_greedy,3,60,0,0,0,0,0
net.christianbeier.droidvnc_ng_60.apk,droidbot:bfs_greedy,3,180,0,0,0,0,0
net.christianbeier.droidvnc_ng_60.apk,droidbot:bfs_greedy,3,300,0,0,0,0,0
net.christianbeier.droidvnc_ng_60.apk,droidbot:dfs_naive,1,60,0,0,0,0,0
net.christianbeier.droidvnc_ng_60.apk,droidbot:dfs_naive,1,180,0,0,0,0,0
net.christianbeier.droidvnc_ng_60.apk,droidbot:dfs_naive,1,300,0,0,0,0,0
net.christianbeier.droidvnc_ng_60.apk,droidbot:dfs_naive,2,60,0,0,0,0,0
net.christianbeier.droidvnc_ng_60.apk,droidbot:dfs_naive,2,180,0,0,0,0,0
net.christianbeier.droidvnc_ng_60.apk,droidbot:dfs_naive,2,300,0,0,0,0,0
net.christianbeier.droidvnc_ng_60.apk,droidbot:dfs_naive,3,60,0,0,0,0,0
net.christianbeier.droidvnc_ng_60.apk,droidbot:dfs_naive,3,180,0,0,0,0,0
net.christianbeier.droidvnc_ng_60.apk,droidbot:dfs_naive,3,300,0,0,0,0,0
net.christianbeier.droidvnc_ng_60.apk,droidbot:bfs_naive,1,60,0,0,0,0,0
net.christianbeier.droidvnc_ng_60.apk,droidbot:bfs_naive,1,180,0,0,0,0,0
net.christianbeier.droidvnc_ng_60.apk,droidbot:bfs_naive,1,300,0,0,0,0,0
net.christianbeier.droidvnc_ng_60.apk,droidbot:bfs_naive,2,60,0,0,0,0,0
net.christianbeier.droidvnc_ng_60.apk,droidbot:bfs_naive,2,180,0,0,0,0,0
net.christianbeier.droidvnc_ng_60.apk,droidbot:bfs_naive,2,300,0,0,0,0,0
net.christianbeier.droidvnc_ng_60.apk,droidbot:bfs_naive,3,60,0,0,0,0,0
net.christianbeier.droidvnc_ng_60.apk,droidbot:bfs_naive,3,180,0,0,0,0,0
net.christianbeier.droidvnc_ng_60.apk,droidbot:bfs_naive,3,300,0,0,0,0,0
net.christianbeier.droidvnc_ng_60.apk,ape,1,60,0,0,0,0,0
net.christianbeier.droidvnc_ng_60.apk,ape,1,180,0,0,0,0,0
net.christianbeier.droidvnc_ng_60.apk,ape,1,300,0,0,0,0,0
net.christianbeier.droidvnc_ng_60.apk,ape,2,60,0,0,0,0,0
net.christianbeier.droidvnc_ng_60.apk,ape,2,180,0,0,0,0,0
net.christianbeier.droidvnc_ng_60.apk,ape,2,300,0,0,0,0,0
net.christianbeier.droidvnc_ng_60.apk,ape,3,60,0,0,0,0,0
net.christianbeier.droidvnc_ng_60.apk,ape,3,180,0,0,0,0,0
net.christianbeier.droidvnc_ng_60.apk,ape,3,300,0,0,0,0,0
net.christianbeier.droidvnc_ng_60.apk,droidmate,1,60,0,0,0,0,0
net.christianbeier.droidvnc_ng_60.apk,droidmate,1,180,0,0,0,0,0
net.christianbeier.droidvnc_ng_60.apk,droidmate,1,300,0,0,0,0,0
net.christianbeier.droidvnc_ng_60.apk,droidmate,2,60,0,0,0,0,0
net.christianbeier.droidvnc_ng_60.apk,droidmate,2,180,0,0,0,0,0
net.christianbeier.droidvnc_ng_60.apk,droidmate,2,300,0,0,0,0,0
net.christianbeier.droidvnc_ng_60.apk,droidmate,3,60,0,0,0,0,0
net.christianbeier.droidvnc_ng_60.apk,droidmate,3,180,0,0,0,0,0
net.christianbeier.droidvnc_ng_60.apk,droidmate,3,300,0,0,0,0,0
net.christianbeier.droidvnc_ng_60.apk,humanoid,1,60,0,0,0,0,0
net.christianbeier.droidvnc_ng_60.apk,humanoid,1,180,0,0,0,0,0
net.christianbeier.droidvnc_ng_60.apk,humanoid,1,300,0,0,0,0,0
net.christianbeier.droidvnc_ng_60.apk,humanoid,2,60,0,0,0,0,0
net.christianbeier.droidvnc_ng_60.apk,humanoid,2,180,0,0,0,0,0
net.christianbeier.droidvnc_ng_60.apk,humanoid,2,300,0,0,0,0,0
net.christianbeier.droidvnc_ng_60.apk,humanoid,3,60,0,0,0,0,0
net.christianbeier.droidvnc_ng_60.apk,humanoid,3,180,0,0,0,0,0
net.christianbeier.droidvnc_ng_60.apk,humanoid,3,300,0,0,0,0,0
net.christianbeier.droidvnc_ng_60.apk,ares,1,60,0,0,0,0,0
net.christianbeier.droidvnc_ng_60.apk,ares,1,300,0,0,0,0,0
net.christianbeier.droidvnc_ng_60.apk,ares,2,60,0,0,0,0,0
net.christianbeier.droidvnc_ng_60.apk,ares,2,180,0,0,0,0,0
net.christianbeier.droidvnc_ng_60.apk,ares,2,300,0,0,0,0,0
net.christianbeier.droidvnc_ng_60.apk,ares,3,60,0,0,0,0,0
net.christianbeier.droidvnc_ng_60.apk,ares,3,180,0,0,0,0,0
net.christianbeier.droidvnc_ng_60.apk,ares,3,300,0,0,0,0,0
net.christianbeier.droidvnc_ng_60.apk,fastbot,1,60,0,0,0,0,0
net.christianbeier.droidvnc_ng_60.apk,fastbot,1,180,0,0,0,0,0
net.christianbeier.droidvnc_ng_60.apk,fastbot,1,300,0,0,0,0,0
net.christianbeier.droidvnc_ng_60.apk,fastbot,2,60,0,0,0,0,0
net.christianbeier.droidvnc_ng_60.apk,fastbot,2,180,0,0,0,0,0
net.christianbeier.droidvnc_ng_60.apk,fastbot,2,300,0,0,0,0,0
net.christianbeier.droidvnc_ng_60.apk,fastbot,3,60,0,0,0,0,0
net.christianbeier.droidvnc_ng_60.apk,fastbot,3,180,0,0,0,0,0
net.christianbeier.droidvnc_ng_60.apk,fastbot,3,300,0,0,0,0,0
net.christianbeier.droidvnc_ng_60.apk,qtesting,1,60,0,0,0,0,0
net.christianbeier.droidvnc_ng_60.apk,qtesting,1,180,0,0,0,0,0
net.christianbeier.droidvnc_ng_60.apk,qtesting,1,300,0,0,0,0,0
net.christianbeier.droidvnc_ng_60.apk,qtesting,2,60,0,0,0,0,0
net.christianbeier.droidvnc_ng_60.apk,qtesting,2,180,0,0,0,0,0
net.christianbeier.droidvnc_ng_60.apk,qtesting,2,300,0,0,0,0,0
net.christianbeier.droidvnc_ng_60.apk,qtesting,3,60,0,0,0,0,0
net.christianbeier.droidvnc_ng_60.apk,qtesting,3,180,0,0,0,0,0
net.christianbeier.droidvnc_ng_60.apk,qtesting,3,300,0,0,0,0,0
org.fossify.keyboard_14.apk,monkey,1,60,0,0,0,0,0
org.fossify.keyboard_14.apk,monkey,1,180,0,0,0,0,0
org.fossify.keyboard_14.apk,monkey,1,300,0,0,0,0,0
org.fossify.keyboard_14.apk,monkey,2,60,0,0,0,0,0
org.fossify.keyboard_14.apk,monkey,2,180,0,0,0,0,0
org.fossify.keyboard_14.apk,monkey,2,300,0,0,0,0,0
org.fossify.keyboard_14.apk,monkey,3,60,0,0,0,0,0
org.fossify.keyboard_14.apk,monkey,3,180,0,0,0,0,0
org.fossify.keyboard_14.apk,monkey,3,300,0,0,0,0,0
org.fossify.keyboard_14.apk,droidbot:dfs_greedy,1,60,0,0,0,0,0
org.fossify.keyboard_14.apk,droidbot:dfs_greedy,1,180,0,0,0,0,0
org.fossify.keyboard_14.apk,droidbot:dfs_greedy,1,300,0,0,0,0,0
org.fossify.keyboard_14.apk,droidbot:dfs_greedy,2,60,0,0,0,0,0
org.fossify.keyboard_14.apk,droidbot:dfs_greedy,2,180,0,0,0,0,0
org.fossify.keyboard_14.apk,droidbot:dfs_greedy,3,60,0,0,0,0,0
org.fossify.keyboard_14.apk,droidbot:dfs_greedy,3,180,0,0,0,0,0
org.fossify.keyboard_14.apk,droidbot:dfs_greedy,3,300,0,0,0,0,0
org.fossify.keyboard_14.apk,droidbot:bfs_greedy,1,60,0,0,0,0,0
org.fossify.keyboard_14.apk,droidbot:bfs_greedy,1,180,0,0,0,0,0
org.fossify.keyboard_14.apk,droidbot:bfs_greedy,1,300,0,0,0,0,0
org.fossify.keyboard_14.apk,droidbot:bfs_greedy,2,60,0,0,0,0,0
org.fossify.keyboard_14.apk,droidbot:bfs_greedy,2,180,0,0,0,0,0
org.fossify.keyboard_14.apk,droidbot:bfs_greedy,2,300,0,0,0,0,0
org.fossify.keyboard_14.apk,droidbot:bfs_greedy,3,60,0,0,0,0,0
org.fossify.keyboard_14.apk,droidbot:bfs_greedy,3,180,0,0,0,0,0
org.fossify.keyboard_14.apk,droidbot:bfs_greedy,3,300,0,0,0,0,0
org.fossify.keyboard_14.apk,droidbot:dfs_naive,1,60,0,0,0,0,0
org.fossify.keyboard_14.apk,droidbot:dfs_naive,1,180,0,0,0,0,0
org.fossify.keyboard_14.apk,droidbot:dfs_naive,1,300,0,0,0,0,0
org.fossify.keyboard_14.apk,droidbot:dfs_naive,2,60,0,0,0,0,0
org.fossify.keyboard_14.apk,droidbot:dfs_naive,2,180,0,0,0,0,0
org.fossify.keyboard_14.apk,droidbot:dfs_naive,2,300,0,0,0,0,0
org.fossify.keyboard_14.apk,droidbot:dfs_naive,3,60,0,0,0,0,0
org.fossify.keyboard_14.apk,droidbot:dfs_naive,3,180,0,0,0,0,0
org.fossify.keyboard_14.apk,droidbot:dfs_naive,3,300,0,0,0,0,0
org.fossify.keyboard_14.apk,droidbot:bfs_naive,1,60,0,0,0,0,0
org.fossify.keyboard_14.apk,droidbot:bfs_naive,1,180,0,0,0,0,0
org.fossify.keyboard_14.apk,droidbot:bfs_naive,1,300,0,0,0,0,0
org.fossify.keyboard_14.apk,droidbot:bfs_naive,2,60,0,0,0,0,0
org.fossify.keyboard_14.apk,droidbot:bfs_naive,2,180,0,0,0,0,0
org.fossify.keyboard_14.apk,droidbot:bfs_naive,2,300,0,0,0,0,0
org.fossify.keyboard_14.apk,droidbot:bfs_naive,3,60,0,0,0,0,0
org.fossify.keyboard_14.apk,droidbot:bfs_naive,3,180,0,0,0,0,0
org.fossify.keyboard_14.apk,droidbot:bfs_naive,3,300,0,0,0,0,0
org.fossify.keyboard_14.apk,ape,1,60,0,0,0,0,0
org.fossify.keyboard_14.apk,ape,1,180,0,0,0,0,0
org.fossify.keyboard_14.apk,ape,1,300,0,0,0,0,0
org.fossify.keyboard_14.apk,ape,2,60,0,0,0,0,0
org.fossify.keyboard_14.apk,ape,2,180,0,0,0,0,0
org.fossify.keyboard_14.apk,ape,2,300,0,0,0,0,0
org.fossify.keyboard_14.apk,ape,3,60,0,0,0,0,0
org.fossify.keyboard_14.apk,ape,3,180,0,0,0,0,0
org.fossify.keyboard_14.apk,ape,3,300,0,0,0,0,0
org.fossify.keyboard_14.apk,droidmate,1,60,0,0,0,0,0
org.fossify.keyboard_14.apk,droidmate,1,180,0,0,0,0,0
org.fossify.keyboard_14.apk,droidmate,1,300,0,0,0,0,0
org.fossify.keyboard_14.apk,droidmate,2,60,0,0,0,0,0
org.fossify.keyboard_14.apk,droidmate,2,180,0,0,0,0,0
org.fossify.keyboard_14.apk,droidmate,2,300,0,0,0,0,0
org.fossify.keyboard_14.apk,droidmate,3,60,0,0,0,0,0
org.fossify.keyboard_14.apk,droidmate,3,180,0,0,0,0,0
org.fossify.keyboard_14.apk,droidmate,3,300,0,0,0,0,0
org.fossify.keyboard_14.apk,humanoid,1,60,0,0,0,0,0
org.fossify.keyboard_14.apk,humanoid,1,180,0,0,0,0,0
org.fossify.keyboard_14.apk,humanoid,1,300,0,0,0,0,0
org.fossify.keyboard_14.apk,humanoid,2,60,0,0,0,0,0
org.fossify.keyboard_14.apk,humanoid,2,180,0,0,0,0,0
org.fossify.keyboard_14.apk,humanoid,2,300,0,0,0,0,0
org.fossify.keyboard_14.apk,humanoid,3,60,0,0,0,0,0
org.fossify.keyboard_14.apk,humanoid,3,180,0,0,0,0,0
org.fossify.keyboard_14.apk,humanoid,3,300,0,0,0,0,0
org.fossify.keyboard_14.apk,ares,1,60,0,0,0,0,0
org.fossify.keyboard_14.apk,ares,1,180,0,0,0,0,0
org.fossify.keyboard_14.apk,ares,1,300,0,0,0,0,0
org.fossify.keyboard_14.apk,ares,2,60,0,0,0,0,0
org.fossify.keyboard_14.apk,ares,2,180,0,0,0,0,0
org.fossify.keyboard_14.apk,ares,2,300,0,0,0,0,0
org.fossify.keyboard_14.apk,ares,3,60,0,0,0,0,0
org.fossify.keyboard_14.apk,ares,3,180,0,0,0,0,0
org.fossify.keyboard_14.apk,ares,3,300,0,0,0,0,0
org.fossify.keyboard_14.apk,fastbot,1,60,0,0,0,0,0
org.fossify.keyboard_14.apk,fastbot,1,180,0,0,0,0,0
org.fossify.keyboard_14.apk,fastbot,1,300,0,0,0,0,0
org.fossify.keyboard_14.apk,fastbot,2,60,0,0,0,0,0
org.fossify.keyboard_14.apk,fastbot,2,180,0,0,0,0,0
org.fossify.keyboard_14.apk,fastbot,2,300,0,0,0,0,0
org.fossify.keyboard_14.apk,fastbot,3,60,0,0,0,0,0
org.fossify.keyboard_14.apk,fastbot,3,180,0,0,0,0,0
org.fossify.keyboard_14.apk,fastbot,3,300,0,0,0,0,0
org.fossify.keyboard_14.apk,qtesting,1,60,0,0,0,0,0
org.fossify.keyboard_14.apk,qtesting,1,180,0,0,0,0,0
org.fossify.keyboard_14.apk,qtesting,1,300,0,0,0,0,0
org.fossify.keyboard_14.apk,qtesting,2,60,0,0,0,0,0
org.fossify.keyboard_14.apk,qtesting,2,180,0,0,0,0,0
org.fossify.keyboard_14.apk,qtesting,2,300,0,0,0,0,0
org.fossify.keyboard_14.apk,qtesting,3,60,0,0,0,0,0
org.fossify.keyboard_14.apk,qtesting,3,180,0,0,0,0,0
org.fossify.keyboard_14.apk,qtesting,3,300,0,0,0,0,0
org.jellyfin.mobile_2060499.apk,monkey,1,60,7,2,7,7,7.0
org.jellyfin.mobile_2060499.apk,monkey,1,180,7,2,7,7,7.0
org.jellyfin.mobile_2060499.apk,monkey,1,300,0,0,0,0,0
org.jellyfin.mobile_2060499.apk,monkey,2,60,7,2,7,7,7.0
org.jellyfin.mobile_2060499.apk,monkey,2,180,7,2,7,7,7.0
org.jellyfin.mobile_2060499.apk,monkey,2,300,7,2,7,7,7.0
org.jellyfin.mobile_2060499.apk,monkey,3,60,7,2,7,7,7.0
org.jellyfin.mobile_2060499.apk,monkey,3,180,7,2,7,7,7.0
org.jellyfin.mobile_2060499.apk,monkey,3,300,7,2,7,7,7.0
org.jellyfin.mobile_2060499.apk,droidbot:dfs_greedy,1,60,7,2,7,7,7.0
org.jellyfin.mobile_2060499.apk,droidbot:dfs_greedy,1,180,7,2,7,7,7.0
org.jellyfin.mobile_2060499.apk,droidbot:dfs_greedy,1,300,14,2,7,7,7.0
org.jellyfin.mobile_2060499.apk,droidbot:dfs_greedy,2,60,7,2,7,7,7.0
org.jellyfin.mobile_2060499.apk,droidbot:dfs_greedy,2,180,7,2,7,7,7.0
org.jellyfin.mobile_2060499.apk,droidbot:dfs_greedy,2,300,7,2,7,7,7.0
org.jellyfin.mobile_2060499.apk,droidbot:dfs_greedy,3,60,7,2,7,7,7.0
org.jellyfin.mobile_2060499.apk,droidbot:dfs_greedy,3,180,7,2,7,7,7.0
org.jellyfin.mobile_2060499.apk,droidbot:dfs_greedy,3,300,21,2,7,7,7.0
org.jellyfin.mobile_2060499.apk,droidbot:bfs_greedy,1,60,7,2,7,7,7.0
org.jellyfin.mobile_2060499.apk,droidbot:bfs_greedy,1,180,7,2,7,7,7.0
org.jellyfin.mobile_2060499.apk,droidbot:bfs_greedy,1,300,0,0,0,0,0
org.jellyfin.mobile_2060499.apk,droidbot:bfs_greedy,2,60,7,2,7,7,7.0
org.jellyfin.mobile_2060499.apk,droidbot:bfs_greedy,2,180,7,2,7,7,7.0
org.jellyfin.mobile_2060499.apk,droidbot:bfs_greedy,2,300,7,2,7,7,7.0
org.jellyfin.mobile_2060499.apk,droidbot:bfs_greedy,3,60,7,2,7,7,7.0
org.jellyfin.mobile_2060499.apk,droidbot:bfs_greedy,3,180,7,2,7,7,7.0
org.jellyfin.mobile_2060499.apk,droidbot:bfs_greedy,3,300,21,2,7,7,7.0
org.jellyfin.mobile_2060499.apk,droidbot:dfs_naive,1,60,7,2,7,7,7.0
org.jellyfin.mobile_2060499.apk,droidbot:dfs_naive,1,180,7,2,7,7,7.0
org.jellyfin.mobile_2060499.apk,droidbot:dfs_naive,1,300,7,2,7,7,7.0
org.jellyfin.mobile_2060499.apk,droidbot:dfs_naive,2,60,7,2,7,7,7.0
org.jellyfin.mobile_2060499.apk,droidbot:dfs_naive,2,180,0,0,0,0,0
org.jellyfin.mobile_2060499.apk,droidbot:dfs_naive,2,300,7,2,7,7,7.0
org.jellyfin.mobile_2060499.apk,droidbot:dfs_naive,3,60,7,2,7,7,7.0
org.jellyfin.mobile_2060499.apk,droidbot:dfs_naive,3,180,7,2,7,7,7.0
org.jellyfin.mobile_2060499.apk,droidbot:dfs_naive,3,300,7,2,7,7,7.0
org.jellyfin.mobile_2060499.apk,droidbot:bfs_naive,1,60,7,2,7,7,7.0
org.jellyfin.mobile_2060499.apk,droidbot:bfs_naive,1,180,7,2,7,7,7.0
org.jellyfin.mobile_2060499.apk,droidbot:bfs_naive,1,300,7,2,7,7,7.0
org.jellyfin.mobile_2060499.apk,droidbot:bfs_naive,2,60,7,2,7,7,7.0
org.jellyfin.mobile_2060499.apk,droidbot:bfs_naive,2,180,7,2,7,7,7.0
org.jellyfin.mobile_2060499.apk,droidbot:bfs_naive,2,300,7,2,7,7,7.0
org.jellyfin.mobile_2060499.apk,droidbot:bfs_naive,3,60,7,2,7,7,7.0
org.jellyfin.mobile_2060499.apk,droidbot:bfs_naive,3,180,7,2,7,7,7.0
org.jellyfin.mobile_2060499.apk,droidbot:bfs_naive,3,300,7,2,7,7,7.0
org.jellyfin.mobile_2060499.apk,ape,1,60,14,2,7,7,7.0
org.jellyfin.mobile_2060499.apk,ape,1,180,7,2,7,7,7.0
org.jellyfin.mobile_2060499.apk,ape,1,300,14,2,7,7,7.0
org.jellyfin.mobile_2060499.apk,ape,2,60,7,2,7,7,7.0
org.jellyfin.mobile_2060499.apk,ape,2,180,14,2,7,7,7.0
org.jellyfin.mobile_2060499.apk,ape,2,300,21,2,7,7,7.0
org.jellyfin.mobile_2060499.apk,ape,3,60,7,2,7,7,7.0
org.jellyfin.mobile_2060499.apk,ape,3,180,7,2,7,7,7.0
org.jellyfin.mobile_2060499.apk,ape,3,300,14,2,7,7,7.0
org.jellyfin.mobile_2060499.apk,droidmate,1,60,7,2,7,7,7.0
org.jellyfin.mobile_2060499.apk,droidmate,1,180,42,2,7,7,7.0
org.jellyfin.mobile_2060499.apk,droidmate,1,300,63,2,7,7,7.0
org.jellyfin.mobile_2060499.apk,droidmate,2,60,7,2,7,7,7.0
org.jellyfin.mobile_2060499.apk,droidmate,2,180,35,2,7,7,7.0
org.jellyfin.mobile_2060499.apk,droidmate,2,300,63,2,7,7,7.0
org.jellyfin.mobile_2060499.apk,droidmate,3,60,7,2,7,7,7.0
org.jellyfin.mobile_2060499.apk,droidmate,3,180,42,2,7,7,7.0
org.jellyfin.mobile_2060499.apk,droidmate,3,300,63,2,7,7,7.0
org.jellyfin.mobile_2060499.apk,humanoid,1,60,7,2,7,7,7.0
org.jellyfin.mobile_2060499.apk,humanoid,1,180,7,2,7,7,7.0
org.jellyfin.mobile_2060499.apk,humanoid,1,300,7,2,7,7,7.0
org.jellyfin.mobile_2060499.apk,humanoid,2,60,7,2,7,7,7.0
org.jellyfin.mobile_2060499.apk,humanoid,2,180,7,2,7,7,7.0
org.jellyfin.mobile_2060499.apk,humanoid,2,300,7,2,7,7,7.0
org.jellyfin.mobile_2060499.apk,humanoid,3,60,7,2,7,7,7.0
org.jellyfin.mobile_2060499.apk,humanoid,3,180,7,2,7,7,7.0
org.jellyfin.mobile_2060499.apk,humanoid,3,300,7,2,7,7,7.0
org.jellyfin.mobile_2060499.apk,ares,1,60,14,2,7,7,7.0
org.jellyfin.mobile_2060499.apk,ares,1,180,14,2,7,7,7.0
org.jellyfin.mobile_2060499.apk,ares,1,300,14,2,7,7,7.0
org.jellyfin.mobile_2060499.apk,ares,2,60,14,2,7,7,7.0
org.jellyfin.mobile_2060499.apk,ares,2,180,14,2,7,7,7.0
org.jellyfin.mobile_2060499.apk,ares,2,300,14,2,7,7,7.0
org.jellyfin.mobile_2060499.apk,ares,3,60,14,2,7,7,7.0
org.jellyfin.mobile_2060499.apk,ares,3,180,14,2,7,7,7.0
org.jellyfin.mobile_2060499.apk,ares,3,300,14,2,7,7,7.0
org.jellyfin.mobile_2060499.apk,fastbot,1,60,7,2,7,7,7.0
org.jellyfin.mobile_2060499.apk,fastbot,1,180,7,2,7,7,7.0
org.jellyfin.mobile_2060499.apk,fastbot,1,300,7,2,7,7,7.0
org.jellyfin.mobile_2060499.apk,fastbot,2,60,7,2,7,7,7.0
org.jellyfin.mobile_2060499.apk,fastbot,2,180,7,2,7,7,7.0
org.jellyfin.mobile_2060499.apk,fastbot,2,300,7,2,7,7,7.0
org.jellyfin.mobile_2060499.apk,fastbot,3,60,4,1,4,4,4.0
org.jellyfin.mobile_2060499.apk,fastbot,3,180,0,0,0,0,0
org.jellyfin.mobile_2060499.apk,fastbot,3,300,7,2,7,7,7.0
org.jellyfin.mobile_2060499.apk,qtesting,1,60,21,2,7,7,7.0
org.jellyfin.mobile_2060499.apk,qtesting,1,180,39,2,7,7,7.0
org.jellyfin.mobile_2060499.apk,qtesting,1,300,126,2,7,7,7.0
org.jellyfin.mobile_2060499.apk,qtesting,2,60,28,2,7,7,7.0
org.jellyfin.mobile_2060499.apk,qtesting,2,180,49,2,7,7,7.0
org.jellyfin.mobile_2060499.apk,qtesting,2,300,105,2,7,7,7.0
org.jellyfin.mobile_2060499.apk,qtesting,3,60,28,2,7,7,7.0
org.jellyfin.mobile_2060499.apk,qtesting,3,180,56,2,7,7,7.0
org.jellyfin.mobile_2060499.apk,qtesting,3,300,77,2,7,7,7.0
org.totschnig.myexpenses_858.apk,monkey,1,60,10,6,8,8,8.0
org.totschnig.myexpenses_858.apk,monkey,1,180,10,6,8,8,8.0
org.totschnig.myexpenses_858.apk,monkey,1,300,17,8,15,15,15.0
org.totschnig.myexpenses_858.apk,monkey,2,60,10,6,8,8,8.0
org.totschnig.myexpenses_858.apk,monkey,2,180,17,8,15,15,15.0
org.totschnig.myexpenses_858.apk,monkey,2,300,17,8,15,15,15.0
org.totschnig.myexpenses_858.apk,monkey,3,60,10,6,8,8,8.0
org.totschnig.myexpenses_858.apk,monkey,3,180,10,6,8,8,8.0
org.totschnig.myexpenses_858.apk,monkey,3,300,17,8,15,15,15.0
org.totschnig.myexpenses_858.apk,droidbot:dfs_greedy,1,60,10,6,8,8,8.0
org.totschnig.myexpenses_858.apk,droidbot:dfs_greedy,1,180,10,6,8,8,8.0
org.totschnig.myexpenses_858.apk,droidbot:dfs_greedy,1,300,10,6,8,8,8.0
org.totschnig.myexpenses_858.apk,droidbot:dfs_greedy,2,60,10,6,8,8,8.0
org.totschnig.myexpenses_858.apk,droidbot:dfs_greedy,2,180,10,6,8,8,8.0
org.totschnig.myexpenses_858.apk,droidbot:dfs_greedy,2,300,10,6,8,8,8.0
org.totschnig.myexpenses_858.apk,droidbot:dfs_greedy,3,60,10,6,8,8,8.0
org.totschnig.myexpenses_858.apk,droidbot:dfs_greedy,3,180,10,6,8,8,8.0
org.totschnig.myexpenses_858.apk,droidbot:dfs_greedy,3,300,10,6,8,8,8.0
org.totschnig.myexpenses_858.apk,droidbot:bfs_greedy,1,60,10,6,8,8,8.0
org.totschnig.myexpenses_858.apk,droidbot:bfs_greedy,1,180,10,6,8,8,8.0
org.totschnig.myexpenses_858.apk,droidbot:bfs_greedy,1,300,17,8,15,15,15.0
org.totschnig.myexpenses_858.apk,droidbot:bfs_greedy,2,60,10,6,8,8,8.0
org.totschnig.myexpenses_858.apk,droidbot:bfs_greedy,2,180,10,6,8,8,8.0
org.totschnig.myexpenses_858.apk,droidbot:bfs_greedy,2,300,20,6,8,8,8.0
org.totschnig.myexpenses_858.apk,droidbot:bfs_greedy,3,60,10,6,8,8,8.0
org.totschnig.myexpenses_858.apk,droidbot:bfs_greedy,3,180,10,6,8,8,8.0
org.totschnig.myexpenses_858.apk,droidbot:bfs_greedy,3,300,10,6,8,8,8.0
org.totschnig.myexpenses_858.apk,droidbot:dfs_naive,1,60,10,6,8,8,8.0
org.totschnig.myexpenses_858.apk,droidbot:dfs_naive,1,180,10,6,8,8,8.0
org.totschnig.myexpenses_858.apk,droidbot:dfs_naive,1,300,10,6,8,8,8.0
org.totschnig.myexpenses_858.apk,droidbot:dfs_naive,2,60,10,6,8,8,8.0
org.totschnig.myexpenses_858.apk,droidbot:dfs_naive,2,180,10,6,8,8,8.0
org.totschnig.myexpenses_858.apk,droidbot:dfs_naive,2,300,10,6,8,8,8.0
org.totschnig.myexpenses_858.apk,droidbot:dfs_naive,3,60,10,6,8,8,8.0
org.totschnig.myexpenses_858.apk,droidbot:dfs_naive,3,180,10,6,8,8,8.0
org.totschnig.myexpenses_858.apk,droidbot:dfs_naive,3,300,10,6,8,8,8.0
net.christianbeier.droidvnc_ng_60.apk,ares,1,180,0,0,0,0,0
org.fossify.keyboard_14.apk,droidbot:dfs_greedy,2,300,0,0,0,0,0
org.totschnig.myexpenses_858.apk,droidbot:bfs_naive,1,60,10,6,8,8,8.0
org.totschnig.myexpenses_858.apk,droidbot:bfs_naive,1,180,10,6,8,8,8.0
org.totschnig.myexpenses_858.apk,droidbot:bfs_naive,1,300,10,6,8,8,8.0
org.totschnig.myexpenses_858.apk,droidbot:bfs_naive,2,60,20,6,8,8,8.0
org.totschnig.myexpenses_858.apk,droidbot:bfs_naive,2,180,20,6,8,8,8.0
org.totschnig.myexpenses_858.apk,droidbot:bfs_naive,2,300,10,6,8,8,8.0
org.totschnig.myexpenses_858.apk,droidbot:bfs_naive,3,60,10,6,8,8,8.0
org.totschnig.myexpenses_858.apk,droidbot:bfs_naive,3,180,10,6,8,8,8.0
org.totschnig.myexpenses_858.apk,droidbot:bfs_naive,3,300,10,6,8,8,8.0
org.totschnig.myexpenses_858.apk,ape,1,60,27,8,15,15,15.0
org.totschnig.myexpenses_858.apk,ape,1,180,17,8,15,15,15.0
org.totschnig.myexpenses_858.apk,ape,1,300,74,8,15,15,15.0
org.totschnig.myexpenses_858.apk,ape,2,60,10,6,8,8,8.0
org.totschnig.myexpenses_858.apk,ape,2,180,17,8,15,15,15.0
org.totschnig.myexpenses_858.apk,ape,2,300,34,8,15,15,15.0
org.totschnig.myexpenses_858.apk,ape,3,60,10,6,8,8,8.0
org.totschnig.myexpenses_858.apk,ape,3,180,17,8,15,15,15.0
org.totschnig.myexpenses_858.apk,ape,3,300,34,8,15,15,15.0
org.totschnig.myexpenses_858.apk,droidmate,1,60,10,6,8,8,8.0
org.totschnig.myexpenses_858.apk,droidmate,1,180,17,8,15,15,15.0
org.totschnig.myexpenses_858.apk,droidmate,1,300,27,8,15,15,15.0
org.totschnig.myexpenses_858.apk,droidmate,2,60,10,6,8,8,8.0
org.totschnig.myexpenses_858.apk,droidmate,2,180,17,8,15,15,15.0
org.totschnig.myexpenses_858.apk,droidmate,2,300,27,8,15,15,15.0
org.totschnig.myexpenses_858.apk,droidmate,3,60,10,6,8,8,8.0
org.totschnig.myexpenses_858.apk,droidmate,3,180,17,8,15,15,15.0
org.totschnig.myexpenses_858.apk,droidmate,3,300,27,8,15,15,15.0
org.totschnig.myexpenses_858.apk,humanoid,1,60,10,6,8,8,8.0
org.totschnig.myexpenses_858.apk,humanoid,1,180,17,8,15,15,15.0
org.totschnig.myexpenses_858.apk,humanoid,1,300,17,8,15,15,15.0
org.totschnig.myexpenses_858.apk,humanoid,2,60,10,6,8,8,8.0
org.totschnig.myexpenses_858.apk,humanoid,2,180,17,8,15,15,15.0
org.totschnig.myexpenses_858.apk,humanoid,2,300,17,8,15,15,15.0
org.totschnig.myexpenses_858.apk,humanoid,3,60,10,6,8,8,8.0
org.totschnig.myexpenses_858.apk,humanoid,3,180,17,8,15,15,15.0
org.totschnig.myexpenses_858.apk,humanoid,3,300,17,8,15,15,15.0
org.totschnig.myexpenses_858.apk,ares,1,60,27,8,15,15,15.0
org.totschnig.myexpenses_858.apk,ares,1,180,37,8,15,15,15.0
org.totschnig.myexpenses_858.apk,ares,1,300,64,8,15,15,15.0
org.totschnig.myexpenses_858.apk,ares,2,60,27,8,15,15,15.0
org.totschnig.myexpenses_858.apk,ares,2,180,47,8,15,15,15.0
org.totschnig.myexpenses_858.apk,ares,2,300,64,8,15,15,15.0
org.totschnig.myexpenses_858.apk,ares,3,60,20,6,8,8,8.0
org.totschnig.myexpenses_858.apk,ares,3,180,54,8,15,15,15.0
org.totschnig.myexpenses_858.apk,ares,3,300,111,8,15,15,15.0
org.totschnig.myexpenses_858.apk,fastbot,1,60,10,6,8,8,8.0
org.totschnig.myexpenses_858.apk,fastbot,1,180,17,8,15,15,15.0
org.totschnig.myexpenses_858.apk,fastbot,1,300,17,8,15,15,15.0
org.totschnig.myexpenses_858.apk,fastbot,2,60,10,6,8,8,8.0
org.totschnig.myexpenses_858.apk,fastbot,2,180,17,8,15,15,15.0
org.totschnig.myexpenses_858.apk,fastbot,2,300,17,8,15,15,15.0
org.totschnig.myexpenses_858.apk,fastbot,3,60,10,6,8,8,8.0
org.totschnig.myexpenses_858.apk,fastbot,3,180,27,8,15,15,15.0
org.totschnig.myexpenses_858.apk,fastbot,3,300,17,8,15,15,15.0
org.totschnig.myexpenses_858.apk,qtesting,1,60,20,6,8,8,8.0
org.totschnig.myexpenses_858.apk,qtesting,1,180,67,8,15,15,15.0
org.totschnig.myexpenses_858.apk,qtesting,1,300,467,8,15,15,15.0
org.totschnig.myexpenses_858.apk,qtesting,2,60,20,6,8,8,8.0
org.totschnig.myexpenses_858.apk,qtesting,2,180,207,8,15,15,15.0
org.totschnig.myexpenses_858.apk,qtesting,2,300,20,6,8,8,8.0
org.totschnig.myexpenses_858.apk,qtesting,3,60,20,6,8,8,8.0
org.totschnig.myexpenses_858.apk,qtesting,3,180,54,8,15,15,15.0
org.totschnig.myexpenses_858.apk,qtesting,3,300,94,8,15,15,15.0
vadimerenkov.aucards_21.apk,monkey,1,180,0,0,0,0,0
vadimerenkov.aucards_21.apk,monkey,1,300,0,0,0,0,0
vadimerenkov.aucards_21.apk,monkey,2,60,0,0,0,0,0
vadimerenkov.aucards_21.apk,monkey,2,180,0,0,0,0,0
vadimerenkov.aucards_21.apk,monkey,2,300,0,0,0,0,0
vadimerenkov.aucards_21.apk,monkey,3,60,0,0,0,0,0
vadimerenkov.aucards_21.apk,monkey,3,180,0,0,0,0,0
vadimerenkov.aucards_21.apk,monkey,3,300,0,0,0,0,0
vadimerenkov.aucards_21.apk,droidbot:dfs_greedy,1,60,0,0,0,0,0
vadimerenkov.aucards_21.apk,droidbot:dfs_greedy,1,180,0,0,0,0,0
vadimerenkov.aucards_21.apk,droidbot:dfs_greedy,1,300,0,0,0,0,0
vadimerenkov.aucards_21.apk,droidbot:dfs_greedy,2,60,0,0,0,0,0
vadimerenkov.aucards_21.apk,droidbot:dfs_greedy,2,180,0,0,0,0,0
vadimerenkov.aucards_21.apk,droidbot:dfs_greedy,2,300,0,0,0,0,0
vadimerenkov.aucards_21.apk,droidbot:dfs_greedy,3,60,0,0,0,0,0
vadimerenkov.aucards_21.apk,droidbot:dfs_greedy,3,180,0,0,0,0,0
vadimerenkov.aucards_21.apk,droidbot:dfs_greedy,3,300,0,0,0,0,0
vadimerenkov.aucards_21.apk,droidbot:bfs_greedy,1,60,0,0,0,0,0
vadimerenkov.aucards_21.apk,droidbot:bfs_greedy,1,180,0,0,0,0,0
vadimerenkov.aucards_21.apk,droidbot:bfs_greedy,1,300,0,0,0,0,0
vadimerenkov.aucards_21.apk,droidbot:bfs_greedy,2,60,0,0,0,0,0
vadimerenkov.aucards_21.apk,droidbot:bfs_greedy,2,180,0,0,0,0,0
vadimerenkov.aucards_21.apk,droidbot:bfs_greedy,2,300,0,0,0,0,0
vadimerenkov.aucards_21.apk,droidbot:bfs_greedy,3,60,0,0,0,0,0
vadimerenkov.aucards_21.apk,droidbot:bfs_greedy,3,180,0,0,0,0,0
vadimerenkov.aucards_21.apk,droidbot:bfs_greedy,3,300,0,0,0,0,0
vadimerenkov.aucards_21.apk,droidbot:dfs_naive,1,60,0,0,0,0,0
vadimerenkov.aucards_21.apk,droidbot:dfs_naive,1,180,0,0,0,0,0
vadimerenkov.aucards_21.apk,droidbot:dfs_naive,1,300,0,0,0,0,0
vadimerenkov.aucards_21.apk,droidbot:dfs_naive,2,60,0,0,0,0,0
vadimerenkov.aucards_21.apk,droidbot:dfs_naive,2,180,0,0,0,0,0
vadimerenkov.aucards_21.apk,droidbot:dfs_naive,2,300,0,0,0,0,0
vadimerenkov.aucards_21.apk,droidbot:dfs_naive,3,60,0,0,0,0,0
vadimerenkov.aucards_21.apk,droidbot:dfs_naive,3,180,0,0,0,0,0
vadimerenkov.aucards_21.apk,droidbot:dfs_naive,3,300,0,0,0,0,0
vadimerenkov.aucards_21.apk,droidbot:bfs_naive,1,60,0,0,0,0,0
vadimerenkov.aucards_21.apk,droidbot:bfs_naive,1,180,0,0,0,0,0
vadimerenkov.aucards_21.apk,droidbot:bfs_naive,1,300,0,0,0,0,0
vadimerenkov.aucards_21.apk,droidbot:bfs_naive,2,60,0,0,0,0,0
vadimerenkov.aucards_21.apk,droidbot:bfs_naive,2,180,0,0,0,0,0
vadimerenkov.aucards_21.apk,droidbot:bfs_naive,2,300,0,0,0,0,0
vadimerenkov.aucards_21.apk,droidbot:bfs_naive,3,60,0,0,0,0,0
vadimerenkov.aucards_21.apk,droidbot:bfs_naive,3,180,0,0,0,0,0
vadimerenkov.aucards_21.apk,droidbot:bfs_naive,3,300,0,0,0,0,0
vadimerenkov.aucards_21.apk,ape,1,60,0,0,0,0,0
vadimerenkov.aucards_21.apk,ape,1,180,0,0,0,0,0
vadimerenkov.aucards_21.apk,ape,1,300,0,0,0,0,0
vadimerenkov.aucards_21.apk,ape,2,60,0,0,0,0,0
vadimerenkov.aucards_21.apk,ape,2,180,0,0,0,0,0
vadimerenkov.aucards_21.apk,ape,2,300,0,0,0,0,0
vadimerenkov.aucards_21.apk,ape,3,60,0,0,0,0,0
vadimerenkov.aucards_21.apk,ape,3,180,0,0,0,0,0
vadimerenkov.aucards_21.apk,ape,3,300,0,0,0,0,0
vadimerenkov.aucards_21.apk,droidmate,1,60,0,0,0,0,0
vadimerenkov.aucards_21.apk,droidmate,1,180,0,0,0,0,0
vadimerenkov.aucards_21.apk,droidmate,1,300,0,0,0,0,0
vadimerenkov.aucards_21.apk,droidmate,2,60,0,0,0,0,0
vadimerenkov.aucards_21.apk,droidmate,2,180,0,0,0,0,0
vadimerenkov.aucards_21.apk,droidmate,2,300,0,0,0,0,0
vadimerenkov.aucards_21.apk,droidmate,3,60,0,0,0,0,0
vadimerenkov.aucards_21.apk,droidmate,3,180,0,0,0,0,0
vadimerenkov.aucards_21.apk,droidmate,3,300,0,0,0,0,0
vadimerenkov.aucards_21.apk,humanoid,1,60,0,0,0,0,0
vadimerenkov.aucards_21.apk,humanoid,1,180,0,0,0,0,0
vadimerenkov.aucards_21.apk,humanoid,1,300,0,0,0,0,0
vadimerenkov.aucards_21.apk,humanoid,2,60,0,0,0,0,0
vadimerenkov.aucards_21.apk,humanoid,2,180,0,0,0,0,0
vadimerenkov.aucards_21.apk,humanoid,2,300,0,0,0,0,0
vadimerenkov.aucards_21.apk,humanoid,3,60,0,0,0,0,0
vadimerenkov.aucards_21.apk,humanoid,3,180,0,0,0,0,0
vadimerenkov.aucards_21.apk,humanoid,3,300,0,0,0,0,0
vadimerenkov.aucards_21.apk,ares,1,60,0,0,0,0,0
vadimerenkov.aucards_21.apk,ares,1,180,0,0,0,0,0
vadimerenkov.aucards_21.apk,ares,1,300,0,0,0,0,0
vadimerenkov.aucards_21.apk,ares,2,60,0,0,0,0,0
vadimerenkov.aucards_21.apk,ares,2,180,0,0,0,0,0
vadimerenkov.aucards_21.apk,ares,2,300,0,0,0,0,0
vadimerenkov.aucards_21.apk,ares,3,60,0,0,0,0,0
vadimerenkov.aucards_21.apk,ares,3,180,0,0,0,0,0
vadimerenkov.aucards_21.apk,ares,3,300,0,0,0,0,0
vadimerenkov.aucards_21.apk,fastbot,1,60,0,0,0,0,0
vadimerenkov.aucards_21.apk,fastbot,1,180,0,0,0,0,0
vadimerenkov.aucards_21.apk,fastbot,1,300,0,0,0,0,0
vadimerenkov.aucards_21.apk,fastbot,2,60,0,0,0,0,0
vadimerenkov.aucards_21.apk,fastbot,2,180,0,0,0,0,0
vadimerenkov.aucards_21.apk,fastbot,2,300,0,0,0,0,0
vadimerenkov.aucards_21.apk,fastbot,3,60,0,0,0,0,0
vadimerenkov.aucards_21.apk,fastbot,3,180,0,0,0,0,0
vadimerenkov.aucards_21.apk,fastbot,3,300,0,0,0,0,0
vadimerenkov.aucards_21.apk,qtesting,1,60,0,0,0,0,0
vadimerenkov.aucards_21.apk,qtesting,1,180,0,0,0,0,0
vadimerenkov.aucards_21.apk,qtesting,1,300,0,0,0,0,0
vadimerenkov.aucards_21.apk,qtesting,2,60,0,0,0,0,0
vadimerenkov.aucards_21.apk,qtesting,2,180,0,0,0,0,0
vadimerenkov.aucards_21.apk,qtesting,2,300,0,0,0,0,0
vadimerenkov.aucards_21.apk,qtesting,3,60,0,0,0,0,0
vadimerenkov.aucards_21.apk,qtesting,3,180,0,0,0,0,0
vadimerenkov.aucards_21.apk,qtesting,3,300,0,0,0,0,0
vadimerenkov.aucards_21.apk,monkey,1,60,0,0,0,0,0
app.pachli_50.apk,monkey,1,60,16,4,16,16,16.0
app.pachli_50.apk,monkey,3,180,16,4,16,16,16.0
app.pachli_50.apk,droidbot:dfs_greedy,1,60,11,3,11,11,11.0
app.pachli_50.apk,droidbot:dfs_greedy,1,180,22,3,11,11,11.0
app.pachli_50.apk,droidbot:dfs_greedy,1,300,33,3,11,11,11.0
app.pachli_50.apk,droidbot:dfs_greedy,2,60,11,3,11,11,11.0
app.pachli_50.apk,droidbot:dfs_greedy,2,180,33,3,11,11,11.0
app.pachli_50.apk,droidbot:dfs_greedy,2,300,33,3,11,11,11.0
app.pachli_50.apk,droidbot:dfs_greedy,3,60,11,3,11,11,11.0
app.pachli_50.apk,droidbot:dfs_greedy,3,180,11,3,11,11,11.0
app.pachli_50.apk,droidbot:dfs_greedy,3,300,110,3,11,11,11.0
app.pachli_50.apk,droidbot:bfs_greedy,1,60,11,3,11,11,11.0
app.pachli_50.apk,droidbot:bfs_greedy,1,180,33,3,11,11,11.0
app.pachli_50.apk,droidbot:bfs_greedy,1,300,52,3,11,11,11.0
app.pachli_50.apk,droidbot:bfs_greedy,2,60,11,3,11,11,11.0
app.pachli_50.apk,droidbot:bfs_greedy,2,180,11,3,11,11,11.0
app.pachli_50.apk,droidbot:bfs_greedy,2,300,44,3,11,11,11.0
app.pachli_50.apk,droidbot:bfs_greedy,3,60,16,4,16,16,16.0
app.pachli_50.apk,droidbot:bfs_greedy,3,180,22,3,11,11,11.0
app.pachli_50.apk,droidbot:bfs_greedy,3,300,33,3,11,11,11.0
app.pachli_50.apk,droidbot:dfs_naive,1,60,11,3,11,11,11.0
app.pachli_50.apk,droidbot:dfs_naive,1,180,11,3,11,11,11.0
app.pachli_50.apk,droidbot:dfs_naive,1,300,11,3,11,11,11.0
app.pachli_50.apk,droidbot:dfs_naive,2,60,11,3,11,11,11.0
app.pachli_50.apk,droidbot:dfs_naive,2,180,11,3,11,11,11.0
app.pachli_50.apk,droidbot:dfs_naive,2,300,11,3,11,11,11.0
app.pachli_50.apk,droidbot:dfs_naive,3,60,11,3,11,11,11.0
app.pachli_50.apk,droidbot:dfs_naive,3,180,11,3,11,11,11.0
app.pachli_50.apk,droidbot:dfs_naive,3,300,11,3,11,11,11.0
app.pachli_50.apk,droidbot:bfs_naive,1,60,11,3,11,11,11.0
app.pachli_50.apk,droidbot:bfs_naive,1,180,11,3,11,11,11.0
app.pachli_50.apk,droidbot:bfs_naive,1,300,11,3,11,11,11.0
app.pachli_50.apk,droidbot:bfs_naive,2,60,11,3,11,11,11.0
app.pachli_50.apk,droidbot:bfs_naive,2,180,11,3,11,11,11.0
app.pachli_50.apk,droidbot:bfs_naive,2,300,11,3,11,11,11.0
app.pachli_50.apk,droidbot:bfs_naive,3,60,11,3,11,11,11.0
app.pachli_50.apk,droidbot:bfs_naive,3,180,10,3,10,10,10.0
app.pachli_50.apk,droidbot:bfs_naive,3,300,11,3,11,11,11.0
app.pachli_50.apk,ape,1,60,16,4,16,16,16.0
app.pachli_50.apk,ape,1,180,16,4,16,16,16.0
app.pachli_50.apk,ape,1,300,32,4,16,16,16.0
app.pachli_50.apk,ape,2,60,16,4,16,16,16.0
app.pachli_50.apk,monkey,1,180,11,3,11,11,11.0
app.pachli_50.apk,monkey,2,180,4,1,4,4,4.0
app.pachli_50.apk,monkey,3,60,16,4,16,16,16.0
app.pachli_50.apk,monkey,3,300,16,4,16,16,16.0
app.pachli_50.apk,ape,2,180,16,4,16,16,16.0
app.pachli_50.apk,ape,2,300,32,4,16,16,16.0
app.pachli_50.apk,ape,3,60,27,4,16,16,16.0
app.pachli_50.apk,ape,3,180,16,4,16,16,16.0
app.pachli_50.apk,ape,3,300,27,4,16,16,16.0
app.pachli_50.apk,droidmate,1,60,0,0,0,0,0
app.pachli_50.apk,droidmate,1,180,32,4,16,16,16.0
app.pachli_50.apk,droidmate,1,300,32,4,16,16,16.0
app.pachli_50.apk,droidmate,2,60,16,4,16,16,16.0
app.pachli_50.apk,droidmate,2,180,32,4,16,16,16.0
app.pachli_50.apk,droidmate,2,300,43,4,16,16,16.0
app.pachli_50.apk,droidmate,3,60,16,4,16,16,16.0
app.pachli_50.apk,droidmate,3,180,32,4,16,16,16.0
app.pachli_50.apk,droidmate,3,300,32,4,16,16,16.0
app.pachli_50.apk,humanoid,1,60,11,3,11,11,11.0
app.pachli_50.apk,humanoid,1,180,16,4,16,16,16.0
app.pachli_50.apk,humanoid,1,300,16,4,16,16,16.0
app.pachli_50.apk,humanoid,2,60,11,3,11,11,11.0
app.pachli_50.apk,humanoid,2,180,22,3,11,11,11.0
app.pachli_50.apk,humanoid,2,300,27,4,16,16,16.0
app.pachli_50.apk,humanoid,3,60,16,4,16,16,16.0
app.pachli_50.apk,humanoid,3,180,11,3,11,11,11.0
app.pachli_50.apk,humanoid,3,300,11,3,11,11,11.0
app.pachli_50.apk,ares,1,60,22,3,11,11,11.0
app.pachli_50.apk,ares,1,180,27,4,16,16,16.0
app.pachli_50.apk,ares,1,300,27,4,16,16,16.0
app.pachli_50.apk,ares,2,60,22,3,11,11,11.0
app.pachli_50.apk,ares,2,180,16,4,16,16,16.0
app.pachli_50.apk,ares,2,300,27,4,16,16,16.0
app.pachli_50.apk,ares,3,60,22,3,11,11,11.0
app.pachli_50.apk,ares,3,180,27,4,16,16,16.0
app.pachli_50.apk,ares,3,300,27,4,16,16,16.0
app.pachli_50.apk,fastbot,1,60,0,0,0,0,0
app.pachli_50.apk,fastbot,1,180,11,3,11,11,11.0
app.pachli_50.apk,fastbot,1,300,16,4,16,16,16.0
app.pachli_50.apk,fastbot,2,60,11,3,11,11,11.0
app.pachli_50.apk,fastbot,2,180,0,0,0,0,0
app.pachli_50.apk,fastbot,2,300,11,3,11,11,11.0
app.pachli_50.apk,fastbot,3,60,11,3,11,11,11.0
app.pachli_50.apk,fastbot,3,180,11,3,11,11,11.0
app.pachli_50.apk,fastbot,3,300,0,0,0,0,0
app.pachli_50.apk,monkey,2,60,11,3,11,11,11.0
app.pachli_50.apk,monkey,2,300,16,4,16,16,16.0
app.pachli_50.apk,qtesting,1,60,44,3,11,11,11.0
app.pachli_50.apk,qtesting,1,180,110,3,11,11,11.0
app.pachli_50.apk,qtesting,1,300,253,3,11,11,11.0
app.pachli_50.apk,qtesting,2,60,33,3,11,11,11.0
app.pachli_50.apk,qtesting,2,180,110,3,11,11,11.0
app.pachli_50.apk,qtesting,2,300,242,3,11,11,11.0
app.pachli_50.apk,qtesting,3,60,55,3,11,11,11.0
app.pachli_50.apk,qtesting,3,180,121,3,11,11,11.0
app.pachli_50.apk,qtesting,3,300,253,3,11,11,11.0
com.a4a.g8invoicing_50.apk,monkey,2,180,0,0,0,0,0
com.a4a.g8invoicing_50.apk,monkey,3,60,0,0,0,0,0
com.a4a.g8invoicing_50.apk,monkey,3,300,0,0,0,0,0
com.a4a.g8invoicing_50.apk,droidbot:dfs_greedy,1,60,0,0,0,0,0
com.a4a.g8invoicing_50.apk,droidbot:dfs_greedy,1,180,0,0,0,0,0
com.a4a.g8invoicing_50.apk,droidbot:dfs_greedy,1,300,0,0,0,0,0
com.a4a.g8invoicing_50.apk,droidbot:dfs_greedy,2,60,0,0,0,0,0
com.a4a.g8invoicing_50.apk,droidbot:dfs_greedy,2,180,0,0,0,0,0
com.a4a.g8invoicing_50.apk,droidbot:dfs_greedy,2,300,0,0,0,0,0
com.a4a.g8invoicing_50.apk,droidbot:dfs_greedy,3,60,0,0,0,0,0
com.a4a.g8invoicing_50.apk,droidbot:dfs_greedy,3,180,0,0,0,0,0
com.a4a.g8invoicing_50.apk,droidbot:dfs_greedy,3,300,0,0,0,0,0
com.a4a.g8invoicing_50.apk,droidbot:bfs_greedy,1,60,0,0,0,0,0
com.a4a.g8invoicing_50.apk,droidbot:bfs_greedy,1,180,0,0,0,0,0
com.a4a.g8invoicing_50.apk,droidbot:bfs_greedy,1,300,0,0,0,0,0
com.a4a.g8invoicing_50.apk,droidbot:bfs_greedy,2,60,0,0,0,0,0
com.a4a.g8invoicing_50.apk,droidbot:bfs_greedy,2,180,0,0,0,0,0
com.a4a.g8invoicing_50.apk,droidbot:bfs_greedy,2,300,0,0,0,0,0
com.a4a.g8invoicing_50.apk,droidbot:bfs_greedy,3,60,0,0,0,0,0
com.a4a.g8invoicing_50.apk,droidbot:bfs_greedy,3,180,0,0,0,0,0
com.a4a.g8invoicing_50.apk,droidbot:bfs_greedy,3,300,0,0,0,0,0
com.a4a.g8invoicing_50.apk,droidbot:dfs_naive,1,180,0,0,0,0,0
com.a4a.g8invoicing_50.apk,droidbot:dfs_naive,1,300,0,0,0,0,0
com.a4a.g8invoicing_50.apk,droidbot:dfs_naive,2,60,0,0,0,0,0
com.a4a.g8invoicing_50.apk,droidbot:dfs_naive,2,180,0,0,0,0,0
com.a4a.g8invoicing_50.apk,droidbot:dfs_naive,2,300,0,0,0,0,0
com.a4a.g8invoicing_50.apk,droidbot:dfs_naive,3,60,0,0,0,0,0
com.a4a.g8invoicing_50.apk,droidbot:dfs_naive,3,180,0,0,0,0,0
com.a4a.g8invoicing_50.apk,droidbot:dfs_naive,3,300,0,0,0,0,0
com.a4a.g8invoicing_50.apk,droidbot:bfs_naive,1,60,0,0,0,0,0
com.a4a.g8invoicing_50.apk,droidbot:bfs_naive,1,180,0,0,0,0,0
com.a4a.g8invoicing_50.apk,droidbot:bfs_naive,1,300,0,0,0,0,0
com.a4a.g8invoicing_50.apk,droidbot:bfs_naive,2,60,0,0,0,0,0
com.a4a.g8invoicing_50.apk,droidbot:bfs_naive,2,180,0,0,0,0,0
com.a4a.g8invoicing_50.apk,droidbot:bfs_naive,2,300,0,0,0,0,0
com.a4a.g8invoicing_50.apk,droidbot:bfs_naive,3,60,0,0,0,0,0
com.a4a.g8invoicing_50.apk,droidbot:bfs_naive,3,180,0,0,0,0,0
com.a4a.g8invoicing_50.apk,droidbot:bfs_naive,3,300,0,0,0,0,0
com.a4a.g8invoicing_50.apk,ape,1,60,0,0,0,0,0
com.a4a.g8invoicing_50.apk,ape,1,180,0,0,0,0,0
com.a4a.g8invoicing_50.apk,ape,1,300,0,0,0,0,0
com.a4a.g8invoicing_50.apk,ape,2,60,0,0,0,0,0
com.a4a.g8invoicing_50.apk,ape,2,180,0,0,0,0,0
com.a4a.g8invoicing_50.apk,ape,2,300,0,0,0,0,0
com.a4a.g8invoicing_50.apk,ape,3,60,0,0,0,0,0
com.a4a.g8invoicing_50.apk,ape,3,180,0,0,0,0,0
com.a4a.g8invoicing_50.apk,ape,3,300,0,0,0,0,0
com.a4a.g8invoicing_50.apk,droidmate,1,60,0,0,0,0,0
com.a4a.g8invoicing_50.apk,droidmate,1,180,0,0,0,0,0
com.a4a.g8invoicing_50.apk,droidmate,1,300,0,0,0,0,0
com.a4a.g8invoicing_50.apk,droidmate,2,60,0,0,0,0,0
com.a4a.g8invoicing_50.apk,droidmate,2,180,0,0,0,0,0
com.a4a.g8invoicing_50.apk,droidmate,2,300,0,0,0,0,0
com.a4a.g8invoicing_50.apk,droidmate,3,60,0,0,0,0,0
com.a4a.g8invoicing_50.apk,droidmate,3,180,0,0,0,0,0
com.a4a.g8invoicing_50.apk,droidmate,3,300,0,0,0,0,0
com.a4a.g8invoicing_50.apk,humanoid,1,60,0,0,0,0,0
com.a4a.g8invoicing_50.apk,humanoid,1,180,0,0,0,0,0
com.a4a.g8invoicing_50.apk,humanoid,1,300,0,0,0,0,0
com.a4a.g8invoicing_50.apk,humanoid,2,60,0,0,0,0,0
com.a4a.g8invoicing_50.apk,humanoid,2,180,0,0,0,0,0
com.a4a.g8invoicing_50.apk,humanoid,2,300,0,0,0,0,0
com.a4a.g8invoicing_50.apk,humanoid,3,60,0,0,0,0,0
com.a4a.g8invoicing_50.apk,humanoid,3,180,0,0,0,0,0
com.a4a.g8invoicing_50.apk,humanoid,3,300,0,0,0,0,0
com.a4a.g8invoicing_50.apk,ares,1,60,0,0,0,0,0
com.a4a.g8invoicing_50.apk,ares,1,180,0,0,0,0,0
com.a4a.g8invoicing_50.apk,ares,1,300,0,0,0,0,0
com.a4a.g8invoicing_50.apk,ares,2,60,0,0,0,0,0
com.a4a.g8invoicing_50.apk,ares,2,180,0,0,0,0,0
com.a4a.g8invoicing_50.apk,ares,2,300,0,0,0,0,0
com.a4a.g8invoicing_50.apk,ares,3,60,0,0,0,0,0
com.a4a.g8invoicing_50.apk,ares,3,180,0,0,0,0,0
com.a4a.g8invoicing_50.apk,ares,3,300,0,0,0,0,0
com.a4a.g8invoicing_50.apk,fastbot,1,60,0,0,0,0,0
com.a4a.g8invoicing_50.apk,fastbot,1,180,0,0,0,0,0
app.pachli_50.apk,monkey,1,300,16,4,16,16,16.0
com.a4a.g8invoicing_50.apk,monkey,1,60,0,0,0,0,0
com.a4a.g8invoicing_50.apk,monkey,1,180,0,0,0,0,0
com.a4a.g8invoicing_50.apk,monkey,1,300,0,0,0,0,0
com.a4a.g8invoicing_50.apk,monkey,2,60,0,0,0,0,0
com.a4a.g8invoicing_50.apk,monkey,2,300,0,0,0,0,0
com.a4a.g8invoicing_50.apk,monkey,3,180,0,0,0,0,0
com.a4a.g8invoicing_50.apk,droidbot:dfs_naive,1,60,0,0,0,0,0
com.a4a.g8invoicing_50.apk,fastbot,1,300,0,0,0,0,0
com.a4a.g8invoicing_50.apk,fastbot,2,60,0,0,0,0,0
com.a4a.g8invoicing_50.apk,fastbot,2,180,0,0,0,0,0
com.a4a.g8invoicing_50.apk,fastbot,2,300,0,0,0,0,0
com.a4a.g8invoicing_50.apk,fastbot,3,60,0,0,0,0,0
com.a4a.g8invoicing_50.apk,fastbot,3,180,0,0,0,0,0
com.a4a.g8invoicing_50.apk,fastbot,3,300,0,0,0,0,0
com.a4a.g8invoicing_50.apk,qtesting,1,60,0,0,0,0,0
com.a4a.g8invoicing_50.apk,qtesting,1,180,0,0,0,0,0
com.a4a.g8invoicing_50.apk,qtesting,1,300,0,0,0,0,0
com.a4a.g8invoicing_50.apk,qtesting,2,60,0,0,0,0,0
com.a4a.g8invoicing_50.apk,qtesting,2,180,0,0,0,0,0
com.a4a.g8invoicing_50.apk,qtesting,2,300,0,0,0,0,0
com.a4a.g8invoicing_50.apk,qtesting,3,60,0,0,0,0,0
com.a4a.g8invoicing_50.apk,qtesting,3,180,0,0,0,0,0
com.a4a.g8invoicing_50.apk,qtesting,3,300,0,0,0,0,0
com.craxiom.networksurvey_114.apk,monkey,1,60,7,2,7,7,7.0
com.craxiom.networksurvey_114.apk,monkey,1,180,10,4,10,10,10.0
com.craxiom.networksurvey_114.apk,monkey,1,300,18,5,11,11,11.0
com.craxiom.networksurvey_114.apk,monkey,2,60,7,2,7,7,7.0
com.craxiom.networksurvey_114.apk,monkey,2,180,14,8,14,14,14.0
com.craxiom.networksurvey_114.apk,monkey,2,300,10,4,10,10,10.0
com.craxiom.networksurvey_114.apk,monkey,3,60,7,2,7,7,7.0
com.craxiom.networksurvey_114.apk,monkey,3,180,10,4,10,10,10.0
com.craxiom.networksurvey_114.apk,monkey,3,300,3,2,3,3,3.0
com.craxiom.networksurvey_114.apk,droidbot:dfs_greedy,1,60,7,2,7,7,7.0
com.craxiom.networksurvey_114.apk,droidbot:dfs_greedy,1,180,7,2,7,7,7.0
com.craxiom.networksurvey_114.apk,droidbot:dfs_greedy,1,300,7,2,7,7,7.0
com.craxiom.networksurvey_114.apk,droidbot:dfs_greedy,2,60,7,2,7,7,7.0
com.craxiom.networksurvey_114.apk,droidbot:dfs_greedy,2,180,7,2,7,7,7.0
com.craxiom.networksurvey_114.apk,droidbot:dfs_greedy,2,300,21,2,7,7,7.0
com.craxiom.networksurvey_114.apk,droidbot:dfs_greedy,3,60,7,2,7,7,7.0
com.craxiom.networksurvey_114.apk,droidbot:dfs_greedy,3,180,7,2,7,7,7.0
com.craxiom.networksurvey_114.apk,droidbot:dfs_greedy,3,300,7,2,7,7,7.0
com.craxiom.networksurvey_114.apk,droidbot:bfs_greedy,1,60,7,2,7,7,7.0
com.craxiom.networksurvey_114.apk,droidbot:bfs_greedy,1,180,7,2,7,7,7.0
com.craxiom.networksurvey_114.apk,droidbot:bfs_greedy,1,300,28,2,7,7,7.0
com.craxiom.networksurvey_114.apk,droidbot:bfs_greedy,2,60,7,2,7,7,7.0
com.craxiom.networksurvey_114.apk,droidbot:bfs_greedy,2,180,7,2,7,7,7.0
com.craxiom.networksurvey_114.apk,droidbot:bfs_greedy,2,300,7,2,7,7,7.0
com.craxiom.networksurvey_114.apk,droidbot:bfs_greedy,3,60,7,2,7,7,7.0
com.craxiom.networksurvey_114.apk,droidbot:bfs_greedy,3,180,7,2,7,7,7.0
com.craxiom.networksurvey_114.apk,droidbot:bfs_greedy,3,300,7,2,7,7,7.0
com.craxiom.networksurvey_114.apk,droidbot:dfs_naive,1,60,7,2,7,7,7.0
com.craxiom.networksurvey_114.apk,droidbot:dfs_naive,1,300,7,2,7,7,7.0
com.craxiom.networksurvey_114.apk,droidbot:dfs_naive,2,60,7,2,7,7,7.0
com.craxiom.networksurvey_114.apk,droidbot:dfs_naive,2,180,7,2,7,7,7.0
com.craxiom.networksurvey_114.apk,droidbot:dfs_naive,2,300,7,2,7,7,7.0
com.craxiom.networksurvey_114.apk,droidbot:dfs_naive,3,60,7,2,7,7,7.0
com.craxiom.networksurvey_114.apk,droidbot:dfs_naive,3,180,7,2,7,7,7.0
com.craxiom.networksurvey_114.apk,droidbot:dfs_naive,3,300,7,2,7,7,7.0
com.craxiom.networksurvey_114.apk,droidbot:bfs_naive,1,60,7,2,7,7,7.0
com.craxiom.networksurvey_114.apk,droidbot:bfs_naive,1,180,7,2,7,7,7.0
com.craxiom.networksurvey_114.apk,droidbot:bfs_naive,1,300,7,2,7,7,7.0
com.craxiom.networksurvey_114.apk,droidbot:bfs_naive,2,60,7,2,7,7,7.0
com.craxiom.networksurvey_114.apk,droidbot:bfs_naive,2,180,7,2,7,7,7.0
com.craxiom.networksurvey_114.apk,droidbot:bfs_naive,2,300,14,2,7,7,7.0
com.craxiom.networksurvey_114.apk,droidbot:bfs_naive,3,60,7,2,7,7,7.0
com.craxiom.networksurvey_114.apk,droidbot:bfs_naive,3,180,7,2,7,7,7.0
com.craxiom.networksurvey_114.apk,droidbot:bfs_naive,3,300,7,2,7,7,7.0
com.craxiom.networksurvey_114.apk,ape,1,60,7,2,7,7,7.0
com.craxiom.networksurvey_114.apk,ape,1,180,11,6,11,11,11.0
com.craxiom.networksurvey_114.apk,ape,1,300,7,2,7,7,7.0
com.craxiom.networksurvey_114.apk,ape,2,60,7,2,7,7,7.0
com.craxiom.networksurvey_114.apk,ape,2,180,7,2,7,7,7.0
com.craxiom.networksurvey_114.apk,ape,2,300,7,2,7,7,7.0
com.craxiom.networksurvey_114.apk,ape,3,60,10,4,10,10,10.0
com.craxiom.networksurvey_114.apk,ape,3,180,10,4,10,10,10.0
com.craxiom.networksurvey_114.apk,ape,3,300,17,4,10,10,10.0
com.craxiom.networksurvey_114.apk,droidmate,1,60,0,0,0,0,0
com.craxiom.networksurvey_114.apk,droidmate,1,180,14,2,7,7,7.0
com.craxiom.networksurvey_114.apk,droidmate,1,300,14,2,7,7,7.0
com.craxiom.networksurvey_114.apk,droidmate,2,60,7,2,7,7,7.0
com.craxiom.networksurvey_114.apk,droidmate,2,180,7,2,7,7,7.0
com.craxiom.networksurvey_114.apk,droidmate,2,300,14,2,7,7,7.0
com.craxiom.networksurvey_114.apk,droidmate,3,60,7,2,7,7,7.0
com.craxiom.networksurvey_114.apk,droidmate,3,180,7,2,7,7,7.0
com.craxiom.networksurvey_114.apk,droidmate,3,300,10,2,7,7,7.0
com.craxiom.networksurvey_114.apk,humanoid,1,60,7,2,7,7,7.0
com.craxiom.networksurvey_114.apk,humanoid,1,180,10,4,10,10,10.0
com.craxiom.networksurvey_114.apk,humanoid,1,300,10,4,10,10,10.0
com.craxiom.networksurvey_114.apk,humanoid,2,60,7,2,7,7,7.0
com.craxiom.networksurvey_114.apk,humanoid,2,180,7,2,7,7,7.0
com.craxiom.networksurvey_114.apk,humanoid,2,300,7,2,7,7,7.0
com.craxiom.networksurvey_114.apk,humanoid,3,60,7,2,7,7,7.0
com.craxiom.networksurvey_114.apk,humanoid,3,180,7,2,7,7,7.0
com.craxiom.networksurvey_114.apk,humanoid,3,300,10,4,10,10,10.0
com.craxiom.networksurvey_114.apk,ares,1,60,7,2,7,7,7.0
com.craxiom.networksurvey_114.apk,ares,1,180,14,2,7,7,7.0
com.craxiom.networksurvey_114.apk,ares,1,300,14,2,7,7,7.0
com.craxiom.networksurvey_114.apk,ares,2,60,14,2,7,7,7.0
com.craxiom.networksurvey_114.apk,ares,2,180,17,4,10,10,10.0
com.craxiom.networksurvey_114.apk,ares,2,300,24,4,10,10,10.0
com.craxiom.networksurvey_114.apk,ares,3,60,14,2,7,7,7.0
com.craxiom.networksurvey_114.apk,ares,3,180,14,2,7,7,7.0
com.craxiom.networksurvey_114.apk,ares,3,300,14,2,7,7,7.0
com.craxiom.networksurvey_114.apk,fastbot,1,180,14,2,7,7,7.0
com.craxiom.networksurvey_114.apk,droidbot:dfs_naive,1,180,7,2,7,7,7.0
com.craxiom.networksurvey_114.apk,fastbot,1,60,7,2,7,7,7.0
com.craxiom.networksurvey_114.apk,fastbot,1,300,7,2,7,7,7.0
com.craxiom.networksurvey_114.apk,fastbot,2,60,14,2,7,7,7.0
com.craxiom.networksurvey_114.apk,fastbot,2,180,14,2,7,7,7.0
com.craxiom.networksurvey_114.apk,fastbot,2,300,14,2,7,7,7.0
com.craxiom.networksurvey_114.apk,fastbot,3,60,7,2,7,7,7.0
com.craxiom.networksurvey_114.apk,fastbot,3,180,7,2,7,7,7.0
com.craxiom.networksurvey_114.apk,fastbot,3,300,7,2,7,7,7.0
com.craxiom.networksurvey_114.apk,qtesting,1,60,0,0,0,0,0
com.craxiom.networksurvey_114.apk,qtesting,1,180,21,2,7,7,7.0
com.craxiom.networksurvey_114.apk,qtesting,1,300,42,2,7,7,7.0
com.craxiom.networksurvey_114.apk,qtesting,2,60,7,2,7,7,7.0
com.craxiom.networksurvey_114.apk,qtesting,2,180,14,2,7,7,7.0
com.craxiom.networksurvey_114.apk,qtesting,2,300,42,2,7,7,7.0
com.craxiom.networksurvey_114.apk,qtesting,3,60,14,2,7,7,7.0
com.craxiom.networksurvey_114.apk,qtesting,3,180,49,2,7,7,7.0
com.craxiom.networksurvey_114.apk,qtesting,3,300,35,2,7,7,7.0
com.faltenreich.diaguard_68.apk,monkey,1,60,7,2,7,7,7.0
com.faltenreich.diaguard_68.apk,monkey,1,180,7,2,7,7,7.0
com.faltenreich.diaguard_68.apk,monkey,1,300,7,2,7,7,7.0
com.faltenreich.diaguard_68.apk,monkey,2,60,7,2,7,7,7.0
com.faltenreich.diaguard_68.apk,monkey,2,180,7,2,7,7,7.0
com.faltenreich.diaguard_68.apk,monkey,2,300,7,2,7,7,7.0
com.faltenreich.diaguard_68.apk,monkey,3,60,7,2,7,7,7.0
com.faltenreich.diaguard_68.apk,monkey,3,180,7,2,7,7,7.0
com.faltenreich.diaguard_68.apk,monkey,3,300,7,2,7,7,7.0
com.faltenreich.diaguard_68.apk,droidbot:dfs_greedy,1,60,7,2,7,7,7.0
com.faltenreich.diaguard_68.apk,droidbot:dfs_greedy,1,180,7,2,7,7,7.0
com.faltenreich.diaguard_68.apk,droidbot:dfs_greedy,1,300,7,2,7,7,7.0
com.faltenreich.diaguard_68.apk,droidbot:dfs_greedy,2,60,7,2,7,7,7.0
com.faltenreich.diaguard_68.apk,droidbot:dfs_greedy,2,180,7,2,7,7,7.0
com.faltenreich.diaguard_68.apk,droidbot:dfs_greedy,2,300,7,2,7,7,7.0
com.faltenreich.diaguard_68.apk,droidbot:dfs_greedy,3,60,7,2,7,7,7.0
com.faltenreich.diaguard_68.apk,droidbot:dfs_greedy,3,180,7,2,7,7,7.0
com.faltenreich.diaguard_68.apk,droidbot:dfs_greedy,3,300,7,2,7,7,7.0
com.faltenreich.diaguard_68.apk,droidbot:bfs_greedy,1,60,7,2,7,7,7.0
com.faltenreich.diaguard_68.apk,droidbot:bfs_greedy,1,180,7,2,7,7,7.0
com.faltenreich.diaguard_68.apk,droidbot:bfs_greedy,1,300,7,2,7,7,7.0
com.faltenreich.diaguard_68.apk,droidbot:bfs_greedy,2,60,7,2,7,7,7.0
com.faltenreich.diaguard_68.apk,droidbot:bfs_greedy,2,180,7,2,7,7,7.0
com.faltenreich.diaguard_68.apk,droidbot:bfs_greedy,2,300,7,2,7,7,7.0
com.faltenreich.diaguard_68.apk,droidbot:bfs_greedy,3,60,7,2,7,7,7.0
com.faltenreich.diaguard_68.apk,droidbot:bfs_greedy,3,180,7,2,7,7,7.0
com.faltenreich.diaguard_68.apk,droidbot:bfs_greedy,3,300,7,2,7,7,7.0
com.faltenreich.diaguard_68.apk,droidbot:dfs_naive,1,60,7,2,7,7,7.0
com.faltenreich.diaguard_68.apk,droidbot:dfs_naive,1,180,7,2,7,7,7.0
com.faltenreich.diaguard_68.apk,droidbot:dfs_naive,1,300,7,2,7,7,7.0
com.faltenreich.diaguard_68.apk,droidbot:dfs_naive,2,60,7,2,7,7,7.0
com.faltenreich.diaguard_68.apk,droidbot:dfs_naive,2,180,7,2,7,7,7.0
com.faltenreich.diaguard_68.apk,droidbot:dfs_naive,2,300,7,2,7,7,7.0
com.faltenreich.diaguard_68.apk,droidbot:dfs_naive,3,60,7,2,7,7,7.0
com.faltenreich.diaguard_68.apk,droidbot:dfs_naive,3,180,7,2,7,7,7.0
com.faltenreich.diaguard_68.apk,droidbot:dfs_naive,3,300,7,2,7,7,7.0
com.faltenreich.diaguard_68.apk,droidbot:bfs_naive,1,60,7,2,7,7,7.0
com.faltenreich.diaguard_68.apk,droidbot:bfs_naive,1,180,7,2,7,7,7.0
com.faltenreich.diaguard_68.apk,droidbot:bfs_naive,1,300,7,2,7,7,7.0
com.faltenreich.diaguard_68.apk,droidbot:bfs_naive,2,60,7,2,7,7,7.0
com.faltenreich.diaguard_68.apk,droidbot:bfs_naive,2,180,7,2,7,7,7.0
com.faltenreich.diaguard_68.apk,droidbot:bfs_naive,2,300,7,2,7,7,7.0
com.faltenreich.diaguard_68.apk,droidbot:bfs_naive,3,60,7,2,7,7,7.0
com.faltenreich.diaguard_68.apk,droidbot:bfs_naive,3,180,7,2,7,7,7.0
com.faltenreich.diaguard_68.apk,droidbot:bfs_naive,3,300,7,2,7,7,7.0
com.faltenreich.diaguard_68.apk,ape,1,60,28,2,7,7,7.0
com.faltenreich.diaguard_68.apk,ape,1,180,7,2,7,7,7.0
com.faltenreich.diaguard_68.apk,ape,1,300,14,2,7,7,7.0
com.faltenreich.diaguard_68.apk,ape,2,60,7,2,7,7,7.0
com.faltenreich.diaguard_68.apk,ape,2,180,21,2,7,7,7.0
com.faltenreich.diaguard_68.apk,ape,2,300,21,2,7,7,7.0
com.faltenreich.diaguard_68.apk,ape,3,60,7,2,7,7,7.0
com.faltenreich.diaguard_68.apk,ape,3,180,7,2,7,7,7.0
com.faltenreich.diaguard_68.apk,ape,3,300,28,2,7,7,7.0
com.faltenreich.diaguard_68.apk,droidmate,1,60,7,2,7,7,7.0
com.faltenreich.diaguard_68.apk,droidmate,1,180,7,2,7,7,7.0
com.faltenreich.diaguard_68.apk,droidmate,1,300,14,2,7,7,7.0
com.faltenreich.diaguard_68.apk,droidmate,2,60,7,2,7,7,7.0
com.faltenreich.diaguard_68.apk,droidmate,2,180,7,2,7,7,7.0
com.faltenreich.diaguard_68.apk,droidmate,2,300,14,2,7,7,7.0
com.faltenreich.diaguard_68.apk,droidmate,3,60,7,2,7,7,7.0
com.faltenreich.diaguard_68.apk,droidmate,3,180,7,2,7,7,7.0
com.faltenreich.diaguard_68.apk,droidmate,3,300,14,2,7,7,7.0
com.faltenreich.diaguard_68.apk,humanoid,1,60,7,2,7,7,7.0
com.faltenreich.diaguard_68.apk,humanoid,1,180,7,2,7,7,7.0
com.faltenreich.diaguard_68.apk,humanoid,1,300,7,2,7,7,7.0
com.faltenreich.diaguard_68.apk,humanoid,2,60,7,2,7,7,7.0
com.faltenreich.diaguard_68.apk,humanoid,2,180,7,2,7,7,7.0
com.faltenreich.diaguard_68.apk,humanoid,2,300,7,2,7,7,7.0
com.faltenreich.diaguard_68.apk,humanoid,3,60,7,2,7,7,7.0
com.faltenreich.diaguard_68.apk,humanoid,3,300,7,2,7,7,7.0
com.faltenreich.diaguard_68.apk,ares,1,60,14,2,7,7,7.0
com.faltenreich.diaguard_68.apk,ares,1,180,14,2,7,7,7.0
com.faltenreich.diaguard_68.apk,ares,1,300,28,2,7,7,7.0
com.faltenreich.diaguard_68.apk,ares,2,60,14,2,7,7,7.0
com.faltenreich.diaguard_68.apk,ares,2,180,21,2,7,7,7.0
com.faltenreich.diaguard_68.apk,ares,2,300,14,2,7,7,7.0
com.faltenreich.diaguard_68.apk,ares,3,60,14,2,7,7,7.0
com.faltenreich.diaguard_68.apk,ares,3,180,14,2,7,7,7.0
com.faltenreich.diaguard_68.apk,ares,3,300,14,2,7,7,7.0
com.faltenreich.diaguard_68.apk,fastbot,1,60,7,2,7,7,7.0
com.faltenreich.diaguard_68.apk,fastbot,1,180,7,2,7,7,7.0
com.faltenreich.diaguard_68.apk,fastbot,1,300,7,2,7,7,7.0
com.faltenreich.diaguard_68.apk,fastbot,2,60,7,2,7,7,7.0
com.faltenreich.diaguard_68.apk,fastbot,2,180,7,2,7,7,7.0
com.faltenreich.diaguard_68.apk,fastbot,2,300,7,2,7,7,7.0
com.faltenreich.diaguard_68.apk,fastbot,3,60,7,2,7,7,7.0
com.faltenreich.diaguard_68.apk,fastbot,3,180,7,2,7,7,7.0
com.faltenreich.diaguard_68.apk,fastbot,3,300,7,2,7,7,7.0
com.faltenreich.diaguard_68.apk,qtesting,1,60,21,2,7,7,7.0
com.faltenreich.diaguard_68.apk,qtesting,1,180,28,2,7,7,7.0
com.faltenreich.diaguard_68.apk,qtesting,1,300,28,2,7,7,7.0
com.faltenreich.diaguard_68.apk,qtesting,2,60,7,2,7,7,7.0
com.faltenreich.diaguard_68.apk,qtesting,2,180,21,2,7,7,7.0
com.faltenreich.diaguard_68.apk,qtesting,2,300,28,2,7,7,7.0
com.faltenreich.diaguard_68.apk,qtesting,3,60,14,2,7,7,7.0
com.faltenreich.diaguard_68.apk,qtesting,3,180,14,2,7,7,7.0
com.faltenreich.diaguard_68.apk,qtesting,3,300,35,2,7,7,7.0
com.github.livingwithhippos.unchained_60.apk,monkey,1,60,7,2,7,7,7.0
com.github.livingwithhippos.unchained_60.apk,monkey,1,180,7,2,7,7,7.0
com.github.livingwithhippos.unchained_60.apk,monkey,1,300,7,2,7,7,7.0
com.github.livingwithhippos.unchained_60.apk,monkey,2,60,7,2,7,7,7.0
com.github.livingwithhippos.unchained_60.apk,monkey,2,180,7,2,7,7,7.0
com.github.livingwithhippos.unchained_60.apk,monkey,2,300,7,2,7,7,7.0
com.github.livingwithhippos.unchained_60.apk,monkey,3,60,7,2,7,7,7.0
com.github.livingwithhippos.unchained_60.apk,monkey,3,180,7,2,7,7,7.0
com.github.livingwithhippos.unchained_60.apk,monkey,3,300,7,2,7,7,7.0
com.github.livingwithhippos.unchained_60.apk,droidbot:dfs_greedy,1,60,7,2,7,7,7.0
com.github.livingwithhippos.unchained_60.apk,droidbot:dfs_greedy,1,180,7,2,7,7,7.0
com.github.livingwithhippos.unchained_60.apk,droidbot:dfs_greedy,1,300,7,2,7,7,7.0
com.github.livingwithhippos.unchained_60.apk,droidbot:dfs_greedy,2,60,7,2,7,7,7.0
com.github.livingwithhippos.unchained_60.apk,droidbot:dfs_greedy,2,180,7,2,7,7,7.0
com.github.livingwithhippos.unchained_60.apk,droidbot:dfs_greedy,2,300,7,2,7,7,7.0
com.github.livingwithhippos.unchained_60.apk,droidbot:dfs_greedy,3,60,7,2,7,7,7.0
com.github.livingwithhippos.unchained_60.apk,droidbot:dfs_greedy,3,180,7,2,7,7,7.0
com.github.livingwithhippos.unchained_60.apk,droidbot:dfs_greedy,3,300,7,2,7,7,7.0
com.github.livingwithhippos.unchained_60.apk,droidbot:bfs_greedy,1,60,7,2,7,7,7.0
com.github.livingwithhippos.unchained_60.apk,droidbot:bfs_greedy,1,180,7,2,7,7,7.0
com.github.livingwithhippos.unchained_60.apk,droidbot:bfs_greedy,1,300,7,2,7,7,7.0
com.github.livingwithhippos.unchained_60.apk,droidbot:bfs_greedy,2,60,7,2,7,7,7.0
com.github.livingwithhippos.unchained_60.apk,droidbot:bfs_greedy,2,180,7,2,7,7,7.0
com.github.livingwithhippos.unchained_60.apk,droidbot:bfs_greedy,2,300,7,2,7,7,7.0
com.github.livingwithhippos.unchained_60.apk,droidbot:bfs_greedy,3,60,7,2,7,7,7.0
com.github.livingwithhippos.unchained_60.apk,droidbot:bfs_greedy,3,180,7,2,7,7,7.0
com.github.livingwithhippos.unchained_60.apk,droidbot:bfs_greedy,3,300,7,2,7,7,7.0
com.github.livingwithhippos.unchained_60.apk,droidbot:dfs_naive,1,60,7,2,7,7,7.0
com.github.livingwithhippos.unchained_60.apk,droidbot:dfs_naive,1,180,7,2,7,7,7.0
com.github.livingwithhippos.unchained_60.apk,droidbot:dfs_naive,1,300,7,2,7,7,7.0
com.github.livingwithhippos.unchained_60.apk,droidbot:dfs_naive,2,60,7,2,7,7,7.0
com.github.livingwithhippos.unchained_60.apk,droidbot:dfs_naive,2,180,7,2,7,7,7.0
com.github.livingwithhippos.unchained_60.apk,droidbot:dfs_naive,2,300,7,2,7,7,7.0
com.github.livingwithhippos.unchained_60.apk,droidbot:dfs_naive,3,60,7,2,7,7,7.0
com.github.livingwithhippos.unchained_60.apk,droidbot:dfs_naive,3,180,7,2,7,7,7.0
com.github.livingwithhippos.unchained_60.apk,droidbot:dfs_naive,3,300,7,2,7,7,7.0
com.github.livingwithhippos.unchained_60.apk,droidbot:bfs_naive,1,180,7,2,7,7,7.0
com.github.livingwithhippos.unchained_60.apk,droidbot:bfs_naive,1,300,7,2,7,7,7.0
com.github.livingwithhippos.unchained_60.apk,droidbot:bfs_naive,2,60,7,2,7,7,7.0
com.github.livingwithhippos.unchained_60.apk,droidbot:bfs_naive,2,180,7,2,7,7,7.0
com.github.livingwithhippos.unchained_60.apk,droidbot:bfs_naive,2,300,7,2,7,7,7.0
com.github.livingwithhippos.unchained_60.apk,droidbot:bfs_naive,3,60,7,2,7,7,7.0
com.github.livingwithhippos.unchained_60.apk,droidbot:bfs_naive,3,180,7,2,7,7,7.0
com.github.livingwithhippos.unchained_60.apk,droidbot:bfs_naive,3,300,7,2,7,7,7.0
com.github.livingwithhippos.unchained_60.apk,ape,1,60,7,2,7,7,7.0
com.github.livingwithhippos.unchained_60.apk,ape,1,180,14,2,7,7,7.0
com.github.livingwithhippos.unchained_60.apk,ape,1,300,21,2,7,7,7.0
com.github.livingwithhippos.unchained_60.apk,ape,2,60,7,2,7,7,7.0
com.github.livingwithhippos.unchained_60.apk,ape,2,180,7,2,7,7,7.0
com.github.livingwithhippos.unchained_60.apk,ape,2,300,14,2,7,7,7.0
com.github.livingwithhippos.unchained_60.apk,ape,3,60,7,2,7,7,7.0
com.github.livingwithhippos.unchained_60.apk,ape,3,180,7,2,7,7,7.0
com.github.livingwithhippos.unchained_60.apk,ape,3,300,14,2,7,7,7.0
com.github.livingwithhippos.unchained_60.apk,droidmate,1,60,7,2,7,7,7.0
com.github.livingwithhippos.unchained_60.apk,droidmate,1,180,7,2,7,7,7.0
com.github.livingwithhippos.unchained_60.apk,droidmate,1,300,14,2,7,7,7.0
com.github.livingwithhippos.unchained_60.apk,droidmate,2,60,7,2,7,7,7.0
com.github.livingwithhippos.unchained_60.apk,droidmate,2,180,7,2,7,7,7.0
com.github.livingwithhippos.unchained_60.apk,droidmate,2,300,14,2,7,7,7.0
com.github.livingwithhippos.unchained_60.apk,droidmate,3,60,7,2,7,7,7.0
com.github.livingwithhippos.unchained_60.apk,droidmate,3,180,7,2,7,7,7.0
com.github.livingwithhippos.unchained_60.apk,droidmate,3,300,14,2,7,7,7.0
com.github.livingwithhippos.unchained_60.apk,humanoid,1,60,7,2,7,7,7.0
com.github.livingwithhippos.unchained_60.apk,humanoid,1,180,7,2,7,7,7.0
com.github.livingwithhippos.unchained_60.apk,humanoid,1,300,7,2,7,7,7.0
com.github.livingwithhippos.unchained_60.apk,humanoid,2,60,7,2,7,7,7.0
com.github.livingwithhippos.unchained_60.apk,humanoid,2,180,7,2,7,7,7.0
com.github.livingwithhippos.unchained_60.apk,humanoid,2,300,7,2,7,7,7.0
com.github.livingwithhippos.unchained_60.apk,humanoid,3,60,7,2,7,7,7.0
com.github.livingwithhippos.unchained_60.apk,humanoid,3,180,7,2,7,7,7.0
com.github.livingwithhippos.unchained_60.apk,humanoid,3,300,7,2,7,7,7.0
com.github.livingwithhippos.unchained_60.apk,ares,1,60,14,2,7,7,7.0
com.github.livingwithhippos.unchained_60.apk,ares,1,180,14,2,7,7,7.0
com.github.livingwithhippos.unchained_60.apk,ares,1,300,14,2,7,7,7.0
com.github.livingwithhippos.unchained_60.apk,ares,2,60,14,2,7,7,7.0
com.github.livingwithhippos.unchained_60.apk,ares,2,180,14,2,7,7,7.0
com.github.livingwithhippos.unchained_60.apk,ares,2,300,14,2,7,7,7.0
com.github.livingwithhippos.unchained_60.apk,ares,3,60,14,2,7,7,7.0
com.github.livingwithhippos.unchained_60.apk,ares,3,180,14,2,7,7,7.0
com.github.livingwithhippos.unchained_60.apk,ares,3,300,14,2,7,7,7.0
com.github.livingwithhippos.unchained_60.apk,fastbot,1,60,7,2,7,7,7.0
com.github.livingwithhippos.unchained_60.apk,fastbot,1,180,7,2,7,7,7.0
com.github.livingwithhippos.unchained_60.apk,fastbot,1,300,0,0,0,0,0
com.github.livingwithhippos.unchained_60.apk,fastbot,2,60,7,2,7,7,7.0
com.github.livingwithhippos.unchained_60.apk,fastbot,2,180,7,2,7,7,7.0
com.github.livingwithhippos.unchained_60.apk,fastbot,2,300,7,2,7,7,7.0
com.github.livingwithhippos.unchained_60.apk,fastbot,3,60,7,2,7,7,7.0
com.github.livingwithhippos.unchained_60.apk,fastbot,3,180,0,0,0,0,0
com.github.livingwithhippos.unchained_60.apk,fastbot,3,300,7,2,7,7,7.0
com.github.livingwithhippos.unchained_60.apk,qtesting,1,60,7,2,7,7,7.0
com.github.livingwithhippos.unchained_60.apk,qtesting,1,180,28,2,7,7,7.0
com.github.livingwithhippos.unchained_60.apk,qtesting,1,300,42,2,7,7,7.0
com.github.livingwithhippos.unchained_60.apk,qtesting,2,60,0,0,0,0,0
com.github.livingwithhippos.unchained_60.apk,qtesting,2,180,28,2,7,7,7.0
com.github.livingwithhippos.unchained_60.apk,qtesting,2,300,28,2,7,7,7.0
com.github.livingwithhippos.unchained_60.apk,qtesting,3,60,14,2,7,7,7.0
com.github.livingwithhippos.unchained_60.apk,qtesting,3,180,21,2,7,7,7.0
com.github.livingwithhippos.unchained_60.apk,qtesting,3,300,35,2,7,7,7.0
com.faltenreich.diaguard_68.apk,humanoid,3,180,7,2,7,7,7.0
com.github.livingwithhippos.unchained_60.apk,droidbot:bfs_naive,1,60,7,2,7,7,7.0
com.kylecorry.trail_sense_145.apk,monkey,1,60,0,0,0,0,0
com.kylecorry.trail_sense_145.apk,monkey,1,180,0,0,0,0,0
com.kylecorry.trail_sense_145.apk,monkey,1,300,0,0,0,0,0
com.kylecorry.trail_sense_145.apk,monkey,2,60,0,0,0,0,0
com.kylecorry.trail_sense_145.apk,monkey,2,180,0,0,0,0,0
com.kylecorry.trail_sense_145.apk,monkey,2,300,0,0,0,0,0
com.kylecorry.trail_sense_145.apk,monkey,3,60,0,0,0,0,0
com.kylecorry.trail_sense_145.apk,monkey,3,180,0,0,0,0,0
com.kylecorry.trail_sense_145.apk,monkey,3,300,0,0,0,0,0
com.kylecorry.trail_sense_145.apk,droidbot:dfs_greedy,1,60,0,0,0,0,0
com.kylecorry.trail_sense_145.apk,droidbot:dfs_greedy,1,180,0,0,0,0,0
com.kylecorry.trail_sense_145.apk,droidbot:dfs_greedy,1,300,0,0,0,0,0
com.kylecorry.trail_sense_145.apk,droidbot:dfs_greedy,2,60,0,0,0,0,0
com.kylecorry.trail_sense_145.apk,droidbot:dfs_greedy,2,180,0,0,0,0,0
com.kylecorry.trail_sense_145.apk,droidbot:dfs_greedy,2,300,0,0,0,0,0
com.kylecorry.trail_sense_145.apk,droidbot:dfs_greedy,3,60,0,0,0,0,0
com.kylecorry.trail_sense_145.apk,droidbot:dfs_greedy,3,180,0,0,0,0,0
com.kylecorry.trail_sense_145.apk,droidbot:dfs_greedy,3,300,0,0,0,0,0
com.kylecorry.trail_sense_145.apk,droidbot:bfs_greedy,1,60,0,0,0,0,0
com.kylecorry.trail_sense_145.apk,droidbot:bfs_greedy,1,180,0,0,0,0,0
com.kylecorry.trail_sense_145.apk,droidbot:bfs_greedy,1,300,0,0,0,0,0
com.kylecorry.trail_sense_145.apk,droidbot:bfs_greedy,2,60,0,0,0,0,0
com.kylecorry.trail_sense_145.apk,droidbot:bfs_greedy,2,180,0,0,0,0,0
com.kylecorry.trail_sense_145.apk,droidbot:bfs_greedy,2,300,0,0,0,0,0
com.kylecorry.trail_sense_145.apk,droidbot:bfs_greedy,3,60,0,0,0,0,0
com.kylecorry.trail_sense_145.apk,droidbot:bfs_greedy,3,180,0,0,0,0,0
com.kylecorry.trail_sense_145.apk,droidbot:bfs_greedy,3,300,0,0,0,0,0
com.kylecorry.trail_sense_145.apk,droidbot:dfs_naive,1,60,0,0,0,0,0
com.kylecorry.trail_sense_145.apk,droidbot:dfs_naive,1,180,0,0,0,0,0
com.kylecorry.trail_sense_145.apk,droidbot:dfs_naive,1,300,0,0,0,0,0
com.kylecorry.trail_sense_145.apk,droidbot:dfs_naive,2,60,0,0,0,0,0
com.kylecorry.trail_sense_145.apk,droidbot:dfs_naive,2,180,0,0,0,0,0
com.kylecorry.trail_sense_145.apk,droidbot:dfs_naive,2,300,0,0,0,0,0
com.kylecorry.trail_sense_145.apk,droidbot:dfs_naive,3,60,0,0,0,0,0
com.kylecorry.trail_sense_145.apk,droidbot:dfs_naive,3,180,0,0,0,0,0
com.kylecorry.trail_sense_145.apk,droidbot:dfs_naive,3,300,0,0,0,0,0
com.kylecorry.trail_sense_145.apk,droidbot:bfs_naive,1,60,0,0,0,0,0
com.kylecorry.trail_sense_145.apk,droidbot:bfs_naive,1,180,0,0,0,0,0
com.kylecorry.trail_sense_145.apk,droidbot:bfs_naive,1,300,0,0,0,0,0
com.kylecorry.trail_sense_145.apk,droidbot:bfs_naive,2,60,0,0,0,0,0
com.kylecorry.trail_sense_145.apk,droidbot:bfs_naive,2,180,0,0,0,0,0
com.kylecorry.trail_sense_145.apk,droidbot:bfs_naive,2,300,0,0,0,0,0
com.kylecorry.trail_sense_145.apk,droidbot:bfs_naive,3,60,0,0,0,0,0
com.kylecorry.trail_sense_145.apk,droidbot:bfs_naive,3,180,0,0,0,0,0
com.kylecorry.trail_sense_145.apk,droidbot:bfs_naive,3,300,0,0,0,0,0
com.kylecorry.trail_sense_145.apk,ape,1,60,0,0,0,0,0
com.kylecorry.trail_sense_145.apk,ape,1,180,0,0,0,0,0
com.kylecorry.trail_sense_145.apk,ape,1,300,0,0,0,0,0
com.kylecorry.trail_sense_145.apk,ape,2,60,0,0,0,0,0
com.kylecorry.trail_sense_145.apk,ape,2,180,0,0,0,0,0
com.kylecorry.trail_sense_145.apk,ape,2,300,0,0,0,0,0
com.kylecorry.trail_sense_145.apk,ape,3,60,0,0,0,0,0
com.kylecorry.trail_sense_145.apk,ape,3,180,0,0,0,0,0
com.kylecorry.trail_sense_145.apk,ape,3,300,0,0,0,0,0
com.kylecorry.trail_sense_145.apk,droidmate,1,60,0,0,0,0,0
com.kylecorry.trail_sense_145.apk,droidmate,1,180,0,0,0,0,0
com.kylecorry.trail_sense_145.apk,droidmate,1,300,0,0,0,0,0
com.kylecorry.trail_sense_145.apk,droidmate,2,60,0,0,0,0,0
com.kylecorry.trail_sense_145.apk,droidmate,2,180,0,0,0,0,0
com.kylecorry.trail_sense_145.apk,droidmate,2,300,0,0,0,0,0
com.kylecorry.trail_sense_145.apk,droidmate,3,60,0,0,0,0,0
com.kylecorry.trail_sense_145.apk,droidmate,3,180,0,0,0,0,0
com.kylecorry.trail_sense_145.apk,droidmate,3,300,0,0,0,0,0
com.kylecorry.trail_sense_145.apk,humanoid,1,60,0,0,0,0,0
com.kylecorry.trail_sense_145.apk,humanoid,1,180,0,0,0,0,0
com.kylecorry.trail_sense_145.apk,humanoid,1,300,0,0,0,0,0
com.kylecorry.trail_sense_145.apk,humanoid,2,60,0,0,0,0,0
com.kylecorry.trail_sense_145.apk,humanoid,2,180,0,0,0,0,0
com.kylecorry.trail_sense_145.apk,humanoid,2,300,0,0,0,0,0
com.kylecorry.trail_sense_145.apk,humanoid,3,60,0,0,0,0,0
com.kylecorry.trail_sense_145.apk,humanoid,3,180,0,0,0,0,0
com.kylecorry.trail_sense_145.apk,humanoid,3,300,0,0,0,0,0
com.kylecorry.trail_sense_145.apk,ares,1,60,0,0,0,0,0
com.kylecorry.trail_sense_145.apk,ares,1,180,0,0,0,0,0
com.kylecorry.trail_sense_145.apk,ares,1,300,0,0,0,0,0
com.kylecorry.trail_sense_145.apk,ares,2,60,0,0,0,0,0
com.kylecorry.trail_sense_145.apk,ares,2,180,0,0,0,0,0
com.kylecorry.trail_sense_145.apk,ares,2,300,0,0,0,0,0
com.kylecorry.trail_sense_145.apk,ares,3,60,0,0,0,0,0
com.kylecorry.trail_sense_145.apk,ares,3,180,0,0,0,0,0
com.kylecorry.trail_sense_145.apk,ares,3,300,0,0,0,0,0
com.kylecorry.trail_sense_145.apk,fastbot,1,60,0,0,0,0,0
com.kylecorry.trail_sense_145.apk,fastbot,1,180,0,0,0,0,0
com.kylecorry.trail_sense_145.apk,fastbot,1,300,0,0,0,0,0
com.kylecorry.trail_sense_145.apk,fastbot,2,60,0,0,0,0,0
com.kylecorry.trail_sense_145.apk,fastbot,2,180,0,0,0,0,0
com.kylecorry.trail_sense_145.apk,fastbot,2,300,0,0,0,0,0
com.kylecorry.trail_sense_145.apk,fastbot,3,60,0,0,0,0,0
com.kylecorry.trail_sense_145.apk,fastbot,3,180,0,0,0,0,0
com.kylecorry.trail_sense_145.apk,fastbot,3,300,0,0,0,0,0
com.kylecorry.trail_sense_145.apk,qtesting,1,60,0,0,0,0,0
com.kylecorry.trail_sense_145.apk,qtesting,1,180,0,0,0,0,0
com.kylecorry.trail_sense_145.apk,qtesting,1,300,0,0,0,0,0
com.kylecorry.trail_sense_145.apk,qtesting,2,60,0,0,0,0,0
com.kylecorry.trail_sense_145.apk,qtesting,2,180,0,0,0,0,0
com.kylecorry.trail_sense_145.apk,qtesting,2,300,0,0,0,0,0
com.kylecorry.trail_sense_145.apk,qtesting,3,60,0,0,0,0,0
com.kylecorry.trail_sense_145.apk,qtesting,3,180,0,0,0,0,0
com.kylecorry.trail_sense_145.apk,qtesting,3,300,0,0,0,0,0
com.ominous.quickweather_112.apk,monkey,1,180,7,2,7,7,7.0
com.ominous.quickweather_112.apk,monkey,1,300,0,0,0,0,0
com.ominous.quickweather_112.apk,monkey,2,60,0,0,0,0,0
com.ominous.quickweather_112.apk,monkey,2,180,7,2,7,7,7.0
com.ominous.quickweather_112.apk,monkey,2,300,0,0,0,0,0
com.ominous.quickweather_112.apk,monkey,3,60,0,0,0,0,0
com.ominous.quickweather_112.apk,monkey,3,180,0,0,0,0,0
com.ominous.quickweather_112.apk,monkey,3,300,0,0,0,0,0
com.ominous.quickweather_112.apk,droidbot:dfs_greedy,1,60,0,0,0,0,0
com.ominous.quickweather_112.apk,droidbot:dfs_greedy,1,180,0,0,0,0,0
com.ominous.quickweather_112.apk,droidbot:dfs_greedy,1,300,0,0,0,0,0
com.ominous.quickweather_112.apk,droidbot:dfs_greedy,2,60,0,0,0,0,0
com.ominous.quickweather_112.apk,droidbot:dfs_greedy,2,180,0,0,0,0,0
com.ominous.quickweather_112.apk,droidbot:dfs_greedy,2,300,7,2,7,7,7.0
com.ominous.quickweather_112.apk,droidbot:dfs_greedy,3,60,0,0,0,0,0
com.ominous.quickweather_112.apk,droidbot:dfs_greedy,3,180,0,0,0,0,0
com.ominous.quickweather_112.apk,droidbot:dfs_greedy,3,300,7,2,7,7,7.0
com.ominous.quickweather_112.apk,droidbot:bfs_greedy,1,60,0,0,0,0,0
com.ominous.quickweather_112.apk,droidbot:bfs_greedy,1,180,0,0,0,0,0
com.ominous.quickweather_112.apk,droidbot:bfs_greedy,1,300,0,0,0,0,0
com.ominous.quickweather_112.apk,droidbot:bfs_greedy,2,60,0,0,0,0,0
com.ominous.quickweather_112.apk,droidbot:bfs_greedy,2,180,0,0,0,0,0
com.ominous.quickweather_112.apk,droidbot:bfs_greedy,2,300,0,0,0,0,0
com.ominous.quickweather_112.apk,droidbot:bfs_greedy,3,60,0,0,0,0,0
com.ominous.quickweather_112.apk,droidbot:bfs_greedy,3,180,0,0,0,0,0
com.ominous.quickweather_112.apk,droidbot:bfs_greedy,3,300,0,0,0,0,0
com.ominous.quickweather_112.apk,droidbot:dfs_naive,1,60,0,0,0,0,0
com.ominous.quickweather_112.apk,droidbot:dfs_naive,1,180,0,0,0,0,0
com.ominous.quickweather_112.apk,droidbot:dfs_naive,1,300,0,0,0,0,0
com.ominous.quickweather_112.apk,droidbot:dfs_naive,2,60,0,0,0,0,0
com.ominous.quickweather_112.apk,droidbot:dfs_naive,2,180,0,0,0,0,0
com.ominous.quickweather_112.apk,droidbot:dfs_naive,2,300,0,0,0,0,0
com.ominous.quickweather_112.apk,droidbot:dfs_naive,3,60,0,0,0,0,0
com.ominous.quickweather_112.apk,droidbot:dfs_naive,3,180,0,0,0,0,0
com.ominous.quickweather_112.apk,droidbot:dfs_naive,3,300,0,0,0,0,0
com.ominous.quickweather_112.apk,droidbot:bfs_naive,1,60,0,0,0,0,0
com.ominous.quickweather_112.apk,droidbot:bfs_naive,1,180,0,0,0,0,0
com.ominous.quickweather_112.apk,droidbot:bfs_naive,1,300,0,0,0,0,0
com.ominous.quickweather_112.apk,droidbot:bfs_naive,2,60,0,0,0,0,0
com.ominous.quickweather_112.apk,droidbot:bfs_naive,2,180,0,0,0,0,0
com.ominous.quickweather_112.apk,droidbot:bfs_naive,2,300,0,0,0,0,0
com.ominous.quickweather_112.apk,droidbot:bfs_naive,3,60,0,0,0,0,0
com.ominous.quickweather_112.apk,droidbot:bfs_naive,3,180,0,0,0,0,0
com.ominous.quickweather_112.apk,droidbot:bfs_naive,3,300,0,0,0,0,0
com.ominous.quickweather_112.apk,ape,1,60,0,0,0,0,0
com.ominous.quickweather_112.apk,ape,1,180,7,2,7,7,7.0
com.ominous.quickweather_112.apk,ape,1,300,0,0,0,0,0
com.ominous.quickweather_112.apk,ape,2,60,0,0,0,0,0
com.ominous.quickweather_112.apk,ape,2,180,0,0,0,0,0
com.ominous.quickweather_112.apk,ape,2,300,0,0,0,0,0
com.ominous.quickweather_112.apk,ape,3,60,0,0,0,0,0
com.ominous.quickweather_112.apk,ape,3,180,0,0,0,0,0
com.ominous.quickweather_112.apk,ape,3,300,0,0,0,0,0
com.ominous.quickweather_112.apk,droidmate,1,60,0,0,0,0,0
com.ominous.quickweather_112.apk,droidmate,1,180,0,0,0,0,0
com.ominous.quickweather_112.apk,monkey,1,60,0,0,0,0,0
com.ominous.quickweather_112.apk,droidmate,1,300,0,0,0,0,0
com.ominous.quickweather_112.apk,droidmate,2,60,0,0,0,0,0
com.ominous.quickweather_112.apk,droidmate,2,180,0,0,0,0,0
com.ominous.quickweather_112.apk,droidmate,2,300,0,0,0,0,0
com.ominous.quickweather_112.apk,droidmate,3,60,0,0,0,0,0
com.ominous.quickweather_112.apk,droidmate,3,180,0,0,0,0,0
com.ominous.quickweather_112.apk,droidmate,3,300,0,0,0,0,0
com.ominous.quickweather_112.apk,humanoid,1,60,0,0,0,0,0
com.ominous.quickweather_112.apk,humanoid,1,180,7,2,7,7,7.0
com.ominous.quickweather_112.apk,humanoid,1,300,7,2,7,7,7.0
com.ominous.quickweather_112.apk,humanoid,2,60,0,0,0,0,0
com.ominous.quickweather_112.apk,humanoid,2,180,7,2,7,7,7.0
com.ominous.quickweather_112.apk,humanoid,2,300,7,2,7,7,7.0
com.ominous.quickweather_112.apk,humanoid,3,60,0,0,0,0,0
com.ominous.quickweather_112.apk,humanoid,3,180,7,2,7,7,7.0
com.ominous.quickweather_112.apk,humanoid,3,300,0,0,0,0,0
com.ominous.quickweather_112.apk,ares,1,60,0,0,0,0,0
com.ominous.quickweather_112.apk,ares,1,180,0,0,0,0,0
com.ominous.quickweather_112.apk,ares,1,300,0,0,0,0,0
com.ominous.quickweather_112.apk,ares,2,60,0,0,0,0,0
com.ominous.quickweather_112.apk,ares,2,180,0,0,0,0,0
com.ominous.quickweather_112.apk,ares,2,300,0,0,0,0,0
com.ominous.quickweather_112.apk,ares,3,60,0,0,0,0,0
com.ominous.quickweather_112.apk,ares,3,180,0,0,0,0,0
com.ominous.quickweather_112.apk,ares,3,300,0,0,0,0,0
com.ominous.quickweather_112.apk,fastbot,1,60,0,0,0,0,0
com.ominous.quickweather_112.apk,fastbot,1,180,0,0,0,0,0
com.ominous.quickweather_112.apk,fastbot,1,300,0,0,0,0,0
com.ominous.quickweather_112.apk,fastbot,2,60,7,2,7,7,7.0
com.ominous.quickweather_112.apk,fastbot,2,180,0,0,0,0,0
com.ominous.quickweather_112.apk,fastbot,2,300,7,2,7,7,7.0
com.ominous.quickweather_112.apk,fastbot,3,60,0,0,0,0,0
com.ominous.quickweather_112.apk,fastbot,3,180,0,0,0,0,0
com.ominous.quickweather_112.apk,fastbot,3,300,0,0,0,0,0
com.ominous.quickweather_112.apk,qtesting,1,60,0,0,0,0,0
com.ominous.quickweather_112.apk,qtesting,1,180,0,0,0,0,0
com.ominous.quickweather_112.apk,qtesting,1,300,0,0,0,0,0
com.ominous.quickweather_112.apk,qtesting,2,60,0,0,0,0,0
com.ominous.quickweather_112.apk,qtesting,2,180,0,0,0,0,0
com.ominous.quickweather_112.apk,qtesting,2,300,0,0,0,0,0
com.ominous.quickweather_112.apk,qtesting,3,60,0,0,0,0,0
com.ominous.quickweather_112.apk,qtesting,3,180,0,0,0,0,0
com.ominous.quickweather_112.apk,qtesting,3,300,0,0,0,0,0
com.serwylo.retrowars_70.apk,monkey,1,60,0,0,0,0,0
com.serwylo.retrowars_70.apk,monkey,1,180,0,0,0,0,0
com.serwylo.retrowars_70.apk,monkey,1,300,0,0,0,0,0
com.serwylo.retrowars_70.apk,monkey,2,60,0,0,0,0,0
com.serwylo.retrowars_70.apk,monkey,2,180,37,16,25,25,25.0
com.serwylo.retrowars_70.apk,monkey,2,300,28,15,22,22,22.0
com.serwylo.retrowars_70.apk,monkey,3,60,0,0,0,0,0
com.serwylo.retrowars_70.apk,monkey,3,180,0,0,0,0,0
com.serwylo.retrowars_70.apk,monkey,3,300,0,0,0,0,0
com.serwylo.retrowars_70.apk,droidbot:dfs_greedy,1,60,0,0,0,0,0
com.serwylo.retrowars_70.apk,droidbot:dfs_greedy,1,180,0,0,0,0,0
com.serwylo.retrowars_70.apk,droidbot:dfs_greedy,1,300,0,0,0,0,0
com.serwylo.retrowars_70.apk,droidbot:dfs_greedy,2,60,0,0,0,0,0
com.serwylo.retrowars_70.apk,droidbot:dfs_greedy,2,180,0,0,0,0,0
com.serwylo.retrowars_70.apk,droidbot:dfs_greedy,2,300,0,0,0,0,0
com.serwylo.retrowars_70.apk,droidbot:dfs_greedy,3,60,0,0,0,0,0
com.serwylo.retrowars_70.apk,droidbot:dfs_greedy,3,180,0,0,0,0,0
com.serwylo.retrowars_70.apk,droidbot:dfs_greedy,3,300,0,0,0,0,0
com.serwylo.retrowars_70.apk,droidbot:bfs_greedy,1,60,0,0,0,0,0
com.serwylo.retrowars_70.apk,droidbot:bfs_greedy,1,180,0,0,0,0,0
com.serwylo.retrowars_70.apk,droidbot:bfs_greedy,1,300,0,0,0,0,0
com.serwylo.retrowars_70.apk,droidbot:bfs_greedy,2,60,0,0,0,0,0
com.serwylo.retrowars_70.apk,droidbot:bfs_greedy,2,180,0,0,0,0,0
com.serwylo.retrowars_70.apk,droidbot:bfs_greedy,2,300,0,0,0,0,0
com.serwylo.retrowars_70.apk,droidbot:bfs_greedy,3,60,0,0,0,0,0
com.serwylo.retrowars_70.apk,droidbot:bfs_greedy,3,180,0,0,0,0,0
com.serwylo.retrowars_70.apk,droidbot:bfs_greedy,3,300,0,0,0,0,0
com.serwylo.retrowars_70.apk,droidbot:dfs_naive,1,60,0,0,0,0,0
com.serwylo.retrowars_70.apk,droidbot:dfs_naive,1,180,0,0,0,0,0
com.serwylo.retrowars_70.apk,droidbot:dfs_naive,1,300,0,0,0,0,0
com.serwylo.retrowars_70.apk,droidbot:dfs_naive,2,60,0,0,0,0,0
com.serwylo.retrowars_70.apk,droidbot:dfs_naive,2,180,0,0,0,0,0
com.serwylo.retrowars_70.apk,droidbot:dfs_naive,2,300,0,0,0,0,0
com.serwylo.retrowars_70.apk,droidbot:dfs_naive,3,60,0,0,0,0,0
com.serwylo.retrowars_70.apk,droidbot:dfs_naive,3,180,0,0,0,0,0
com.serwylo.retrowars_70.apk,droidbot:dfs_naive,3,300,0,0,0,0,0
com.serwylo.retrowars_70.apk,droidbot:bfs_naive,1,60,0,0,0,0,0
com.serwylo.retrowars_70.apk,droidbot:bfs_naive,1,180,0,0,0,0,0
com.serwylo.retrowars_70.apk,droidbot:bfs_naive,2,60,0,0,0,0,0
com.serwylo.retrowars_70.apk,droidbot:bfs_naive,2,180,0,0,0,0,0
com.serwylo.retrowars_70.apk,droidbot:bfs_naive,2,300,0,0,0,0,0
com.serwylo.retrowars_70.apk,droidbot:bfs_naive,3,60,0,0,0,0,0
com.serwylo.retrowars_70.apk,droidbot:bfs_naive,3,180,0,0,0,0,0
com.serwylo.retrowars_70.apk,droidbot:bfs_naive,3,300,0,0,0,0,0
com.serwylo.retrowars_70.apk,ape,1,60,0,0,0,0,0
com.serwylo.retrowars_70.apk,ape,1,180,0,0,0,0,0
com.serwylo.retrowars_70.apk,ape,1,300,0,0,0,0,0
com.serwylo.retrowars_70.apk,ape,2,60,0,0,0,0,0
com.serwylo.retrowars_70.apk,ape,2,180,0,0,0,0,0
com.serwylo.retrowars_70.apk,ape,2,300,0,0,0,0,0
com.serwylo.retrowars_70.apk,ape,3,60,0,0,0,0,0
com.serwylo.retrowars_70.apk,ape,3,180,0,0,0,0,0
com.serwylo.retrowars_70.apk,ape,3,300,0,0,0,0,0
com.serwylo.retrowars_70.apk,droidmate,1,60,0,0,0,0,0
com.serwylo.retrowars_70.apk,droidmate,1,180,0,0,0,0,0
com.serwylo.retrowars_70.apk,droidmate,1,300,0,0,0,0,0
com.serwylo.retrowars_70.apk,droidmate,2,180,0,0,0,0,0
com.serwylo.retrowars_70.apk,droidmate,2,300,0,0,0,0,0
com.serwylo.retrowars_70.apk,droidmate,3,60,0,0,0,0,0
com.serwylo.retrowars_70.apk,droidmate,3,180,0,0,0,0,0
com.serwylo.retrowars_70.apk,droidmate,3,300,0,0,0,0,0
com.serwylo.retrowars_70.apk,humanoid,1,60,0,0,0,0,0
com.serwylo.retrowars_70.apk,humanoid,1,180,0,0,0,0,0
com.serwylo.retrowars_70.apk,humanoid,1,300,0,0,0,0,0
com.serwylo.retrowars_70.apk,humanoid,2,60,0,0,0,0,0
com.serwylo.retrowars_70.apk,humanoid,2,180,0,0,0,0,0
com.serwylo.retrowars_70.apk,humanoid,2,300,0,0,0,0,0
com.serwylo.retrowars_70.apk,humanoid,3,60,0,0,0,0,0
com.serwylo.retrowars_70.apk,humanoid,3,180,0,0,0,0,0
com.serwylo.retrowars_70.apk,humanoid,3,300,0,0,0,0,0
com.serwylo.retrowars_70.apk,ares,1,60,0,0,0,0,0
com.serwylo.retrowars_70.apk,ares,1,180,0,0,0,0,0
com.serwylo.retrowars_70.apk,ares,1,300,0,0,0,0,0
com.serwylo.retrowars_70.apk,ares,2,60,0,0,0,0,0
com.serwylo.retrowars_70.apk,ares,2,180,41,17,29,29,29.0
com.serwylo.retrowars_70.apk,ares,2,300,0,0,0,0,0
com.serwylo.retrowars_70.apk,ares,3,60,0,0,0,0,0
com.serwylo.retrowars_70.apk,ares,3,180,0,0,0,0,0
com.serwylo.retrowars_70.apk,ares,3,300,18,5,12,12,12.0
com.serwylo.retrowars_70.apk,fastbot,1,60,0,0,0,0,0
com.serwylo.retrowars_70.apk,fastbot,1,180,0,0,0,0,0
com.serwylo.retrowars_70.apk,fastbot,1,300,0,0,0,0,0
com.serwylo.retrowars_70.apk,fastbot,2,60,0,0,0,0,0
com.serwylo.retrowars_70.apk,fastbot,2,180,0,0,0,0,0
com.serwylo.retrowars_70.apk,fastbot,2,300,0,0,0,0,0
com.serwylo.retrowars_70.apk,fastbot,3,60,0,0,0,0,0
com.serwylo.retrowars_70.apk,fastbot,3,180,0,0,0,0,0
com.serwylo.retrowars_70.apk,fastbot,3,300,0,0,0,0,0
com.serwylo.retrowars_70.apk,qtesting,1,60,0,0,0,0,0
com.serwylo.retrowars_70.apk,qtesting,1,180,0,0,0,0,0
com.serwylo.retrowars_70.apk,qtesting,1,300,0,0,0,0,0
com.serwylo.retrowars_70.apk,qtesting,2,60,0,0,0,0,0
com.serwylo.retrowars_70.apk,qtesting,2,180,0,0,0,0,0
com.serwylo.retrowars_70.apk,qtesting,2,300,0,0,0,0,0
com.serwylo.retrowars_70.apk,qtesting,3,60,0,0,0,0,0
com.serwylo.retrowars_70.apk,qtesting,3,180,0,0,0,0,0
com.serwylo.retrowars_70.apk,qtesting,3,300,0,0,0,0,0
com.vermont.possin_8.apk,monkey,1,60,7,2,7,7,7.0
com.vermont.possin_8.apk,monkey,1,180,0,0,0,0,0
com.vermont.possin_8.apk,monkey,1,300,0,0,0,0,0
com.vermont.possin_8.apk,monkey,2,60,7,2,7,7,7.0
com.vermont.possin_8.apk,monkey,2,180,7,2,7,7,7.0
com.vermont.possin_8.apk,monkey,2,300,7,2,7,7,7.0
com.vermont.possin_8.apk,monkey,3,60,7,2,7,7,7.0
com.vermont.possin_8.apk,monkey,3,180,0,0,0,0,0
com.vermont.possin_8.apk,monkey,3,300,7,2,7,7,7.0
com.vermont.possin_8.apk,droidbot:dfs_greedy,1,60,0,0,0,0,0
com.vermont.possin_8.apk,droidbot:dfs_greedy,1,180,7,2,7,7,7.0
com.vermont.possin_8.apk,droidbot:dfs_greedy,1,300,7,2,7,7,7.0
com.vermont.possin_8.apk,droidbot:dfs_greedy,2,60,7,2,7,7,7.0
com.vermont.possin_8.apk,droidbot:dfs_greedy,2,180,7,2,7,7,7.0
com.vermont.possin_8.apk,droidbot:dfs_greedy,2,300,7,2,7,7,7.0
com.vermont.possin_8.apk,droidbot:dfs_greedy,3,60,7,2,7,7,7.0
com.vermont.possin_8.apk,droidbot:dfs_greedy,3,180,7,2,7,7,7.0
com.vermont.possin_8.apk,droidbot:dfs_greedy,3,300,7,2,7,7,7.0
com.vermont.possin_8.apk,droidbot:bfs_greedy,1,60,0,0,0,0,0
com.vermont.possin_8.apk,droidbot:bfs_greedy,1,180,7,2,7,7,7.0
com.vermont.possin_8.apk,droidbot:bfs_greedy,1,300,7,2,7,7,7.0
com.vermont.possin_8.apk,droidbot:bfs_greedy,2,60,0,0,0,0,0
com.vermont.possin_8.apk,droidbot:bfs_greedy,2,180,7,2,7,7,7.0
com.vermont.possin_8.apk,droidbot:bfs_greedy,2,300,7,2,7,7,7.0
com.vermont.possin_8.apk,droidbot:bfs_greedy,3,60,0,0,0,0,0
com.vermont.possin_8.apk,droidbot:bfs_greedy,3,180,7,2,7,7,7.0
com.vermont.possin_8.apk,droidbot:bfs_greedy,3,300,7,2,7,7,7.0
com.vermont.possin_8.apk,droidbot:dfs_naive,1,60,0,0,0,0,0
com.vermont.possin_8.apk,droidbot:dfs_naive,1,180,7,2,7,7,7.0
com.vermont.possin_8.apk,droidbot:dfs_naive,1,300,7,2,7,7,7.0
com.vermont.possin_8.apk,droidbot:dfs_naive,2,60,0,0,0,0,0
com.vermont.possin_8.apk,droidbot:dfs_naive,2,180,7,2,7,7,7.0
com.vermont.possin_8.apk,droidbot:dfs_naive,2,300,7,2,7,7,7.0
com.vermont.possin_8.apk,droidbot:dfs_naive,3,60,0,0,0,0,0
com.vermont.possin_8.apk,droidbot:dfs_naive,3,180,7,2,7,7,7.0
com.vermont.possin_8.apk,droidbot:dfs_naive,3,300,7,2,7,7,7.0
com.vermont.possin_8.apk,droidbot:bfs_naive,1,60,0,0,0,0,0
com.vermont.possin_8.apk,droidbot:bfs_naive,1,180,7,2,7,7,7.0
com.vermont.possin_8.apk,droidbot:bfs_naive,1,300,7,2,7,7,7.0
com.vermont.possin_8.apk,droidbot:bfs_naive,2,60,0,0,0,0,0
com.vermont.possin_8.apk,droidbot:bfs_naive,2,180,7,2,7,7,7.0
com.vermont.possin_8.apk,droidbot:bfs_naive,2,300,7,2,7,7,7.0
com.vermont.possin_8.apk,droidbot:bfs_naive,3,60,0,0,0,0,0
com.vermont.possin_8.apk,droidbot:bfs_naive,3,180,7,2,7,7,7.0
com.vermont.possin_8.apk,droidbot:bfs_naive,3,300,7,2,7,7,7.0
com.vermont.possin_8.apk,ape,1,60,0,0,0,0,0
com.vermont.possin_8.apk,ape,1,180,7,2,7,7,7.0
com.vermont.possin_8.apk,ape,1,300,7,2,7,7,7.0
com.vermont.possin_8.apk,ape,2,60,7,2,7,7,7.0
com.vermont.possin_8.apk,ape,2,180,7,2,7,7,7.0
com.vermont.possin_8.apk,ape,2,300,7,2,7,7,7.0
com.vermont.possin_8.apk,ape,3,60,0,0,0,0,0
com.vermont.possin_8.apk,ape,3,180,14,2,7,7,7.0
com.vermont.possin_8.apk,droidmate,1,60,0,0,0,0,0
com.vermont.possin_8.apk,droidmate,1,180,7,2,7,7,7.0
com.vermont.possin_8.apk,droidmate,1,300,7,2,7,7,7.0
com.vermont.possin_8.apk,droidmate,2,60,0,0,0,0,0
com.vermont.possin_8.apk,droidmate,2,180,7,2,7,7,7.0
com.vermont.possin_8.apk,droidmate,2,300,14,2,7,7,7.0
com.vermont.possin_8.apk,droidmate,3,60,0,0,0,0,0
com.vermont.possin_8.apk,droidmate,3,180,7,2,7,7,7.0
com.vermont.possin_8.apk,droidmate,3,300,7,2,7,7,7.0
com.vermont.possin_8.apk,humanoid,1,60,0,0,0,0,0
com.vermont.possin_8.apk,humanoid,1,180,0,0,0,0,0
com.vermont.possin_8.apk,humanoid,1,300,0,0,0,0,0
com.vermont.possin_8.apk,humanoid,2,60,0,0,0,0,0
com.vermont.possin_8.apk,humanoid,2,180,7,2,7,7,7.0
com.vermont.possin_8.apk,humanoid,2,300,0,0,0,0,0
com.vermont.possin_8.apk,humanoid,3,60,0,0,0,0,0
com.vermont.possin_8.apk,humanoid,3,180,0,0,0,0,0
com.vermont.possin_8.apk,humanoid,3,300,0,0,0,0,0
com.vermont.possin_8.apk,ares,1,60,0,0,0,0,0
com.vermont.possin_8.apk,ares,1,180,0,0,0,0,0
com.vermont.possin_8.apk,ares,1,300,7,2,7,7,7.0
com.vermont.possin_8.apk,ares,2,60,0,0,0,0,0
com.vermont.possin_8.apk,ares,2,180,7,2,7,7,7.0
com.vermont.possin_8.apk,ares,2,300,0,0,0,0,0
com.vermont.possin_8.apk,ares,3,60,7,2,7,7,7.0
com.vermont.possin_8.apk,ares,3,180,0,0,0,0,0
com.vermont.possin_8.apk,ares,3,300,0,0,0,0,0
com.vermont.possin_8.apk,fastbot,1,60,0,0,0,0,0
com.vermont.possin_8.apk,fastbot,1,180,7,2,7,7,7.0
com.vermont.possin_8.apk,fastbot,1,300,7,2,7,7,7.0
com.vermont.possin_8.apk,fastbot,2,60,0,0,0,0,0
com.vermont.possin_8.apk,fastbot,2,180,7,2,7,7,7.0
com.vermont.possin_8.apk,fastbot,2,300,14,2,7,7,7.0
com.vermont.possin_8.apk,fastbot,3,60,7,2,7,7,7.0
com.vermont.possin_8.apk,fastbot,3,180,7,2,7,7,7.0
com.vermont.possin_8.apk,fastbot,3,300,7,2,7,7,7.0
com.vermont.possin_8.apk,qtesting,1,60,0,0,0,0,0
com.vermont.possin_8.apk,qtesting,1,180,7,2,7,7,7.0
com.vermont.possin_8.apk,qtesting,1,300,0,0,0,0,0
com.vermont.possin_8.apk,qtesting,2,60,0,0,0,0,0
com.vermont.possin_8.apk,qtesting,2,180,7,2,7,7,7.0
com.vermont.possin_8.apk,qtesting,2,300,18,2,7,7,7.0
com.vermont.possin_8.apk,qtesting,3,60,0,0,0,0,0
com.vermont.possin_8.apk,qtesting,3,180,7,2,7,7,7.0
com.vermont.possin_8.apk,qtesting,3,300,21,2,7,7,7.0
dev.dettmer.simplenotes_41.apk,monkey,1,60,0,0,0,0,0
dev.dettmer.simplenotes_41.apk,monkey,1,180,17,10,16,16,16.0
dev.dettmer.simplenotes_41.apk,monkey,1,300,17,10,16,16,16.0
dev.dettmer.simplenotes_41.apk,monkey,2,60,17,10,16,16,16.0
dev.dettmer.simplenotes_41.apk,monkey,2,180,17,10,16,16,16.0
dev.dettmer.simplenotes_41.apk,monkey,2,300,17,10,16,16,16.0
dev.dettmer.simplenotes_41.apk,monkey,3,60,0,0,0,0,0
dev.dettmer.simplenotes_41.apk,monkey,3,180,17,10,16,16,16.0
dev.dettmer.simplenotes_41.apk,monkey,3,300,25,14,24,24,24.0
dev.dettmer.simplenotes_41.apk,droidbot:dfs_greedy,1,60,0,0,0,0,0
dev.dettmer.simplenotes_41.apk,droidbot:dfs_greedy,1,180,0,0,0,0,0
dev.dettmer.simplenotes_41.apk,droidbot:dfs_greedy,1,300,0,0,0,0,0
dev.dettmer.simplenotes_41.apk,droidbot:dfs_greedy,2,60,0,0,0,0,0
dev.dettmer.simplenotes_41.apk,droidbot:dfs_greedy,2,180,0,0,0,0,0
dev.dettmer.simplenotes_41.apk,droidbot:dfs_greedy,2,300,0,0,0,0,0
dev.dettmer.simplenotes_41.apk,droidbot:dfs_greedy,3,60,0,0,0,0,0
dev.dettmer.simplenotes_41.apk,droidbot:dfs_greedy,3,180,0,0,0,0,0
dev.dettmer.simplenotes_41.apk,droidbot:dfs_greedy,3,300,0,0,0,0,0
dev.dettmer.simplenotes_41.apk,droidbot:bfs_greedy,1,60,0,0,0,0,0
dev.dettmer.simplenotes_41.apk,droidbot:bfs_greedy,1,180,0,0,0,0,0
dev.dettmer.simplenotes_41.apk,droidbot:bfs_greedy,1,300,0,0,0,0,0
dev.dettmer.simplenotes_41.apk,droidbot:bfs_greedy,2,60,0,0,0,0,0
dev.dettmer.simplenotes_41.apk,droidbot:bfs_greedy,2,180,0,0,0,0,0
dev.dettmer.simplenotes_41.apk,droidbot:bfs_greedy,2,300,0,0,0,0,0
dev.dettmer.simplenotes_41.apk,droidbot:bfs_greedy,3,60,0,0,0,0,0
dev.dettmer.simplenotes_41.apk,droidbot:bfs_greedy,3,180,0,0,0,0,0
dev.dettmer.simplenotes_41.apk,droidbot:bfs_greedy,3,300,0,0,0,0,0
dev.dettmer.simplenotes_41.apk,droidbot:dfs_naive,1,60,0,0,0,0,0
dev.dettmer.simplenotes_41.apk,droidbot:dfs_naive,1,180,0,0,0,0,0
dev.dettmer.simplenotes_41.apk,droidbot:dfs_naive,1,300,0,0,0,0,0
dev.dettmer.simplenotes_41.apk,droidbot:dfs_naive,2,60,0,0,0,0,0
dev.dettmer.simplenotes_41.apk,droidbot:dfs_naive,2,180,0,0,0,0,0
dev.dettmer.simplenotes_41.apk,droidbot:dfs_naive,2,300,0,0,0,0,0
dev.dettmer.simplenotes_41.apk,droidbot:dfs_naive,3,60,0,0,0,0,0
dev.dettmer.simplenotes_41.apk,droidbot:dfs_naive,3,180,0,0,0,0,0
dev.dettmer.simplenotes_41.apk,droidbot:dfs_naive,3,300,0,0,0,0,0
dev.dettmer.simplenotes_41.apk,droidbot:bfs_naive,1,60,0,0,0,0,0
dev.dettmer.simplenotes_41.apk,droidbot:bfs_naive,1,180,0,0,0,0,0
dev.dettmer.simplenotes_41.apk,droidbot:bfs_naive,1,300,0,0,0,0,0
dev.dettmer.simplenotes_41.apk,droidbot:bfs_naive,2,60,0,0,0,0,0
dev.dettmer.simplenotes_41.apk,droidbot:bfs_naive,2,180,0,0,0,0,0
dev.dettmer.simplenotes_41.apk,droidbot:bfs_naive,2,300,0,0,0,0,0
dev.dettmer.simplenotes_41.apk,droidbot:bfs_naive,3,60,0,0,0,0,0
dev.dettmer.simplenotes_41.apk,droidbot:bfs_naive,3,180,0,0,0,0,0
dev.dettmer.simplenotes_41.apk,droidbot:bfs_naive,3,300,0,0,0,0,0
dev.dettmer.simplenotes_41.apk,ape,1,60,17,10,16,16,16.0
dev.dettmer.simplenotes_41.apk,ape,1,180,17,10,16,16,16.0
dev.dettmer.simplenotes_41.apk,ape,1,300,37,11,19,19,19.0
dev.dettmer.simplenotes_41.apk,ape,2,60,0,0,0,0,0
dev.dettmer.simplenotes_41.apk,ape,2,180,17,10,16,16,16.0
dev.dettmer.simplenotes_41.apk,ape,2,300,57,16,31,31,31.0
dev.dettmer.simplenotes_41.apk,ape,3,60,17,10,16,16,16.0
dev.dettmer.simplenotes_41.apk,ape,3,180,17,10,16,16,16.0
dev.dettmer.simplenotes_41.apk,ape,3,300,17,10,16,16,16.0
dev.dettmer.simplenotes_41.apk,droidmate,1,60,17,10,16,16,16.0
dev.dettmer.simplenotes_41.apk,droidmate,1,180,32,16,31,31,31.0
dev.dettmer.simplenotes_41.apk,droidmate,1,300,49,16,31,31,31.0
dev.dettmer.simplenotes_41.apk,droidmate,2,60,17,10,16,16,16.0
dev.dettmer.simplenotes_41.apk,droidmate,2,180,20,11,19,19,19.0
dev.dettmer.simplenotes_41.apk,droidmate,2,300,32,16,31,31,31.0
dev.dettmer.simplenotes_41.apk,droidmate,3,60,17,10,16,16,16.0
dev.dettmer.simplenotes_41.apk,droidmate,3,180,17,10,16,16,16.0
dev.dettmer.simplenotes_41.apk,droidmate,3,300,32,16,31,31,31.0
dev.dettmer.simplenotes_41.apk,humanoid,1,60,0,0,0,0,0
dev.dettmer.simplenotes_41.apk,humanoid,1,180,17,10,16,16,16.0
dev.dettmer.simplenotes_41.apk,humanoid,1,300,17,10,16,16,16.0
dev.dettmer.simplenotes_41.apk,humanoid,2,60,0,0,0,0,0
dev.dettmer.simplenotes_41.apk,humanoid,2,180,17,10,16,16,16.0
dev.dettmer.simplenotes_41.apk,humanoid,2,300,17,10,16,16,16.0
dev.dettmer.simplenotes_41.apk,humanoid,3,60,0,0,0,0,0
dev.dettmer.simplenotes_41.apk,humanoid,3,180,0,0,0,0,0
dev.dettmer.simplenotes_41.apk,humanoid,3,300,17,10,16,16,16.0
dev.dettmer.simplenotes_41.apk,ares,1,60,0,0,0,0,0
dev.dettmer.simplenotes_41.apk,ares,1,180,17,10,16,16,16.0
dev.dettmer.simplenotes_41.apk,ares,1,300,17,10,16,16,16.0
dev.dettmer.simplenotes_41.apk,ares,2,60,0,0,0,0,0
dev.dettmer.simplenotes_41.apk,ares,2,180,0,0,0,0,0
dev.dettmer.simplenotes_41.apk,ares,2,300,17,10,16,16,16.0
dev.dettmer.simplenotes_41.apk,ares,3,60,0,0,0,0,0
dev.dettmer.simplenotes_41.apk,ares,3,180,17,10,16,16,16.0
dev.dettmer.simplenotes_41.apk,ares,3,300,32,16,31,31,31.0
dev.dettmer.simplenotes_41.apk,fastbot,1,60,0,0,0,0,0
dev.dettmer.simplenotes_41.apk,fastbot,1,180,0,0,0,0,0
dev.dettmer.simplenotes_41.apk,fastbot,1,300,0,0,0,0,0
dev.dettmer.simplenotes_41.apk,fastbot,2,60,0,0,0,0,0
dev.dettmer.simplenotes_41.apk,fastbot,2,180,0,0,0,0,0
dev.dettmer.simplenotes_41.apk,fastbot,2,300,17,10,16,16,16.0
dev.dettmer.simplenotes_41.apk,fastbot,3,60,0,0,0,0,0
dev.dettmer.simplenotes_41.apk,fastbot,3,180,0,0,0,0,0
dev.dettmer.simplenotes_41.apk,fastbot,3,300,0,0,0,0,0
dev.dettmer.simplenotes_41.apk,qtesting,1,60,0,0,0,0,0
dev.dettmer.simplenotes_41.apk,qtesting,1,180,0,0,0,0,0
dev.dettmer.simplenotes_41.apk,qtesting,1,300,0,0,0,0,0
dev.dettmer.simplenotes_41.apk,qtesting,2,60,0,0,0,0,0
dev.dettmer.simplenotes_41.apk,qtesting,2,180,0,0,0,0,0
dev.dettmer.simplenotes_41.apk,qtesting,2,300,0,0,0,0,0
dev.dettmer.simplenotes_41.apk,qtesting,3,60,0,0,0,0,0
dev.dettmer.simplenotes_41.apk,qtesting,3,180,0,0,0,0,0
dev.dettmer.simplenotes_41.apk,qtesting,3,300,0,0,0,0,0
eu.opencloud.android_9.apk,monkey,1,60,0,0,0,0,0
com.serwylo.retrowars_70.apk,droidbot:bfs_naive,1,300,0,0,0,0,0
com.serwylo.retrowars_70.apk,droidmate,2,60,0,0,0,0,0
com.vermont.possin_8.apk,ape,3,300,14,2,7,7,7.0
eu.opencloud.android_9.apk,monkey,1,180,7,3,7,7,7.0
eu.opencloud.android_9.apk,monkey,1,300,7,3,7,7,7.0
eu.opencloud.android_9.apk,monkey,2,60,7,3,7,7,7.0
eu.opencloud.android_9.apk,monkey,2,180,7,3,7,7,7.0
eu.opencloud.android_9.apk,monkey,2,300,7,3,7,7,7.0
eu.opencloud.android_9.apk,monkey,3,60,0,0,0,0,0
eu.opencloud.android_9.apk,monkey,3,180,7,3,7,7,7.0
eu.opencloud.android_9.apk,monkey,3,300,7,3,7,7,7.0
eu.opencloud.android_9.apk,droidbot:dfs_greedy,1,60,0,0,0,0,0
eu.opencloud.android_9.apk,droidbot:dfs_greedy,1,180,0,0,0,0,0
eu.opencloud.android_9.apk,droidbot:dfs_greedy,1,300,0,0,0,0,0
eu.opencloud.android_9.apk,droidbot:dfs_greedy,2,60,7,3,7,7,7.0
eu.opencloud.android_9.apk,droidbot:dfs_greedy,2,180,0,0,0,0,0
eu.opencloud.android_9.apk,droidbot:dfs_greedy,2,300,0,0,0,0,0
eu.opencloud.android_9.apk,droidbot:dfs_greedy,3,60,0,0,0,0,0
eu.opencloud.android_9.apk,droidbot:dfs_greedy,3,180,0,0,0,0,0
eu.opencloud.android_9.apk,droidbot:dfs_greedy,3,300,0,0,0,0,0
eu.opencloud.android_9.apk,droidbot:bfs_greedy,1,60,0,0,0,0,0
eu.opencloud.android_9.apk,droidbot:bfs_greedy,1,180,0,0,0,0,0
eu.opencloud.android_9.apk,droidbot:bfs_greedy,1,300,0,0,0,0,0
eu.opencloud.android_9.apk,droidbot:bfs_greedy,2,60,0,0,0,0,0
eu.opencloud.android_9.apk,droidbot:bfs_greedy,2,180,0,0,0,0,0
eu.opencloud.android_9.apk,droidbot:bfs_greedy,2,300,0,0,0,0,0
eu.opencloud.android_9.apk,droidbot:bfs_greedy,3,60,0,0,0,0,0
eu.opencloud.android_9.apk,droidbot:bfs_greedy,3,180,0,0,0,0,0
eu.opencloud.android_9.apk,droidbot:bfs_greedy,3,300,7,3,7,7,7.0
eu.opencloud.android_9.apk,droidbot:dfs_naive,1,60,0,0,0,0,0
eu.opencloud.android_9.apk,droidbot:dfs_naive,1,180,0,0,0,0,0
eu.opencloud.android_9.apk,droidbot:dfs_naive,1,300,0,0,0,0,0
eu.opencloud.android_9.apk,droidbot:dfs_naive,2,60,0,0,0,0,0
eu.opencloud.android_9.apk,droidbot:dfs_naive,2,180,0,0,0,0,0
eu.opencloud.android_9.apk,droidbot:dfs_naive,2,300,0,0,0,0,0
eu.opencloud.android_9.apk,droidbot:dfs_naive,3,60,0,0,0,0,0
eu.opencloud.android_9.apk,droidbot:dfs_naive,3,180,0,0,0,0,0
eu.opencloud.android_9.apk,droidbot:dfs_naive,3,300,0,0,0,0,0
eu.opencloud.android_9.apk,droidbot:bfs_naive,1,60,0,0,0,0,0
eu.opencloud.android_9.apk,droidbot:bfs_naive,1,180,7,3,7,7,7.0
eu.opencloud.android_9.apk,droidbot:bfs_naive,1,300,7,3,7,7,7.0
eu.opencloud.android_9.apk,droidbot:bfs_naive,2,60,0,0,0,0,0
eu.opencloud.android_9.apk,droidbot:bfs_naive,2,180,0,0,0,0,0
eu.opencloud.android_9.apk,droidbot:bfs_naive,2,300,7,3,7,7,7.0
eu.opencloud.android_9.apk,droidbot:bfs_naive,3,60,0,0,0,0,0
eu.opencloud.android_9.apk,droidbot:bfs_naive,3,300,7,3,7,7,7.0
eu.opencloud.android_9.apk,ape,1,60,7,3,7,7,7.0
eu.opencloud.android_9.apk,ape,1,180,7,3,7,7,7.0
eu.opencloud.android_9.apk,ape,1,300,7,3,7,7,7.0
eu.opencloud.android_9.apk,ape,2,60,7,3,7,7,7.0
eu.opencloud.android_9.apk,ape,2,180,7,3,7,7,7.0
eu.opencloud.android_9.apk,ape,2,300,14,3,7,7,7.0
eu.opencloud.android_9.apk,ape,3,60,7,3,7,7,7.0
eu.opencloud.android_9.apk,ape,3,180,7,3,7,7,7.0
eu.opencloud.android_9.apk,ape,3,300,7,3,7,7,7.0
eu.opencloud.android_9.apk,droidmate,1,60,0,0,0,0,0
eu.opencloud.android_9.apk,droidmate,1,180,0,0,0,0,0
eu.opencloud.android_9.apk,droidmate,1,300,0,0,0,0,0
eu.opencloud.android_9.apk,droidmate,2,60,0,0,0,0,0
eu.opencloud.android_9.apk,droidmate,2,180,0,0,0,0,0
eu.opencloud.android_9.apk,droidmate,2,300,0,0,0,0,0
eu.opencloud.android_9.apk,droidmate,3,60,0,0,0,0,0
eu.opencloud.android_9.apk,droidmate,3,180,0,0,0,0,0
eu.opencloud.android_9.apk,droidmate,3,300,0,0,0,0,0
eu.opencloud.android_9.apk,humanoid,1,60,0,0,0,0,0
eu.opencloud.android_9.apk,humanoid,1,180,0,0,0,0,0
eu.opencloud.android_9.apk,humanoid,1,300,0,0,0,0,0
eu.opencloud.android_9.apk,humanoid,2,60,0,0,0,0,0
eu.opencloud.android_9.apk,humanoid,2,180,0,0,0,0,0
eu.opencloud.android_9.apk,humanoid,2,300,0,0,0,0,0
eu.opencloud.android_9.apk,humanoid,3,60,0,0,0,0,0
eu.opencloud.android_9.apk,humanoid,3,180,0,0,0,0,0
eu.opencloud.android_9.apk,humanoid,3,300,0,0,0,0,0
eu.opencloud.android_9.apk,ares,1,60,0,0,0,0,0
eu.opencloud.android_9.apk,ares,1,180,0,0,0,0,0
eu.opencloud.android_9.apk,ares,1,300,0,0,0,0,0
eu.opencloud.android_9.apk,ares,2,60,7,3,7,7,7.0
eu.opencloud.android_9.apk,ares,2,180,0,0,0,0,0
eu.opencloud.android_9.apk,ares,2,300,0,0,0,0,0
eu.opencloud.android_9.apk,ares,3,60,0,0,0,0,0
eu.opencloud.android_9.apk,ares,3,180,0,0,0,0,0
eu.opencloud.android_9.apk,ares,3,300,14,3,7,7,7.0
eu.opencloud.android_9.apk,fastbot,1,60,0,0,0,0,0
eu.opencloud.android_9.apk,fastbot,1,180,7,3,7,7,7.0
eu.opencloud.android_9.apk,fastbot,1,300,7,3,7,7,7.0
eu.opencloud.android_9.apk,fastbot,2,60,0,0,0,0,0
eu.opencloud.android_9.apk,fastbot,2,180,7,3,7,7,7.0
eu.opencloud.android_9.apk,fastbot,2,300,7,3,7,7,7.0
eu.opencloud.android_9.apk,fastbot,3,60,0,0,0,0,0
eu.opencloud.android_9.apk,fastbot,3,180,7,3,7,7,7.0
eu.opencloud.android_9.apk,fastbot,3,300,7,3,7,7,7.0
eu.opencloud.android_9.apk,qtesting,1,60,0,0,0,0,0
eu.opencloud.android_9.apk,qtesting,1,180,0,0,0,0,0
eu.opencloud.android_9.apk,qtesting,1,300,0,0,0,0,0
eu.opencloud.android_9.apk,qtesting,2,60,0,0,0,0,0
eu.opencloud.android_9.apk,qtesting,2,180,0,0,0,0,0
eu.opencloud.android_9.apk,qtesting,2,300,0,0,0,0,0
eu.opencloud.android_9.apk,qtesting,3,60,0,0,0,0,0
eu.opencloud.android_9.apk,qtesting,3,180,0,0,0,0,0
eu.opencloud.android_9.apk,qtesting,3,300,0,0,0,0,0
jwtc.android.chess_283.apk,monkey,1,60,0,0,0,0,0
jwtc.android.chess_283.apk,monkey,1,180,7,2,7,7,7.0
jwtc.android.chess_283.apk,monkey,1,300,7,2,7,7,7.0
jwtc.android.chess_283.apk,monkey,2,60,0,0,0,0,0
jwtc.android.chess_283.apk,monkey,2,180,7,2,7,7,7.0
jwtc.android.chess_283.apk,monkey,2,300,0,0,0,0,0
jwtc.android.chess_283.apk,monkey,3,60,7,2,7,7,7.0
jwtc.android.chess_283.apk,monkey,3,180,7,2,7,7,7.0
jwtc.android.chess_283.apk,monkey,3,300,7,2,7,7,7.0
jwtc.android.chess_283.apk,droidbot:dfs_greedy,1,60,0,0,0,0,0
jwtc.android.chess_283.apk,droidbot:dfs_greedy,1,180,0,0,0,0,0
jwtc.android.chess_283.apk,droidbot:dfs_greedy,1,300,0,0,0,0,0
jwtc.android.chess_283.apk,droidbot:dfs_greedy,2,60,0,0,0,0,0
jwtc.android.chess_283.apk,droidbot:dfs_greedy,2,180,0,0,0,0,0
jwtc.android.chess_283.apk,droidbot:dfs_greedy,2,300,0,0,0,0,0
jwtc.android.chess_283.apk,droidbot:dfs_greedy,3,60,0,0,0,0,0
jwtc.android.chess_283.apk,droidbot:dfs_greedy,3,180,0,0,0,0,0
jwtc.android.chess_283.apk,droidbot:dfs_greedy,3,300,0,0,0,0,0
jwtc.android.chess_283.apk,droidbot:bfs_greedy,1,60,0,0,0,0,0
jwtc.android.chess_283.apk,droidbot:bfs_greedy,1,180,7,2,7,7,7.0
jwtc.android.chess_283.apk,droidbot:bfs_greedy,1,300,7,2,7,7,7.0
jwtc.android.chess_283.apk,droidbot:bfs_greedy,2,60,0,0,0,0,0
jwtc.android.chess_283.apk,droidbot:bfs_greedy,2,180,7,2,7,7,7.0
jwtc.android.chess_283.apk,droidbot:bfs_greedy,2,300,7,2,7,7,7.0
jwtc.android.chess_283.apk,droidbot:bfs_greedy,3,60,0,0,0,0,0
jwtc.android.chess_283.apk,droidbot:bfs_greedy,3,180,7,2,7,7,7.0
jwtc.android.chess_283.apk,droidbot:bfs_greedy,3,300,7,2,7,7,7.0
jwtc.android.chess_283.apk,droidbot:dfs_naive,1,60,0,0,0,0,0
jwtc.android.chess_283.apk,droidbot:dfs_naive,1,180,0,0,0,0,0
jwtc.android.chess_283.apk,droidbot:dfs_naive,1,300,7,2,7,7,7.0
jwtc.android.chess_283.apk,droidbot:dfs_naive,2,60,0,0,0,0,0
jwtc.android.chess_283.apk,droidbot:dfs_naive,2,180,7,2,7,7,7.0
jwtc.android.chess_283.apk,droidbot:dfs_naive,2,300,7,2,7,7,7.0
jwtc.android.chess_283.apk,droidbot:dfs_naive,3,60,0,0,0,0,0
jwtc.android.chess_283.apk,droidbot:dfs_naive,3,180,0,0,0,0,0
jwtc.android.chess_283.apk,droidbot:dfs_naive,3,300,7,2,7,7,7.0
jwtc.android.chess_283.apk,droidbot:bfs_naive,1,60,0,0,0,0,0
jwtc.android.chess_283.apk,droidbot:bfs_naive,1,180,7,2,7,7,7.0
jwtc.android.chess_283.apk,droidbot:bfs_naive,1,300,7,2,7,7,7.0
jwtc.android.chess_283.apk,droidbot:bfs_naive,2,60,0,0,0,0,0
jwtc.android.chess_283.apk,droidbot:bfs_naive,2,180,0,0,0,0,0
jwtc.android.chess_283.apk,droidbot:bfs_naive,2,300,7,2,7,7,7.0
jwtc.android.chess_283.apk,droidbot:bfs_naive,3,60,0,0,0,0,0
jwtc.android.chess_283.apk,droidbot:bfs_naive,3,180,0,0,0,0,0
jwtc.android.chess_283.apk,droidbot:bfs_naive,3,300,7,2,7,7,7.0
jwtc.android.chess_283.apk,ape,1,60,0,0,0,0,0
jwtc.android.chess_283.apk,ape,1,180,0,0,0,0,0
jwtc.android.chess_283.apk,ape,1,300,7,2,7,7,7.0
jwtc.android.chess_283.apk,ape,2,60,0,0,0,0,0
jwtc.android.chess_283.apk,ape,2,180,0,0,0,0,0
jwtc.android.chess_283.apk,ape,2,300,7,2,7,7,7.0
jwtc.android.chess_283.apk,ape,3,60,7,2,7,7,7.0
jwtc.android.chess_283.apk,ape,3,180,0,0,0,0,0
jwtc.android.chess_283.apk,ape,3,300,0,0,0,0,0
jwtc.android.chess_283.apk,droidmate,1,60,0,0,0,0,0
jwtc.android.chess_283.apk,droidmate,1,180,0,0,0,0,0
jwtc.android.chess_283.apk,droidmate,1,300,0,0,0,0,0
jwtc.android.chess_283.apk,droidmate,2,60,0,0,0,0,0
jwtc.android.chess_283.apk,droidmate,2,180,0,0,0,0,0
jwtc.android.chess_283.apk,droidmate,2,300,0,0,0,0,0
jwtc.android.chess_283.apk,droidmate,3,60,0,0,0,0,0
eu.opencloud.android_9.apk,droidbot:bfs_naive,3,180,0,0,0,0,0
jwtc.android.chess_283.apk,droidmate,3,180,0,0,0,0,0
jwtc.android.chess_283.apk,droidmate,3,300,0,0,0,0,0
jwtc.android.chess_283.apk,humanoid,1,60,0,0,0,0,0
jwtc.android.chess_283.apk,humanoid,1,180,0,0,0,0,0
jwtc.android.chess_283.apk,humanoid,1,300,0,0,0,0,0
jwtc.android.chess_283.apk,humanoid,2,60,0,0,0,0,0
jwtc.android.chess_283.apk,humanoid,2,180,0,0,0,0,0
jwtc.android.chess_283.apk,humanoid,2,300,0,0,0,0,0
jwtc.android.chess_283.apk,humanoid,3,60,0,0,0,0,0
jwtc.android.chess_283.apk,humanoid,3,180,0,0,0,0,0
jwtc.android.chess_283.apk,humanoid,3,300,0,0,0,0,0
jwtc.android.chess_283.apk,ares,1,60,0,0,0,0,0
jwtc.android.chess_283.apk,ares,1,180,7,2,7,7,7.0
jwtc.android.chess_283.apk,ares,1,300,0,0,0,0,0
jwtc.android.chess_283.apk,ares,2,60,7,2,7,7,7.0
jwtc.android.chess_283.apk,ares,2,180,7,2,7,7,7.0
jwtc.android.chess_283.apk,ares,2,300,0,0,0,0,0
jwtc.android.chess_283.apk,ares,3,60,0,0,0,0,0
jwtc.android.chess_283.apk,ares,3,180,0,0,0,0,0
jwtc.android.chess_283.apk,ares,3,300,7,2,7,7,7.0
jwtc.android.chess_283.apk,fastbot,1,60,0,0,0,0,0
jwtc.android.chess_283.apk,fastbot,1,180,0,0,0,0,0
jwtc.android.chess_283.apk,fastbot,1,300,0,0,0,0,0
jwtc.android.chess_283.apk,fastbot,2,60,0,0,0,0,0
jwtc.android.chess_283.apk,fastbot,2,180,0,0,0,0,0
jwtc.android.chess_283.apk,fastbot,2,300,0,0,0,0,0
jwtc.android.chess_283.apk,fastbot,3,60,0,0,0,0,0
jwtc.android.chess_283.apk,fastbot,3,180,0,0,0,0,0
jwtc.android.chess_283.apk,fastbot,3,300,0,0,0,0,0
jwtc.android.chess_283.apk,qtesting,1,60,0,0,0,0,0
jwtc.android.chess_283.apk,qtesting,1,180,0,0,0,0,0
jwtc.android.chess_283.apk,qtesting,1,300,0,0,0,0,0
jwtc.android.chess_283.apk,qtesting,2,60,0,0,0,0,0
jwtc.android.chess_283.apk,qtesting,2,180,0,0,0,0,0
jwtc.android.chess_283.apk,qtesting,2,300,0,0,0,0,0
jwtc.android.chess_283.apk,qtesting,3,60,0,0,0,0,0
jwtc.android.chess_283.apk,qtesting,3,180,0,0,0,0,0
jwtc.android.chess_283.apk,qtesting,3,300,7,2,7,7,7.0
net.gaast.giggity_769.apk,monkey,1,60,5,1,5,5,5.0
net.gaast.giggity_769.apk,monkey,1,180,10,1,5,5,5.0
net.gaast.giggity_769.apk,monkey,1,300,5,1,5,5,5.0
net.gaast.giggity_769.apk,monkey,2,60,5,1,5,5,5.0
net.gaast.giggity_769.apk,monkey,2,180,5,1,5,5,5.0
net.gaast.giggity_769.apk,monkey,2,300,5,1,5,5,5.0
net.gaast.giggity_769.apk,monkey,3,60,5,1,5,5,5.0
net.gaast.giggity_769.apk,monkey,3,180,5,1,5,5,5.0
net.gaast.giggity_769.apk,monkey,3,300,5,1,5,5,5.0
net.gaast.giggity_769.apk,droidbot:dfs_greedy,1,60,5,1,5,5,5.0
net.gaast.giggity_769.apk,droidbot:dfs_greedy,1,180,0,0,0,0,0
net.gaast.giggity_769.apk,droidbot:dfs_greedy,1,300,0,0,0,0,0
net.gaast.giggity_769.apk,droidbot:dfs_greedy,2,60,5,1,5,5,5.0
net.gaast.giggity_769.apk,droidbot:dfs_greedy,2,180,0,0,0,0,0
net.gaast.giggity_769.apk,droidbot:dfs_greedy,2,300,5,1,5,5,5.0
net.gaast.giggity_769.apk,droidbot:dfs_greedy,3,60,0,0,0,0,0
net.gaast.giggity_769.apk,droidbot:dfs_greedy,3,180,0,0,0,0,0
net.gaast.giggity_769.apk,droidbot:dfs_greedy,3,300,5,1,5,5,5.0
net.gaast.giggity_769.apk,droidbot:bfs_greedy,1,60,5,1,5,5,5.0
net.gaast.giggity_769.apk,droidbot:bfs_greedy,1,180,5,1,5,5,5.0
net.gaast.giggity_769.apk,droidbot:bfs_greedy,1,300,5,1,5,5,5.0
net.gaast.giggity_769.apk,droidbot:bfs_greedy,2,60,5,1,5,5,5.0
net.gaast.giggity_769.apk,droidbot:bfs_greedy,2,180,5,1,5,5,5.0
net.gaast.giggity_769.apk,droidbot:bfs_greedy,2,300,5,1,5,5,5.0
net.gaast.giggity_769.apk,droidbot:bfs_greedy,3,60,5,1,5,5,5.0
net.gaast.giggity_769.apk,droidbot:bfs_greedy,3,180,5,1,5,5,5.0
net.gaast.giggity_769.apk,droidbot:bfs_greedy,3,300,5,1,5,5,5.0
net.gaast.giggity_769.apk,droidbot:dfs_naive,1,60,5,1,5,5,5.0
net.gaast.giggity_769.apk,droidbot:dfs_naive,1,180,5,1,5,5,5.0
net.gaast.giggity_769.apk,droidbot:dfs_naive,1,300,5,1,5,5,5.0
net.gaast.giggity_769.apk,droidbot:dfs_naive,2,60,0,0,0,0,0
net.gaast.giggity_769.apk,droidbot:dfs_naive,2,180,5,1,5,5,5.0
net.gaast.giggity_769.apk,droidbot:dfs_naive,2,300,5,1,5,5,5.0
net.gaast.giggity_769.apk,droidbot:dfs_naive,3,60,0,0,0,0,0
net.gaast.giggity_769.apk,droidbot:dfs_naive,3,180,5,1,5,5,5.0
net.gaast.giggity_769.apk,droidbot:dfs_naive,3,300,5,1,5,5,5.0
net.gaast.giggity_769.apk,droidbot:bfs_naive,1,60,5,1,5,5,5.0
net.gaast.giggity_769.apk,droidbot:bfs_naive,1,180,5,1,5,5,5.0
net.gaast.giggity_769.apk,droidbot:bfs_naive,1,300,5,1,5,5,5.0
net.gaast.giggity_769.apk,droidbot:bfs_naive,2,60,0,0,0,0,0
net.gaast.giggity_769.apk,droidbot:bfs_naive,2,180,5,1,5,5,5.0
net.gaast.giggity_769.apk,droidbot:bfs_naive,2,300,5,1,5,5,5.0
net.gaast.giggity_769.apk,droidbot:bfs_naive,3,60,0,0,0,0,0
net.gaast.giggity_769.apk,droidbot:bfs_naive,3,180,5,1,5,5,5.0
net.gaast.giggity_769.apk,droidbot:bfs_naive,3,300,5,1,5,5,5.0
net.gaast.giggity_769.apk,ape,1,60,5,1,5,5,5.0
net.gaast.giggity_769.apk,ape,1,180,5,1,5,5,5.0
net.gaast.giggity_769.apk,ape,1,300,25,1,5,5,5.0
net.gaast.giggity_769.apk,ape,2,60,5,1,5,5,5.0
net.gaast.giggity_769.apk,ape,2,180,10,1,5,5,5.0
net.gaast.giggity_769.apk,ape,2,300,5,1,5,5,5.0
net.gaast.giggity_769.apk,ape,3,60,5,1,5,5,5.0
net.gaast.giggity_769.apk,ape,3,180,5,1,5,5,5.0
net.gaast.giggity_769.apk,ape,3,300,15,1,5,5,5.0
net.gaast.giggity_769.apk,droidmate,1,60,0,0,0,0,0
net.gaast.giggity_769.apk,droidmate,1,180,5,1,5,5,5.0
net.gaast.giggity_769.apk,droidmate,1,300,10,1,5,5,5.0
net.gaast.giggity_769.apk,droidmate,2,60,5,1,5,5,5.0
net.gaast.giggity_769.apk,droidmate,2,180,5,1,5,5,5.0
net.gaast.giggity_769.apk,droidmate,2,300,10,1,5,5,5.0
net.gaast.giggity_769.apk,droidmate,3,60,0,0,0,0,0
net.gaast.giggity_769.apk,droidmate,3,180,10,1,5,5,5.0
net.gaast.giggity_769.apk,droidmate,3,300,10,1,5,5,5.0
net.gaast.giggity_769.apk,humanoid,1,60,5,1,5,5,5.0
net.gaast.giggity_769.apk,humanoid,1,180,5,1,5,5,5.0
net.gaast.giggity_769.apk,humanoid,1,300,15,1,5,5,5.0
net.gaast.giggity_769.apk,humanoid,2,60,5,1,5,5,5.0
net.gaast.giggity_769.apk,humanoid,2,180,5,1,5,5,5.0
net.gaast.giggity_769.apk,humanoid,2,300,5,1,5,5,5.0
net.gaast.giggity_769.apk,humanoid,3,60,5,1,5,5,5.0
net.gaast.giggity_769.apk,humanoid,3,180,5,1,5,5,5.0
net.gaast.giggity_769.apk,humanoid,3,300,10,1,5,5,5.0
net.gaast.giggity_769.apk,ares,1,60,0,0,0,0,0
net.gaast.giggity_769.apk,ares,1,180,0,0,0,0,0
net.gaast.giggity_769.apk,ares,1,300,0,0,0,0,0
net.gaast.giggity_769.apk,ares,2,60,5,1,5,5,5.0
net.gaast.giggity_769.apk,ares,2,180,0,0,0,0,0
net.gaast.giggity_769.apk,ares,2,300,5,1,5,5,5.0
net.gaast.giggity_769.apk,ares,3,60,0,0,0,0,0
net.gaast.giggity_769.apk,ares,3,180,5,1,5,5,5.0
net.gaast.giggity_769.apk,ares,3,300,0,0,0,0,0
net.gaast.giggity_769.apk,fastbot,1,60,5,1,5,5,5.0
net.gaast.giggity_769.apk,fastbot,1,180,5,1,5,5,5.0
net.gaast.giggity_769.apk,fastbot,1,300,5,1,5,5,5.0
net.gaast.giggity_769.apk,fastbot,2,60,5,1,5,5,5.0
net.gaast.giggity_769.apk,fastbot,2,180,5,1,5,5,5.0
net.gaast.giggity_769.apk,fastbot,2,300,5,1,5,5,5.0
net.gaast.giggity_769.apk,fastbot,3,60,5,1,5,5,5.0
net.gaast.giggity_769.apk,fastbot,3,180,5,1,5,5,5.0
net.gaast.giggity_769.apk,fastbot,3,300,5,1,5,5,5.0
net.gaast.giggity_769.apk,qtesting,1,60,5,1,5,5,5.0
net.gaast.giggity_769.apk,qtesting,1,180,10,1,5,5,5.0
net.gaast.giggity_769.apk,qtesting,1,300,10,1,5,5,5.0
net.gaast.giggity_769.apk,qtesting,2,60,0,0,0,0,0
net.gaast.giggity_769.apk,qtesting,2,180,10,1,5,5,5.0
net.gaast.giggity_769.apk,qtesting,2,300,15,1,5,5,5.0
net.gaast.giggity_769.apk,qtesting,3,60,5,1,5,5,5.0
net.gaast.giggity_769.apk,qtesting,3,180,10,1,5,5,5.0
net.gaast.giggity_769.apk,qtesting,3,300,55,1,5,5,5.0
org.fossify.math_10.apk,monkey,1,60,0,0,0,0,0
org.fossify.math_10.apk,monkey,1,180,0,0,0,0,0
org.fossify.math_10.apk,monkey,1,300,0,0,0,0,0
org.fossify.math_10.apk,monkey,2,60,0,0,0,0,0
org.fossify.math_10.apk,monkey,2,180,0,0,0,0,0
org.fossify.math_10.apk,monkey,2,300,0,0,0,0,0
org.fossify.math_10.apk,monkey,3,60,0,0,0,0,0
org.fossify.math_10.apk,monkey,3,300,0,0,0,0,0
org.fossify.math_10.apk,droidbot:dfs_greedy,1,60,0,0,0,0,0
org.fossify.math_10.apk,droidbot:dfs_greedy,1,180,0,0,0,0,0
org.fossify.math_10.apk,droidbot:dfs_greedy,1,300,0,0,0,0,0
org.fossify.math_10.apk,droidbot:dfs_greedy,2,60,0,0,0,0,0
org.fossify.math_10.apk,droidbot:dfs_greedy,2,180,0,0,0,0,0
org.fossify.math_10.apk,droidbot:dfs_greedy,2,300,0,0,0,0,0
org.fossify.math_10.apk,droidbot:dfs_greedy,3,60,0,0,0,0,0
org.fossify.math_10.apk,droidbot:dfs_greedy,3,180,0,0,0,0,0
org.fossify.math_10.apk,droidbot:dfs_greedy,3,300,0,0,0,0,0
org.fossify.math_10.apk,droidbot:bfs_greedy,1,60,0,0,0,0,0
org.fossify.math_10.apk,droidbot:bfs_greedy,1,180,0,0,0,0,0
org.fossify.math_10.apk,droidbot:bfs_greedy,1,300,0,0,0,0,0
org.fossify.math_10.apk,droidbot:bfs_greedy,2,60,0,0,0,0,0
org.fossify.math_10.apk,droidbot:bfs_greedy,2,180,0,0,0,0,0
org.fossify.math_10.apk,droidbot:bfs_greedy,2,300,0,0,0,0,0
org.fossify.math_10.apk,droidbot:bfs_greedy,3,60,0,0,0,0,0
org.fossify.math_10.apk,droidbot:bfs_greedy,3,180,0,0,0,0,0
org.fossify.math_10.apk,droidbot:bfs_greedy,3,300,0,0,0,0,0
org.fossify.math_10.apk,droidbot:dfs_naive,1,60,0,0,0,0,0
org.fossify.math_10.apk,droidbot:dfs_naive,1,180,0,0,0,0,0
org.fossify.math_10.apk,droidbot:dfs_naive,1,300,0,0,0,0,0
org.fossify.math_10.apk,droidbot:dfs_naive,2,60,0,0,0,0,0
org.fossify.math_10.apk,droidbot:dfs_naive,2,180,0,0,0,0,0
org.fossify.math_10.apk,droidbot:dfs_naive,2,300,0,0,0,0,0
org.fossify.math_10.apk,droidbot:dfs_naive,3,60,0,0,0,0,0
org.fossify.math_10.apk,droidbot:dfs_naive,3,180,0,0,0,0,0
org.fossify.math_10.apk,droidbot:dfs_naive,3,300,0,0,0,0,0
org.fossify.math_10.apk,droidbot:bfs_naive,1,60,0,0,0,0,0
org.fossify.math_10.apk,droidbot:bfs_naive,1,180,0,0,0,0,0
org.fossify.math_10.apk,droidbot:bfs_naive,1,300,0,0,0,0,0
org.fossify.math_10.apk,droidbot:bfs_naive,2,60,0,0,0,0,0
org.fossify.math_10.apk,droidbot:bfs_naive,2,180,0,0,0,0,0
org.fossify.math_10.apk,droidbot:bfs_naive,2,300,0,0,0,0,0
org.fossify.math_10.apk,droidbot:bfs_naive,3,60,0,0,0,0,0
org.fossify.math_10.apk,droidbot:bfs_naive,3,180,0,0,0,0,0
org.fossify.math_10.apk,droidbot:bfs_naive,3,300,0,0,0,0,0
org.fossify.math_10.apk,ape,1,60,0,0,0,0,0
org.fossify.math_10.apk,ape,1,180,0,0,0,0,0
org.fossify.math_10.apk,ape,1,300,0,0,0,0,0
org.fossify.math_10.apk,ape,2,60,0,0,0,0,0
org.fossify.math_10.apk,ape,2,180,0,0,0,0,0
org.fossify.math_10.apk,ape,2,300,0,0,0,0,0
org.fossify.math_10.apk,ape,3,60,0,0,0,0,0
org.fossify.math_10.apk,ape,3,180,0,0,0,0,0
org.fossify.math_10.apk,ape,3,300,0,0,0,0,0
org.fossify.math_10.apk,droidmate,1,60,0,0,0,0,0
org.fossify.math_10.apk,droidmate,1,180,0,0,0,0,0
org.fossify.math_10.apk,droidmate,1,300,0,0,0,0,0
org.fossify.math_10.apk,droidmate,2,60,0,0,0,0,0
org.fossify.math_10.apk,droidmate,2,180,0,0,0,0,0
org.fossify.math_10.apk,droidmate,2,300,0,0,0,0,0
org.fossify.math_10.apk,droidmate,3,60,0,0,0,0,0
org.fossify.math_10.apk,droidmate,3,180,0,0,0,0,0
org.fossify.math_10.apk,droidmate,3,300,0,0,0,0,0
org.fossify.math_10.apk,humanoid,1,60,0,0,0,0,0
org.fossify.math_10.apk,humanoid,1,180,0,0,0,0,0
org.fossify.math_10.apk,humanoid,1,300,0,0,0,0,0
org.fossify.math_10.apk,humanoid,2,60,0,0,0,0,0
org.fossify.math_10.apk,humanoid,2,180,0,0,0,0,0
org.fossify.math_10.apk,humanoid,2,300,0,0,0,0,0
org.fossify.math_10.apk,humanoid,3,60,0,0,0,0,0
org.fossify.math_10.apk,humanoid,3,180,0,0,0,0,0
org.fossify.math_10.apk,humanoid,3,300,0,0,0,0,0
org.fossify.math_10.apk,ares,1,60,0,0,0,0,0
org.fossify.math_10.apk,ares,1,180,0,0,0,0,0
org.fossify.math_10.apk,ares,1,300,0,0,0,0,0
org.fossify.math_10.apk,ares,2,60,0,0,0,0,0
org.fossify.math_10.apk,ares,2,180,0,0,0,0,0
org.fossify.math_10.apk,ares,2,300,0,0,0,0,0
org.fossify.math_10.apk,ares,3,60,0,0,0,0,0
org.fossify.math_10.apk,ares,3,180,0,0,0,0,0
org.fossify.math_10.apk,ares,3,300,0,0,0,0,0
org.fossify.math_10.apk,fastbot,1,60,0,0,0,0,0
org.fossify.math_10.apk,fastbot,1,180,0,0,0,0,0
org.fossify.math_10.apk,fastbot,1,300,0,0,0,0,0
org.fossify.math_10.apk,fastbot,2,60,0,0,0,0,0
org.fossify.math_10.apk,fastbot,2,180,0,0,0,0,0
org.fossify.math_10.apk,fastbot,2,300,0,0,0,0,0
org.fossify.math_10.apk,fastbot,3,60,0,0,0,0,0
org.fossify.math_10.apk,fastbot,3,180,0,0,0,0,0
org.fossify.math_10.apk,fastbot,3,300,0,0,0,0,0
org.fossify.math_10.apk,qtesting,1,60,0,0,0,0,0
org.fossify.math_10.apk,qtesting,1,180,0,0,0,0,0
org.fossify.math_10.apk,qtesting,1,300,0,0,0,0,0
org.fossify.math_10.apk,qtesting,2,60,0,0,0,0,0
org.fossify.math_10.apk,qtesting,2,180,0,0,0,0,0
org.fossify.math_10.apk,qtesting,2,300,0,0,0,0,0
org.fossify.math_10.apk,qtesting,3,60,0,0,0,0,0
org.fossify.math_10.apk,qtesting,3,180,0,0,0,0,0
org.fossify.math_10.apk,qtesting,3,300,0,0,0,0,0
org.liberty.android.fantastischmemo_241.apk,monkey,1,60,0,0,0,0,0
org.liberty.android.fantastischmemo_241.apk,monkey,1,180,0,0,0,0,0
org.liberty.android.fantastischmemo_241.apk,monkey,1,300,7,2,7,7,7.0
org.liberty.android.fantastischmemo_241.apk,monkey,2,60,0,0,0,0,0
org.liberty.android.fantastischmemo_241.apk,monkey,2,180,7,2,7,7,7.0
org.liberty.android.fantastischmemo_241.apk,monkey,2,300,0,0,0,0,0
org.liberty.android.fantastischmemo_241.apk,monkey,3,60,0,0,0,0,0
org.liberty.android.fantastischmemo_241.apk,monkey,3,180,0,0,0,0,0
org.liberty.android.fantastischmemo_241.apk,monkey,3,300,14,2,7,7,7.0
org.liberty.android.fantastischmemo_241.apk,droidbot:dfs_greedy,1,60,0,0,0,0,0
org.liberty.android.fantastischmemo_241.apk,droidbot:dfs_greedy,1,180,7,2,7,7,7.0
org.liberty.android.fantastischmemo_241.apk,droidbot:dfs_greedy,1,300,7,2,7,7,7.0
org.liberty.android.fantastischmemo_241.apk,droidbot:dfs_greedy,2,60,0,0,0,0,0
org.liberty.android.fantastischmemo_241.apk,droidbot:dfs_greedy,2,180,7,2,7,7,7.0
org.liberty.android.fantastischmemo_241.apk,droidbot:dfs_greedy,2,300,7,2,7,7,7.0
org.liberty.android.fantastischmemo_241.apk,droidbot:dfs_greedy,3,60,0,0,0,0,0
org.liberty.android.fantastischmemo_241.apk,droidbot:dfs_greedy,3,180,7,2,7,7,7.0
org.liberty.android.fantastischmemo_241.apk,droidbot:dfs_greedy,3,300,7,2,7,7,7.0
org.liberty.android.fantastischmemo_241.apk,droidbot:bfs_greedy,1,60,0,0,0,0,0
org.liberty.android.fantastischmemo_241.apk,droidbot:bfs_greedy,1,180,0,0,0,0,0
org.liberty.android.fantastischmemo_241.apk,droidbot:bfs_greedy,1,300,0,0,0,0,0
org.liberty.android.fantastischmemo_241.apk,droidbot:bfs_greedy,2,60,0,0,0,0,0
org.liberty.android.fantastischmemo_241.apk,droidbot:bfs_greedy,2,180,0,0,0,0,0
org.liberty.android.fantastischmemo_241.apk,droidbot:bfs_greedy,2,300,0,0,0,0,0
org.liberty.android.fantastischmemo_241.apk,droidbot:bfs_greedy,3,60,0,0,0,0,0
org.liberty.android.fantastischmemo_241.apk,droidbot:bfs_greedy,3,180,0,0,0,0,0
org.liberty.android.fantastischmemo_241.apk,droidbot:bfs_greedy,3,300,7,2,7,7,7.0
org.liberty.android.fantastischmemo_241.apk,droidbot:dfs_naive,1,60,0,0,0,0,0
org.liberty.android.fantastischmemo_241.apk,droidbot:dfs_naive,1,180,0,0,0,0,0
org.liberty.android.fantastischmemo_241.apk,droidbot:dfs_naive,1,300,0,0,0,0,0
org.liberty.android.fantastischmemo_241.apk,droidbot:dfs_naive,2,60,0,0,0,0,0
org.liberty.android.fantastischmemo_241.apk,droidbot:dfs_naive,2,180,0,0,0,0,0
org.liberty.android.fantastischmemo_241.apk,droidbot:dfs_naive,2,300,0,0,0,0,0
org.liberty.android.fantastischmemo_241.apk,droidbot:dfs_naive,3,60,0,0,0,0,0
org.liberty.android.fantastischmemo_241.apk,droidbot:dfs_naive,3,180,0,0,0,0,0
org.liberty.android.fantastischmemo_241.apk,droidbot:dfs_naive,3,300,0,0,0,0,0
org.liberty.android.fantastischmemo_241.apk,droidbot:bfs_naive,1,60,0,0,0,0,0
org.liberty.android.fantastischmemo_241.apk,droidbot:bfs_naive,1,180,0,0,0,0,0
org.liberty.android.fantastischmemo_241.apk,droidbot:bfs_naive,1,300,7,2,7,7,7.0
org.liberty.android.fantastischmemo_241.apk,droidbot:bfs_naive,2,60,0,0,0,0,0
org.liberty.android.fantastischmemo_241.apk,droidbot:bfs_naive,2,180,0,0,0,0,0
org.liberty.android.fantastischmemo_241.apk,droidbot:bfs_naive,2,300,7,2,7,7,7.0
org.liberty.android.fantastischmemo_241.apk,droidbot:bfs_naive,3,60,0,0,0,0,0
org.liberty.android.fantastischmemo_241.apk,droidbot:bfs_naive,3,180,0,0,0,0,0
org.liberty.android.fantastischmemo_241.apk,droidbot:bfs_naive,3,300,7,2,7,7,7.0
org.liberty.android.fantastischmemo_241.apk,ape,1,60,7,2,7,7,7.0
org.liberty.android.fantastischmemo_241.apk,ape,1,180,0,0,0,0,0
org.liberty.android.fantastischmemo_241.apk,ape,1,300,7,2,7,7,7.0
org.liberty.android.fantastischmemo_241.apk,ape,2,60,0,0,0,0,0
org.liberty.android.fantastischmemo_241.apk,ape,2,180,0,0,0,0,0
org.liberty.android.fantastischmemo_241.apk,ape,2,300,0,0,0,0,0
org.liberty.android.fantastischmemo_241.apk,ape,3,60,0,0,0,0,0
org.liberty.android.fantastischmemo_241.apk,ape,3,180,0,0,0,0,0
org.liberty.android.fantastischmemo_241.apk,ape,3,300,14,2,7,7,7.0
org.liberty.android.fantastischmemo_241.apk,droidmate,1,60,0,0,0,0,0
org.liberty.android.fantastischmemo_241.apk,droidmate,1,180,0,0,0,0,0
org.liberty.android.fantastischmemo_241.apk,droidmate,1,300,0,0,0,0,0
org.liberty.android.fantastischmemo_241.apk,droidmate,2,60,0,0,0,0,0
org.liberty.android.fantastischmemo_241.apk,droidmate,2,180,0,0,0,0,0
org.liberty.android.fantastischmemo_241.apk,droidmate,2,300,0,0,0,0,0
org.liberty.android.fantastischmemo_241.apk,droidmate,3,60,0,0,0,0,0
org.liberty.android.fantastischmemo_241.apk,droidmate,3,180,0,0,0,0,0
org.liberty.android.fantastischmemo_241.apk,droidmate,3,300,0,0,0,0,0
org.liberty.android.fantastischmemo_241.apk,humanoid,1,60,0,0,0,0,0
org.liberty.android.fantastischmemo_241.apk,humanoid,1,180,0,0,0,0,0
org.liberty.android.fantastischmemo_241.apk,humanoid,1,300,0,0,0,0,0
org.liberty.android.fantastischmemo_241.apk,humanoid,2,60,0,0,0,0,0
org.liberty.android.fantastischmemo_241.apk,humanoid,2,180,7,2,7,7,7.0
org.liberty.android.fantastischmemo_241.apk,humanoid,2,300,0,0,0,0,0
org.liberty.android.fantastischmemo_241.apk,humanoid,3,60,0,0,0,0,0
org.liberty.android.fantastischmemo_241.apk,humanoid,3,180,7,2,7,7,7.0
org.liberty.android.fantastischmemo_241.apk,humanoid,3,300,7,2,7,7,7.0
org.liberty.android.fantastischmemo_241.apk,ares,1,60,0,0,0,0,0
org.liberty.android.fantastischmemo_241.apk,ares,1,180,7,2,7,7,7.0
org.liberty.android.fantastischmemo_241.apk,ares,1,300,7,2,7,7,7.0
org.liberty.android.fantastischmemo_241.apk,ares,2,60,0,0,0,0,0
org.liberty.android.fantastischmemo_241.apk,ares,2,180,0,0,0,0,0
org.liberty.android.fantastischmemo_241.apk,ares,2,300,0,0,0,0,0
org.liberty.android.fantastischmemo_241.apk,ares,3,60,0,0,0,0,0
org.liberty.android.fantastischmemo_241.apk,ares,3,180,0,0,0,0,0
org.liberty.android.fantastischmemo_241.apk,ares,3,300,7,2,7,7,7.0
org.liberty.android.fantastischmemo_241.apk,fastbot,1,60,0,0,0,0,0
org.liberty.android.fantastischmemo_241.apk,fastbot,1,180,7,2,7,7,7.0
org.liberty.android.fantastischmemo_241.apk,fastbot,1,300,7,2,7,7,7.0
org.liberty.android.fantastischmemo_241.apk,fastbot,2,60,7,2,7,7,7.0
org.liberty.android.fantastischmemo_241.apk,fastbot,2,180,7,2,7,7,7.0
org.liberty.android.fantastischmemo_241.apk,fastbot,2,300,7,2,7,7,7.0
org.liberty.android.fantastischmemo_241.apk,fastbot,3,60,0,0,0,0,0
org.liberty.android.fantastischmemo_241.apk,fastbot,3,180,0,0,0,0,0
org.liberty.android.fantastischmemo_241.apk,fastbot,3,300,7,2,7,7,7.0
org.liberty.android.fantastischmemo_241.apk,qtesting,1,60,7,2,7,7,7.0
org.liberty.android.fantastischmemo_241.apk,qtesting,1,180,0,0,0,0,0
org.liberty.android.fantastischmemo_241.apk,qtesting,1,300,0,0,0,0,0
org.liberty.android.fantastischmemo_241.apk,qtesting,2,60,0,0,0,0,0
org.liberty.android.fantastischmemo_241.apk,qtesting,2,180,7,2,7,7,7.0
org.liberty.android.fantastischmemo_241.apk,qtesting,2,300,7,2,7,7,7.0
org.liberty.android.fantastischmemo_241.apk,qtesting,3,60,0,0,0,0,0
org.liberty.android.fantastischmemo_241.apk,qtesting,3,180,0,0,0,0,0
org.liberty.android.fantastischmemo_241.apk,qtesting,3,300,7,2,7,7,7.0
org.wikipedia_50595.apk,monkey,1,60,7,2,7,7,7.0
org.wikipedia_50595.apk,monkey,1,180,12,3,12,12,12.0
org.wikipedia_50595.apk,monkey,1,300,12,3,12,12,12.0
org.wikipedia_50595.apk,monkey,2,60,12,3,12,12,12.0
org.wikipedia_50595.apk,monkey,2,180,12,3,12,12,12.0
org.wikipedia_50595.apk,monkey,2,300,12,3,12,12,12.0
org.wikipedia_50595.apk,monkey,3,60,12,3,12,12,12.0
org.wikipedia_50595.apk,monkey,3,180,8,2,8,8,8.0
org.wikipedia_50595.apk,monkey,3,300,0,0,0,0,0
org.wikipedia_50595.apk,droidbot:dfs_greedy,1,60,12,3,12,12,12.0
org.wikipedia_50595.apk,droidbot:dfs_greedy,1,180,12,3,12,12,12.0
org.wikipedia_50595.apk,droidbot:dfs_greedy,1,300,24,3,12,12,12.0
org.wikipedia_50595.apk,droidbot:dfs_greedy,2,60,12,3,12,12,12.0
org.wikipedia_50595.apk,droidbot:dfs_greedy,2,180,12,3,12,12,12.0
org.wikipedia_50595.apk,droidbot:dfs_greedy,2,300,12,3,12,12,12.0
org.wikipedia_50595.apk,droidbot:dfs_greedy,3,60,12,3,12,12,12.0
org.wikipedia_50595.apk,droidbot:dfs_greedy,3,180,24,3,12,12,12.0
org.wikipedia_50595.apk,droidbot:dfs_greedy,3,300,12,3,12,12,12.0
org.wikipedia_50595.apk,droidbot:bfs_greedy,1,60,12,3,12,12,12.0
org.wikipedia_50595.apk,droidbot:bfs_greedy,1,180,12,3,12,12,12.0
org.wikipedia_50595.apk,droidbot:bfs_greedy,1,300,12,3,12,12,12.0
org.wikipedia_50595.apk,droidbot:bfs_greedy,2,60,12,3,12,12,12.0
org.wikipedia_50595.apk,droidbot:bfs_greedy,2,180,12,3,12,12,12.0
org.wikipedia_50595.apk,droidbot:bfs_greedy,2,300,12,3,12,12,12.0
org.wikipedia_50595.apk,droidbot:bfs_greedy,3,60,12,3,12,12,12.0
org.wikipedia_50595.apk,droidbot:bfs_greedy,3,180,12,3,12,12,12.0
org.wikipedia_50595.apk,droidbot:bfs_greedy,3,300,12,3,12,12,12.0
org.wikipedia_50595.apk,droidbot:dfs_naive,1,60,12,3,12,12,12.0
org.wikipedia_50595.apk,droidbot:dfs_naive,1,180,12,3,12,12,12.0
org.wikipedia_50595.apk,droidbot:dfs_naive,1,300,5,1,5,5,5.0
org.wikipedia_50595.apk,droidbot:dfs_naive,2,60,12,3,12,12,12.0
org.wikipedia_50595.apk,droidbot:dfs_naive,2,180,12,3,12,12,12.0
org.wikipedia_50595.apk,droidbot:dfs_naive,2,300,12,3,12,12,12.0
org.wikipedia_50595.apk,droidbot:dfs_naive,3,60,12,3,12,12,12.0
org.wikipedia_50595.apk,droidbot:dfs_naive,3,180,12,3,12,12,12.0
org.wikipedia_50595.apk,droidbot:dfs_naive,3,300,12,3,12,12,12.0
org.wikipedia_50595.apk,droidbot:bfs_naive,1,60,12,3,12,12,12.0
org.wikipedia_50595.apk,droidbot:bfs_naive,1,180,12,3,12,12,12.0
org.wikipedia_50595.apk,droidbot:bfs_naive,1,300,12,3,12,12,12.0
org.wikipedia_50595.apk,droidbot:bfs_naive,2,60,12,3,12,12,12.0
org.wikipedia_50595.apk,droidbot:bfs_naive,2,180,12,3,12,12,12.0
org.wikipedia_50595.apk,droidbot:bfs_naive,2,300,12,3,12,12,12.0
org.wikipedia_50595.apk,droidbot:bfs_naive,3,60,12,3,12,12,12.0
org.wikipedia_50595.apk,droidbot:bfs_naive,3,180,12,3,12,12,12.0
org.wikipedia_50595.apk,droidbot:bfs_naive,3,300,12,3,12,12,12.0
org.wikipedia_50595.apk,ape,1,60,12,3,12,12,12.0
org.wikipedia_50595.apk,ape,1,180,24,3,12,12,12.0
org.wikipedia_50595.apk,ape,1,300,36,3,12,12,12.0
org.wikipedia_50595.apk,ape,2,60,12,3,12,12,12.0
org.wikipedia_50595.apk,ape,2,180,12,3,12,12,12.0
org.wikipedia_50595.apk,ape,2,300,8,3,8,8,8.0
org.wikipedia_50595.apk,ape,3,60,12,3,12,12,12.0
org.wikipedia_50595.apk,ape,3,180,12,3,12,12,12.0
org.wikipedia_50595.apk,ape,3,300,12,3,12,12,12.0
org.wikipedia_50595.apk,droidmate,1,60,7,2,7,7,7.0
org.wikipedia_50595.apk,droidmate,1,300,24,3,12,12,12.0
org.wikipedia_50595.apk,droidmate,2,60,12,3,12,12,12.0
org.wikipedia_50595.apk,droidmate,2,180,12,3,12,12,12.0
org.wikipedia_50595.apk,droidmate,2,300,19,3,12,12,12.0
org.wikipedia_50595.apk,droidmate,3,60,12,3,12,12,12.0
org.wikipedia_50595.apk,droidmate,3,180,12,3,12,12,12.0
org.wikipedia_50595.apk,droidmate,3,300,19,3,12,12,12.0
org.wikipedia_50595.apk,humanoid,1,60,12,3,12,12,12.0
org.fossify.math_10.apk,monkey,3,180,0,0,0,0,0
org.wikipedia_50595.apk,droidmate,1,180,12,3,12,12,12
org.wikipedia_50595.apk,humanoid,1,180,12,3,12,12,12
org.wikipedia_50595.apk,humanoid,1,300,12,3,12,12,12
org.wikipedia_50595.apk,humanoid,2,60,12,3,12,12,12
org.wikipedia_50595.apk,humanoid,2,180,12,3,12,12,12
org.wikipedia_50595.apk,humanoid,2,300,12,3,12,12,12
org.wikipedia_50595.apk,humanoid,3,60,12,3,12,12,12
org.wikipedia_50595.apk,humanoid,3,180,12,3,12,12,12
org.wikipedia_50595.apk,humanoid,3,300,12,3,12,12,12
org.wikipedia_50595.apk,ares,1,60,24,3,12,12,12
org.wikipedia_50595.apk,ares,1,180,24,3,12,12,12
org.wikipedia_50595.apk,ares,1,300,60,3,12,12,12
org.wikipedia_50595.apk,ares,2,60,24,3,12,12,12
org.wikipedia_50595.apk,ares,2,180,48,3,12,12,12
org.wikipedia_50595.apk,ares,2,300,48,3,12,12,12
org.wikipedia_50595.apk,ares,3,60,19,3,12,12,12
org.wikipedia_50595.apk,ares,3,180,24,3,12,12,12
org.wikipedia_50595.apk,ares,3,300,36,3,12,12,12
org.wikipedia_50595.apk,fastbot,1,60,12,3,12,12,12
org.wikipedia_50595.apk,fastbot,1,180,12,3,12,12,12
org.wikipedia_50595.apk,fastbot,1,300,12,3,12,12,12
org.wikipedia_50595.apk,fastbot,2,60,12,3,12,12,12
org.wikipedia_50595.apk,fastbot,2,180,12,3,12,12,12
org.wikipedia_50595.apk,fastbot,2,300,12,3,12,12,12
org.wikipedia_50595.apk,fastbot,3,60,12,3,12,12,12
org.wikipedia_50595.apk,fastbot,3,180,12,3,12,12,12
org.wikipedia_50595.apk,fastbot,3,300,11,3,11,11,11
org.wikipedia_50595.apk,qtesting,1,60,0,0,0,0,0
org.wikipedia_50595.apk,qtesting,1,180,0,0,0,0,0
org.wikipedia_50595.apk,qtesting,1,300,0,0,0,0,0
org.wikipedia_50595.apk,qtesting,2,60,0,0,0,0,0
org.wikipedia_50595.apk,qtesting,2,180,0,0,0,0,0
org.wikipedia_50595.apk,qtesting,2,300,0,0,0,0,0
org.wikipedia_50595.apk,qtesting,3,60,0,0,0,0,0
org.wikipedia_50595.apk,qtesting,3,180,0,0,0,0,0
org.wikipedia_50595.apk,qtesting,3,300,0,0,0,0,0
app.plugbrain.android_154.apk,monkey,1,60,0,0,0,0,0
app.plugbrain.android_154.apk,monkey,2,60,0,0,0,0,0
app.plugbrain.android_154.apk,monkey,2,180,0,0,0,0,0
app.plugbrain.android_154.apk,monkey,2,300,0,0,0,0,0
app.plugbrain.android_154.apk,monkey,3,60,0,0,0,0,0
app.plugbrain.android_154.apk,droidbot:dfs_greedy,1,60,0,0,0,0,0
app.plugbrain.android_154.apk,droidbot:dfs_greedy,1,180,0,0,0,0,0
app.plugbrain.android_154.apk,droidbot:dfs_greedy,1,300,0,0,0,0,0
app.plugbrain.android_154.apk,droidbot:dfs_greedy,2,60,0,0,0,0,0
app.plugbrain.android_154.apk,droidbot:dfs_greedy,2,180,0,0,0,0,0
app.plugbrain.android_154.apk,droidbot:dfs_greedy,2,300,0,0,0,0,0
app.plugbrain.android_154.apk,droidbot:dfs_greedy,3,60,0,0,0,0,0
app.plugbrain.android_154.apk,droidbot:dfs_greedy,3,180,0,0,0,0,0
app.plugbrain.android_154.apk,droidbot:dfs_greedy,3,300,0,0,0,0,0
app.plugbrain.android_154.apk,droidbot:bfs_greedy,1,60,0,0,0,0,0
app.plugbrain.android_154.apk,droidbot:bfs_greedy,1,180,0,0,0,0,0
app.plugbrain.android_154.apk,droidbot:bfs_greedy,1,300,0,0,0,0,0
app.plugbrain.android_154.apk,droidbot:bfs_greedy,2,60,0,0,0,0,0
app.plugbrain.android_154.apk,droidbot:bfs_greedy,2,180,0,0,0,0,0
app.plugbrain.android_154.apk,droidbot:bfs_greedy,2,300,0,0,0,0,0
app.plugbrain.android_154.apk,droidbot:bfs_greedy,3,60,0,0,0,0,0
app.plugbrain.android_154.apk,droidbot:bfs_greedy,3,180,0,0,0,0,0
app.plugbrain.android_154.apk,droidbot:bfs_greedy,3,300,0,0,0,0,0
app.plugbrain.android_154.apk,droidbot:dfs_naive,1,60,0,0,0,0,0
app.plugbrain.android_154.apk,droidbot:dfs_naive,1,180,0,0,0,0,0
app.plugbrain.android_154.apk,droidbot:dfs_naive,1,300,0,0,0,0,0
app.plugbrain.android_154.apk,droidbot:dfs_naive,2,60,0,0,0,0,0
app.plugbrain.android_154.apk,droidbot:dfs_naive,2,180,0,0,0,0,0
app.plugbrain.android_154.apk,droidbot:dfs_naive,2,300,0,0,0,0,0
app.plugbrain.android_154.apk,droidbot:dfs_naive,3,60,0,0,0,0,0
app.plugbrain.android_154.apk,droidbot:dfs_naive,3,180,0,0,0,0,0
app.plugbrain.android_154.apk,droidbot:dfs_naive,3,300,0,0,0,0,0
app.plugbrain.android_154.apk,droidbot:bfs_naive,1,60,0,0,0,0,0
app.plugbrain.android_154.apk,droidbot:bfs_naive,1,180,0,0,0,0,0
app.plugbrain.android_154.apk,droidbot:bfs_naive,1,300,0,0,0,0,0
app.plugbrain.android_154.apk,droidbot:bfs_naive,2,60,0,0,0,0,0
app.plugbrain.android_154.apk,droidbot:bfs_naive,2,180,0,0,0,0,0
app.plugbrain.android_154.apk,droidbot:bfs_naive,2,300,0,0,0,0,0
app.plugbrain.android_154.apk,droidbot:bfs_naive,3,60,0,0,0,0,0
app.plugbrain.android_154.apk,droidbot:bfs_naive,3,180,0,0,0,0,0
app.plugbrain.android_154.apk,droidbot:bfs_naive,3,300,0,0,0,0,0
app.plugbrain.android_154.apk,ape,1,60,0,0,0,0,0
app.plugbrain.android_154.apk,ape,1,180,0,0,0,0,0
app.plugbrain.android_154.apk,ape,1,300,0,0,0,0,0
app.plugbrain.android_154.apk,ape,2,60,0,0,0,0,0
app.plugbrain.android_154.apk,ape,2,180,0,0,0,0,0
app.plugbrain.android_154.apk,ape,2,300,0,0,0,0,0
app.plugbrain.android_154.apk,ape,3,60,0,0,0,0,0
app.plugbrain.android_154.apk,ape,3,180,0,0,0,0,0
app.plugbrain.android_154.apk,ape,3,300,0,0,0,0,0
app.plugbrain.android_154.apk,droidmate,1,60,0,0,0,0,0
app.plugbrain.android_154.apk,droidmate,1,180,0,0,0,0,0
app.plugbrain.android_154.apk,droidmate,1,300,0,0,0,0,0
app.plugbrain.android_154.apk,droidmate,2,60,0,0,0,0,0
app.plugbrain.android_154.apk,droidmate,2,180,0,0,0,0,0
app.plugbrain.android_154.apk,droidmate,2,300,0,0,0,0,0
app.plugbrain.android_154.apk,droidmate,3,60,0,0,0,0,0
app.plugbrain.android_154.apk,droidmate,3,180,0,0,0,0,0
app.plugbrain.android_154.apk,droidmate,3,300,0,0,0,0,0
app.plugbrain.android_154.apk,humanoid,1,60,0,0,0,0,0
app.plugbrain.android_154.apk,humanoid,1,180,0,0,0,0,0
app.plugbrain.android_154.apk,humanoid,1,300,0,0,0,0,0
app.plugbrain.android_154.apk,humanoid,2,60,0,0,0,0,0
app.plugbrain.android_154.apk,humanoid,2,180,0,0,0,0,0
app.plugbrain.android_154.apk,humanoid,2,300,0,0,0,0,0
app.plugbrain.android_154.apk,humanoid,3,60,0,0,0,0,0
app.plugbrain.android_154.apk,humanoid,3,180,0,0,0,0,0
app.plugbrain.android_154.apk,humanoid,3,300,0,0,0,0,0
app.plugbrain.android_154.apk,ares,1,60,0,0,0,0,0
app.plugbrain.android_154.apk,ares,1,180,0,0,0,0,0
app.plugbrain.android_154.apk,ares,1,300,0,0,0,0,0
app.plugbrain.android_154.apk,ares,2,60,0,0,0,0,0
app.plugbrain.android_154.apk,ares,2,180,0,0,0,0,0
app.plugbrain.android_154.apk,ares,2,300,0,0,0,0,0
app.plugbrain.android_154.apk,ares,3,60,0,0,0,0,0
app.plugbrain.android_154.apk,ares,3,180,0,0,0,0,0
app.plugbrain.android_154.apk,ares,3,300,0,0,0,0,0
app.plugbrain.android_154.apk,fastbot,1,60,0,0,0,0,0
app.plugbrain.android_154.apk,fastbot,1,180,0,0,0,0,0
app.plugbrain.android_154.apk,fastbot,1,300,0,0,0,0,0
app.plugbrain.android_154.apk,fastbot,2,60,0,0,0,0,0
app.plugbrain.android_154.apk,fastbot,2,180,0,0,0,0,0
app.plugbrain.android_154.apk,fastbot,2,300,0,0,0,0,0
app.plugbrain.android_154.apk,fastbot,3,60,0,0,0,0,0
app.plugbrain.android_154.apk,fastbot,3,180,0,0,0,0,0
app.plugbrain.android_154.apk,fastbot,3,300,0,0,0,0,0
app.plugbrain.android_154.apk,qtesting,1,60,0,0,0,0,0
app.plugbrain.android_154.apk,qtesting,1,180,0,0,0,0,0
app.plugbrain.android_154.apk,qtesting,1,300,0,0,0,0,0
app.plugbrain.android_154.apk,qtesting,2,60,0,0,0,0,0
app.plugbrain.android_154.apk,qtesting,2,180,0,0,0,0,0
app.plugbrain.android_154.apk,qtesting,2,300,0,0,0,0,0
app.plugbrain.android_154.apk,qtesting,3,60,0,0,0,0,0
app.plugbrain.android_154.apk,qtesting,3,180,0,0,0,0,0
app.plugbrain.android_154.apk,qtesting,3,300,0,0,0,0,0
com.absinthe.libchecker_2671.apk,monkey,1,60,5,1,5,5,5.0
com.absinthe.libchecker_2671.apk,monkey,1,180,12,3,12,12,12.0
com.absinthe.libchecker_2671.apk,monkey,1,300,17,4,17,17,17.0
com.absinthe.libchecker_2671.apk,monkey,2,60,5,1,5,5,5.0
com.absinthe.libchecker_2671.apk,monkey,2,180,12,3,12,12,12.0
com.absinthe.libchecker_2671.apk,monkey,3,60,5,1,5,5,5.0
com.absinthe.libchecker_2671.apk,droidbot:dfs_greedy,1,60,5,1,5,5,5.0
com.absinthe.libchecker_2671.apk,droidbot:dfs_greedy,1,180,12,3,12,12,12.0
com.absinthe.libchecker_2671.apk,droidbot:dfs_greedy,1,300,5,1,5,5,5.0
com.absinthe.libchecker_2671.apk,droidbot:dfs_greedy,2,60,5,1,5,5,5.0
com.absinthe.libchecker_2671.apk,droidbot:dfs_greedy,2,180,5,1,5,5,5.0
com.absinthe.libchecker_2671.apk,droidbot:dfs_greedy,2,300,12,3,12,12,12.0
com.absinthe.libchecker_2671.apk,droidbot:dfs_greedy,3,60,12,3,12,12,12.0
com.absinthe.libchecker_2671.apk,droidbot:dfs_greedy,3,180,12,3,12,12,12.0
com.absinthe.libchecker_2671.apk,droidbot:dfs_greedy,3,300,5,1,5,5,5.0
com.absinthe.libchecker_2671.apk,droidbot:bfs_greedy,1,60,5,1,5,5,5.0
com.absinthe.libchecker_2671.apk,droidbot:bfs_greedy,1,180,10,1,5,5,5.0
com.absinthe.libchecker_2671.apk,droidbot:bfs_greedy,1,300,17,4,17,17,17.0
com.absinthe.libchecker_2671.apk,droidbot:bfs_greedy,2,60,5,1,5,5,5.0
com.absinthe.libchecker_2671.apk,droidbot:bfs_greedy,2,180,12,3,12,12,12.0
com.absinthe.libchecker_2671.apk,droidbot:bfs_greedy,2,300,12,3,12,12,12.0
com.absinthe.libchecker_2671.apk,droidbot:bfs_greedy,3,60,12,3,12,12,12.0
com.absinthe.libchecker_2671.apk,droidbot:bfs_greedy,3,180,12,3,12,12,12.0
com.absinthe.libchecker_2671.apk,droidbot:bfs_greedy,3,300,17,4,17,17,17.0
com.absinthe.libchecker_2671.apk,droidbot:dfs_naive,1,60,5,1,5,5,5.0
com.absinthe.libchecker_2671.apk,droidbot:dfs_naive,1,180,5,1,5,5,5.0
com.absinthe.libchecker_2671.apk,droidbot:dfs_naive,1,300,17,4,17,17,17.0
com.absinthe.libchecker_2671.apk,droidbot:dfs_naive,2,60,5,1,5,5,5.0
com.absinthe.libchecker_2671.apk,droidbot:dfs_naive,2,180,12,3,12,12,12.0
com.absinthe.libchecker_2671.apk,droidbot:dfs_naive,2,300,12,3,12,12,12.0
com.absinthe.libchecker_2671.apk,droidbot:dfs_naive,3,60,5,1,5,5,5.0
com.absinthe.libchecker_2671.apk,droidbot:dfs_naive,3,180,12,3,12,12,12.0
com.absinthe.libchecker_2671.apk,droidbot:dfs_naive,3,300,17,4,17,17,17.0
com.absinthe.libchecker_2671.apk,droidbot:bfs_naive,1,60,5,1,5,5,5.0
com.absinthe.libchecker_2671.apk,droidbot:bfs_naive,1,180,5,1,5,5,5.0
com.absinthe.libchecker_2671.apk,droidbot:bfs_naive,1,300,12,3,12,12,12.0
com.absinthe.libchecker_2671.apk,droidbot:bfs_naive,2,60,5,1,5,5,5.0
com.absinthe.libchecker_2671.apk,droidbot:bfs_naive,2,180,12,3,12,12,12.0
com.absinthe.libchecker_2671.apk,droidbot:bfs_naive,2,300,12,3,12,12,12.0
com.absinthe.libchecker_2671.apk,droidbot:bfs_naive,3,60,5,1,5,5,5.0
com.absinthe.libchecker_2671.apk,droidbot:bfs_naive,3,180,12,3,12,12,12.0
com.absinthe.libchecker_2671.apk,droidbot:bfs_naive,3,300,12,3,12,12,12.0
com.absinthe.libchecker_2671.apk,ape,1,60,12,3,12,12,12.0
com.absinthe.libchecker_2671.apk,ape,1,180,17,3,12,12,12.0
com.absinthe.libchecker_2671.apk,ape,1,300,24,3,12,12,12.0
com.absinthe.libchecker_2671.apk,ape,2,60,5,1,5,5,5.0
com.absinthe.libchecker_2671.apk,ape,2,180,12,3,12,12,12.0
com.absinthe.libchecker_2671.apk,ape,2,300,22,4,17,17,17.0
com.absinthe.libchecker_2671.apk,ape,3,60,12,3,12,12,12.0
com.absinthe.libchecker_2671.apk,ape,3,180,12,3,12,12,12.0
com.absinthe.libchecker_2671.apk,droidmate,1,60,12,3,12,12,12.0
com.absinthe.libchecker_2671.apk,droidmate,1,180,29,4,17,17,17.0
com.absinthe.libchecker_2671.apk,droidmate,1,300,17,4,17,17,17.0
com.absinthe.libchecker_2671.apk,droidmate,2,60,12,3,12,12,12.0
com.absinthe.libchecker_2671.apk,droidmate,2,180,17,4,17,17,17.0
com.absinthe.libchecker_2671.apk,droidmate,2,300,17,4,17,17,17.0
com.absinthe.libchecker_2671.apk,droidmate,3,60,12,3,12,12,12.0
com.absinthe.libchecker_2671.apk,droidmate,3,180,17,3,12,12,12.0
com.absinthe.libchecker_2671.apk,droidmate,3,300,17,4,17,17,17.0
com.absinthe.libchecker_2671.apk,humanoid,1,60,12,3,12,12,12.0
com.absinthe.libchecker_2671.apk,humanoid,1,180,12,3,12,12,12.0
com.absinthe.libchecker_2671.apk,humanoid,1,300,12,3,12,12,12.0
com.absinthe.libchecker_2671.apk,humanoid,2,60,12,3,12,12,12.0
com.absinthe.libchecker_2671.apk,humanoid,2,180,17,4,17,17,17.0
com.absinthe.libchecker_2671.apk,humanoid,2,300,17,4,17,17,17.0
com.absinthe.libchecker_2671.apk,humanoid,3,60,12,3,12,12,12.0
com.absinthe.libchecker_2671.apk,humanoid,3,180,12,3,12,12,12.0
com.absinthe.libchecker_2671.apk,humanoid,3,300,12,3,12,12,12.0
com.absinthe.libchecker_2671.apk,ares,1,60,10,1,5,5,5.0
com.absinthe.libchecker_2671.apk,ares,1,180,17,3,12,12,12.0
com.absinthe.libchecker_2671.apk,ares,1,300,10,1,5,5,5.0
com.absinthe.libchecker_2671.apk,ares,2,60,10,1,5,5,5.0
com.absinthe.libchecker_2671.apk,ares,2,180,17,3,12,12,12.0
com.absinthe.libchecker_2671.apk,ares,2,300,22,4,17,17,17.0
com.absinthe.libchecker_2671.apk,ares,3,60,17,3,12,12,12.0
com.absinthe.libchecker_2671.apk,ares,3,180,17,3,12,12,12.0
com.absinthe.libchecker_2671.apk,fastbot,1,60,12,3,12,12,12.0
com.absinthe.libchecker_2671.apk,fastbot,1,180,7,2,7,7,7.0
com.absinthe.libchecker_2671.apk,fastbot,1,300,12,3,12,12,12.0
com.absinthe.libchecker_2671.apk,fastbot,2,60,12,3,12,12,12.0
com.absinthe.libchecker_2671.apk,fastbot,2,180,12,3,12,12,12.0
com.absinthe.libchecker_2671.apk,fastbot,2,300,24,3,12,12,12.0
com.absinthe.libchecker_2671.apk,fastbot,3,60,12,3,12,12,12.0
com.absinthe.libchecker_2671.apk,fastbot,3,180,5,1,5,5,5.0
com.absinthe.libchecker_2671.apk,fastbot,3,300,12,3,12,12,12.0
com.absinthe.libchecker_2671.apk,qtesting,1,60,24,3,12,12,12.0
com.absinthe.libchecker_2671.apk,qtesting,1,180,56,3,12,12,12.0
com.absinthe.libchecker_2671.apk,qtesting,1,300,78,3,12,12,12.0
com.absinthe.libchecker_2671.apk,qtesting,2,60,29,3,12,12,12.0
com.absinthe.libchecker_2671.apk,qtesting,2,180,59,3,12,12,12.0
com.absinthe.libchecker_2671.apk,qtesting,2,300,64,3,12,12,12.0
com.absinthe.libchecker_2671.apk,qtesting,3,60,24,3,12,12,12.0
com.absinthe.libchecker_2671.apk,qtesting,3,180,24,3,12,12,12.0
com.absinthe.libchecker_2671.apk,qtesting,3,300,76,3,12,12,12.0
com.daniebeler.pfpixelix_40.apk,monkey,1,60,7,2,7,7,7.0
com.daniebeler.pfpixelix_40.apk,monkey,2,60,7,2,7,7,7.0
com.daniebeler.pfpixelix_40.apk,monkey,2,180,7,2,7,7,7.0
com.daniebeler.pfpixelix_40.apk,monkey,3,60,7,2,7,7,7.0
com.daniebeler.pfpixelix_40.apk,monkey,3,180,7,2,7,7,7.0
app.plugbrain.android_154.apk,monkey,3,300,0,0,0,0,0
com.absinthe.libchecker_2671.apk,ape,3,300,24,3,12,12,12.0
com.absinthe.libchecker_2671.apk,ares,3,300,22,4,17,17,17.0
com.daniebeler.pfpixelix_40.apk,monkey,2,300,7,2,7,7,7.0
com.daniebeler.pfpixelix_40.apk,droidbot:dfs_greedy,1,60,7,2,7,7,7.0
com.daniebeler.pfpixelix_40.apk,droidbot:dfs_greedy,1,180,7,2,7,7,7.0
com.daniebeler.pfpixelix_40.apk,droidbot:dfs_greedy,1,300,7,2,7,7,7.0
com.daniebeler.pfpixelix_40.apk,droidbot:dfs_greedy,2,60,0,0,0,0,0
com.daniebeler.pfpixelix_40.apk,droidbot:dfs_greedy,2,180,7,2,7,7,7.0
com.daniebeler.pfpixelix_40.apk,droidbot:dfs_greedy,2,300,7,2,7,7,7.0
com.daniebeler.pfpixelix_40.apk,droidbot:dfs_greedy,3,60,7,2,7,7,7.0
com.daniebeler.pfpixelix_40.apk,droidbot:dfs_greedy,3,180,7,2,7,7,7.0
com.daniebeler.pfpixelix_40.apk,droidbot:dfs_greedy,3,300,7,2,7,7,7.0
com.daniebeler.pfpixelix_40.apk,droidbot:bfs_greedy,1,60,0,0,0,0,0
com.daniebeler.pfpixelix_40.apk,droidbot:bfs_greedy,1,180,7,2,7,7,7.0
com.daniebeler.pfpixelix_40.apk,droidbot:bfs_greedy,1,300,7,2,7,7,7.0
com.daniebeler.pfpixelix_40.apk,droidbot:bfs_greedy,2,60,0,0,0,0,0
com.daniebeler.pfpixelix_40.apk,droidbot:bfs_greedy,2,180,7,2,7,7,7.0
com.daniebeler.pfpixelix_40.apk,droidbot:bfs_greedy,2,300,7,2,7,7,7.0
com.daniebeler.pfpixelix_40.apk,droidbot:bfs_greedy,3,60,0,0,0,0,0
com.daniebeler.pfpixelix_40.apk,droidbot:bfs_greedy,3,180,7,2,7,7,7.0
com.daniebeler.pfpixelix_40.apk,droidbot:bfs_greedy,3,300,7,2,7,7,7.0
com.daniebeler.pfpixelix_40.apk,droidbot:dfs_naive,1,60,0,0,0,0,0
com.daniebeler.pfpixelix_40.apk,droidbot:dfs_naive,1,180,0,0,0,0,0
com.daniebeler.pfpixelix_40.apk,droidbot:dfs_naive,1,300,7,2,7,7,7.0
com.daniebeler.pfpixelix_40.apk,droidbot:dfs_naive,2,60,0,0,0,0,0
com.daniebeler.pfpixelix_40.apk,droidbot:dfs_naive,2,180,0,0,0,0,0
com.daniebeler.pfpixelix_40.apk,droidbot:dfs_naive,2,300,0,0,0,0,0
com.daniebeler.pfpixelix_40.apk,droidbot:dfs_naive,3,60,0,0,0,0,0
com.daniebeler.pfpixelix_40.apk,droidbot:dfs_naive,3,180,0,0,0,0,0
com.daniebeler.pfpixelix_40.apk,droidbot:dfs_naive,3,300,0,0,0,0,0
com.daniebeler.pfpixelix_40.apk,droidbot:bfs_naive,1,60,7,2,7,7,7.0
com.daniebeler.pfpixelix_40.apk,droidbot:bfs_naive,1,300,0,0,0,0,0
com.daniebeler.pfpixelix_40.apk,droidbot:bfs_naive,2,60,0,0,0,0,0
com.daniebeler.pfpixelix_40.apk,droidbot:bfs_naive,2,180,0,0,0,0,0
com.daniebeler.pfpixelix_40.apk,droidbot:bfs_naive,2,300,0,0,0,0,0
com.daniebeler.pfpixelix_40.apk,droidbot:bfs_naive,3,60,0,0,0,0,0
com.daniebeler.pfpixelix_40.apk,droidbot:bfs_naive,3,180,7,2,7,7,7.0
com.daniebeler.pfpixelix_40.apk,droidbot:bfs_naive,3,300,0,0,0,0,0
com.daniebeler.pfpixelix_40.apk,ape,1,60,7,2,7,7,7.0
com.daniebeler.pfpixelix_40.apk,ape,1,180,7,2,7,7,7.0
com.daniebeler.pfpixelix_40.apk,ape,1,300,14,2,7,7,7.0
com.daniebeler.pfpixelix_40.apk,ape,2,60,7,2,7,7,7.0
com.daniebeler.pfpixelix_40.apk,ape,2,180,7,2,7,7,7.0
com.daniebeler.pfpixelix_40.apk,ape,2,300,7,2,7,7,7.0
com.daniebeler.pfpixelix_40.apk,ape,3,60,0,0,0,0,0
com.daniebeler.pfpixelix_40.apk,ape,3,180,7,2,7,7,7.0
com.daniebeler.pfpixelix_40.apk,ape,3,300,7,2,7,7,7.0
com.daniebeler.pfpixelix_40.apk,droidmate,1,60,7,2,7,7,7.0
com.daniebeler.pfpixelix_40.apk,droidmate,1,180,7,2,7,7,7.0
com.daniebeler.pfpixelix_40.apk,droidmate,1,300,7,2,7,7,7.0
com.daniebeler.pfpixelix_40.apk,droidmate,2,60,7,2,7,7,7.0
com.daniebeler.pfpixelix_40.apk,droidmate,2,180,7,2,7,7,7.0
com.daniebeler.pfpixelix_40.apk,droidmate,2,300,7,2,7,7,7.0
com.daniebeler.pfpixelix_40.apk,droidmate,3,60,7,2,7,7,7.0
com.daniebeler.pfpixelix_40.apk,droidmate,3,180,7,2,7,7,7.0
com.daniebeler.pfpixelix_40.apk,droidmate,3,300,7,2,7,7,7.0
com.daniebeler.pfpixelix_40.apk,humanoid,1,60,0,0,0,0,0
com.daniebeler.pfpixelix_40.apk,humanoid,1,180,7,2,7,7,7.0
com.daniebeler.pfpixelix_40.apk,humanoid,1,300,7,2,7,7,7.0
com.daniebeler.pfpixelix_40.apk,humanoid,2,60,0,0,0,0,0
com.daniebeler.pfpixelix_40.apk,humanoid,2,180,7,2,7,7,7.0
com.daniebeler.pfpixelix_40.apk,humanoid,2,300,7,2,7,7,7.0
com.daniebeler.pfpixelix_40.apk,humanoid,3,60,0,0,0,0,0
com.daniebeler.pfpixelix_40.apk,humanoid,3,180,7,2,7,7,7.0
com.daniebeler.pfpixelix_40.apk,humanoid,3,300,14,2,7,7,7.0
com.daniebeler.pfpixelix_40.apk,ares,1,60,0,0,0,0,0
com.daniebeler.pfpixelix_40.apk,ares,1,180,0,0,0,0,0
com.daniebeler.pfpixelix_40.apk,ares,1,300,0,0,0,0,0
com.daniebeler.pfpixelix_40.apk,ares,2,60,0,0,0,0,0
com.daniebeler.pfpixelix_40.apk,ares,2,180,0,0,0,0,0
com.daniebeler.pfpixelix_40.apk,ares,2,300,0,0,0,0,0
com.daniebeler.pfpixelix_40.apk,ares,3,60,0,0,0,0,0
com.daniebeler.pfpixelix_40.apk,ares,3,180,0,0,0,0,0
com.daniebeler.pfpixelix_40.apk,ares,3,300,0,0,0,0,0
com.daniebeler.pfpixelix_40.apk,fastbot,1,60,0,0,0,0,0
com.daniebeler.pfpixelix_40.apk,fastbot,1,180,7,2,7,7,7.0
com.daniebeler.pfpixelix_40.apk,fastbot,1,300,0,0,0,0,0
com.daniebeler.pfpixelix_40.apk,fastbot,2,60,7,2,7,7,7.0
com.daniebeler.pfpixelix_40.apk,fastbot,2,180,0,0,0,0,0
com.daniebeler.pfpixelix_40.apk,fastbot,2,300,7,2,7,7,7.0
com.daniebeler.pfpixelix_40.apk,fastbot,3,60,0,0,0,0,0
com.daniebeler.pfpixelix_40.apk,fastbot,3,180,7,2,7,7,7.0
com.daniebeler.pfpixelix_40.apk,fastbot,3,300,0,0,0,0,0
com.daniebeler.pfpixelix_40.apk,qtesting,1,60,0,0,0,0,0
com.daniebeler.pfpixelix_40.apk,qtesting,1,180,0,0,0,0,0
com.daniebeler.pfpixelix_40.apk,qtesting,1,300,0,0,0,0,0
com.daniebeler.pfpixelix_40.apk,qtesting,2,60,0,0,0,0,0
com.daniebeler.pfpixelix_40.apk,qtesting,2,180,0,0,0,0,0
com.daniebeler.pfpixelix_40.apk,qtesting,2,300,0,0,0,0,0
com.daniebeler.pfpixelix_40.apk,qtesting,3,60,0,0,0,0,0
com.daniebeler.pfpixelix_40.apk,qtesting,3,180,0,0,0,0,0
com.daniebeler.pfpixelix_40.apk,qtesting,3,300,0,0,0,0,0
com.flauschcode.broccoli_1040400.apk,monkey,1,180,0,0,0,0,0
com.flauschcode.broccoli_1040400.apk,monkey,2,60,0,0,0,0,0
com.flauschcode.broccoli_1040400.apk,monkey,2,180,0,0,0,0,0
com.flauschcode.broccoli_1040400.apk,monkey,3,60,0,0,0,0,0
com.flauschcode.broccoli_1040400.apk,droidbot:dfs_greedy,1,60,0,0,0,0,0
com.flauschcode.broccoli_1040400.apk,droidbot:dfs_greedy,1,180,0,0,0,0,0
com.flauschcode.broccoli_1040400.apk,droidbot:dfs_greedy,1,300,0,0,0,0,0
com.flauschcode.broccoli_1040400.apk,droidbot:dfs_greedy,2,60,0,0,0,0,0
com.flauschcode.broccoli_1040400.apk,droidbot:dfs_greedy,2,180,0,0,0,0,0
com.flauschcode.broccoli_1040400.apk,droidbot:dfs_greedy,2,300,0,0,0,0,0
com.flauschcode.broccoli_1040400.apk,droidbot:dfs_greedy,3,60,0,0,0,0,0
com.flauschcode.broccoli_1040400.apk,droidbot:dfs_greedy,3,180,0,0,0,0,0
com.flauschcode.broccoli_1040400.apk,droidbot:dfs_greedy,3,300,0,0,0,0,0
com.flauschcode.broccoli_1040400.apk,droidbot:bfs_greedy,1,60,0,0,0,0,0
com.flauschcode.broccoli_1040400.apk,droidbot:bfs_greedy,1,180,0,0,0,0,0
com.flauschcode.broccoli_1040400.apk,droidbot:bfs_greedy,1,300,0,0,0,0,0
com.flauschcode.broccoli_1040400.apk,droidbot:bfs_greedy,2,60,0,0,0,0,0
com.flauschcode.broccoli_1040400.apk,droidbot:bfs_greedy,2,180,0,0,0,0,0
com.flauschcode.broccoli_1040400.apk,droidbot:bfs_greedy,2,300,0,0,0,0,0
com.flauschcode.broccoli_1040400.apk,droidbot:bfs_greedy,3,180,0,0,0,0,0
com.flauschcode.broccoli_1040400.apk,droidbot:bfs_greedy,3,300,0,0,0,0,0
com.flauschcode.broccoli_1040400.apk,droidbot:dfs_naive,1,60,0,0,0,0,0
com.flauschcode.broccoli_1040400.apk,droidbot:dfs_naive,1,180,0,0,0,0,0
com.flauschcode.broccoli_1040400.apk,droidbot:dfs_naive,1,300,0,0,0,0,0
com.flauschcode.broccoli_1040400.apk,droidbot:dfs_naive,2,60,0,0,0,0,0
com.flauschcode.broccoli_1040400.apk,droidbot:dfs_naive,2,180,0,0,0,0,0
com.flauschcode.broccoli_1040400.apk,droidbot:dfs_naive,2,300,0,0,0,0,0
com.flauschcode.broccoli_1040400.apk,droidbot:dfs_naive,3,60,0,0,0,0,0
com.flauschcode.broccoli_1040400.apk,droidbot:dfs_naive,3,180,0,0,0,0,0
com.flauschcode.broccoli_1040400.apk,droidbot:dfs_naive,3,300,0,0,0,0,0
com.flauschcode.broccoli_1040400.apk,droidbot:bfs_naive,1,60,0,0,0,0,0
com.flauschcode.broccoli_1040400.apk,droidbot:bfs_naive,1,180,0,0,0,0,0
com.flauschcode.broccoli_1040400.apk,droidbot:bfs_naive,1,300,0,0,0,0,0
com.flauschcode.broccoli_1040400.apk,droidbot:bfs_naive,2,60,0,0,0,0,0
com.flauschcode.broccoli_1040400.apk,droidbot:bfs_naive,2,180,0,0,0,0,0
com.flauschcode.broccoli_1040400.apk,droidbot:bfs_naive,2,300,0,0,0,0,0
com.flauschcode.broccoli_1040400.apk,droidbot:bfs_naive,3,60,0,0,0,0,0
com.flauschcode.broccoli_1040400.apk,droidbot:bfs_naive,3,180,0,0,0,0,0
com.flauschcode.broccoli_1040400.apk,droidbot:bfs_naive,3,300,0,0,0,0,0
com.flauschcode.broccoli_1040400.apk,ape,1,60,0,0,0,0,0
com.flauschcode.broccoli_1040400.apk,ape,1,180,0,0,0,0,0
com.flauschcode.broccoli_1040400.apk,ape,1,300,0,0,0,0,0
com.flauschcode.broccoli_1040400.apk,ape,2,60,0,0,0,0,0
app.plugbrain.android_154.apk,monkey,1,180,0,0,0,0,0
app.plugbrain.android_154.apk,monkey,1,300,0,0,0,0,0
app.plugbrain.android_154.apk,monkey,3,180,0,0,0,0,0
com.absinthe.libchecker_2671.apk,monkey,2,300,17,4,17,17,17.0
com.absinthe.libchecker_2671.apk,monkey,3,180,12,3,12,12,12.0
com.absinthe.libchecker_2671.apk,monkey,3,300,17,4,17,17,17.0
com.daniebeler.pfpixelix_40.apk,monkey,1,180,7,2,7,7,7.0
com.daniebeler.pfpixelix_40.apk,monkey,1,300,7,2,7,7,7.0
com.daniebeler.pfpixelix_40.apk,monkey,3,300,7,2,7,7,7.0
com.daniebeler.pfpixelix_40.apk,droidbot:bfs_naive,1,180,0,0,0,0,0
com.flauschcode.broccoli_1040400.apk,monkey,1,60,0,0,0,0,0
com.flauschcode.broccoli_1040400.apk,monkey,1,300,0,0,0,0,0
com.flauschcode.broccoli_1040400.apk,monkey,2,300,0,0,0,0,0
com.flauschcode.broccoli_1040400.apk,monkey,3,180,0,0,0,0,0
com.flauschcode.broccoli_1040400.apk,monkey,3,300,0,0,0,0,0
com.flauschcode.broccoli_1040400.apk,droidbot:bfs_greedy,3,60,0,0,0,0,0
com.flauschcode.broccoli_1040400.apk,ape,2,180,0,0,0,0,0
com.flauschcode.broccoli_1040400.apk,ape,2,300,0,0,0,0,0
com.flauschcode.broccoli_1040400.apk,ape,3,60,0,0,0,0,0
com.flauschcode.broccoli_1040400.apk,ape,3,180,0,0,0,0,0
com.flauschcode.broccoli_1040400.apk,ape,3,300,0,0,0,0,0
com.flauschcode.broccoli_1040400.apk,droidmate,1,60,0,0,0,0,0
com.flauschcode.broccoli_1040400.apk,droidmate,1,180,0,0,0,0,0
com.flauschcode.broccoli_1040400.apk,droidmate,1,300,0,0,0,0,0
com.flauschcode.broccoli_1040400.apk,droidmate,2,60,0,0,0,0,0
com.flauschcode.broccoli_1040400.apk,droidmate,2,180,0,0,0,0,0
com.flauschcode.broccoli_1040400.apk,droidmate,2,300,0,0,0,0,0
com.flauschcode.broccoli_1040400.apk,droidmate,3,60,0,0,0,0,0
com.flauschcode.broccoli_1040400.apk,droidmate,3,180,0,0,0,0,0
com.flauschcode.broccoli_1040400.apk,droidmate,3,300,0,0,0,0,0
com.flauschcode.broccoli_1040400.apk,humanoid,1,60,0,0,0,0,0
com.flauschcode.broccoli_1040400.apk,humanoid,1,180,0,0,0,0,0
com.flauschcode.broccoli_1040400.apk,humanoid,1,300,0,0,0,0,0
com.flauschcode.broccoli_1040400.apk,humanoid,2,60,0,0,0,0,0
com.flauschcode.broccoli_1040400.apk,humanoid,2,180,0,0,0,0,0
com.flauschcode.broccoli_1040400.apk,humanoid,2,300,0,0,0,0,0
com.flauschcode.broccoli_1040400.apk,humanoid,3,60,0,0,0,0,0
com.flauschcode.broccoli_1040400.apk,humanoid,3,180,0,0,0,0,0
com.flauschcode.broccoli_1040400.apk,humanoid,3,300,0,0,0,0,0
com.flauschcode.broccoli_1040400.apk,ares,1,60,0,0,0,0,0
com.flauschcode.broccoli_1040400.apk,ares,1,180,0,0,0,0,0
com.flauschcode.broccoli_1040400.apk,ares,1,300,0,0,0,0,0
com.flauschcode.broccoli_1040400.apk,ares,2,60,0,0,0,0,0
com.flauschcode.broccoli_1040400.apk,ares,2,180,0,0,0,0,0
com.flauschcode.broccoli_1040400.apk,ares,2,300,0,0,0,0,0
com.flauschcode.broccoli_1040400.apk,ares,3,60,0,0,0,0,0
com.flauschcode.broccoli_1040400.apk,ares,3,180,0,0,0,0,0
com.flauschcode.broccoli_1040400.apk,ares,3,300,0,0,0,0,0
com.flauschcode.broccoli_1040400.apk,fastbot,1,60,0,0,0,0,0
com.flauschcode.broccoli_1040400.apk,fastbot,1,180,0,0,0,0,0
com.flauschcode.broccoli_1040400.apk,fastbot,1,300,0,0,0,0,0
com.flauschcode.broccoli_1040400.apk,fastbot,2,60,0,0,0,0,0
com.flauschcode.broccoli_1040400.apk,fastbot,2,180,0,0,0,0,0
com.flauschcode.broccoli_1040400.apk,fastbot,2,300,0,0,0,0,0
com.flauschcode.broccoli_1040400.apk,fastbot,3,60,0,0,0,0,0
com.flauschcode.broccoli_1040400.apk,fastbot,3,180,0,0,0,0,0
com.flauschcode.broccoli_1040400.apk,fastbot,3,300,0,0,0,0,0
com.flauschcode.broccoli_1040400.apk,qtesting,1,60,0,0,0,0,0
com.flauschcode.broccoli_1040400.apk,qtesting,1,180,0,0,0,0,0
com.flauschcode.broccoli_1040400.apk,qtesting,1,300,0,0,0,0,0
com.flauschcode.broccoli_1040400.apk,qtesting,2,60,0,0,0,0,0
com.flauschcode.broccoli_1040400.apk,qtesting,2,180,0,0,0,0,0
com.flauschcode.broccoli_1040400.apk,qtesting,2,300,0,0,0,0,0
com.flauschcode.broccoli_1040400.apk,qtesting,3,60,0,0,0,0,0
com.flauschcode.broccoli_1040400.apk,qtesting,3,180,0,0,0,0,0
com.flauschcode.broccoli_1040400.apk,qtesting,3,300,0,0,0,0,0
com.hegocre.nextcloudpasswords_38.apk,monkey,1,60,17,10,16,16,16.0
com.hegocre.nextcloudpasswords_38.apk,monkey,1,180,19,10,18,18,18.0
com.hegocre.nextcloudpasswords_38.apk,monkey,1,300,19,10,18,18,18.0
com.hegocre.nextcloudpasswords_38.apk,monkey,2,60,17,10,16,16,16.0
com.hegocre.nextcloudpasswords_38.apk,monkey,2,180,17,10,16,16,16.0
com.hegocre.nextcloudpasswords_38.apk,monkey,2,300,17,10,16,16,16.0
com.hegocre.nextcloudpasswords_38.apk,monkey,3,60,17,10,16,16,16.0
com.hegocre.nextcloudpasswords_38.apk,monkey,3,180,17,10,16,16,16.0
com.hegocre.nextcloudpasswords_38.apk,monkey,3,300,19,10,18,18,18.0
com.hegocre.nextcloudpasswords_38.apk,droidbot:dfs_greedy,1,60,19,10,18,18,18.0
com.hegocre.nextcloudpasswords_38.apk,droidbot:dfs_greedy,1,180,19,10,18,18,18.0
com.hegocre.nextcloudpasswords_38.apk,droidbot:dfs_greedy,1,300,34,10,16,16,16.0
com.hegocre.nextcloudpasswords_38.apk,droidbot:dfs_greedy,2,60,17,10,16,16,16.0
com.hegocre.nextcloudpasswords_38.apk,droidbot:dfs_greedy,2,180,19,10,18,18,18.0
com.hegocre.nextcloudpasswords_38.apk,droidbot:dfs_greedy,2,300,138,10,18,18,18.0
com.hegocre.nextcloudpasswords_38.apk,droidbot:dfs_greedy,3,60,19,10,18,18,18.0
com.hegocre.nextcloudpasswords_38.apk,droidbot:dfs_greedy,3,180,19,10,18,18,18.0
com.hegocre.nextcloudpasswords_38.apk,droidbot:dfs_greedy,3,300,19,10,18,18,18.0
com.hegocre.nextcloudpasswords_38.apk,droidbot:bfs_greedy,1,60,19,10,18,18,18.0
com.hegocre.nextcloudpasswords_38.apk,droidbot:bfs_greedy,1,180,19,10,18,18,18.0
com.hegocre.nextcloudpasswords_38.apk,droidbot:bfs_greedy,1,300,38,10,18,18,18.0
com.hegocre.nextcloudpasswords_38.apk,droidbot:bfs_greedy,2,60,19,10,18,18,18.0
com.hegocre.nextcloudpasswords_38.apk,droidbot:bfs_greedy,2,180,19,10,18,18,18.0
com.hegocre.nextcloudpasswords_38.apk,droidbot:bfs_greedy,2,300,55,10,18,18,18.0
com.hegocre.nextcloudpasswords_38.apk,droidbot:bfs_greedy,3,60,19,10,18,18,18.0
com.hegocre.nextcloudpasswords_38.apk,droidbot:bfs_greedy,3,180,19,10,18,18,18.0
com.hegocre.nextcloudpasswords_38.apk,droidbot:bfs_greedy,3,300,38,10,18,18,18.0
com.hegocre.nextcloudpasswords_38.apk,droidbot:dfs_naive,1,60,19,10,18,18,18.0
com.hegocre.nextcloudpasswords_38.apk,droidbot:dfs_naive,1,180,19,10,18,18,18.0
com.hegocre.nextcloudpasswords_38.apk,droidbot:dfs_naive,1,300,19,10,18,18,18.0
com.hegocre.nextcloudpasswords_38.apk,droidbot:dfs_naive,2,180,19,10,18,18,18.0
com.hegocre.nextcloudpasswords_38.apk,droidbot:dfs_naive,2,300,19,10,18,18,18.0
com.hegocre.nextcloudpasswords_38.apk,droidbot:dfs_naive,3,60,19,10,18,18,18.0
com.hegocre.nextcloudpasswords_38.apk,droidbot:dfs_naive,3,180,19,10,18,18,18.0
com.hegocre.nextcloudpasswords_38.apk,droidbot:dfs_naive,3,300,19,10,18,18,18.0
com.hegocre.nextcloudpasswords_38.apk,droidbot:bfs_naive,1,60,19,10,18,18,18.0
com.hegocre.nextcloudpasswords_38.apk,droidbot:bfs_naive,1,180,19,10,18,18,18.0
com.hegocre.nextcloudpasswords_38.apk,droidbot:bfs_naive,1,300,19,10,18,18,18.0
com.hegocre.nextcloudpasswords_38.apk,droidbot:bfs_naive,2,60,19,10,18,18,18.0
com.hegocre.nextcloudpasswords_38.apk,droidbot:bfs_naive,2,180,19,10,18,18,18.0
com.hegocre.nextcloudpasswords_38.apk,droidbot:bfs_naive,2,300,19,10,18,18,18.0
com.hegocre.nextcloudpasswords_38.apk,droidbot:bfs_naive,3,60,19,10,18,18,18.0
com.hegocre.nextcloudpasswords_38.apk,droidbot:bfs_naive,3,180,19,10,18,18,18.0
com.hegocre.nextcloudpasswords_38.apk,droidbot:bfs_naive,3,300,19,10,18,18,18.0
com.hegocre.nextcloudpasswords_38.apk,ape,1,60,36,10,18,18,18.0
com.hegocre.nextcloudpasswords_38.apk,ape,1,180,34,10,16,16,16.0
com.hegocre.nextcloudpasswords_38.apk,ape,1,300,72,10,18,18,18.0
com.hegocre.nextcloudpasswords_38.apk,ape,2,60,102,10,16,16,16.0
com.hegocre.nextcloudpasswords_38.apk,ape,2,180,36,10,18,18,18.0
com.hegocre.nextcloudpasswords_38.apk,ape,2,300,38,10,18,18,18.0
com.hegocre.nextcloudpasswords_38.apk,ape,3,60,36,10,18,18,18.0
com.hegocre.nextcloudpasswords_38.apk,ape,3,180,19,10,18,18,18.0
com.hegocre.nextcloudpasswords_38.apk,ape,3,300,53,10,18,18,18.0
com.hegocre.nextcloudpasswords_38.apk,droidmate,1,60,17,10,16,16,16.0
com.hegocre.nextcloudpasswords_38.apk,droidmate,1,180,17,10,16,16,16.0
com.hegocre.nextcloudpasswords_38.apk,droidmate,1,300,17,10,16,16,16.0
com.hegocre.nextcloudpasswords_38.apk,droidmate,2,60,17,10,16,16,16.0
com.hegocre.nextcloudpasswords_38.apk,droidmate,2,180,17,10,16,16,16.0
com.hegocre.nextcloudpasswords_38.apk,droidmate,2,300,34,10,16,16,16.0
com.hegocre.nextcloudpasswords_38.apk,droidmate,3,60,17,10,16,16,16.0
com.hegocre.nextcloudpasswords_38.apk,droidmate,3,180,34,10,16,16,16.0
com.hegocre.nextcloudpasswords_38.apk,droidmate,3,300,34,10,16,16,16.0
com.hegocre.nextcloudpasswords_38.apk,humanoid,1,60,19,10,18,18,18.0
com.hegocre.nextcloudpasswords_38.apk,humanoid,1,180,70,10,18,18,18.0
com.hegocre.nextcloudpasswords_38.apk,humanoid,1,300,17,10,16,16,16.0
com.hegocre.nextcloudpasswords_38.apk,humanoid,2,60,17,10,16,16,16.0
com.hegocre.nextcloudpasswords_38.apk,humanoid,2,180,17,10,16,16,16.0
com.hegocre.nextcloudpasswords_38.apk,humanoid,2,300,189,10,18,18,18.0
com.hegocre.nextcloudpasswords_38.apk,humanoid,3,60,17,10,16,16,16.0
com.hegocre.nextcloudpasswords_38.apk,humanoid,3,180,36,10,18,18,18.0
com.hegocre.nextcloudpasswords_38.apk,humanoid,3,300,189,10,18,18,18.0
com.hegocre.nextcloudpasswords_38.apk,ares,1,60,34,10,16,16,16.0
com.hegocre.nextcloudpasswords_38.apk,ares,1,180,34,10,16,16,16.0
com.hegocre.nextcloudpasswords_38.apk,ares,1,300,34,10,16,16,16.0
com.hegocre.nextcloudpasswords_38.apk,ares,2,60,34,10,16,16,16.0
com.hegocre.nextcloudpasswords_38.apk,ares,2,180,34,10,16,16,16.0
com.hegocre.nextcloudpasswords_38.apk,ares,2,300,34,10,16,16,16.0
com.hegocre.nextcloudpasswords_38.apk,ares,3,60,34,10,16,16,16.0
com.hegocre.nextcloudpasswords_38.apk,ares,3,180,34,10,16,16,16.0
com.hegocre.nextcloudpasswords_38.apk,ares,3,300,34,10,16,16,16.0
com.hegocre.nextcloudpasswords_38.apk,fastbot,1,60,19,10,18,18,18.0
com.hegocre.nextcloudpasswords_38.apk,fastbot,1,180,19,10,18,18,18.0
com.hegocre.nextcloudpasswords_38.apk,fastbot,1,300,19,10,18,18,18.0
com.hegocre.nextcloudpasswords_38.apk,fastbot,2,60,19,10,18,18,18.0
com.hegocre.nextcloudpasswords_38.apk,fastbot,2,180,19,10,18,18,18.0
com.hegocre.nextcloudpasswords_38.apk,fastbot,2,300,19,10,18,18,18.0
com.hegocre.nextcloudpasswords_38.apk,fastbot,3,60,17,10,16,16,16.0
com.hegocre.nextcloudpasswords_38.apk,fastbot,3,180,19,10,18,18,18.0
com.hegocre.nextcloudpasswords_38.apk,fastbot,3,300,19,10,18,18,18.0
com.hegocre.nextcloudpasswords_38.apk,qtesting,1,60,34,10,16,16,16.0
com.hegocre.nextcloudpasswords_38.apk,qtesting,1,180,187,10,16,16,16.0
com.hegocre.nextcloudpasswords_38.apk,qtesting,1,300,374,10,16,16,16.0
com.hegocre.nextcloudpasswords_38.apk,qtesting,2,60,51,10,16,16,16.0
com.hegocre.nextcloudpasswords_38.apk,qtesting,2,180,204,10,16,16,16.0
com.hegocre.nextcloudpasswords_38.apk,qtesting,2,300,425,10,16,16,16.0
com.hegocre.nextcloudpasswords_38.apk,qtesting,3,60,34,10,16,16,16.0
com.hegocre.nextcloudpasswords_38.apk,qtesting,3,180,187,10,16,16,16.0
com.hegocre.nextcloudpasswords_38.apk,qtesting,3,300,391,10,16,16,16.0
com.leekleak.trafficlight_38.apk,monkey,1,60,2,2,2,2,2.0
com.leekleak.trafficlight_38.apk,monkey,1,180,2,2,2,2,2.0
com.leekleak.trafficlight_38.apk,monkey,1,300,2,2,2,2,2.0
com.leekleak.trafficlight_38.apk,monkey,2,60,2,2,2,2,2.0
com.leekleak.trafficlight_38.apk,monkey,2,180,2,2,2,2,2.0
com.leekleak.trafficlight_38.apk,monkey,2,300,2,2,2,2,2.0
com.leekleak.trafficlight_38.apk,monkey,3,60,0,0,0,0,0
com.leekleak.trafficlight_38.apk,monkey,3,180,2,2,2,2,2.0
com.leekleak.trafficlight_38.apk,monkey,3,300,2,2,2,2,2.0
com.leekleak.trafficlight_38.apk,droidbot:dfs_greedy,1,60,2,2,2,2,2.0
com.leekleak.trafficlight_38.apk,droidbot:dfs_greedy,1,180,5,3,3,3,3.0
com.leekleak.trafficlight_38.apk,droidbot:dfs_greedy,1,300,8,3,3,3,3.0
com.leekleak.trafficlight_38.apk,droidbot:dfs_greedy,2,60,2,2,2,2,2.0
com.leekleak.trafficlight_38.apk,droidbot:dfs_greedy,2,180,5,3,3,3,3.0
com.leekleak.trafficlight_38.apk,droidbot:dfs_greedy,2,300,5,3,3,3,3.0
com.leekleak.trafficlight_38.apk,droidbot:dfs_greedy,3,60,2,2,2,2,2.0
com.leekleak.trafficlight_38.apk,droidbot:dfs_greedy,3,180,5,3,3,3,3.0
com.leekleak.trafficlight_38.apk,droidbot:dfs_greedy,3,300,5,3,3,3,3.0
com.leekleak.trafficlight_38.apk,droidbot:bfs_greedy,1,60,2,2,2,2,2.0
com.leekleak.trafficlight_38.apk,droidbot:bfs_greedy,1,180,2,2,2,2,2.0
com.leekleak.trafficlight_38.apk,droidbot:bfs_greedy,1,300,2,2,2,2,2.0
com.leekleak.trafficlight_38.apk,droidbot:bfs_greedy,2,60,2,2,2,2,2.0
com.leekleak.trafficlight_38.apk,droidbot:bfs_greedy,2,180,2,2,2,2,2.0
com.leekleak.trafficlight_38.apk,droidbot:bfs_greedy,2,300,5,3,3,3,3.0
com.leekleak.trafficlight_38.apk,droidbot:bfs_greedy,3,60,2,2,2,2,2.0
com.leekleak.trafficlight_38.apk,droidbot:bfs_greedy,3,180,2,2,2,2,2.0
com.leekleak.trafficlight_38.apk,droidbot:bfs_greedy,3,300,5,3,3,3,3.0
com.leekleak.trafficlight_38.apk,droidbot:dfs_naive,1,60,2,2,2,2,2.0
com.leekleak.trafficlight_38.apk,droidbot:dfs_naive,1,180,2,2,2,2,2.0
com.leekleak.trafficlight_38.apk,droidbot:dfs_naive,1,300,2,2,2,2,2.0
com.leekleak.trafficlight_38.apk,droidbot:dfs_naive,2,60,2,2,2,2,2.0
com.leekleak.trafficlight_38.apk,droidbot:dfs_naive,2,180,2,2,2,2,2.0
com.leekleak.trafficlight_38.apk,droidbot:dfs_naive,2,300,2,2,2,2,2.0
com.leekleak.trafficlight_38.apk,droidbot:dfs_naive,3,60,2,2,2,2,2.0
com.leekleak.trafficlight_38.apk,droidbot:dfs_naive,3,180,2,2,2,2,2.0
com.leekleak.trafficlight_38.apk,droidbot:dfs_naive,3,300,2,2,2,2,2.0
com.leekleak.trafficlight_38.apk,droidbot:bfs_naive,1,60,2,2,2,2,2.0
com.leekleak.trafficlight_38.apk,droidbot:bfs_naive,1,180,2,2,2,2,2.0
com.leekleak.trafficlight_38.apk,droidbot:bfs_naive,1,300,2,2,2,2,2.0
com.leekleak.trafficlight_38.apk,droidbot:bfs_naive,2,60,2,2,2,2,2.0
com.leekleak.trafficlight_38.apk,droidbot:bfs_naive,2,180,2,2,2,2,2.0
com.leekleak.trafficlight_38.apk,droidbot:bfs_naive,2,300,2,2,2,2,2.0
com.leekleak.trafficlight_38.apk,droidbot:bfs_naive,3,60,2,2,2,2,2.0
com.leekleak.trafficlight_38.apk,droidbot:bfs_naive,3,180,2,2,2,2,2.0
com.leekleak.trafficlight_38.apk,droidbot:bfs_naive,3,300,2,2,2,2,2.0
com.leekleak.trafficlight_38.apk,ape,1,60,2,2,2,2,2.0
com.leekleak.trafficlight_38.apk,ape,1,180,2,2,2,2,2.0
com.leekleak.trafficlight_38.apk,ape,1,300,2,2,2,2,2.0
com.leekleak.trafficlight_38.apk,ape,2,60,2,2,2,2,2.0
com.leekleak.trafficlight_38.apk,ape,2,180,2,2,2,2,2.0
com.leekleak.trafficlight_38.apk,ape,2,300,2,2,2,2,2.0
com.leekleak.trafficlight_38.apk,ape,3,60,2,2,2,2,2.0
com.leekleak.trafficlight_38.apk,ape,3,180,2,2,2,2,2.0
com.leekleak.trafficlight_38.apk,ape,3,300,2,2,2,2,2.0
com.leekleak.trafficlight_38.apk,droidmate,1,60,2,2,2,2,2.0
com.leekleak.trafficlight_38.apk,droidmate,1,180,2,2,2,2,2.0
com.leekleak.trafficlight_38.apk,droidmate,1,300,4,2,2,2,2.0
com.leekleak.trafficlight_38.apk,droidmate,2,60,2,2,2,2,2.0
com.leekleak.trafficlight_38.apk,droidmate,2,180,2,2,2,2,2.0
com.leekleak.trafficlight_38.apk,droidmate,2,300,4,2,2,2,2.0
com.leekleak.trafficlight_38.apk,droidmate,3,60,2,2,2,2,2.0
com.leekleak.trafficlight_38.apk,droidmate,3,180,2,2,2,2,2.0
com.leekleak.trafficlight_38.apk,humanoid,1,60,2,2,2,2,2.0
com.leekleak.trafficlight_38.apk,humanoid,1,180,2,2,2,2,2.0
com.leekleak.trafficlight_38.apk,humanoid,1,300,29,3,3,3,3.0
com.leekleak.trafficlight_38.apk,humanoid,2,60,2,2,2,2,2.0
com.leekleak.trafficlight_38.apk,humanoid,2,180,8,3,3,3,3.0
com.leekleak.trafficlight_38.apk,humanoid,2,300,26,3,3,3,3.0
com.leekleak.trafficlight_38.apk,humanoid,3,60,2,2,2,2,2.0
com.leekleak.trafficlight_38.apk,humanoid,3,180,8,3,3,3,3.0
com.leekleak.trafficlight_38.apk,humanoid,3,300,41,3,3,3,3.0
com.leekleak.trafficlight_38.apk,ares,1,60,2,2,2,2,2.0
com.leekleak.trafficlight_38.apk,ares,1,180,2,2,2,2,2.0
com.leekleak.trafficlight_38.apk,ares,1,300,2,2,2,2,2.0
com.leekleak.trafficlight_38.apk,ares,2,60,2,2,2,2,2.0
com.leekleak.trafficlight_38.apk,ares,2,180,2,2,2,2,2.0
com.leekleak.trafficlight_38.apk,ares,2,300,4,2,2,2,2.0
com.leekleak.trafficlight_38.apk,ares,3,60,2,2,2,2,2.0
com.leekleak.trafficlight_38.apk,ares,3,180,2,2,2,2,2.0
com.leekleak.trafficlight_38.apk,ares,3,300,2,2,2,2,2.0
com.leekleak.trafficlight_38.apk,fastbot,1,60,2,2,2,2,2.0
com.leekleak.trafficlight_38.apk,fastbot,1,180,2,2,2,2,2.0
com.leekleak.trafficlight_38.apk,fastbot,1,300,2,2,2,2,2.0
com.leekleak.trafficlight_38.apk,fastbot,2,60,3,3,3,3,3.0
com.leekleak.trafficlight_38.apk,fastbot,2,180,2,2,2,2,2.0
com.leekleak.trafficlight_38.apk,fastbot,2,300,2,2,2,2,2.0
com.leekleak.trafficlight_38.apk,fastbot,3,60,2,2,2,2,2.0
com.leekleak.trafficlight_38.apk,fastbot,3,180,2,2,2,2,2.0
com.leekleak.trafficlight_38.apk,fastbot,3,300,2,2,2,2,2.0
com.leekleak.trafficlight_38.apk,qtesting,1,60,9,3,3,3,3.0
com.leekleak.trafficlight_38.apk,qtesting,1,180,51,3,3,3,3.0
com.leekleak.trafficlight_38.apk,qtesting,1,300,99,3,3,3,3.0
com.leekleak.trafficlight_38.apk,qtesting,2,60,9,3,3,3,3.0
com.leekleak.trafficlight_38.apk,qtesting,2,180,56,3,3,3,3.0
com.leekleak.trafficlight_38.apk,qtesting,2,300,96,3,3,3,3.0
com.leekleak.trafficlight_38.apk,qtesting,3,60,11,3,3,3,3.0
com.leekleak.trafficlight_38.apk,qtesting,3,180,54,3,3,3,3.0
com.leekleak.trafficlight_38.apk,qtesting,3,300,99,3,3,3,3.0
com.owncloud.android_48000100.apk,monkey,1,60,7,3,7,7,7.0
com.owncloud.android_48000100.apk,monkey,1,180,7,3,7,7,7.0
com.owncloud.android_48000100.apk,monkey,1,300,14,3,7,7,7.0
com.owncloud.android_48000100.apk,monkey,2,60,0,0,0,0,0
com.owncloud.android_48000100.apk,monkey,2,180,7,3,7,7,7.0
com.owncloud.android_48000100.apk,monkey,2,300,7,3,7,7,7.0
com.owncloud.android_48000100.apk,monkey,3,60,7,3,7,7,7.0
com.owncloud.android_48000100.apk,monkey,3,180,7,3,7,7,7.0
com.owncloud.android_48000100.apk,monkey,3,300,14,3,7,7,7.0
com.owncloud.android_48000100.apk,droidbot:dfs_greedy,1,60,0,0,0,0,0
com.owncloud.android_48000100.apk,droidbot:dfs_greedy,1,180,0,0,0,0,0
com.owncloud.android_48000100.apk,droidbot:dfs_greedy,1,300,0,0,0,0,0
com.owncloud.android_48000100.apk,droidbot:dfs_greedy,2,60,0,0,0,0,0
com.owncloud.android_48000100.apk,droidbot:dfs_greedy,2,180,0,0,0,0,0
com.owncloud.android_48000100.apk,droidbot:dfs_greedy,2,300,0,0,0,0,0
com.owncloud.android_48000100.apk,droidbot:dfs_greedy,3,60,7,3,7,7,7.0
com.owncloud.android_48000100.apk,droidbot:dfs_greedy,3,180,0,0,0,0,0
com.owncloud.android_48000100.apk,droidbot:dfs_greedy,3,300,0,0,0,0,0
com.owncloud.android_48000100.apk,droidbot:bfs_greedy,1,60,0,0,0,0,0
com.owncloud.android_48000100.apk,droidbot:bfs_greedy,1,180,0,0,0,0,0
com.owncloud.android_48000100.apk,droidbot:bfs_greedy,1,300,0,0,0,0,0
com.owncloud.android_48000100.apk,droidbot:bfs_greedy,2,60,0,0,0,0,0
com.owncloud.android_48000100.apk,droidbot:bfs_greedy,2,180,0,0,0,0,0
com.owncloud.android_48000100.apk,droidbot:bfs_greedy,2,300,0,0,0,0,0
com.owncloud.android_48000100.apk,droidbot:bfs_greedy,3,60,0,0,0,0,0
com.hegocre.nextcloudpasswords_38.apk,droidbot:dfs_naive,2,60,19,10,18,18,18.0
com.leekleak.trafficlight_38.apk,droidmate,3,300,4,2,2,2,2.0
com.owncloud.android_48000100.apk,droidbot:bfs_greedy,3,180,0,0,0,0,0
com.owncloud.android_48000100.apk,droidbot:bfs_greedy,3,300,0,0,0,0,0
com.owncloud.android_48000100.apk,droidbot:dfs_naive,1,60,0,0,0,0,0
com.owncloud.android_48000100.apk,droidbot:dfs_naive,1,180,0,0,0,0,0
com.owncloud.android_48000100.apk,droidbot:dfs_naive,1,300,0,0,0,0,0
com.owncloud.android_48000100.apk,droidbot:dfs_naive,2,60,0,0,0,0,0
com.owncloud.android_48000100.apk,droidbot:dfs_naive,2,180,0,0,0,0,0
com.owncloud.android_48000100.apk,droidbot:dfs_naive,2,300,0,0,0,0,0
com.owncloud.android_48000100.apk,droidbot:dfs_naive,3,60,0,0,0,0,0
com.owncloud.android_48000100.apk,droidbot:dfs_naive,3,180,0,0,0,0,0
com.owncloud.android_48000100.apk,droidbot:dfs_naive,3,300,0,0,0,0,0
com.owncloud.android_48000100.apk,droidbot:bfs_naive,1,60,0,0,0,0,0
com.owncloud.android_48000100.apk,droidbot:bfs_naive,1,180,0,0,0,0,0
com.owncloud.android_48000100.apk,droidbot:bfs_naive,1,300,0,0,0,0,0
com.owncloud.android_48000100.apk,droidbot:bfs_naive,2,60,0,0,0,0,0
com.owncloud.android_48000100.apk,droidbot:bfs_naive,2,180,0,0,0,0,0
com.owncloud.android_48000100.apk,droidbot:bfs_naive,2,300,0,0,0,0,0
com.owncloud.android_48000100.apk,droidbot:bfs_naive,3,60,0,0,0,0,0
com.owncloud.android_48000100.apk,droidbot:bfs_naive,3,180,0,0,0,0,0
com.owncloud.android_48000100.apk,droidbot:bfs_naive,3,300,0,0,0,0,0
com.owncloud.android_48000100.apk,ape,1,60,0,0,0,0,0
com.owncloud.android_48000100.apk,ape,1,180,7,3,7,7,7.0
com.owncloud.android_48000100.apk,ape,1,300,14,3,7,7,7.0
com.owncloud.android_48000100.apk,ape,2,60,0,0,0,0,0
com.owncloud.android_48000100.apk,ape,2,180,0,0,0,0,0
com.owncloud.android_48000100.apk,ape,2,300,14,3,7,7,7.0
com.owncloud.android_48000100.apk,ape,3,60,0,0,0,0,0
com.owncloud.android_48000100.apk,ape,3,180,7,3,7,7,7.0
com.owncloud.android_48000100.apk,ape,3,300,0,0,0,0,0
com.owncloud.android_48000100.apk,droidmate,1,60,0,0,0,0,0
com.owncloud.android_48000100.apk,droidmate,1,180,0,0,0,0,0
com.owncloud.android_48000100.apk,droidmate,1,300,0,0,0,0,0
com.owncloud.android_48000100.apk,droidmate,2,60,0,0,0,0,0
com.owncloud.android_48000100.apk,droidmate,2,180,0,0,0,0,0
com.owncloud.android_48000100.apk,droidmate,2,300,0,0,0,0,0
com.owncloud.android_48000100.apk,droidmate,3,60,0,0,0,0,0
com.owncloud.android_48000100.apk,droidmate,3,180,0,0,0,0,0
com.owncloud.android_48000100.apk,droidmate,3,300,0,0,0,0,0
com.owncloud.android_48000100.apk,humanoid,1,60,0,0,0,0,0
com.owncloud.android_48000100.apk,humanoid,1,180,0,0,0,0,0
com.owncloud.android_48000100.apk,humanoid,1,300,7,3,7,7,7.0
com.owncloud.android_48000100.apk,humanoid,2,60,0,0,0,0,0
com.owncloud.android_48000100.apk,humanoid,2,180,7,3,7,7,7.0
com.owncloud.android_48000100.apk,humanoid,2,300,0,0,0,0,0
com.owncloud.android_48000100.apk,humanoid,3,60,0,0,0,0,0
com.owncloud.android_48000100.apk,humanoid,3,180,0,0,0,0,0
com.owncloud.android_48000100.apk,humanoid,3,300,0,0,0,0,0
com.owncloud.android_48000100.apk,ares,1,60,0,0,0,0,0
com.owncloud.android_48000100.apk,ares,1,180,7,3,7,7,7.0
com.owncloud.android_48000100.apk,ares,1,300,0,0,0,0,0
com.owncloud.android_48000100.apk,ares,2,60,0,0,0,0,0
com.owncloud.android_48000100.apk,ares,2,180,7,3,7,7,7.0
com.owncloud.android_48000100.apk,ares,2,300,0,0,0,0,0
com.owncloud.android_48000100.apk,ares,3,60,0,0,0,0,0
com.owncloud.android_48000100.apk,ares,3,180,0,0,0,0,0
com.owncloud.android_48000100.apk,ares,3,300,0,0,0,0,0
com.owncloud.android_48000100.apk,fastbot,1,60,7,3,7,7,7.0
com.owncloud.android_48000100.apk,fastbot,1,180,7,3,7,7,7.0
com.owncloud.android_48000100.apk,fastbot,1,300,7,3,7,7,7.0
com.owncloud.android_48000100.apk,fastbot,2,60,0,0,0,0,0
com.owncloud.android_48000100.apk,fastbot,2,180,0,0,0,0,0
com.owncloud.android_48000100.apk,fastbot,2,300,0,0,0,0,0
com.owncloud.android_48000100.apk,fastbot,3,60,0,0,0,0,0
com.owncloud.android_48000100.apk,fastbot,3,180,0,0,0,0,0
com.owncloud.android_48000100.apk,fastbot,3,300,0,0,0,0,0
com.owncloud.android_48000100.apk,qtesting,1,60,0,0,0,0,0
com.owncloud.android_48000100.apk,qtesting,1,180,0,0,0,0,0
com.owncloud.android_48000100.apk,qtesting,1,300,0,0,0,0,0
com.owncloud.android_48000100.apk,qtesting,2,60,0,0,0,0,0
com.owncloud.android_48000100.apk,qtesting,2,180,0,0,0,0,0
com.owncloud.android_48000100.apk,qtesting,2,300,0,0,0,0,0
com.owncloud.android_48000100.apk,qtesting,3,60,0,0,0,0,0
com.owncloud.android_48000100.apk,qtesting,3,180,0,0,0,0,0
com.owncloud.android_48000100.apk,qtesting,3,300,0,0,0,0,0
com.shatteredpixel.shatteredpixeldungeon_896.apk,monkey,1,60,0,0,0,0,0
com.shatteredpixel.shatteredpixeldungeon_896.apk,monkey,1,180,0,0,0,0,0
com.shatteredpixel.shatteredpixeldungeon_896.apk,monkey,2,60,0,0,0,0,0
com.shatteredpixel.shatteredpixeldungeon_896.apk,monkey,2,180,0,0,0,0,0
com.shatteredpixel.shatteredpixeldungeon_896.apk,monkey,2,300,0,0,0,0,0
com.shatteredpixel.shatteredpixeldungeon_896.apk,monkey,3,60,0,0,0,0,0
com.shatteredpixel.shatteredpixeldungeon_896.apk,monkey,3,180,0,0,0,0,0
com.shatteredpixel.shatteredpixeldungeon_896.apk,monkey,3,300,0,0,0,0,0
com.shatteredpixel.shatteredpixeldungeon_896.apk,droidbot:dfs_greedy,1,60,0,0,0,0,0
com.shatteredpixel.shatteredpixeldungeon_896.apk,droidbot:dfs_greedy,1,180,0,0,0,0,0
com.shatteredpixel.shatteredpixeldungeon_896.apk,droidbot:dfs_greedy,1,300,0,0,0,0,0
com.shatteredpixel.shatteredpixeldungeon_896.apk,droidbot:dfs_greedy,2,60,0,0,0,0,0
com.shatteredpixel.shatteredpixeldungeon_896.apk,droidbot:dfs_greedy,2,180,0,0,0,0,0
com.shatteredpixel.shatteredpixeldungeon_896.apk,droidbot:dfs_greedy,2,300,0,0,0,0,0
com.shatteredpixel.shatteredpixeldungeon_896.apk,droidbot:dfs_greedy,3,60,0,0,0,0,0
com.shatteredpixel.shatteredpixeldungeon_896.apk,droidbot:dfs_greedy,3,180,0,0,0,0,0
com.shatteredpixel.shatteredpixeldungeon_896.apk,droidbot:dfs_greedy,3,300,0,0,0,0,0
com.shatteredpixel.shatteredpixeldungeon_896.apk,droidbot:bfs_greedy,1,60,0,0,0,0,0
com.shatteredpixel.shatteredpixeldungeon_896.apk,droidbot:bfs_greedy,1,180,0,0,0,0,0
com.shatteredpixel.shatteredpixeldungeon_896.apk,droidbot:bfs_greedy,1,300,0,0,0,0,0
com.shatteredpixel.shatteredpixeldungeon_896.apk,droidbot:bfs_greedy,2,60,0,0,0,0,0
com.shatteredpixel.shatteredpixeldungeon_896.apk,droidbot:bfs_greedy,2,180,0,0,0,0,0
com.shatteredpixel.shatteredpixeldungeon_896.apk,droidbot:bfs_greedy,2,300,0,0,0,0,0
com.shatteredpixel.shatteredpixeldungeon_896.apk,droidbot:bfs_greedy,3,60,0,0,0,0,0
com.shatteredpixel.shatteredpixeldungeon_896.apk,droidbot:bfs_greedy,3,180,0,0,0,0,0
com.shatteredpixel.shatteredpixeldungeon_896.apk,droidbot:bfs_greedy,3,300,0,0,0,0,0
com.shatteredpixel.shatteredpixeldungeon_896.apk,droidbot:dfs_naive,1,60,0,0,0,0,0
com.shatteredpixel.shatteredpixeldungeon_896.apk,droidbot:dfs_naive,1,180,0,0,0,0,0
com.shatteredpixel.shatteredpixeldungeon_896.apk,droidbot:dfs_naive,1,300,0,0,0,0,0
com.shatteredpixel.shatteredpixeldungeon_896.apk,droidbot:dfs_naive,2,60,0,0,0,0,0
com.shatteredpixel.shatteredpixeldungeon_896.apk,droidbot:dfs_naive,2,180,0,0,0,0,0
com.shatteredpixel.shatteredpixeldungeon_896.apk,droidbot:dfs_naive,2,300,0,0,0,0,0
com.shatteredpixel.shatteredpixeldungeon_896.apk,droidbot:dfs_naive,3,60,0,0,0,0,0
com.shatteredpixel.shatteredpixeldungeon_896.apk,droidbot:dfs_naive,3,180,0,0,0,0,0
com.shatteredpixel.shatteredpixeldungeon_896.apk,droidbot:dfs_naive,3,300,0,0,0,0,0
com.shatteredpixel.shatteredpixeldungeon_896.apk,droidbot:bfs_naive,1,60,0,0,0,0,0
com.shatteredpixel.shatteredpixeldungeon_896.apk,monkey,1,300,0,0,0,0,0
com.shatteredpixel.shatteredpixeldungeon_896.apk,droidbot:bfs_naive,1,180,0,0,0,0,0
com.shatteredpixel.shatteredpixeldungeon_896.apk,droidbot:bfs_naive,1,300,0,0,0,0,0
com.shatteredpixel.shatteredpixeldungeon_896.apk,droidbot:bfs_naive,2,60,0,0,0,0,0
com.shatteredpixel.shatteredpixeldungeon_896.apk,droidbot:bfs_naive,2,180,0,0,0,0,0
com.shatteredpixel.shatteredpixeldungeon_896.apk,droidbot:bfs_naive,2,300,0,0,0,0,0
com.shatteredpixel.shatteredpixeldungeon_896.apk,droidbot:bfs_naive,3,60,0,0,0,0,0
com.shatteredpixel.shatteredpixeldungeon_896.apk,droidbot:bfs_naive,3,180,0,0,0,0,0
com.shatteredpixel.shatteredpixeldungeon_896.apk,droidbot:bfs_naive,3,300,0,0,0,0,0
com.shatteredpixel.shatteredpixeldungeon_896.apk,ape,1,60,0,0,0,0,0
com.shatteredpixel.shatteredpixeldungeon_896.apk,ape,1,180,0,0,0,0,0
com.shatteredpixel.shatteredpixeldungeon_896.apk,ape,1,300,0,0,0,0,0
com.shatteredpixel.shatteredpixeldungeon_896.apk,ape,2,60,0,0,0,0,0
com.shatteredpixel.shatteredpixeldungeon_896.apk,ape,2,180,0,0,0,0,0
com.shatteredpixel.shatteredpixeldungeon_896.apk,ape,2,300,0,0,0,0,0
com.shatteredpixel.shatteredpixeldungeon_896.apk,ape,3,60,0,0,0,0,0
com.shatteredpixel.shatteredpixeldungeon_896.apk,ape,3,180,0,0,0,0,0
com.shatteredpixel.shatteredpixeldungeon_896.apk,ape,3,300,0,0,0,0,0
com.shatteredpixel.shatteredpixeldungeon_896.apk,droidmate,1,60,0,0,0,0,0
com.shatteredpixel.shatteredpixeldungeon_896.apk,droidmate,1,180,0,0,0,0,0
com.shatteredpixel.shatteredpixeldungeon_896.apk,droidmate,1,300,0,0,0,0,0
com.shatteredpixel.shatteredpixeldungeon_896.apk,droidmate,2,60,0,0,0,0,0
com.shatteredpixel.shatteredpixeldungeon_896.apk,droidmate,2,180,0,0,0,0,0
com.shatteredpixel.shatteredpixeldungeon_896.apk,droidmate,2,300,0,0,0,0,0
com.shatteredpixel.shatteredpixeldungeon_896.apk,droidmate,3,60,0,0,0,0,0
com.shatteredpixel.shatteredpixeldungeon_896.apk,droidmate,3,180,0,0,0,0,0
com.shatteredpixel.shatteredpixeldungeon_896.apk,droidmate,3,300,0,0,0,0,0
com.shatteredpixel.shatteredpixeldungeon_896.apk,humanoid,1,60,0,0,0,0,0
com.shatteredpixel.shatteredpixeldungeon_896.apk,humanoid,1,180,0,0,0,0,0
com.shatteredpixel.shatteredpixeldungeon_896.apk,humanoid,1,300,0,0,0,0,0
com.shatteredpixel.shatteredpixeldungeon_896.apk,humanoid,2,60,0,0,0,0,0
com.shatteredpixel.shatteredpixeldungeon_896.apk,humanoid,2,180,0,0,0,0,0
com.shatteredpixel.shatteredpixeldungeon_896.apk,humanoid,2,300,0,0,0,0,0
com.shatteredpixel.shatteredpixeldungeon_896.apk,humanoid,3,60,0,0,0,0,0
com.shatteredpixel.shatteredpixeldungeon_896.apk,humanoid,3,180,0,0,0,0,0
com.shatteredpixel.shatteredpixeldungeon_896.apk,humanoid,3,300,0,0,0,0,0
com.shatteredpixel.shatteredpixeldungeon_896.apk,ares,1,60,0,0,0,0,0
com.shatteredpixel.shatteredpixeldungeon_896.apk,ares,1,180,0,0,0,0,0
com.shatteredpixel.shatteredpixeldungeon_896.apk,ares,1,300,0,0,0,0,0
com.shatteredpixel.shatteredpixeldungeon_896.apk,ares,2,60,0,0,0,0,0
com.shatteredpixel.shatteredpixeldungeon_896.apk,ares,2,180,0,0,0,0,0
com.shatteredpixel.shatteredpixeldungeon_896.apk,ares,2,300,0,0,0,0,0
com.shatteredpixel.shatteredpixeldungeon_896.apk,ares,3,60,0,0,0,0,0
com.shatteredpixel.shatteredpixeldungeon_896.apk,ares,3,180,0,0,0,0,0
com.shatteredpixel.shatteredpixeldungeon_896.apk,ares,3,300,0,0,0,0,0
com.shatteredpixel.shatteredpixeldungeon_896.apk,fastbot,1,60,0,0,0,0,0
com.shatteredpixel.shatteredpixeldungeon_896.apk,fastbot,1,180,0,0,0,0,0
com.shatteredpixel.shatteredpixeldungeon_896.apk,fastbot,1,300,0,0,0,0,0
com.shatteredpixel.shatteredpixeldungeon_896.apk,fastbot,2,60,0,0,0,0,0
com.shatteredpixel.shatteredpixeldungeon_896.apk,fastbot,2,180,0,0,0,0,0
com.shatteredpixel.shatteredpixeldungeon_896.apk,fastbot,2,300,0,0,0,0,0
com.shatteredpixel.shatteredpixeldungeon_896.apk,fastbot,3,60,0,0,0,0,0
com.shatteredpixel.shatteredpixeldungeon_896.apk,fastbot,3,180,0,0,0,0,0
com.shatteredpixel.shatteredpixeldungeon_896.apk,fastbot,3,300,0,0,0,0,0
com.shatteredpixel.shatteredpixeldungeon_896.apk,qtesting,1,60,0,0,0,0,0
com.shatteredpixel.shatteredpixeldungeon_896.apk,qtesting,1,180,0,0,0,0,0
com.shatteredpixel.shatteredpixeldungeon_896.apk,qtesting,1,300,0,0,0,0,0
com.shatteredpixel.shatteredpixeldungeon_896.apk,qtesting,2,60,0,0,0,0,0
com.shatteredpixel.shatteredpixeldungeon_896.apk,qtesting,2,180,0,0,0,0,0
com.shatteredpixel.shatteredpixeldungeon_896.apk,qtesting,2,300,0,0,0,0,0
com.shatteredpixel.shatteredpixeldungeon_896.apk,qtesting,3,60,0,0,0,0,0
com.shatteredpixel.shatteredpixeldungeon_896.apk,qtesting,3,180,0,0,0,0,0
com.shatteredpixel.shatteredpixeldungeon_896.apk,qtesting,3,300,0,0,0,0,0
com.vishaltelangre.nerdcalci_490.apk,monkey,1,60,0,0,0,0,0
com.vishaltelangre.nerdcalci_490.apk,monkey,1,180,0,0,0,0,0
com.vishaltelangre.nerdcalci_490.apk,monkey,1,300,0,0,0,0,0
com.vishaltelangre.nerdcalci_490.apk,monkey,2,60,0,0,0,0,0
com.vishaltelangre.nerdcalci_490.apk,monkey,2,180,0,0,0,0,0
com.vishaltelangre.nerdcalci_490.apk,monkey,2,300,0,0,0,0,0
com.vishaltelangre.nerdcalci_490.apk,monkey,3,60,0,0,0,0,0
com.vishaltelangre.nerdcalci_490.apk,monkey,3,180,0,0,0,0,0
com.vishaltelangre.nerdcalci_490.apk,monkey,3,300,0,0,0,0,0
com.vishaltelangre.nerdcalci_490.apk,droidbot:dfs_greedy,1,60,0,0,0,0,0
com.vishaltelangre.nerdcalci_490.apk,droidbot:dfs_greedy,1,180,0,0,0,0,0
com.vishaltelangre.nerdcalci_490.apk,droidbot:dfs_greedy,1,300,0,0,0,0,0
com.vishaltelangre.nerdcalci_490.apk,droidbot:dfs_greedy,2,60,0,0,0,0,0
com.vishaltelangre.nerdcalci_490.apk,droidbot:dfs_greedy,2,180,0,0,0,0,0
com.vishaltelangre.nerdcalci_490.apk,droidbot:dfs_greedy,2,300,0,0,0,0,0
com.vishaltelangre.nerdcalci_490.apk,droidbot:dfs_greedy,3,60,0,0,0,0,0
com.vishaltelangre.nerdcalci_490.apk,droidbot:dfs_greedy,3,180,0,0,0,0,0
com.vishaltelangre.nerdcalci_490.apk,droidbot:dfs_greedy,3,300,0,0,0,0,0
com.vishaltelangre.nerdcalci_490.apk,droidbot:bfs_greedy,1,60,0,0,0,0,0
com.vishaltelangre.nerdcalci_490.apk,droidbot:bfs_greedy,1,180,0,0,0,0,0
com.vishaltelangre.nerdcalci_490.apk,droidbot:bfs_greedy,1,300,0,0,0,0,0
com.vishaltelangre.nerdcalci_490.apk,droidbot:bfs_greedy,2,60,0,0,0,0,0
com.vishaltelangre.nerdcalci_490.apk,droidbot:bfs_greedy,2,180,0,0,0,0,0
com.vishaltelangre.nerdcalci_490.apk,droidbot:bfs_greedy,2,300,0,0,0,0,0
com.vishaltelangre.nerdcalci_490.apk,droidbot:bfs_greedy,3,60,0,0,0,0,0
com.vishaltelangre.nerdcalci_490.apk,droidbot:bfs_greedy,3,180,0,0,0,0,0
com.vishaltelangre.nerdcalci_490.apk,droidbot:bfs_greedy,3,300,0,0,0,0,0
com.vishaltelangre.nerdcalci_490.apk,droidbot:dfs_naive,1,60,0,0,0,0,0
com.vishaltelangre.nerdcalci_490.apk,droidbot:dfs_naive,1,180,0,0,0,0,0
com.vishaltelangre.nerdcalci_490.apk,droidbot:dfs_naive,1,300,0,0,0,0,0
com.vishaltelangre.nerdcalci_490.apk,droidbot:dfs_naive,2,60,0,0,0,0,0
com.vishaltelangre.nerdcalci_490.apk,droidbot:dfs_naive,2,180,0,0,0,0,0
com.vishaltelangre.nerdcalci_490.apk,droidbot:dfs_naive,2,300,0,0,0,0,0
com.vishaltelangre.nerdcalci_490.apk,droidbot:dfs_naive,3,60,0,0,0,0,0
com.vishaltelangre.nerdcalci_490.apk,droidbot:dfs_naive,3,180,0,0,0,0,0
com.vishaltelangre.nerdcalci_490.apk,droidbot:dfs_naive,3,300,0,0,0,0,0
com.vishaltelangre.nerdcalci_490.apk,droidbot:bfs_naive,1,60,0,0,0,0,0
com.vishaltelangre.nerdcalci_490.apk,droidbot:bfs_naive,1,180,0,0,0,0,0
com.vishaltelangre.nerdcalci_490.apk,droidbot:bfs_naive,1,300,0,0,0,0,0
com.vishaltelangre.nerdcalci_490.apk,droidbot:bfs_naive,2,60,0,0,0,0,0
com.vishaltelangre.nerdcalci_490.apk,droidbot:bfs_naive,2,180,0,0,0,0,0
com.vishaltelangre.nerdcalci_490.apk,droidbot:bfs_naive,2,300,0,0,0,0,0
com.vishaltelangre.nerdcalci_490.apk,droidbot:bfs_naive,3,60,0,0,0,0,0
com.vishaltelangre.nerdcalci_490.apk,droidbot:bfs_naive,3,180,0,0,0,0,0
com.vishaltelangre.nerdcalci_490.apk,droidbot:bfs_naive,3,300,0,0,0,0,0
com.vishaltelangre.nerdcalci_490.apk,ape,1,60,0,0,0,0,0
com.vishaltelangre.nerdcalci_490.apk,ape,1,180,0,0,0,0,0
com.vishaltelangre.nerdcalci_490.apk,ape,1,300,0,0,0,0,0
com.vishaltelangre.nerdcalci_490.apk,ape,2,60,0,0,0,0,0
com.vishaltelangre.nerdcalci_490.apk,ape,2,180,0,0,0,0,0
com.vishaltelangre.nerdcalci_490.apk,ape,2,300,0,0,0,0,0
com.vishaltelangre.nerdcalci_490.apk,ape,3,60,0,0,0,0,0
com.vishaltelangre.nerdcalci_490.apk,ape,3,180,0,0,0,0,0
com.vishaltelangre.nerdcalci_490.apk,ape,3,300,0,0,0,0,0
com.vishaltelangre.nerdcalci_490.apk,droidmate,1,60,0,0,0,0,0
com.vishaltelangre.nerdcalci_490.apk,droidmate,1,180,0,0,0,0,0
com.vishaltelangre.nerdcalci_490.apk,droidmate,1,300,0,0,0,0,0
com.vishaltelangre.nerdcalci_490.apk,droidmate,2,60,0,0,0,0,0
com.vishaltelangre.nerdcalci_490.apk,droidmate,2,180,0,0,0,0,0
com.vishaltelangre.nerdcalci_490.apk,droidmate,2,300,0,0,0,0,0
com.vishaltelangre.nerdcalci_490.apk,droidmate,3,60,0,0,0,0,0
com.vishaltelangre.nerdcalci_490.apk,droidmate,3,180,0,0,0,0,0
com.vishaltelangre.nerdcalci_490.apk,droidmate,3,300,0,0,0,0,0
com.vishaltelangre.nerdcalci_490.apk,humanoid,1,60,0,0,0,0,0
com.vishaltelangre.nerdcalci_490.apk,humanoid,1,180,0,0,0,0,0
com.vishaltelangre.nerdcalci_490.apk,humanoid,1,300,0,0,0,0,0
com.vishaltelangre.nerdcalci_490.apk,humanoid,2,60,0,0,0,0,0
com.vishaltelangre.nerdcalci_490.apk,humanoid,2,180,0,0,0,0,0
com.vishaltelangre.nerdcalci_490.apk,humanoid,2,300,0,0,0,0,0
com.vishaltelangre.nerdcalci_490.apk,humanoid,3,60,0,0,0,0,0
com.vishaltelangre.nerdcalci_490.apk,humanoid,3,180,0,0,0,0,0
com.vishaltelangre.nerdcalci_490.apk,humanoid,3,300,0,0,0,0,0
com.vishaltelangre.nerdcalci_490.apk,ares,1,60,0,0,0,0,0
com.vishaltelangre.nerdcalci_490.apk,ares,1,180,0,0,0,0,0
com.vishaltelangre.nerdcalci_490.apk,ares,1,300,0,0,0,0,0
com.vishaltelangre.nerdcalci_490.apk,ares,2,60,0,0,0,0,0
com.vishaltelangre.nerdcalci_490.apk,ares,2,180,0,0,0,0,0
com.vishaltelangre.nerdcalci_490.apk,ares,2,300,0,0,0,0,0
com.vishaltelangre.nerdcalci_490.apk,ares,3,60,0,0,0,0,0
com.vishaltelangre.nerdcalci_490.apk,ares,3,180,0,0,0,0,0
com.vishaltelangre.nerdcalci_490.apk,ares,3,300,0,0,0,0,0
com.vishaltelangre.nerdcalci_490.apk,fastbot,1,60,0,0,0,0,0
com.vishaltelangre.nerdcalci_490.apk,fastbot,1,180,0,0,0,0,0
com.vishaltelangre.nerdcalci_490.apk,fastbot,1,300,0,0,0,0,0
com.vishaltelangre.nerdcalci_490.apk,fastbot,2,60,0,0,0,0,0
com.vishaltelangre.nerdcalci_490.apk,fastbot,2,180,0,0,0,0,0
com.vishaltelangre.nerdcalci_490.apk,fastbot,2,300,0,0,0,0,0
com.vishaltelangre.nerdcalci_490.apk,fastbot,3,60,0,0,0,0,0
com.vishaltelangre.nerdcalci_490.apk,fastbot,3,180,0,0,0,0,0
com.vishaltelangre.nerdcalci_490.apk,fastbot,3,300,0,0,0,0,0
com.vishaltelangre.nerdcalci_490.apk,qtesting,1,60,0,0,0,0,0
com.vishaltelangre.nerdcalci_490.apk,qtesting,1,180,0,0,0,0,0
com.vishaltelangre.nerdcalci_490.apk,qtesting,1,300,0,0,0,0,0
com.vishaltelangre.nerdcalci_490.apk,qtesting,2,60,0,0,0,0,0
com.vishaltelangre.nerdcalci_490.apk,qtesting,2,180,0,0,0,0,0
com.vishaltelangre.nerdcalci_490.apk,qtesting,2,300,0,0,0,0,0
com.vishaltelangre.nerdcalci_490.apk,qtesting,3,60,0,0,0,0,0
com.vishaltelangre.nerdcalci_490.apk,qtesting,3,180,0,0,0,0,0
com.vishaltelangre.nerdcalci_490.apk,qtesting,3,300,0,0,0,0,0
dev.itsvic.parceltracker_10501000.apk,monkey,1,60,7,2,7,7,7.0
dev.itsvic.parceltracker_10501000.apk,monkey,1,180,14,2,7,7,7.0
dev.itsvic.parceltracker_10501000.apk,monkey,1,300,4,2,4,4,4.0
dev.itsvic.parceltracker_10501000.apk,monkey,2,60,0,0,0,0,0
dev.itsvic.parceltracker_10501000.apk,monkey,2,180,7,2,7,7,7.0
dev.itsvic.parceltracker_10501000.apk,monkey,2,300,7,2,7,7,7.0
dev.itsvic.parceltracker_10501000.apk,monkey,3,60,7,2,7,7,7.0
dev.itsvic.parceltracker_10501000.apk,monkey,3,180,7,2,7,7,7.0
dev.itsvic.parceltracker_10501000.apk,monkey,3,300,7,2,7,7,7.0
dev.itsvic.parceltracker_10501000.apk,droidbot:dfs_greedy,1,60,0,0,0,0,0
dev.itsvic.parceltracker_10501000.apk,droidbot:dfs_greedy,1,180,7,2,7,7,7.0
dev.itsvic.parceltracker_10501000.apk,droidbot:dfs_greedy,1,300,7,2,7,7,7.0
dev.itsvic.parceltracker_10501000.apk,droidbot:dfs_greedy,2,60,0,0,0,0,0
dev.itsvic.parceltracker_10501000.apk,droidbot:dfs_greedy,2,180,7,2,7,7,7.0
dev.itsvic.parceltracker_10501000.apk,droidbot:dfs_greedy,2,300,7,2,7,7,7.0
dev.itsvic.parceltracker_10501000.apk,droidbot:dfs_greedy,3,60,0,0,0,0,0
dev.itsvic.parceltracker_10501000.apk,droidbot:dfs_greedy,3,180,7,2,7,7,7.0
dev.itsvic.parceltracker_10501000.apk,droidbot:dfs_greedy,3,300,7,2,7,7,7.0
dev.itsvic.parceltracker_10501000.apk,droidbot:bfs_greedy,1,60,7,2,7,7,7.0
dev.itsvic.parceltracker_10501000.apk,droidbot:bfs_greedy,1,180,7,2,7,7,7.0
dev.itsvic.parceltracker_10501000.apk,droidbot:bfs_greedy,1,300,7,2,7,7,7.0
dev.itsvic.parceltracker_10501000.apk,droidbot:bfs_greedy,2,60,7,2,7,7,7.0
dev.itsvic.parceltracker_10501000.apk,droidbot:bfs_greedy,2,180,7,2,7,7,7.0
dev.itsvic.parceltracker_10501000.apk,droidbot:bfs_greedy,2,300,14,2,7,7,7.0
dev.itsvic.parceltracker_10501000.apk,droidbot:bfs_greedy,3,60,7,2,7,7,7.0
dev.itsvic.parceltracker_10501000.apk,droidbot:bfs_greedy,3,180,14,2,7,7,7.0
dev.itsvic.parceltracker_10501000.apk,droidbot:bfs_greedy,3,300,14,2,7,7,7.0
dev.itsvic.parceltracker_10501000.apk,droidbot:dfs_naive,1,60,0,0,0,0,0
dev.itsvic.parceltracker_10501000.apk,droidbot:dfs_naive,1,180,7,2,7,7,7.0
dev.itsvic.parceltracker_10501000.apk,droidbot:dfs_naive,1,300,7,2,7,7,7.0
dev.itsvic.parceltracker_10501000.apk,droidbot:dfs_naive,2,60,0,0,0,0,0
dev.itsvic.parceltracker_10501000.apk,droidbot:dfs_naive,2,180,7,2,7,7,7.0
dev.itsvic.parceltracker_10501000.apk,droidbot:dfs_naive,2,300,7,2,7,7,7.0
dev.itsvic.parceltracker_10501000.apk,droidbot:dfs_naive,3,60,0,0,0,0,0
dev.itsvic.parceltracker_10501000.apk,droidbot:dfs_naive,3,180,7,2,7,7,7.0
dev.itsvic.parceltracker_10501000.apk,droidbot:dfs_naive,3,300,7,2,7,7,7.0
dev.itsvic.parceltracker_10501000.apk,droidbot:bfs_naive,1,60,0,0,0,0,0
dev.itsvic.parceltracker_10501000.apk,droidbot:bfs_naive,1,180,7,2,7,7,7.0
dev.itsvic.parceltracker_10501000.apk,droidbot:bfs_naive,1,300,7,2,7,7,7.0
dev.itsvic.parceltracker_10501000.apk,droidbot:bfs_naive,2,60,0,0,0,0,0
dev.itsvic.parceltracker_10501000.apk,droidbot:bfs_naive,2,180,7,2,7,7,7.0
dev.itsvic.parceltracker_10501000.apk,droidbot:bfs_naive,2,300,7,2,7,7,7.0
dev.itsvic.parceltracker_10501000.apk,droidbot:bfs_naive,3,60,0,0,0,0,0
dev.itsvic.parceltracker_10501000.apk,droidbot:bfs_naive,3,180,7,2,7,7,7.0
dev.itsvic.parceltracker_10501000.apk,droidbot:bfs_naive,3,300,7,2,7,7,7.0
dev.itsvic.parceltracker_10501000.apk,ape,1,60,7,2,7,7,7.0
dev.itsvic.parceltracker_10501000.apk,ape,1,180,14,2,7,7,7.0
dev.itsvic.parceltracker_10501000.apk,ape,1,300,7,2,7,7,7.0
dev.itsvic.parceltracker_10501000.apk,ape,2,60,7,2,7,7,7.0
dev.itsvic.parceltracker_10501000.apk,ape,2,300,14,2,7,7,7.0
dev.itsvic.parceltracker_10501000.apk,ape,3,60,7,2,7,7,7.0
dev.itsvic.parceltracker_10501000.apk,ape,3,180,7,2,7,7,7.0
dev.itsvic.parceltracker_10501000.apk,ape,3,300,14,2,7,7,7.0
dev.itsvic.parceltracker_10501000.apk,droidmate,1,60,7,2,7,7,7.0
dev.itsvic.parceltracker_10501000.apk,droidmate,1,180,7,2,7,7,7.0
dev.itsvic.parceltracker_10501000.apk,droidmate,1,300,14,2,7,7,7.0
dev.itsvic.parceltracker_10501000.apk,droidmate,2,60,7,2,7,7,7.0
dev.itsvic.parceltracker_10501000.apk,droidmate,2,180,7,2,7,7,7.0
dev.itsvic.parceltracker_10501000.apk,droidmate,2,300,7,2,7,7,7.0
dev.itsvic.parceltracker_10501000.apk,droidmate,3,60,7,2,7,7,7.0
dev.itsvic.parceltracker_10501000.apk,droidmate,3,180,7,2,7,7,7.0
dev.itsvic.parceltracker_10501000.apk,droidmate,3,300,14,2,7,7,7.0
dev.itsvic.parceltracker_10501000.apk,humanoid,1,60,0,0,0,0,0
dev.itsvic.parceltracker_10501000.apk,humanoid,1,180,7,2,7,7,7.0
dev.itsvic.parceltracker_10501000.apk,humanoid,1,300,7,2,7,7,7.0
dev.itsvic.parceltracker_10501000.apk,humanoid,2,60,7,2,7,7,7.0
dev.itsvic.parceltracker_10501000.apk,humanoid,2,180,7,2,7,7,7.0
dev.itsvic.parceltracker_10501000.apk,humanoid,2,300,7,2,7,7,7.0
dev.itsvic.parceltracker_10501000.apk,humanoid,3,60,7,2,7,7,7.0
dev.itsvic.parceltracker_10501000.apk,humanoid,3,180,7,2,7,7,7.0
dev.itsvic.parceltracker_10501000.apk,humanoid,3,300,7,2,7,7,7.0
dev.itsvic.parceltracker_10501000.apk,ares,1,60,7,2,7,7,7.0
dev.itsvic.parceltracker_10501000.apk,ares,1,180,7,2,7,7,7.0
dev.itsvic.parceltracker_10501000.apk,ares,1,300,7,2,7,7,7.0
dev.itsvic.parceltracker_10501000.apk,ares,2,60,7,2,7,7,7.0
dev.itsvic.parceltracker_10501000.apk,ares,2,180,7,2,7,7,7.0
dev.itsvic.parceltracker_10501000.apk,ares,2,300,7,2,7,7,7.0
dev.itsvic.parceltracker_10501000.apk,ares,3,60,4,2,4,4,4.0
dev.itsvic.parceltracker_10501000.apk,ares,3,180,7,2,7,7,7.0
dev.itsvic.parceltracker_10501000.apk,ares,3,300,7,2,7,7,7.0
dev.itsvic.parceltracker_10501000.apk,fastbot,1,60,0,0,0,0,0
dev.itsvic.parceltracker_10501000.apk,fastbot,1,180,0,0,0,0,0
dev.itsvic.parceltracker_10501000.apk,fastbot,1,300,0,0,0,0,0
dev.itsvic.parceltracker_10501000.apk,fastbot,2,60,0,0,0,0,0
dev.itsvic.parceltracker_10501000.apk,fastbot,2,180,7,2,7,7,7.0
dev.itsvic.parceltracker_10501000.apk,fastbot,2,300,7,2,7,7,7.0
dev.itsvic.parceltracker_10501000.apk,fastbot,3,60,7,2,7,7,7.0
dev.itsvic.parceltracker_10501000.apk,fastbot,3,180,0,0,0,0,0
dev.itsvic.parceltracker_10501000.apk,fastbot,3,300,7,2,7,7,7.0
dev.itsvic.parceltracker_10501000.apk,qtesting,1,60,0,0,0,0,0
dev.itsvic.parceltracker_10501000.apk,qtesting,1,180,0,0,0,0,0
dev.itsvic.parceltracker_10501000.apk,qtesting,1,300,0,0,0,0,0
dev.itsvic.parceltracker_10501000.apk,qtesting,2,60,0,0,0,0,0
dev.itsvic.parceltracker_10501000.apk,qtesting,2,180,0,0,0,0,0
dev.itsvic.parceltracker_10501000.apk,qtesting,2,300,0,0,0,0,0
dev.itsvic.parceltracker_10501000.apk,qtesting,3,60,0,0,0,0,0
dev.itsvic.parceltracker_10501000.apk,qtesting,3,180,0,0,0,0,0
dev.itsvic.parceltracker_10501000.apk,qtesting,3,300,0,0,0,0,0
fr.corenting.traficparis_34.apk,monkey,1,60,7,2,7,7,7.0
fr.corenting.traficparis_34.apk,monkey,1,180,7,2,7,7,7.0
fr.corenting.traficparis_34.apk,monkey,1,300,7,2,7,7,7.0
fr.corenting.traficparis_34.apk,monkey,2,60,7,2,7,7,7.0
fr.corenting.traficparis_34.apk,monkey,2,180,7,2,7,7,7.0
fr.corenting.traficparis_34.apk,monkey,2,300,7,2,7,7,7.0
fr.corenting.traficparis_34.apk,monkey,3,60,7,2,7,7,7.0
fr.corenting.traficparis_34.apk,monkey,3,180,7,2,7,7,7.0
fr.corenting.traficparis_34.apk,droidbot:dfs_greedy,1,60,7,2,7,7,7.0
fr.corenting.traficparis_34.apk,droidbot:dfs_greedy,1,180,14,2,7,7,7.0
fr.corenting.traficparis_34.apk,droidbot:dfs_greedy,1,300,14,2,7,7,7.0
fr.corenting.traficparis_34.apk,droidbot:dfs_greedy,2,60,7,2,7,7,7.0
fr.corenting.traficparis_34.apk,droidbot:dfs_greedy,2,180,14,2,7,7,7.0
fr.corenting.traficparis_34.apk,droidbot:dfs_greedy,2,300,14,2,7,7,7.0
fr.corenting.traficparis_34.apk,droidbot:dfs_greedy,3,60,7,2,7,7,7.0
fr.corenting.traficparis_34.apk,droidbot:dfs_greedy,3,180,28,2,7,7,7.0
fr.corenting.traficparis_34.apk,droidbot:dfs_greedy,3,300,14,2,7,7,7.0
fr.corenting.traficparis_34.apk,droidbot:bfs_greedy,1,60,7,2,7,7,7.0
fr.corenting.traficparis_34.apk,droidbot:bfs_greedy,1,180,14,2,7,7,7.0
fr.corenting.traficparis_34.apk,droidbot:bfs_greedy,1,300,14,2,7,7,7.0
fr.corenting.traficparis_34.apk,droidbot:bfs_greedy,2,60,7,2,7,7,7.0
fr.corenting.traficparis_34.apk,droidbot:bfs_greedy,2,180,0,0,0,0,0
fr.corenting.traficparis_34.apk,droidbot:bfs_greedy,2,300,14,2,7,7,7.0
fr.corenting.traficparis_34.apk,droidbot:bfs_greedy,3,60,7,2,7,7,7.0
fr.corenting.traficparis_34.apk,droidbot:bfs_greedy,3,180,7,2,7,7,7.0
fr.corenting.traficparis_34.apk,droidbot:bfs_greedy,3,300,7,2,7,7,7.0
fr.corenting.traficparis_34.apk,droidbot:dfs_naive,1,60,7,2,7,7,7.0
fr.corenting.traficparis_34.apk,droidbot:dfs_naive,1,180,7,2,7,7,7.0
fr.corenting.traficparis_34.apk,droidbot:dfs_naive,1,300,7,2,7,7,7.0
fr.corenting.traficparis_34.apk,droidbot:dfs_naive,2,60,7,2,7,7,7.0
fr.corenting.traficparis_34.apk,droidbot:dfs_naive,2,180,7,2,7,7,7.0
fr.corenting.traficparis_34.apk,droidbot:dfs_naive,2,300,7,2,7,7,7.0
fr.corenting.traficparis_34.apk,droidbot:dfs_naive,3,60,7,2,7,7,7.0
fr.corenting.traficparis_34.apk,droidbot:dfs_naive,3,180,7,2,7,7,7.0
fr.corenting.traficparis_34.apk,droidbot:dfs_naive,3,300,7,2,7,7,7.0
fr.corenting.traficparis_34.apk,droidbot:bfs_naive,1,60,7,2,7,7,7.0
fr.corenting.traficparis_34.apk,droidbot:bfs_naive,1,180,7,2,7,7,7.0
fr.corenting.traficparis_34.apk,droidbot:bfs_naive,1,300,7,2,7,7,7.0
fr.corenting.traficparis_34.apk,droidbot:bfs_naive,2,60,7,2,7,7,7.0
fr.corenting.traficparis_34.apk,droidbot:bfs_naive,2,180,7,2,7,7,7.0
fr.corenting.traficparis_34.apk,droidbot:bfs_naive,2,300,7,2,7,7,7.0
fr.corenting.traficparis_34.apk,droidbot:bfs_naive,3,60,7,2,7,7,7.0
fr.corenting.traficparis_34.apk,droidbot:bfs_naive,3,180,7,2,7,7,7.0
fr.corenting.traficparis_34.apk,droidbot:bfs_naive,3,300,7,2,7,7,7.0
fr.corenting.traficparis_34.apk,ape,1,60,7,2,7,7,7.0
fr.corenting.traficparis_34.apk,ape,1,180,14,2,7,7,7.0
fr.corenting.traficparis_34.apk,ape,1,300,21,2,7,7,7.0
fr.corenting.traficparis_34.apk,ape,2,60,14,2,7,7,7.0
fr.corenting.traficparis_34.apk,ape,2,180,14,2,7,7,7.0
fr.corenting.traficparis_34.apk,ape,2,300,28,2,7,7,7.0
fr.corenting.traficparis_34.apk,ape,3,60,7,2,7,7,7.0
fr.corenting.traficparis_34.apk,ape,3,180,14,2,7,7,7.0
fr.corenting.traficparis_34.apk,ape,3,300,21,2,7,7,7.0
fr.corenting.traficparis_34.apk,droidmate,1,60,7,2,7,7,7.0
fr.corenting.traficparis_34.apk,droidmate,1,180,14,2,7,7,7.0
fr.corenting.traficparis_34.apk,droidmate,1,300,21,2,7,7,7.0
fr.corenting.traficparis_34.apk,droidmate,2,60,7,2,7,7,7.0
fr.corenting.traficparis_34.apk,droidmate,2,180,14,2,7,7,7.0
fr.corenting.traficparis_34.apk,droidmate,2,300,21,2,7,7,7.0
fr.corenting.traficparis_34.apk,droidmate,3,60,7,2,7,7,7.0
fr.corenting.traficparis_34.apk,droidmate,3,180,14,2,7,7,7.0
fr.corenting.traficparis_34.apk,humanoid,1,60,7,2,7,7,7.0
fr.corenting.traficparis_34.apk,humanoid,1,180,7,2,7,7,7.0
fr.corenting.traficparis_34.apk,humanoid,1,300,14,2,7,7,7.0
fr.corenting.traficparis_34.apk,humanoid,2,60,7,2,7,7,7.0
fr.corenting.traficparis_34.apk,humanoid,2,180,7,2,7,7,7.0
fr.corenting.traficparis_34.apk,humanoid,2,300,140,2,7,7,7.0
fr.corenting.traficparis_34.apk,humanoid,3,60,7,2,7,7,7.0
fr.corenting.traficparis_34.apk,humanoid,3,180,42,2,7,7,7.0
fr.corenting.traficparis_34.apk,humanoid,3,300,140,2,7,7,7.0
fr.corenting.traficparis_34.apk,ares,1,60,14,2,7,7,7.0
fr.corenting.traficparis_34.apk,ares,1,180,21,2,7,7,7.0
fr.corenting.traficparis_34.apk,ares,1,300,14,2,7,7,7.0
fr.corenting.traficparis_34.apk,ares,2,60,7,2,7,7,7.0
fr.corenting.traficparis_34.apk,ares,2,180,14,2,7,7,7.0
fr.corenting.traficparis_34.apk,ares,2,300,14,2,7,7,7.0
fr.corenting.traficparis_34.apk,ares,3,60,14,2,7,7,7.0
fr.corenting.traficparis_34.apk,ares,3,180,14,2,7,7,7.0
fr.corenting.traficparis_34.apk,ares,3,300,14,2,7,7,7.0
fr.corenting.traficparis_34.apk,fastbot,1,60,7,2,7,7,7.0
fr.corenting.traficparis_34.apk,fastbot,1,180,7,2,7,7,7.0
fr.corenting.traficparis_34.apk,fastbot,1,300,7,2,7,7,7.0
fr.corenting.traficparis_34.apk,fastbot,2,60,7,2,7,7,7.0
fr.corenting.traficparis_34.apk,fastbot,2,180,7,2,7,7,7.0
fr.corenting.traficparis_34.apk,fastbot,2,300,7,2,7,7,7.0
fr.corenting.traficparis_34.apk,fastbot,3,60,14,2,7,7,7.0
fr.corenting.traficparis_34.apk,fastbot,3,180,7,2,7,7,7.0
fr.corenting.traficparis_34.apk,fastbot,3,300,7,2,7,7,7.0
fr.corenting.traficparis_34.apk,qtesting,1,60,21,2,7,7,7.0
fr.corenting.traficparis_34.apk,qtesting,1,180,63,2,7,7,7.0
fr.corenting.traficparis_34.apk,qtesting,1,300,91,2,7,7,7.0
fr.corenting.traficparis_34.apk,qtesting,2,60,14,2,7,7,7.0
fr.corenting.traficparis_34.apk,qtesting,2,180,63,2,7,7,7.0
fr.corenting.traficparis_34.apk,qtesting,2,300,91,2,7,7,8.0
fr.corenting.traficparis_34.apk,qtesting,3,60,21,2,7,7,7.0
fr.corenting.traficparis_34.apk,qtesting,3,180,70,2,7,7,7.0
fr.corenting.traficparis_34.apk,qtesting,3,300,119,2,7,7,7.0
me.diamondforge.tokn_19.apk,monkey,1,60,4,4,4,4,4.0
me.diamondforge.tokn_19.apk,monkey,1,180,4,4,4,4,4.0
me.diamondforge.tokn_19.apk,monkey,1,300,4,4,4,4,4.0
me.diamondforge.tokn_19.apk,monkey,2,60,4,4,4,4,4.0
me.diamondforge.tokn_19.apk,monkey,2,180,4,4,4,4,4.0
me.diamondforge.tokn_19.apk,monkey,2,300,4,4,4,4,4.0
me.diamondforge.tokn_19.apk,monkey,3,60,4,4,4,4,4.0
me.diamondforge.tokn_19.apk,monkey,3,180,4,4,4,4,4.0
me.diamondforge.tokn_19.apk,monkey,3,300,4,4,4,4,4.0
me.diamondforge.tokn_19.apk,droidbot:dfs_greedy,1,60,4,4,4,4,4.0
me.diamondforge.tokn_19.apk,droidbot:dfs_greedy,1,180,4,4,4,4,4.0
me.diamondforge.tokn_19.apk,droidbot:dfs_greedy,1,300,4,4,4,4,4.0
me.diamondforge.tokn_19.apk,droidbot:dfs_greedy,2,60,4,4,4,4,4.0
me.diamondforge.tokn_19.apk,droidbot:dfs_greedy,2,180,4,4,4,4,4.0
me.diamondforge.tokn_19.apk,droidbot:dfs_greedy,2,300,4,4,4,4,4.0
me.diamondforge.tokn_19.apk,droidbot:dfs_greedy,3,60,4,4,4,4,4.0
me.diamondforge.tokn_19.apk,droidbot:dfs_greedy,3,180,4,4,4,4,4.0
me.diamondforge.tokn_19.apk,droidbot:dfs_greedy,3,300,4,4,4,4,4.0
me.diamondforge.tokn_19.apk,droidbot:bfs_greedy,1,60,4,4,4,4,4.0
me.diamondforge.tokn_19.apk,droidbot:bfs_greedy,1,180,4,4,4,4,4.0
me.diamondforge.tokn_19.apk,droidbot:bfs_greedy,1,300,25,4,4,4,4.0
me.diamondforge.tokn_19.apk,droidbot:bfs_greedy,2,60,4,4,4,4,4.0
me.diamondforge.tokn_19.apk,droidbot:bfs_greedy,2,180,4,4,4,4,4.0
me.diamondforge.tokn_19.apk,droidbot:bfs_greedy,2,300,4,4,4,4,4.0
me.diamondforge.tokn_19.apk,droidbot:bfs_greedy,3,60,4,4,4,4,4.0
me.diamondforge.tokn_19.apk,droidbot:bfs_greedy,3,180,4,4,4,4,4.0
me.diamondforge.tokn_19.apk,droidbot:bfs_greedy,3,300,25,4,4,4,4.0
me.diamondforge.tokn_19.apk,droidbot:dfs_naive,1,60,4,4,4,4,4.0
me.diamondforge.tokn_19.apk,droidbot:dfs_naive,1,180,4,4,4,4,4.0
me.diamondforge.tokn_19.apk,droidbot:dfs_naive,1,300,4,4,4,4,4.0
me.diamondforge.tokn_19.apk,droidbot:dfs_naive,2,60,4,4,4,4,4.0
me.diamondforge.tokn_19.apk,droidbot:dfs_naive,2,180,4,4,4,4,4.0
me.diamondforge.tokn_19.apk,droidbot:dfs_naive,2,300,4,4,4,4,4.0
me.diamondforge.tokn_19.apk,droidbot:dfs_naive,3,60,4,4,4,4,4.0
me.diamondforge.tokn_19.apk,droidbot:dfs_naive,3,180,4,4,4,4,4.0
me.diamondforge.tokn_19.apk,droidbot:dfs_naive,3,300,4,4,4,4,4.0
me.diamondforge.tokn_19.apk,droidbot:bfs_naive,1,60,4,4,4,4,4.0
me.diamondforge.tokn_19.apk,droidbot:bfs_naive,1,180,4,4,4,4,4.0
me.diamondforge.tokn_19.apk,droidbot:bfs_naive,1,300,4,4,4,4,4.0
me.diamondforge.tokn_19.apk,droidbot:bfs_naive,2,60,4,4,4,4,4.0
me.diamondforge.tokn_19.apk,droidbot:bfs_naive,2,180,4,4,4,4,4.0
me.diamondforge.tokn_19.apk,droidbot:bfs_naive,2,300,4,4,4,4,4.0
me.diamondforge.tokn_19.apk,droidbot:bfs_naive,3,60,4,4,4,4,4.0
me.diamondforge.tokn_19.apk,droidbot:bfs_naive,3,180,4,4,4,4,4.0
me.diamondforge.tokn_19.apk,droidbot:bfs_naive,3,300,4,4,4,4,4.0
me.diamondforge.tokn_19.apk,ape,1,60,4,4,4,4,4.0
me.diamondforge.tokn_19.apk,ape,1,180,8,4,4,4,4.0
me.diamondforge.tokn_19.apk,ape,1,300,16,4,4,4,4.0
me.diamondforge.tokn_19.apk,ape,2,60,8,4,4,4,4.0
me.diamondforge.tokn_19.apk,ape,2,180,16,4,4,4,4.0
me.diamondforge.tokn_19.apk,ape,2,300,14,4,4,4,4.0
me.diamondforge.tokn_19.apk,ape,3,60,24,4,4,4,4.0
me.diamondforge.tokn_19.apk,ape,3,180,11,4,4,4,4.0
me.diamondforge.tokn_19.apk,ape,3,300,28,4,4,4,4.0
me.diamondforge.tokn_19.apk,droidmate,1,60,4,4,4,4,4.0
me.diamondforge.tokn_19.apk,droidmate,1,180,4,4,4,4,4.0
me.diamondforge.tokn_19.apk,droidmate,1,300,12,4,4,4,4.0
me.diamondforge.tokn_19.apk,droidmate,2,60,4,4,4,4,4.0
me.diamondforge.tokn_19.apk,droidmate,2,180,8,4,4,4,4.0
me.diamondforge.tokn_19.apk,droidmate,2,300,12,4,4,4,4.0
me.diamondforge.tokn_19.apk,droidmate,3,60,4,4,4,4,4.0
me.diamondforge.tokn_19.apk,droidmate,3,180,4,4,4,4,4.0
me.diamondforge.tokn_19.apk,droidmate,3,300,12,4,4,4,4.0
me.diamondforge.tokn_19.apk,humanoid,1,60,4,4,4,4,4.0
me.diamondforge.tokn_19.apk,humanoid,1,180,4,4,4,4,4.0
me.diamondforge.tokn_19.apk,humanoid,1,300,4,4,4,4,4.0
me.diamondforge.tokn_19.apk,humanoid,2,60,4,4,4,4,4.0
me.diamondforge.tokn_19.apk,humanoid,2,180,4,4,4,4,4.0
me.diamondforge.tokn_19.apk,humanoid,2,300,4,4,4,4,4.0
me.diamondforge.tokn_19.apk,humanoid,3,60,4,4,4,4,4.0
me.diamondforge.tokn_19.apk,humanoid,3,180,4,4,4,4,4.0
me.diamondforge.tokn_19.apk,humanoid,3,300,4,4,4,4,4.0
me.diamondforge.tokn_19.apk,ares,1,60,8,4,4,4,4.0
me.diamondforge.tokn_19.apk,ares,1,180,8,4,4,4,4.0
me.diamondforge.tokn_19.apk,ares,1,300,8,4,4,4,4.0
me.diamondforge.tokn_19.apk,ares,2,60,8,4,4,4,4.0
me.diamondforge.tokn_19.apk,ares,2,180,8,4,4,4,4.0
me.diamondforge.tokn_19.apk,ares,2,300,8,4,4,4,4.0
me.diamondforge.tokn_19.apk,ares,3,60,8,4,4,4,4.0
me.diamondforge.tokn_19.apk,ares,3,180,12,4,4,4,4.0
me.diamondforge.tokn_19.apk,ares,3,300,8,4,4,4,4.0
me.diamondforge.tokn_19.apk,fastbot,1,60,4,4,4,4,4.0
me.diamondforge.tokn_19.apk,fastbot,1,180,4,4,4,4,4.0
me.diamondforge.tokn_19.apk,fastbot,1,300,4,4,4,4,4.0
me.diamondforge.tokn_19.apk,fastbot,2,60,4,4,4,4,4.0
me.diamondforge.tokn_19.apk,fastbot,2,180,7,4,4,4,4.0
me.diamondforge.tokn_19.apk,fastbot,2,300,4,4,4,4,4.0
me.diamondforge.tokn_19.apk,fastbot,3,60,4,4,4,4,4.0
me.diamondforge.tokn_19.apk,fastbot,3,180,4,4,4,4,4.0
me.diamondforge.tokn_19.apk,fastbot,3,300,4,4,4,4,4.0
me.diamondforge.tokn_19.apk,qtesting,1,60,13,4,4,4,4.0
me.diamondforge.tokn_19.apk,qtesting,1,180,52,4,4,4,4.0
me.diamondforge.tokn_19.apk,qtesting,1,300,94,4,4,4,4.0
me.diamondforge.tokn_19.apk,qtesting,2,60,16,4,4,4,4.0
me.diamondforge.tokn_19.apk,qtesting,2,180,52,4,4,4,4.0
me.diamondforge.tokn_19.apk,qtesting,2,300,91,4,4,4,4.0
me.diamondforge.tokn_19.apk,qtesting,3,60,13,4,4,4,4.0
me.diamondforge.tokn_19.apk,qtesting,3,180,52,4,4,4,4.0
me.diamondforge.tokn_19.apk,qtesting,3,300,97,4,4,4,4.0
net.osmtracker_73.apk,monkey,1,60,0,0,0,0,0
net.osmtracker_73.apk,monkey,1,180,0,0,0,0,0
net.osmtracker_73.apk,monkey,1,300,0,0,0,0,0
net.osmtracker_73.apk,monkey,2,60,0,0,0,0,0
net.osmtracker_73.apk,monkey,2,180,0,0,0,0,0
net.osmtracker_73.apk,monkey,2,300,0,0,0,0,0
net.osmtracker_73.apk,monkey,3,60,0,0,0,0,0
net.osmtracker_73.apk,monkey,3,180,0,0,0,0,0
net.osmtracker_73.apk,monkey,3,300,0,0,0,0,0
net.osmtracker_73.apk,droidbot:dfs_greedy,1,60,0,0,0,0,0
net.osmtracker_73.apk,droidbot:dfs_greedy,1,180,0,0,0,0,0
net.osmtracker_73.apk,droidbot:dfs_greedy,1,300,0,0,0,0,0
net.osmtracker_73.apk,droidbot:dfs_greedy,2,60,0,0,0,0,0
net.osmtracker_73.apk,droidbot:dfs_greedy,2,180,0,0,0,0,0
net.osmtracker_73.apk,droidbot:dfs_greedy,2,300,0,0,0,0,0
net.osmtracker_73.apk,droidbot:dfs_greedy,3,60,0,0,0,0,0
net.osmtracker_73.apk,droidbot:dfs_greedy,3,180,0,0,0,0,0
net.osmtracker_73.apk,droidbot:dfs_greedy,3,300,0,0,0,0,0
net.osmtracker_73.apk,droidbot:bfs_greedy,1,60,0,0,0,0,0
net.osmtracker_73.apk,droidbot:bfs_greedy,1,180,0,0,0,0,0
net.osmtracker_73.apk,droidbot:bfs_greedy,1,300,0,0,0,0,0
net.osmtracker_73.apk,droidbot:bfs_greedy,2,60,0,0,0,0,0
net.osmtracker_73.apk,droidbot:bfs_greedy,2,180,0,0,0,0,0
net.osmtracker_73.apk,droidbot:bfs_greedy,2,300,0,0,0,0,0
net.osmtracker_73.apk,droidbot:bfs_greedy,3,60,0,0,0,0,0
net.osmtracker_73.apk,droidbot:bfs_greedy,3,180,0,0,0,0,0
net.osmtracker_73.apk,droidbot:bfs_greedy,3,300,0,0,0,0,0
net.osmtracker_73.apk,droidbot:dfs_naive,1,60,0,0,0,0,0
net.osmtracker_73.apk,droidbot:dfs_naive,1,180,0,0,0,0,0
net.osmtracker_73.apk,droidbot:dfs_naive,1,300,0,0,0,0,0
net.osmtracker_73.apk,droidbot:dfs_naive,2,60,0,0,0,0,0
net.osmtracker_73.apk,droidbot:dfs_naive,2,180,0,0,0,0,0
net.osmtracker_73.apk,droidbot:dfs_naive,2,300,0,0,0,0,0
net.osmtracker_73.apk,droidbot:dfs_naive,3,60,0,0,0,0,0
net.osmtracker_73.apk,droidbot:dfs_naive,3,180,0,0,0,0,0
net.osmtracker_73.apk,droidbot:dfs_naive,3,300,0,0,0,0,0
net.osmtracker_73.apk,droidbot:bfs_naive,1,60,0,0,0,0,0
net.osmtracker_73.apk,droidbot:bfs_naive,1,180,0,0,0,0,0
net.osmtracker_73.apk,droidbot:bfs_naive,1,300,0,0,0,0,0
net.osmtracker_73.apk,droidbot:bfs_naive,2,60,0,0,0,0,0
net.osmtracker_73.apk,droidbot:bfs_naive,2,180,0,0,0,0,0
net.osmtracker_73.apk,droidbot:bfs_naive,2,300,0,0,0,0,0
net.osmtracker_73.apk,droidbot:bfs_naive,3,60,0,0,0,0,0
net.osmtracker_73.apk,droidbot:bfs_naive,3,180,0,0,0,0,0
net.osmtracker_73.apk,droidbot:bfs_naive,3,300,0,0,0,0,0
net.osmtracker_73.apk,ape,1,60,0,0,0,0,0
net.osmtracker_73.apk,ape,1,180,0,0,0,0,0
net.osmtracker_73.apk,ape,1,300,0,0,0,0,0
net.osmtracker_73.apk,ape,2,60,0,0,0,0,0
net.osmtracker_73.apk,ape,2,180,6,1,3,3,3.0
net.osmtracker_73.apk,ape,2,300,3,1,3,3,3.0
net.osmtracker_73.apk,ape,3,60,0,0,0,0,0
net.osmtracker_73.apk,ape,3,180,0,0,0,0,0
net.osmtracker_73.apk,ape,3,300,0,0,0,0,0
net.osmtracker_73.apk,droidmate,1,60,0,0,0,0,0
net.osmtracker_73.apk,droidmate,1,300,0,0,0,0,0
net.osmtracker_73.apk,droidmate,2,60,0,0,0,0,0
net.osmtracker_73.apk,droidmate,2,180,0,0,0,0,0
net.osmtracker_73.apk,droidmate,2,300,0,0,0,0,0
net.osmtracker_73.apk,droidmate,3,60,0,0,0,0,0
net.osmtracker_73.apk,droidmate,3,180,0,0,0,0,0
net.osmtracker_73.apk,droidmate,3,300,0,0,0,0,0
net.osmtracker_73.apk,humanoid,1,60,0,0,0,0,0
net.osmtracker_73.apk,humanoid,1,180,0,0,0,0,0
net.osmtracker_73.apk,humanoid,1,300,0,0,0,0,0
net.osmtracker_73.apk,humanoid,2,60,0,0,0,0,0
net.osmtracker_73.apk,humanoid,2,180,0,0,0,0,0
net.osmtracker_73.apk,humanoid,2,300,0,0,0,0,0
net.osmtracker_73.apk,humanoid,3,60,0,0,0,0,0
net.osmtracker_73.apk,humanoid,3,180,0,0,0,0,0
net.osmtracker_73.apk,humanoid,3,300,0,0,0,0,0
net.osmtracker_73.apk,ares,1,60,0,0,0,0,0
net.osmtracker_73.apk,ares,1,180,0,0,0,0,0
net.osmtracker_73.apk,ares,1,300,0,0,0,0,0
net.osmtracker_73.apk,ares,2,60,0,0,0,0,0
net.osmtracker_73.apk,ares,2,180,0,0,0,0,0
net.osmtracker_73.apk,ares,2,300,0,0,0,0,0
net.osmtracker_73.apk,ares,3,60,0,0,0,0,0
net.osmtracker_73.apk,ares,3,180,0,0,0,0,0
net.osmtracker_73.apk,fastbot,1,60,0,0,0,0,0
net.osmtracker_73.apk,fastbot,1,180,0,0,0,0,0
net.osmtracker_73.apk,fastbot,1,300,0,0,0,0,0
net.osmtracker_73.apk,fastbot,2,60,0,0,0,0,0
net.osmtracker_73.apk,fastbot,2,180,0,0,0,0,0
net.osmtracker_73.apk,fastbot,2,300,0,0,0,0,0
net.osmtracker_73.apk,fastbot,3,60,0,0,0,0,0
net.osmtracker_73.apk,fastbot,3,180,0,0,0,0,0
net.osmtracker_73.apk,fastbot,3,300,0,0,0,0,0
net.osmtracker_73.apk,qtesting,1,60,0,0,0,0,0
net.osmtracker_73.apk,qtesting,1,180,0,0,0,0,0
net.osmtracker_73.apk,qtesting,1,300,0,0,0,0,0
net.osmtracker_73.apk,qtesting,2,60,0,0,0,0,0
net.osmtracker_73.apk,qtesting,2,180,0,0,0,0,0
net.osmtracker_73.apk,qtesting,2,300,0,0,0,0,0
net.osmtracker_73.apk,qtesting,3,60,0,0,0,0,0
net.osmtracker_73.apk,qtesting,3,180,0,0,0,0,0
net.osmtracker_73.apk,qtesting,3,300,0,0,0,0,0
org.fossify.messages_20.apk,monkey,1,60,0,0,0,0,0
org.fossify.messages_20.apk,monkey,1,180,0,0,0,0,0
org.fossify.messages_20.apk,monkey,1,300,0,0,0,0,0
org.fossify.messages_20.apk,monkey,2,60,0,0,0,0,0
org.fossify.messages_20.apk,monkey,2,180,0,0,0,0,0
org.fossify.messages_20.apk,monkey,2,300,0,0,0,0,0
org.fossify.messages_20.apk,monkey,3,60,0,0,0,0,0
org.fossify.messages_20.apk,monkey,3,180,0,0,0,0,0
org.fossify.messages_20.apk,monkey,3,300,0,0,0,0,0
org.fossify.messages_20.apk,droidbot:dfs_greedy,1,60,0,0,0,0,0
org.fossify.messages_20.apk,droidbot:dfs_greedy,1,180,0,0,0,0,0
org.fossify.messages_20.apk,droidbot:dfs_greedy,1,300,0,0,0,0,0
org.fossify.messages_20.apk,droidbot:dfs_greedy,2,60,0,0,0,0,0
org.fossify.messages_20.apk,droidbot:dfs_greedy,2,180,0,0,0,0,0
org.fossify.messages_20.apk,droidbot:dfs_greedy,2,300,0,0,0,0,0
org.fossify.messages_20.apk,droidbot:dfs_greedy,3,60,0,0,0,0,0
org.fossify.messages_20.apk,droidbot:dfs_greedy,3,180,0,0,0,0,0
org.fossify.messages_20.apk,droidbot:dfs_greedy,3,300,0,0,0,0,0
org.fossify.messages_20.apk,droidbot:bfs_greedy,1,60,0,0,0,0,0
org.fossify.messages_20.apk,droidbot:bfs_greedy,1,180,0,0,0,0,0
org.fossify.messages_20.apk,droidbot:bfs_greedy,1,300,0,0,0,0,0
org.fossify.messages_20.apk,droidbot:bfs_greedy,2,180,0,0,0,0,0
org.fossify.messages_20.apk,droidbot:bfs_greedy,2,300,0,0,0,0,0
org.fossify.messages_20.apk,droidbot:bfs_greedy,3,60,0,0,0,0,0
org.fossify.messages_20.apk,droidbot:bfs_greedy,3,180,0,0,0,0,0
org.fossify.messages_20.apk,droidbot:bfs_greedy,3,300,0,0,0,0,0
org.fossify.messages_20.apk,droidbot:dfs_naive,1,60,0,0,0,0,0
org.fossify.messages_20.apk,droidbot:dfs_naive,1,180,0,0,0,0,0
org.fossify.messages_20.apk,droidbot:dfs_naive,1,300,0,0,0,0,0
org.fossify.messages_20.apk,droidbot:dfs_naive,2,60,0,0,0,0,0
org.fossify.messages_20.apk,droidbot:dfs_naive,2,180,0,0,0,0,0
org.fossify.messages_20.apk,droidbot:dfs_naive,2,300,0,0,0,0,0
org.fossify.messages_20.apk,droidbot:dfs_naive,3,60,0,0,0,0,0
org.fossify.messages_20.apk,droidbot:dfs_naive,3,180,0,0,0,0,0
org.fossify.messages_20.apk,droidbot:dfs_naive,3,300,0,0,0,0,0
org.fossify.messages_20.apk,droidbot:bfs_naive,1,60,0,0,0,0,0
org.fossify.messages_20.apk,droidbot:bfs_naive,1,180,0,0,0,0,0
org.fossify.messages_20.apk,droidbot:bfs_naive,1,300,0,0,0,0,0
org.fossify.messages_20.apk,droidbot:bfs_naive,2,60,0,0,0,0,0
org.fossify.messages_20.apk,droidbot:bfs_naive,2,180,0,0,0,0,0
org.fossify.messages_20.apk,droidbot:bfs_naive,2,300,0,0,0,0,0
org.fossify.messages_20.apk,droidbot:bfs_naive,3,60,0,0,0,0,0
org.fossify.messages_20.apk,droidbot:bfs_naive,3,180,0,0,0,0,0
org.fossify.messages_20.apk,droidbot:bfs_naive,3,300,0,0,0,0,0
org.fossify.messages_20.apk,ape,1,60,0,0,0,0,0
org.fossify.messages_20.apk,ape,1,180,0,0,0,0,0
org.fossify.messages_20.apk,ape,1,300,0,0,0,0,0
org.fossify.messages_20.apk,ape,2,60,0,0,0,0,0
org.fossify.messages_20.apk,ape,2,180,0,0,0,0,0
org.fossify.messages_20.apk,ape,2,300,0,0,0,0,0
org.fossify.messages_20.apk,ape,3,60,0,0,0,0,0
org.fossify.messages_20.apk,ape,3,180,0,0,0,0,0
org.fossify.messages_20.apk,ape,3,300,0,0,0,0,0
org.fossify.messages_20.apk,droidmate,1,60,0,0,0,0,0
org.fossify.messages_20.apk,droidmate,1,180,0,0,0,0,0
org.fossify.messages_20.apk,droidmate,1,300,0,0,0,0,0
org.fossify.messages_20.apk,droidmate,2,60,0,0,0,0,0
org.fossify.messages_20.apk,droidmate,2,180,0,0,0,0,0
org.fossify.messages_20.apk,droidmate,2,300,0,0,0,0,0
org.fossify.messages_20.apk,droidmate,3,60,0,0,0,0,0
org.fossify.messages_20.apk,droidmate,3,180,0,0,0,0,0
org.fossify.messages_20.apk,droidmate,3,300,0,0,0,0,0
org.fossify.messages_20.apk,humanoid,1,60,0,0,0,0,0
dev.itsvic.parceltracker_10501000.apk,ape,2,180,7,2,7,7,7.0
fr.corenting.traficparis_34.apk,monkey,3,300,7,2,7,7,7.0
fr.corenting.traficparis_34.apk,droidmate,3,300,21,2,7,7,7.0
net.osmtracker_73.apk,droidmate,1,180,0,0,0,0,0
net.osmtracker_73.apk,ares,3,300,0,0,0,0,0
org.fossify.messages_20.apk,droidbot:bfs_greedy,2,60,0,0,0,0,0
org.fossify.messages_20.apk,humanoid,1,180,0,0,0,0,0
org.fossify.messages_20.apk,humanoid,1,300,0,0,0,0,0
org.fossify.messages_20.apk,humanoid,2,60,0,0,0,0,0
org.fossify.messages_20.apk,humanoid,2,180,0,0,0,0,0
org.fossify.messages_20.apk,humanoid,2,300,0,0,0,0,0
org.fossify.messages_20.apk,humanoid,3,60,0,0,0,0,0
org.fossify.messages_20.apk,humanoid,3,180,0,0,0,0,0
org.fossify.messages_20.apk,humanoid,3,300,0,0,0,0,0
org.fossify.messages_20.apk,ares,1,60,0,0,0,0,0
org.fossify.messages_20.apk,ares,1,180,0,0,0,0,0
org.fossify.messages_20.apk,ares,1,300,0,0,0,0,0
org.fossify.messages_20.apk,ares,2,60,0,0,0,0,0
org.fossify.messages_20.apk,ares,2,180,0,0,0,0,0
org.fossify.messages_20.apk,ares,2,300,0,0,0,0,0
org.fossify.messages_20.apk,ares,3,60,0,0,0,0,0
org.fossify.messages_20.apk,ares,3,180,0,0,0,0,0
org.fossify.messages_20.apk,ares,3,300,0,0,0,0,0
org.fossify.messages_20.apk,fastbot,1,60,0,0,0,0,0
org.fossify.messages_20.apk,fastbot,1,180,0,0,0,0,0
org.fossify.messages_20.apk,fastbot,1,300,0,0,0,0,0
org.fossify.messages_20.apk,fastbot,2,60,0,0,0,0,0
org.fossify.messages_20.apk,fastbot,2,180,0,0,0,0,0
org.fossify.messages_20.apk,fastbot,2,300,0,0,0,0,0
org.fossify.messages_20.apk,fastbot,3,60,0,0,0,0,0
org.fossify.messages_20.apk,fastbot,3,180,0,0,0,0,0
org.fossify.messages_20.apk,fastbot,3,300,0,0,0,0,0
org.fossify.messages_20.apk,qtesting,1,60,0,0,0,0,0
org.fossify.messages_20.apk,qtesting,1,180,0,0,0,0,0
org.fossify.messages_20.apk,qtesting,1,300,0,0,0,0,0
org.fossify.messages_20.apk,qtesting,2,60,0,0,0,0,0
org.fossify.messages_20.apk,qtesting,2,180,0,0,0,0,0
org.fossify.messages_20.apk,qtesting,2,300,0,0,0,0,0
org.fossify.messages_20.apk,qtesting,3,60,0,0,0,0,0
org.fossify.messages_20.apk,qtesting,3,180,0,0,0,0,0
org.fossify.messages_20.apk,qtesting,3,300,0,0,0,0,0
org.musicbrainz.picard.barcodescanner_38.apk,monkey,1,60,7,2,7,7,7.0
org.musicbrainz.picard.barcodescanner_38.apk,monkey,1,180,14,2,7,7,7.0
org.musicbrainz.picard.barcodescanner_38.apk,monkey,1,300,7,2,7,7,7.0
org.musicbrainz.picard.barcodescanner_38.apk,monkey,2,60,7,2,7,7,7.0
org.musicbrainz.picard.barcodescanner_38.apk,monkey,2,180,7,2,7,7,7.0
org.musicbrainz.picard.barcodescanner_38.apk,monkey,2,300,7,2,7,7,7.0
org.musicbrainz.picard.barcodescanner_38.apk,monkey,3,60,7,2,7,7,7.0
org.musicbrainz.picard.barcodescanner_38.apk,monkey,3,180,7,2,7,7,7.0
org.musicbrainz.picard.barcodescanner_38.apk,monkey,3,300,7,2,7,7,7.0
org.musicbrainz.picard.barcodescanner_38.apk,droidbot:dfs_greedy,1,60,0,0,0,0,0
org.musicbrainz.picard.barcodescanner_38.apk,droidbot:dfs_greedy,1,180,7,2,7,7,7.0
org.musicbrainz.picard.barcodescanner_38.apk,droidbot:dfs_greedy,1,300,7,2,7,7,7.0
org.musicbrainz.picard.barcodescanner_38.apk,droidbot:dfs_greedy,2,60,0,0,0,0,0
org.musicbrainz.picard.barcodescanner_38.apk,droidbot:dfs_greedy,2,180,7,2,7,7,7.0
org.musicbrainz.picard.barcodescanner_38.apk,droidbot:dfs_greedy,2,300,7,2,7,7,7.0
org.musicbrainz.picard.barcodescanner_38.apk,droidbot:dfs_greedy,3,60,0,0,0,0,0
org.musicbrainz.picard.barcodescanner_38.apk,droidbot:dfs_greedy,3,180,7,2,7,7,7.0
org.musicbrainz.picard.barcodescanner_38.apk,droidbot:dfs_greedy,3,300,7,2,7,7,7.0
org.musicbrainz.picard.barcodescanner_38.apk,droidbot:bfs_greedy,1,60,0,0,0,0,0
org.musicbrainz.picard.barcodescanner_38.apk,droidbot:bfs_greedy,1,180,7,2,7,7,7.0
org.musicbrainz.picard.barcodescanner_38.apk,droidbot:bfs_greedy,1,300,7,2,7,7,7.0
org.musicbrainz.picard.barcodescanner_38.apk,droidbot:bfs_greedy,2,60,0,0,0,0,0
org.musicbrainz.picard.barcodescanner_38.apk,droidbot:bfs_greedy,2,180,7,2,7,7,7.0
org.musicbrainz.picard.barcodescanner_38.apk,droidbot:bfs_greedy,2,300,7,2,7,7,7.0
org.musicbrainz.picard.barcodescanner_38.apk,droidbot:bfs_greedy,3,60,0,0,0,0,0
org.musicbrainz.picard.barcodescanner_38.apk,droidbot:bfs_greedy,3,180,7,2,7,7,7.0
org.musicbrainz.picard.barcodescanner_38.apk,droidbot:bfs_greedy,3,300,7,2,7,7,7.0
org.musicbrainz.picard.barcodescanner_38.apk,droidbot:dfs_naive,1,60,0,0,0,0,0
org.musicbrainz.picard.barcodescanner_38.apk,droidbot:dfs_naive,1,180,0,0,0,0,0
org.musicbrainz.picard.barcodescanner_38.apk,droidbot:dfs_naive,1,300,0,0,0,0,0
org.musicbrainz.picard.barcodescanner_38.apk,droidbot:dfs_naive,2,60,0,0,0,0,0
org.musicbrainz.picard.barcodescanner_38.apk,droidbot:dfs_naive,2,180,0,0,0,0,0
org.musicbrainz.picard.barcodescanner_38.apk,droidbot:dfs_naive,2,300,0,0,0,0,0
org.musicbrainz.picard.barcodescanner_38.apk,droidbot:dfs_naive,3,60,0,0,0,0,0
org.musicbrainz.picard.barcodescanner_38.apk,droidbot:dfs_naive,3,180,0,0,0,0,0
org.musicbrainz.picard.barcodescanner_38.apk,droidbot:dfs_naive,3,300,0,0,0,0,0
org.musicbrainz.picard.barcodescanner_38.apk,droidbot:bfs_naive,1,60,0,0,0,0,0
org.musicbrainz.picard.barcodescanner_38.apk,droidbot:bfs_naive,1,180,0,0,0,0,0
org.musicbrainz.picard.barcodescanner_38.apk,droidbot:bfs_naive,2,60,0,0,0,0,0
org.musicbrainz.picard.barcodescanner_38.apk,droidbot:bfs_naive,2,180,0,0,0,0,0
org.musicbrainz.picard.barcodescanner_38.apk,droidbot:bfs_naive,2,300,0,0,0,0,0
org.musicbrainz.picard.barcodescanner_38.apk,droidbot:bfs_naive,3,60,0,0,0,0,0
org.musicbrainz.picard.barcodescanner_38.apk,droidbot:bfs_naive,3,180,0,0,0,0,0
org.musicbrainz.picard.barcodescanner_38.apk,droidbot:bfs_naive,3,300,0,0,0,0,0
org.musicbrainz.picard.barcodescanner_38.apk,ape,1,60,0,0,0,0,0
org.musicbrainz.picard.barcodescanner_38.apk,ape,1,180,7,2,7,7,7.0
org.musicbrainz.picard.barcodescanner_38.apk,ape,1,300,14,2,7,7,7.0
org.musicbrainz.picard.barcodescanner_38.apk,ape,2,60,7,2,7,7,7.0
org.musicbrainz.picard.barcodescanner_38.apk,ape,2,180,7,2,7,7,7.0
org.musicbrainz.picard.barcodescanner_38.apk,ape,2,300,7,2,7,7,7.0
org.musicbrainz.picard.barcodescanner_38.apk,ape,3,60,7,2,7,7,7.0
org.musicbrainz.picard.barcodescanner_38.apk,ape,3,180,7,2,7,7,7.0
org.musicbrainz.picard.barcodescanner_38.apk,ape,3,300,7,2,7,7,7.0
org.musicbrainz.picard.barcodescanner_38.apk,droidmate,1,60,7,2,7,7,7.0
org.musicbrainz.picard.barcodescanner_38.apk,droidmate,1,180,14,2,7,7,7.0
org.musicbrainz.picard.barcodescanner_38.apk,droidmate,1,300,14,2,7,7,7.0
org.musicbrainz.picard.barcodescanner_38.apk,droidmate,2,180,14,2,7,7,7.0
org.musicbrainz.picard.barcodescanner_38.apk,droidmate,2,300,14,2,7,7,7.0
org.musicbrainz.picard.barcodescanner_38.apk,droidmate,3,60,7,2,7,7,7.0
org.musicbrainz.picard.barcodescanner_38.apk,droidmate,3,180,7,2,7,7,7.0
org.musicbrainz.picard.barcodescanner_38.apk,droidmate,3,300,14,2,7,7,7.0
org.musicbrainz.picard.barcodescanner_38.apk,humanoid,1,60,0,0,0,0,0
org.musicbrainz.picard.barcodescanner_38.apk,humanoid,1,180,7,2,7,7,7.0
org.musicbrainz.picard.barcodescanner_38.apk,humanoid,1,300,0,0,0,0,0
org.musicbrainz.picard.barcodescanner_38.apk,humanoid,2,60,7,2,7,7,7.0
org.musicbrainz.picard.barcodescanner_38.apk,humanoid,2,180,7,2,7,7,7.0
org.musicbrainz.picard.barcodescanner_38.apk,humanoid,2,300,7,2,7,7,7.0
org.musicbrainz.picard.barcodescanner_38.apk,humanoid,3,60,7,2,7,7,7.0
org.musicbrainz.picard.barcodescanner_38.apk,humanoid,3,180,7,2,7,7,7.0
org.musicbrainz.picard.barcodescanner_38.apk,humanoid,3,300,7,2,7,7,7.0
org.musicbrainz.picard.barcodescanner_38.apk,ares,1,60,0,0,0,0,0
org.musicbrainz.picard.barcodescanner_38.apk,ares,1,180,7,2,7,7,7.0
org.musicbrainz.picard.barcodescanner_38.apk,ares,1,300,7,2,7,7,7.0
org.musicbrainz.picard.barcodescanner_38.apk,ares,2,60,0,0,0,0,0
org.musicbrainz.picard.barcodescanner_38.apk,ares,2,180,7,2,7,7,7.0
org.musicbrainz.picard.barcodescanner_38.apk,ares,2,300,7,2,7,7,7.0
org.musicbrainz.picard.barcodescanner_38.apk,ares,3,60,7,2,7,7,7.0
org.musicbrainz.picard.barcodescanner_38.apk,ares,3,180,7,2,7,7,7.0
org.musicbrainz.picard.barcodescanner_38.apk,ares,3,300,7,2,7,7,7.0
org.musicbrainz.picard.barcodescanner_38.apk,fastbot,1,60,0,0,0,0,0
org.musicbrainz.picard.barcodescanner_38.apk,fastbot,1,180,0,0,0,0,0
org.musicbrainz.picard.barcodescanner_38.apk,fastbot,1,300,7,2,7,7,7.0
org.musicbrainz.picard.barcodescanner_38.apk,fastbot,2,60,0,0,0,0,0
org.musicbrainz.picard.barcodescanner_38.apk,fastbot,2,180,0,0,0,0,0
org.musicbrainz.picard.barcodescanner_38.apk,fastbot,2,300,0,0,0,0,0
org.musicbrainz.picard.barcodescanner_38.apk,fastbot,3,60,0,0,0,0,0
org.musicbrainz.picard.barcodescanner_38.apk,fastbot,3,180,7,2,7,7,7.0
org.musicbrainz.picard.barcodescanner_38.apk,fastbot,3,300,7,2,7,7,7.0
org.musicbrainz.picard.barcodescanner_38.apk,qtesting,1,60,0,0,0,0,0
org.musicbrainz.picard.barcodescanner_38.apk,qtesting,1,180,0,0,0,0,0
org.musicbrainz.picard.barcodescanner_38.apk,qtesting,1,300,0,0,0,0,0
org.musicbrainz.picard.barcodescanner_38.apk,qtesting,2,60,0,0,0,0,0
org.musicbrainz.picard.barcodescanner_38.apk,qtesting,2,180,0,0,0,0,0
org.musicbrainz.picard.barcodescanner_38.apk,qtesting,2,300,0,0,0,0,0
org.musicbrainz.picard.barcodescanner_38.apk,qtesting,3,60,0,0,0,0,0
org.musicbrainz.picard.barcodescanner_38.apk,qtesting,3,180,0,0,0,0,0
org.musicbrainz.picard.barcodescanner_38.apk,qtesting,3,300,0,0,0,0,0
rocks.poopjournal.metadataremover_20020.apk,monkey,1,60,1,1,1,1,1.0
rocks.poopjournal.metadataremover_20020.apk,monkey,1,180,4,1,1,1,1.0
rocks.poopjournal.metadataremover_20020.apk,monkey,1,300,6,1,1,1,1.0
rocks.poopjournal.metadataremover_20020.apk,monkey,2,60,1,1,1,1,1.0
rocks.poopjournal.metadataremover_20020.apk,monkey,2,180,3,1,1,1,1.0
rocks.poopjournal.metadataremover_20020.apk,monkey,2,300,19,2,4,4,4.0
rocks.poopjournal.metadataremover_20020.apk,monkey,3,60,1,1,1,1,1.0
rocks.poopjournal.metadataremover_20020.apk,monkey,3,180,3,1,1,1,1.0
rocks.poopjournal.metadataremover_20020.apk,monkey,3,300,6,1,1,1,1.0
rocks.poopjournal.metadataremover_20020.apk,droidbot:dfs_greedy,1,60,1,1,1,1,1.0
rocks.poopjournal.metadataremover_20020.apk,droidbot:dfs_greedy,1,180,1,1,1,1,1.0
rocks.poopjournal.metadataremover_20020.apk,droidbot:dfs_greedy,1,300,1,1,1,1,1.0
rocks.poopjournal.metadataremover_20020.apk,droidbot:dfs_greedy,2,60,1,1,1,1,1.0
rocks.poopjournal.metadataremover_20020.apk,droidbot:dfs_greedy,2,180,1,1,1,1,1.0
rocks.poopjournal.metadataremover_20020.apk,droidbot:dfs_greedy,2,300,1,1,1,1,1.0
rocks.poopjournal.metadataremover_20020.apk,droidbot:dfs_greedy,3,60,1,1,1,1,1.0
rocks.poopjournal.metadataremover_20020.apk,droidbot:dfs_greedy,3,180,1,1,1,1,1.0
rocks.poopjournal.metadataremover_20020.apk,droidbot:dfs_greedy,3,300,1,1,1,1,1.0
rocks.poopjournal.metadataremover_20020.apk,droidbot:bfs_greedy,1,60,1,1,1,1,1.0
rocks.poopjournal.metadataremover_20020.apk,droidbot:bfs_greedy,1,180,1,1,1,1,1.0
rocks.poopjournal.metadataremover_20020.apk,droidbot:bfs_greedy,1,300,1,1,1,1,1.0
rocks.poopjournal.metadataremover_20020.apk,droidbot:bfs_greedy,2,60,1,1,1,1,1.0
rocks.poopjournal.metadataremover_20020.apk,droidbot:bfs_greedy,2,180,1,1,1,1,1.0
rocks.poopjournal.metadataremover_20020.apk,droidbot:bfs_greedy,2,300,1,1,1,1,1.0
rocks.poopjournal.metadataremover_20020.apk,droidbot:bfs_greedy,3,60,1,1,1,1,1.0
rocks.poopjournal.metadataremover_20020.apk,droidbot:bfs_greedy,3,180,1,1,1,1,1.0
rocks.poopjournal.metadataremover_20020.apk,droidbot:bfs_greedy,3,300,1,1,1,1,1.0
rocks.poopjournal.metadataremover_20020.apk,droidbot:dfs_naive,1,60,1,1,1,1,1.0
rocks.poopjournal.metadataremover_20020.apk,droidbot:dfs_naive,1,180,1,1,1,1,1.0
rocks.poopjournal.metadataremover_20020.apk,droidbot:dfs_naive,1,300,1,1,1,1,1.0
rocks.poopjournal.metadataremover_20020.apk,droidbot:dfs_naive,2,60,1,1,1,1,1.0
rocks.poopjournal.metadataremover_20020.apk,droidbot:dfs_naive,2,180,1,1,1,1,1.0
rocks.poopjournal.metadataremover_20020.apk,droidbot:dfs_naive,2,300,1,1,1,1,1.0
rocks.poopjournal.metadataremover_20020.apk,droidbot:dfs_naive,3,60,1,1,1,1,1.0
rocks.poopjournal.metadataremover_20020.apk,droidbot:dfs_naive,3,180,1,1,1,1,1.0
rocks.poopjournal.metadataremover_20020.apk,droidbot:dfs_naive,3,300,1,1,1,1,1.0
rocks.poopjournal.metadataremover_20020.apk,droidbot:bfs_naive,1,60,1,1,1,1,1.0
rocks.poopjournal.metadataremover_20020.apk,droidbot:bfs_naive,1,180,1,1,1,1,1.0
rocks.poopjournal.metadataremover_20020.apk,droidbot:bfs_naive,1,300,1,1,1,1,1.0
rocks.poopjournal.metadataremover_20020.apk,droidbot:bfs_naive,2,60,1,1,1,1,1.0
rocks.poopjournal.metadataremover_20020.apk,droidbot:bfs_naive,2,180,1,1,1,1,1.0
rocks.poopjournal.metadataremover_20020.apk,droidbot:bfs_naive,2,300,1,1,1,1,1.0
rocks.poopjournal.metadataremover_20020.apk,droidbot:bfs_naive,3,60,1,1,1,1,1.0
rocks.poopjournal.metadataremover_20020.apk,droidbot:bfs_naive,3,180,1,1,1,1,1.0
rocks.poopjournal.metadataremover_20020.apk,droidbot:bfs_naive,3,300,1,1,1,1,1.0
rocks.poopjournal.metadataremover_20020.apk,ape,1,60,3,1,1,1,1.0
rocks.poopjournal.metadataremover_20020.apk,ape,1,180,6,1,1,1,1.0
rocks.poopjournal.metadataremover_20020.apk,ape,1,300,7,2,4,4,4.0
rocks.poopjournal.metadataremover_20020.apk,ape,2,60,2,1,1,1,1.0
rocks.poopjournal.metadataremover_20020.apk,ape,2,180,6,1,1,1,1.0
rocks.poopjournal.metadataremover_20020.apk,ape,2,300,3,1,1,1,1.0
rocks.poopjournal.metadataremover_20020.apk,ape,3,60,5,1,1,1,1.0
rocks.poopjournal.metadataremover_20020.apk,ape,3,180,4,1,1,1,1.0
rocks.poopjournal.metadataremover_20020.apk,ape,3,300,2,1,1,1,1.0
rocks.poopjournal.metadataremover_20020.apk,droidmate,1,60,1,1,1,1,1.0
rocks.poopjournal.metadataremover_20020.apk,droidmate,1,180,1,1,1,1,1.0
rocks.poopjournal.metadataremover_20020.apk,droidmate,1,300,2,1,1,1,1.0
rocks.poopjournal.metadataremover_20020.apk,droidmate,2,60,1,1,1,1,1.0
rocks.poopjournal.metadataremover_20020.apk,droidmate,2,180,1,1,1,1,1.0
rocks.poopjournal.metadataremover_20020.apk,droidmate,2,300,2,1,1,1,1.0
rocks.poopjournal.metadataremover_20020.apk,droidmate,3,60,1,1,1,1,1.0
rocks.poopjournal.metadataremover_20020.apk,droidmate,3,180,1,1,1,1,1.0
rocks.poopjournal.metadataremover_20020.apk,droidmate,3,300,2,1,1,1,1.0
rocks.poopjournal.metadataremover_20020.apk,humanoid,1,60,1,1,1,1,1.0
rocks.poopjournal.metadataremover_20020.apk,humanoid,1,180,1,1,1,1,1.0
rocks.poopjournal.metadataremover_20020.apk,humanoid,1,300,1,1,1,1,1.0
rocks.poopjournal.metadataremover_20020.apk,humanoid,2,60,1,1,1,1,1.0
rocks.poopjournal.metadataremover_20020.apk,humanoid,2,180,1,1,1,1,1.0
rocks.poopjournal.metadataremover_20020.apk,humanoid,2,300,1,1,1,1,1.0
rocks.poopjournal.metadataremover_20020.apk,humanoid,3,60,1,1,1,1,1.0
rocks.poopjournal.metadataremover_20020.apk,humanoid,3,180,1,1,1,1,1.0
rocks.poopjournal.metadataremover_20020.apk,humanoid,3,300,1,1,1,1,1.0
rocks.poopjournal.metadataremover_20020.apk,ares,1,60,2,1,1,1,1.0
rocks.poopjournal.metadataremover_20020.apk,ares,1,180,2,1,1,1,1.0
rocks.poopjournal.metadataremover_20020.apk,ares,1,300,2,1,1,1,1.0
rocks.poopjournal.metadataremover_20020.apk,ares,2,60,2,1,1,1,1.0
rocks.poopjournal.metadataremover_20020.apk,ares,2,180,2,1,1,1,1.0
rocks.poopjournal.metadataremover_20020.apk,ares,2,300,2,1,1,1,1.0
rocks.poopjournal.metadataremover_20020.apk,ares,3,60,2,1,1,1,1.0
rocks.poopjournal.metadataremover_20020.apk,ares,3,180,2,1,1,1,1.0
rocks.poopjournal.metadataremover_20020.apk,ares,3,300,2,1,1,1,1.0
rocks.poopjournal.metadataremover_20020.apk,fastbot,1,60,1,1,1,1,1.0
rocks.poopjournal.metadataremover_20020.apk,fastbot,1,180,1,1,1,1,1.0
rocks.poopjournal.metadataremover_20020.apk,fastbot,1,300,1,1,1,1,1.0
rocks.poopjournal.metadataremover_20020.apk,fastbot,2,180,1,1,1,1,1.0
rocks.poopjournal.metadataremover_20020.apk,fastbot,2,300,1,1,1,1,1.0
rocks.poopjournal.metadataremover_20020.apk,fastbot,3,60,1,1,1,1,1.0
rocks.poopjournal.metadataremover_20020.apk,fastbot,3,180,1,1,1,1,1.0
rocks.poopjournal.metadataremover_20020.apk,fastbot,3,300,2,1,1,1,1.0
rocks.poopjournal.metadataremover_20020.apk,qtesting,1,60,4,1,1,1,1.0
rocks.poopjournal.metadataremover_20020.apk,qtesting,1,180,15,1,1,1,1.0
rocks.poopjournal.metadataremover_20020.apk,qtesting,1,300,20,1,1,1,1.0
rocks.poopjournal.metadataremover_20020.apk,qtesting,2,60,1,1,1,1,1.0
rocks.poopjournal.metadataremover_20020.apk,qtesting,2,180,14,1,1,1,1.0
rocks.poopjournal.metadataremover_20020.apk,qtesting,2,300,20,1,1,1,1.0
rocks.poopjournal.metadataremover_20020.apk,qtesting,3,60,4,1,1,1,1.0
rocks.poopjournal.metadataremover_20020.apk,qtesting,3,180,14,1,1,1,1.0
rocks.poopjournal.metadataremover_20020.apk,qtesting,3,300,20,1,1,1,1.0
org.musicbrainz.picard.barcodescanner_38.apk,droidbot:bfs_naive,1,300,0,0,0,0,0
org.musicbrainz.picard.barcodescanner_38.apk,droidmate,2,60,7,2,7,7,7
rocks.poopjournal.metadataremover_20020.apk,fastbot,2,60,1,1,1,1,1
app.pwhs.universalinstaller_24.apk,monkey,1,60,0,0,0,0,0
app.pwhs.universalinstaller_24.apk,monkey,2,60,0,0,0,0,0
app.pwhs.universalinstaller_24.apk,monkey,2,180,0,0,0,0,0
app.pwhs.universalinstaller_24.apk,droidbot:dfs_greedy,1,60,0,0,0,0,0
app.pwhs.universalinstaller_24.apk,droidbot:dfs_greedy,1,180,0,0,0,0,0
app.pwhs.universalinstaller_24.apk,droidbot:dfs_greedy,1,300,0,0,0,0,0
app.pwhs.universalinstaller_24.apk,droidbot:dfs_greedy,2,60,0,0,0,0,0
app.pwhs.universalinstaller_24.apk,droidbot:dfs_greedy,2,180,0,0,0,0,0
app.pwhs.universalinstaller_24.apk,droidbot:dfs_greedy,2,300,0,0,0,0,0
app.pwhs.universalinstaller_24.apk,droidbot:dfs_greedy,3,60,0,0,0,0,0
app.pwhs.universalinstaller_24.apk,droidbot:dfs_greedy,3,180,0,0,0,0,0
app.pwhs.universalinstaller_24.apk,droidbot:dfs_greedy,3,300,0,0,0,0,0
app.pwhs.universalinstaller_24.apk,droidbot:bfs_greedy,1,60,0,0,0,0,0
app.pwhs.universalinstaller_24.apk,droidbot:bfs_greedy,1,180,0,0,0,0,0
app.pwhs.universalinstaller_24.apk,droidbot:bfs_greedy,1,300,0,0,0,0,0
app.pwhs.universalinstaller_24.apk,droidbot:bfs_greedy,2,60,0,0,0,0,0
app.pwhs.universalinstaller_24.apk,droidbot:bfs_greedy,2,180,0,0,0,0,0
app.pwhs.universalinstaller_24.apk,droidbot:bfs_greedy,2,300,0,0,0,0,0
app.pwhs.universalinstaller_24.apk,droidbot:bfs_greedy,3,60,0,0,0,0,0
app.pwhs.universalinstaller_24.apk,droidbot:bfs_greedy,3,180,0,0,0,0,0
app.pwhs.universalinstaller_24.apk,droidbot:bfs_greedy,3,300,0,0,0,0,0
app.pwhs.universalinstaller_24.apk,droidbot:dfs_naive,1,60,0,0,0,0,0
app.pwhs.universalinstaller_24.apk,droidbot:dfs_naive,1,180,0,0,0,0,0
app.pwhs.universalinstaller_24.apk,droidbot:dfs_naive,1,300,0,0,0,0,0
app.pwhs.universalinstaller_24.apk,droidbot:dfs_naive,2,60,0,0,0,0,0
app.pwhs.universalinstaller_24.apk,droidbot:dfs_naive,2,180,0,0,0,0,0
app.pwhs.universalinstaller_24.apk,droidbot:dfs_naive,2,300,0,0,0,0,0
app.pwhs.universalinstaller_24.apk,droidbot:dfs_naive,3,60,0,0,0,0,0
app.pwhs.universalinstaller_24.apk,droidbot:dfs_naive,3,180,0,0,0,0,0
app.pwhs.universalinstaller_24.apk,droidbot:dfs_naive,3,300,0,0,0,0,0
app.pwhs.universalinstaller_24.apk,droidbot:bfs_naive,1,60,0,0,0,0,0
app.pwhs.universalinstaller_24.apk,droidbot:bfs_naive,1,300,0,0,0,0,0
app.pwhs.universalinstaller_24.apk,droidbot:bfs_naive,2,60,0,0,0,0,0
app.pwhs.universalinstaller_24.apk,droidbot:bfs_naive,2,180,0,0,0,0,0
app.pwhs.universalinstaller_24.apk,droidbot:bfs_naive,2,300,0,0,0,0,0
app.pwhs.universalinstaller_24.apk,droidbot:bfs_naive,3,60,0,0,0,0,0
app.pwhs.universalinstaller_24.apk,droidbot:bfs_naive,3,180,0,0,0,0,0
app.pwhs.universalinstaller_24.apk,droidbot:bfs_naive,3,300,0,0,0,0,0
app.pwhs.universalinstaller_24.apk,ape,1,180,0,0,0,0,0
app.pwhs.universalinstaller_24.apk,ape,1,300,0,0,0,0,0
app.pwhs.universalinstaller_24.apk,ape,2,60,0,0,0,0,0
app.pwhs.universalinstaller_24.apk,ape,2,180,0,0,0,0,0
app.pwhs.universalinstaller_24.apk,ape,2,300,0,0,0,0,0
app.pwhs.universalinstaller_24.apk,ape,3,60,0,0,0,0,0
app.pwhs.universalinstaller_24.apk,ape,3,180,0,0,0,0,0
app.pwhs.universalinstaller_24.apk,ape,3,300,0,0,0,0,0
app.pwhs.universalinstaller_24.apk,droidmate,1,60,0,0,0,0,0
app.pwhs.universalinstaller_24.apk,droidmate,1,180,0,0,0,0,0
app.pwhs.universalinstaller_24.apk,droidmate,1,300,0,0,0,0,0
app.pwhs.universalinstaller_24.apk,droidmate,2,60,0,0,0,0,0
app.pwhs.universalinstaller_24.apk,droidmate,2,180,0,0,0,0,0
app.pwhs.universalinstaller_24.apk,droidmate,2,300,0,0,0,0,0
app.pwhs.universalinstaller_24.apk,droidmate,3,60,0,0,0,0,0
app.pwhs.universalinstaller_24.apk,droidmate,3,180,0,0,0,0,0
app.pwhs.universalinstaller_24.apk,droidmate,3,300,0,0,0,0,0
app.pwhs.universalinstaller_24.apk,humanoid,1,60,0,0,0,0,0
app.pwhs.universalinstaller_24.apk,humanoid,1,180,0,0,0,0,0
app.pwhs.universalinstaller_24.apk,humanoid,2,60,0,0,0,0,0
app.pwhs.universalinstaller_24.apk,humanoid,2,180,0,0,0,0,0
app.pwhs.universalinstaller_24.apk,humanoid,2,300,0,0,0,0,0
app.pwhs.universalinstaller_24.apk,humanoid,3,60,0,0,0,0,0
app.pwhs.universalinstaller_24.apk,humanoid,3,180,0,0,0,0,0
app.pwhs.universalinstaller_24.apk,humanoid,3,300,0,0,0,0,0
app.pwhs.universalinstaller_24.apk,ares,1,60,0,0,0,0,0
app.pwhs.universalinstaller_24.apk,ares,1,180,0,0,0,0,0
app.pwhs.universalinstaller_24.apk,ares,2,60,0,0,0,0,0
app.pwhs.universalinstaller_24.apk,ares,2,180,0,0,0,0,0
app.pwhs.universalinstaller_24.apk,ares,2,300,0,0,0,0,0
app.pwhs.universalinstaller_24.apk,ares,3,60,0,0,0,0,0
app.pwhs.universalinstaller_24.apk,ares,3,180,0,0,0,0,0
app.pwhs.universalinstaller_24.apk,ares,3,300,0,0,0,0,0
app.pwhs.universalinstaller_24.apk,fastbot,1,60,0,0,0,0,0
app.pwhs.universalinstaller_24.apk,fastbot,1,180,0,0,0,0,0
app.pwhs.universalinstaller_24.apk,fastbot,1,300,0,0,0,0,0
app.pwhs.universalinstaller_24.apk,fastbot,2,60,0,0,0,0,0
app.pwhs.universalinstaller_24.apk,fastbot,2,180,0,0,0,0,0
app.pwhs.universalinstaller_24.apk,fastbot,2,300,0,0,0,0,0
app.pwhs.universalinstaller_24.apk,fastbot,3,60,0,0,0,0,0
app.pwhs.universalinstaller_24.apk,fastbot,3,180,0,0,0,0,0
app.pwhs.universalinstaller_24.apk,qtesting,1,60,0,0,0,0,0
app.pwhs.universalinstaller_24.apk,qtesting,1,180,0,0,0,0,0
app.pwhs.universalinstaller_24.apk,qtesting,1,300,0,0,0,0,0
app.pwhs.universalinstaller_24.apk,qtesting,2,60,0,0,0,0,0
app.pwhs.universalinstaller_24.apk,qtesting,2,180,0,0,0,0,0
app.pwhs.universalinstaller_24.apk,qtesting,2,300,0,0,0,0,0
app.pwhs.universalinstaller_24.apk,qtesting,3,60,0,0,0,0,0
app.pwhs.universalinstaller_24.apk,qtesting,3,180,0,0,0,0,0
app.pwhs.universalinstaller_24.apk,qtesting,3,300,0,0,0,0,0
com.afkanerd.deku_83.apk,monkey,1,60,19,12,18,18,18.0
com.afkanerd.deku_83.apk,monkey,1,300,19,12,18,18,18.0
com.afkanerd.deku_83.apk,monkey,2,60,19,12,18,18,18.0
com.afkanerd.deku_83.apk,monkey,2,180,19,12,18,18,18.0
com.afkanerd.deku_83.apk,monkey,3,60,19,12,18,18,18.0
com.afkanerd.deku_83.apk,droidbot:dfs_greedy,1,60,19,12,18,18,18.0
com.afkanerd.deku_83.apk,droidbot:dfs_greedy,1,180,19,12,18,18,18.0
com.afkanerd.deku_83.apk,droidbot:dfs_greedy,1,300,19,12,18,18,18.0
com.afkanerd.deku_83.apk,droidbot:dfs_greedy,2,60,19,12,18,18,18.0
com.afkanerd.deku_83.apk,droidbot:dfs_greedy,2,180,19,12,18,18,18.0
com.afkanerd.deku_83.apk,droidbot:dfs_greedy,2,300,19,12,18,18,18.0
com.afkanerd.deku_83.apk,droidbot:dfs_greedy,3,60,19,12,18,18,18.0
com.afkanerd.deku_83.apk,droidbot:dfs_greedy,3,300,19,12,18,18,18.0
com.afkanerd.deku_83.apk,droidbot:bfs_greedy,1,60,19,12,18,18,18.0
com.afkanerd.deku_83.apk,droidbot:bfs_greedy,1,180,19,12,18,18,18.0
com.afkanerd.deku_83.apk,droidbot:bfs_greedy,1,300,19,12,18,18,18.0
com.afkanerd.deku_83.apk,droidbot:bfs_greedy,2,60,19,12,18,18,18.0
com.afkanerd.deku_83.apk,droidbot:bfs_greedy,2,180,19,12,18,18,18.0
com.afkanerd.deku_83.apk,droidbot:bfs_greedy,2,300,19,12,18,18,18.0
com.afkanerd.deku_83.apk,droidbot:bfs_greedy,3,60,19,12,18,18,18.0
com.afkanerd.deku_83.apk,droidbot:bfs_greedy,3,180,19,12,18,18,18.0
com.afkanerd.deku_83.apk,droidbot:bfs_greedy,3,300,19,12,18,18,18.0
com.afkanerd.deku_83.apk,droidbot:dfs_naive,1,60,19,12,18,18,18.0
com.afkanerd.deku_83.apk,droidbot:dfs_naive,1,180,19,12,18,18,18.0
com.afkanerd.deku_83.apk,droidbot:dfs_naive,1,300,19,12,18,18,18.0
com.afkanerd.deku_83.apk,droidbot:dfs_naive,2,60,19,12,18,18,18.0
com.afkanerd.deku_83.apk,droidbot:dfs_naive,2,180,19,12,18,18,18.0
com.afkanerd.deku_83.apk,droidbot:dfs_naive,2,300,19,12,18,18,18.0
com.afkanerd.deku_83.apk,droidbot:dfs_naive,3,60,19,12,18,18,18.0
com.afkanerd.deku_83.apk,droidbot:dfs_naive,3,180,19,12,18,18,18.0
com.afkanerd.deku_83.apk,droidbot:dfs_naive,3,300,19,12,18,18,18.0
com.afkanerd.deku_83.apk,droidbot:bfs_naive,1,60,19,12,18,18,18.0
com.afkanerd.deku_83.apk,droidbot:bfs_naive,1,180,18,11,17,17,17.0
com.afkanerd.deku_83.apk,droidbot:bfs_naive,1,300,19,12,18,18,18.0
com.afkanerd.deku_83.apk,droidbot:bfs_naive,2,60,19,12,18,18,18.0
com.afkanerd.deku_83.apk,droidbot:bfs_naive,2,180,19,12,18,18,18.0
com.afkanerd.deku_83.apk,droidbot:bfs_naive,2,300,19,12,18,18,18.0
com.afkanerd.deku_83.apk,droidbot:bfs_naive,3,60,19,12,18,18,18.0
com.afkanerd.deku_83.apk,droidbot:bfs_naive,3,180,19,12,18,18,18.0
com.afkanerd.deku_83.apk,droidbot:bfs_naive,3,300,19,12,18,18,18.0
com.afkanerd.deku_83.apk,ape,1,60,19,12,18,18,18.0
com.afkanerd.deku_83.apk,ape,1,180,42,18,24,24,24.0
com.afkanerd.deku_83.apk,ape,1,300,42,18,24,24,24.0
com.afkanerd.deku_83.apk,ape,2,60,19,12,18,18,18.0
com.afkanerd.deku_83.apk,ape,2,180,42,18,24,24,24.0
com.afkanerd.deku_83.apk,ape,2,300,65,18,24,24,24.0
com.afkanerd.deku_83.apk,ape,3,60,19,12,18,18,18.0
com.afkanerd.deku_83.apk,ape,3,180,42,18,24,24,24.0
com.afkanerd.deku_83.apk,ape,3,300,88,18,24,24,24.0
com.afkanerd.deku_83.apk,droidmate,1,60,21,12,20,20,20.0
com.afkanerd.deku_83.apk,droidmate,1,180,21,12,20,20,20.0
com.afkanerd.deku_83.apk,droidmate,1,300,40,12,20,20,20.0
com.afkanerd.deku_83.apk,droidmate,2,60,21,12,20,20,20.0
com.afkanerd.deku_83.apk,droidmate,2,180,21,12,20,20,20.0
com.afkanerd.deku_83.apk,droidmate,2,300,40,12,20,20,20.0
com.afkanerd.deku_83.apk,droidmate,3,60,21,12,20,20,20.0
com.afkanerd.deku_83.apk,droidmate,3,180,21,12,20,20,20.0
com.afkanerd.deku_83.apk,droidmate,3,300,40,12,20,20,20.0
com.afkanerd.deku_83.apk,humanoid,1,60,19,12,18,18,18.0
com.afkanerd.deku_83.apk,humanoid,1,180,19,12,18,18,18.0
com.afkanerd.deku_83.apk,humanoid,1,300,19,12,18,18,18.0
com.afkanerd.deku_83.apk,humanoid,2,60,19,12,18,18,18.0
com.afkanerd.deku_83.apk,humanoid,2,180,19,12,18,18,18.0
com.afkanerd.deku_83.apk,humanoid,2,300,19,12,18,18,18.0
com.afkanerd.deku_83.apk,humanoid,3,60,19,12,18,18,18.0
com.afkanerd.deku_83.apk,humanoid,3,180,19,12,18,18,18.0
com.afkanerd.deku_83.apk,humanoid,3,300,19,12,18,18,18.0
com.afkanerd.deku_83.apk,ares,1,60,71,12,18,18,18.0
com.afkanerd.deku_83.apk,ares,1,180,152,12,18,18,18.0
com.afkanerd.deku_83.apk,ares,1,300,209,12,18,18,18.0
com.afkanerd.deku_83.apk,ares,2,60,76,12,18,18,18.0
com.afkanerd.deku_83.apk,ares,2,180,152,12,18,18,18.0
com.afkanerd.deku_83.apk,ares,2,300,209,12,18,18,18.0
com.afkanerd.deku_83.apk,ares,3,60,57,12,18,18,18.0
com.afkanerd.deku_83.apk,ares,3,180,190,12,18,18,18.0
com.afkanerd.deku_83.apk,ares,3,300,342,12,18,18,18.0
com.afkanerd.deku_83.apk,fastbot,1,60,19,12,18,18,18.0
com.afkanerd.deku_83.apk,fastbot,1,180,19,12,18,18,18.0
com.afkanerd.deku_83.apk,fastbot,1,300,19,12,18,18,18.0
com.afkanerd.deku_83.apk,fastbot,2,60,19,12,18,18,18.0
com.afkanerd.deku_83.apk,fastbot,2,180,19,12,18,18,18.0
com.afkanerd.deku_83.apk,fastbot,2,300,19,12,18,18,18.0
com.afkanerd.deku_83.apk,fastbot,3,60,19,12,18,18,18.0
com.afkanerd.deku_83.apk,fastbot,3,180,19,12,18,18,18.0
com.afkanerd.deku_83.apk,fastbot,3,300,19,12,18,18,18.0
com.afkanerd.deku_83.apk,qtesting,1,60,113,18,24,24,24.0
com.afkanerd.deku_83.apk,qtesting,1,180,548,18,24,24,24.0
com.afkanerd.deku_83.apk,qtesting,1,300,962,18,24,24,24.0
com.afkanerd.deku_83.apk,qtesting,2,60,134,18,24,24,24.0
com.afkanerd.deku_83.apk,qtesting,2,180,548,18,24,24,24.0
com.afkanerd.deku_83.apk,qtesting,2,300,916,18,24,24,24.0
com.afkanerd.deku_83.apk,qtesting,3,60,157,18,24,24,24.0
com.afkanerd.deku_83.apk,qtesting,3,180,548,18,24,24,24.0
com.afkanerd.deku_83.apk,qtesting,3,300,985,18,24,24,24.0
com.darkrockstudios.app.securecamera_31.apk,monkey,1,60,0,0,0,0,0
com.darkrockstudios.app.securecamera_31.apk,monkey,1,180,0,0,0,0,0
com.darkrockstudios.app.securecamera_31.apk,monkey,2,60,0,0,0,0,0
com.darkrockstudios.app.securecamera_31.apk,monkey,2,180,0,0,0,0,0
com.darkrockstudios.app.securecamera_31.apk,monkey,3,60,0,0,0,0,0
com.darkrockstudios.app.securecamera_31.apk,monkey,3,180,0,0,0,0,0
com.darkrockstudios.app.securecamera_31.apk,droidbot:dfs_greedy,1,60,0,0,0,0,0
com.darkrockstudios.app.securecamera_31.apk,droidbot:dfs_greedy,1,180,0,0,0,0,0
com.darkrockstudios.app.securecamera_31.apk,droidbot:dfs_greedy,1,300,0,0,0,0,0
com.darkrockstudios.app.securecamera_31.apk,droidbot:dfs_greedy,2,60,0,0,0,0,0
com.darkrockstudios.app.securecamera_31.apk,droidbot:dfs_greedy,2,180,0,0,0,0,0
com.darkrockstudios.app.securecamera_31.apk,droidbot:dfs_greedy,2,300,0,0,0,0,0
com.darkrockstudios.app.securecamera_31.apk,droidbot:dfs_greedy,3,60,0,0,0,0,0
com.darkrockstudios.app.securecamera_31.apk,droidbot:dfs_greedy,3,180,0,0,0,0,0
com.darkrockstudios.app.securecamera_31.apk,droidbot:dfs_greedy,3,300,0,0,0,0,0
com.darkrockstudios.app.securecamera_31.apk,droidbot:bfs_greedy,1,60,0,0,0,0,0
com.darkrockstudios.app.securecamera_31.apk,droidbot:bfs_greedy,1,180,0,0,0,0,0
com.darkrockstudios.app.securecamera_31.apk,droidbot:bfs_greedy,1,300,0,0,0,0,0
com.darkrockstudios.app.securecamera_31.apk,droidbot:bfs_greedy,2,60,0,0,0,0,0
com.darkrockstudios.app.securecamera_31.apk,droidbot:bfs_greedy,2,180,0,0,0,0,0
com.darkrockstudios.app.securecamera_31.apk,droidbot:bfs_greedy,2,300,0,0,0,0,0
com.darkrockstudios.app.securecamera_31.apk,droidbot:bfs_greedy,3,60,0,0,0,0,0
com.darkrockstudios.app.securecamera_31.apk,droidbot:bfs_greedy,3,180,0,0,0,0,0
com.darkrockstudios.app.securecamera_31.apk,droidbot:bfs_greedy,3,300,0,0,0,0,0
com.darkrockstudios.app.securecamera_31.apk,droidbot:dfs_naive,1,60,0,0,0,0,0
com.darkrockstudios.app.securecamera_31.apk,droidbot:dfs_naive,1,180,0,0,0,0,0
com.darkrockstudios.app.securecamera_31.apk,droidbot:dfs_naive,1,300,0,0,0,0,0
com.darkrockstudios.app.securecamera_31.apk,droidbot:dfs_naive,2,60,0,0,0,0,0
com.darkrockstudios.app.securecamera_31.apk,droidbot:dfs_naive,2,180,0,0,0,0,0
com.darkrockstudios.app.securecamera_31.apk,droidbot:dfs_naive,2,300,0,0,0,0,0
com.darkrockstudios.app.securecamera_31.apk,droidbot:dfs_naive,3,60,0,0,0,0,0
com.darkrockstudios.app.securecamera_31.apk,droidbot:dfs_naive,3,180,0,0,0,0,0
com.darkrockstudios.app.securecamera_31.apk,droidbot:dfs_naive,3,300,0,0,0,0,0
com.darkrockstudios.app.securecamera_31.apk,droidbot:bfs_naive,1,60,0,0,0,0,0
com.darkrockstudios.app.securecamera_31.apk,droidbot:bfs_naive,1,180,0,0,0,0,0
com.darkrockstudios.app.securecamera_31.apk,droidbot:bfs_naive,1,300,0,0,0,0,0
com.darkrockstudios.app.securecamera_31.apk,droidbot:bfs_naive,2,60,0,0,0,0,0
com.darkrockstudios.app.securecamera_31.apk,droidbot:bfs_naive,2,180,0,0,0,0,0
app.pwhs.universalinstaller_24.apk,monkey,2,300,0,0,0,0,0
app.pwhs.universalinstaller_24.apk,monkey,3,60,0,0,0,0,0
app.pwhs.universalinstaller_24.apk,droidbot:bfs_naive,1,180,0,0,0,0,0
app.pwhs.universalinstaller_24.apk,ape,1,60,0,0,0,0,0
app.pwhs.universalinstaller_24.apk,humanoid,1,300,0,0,0,0,0
app.pwhs.universalinstaller_24.apk,ares,1,300,0,0,0,0,0
app.pwhs.universalinstaller_24.apk,fastbot,3,300,0,0,0,0,0
com.darkrockstudios.app.securecamera_31.apk,droidbot:bfs_naive,2,300,0,0,0,0,0
com.darkrockstudios.app.securecamera_31.apk,droidbot:bfs_naive,3,60,0,0,0,0,0
com.darkrockstudios.app.securecamera_31.apk,droidbot:bfs_naive,3,180,0,0,0,0,0
com.darkrockstudios.app.securecamera_31.apk,droidbot:bfs_naive,3,300,0,0,0,0,0
com.darkrockstudios.app.securecamera_31.apk,ape,1,60,0,0,0,0,0
com.darkrockstudios.app.securecamera_31.apk,ape,1,180,0,0,0,0,0
com.darkrockstudios.app.securecamera_31.apk,ape,1,300,0,0,0,0,0
com.darkrockstudios.app.securecamera_31.apk,ape,2,60,0,0,0,0,0
com.darkrockstudios.app.securecamera_31.apk,ape,2,180,0,0,0,0,0
com.darkrockstudios.app.securecamera_31.apk,ape,2,300,0,0,0,0,0
com.darkrockstudios.app.securecamera_31.apk,ape,3,60,0,0,0,0,0
com.darkrockstudios.app.securecamera_31.apk,ape,3,180,0,0,0,0,0
com.darkrockstudios.app.securecamera_31.apk,ape,3,300,0,0,0,0,0
com.darkrockstudios.app.securecamera_31.apk,droidmate,1,60,0,0,0,0,0
com.darkrockstudios.app.securecamera_31.apk,droidmate,1,180,0,0,0,0,0
com.darkrockstudios.app.securecamera_31.apk,droidmate,1,300,0,0,0,0,0
com.darkrockstudios.app.securecamera_31.apk,droidmate,2,60,0,0,0,0,0
com.darkrockstudios.app.securecamera_31.apk,droidmate,2,180,0,0,0,0,0
com.darkrockstudios.app.securecamera_31.apk,droidmate,2,300,0,0,0,0,0
com.darkrockstudios.app.securecamera_31.apk,droidmate,3,60,0,0,0,0,0
com.darkrockstudios.app.securecamera_31.apk,droidmate,3,180,0,0,0,0,0
com.darkrockstudios.app.securecamera_31.apk,droidmate,3,300,0,0,0,0,0
com.darkrockstudios.app.securecamera_31.apk,humanoid,1,60,0,0,0,0,0
com.darkrockstudios.app.securecamera_31.apk,humanoid,1,180,0,0,0,0,0
com.darkrockstudios.app.securecamera_31.apk,humanoid,1,300,0,0,0,0,0
com.darkrockstudios.app.securecamera_31.apk,humanoid,2,60,0,0,0,0,0
com.darkrockstudios.app.securecamera_31.apk,humanoid,2,180,0,0,0,0,0
com.darkrockstudios.app.securecamera_31.apk,humanoid,2,300,0,0,0,0,0
com.darkrockstudios.app.securecamera_31.apk,humanoid,3,60,0,0,0,0,0
com.darkrockstudios.app.securecamera_31.apk,humanoid,3,180,0,0,0,0,0
com.darkrockstudios.app.securecamera_31.apk,humanoid,3,300,0,0,0,0,0
com.darkrockstudios.app.securecamera_31.apk,ares,1,60,0,0,0,0,0
com.darkrockstudios.app.securecamera_31.apk,ares,1,180,0,0,0,0,0
com.darkrockstudios.app.securecamera_31.apk,ares,1,300,0,0,0,0,0
com.darkrockstudios.app.securecamera_31.apk,ares,2,60,0,0,0,0,0
com.darkrockstudios.app.securecamera_31.apk,ares,2,180,0,0,0,0,0
com.darkrockstudios.app.securecamera_31.apk,ares,2,300,0,0,0,0,0
com.darkrockstudios.app.securecamera_31.apk,ares,3,60,0,0,0,0,0
com.darkrockstudios.app.securecamera_31.apk,ares,3,180,0,0,0,0,0
com.darkrockstudios.app.securecamera_31.apk,ares,3,300,2,2,2,2,2.0
com.darkrockstudios.app.securecamera_31.apk,fastbot,1,60,0,0,0,0,0
com.darkrockstudios.app.securecamera_31.apk,fastbot,1,180,0,0,0,0,0
com.darkrockstudios.app.securecamera_31.apk,fastbot,1,300,0,0,0,0,0
com.darkrockstudios.app.securecamera_31.apk,fastbot,2,60,0,0,0,0,0
com.darkrockstudios.app.securecamera_31.apk,fastbot,2,180,0,0,0,0,0
com.darkrockstudios.app.securecamera_31.apk,fastbot,2,300,0,0,0,0,0
com.darkrockstudios.app.securecamera_31.apk,fastbot,3,60,0,0,0,0,0
com.darkrockstudios.app.securecamera_31.apk,fastbot,3,180,0,0,0,0,0
com.darkrockstudios.app.securecamera_31.apk,fastbot,3,300,0,0,0,0,0
com.darkrockstudios.app.securecamera_31.apk,qtesting,1,60,0,0,0,0,0
com.darkrockstudios.app.securecamera_31.apk,qtesting,1,180,0,0,0,0,0
com.darkrockstudios.app.securecamera_31.apk,qtesting,1,300,0,0,0,0,0
com.darkrockstudios.app.securecamera_31.apk,qtesting,2,60,0,0,0,0,0
com.darkrockstudios.app.securecamera_31.apk,qtesting,2,180,0,0,0,0,0
com.darkrockstudios.app.securecamera_31.apk,qtesting,2,300,0,0,0,0,0
com.darkrockstudios.app.securecamera_31.apk,qtesting,3,60,0,0,0,0,0
com.darkrockstudios.app.securecamera_31.apk,qtesting,3,180,0,0,0,0,0
com.darkrockstudios.app.securecamera_31.apk,qtesting,3,300,0,0,0,0,0
com.floflacards.app_14.apk,monkey,1,60,0,0,0,0,0
com.floflacards.app_14.apk,monkey,2,60,0,0,0,0,0
com.floflacards.app_14.apk,monkey,3,60,0,0,0,0,0
com.floflacards.app_14.apk,monkey,3,180,0,0,0,0,0
com.floflacards.app_14.apk,droidbot:dfs_greedy,1,60,0,0,0,0,0
com.floflacards.app_14.apk,droidbot:dfs_greedy,1,180,0,0,0,0,0
com.floflacards.app_14.apk,droidbot:dfs_greedy,1,300,0,0,0,0,0
com.floflacards.app_14.apk,droidbot:dfs_greedy,2,60,0,0,0,0,0
com.floflacards.app_14.apk,droidbot:dfs_greedy,2,180,0,0,0,0,0
com.floflacards.app_14.apk,droidbot:dfs_greedy,2,300,0,0,0,0,0
com.floflacards.app_14.apk,droidbot:dfs_greedy,3,60,0,0,0,0,0
com.floflacards.app_14.apk,droidbot:dfs_greedy,3,180,0,0,0,0,0
com.floflacards.app_14.apk,droidbot:dfs_greedy,3,300,0,0,0,0,0
com.floflacards.app_14.apk,droidbot:bfs_greedy,1,60,0,0,0,0,0
com.floflacards.app_14.apk,droidbot:bfs_greedy,1,180,0,0,0,0,0
com.floflacards.app_14.apk,droidbot:bfs_greedy,1,300,0,0,0,0,0
com.floflacards.app_14.apk,droidbot:bfs_greedy,2,60,0,0,0,0,0
com.floflacards.app_14.apk,droidbot:bfs_greedy,2,180,0,0,0,0,0
com.floflacards.app_14.apk,droidbot:bfs_greedy,2,300,0,0,0,0,0
com.floflacards.app_14.apk,droidbot:bfs_greedy,3,60,0,0,0,0,0
com.floflacards.app_14.apk,droidbot:bfs_greedy,3,180,0,0,0,0,0
com.floflacards.app_14.apk,droidbot:bfs_greedy,3,300,0,0,0,0,0
com.floflacards.app_14.apk,droidbot:dfs_naive,1,60,0,0,0,0,0
com.floflacards.app_14.apk,droidbot:dfs_naive,1,180,0,0,0,0,0
com.floflacards.app_14.apk,droidbot:dfs_naive,1,300,0,0,0,0,0
com.floflacards.app_14.apk,droidbot:dfs_naive,2,60,0,0,0,0,0
com.floflacards.app_14.apk,droidbot:dfs_naive,2,180,0,0,0,0,0
com.floflacards.app_14.apk,droidbot:dfs_naive,2,300,0,0,0,0,0
com.floflacards.app_14.apk,droidbot:dfs_naive,3,60,0,0,0,0,0
com.floflacards.app_14.apk,droidbot:dfs_naive,3,180,0,0,0,0,0
com.floflacards.app_14.apk,droidbot:bfs_naive,1,60,0,0,0,0,0
com.floflacards.app_14.apk,droidbot:bfs_naive,1,180,0,0,0,0,0
com.floflacards.app_14.apk,droidbot:bfs_naive,1,300,0,0,0,0,0
com.floflacards.app_14.apk,droidbot:bfs_naive,2,60,0,0,0,0,0
com.floflacards.app_14.apk,droidbot:bfs_naive,2,180,0,0,0,0,0
com.floflacards.app_14.apk,droidbot:bfs_naive,2,300,0,0,0,0,0
com.floflacards.app_14.apk,droidbot:bfs_naive,3,60,0,0,0,0,0
com.floflacards.app_14.apk,droidbot:bfs_naive,3,180,0,0,0,0,0
com.floflacards.app_14.apk,droidbot:bfs_naive,3,300,0,0,0,0,0
com.floflacards.app_14.apk,ape,1,60,0,0,0,0,0
com.floflacards.app_14.apk,ape,1,180,0,0,0,0,0
com.floflacards.app_14.apk,ape,1,300,0,0,0,0,0
com.floflacards.app_14.apk,ape,2,60,0,0,0,0,0
com.floflacards.app_14.apk,ape,2,300,0,0,0,0,0
com.floflacards.app_14.apk,ape,3,60,0,0,0,0,0
com.floflacards.app_14.apk,ape,3,180,0,0,0,0,0
com.floflacards.app_14.apk,ape,3,300,0,0,0,0,0
com.floflacards.app_14.apk,droidmate,1,60,0,0,0,0,0
com.floflacards.app_14.apk,droidmate,1,180,0,0,0,0,0
com.floflacards.app_14.apk,droidmate,1,300,0,0,0,0,0
com.floflacards.app_14.apk,droidmate,2,60,0,0,0,0,0
com.floflacards.app_14.apk,droidmate,2,180,0,0,0,0,0
com.floflacards.app_14.apk,droidmate,2,300,0,0,0,0,0
com.floflacards.app_14.apk,droidmate,3,60,0,0,0,0,0
com.floflacards.app_14.apk,droidmate,3,180,0,0,0,0,0
com.floflacards.app_14.apk,droidmate,3,300,0,0,0,0,0
com.floflacards.app_14.apk,humanoid,1,60,0,0,0,0,0
com.floflacards.app_14.apk,humanoid,1,180,0,0,0,0,0
com.floflacards.app_14.apk,humanoid,1,300,0,0,0,0,0
com.floflacards.app_14.apk,humanoid,2,60,0,0,0,0,0
com.floflacards.app_14.apk,humanoid,2,180,0,0,0,0,0
com.floflacards.app_14.apk,humanoid,2,300,0,0,0,0,0
com.floflacards.app_14.apk,humanoid,3,60,0,0,0,0,0
com.floflacards.app_14.apk,humanoid,3,180,0,0,0,0,0
com.floflacards.app_14.apk,humanoid,3,300,0,0,0,0,0
com.floflacards.app_14.apk,ares,1,60,0,0,0,0,0
com.floflacards.app_14.apk,ares,1,180,0,0,0,0,0
com.floflacards.app_14.apk,ares,1,300,0,0,0,0,0
com.floflacards.app_14.apk,ares,2,60,0,0,0,0,0
com.floflacards.app_14.apk,ares,2,180,0,0,0,0,0
com.floflacards.app_14.apk,ares,2,300,0,0,0,0,0
com.floflacards.app_14.apk,ares,3,60,0,0,0,0,0
app.pwhs.universalinstaller_24.apk,monkey,1,180,0,0,0,0,0
app.pwhs.universalinstaller_24.apk,monkey,1,300,0,0,0,0,0
app.pwhs.universalinstaller_24.apk,monkey,3,180,0,0,0,0,0
app.pwhs.universalinstaller_24.apk,monkey,3,300,0,0,0,0,0
com.afkanerd.deku_83.apk,monkey,1,180,19,12,18,18,18.0
com.afkanerd.deku_83.apk,monkey,2,300,19,12,18,18,18.0
com.afkanerd.deku_83.apk,monkey,3,180,19,12,18,18,18.0
com.afkanerd.deku_83.apk,monkey,3,300,19,12,18,18,18.0
com.afkanerd.deku_83.apk,droidbot:dfs_greedy,3,180,19,12,18,18,18.0
com.darkrockstudios.app.securecamera_31.apk,monkey,1,300,0,0,0,0,0
com.darkrockstudios.app.securecamera_31.apk,monkey,2,300,0,0,0,0,0
com.darkrockstudios.app.securecamera_31.apk,monkey,3,300,0,0,0,0,0
com.floflacards.app_14.apk,monkey,1,180,0,0,0,0,0
com.floflacards.app_14.apk,monkey,1,300,0,0,0,0,0
com.floflacards.app_14.apk,monkey,2,180,0,0,0,0,0
com.floflacards.app_14.apk,monkey,2,300,0,0,0,0,0
com.floflacards.app_14.apk,monkey,3,300,0,0,0,0,0
com.floflacards.app_14.apk,droidbot:dfs_naive,3,300,0,0,0,0,0
com.floflacards.app_14.apk,ape,2,180,0,0,0,0,0
com.floflacards.app_14.apk,ares,3,180,0,0,0,0,0
com.floflacards.app_14.apk,ares,3,300,0,0,0,0,0
com.floflacards.app_14.apk,fastbot,1,60,0,0,0,0,0
com.floflacards.app_14.apk,fastbot,1,180,0,0,0,0,0
com.floflacards.app_14.apk,fastbot,1,300,0,0,0,0,0
com.floflacards.app_14.apk,fastbot,2,60,0,0,0,0,0
com.floflacards.app_14.apk,fastbot,2,180,0,0,0,0,0
com.floflacards.app_14.apk,fastbot,2,300,0,0,0,0,0
com.floflacards.app_14.apk,fastbot,3,60,0,0,0,0,0
com.floflacards.app_14.apk,fastbot,3,180,0,0,0,0,0
com.floflacards.app_14.apk,fastbot,3,300,0,0,0,0,0
com.floflacards.app_14.apk,qtesting,1,60,0,0,0,0,0
com.floflacards.app_14.apk,qtesting,1,180,0,0,0,0,0
com.floflacards.app_14.apk,qtesting,1,300,0,0,0,0,0
com.floflacards.app_14.apk,qtesting,2,60,0,0,0,0,0
com.floflacards.app_14.apk,qtesting,2,300,0,0,0,0,0
com.floflacards.app_14.apk,qtesting,3,60,0,0,0,0,0
com.floflacards.app_14.apk,qtesting,3,180,0,0,0,0,0
com.floflacards.app_14.apk,qtesting,3,300,0,0,0,0,0
com.hwloc.lstopo_80283.apk,monkey,1,60,0,0,0,0,0
com.hwloc.lstopo_80283.apk,monkey,1,180,0,0,0,0,0
com.hwloc.lstopo_80283.apk,monkey,1,300,0,0,0,0,0
com.hwloc.lstopo_80283.apk,monkey,2,60,0,0,0,0,0
com.hwloc.lstopo_80283.apk,monkey,2,180,0,0,0,0,0
com.hwloc.lstopo_80283.apk,monkey,2,300,0,0,0,0,0
com.hwloc.lstopo_80283.apk,monkey,3,60,0,0,0,0,0
com.hwloc.lstopo_80283.apk,monkey,3,180,0,0,0,0,0
com.hwloc.lstopo_80283.apk,monkey,3,300,0,0,0,0,0
com.hwloc.lstopo_80283.apk,droidbot:dfs_greedy,1,60,0,0,0,0,0
com.hwloc.lstopo_80283.apk,droidbot:dfs_greedy,1,180,0,0,0,0,0
com.hwloc.lstopo_80283.apk,droidbot:dfs_greedy,1,300,0,0,0,0,0
com.hwloc.lstopo_80283.apk,droidbot:dfs_greedy,2,60,0,0,0,0,0
com.hwloc.lstopo_80283.apk,droidbot:dfs_greedy,2,180,0,0,0,0,0
com.hwloc.lstopo_80283.apk,droidbot:dfs_greedy,2,300,0,0,0,0,0
com.hwloc.lstopo_80283.apk,droidbot:dfs_greedy,3,60,0,0,0,0,0
com.hwloc.lstopo_80283.apk,droidbot:dfs_greedy,3,180,0,0,0,0,0
com.hwloc.lstopo_80283.apk,droidbot:dfs_greedy,3,300,0,0,0,0,0
com.hwloc.lstopo_80283.apk,droidbot:bfs_greedy,1,60,0,0,0,0,0
com.hwloc.lstopo_80283.apk,droidbot:bfs_greedy,1,180,0,0,0,0,0
com.hwloc.lstopo_80283.apk,droidbot:bfs_greedy,1,300,0,0,0,0,0
com.hwloc.lstopo_80283.apk,droidbot:bfs_greedy,2,60,0,0,0,0,0
com.hwloc.lstopo_80283.apk,droidbot:bfs_greedy,2,180,0,0,0,0,0
com.hwloc.lstopo_80283.apk,droidbot:bfs_greedy,2,300,0,0,0,0,0
com.hwloc.lstopo_80283.apk,droidbot:bfs_greedy,3,60,0,0,0,0,0
com.hwloc.lstopo_80283.apk,droidbot:bfs_greedy,3,180,0,0,0,0,0
com.hwloc.lstopo_80283.apk,droidbot:bfs_greedy,3,300,0,0,0,0,0
com.hwloc.lstopo_80283.apk,droidbot:dfs_naive,1,60,0,0,0,0,0
com.hwloc.lstopo_80283.apk,droidbot:dfs_naive,1,180,0,0,0,0,0
com.hwloc.lstopo_80283.apk,droidbot:dfs_naive,1,300,0,0,0,0,0
com.hwloc.lstopo_80283.apk,droidbot:dfs_naive,2,60,0,0,0,0,0
com.hwloc.lstopo_80283.apk,droidbot:dfs_naive,2,180,0,0,0,0,0
com.hwloc.lstopo_80283.apk,droidbot:dfs_naive,2,300,0,0,0,0,0
com.hwloc.lstopo_80283.apk,droidbot:dfs_naive,3,60,0,0,0,0,0
com.hwloc.lstopo_80283.apk,droidbot:dfs_naive,3,180,0,0,0,0,0
com.hwloc.lstopo_80283.apk,droidbot:dfs_naive,3,300,0,0,0,0,0
com.hwloc.lstopo_80283.apk,droidbot:bfs_naive,1,60,0,0,0,0,0
com.hwloc.lstopo_80283.apk,droidbot:bfs_naive,1,180,0,0,0,0,0
com.hwloc.lstopo_80283.apk,droidbot:bfs_naive,1,300,0,0,0,0,0
com.hwloc.lstopo_80283.apk,droidbot:bfs_naive,2,60,0,0,0,0,0
com.hwloc.lstopo_80283.apk,droidbot:bfs_naive,2,180,0,0,0,0,0
com.hwloc.lstopo_80283.apk,droidbot:bfs_naive,2,300,0,0,0,0,0
com.hwloc.lstopo_80283.apk,droidbot:bfs_naive,3,60,0,0,0,0,0
com.hwloc.lstopo_80283.apk,droidbot:bfs_naive,3,180,0,0,0,0,0
com.hwloc.lstopo_80283.apk,droidbot:bfs_naive,3,300,0,0,0,0,0
com.hwloc.lstopo_80283.apk,ape,1,60,0,0,0,0,0
com.hwloc.lstopo_80283.apk,ape,1,180,0,0,0,0,0
com.hwloc.lstopo_80283.apk,ape,1,300,0,0,0,0,0
com.hwloc.lstopo_80283.apk,ape,2,60,0,0,0,0,0
com.hwloc.lstopo_80283.apk,ape,2,180,0,0,0,0,0
com.hwloc.lstopo_80283.apk,ape,2,300,0,0,0,0,0
com.hwloc.lstopo_80283.apk,ape,3,60,0,0,0,0,0
com.hwloc.lstopo_80283.apk,ape,3,180,0,0,0,0,0
com.hwloc.lstopo_80283.apk,ape,3,300,0,0,0,0,0
com.hwloc.lstopo_80283.apk,droidmate,1,60,0,0,0,0,0
com.hwloc.lstopo_80283.apk,droidmate,1,180,0,0,0,0,0
com.hwloc.lstopo_80283.apk,droidmate,1,300,0,0,0,0,0
com.hwloc.lstopo_80283.apk,droidmate,2,60,0,0,0,0,0
com.hwloc.lstopo_80283.apk,droidmate,2,180,0,0,0,0,0
com.hwloc.lstopo_80283.apk,droidmate,2,300,0,0,0,0,0
com.hwloc.lstopo_80283.apk,droidmate,3,60,0,0,0,0,0
com.hwloc.lstopo_80283.apk,droidmate,3,180,0,0,0,0,0
com.hwloc.lstopo_80283.apk,droidmate,3,300,0,0,0,0,0
com.hwloc.lstopo_80283.apk,humanoid,1,60,0,0,0,0,0
com.hwloc.lstopo_80283.apk,humanoid,1,180,0,0,0,0,0
com.hwloc.lstopo_80283.apk,humanoid,1,300,0,0,0,0,0
com.hwloc.lstopo_80283.apk,humanoid,2,60,0,0,0,0,0
com.hwloc.lstopo_80283.apk,humanoid,2,180,0,0,0,0,0
com.hwloc.lstopo_80283.apk,humanoid,2,300,0,0,0,0,0
com.hwloc.lstopo_80283.apk,humanoid,3,60,0,0,0,0,0
com.hwloc.lstopo_80283.apk,humanoid,3,180,0,0,0,0,0
com.hwloc.lstopo_80283.apk,humanoid,3,300,0,0,0,0,0
com.hwloc.lstopo_80283.apk,ares,1,60,0,0,0,0,0
com.hwloc.lstopo_80283.apk,ares,1,180,0,0,0,0,0
com.hwloc.lstopo_80283.apk,ares,1,300,0,0,0,0,0
com.hwloc.lstopo_80283.apk,ares,2,60,0,0,0,0,0
com.hwloc.lstopo_80283.apk,ares,2,180,0,0,0,0,0
com.hwloc.lstopo_80283.apk,ares,2,300,0,0,0,0,0
com.hwloc.lstopo_80283.apk,ares,3,60,0,0,0,0,0
com.hwloc.lstopo_80283.apk,ares,3,180,0,0,0,0,0
com.hwloc.lstopo_80283.apk,ares,3,300,0,0,0,0,0
com.hwloc.lstopo_80283.apk,fastbot,1,60,0,0,0,0,0
com.hwloc.lstopo_80283.apk,fastbot,1,180,0,0,0,0,0
com.hwloc.lstopo_80283.apk,fastbot,1,300,0,0,0,0,0
com.hwloc.lstopo_80283.apk,fastbot,2,60,0,0,0,0,0
com.hwloc.lstopo_80283.apk,fastbot,2,180,0,0,0,0,0
com.hwloc.lstopo_80283.apk,fastbot,2,300,0,0,0,0,0
com.hwloc.lstopo_80283.apk,fastbot,3,60,0,0,0,0,0
com.hwloc.lstopo_80283.apk,fastbot,3,180,0,0,0,0,0
com.hwloc.lstopo_80283.apk,fastbot,3,300,0,0,0,0,0
com.hwloc.lstopo_80283.apk,qtesting,1,60,0,0,0,0,0
com.hwloc.lstopo_80283.apk,qtesting,1,180,0,0,0,0,0
com.hwloc.lstopo_80283.apk,qtesting,1,300,0,0,0,0,0
com.hwloc.lstopo_80283.apk,qtesting,2,60,0,0,0,0,0
com.hwloc.lstopo_80283.apk,qtesting,2,180,0,0,0,0,0
com.hwloc.lstopo_80283.apk,qtesting,2,300,0,0,0,0,0
com.hwloc.lstopo_80283.apk,qtesting,3,60,0,0,0,0,0
com.hwloc.lstopo_80283.apk,qtesting,3,180,0,0,0,0,0
com.hwloc.lstopo_80283.apk,qtesting,3,300,0,0,0,0,0
com.luk.saucenao_27.apk,monkey,1,60,0,0,0,0,0
com.luk.saucenao_27.apk,monkey,1,180,0,0,0,0,0
com.luk.saucenao_27.apk,monkey,1,300,0,0,0,0,0
com.luk.saucenao_27.apk,monkey,2,60,0,0,0,0,0
com.luk.saucenao_27.apk,monkey,2,180,0,0,0,0,0
com.luk.saucenao_27.apk,monkey,2,300,0,0,0,0,0
com.luk.saucenao_27.apk,monkey,3,60,0,0,0,0,0
com.luk.saucenao_27.apk,monkey,3,180,0,0,0,0,0
com.luk.saucenao_27.apk,monkey,3,300,0,0,0,0,0
com.luk.saucenao_27.apk,droidbot:dfs_greedy,1,60,0,0,0,0,0
com.luk.saucenao_27.apk,droidbot:dfs_greedy,1,180,0,0,0,0,0
com.luk.saucenao_27.apk,droidbot:dfs_greedy,1,300,0,0,0,0,0
com.luk.saucenao_27.apk,droidbot:dfs_greedy,2,60,0,0,0,0,0
com.luk.saucenao_27.apk,droidbot:dfs_greedy,2,180,0,0,0,0,0
com.luk.saucenao_27.apk,droidbot:dfs_greedy,2,300,0,0,0,0,0
com.luk.saucenao_27.apk,droidbot:dfs_greedy,3,60,0,0,0,0,0
com.luk.saucenao_27.apk,droidbot:dfs_greedy,3,180,0,0,0,0,0
com.luk.saucenao_27.apk,droidbot:dfs_greedy,3,300,0,0,0,0,0
com.luk.saucenao_27.apk,droidbot:bfs_greedy,1,60,0,0,0,0,0
com.luk.saucenao_27.apk,droidbot:bfs_greedy,1,180,0,0,0,0,0
com.luk.saucenao_27.apk,droidbot:bfs_greedy,1,300,0,0,0,0,0
com.luk.saucenao_27.apk,droidbot:bfs_greedy,2,60,0,0,0,0,0
com.luk.saucenao_27.apk,droidbot:bfs_greedy,2,180,0,0,0,0,0
com.luk.saucenao_27.apk,droidbot:bfs_greedy,2,300,0,0,0,0,0
com.luk.saucenao_27.apk,droidbot:bfs_greedy,3,60,0,0,0,0,0
com.luk.saucenao_27.apk,droidbot:bfs_greedy,3,180,0,0,0,0,0
com.luk.saucenao_27.apk,droidbot:bfs_greedy,3,300,0,0,0,0,0
com.luk.saucenao_27.apk,droidbot:dfs_naive,1,60,0,0,0,0,0
com.luk.saucenao_27.apk,droidbot:dfs_naive,1,180,0,0,0,0,0
com.luk.saucenao_27.apk,droidbot:dfs_naive,1,300,0,0,0,0,0
com.luk.saucenao_27.apk,droidbot:dfs_naive,2,60,0,0,0,0,0
com.luk.saucenao_27.apk,droidbot:dfs_naive,2,180,0,0,0,0,0
com.luk.saucenao_27.apk,droidbot:dfs_naive,2,300,0,0,0,0,0
com.luk.saucenao_27.apk,droidbot:dfs_naive,3,60,0,0,0,0,0
com.luk.saucenao_27.apk,droidbot:dfs_naive,3,180,0,0,0,0,0
com.luk.saucenao_27.apk,droidbot:dfs_naive,3,300,0,0,0,0,0
com.luk.saucenao_27.apk,droidbot:bfs_naive,1,60,0,0,0,0,0
com.luk.saucenao_27.apk,droidbot:bfs_naive,1,180,0,0,0,0,0
com.luk.saucenao_27.apk,droidbot:bfs_naive,1,300,0,0,0,0,0
com.luk.saucenao_27.apk,droidbot:bfs_naive,2,60,0,0,0,0,0
com.luk.saucenao_27.apk,droidbot:bfs_naive,2,180,0,0,0,0,0
com.luk.saucenao_27.apk,droidbot:bfs_naive,2,300,0,0,0,0,0
com.luk.saucenao_27.apk,droidbot:bfs_naive,3,60,0,0,0,0,0
com.luk.saucenao_27.apk,droidbot:bfs_naive,3,180,0,0,0,0,0
com.luk.saucenao_27.apk,droidbot:bfs_naive,3,300,0,0,0,0,0
com.luk.saucenao_27.apk,ape,1,60,0,0,0,0,0
com.luk.saucenao_27.apk,ape,1,180,0,0,0,0,0
com.luk.saucenao_27.apk,ape,1,300,0,0,0,0,0
com.luk.saucenao_27.apk,ape,2,60,0,0,0,0,0
com.luk.saucenao_27.apk,ape,2,180,0,0,0,0,0
com.luk.saucenao_27.apk,ape,2,300,0,0,0,0,0
com.luk.saucenao_27.apk,ape,3,60,0,0,0,0,0
com.luk.saucenao_27.apk,ape,3,180,0,0,0,0,0
com.luk.saucenao_27.apk,ape,3,300,0,0,0,0,0
com.luk.saucenao_27.apk,droidmate,1,60,0,0,0,0,0
com.luk.saucenao_27.apk,droidmate,1,180,0,0,0,0,0
com.luk.saucenao_27.apk,droidmate,1,300,0,0,0,0,0
com.luk.saucenao_27.apk,droidmate,2,60,0,0,0,0,0
com.luk.saucenao_27.apk,droidmate,2,180,0,0,0,0,0
com.luk.saucenao_27.apk,droidmate,2,300,0,0,0,0,0
com.luk.saucenao_27.apk,droidmate,3,60,0,0,0,0,0
com.luk.saucenao_27.apk,droidmate,3,180,0,0,0,0,0
com.luk.saucenao_27.apk,droidmate,3,300,0,0,0,0,0
com.luk.saucenao_27.apk,humanoid,1,60,0,0,0,0,0
com.luk.saucenao_27.apk,humanoid,1,180,0,0,0,0,0
com.luk.saucenao_27.apk,humanoid,1,300,0,0,0,0,0
com.luk.saucenao_27.apk,humanoid,2,60,0,0,0,0,0
com.luk.saucenao_27.apk,humanoid,2,180,0,0,0,0,0
com.luk.saucenao_27.apk,humanoid,2,300,0,0,0,0,0
com.luk.saucenao_27.apk,humanoid,3,60,0,0,0,0,0
com.luk.saucenao_27.apk,humanoid,3,180,0,0,0,0,0
com.luk.saucenao_27.apk,humanoid,3,300,0,0,0,0,0
com.luk.saucenao_27.apk,ares,1,60,0,0,0,0,0
com.luk.saucenao_27.apk,ares,1,180,0,0,0,0,0
com.luk.saucenao_27.apk,ares,1,300,0,0,0,0,0
com.luk.saucenao_27.apk,ares,2,60,0,0,0,0,0
com.luk.saucenao_27.apk,ares,2,180,0,0,0,0,0
com.luk.saucenao_27.apk,ares,2,300,0,0,0,0,0
com.luk.saucenao_27.apk,ares,3,60,0,0,0,0,0
com.luk.saucenao_27.apk,ares,3,180,0,0,0,0,0
com.luk.saucenao_27.apk,ares,3,300,0,0,0,0,0
com.luk.saucenao_27.apk,fastbot,1,60,0,0,0,0,0
com.luk.saucenao_27.apk,fastbot,1,180,0,0,0,0,0
com.luk.saucenao_27.apk,fastbot,1,300,0,0,0,0,0
com.luk.saucenao_27.apk,fastbot,2,60,0,0,0,0,0
com.luk.saucenao_27.apk,fastbot,2,180,0,0,0,0,0
com.luk.saucenao_27.apk,fastbot,2,300,0,0,0,0,0
com.luk.saucenao_27.apk,fastbot,3,60,0,0,0,0,0
com.luk.saucenao_27.apk,fastbot,3,180,0,0,0,0,0
com.luk.saucenao_27.apk,fastbot,3,300,0,0,0,0,0
com.luk.saucenao_27.apk,qtesting,1,60,0,0,0,0,0
com.luk.saucenao_27.apk,qtesting,1,180,0,0,0,0,0
com.luk.saucenao_27.apk,qtesting,1,300,0,0,0,0,0
com.luk.saucenao_27.apk,qtesting,2,60,0,0,0,0,0
com.luk.saucenao_27.apk,qtesting,2,180,0,0,0,0,0
com.luk.saucenao_27.apk,qtesting,2,300,0,0,0,0,0
com.luk.saucenao_27.apk,qtesting,3,60,0,0,0,0,0
com.luk.saucenao_27.apk,qtesting,3,180,0,0,0,0,0
com.luk.saucenao_27.apk,qtesting,3,300,0,0,0,0,0
com.password.monitor_102.apk,monkey,1,60,10,4,10,10,10.0
com.password.monitor_102.apk,monkey,1,180,10,4,10,10,10.0
com.password.monitor_102.apk,monkey,1,300,20,4,10,10,10.0
com.password.monitor_102.apk,monkey,2,60,0,0,0,0,0
com.password.monitor_102.apk,monkey,2,180,40,4,10,10,10.0
com.password.monitor_102.apk,monkey,2,300,10,4,10,10,10.0
com.password.monitor_102.apk,monkey,3,60,10,4,10,10,10.0
com.password.monitor_102.apk,monkey,3,180,10,4,10,10,10.0
com.password.monitor_102.apk,monkey,3,300,40,4,10,10,10.0
com.password.monitor_102.apk,droidbot:dfs_greedy,1,60,0,0,0,0,0
com.password.monitor_102.apk,droidbot:dfs_greedy,1,180,0,0,0,0,0
com.password.monitor_102.apk,droidbot:dfs_greedy,1,300,10,4,10,10,10.0
com.password.monitor_102.apk,droidbot:dfs_greedy,2,60,0,0,0,0,0
com.password.monitor_102.apk,droidbot:dfs_greedy,2,180,0,0,0,0,0
com.password.monitor_102.apk,droidbot:dfs_greedy,2,300,10,4,10,10,10.0
com.password.monitor_102.apk,droidbot:dfs_greedy,3,60,0,0,0,0,0
com.password.monitor_102.apk,droidbot:dfs_greedy,3,300,10,4,10,10,10.0
com.password.monitor_102.apk,droidbot:bfs_greedy,1,60,0,0,0,0,0
com.password.monitor_102.apk,droidbot:bfs_greedy,1,180,10,4,10,10,10.0
com.password.monitor_102.apk,droidbot:bfs_greedy,1,300,10,4,10,10,10.0
com.password.monitor_102.apk,droidbot:bfs_greedy,2,60,0,0,0,0,0
com.password.monitor_102.apk,droidbot:bfs_greedy,2,180,10,4,10,10,10.0
com.password.monitor_102.apk,droidbot:bfs_greedy,2,300,10,4,10,10,10.0
com.password.monitor_102.apk,droidbot:bfs_greedy,3,60,0,0,0,0,0
com.password.monitor_102.apk,droidbot:bfs_greedy,3,180,10,4,10,10,10.0
com.password.monitor_102.apk,droidbot:bfs_greedy,3,300,10,4,10,10,10.0
com.password.monitor_102.apk,droidbot:dfs_naive,1,60,0,0,0,0,0
com.password.monitor_102.apk,droidbot:dfs_naive,1,180,10,4,10,10,10.0
com.password.monitor_102.apk,droidbot:dfs_naive,1,300,0,0,0,0,0
com.password.monitor_102.apk,droidbot:dfs_naive,2,60,0,0,0,0,0
com.password.monitor_102.apk,droidbot:dfs_naive,2,180,10,4,10,10,10.0
com.password.monitor_102.apk,droidbot:dfs_naive,2,300,10,4,10,10,10.0
com.password.monitor_102.apk,droidbot:dfs_naive,3,60,0,0,0,0,0
com.password.monitor_102.apk,droidbot:dfs_naive,3,180,0,0,0,0,0
com.password.monitor_102.apk,droidbot:dfs_naive,3,300,0,0,0,0,0
com.password.monitor_102.apk,droidbot:bfs_naive,1,60,10,4,10,10,10.0
com.password.monitor_102.apk,droidbot:bfs_naive,1,180,0,0,0,0,0
com.password.monitor_102.apk,droidbot:bfs_naive,1,300,10,4,10,10,10.0
com.password.monitor_102.apk,droidbot:bfs_naive,2,60,0,0,0,0,0
com.password.monitor_102.apk,droidbot:bfs_naive,2,180,0,0,0,0,0
com.password.monitor_102.apk,droidbot:bfs_naive,2,300,0,0,0,0,0
com.password.monitor_102.apk,droidbot:bfs_naive,3,60,0,0,0,0,0
com.password.monitor_102.apk,droidbot:bfs_naive,3,180,0,0,0,0,0
com.password.monitor_102.apk,droidbot:bfs_naive,3,300,0,0,0,0,0
com.password.monitor_102.apk,ape,1,60,10,4,10,10,10.0
com.password.monitor_102.apk,ape,1,180,10,4,10,10,10.0
com.password.monitor_102.apk,ape,1,300,20,4,10,10,10.0
com.password.monitor_102.apk,ape,2,60,0,0,0,0,0
com.password.monitor_102.apk,ape,2,180,10,4,10,10,10.0
com.password.monitor_102.apk,ape,2,300,30,4,10,10,10.0
com.password.monitor_102.apk,ape,3,60,0,0,0,0,0
com.password.monitor_102.apk,ape,3,180,10,4,10,10,10.0
com.password.monitor_102.apk,ape,3,300,20,4,10,10,10.0
com.password.monitor_102.apk,droidmate,1,60,10,4,10,10,10.0
com.password.monitor_102.apk,droidmate,1,180,10,4,10,10,10.0
com.password.monitor_102.apk,droidmate,1,300,20,4,10,10,10.0
com.password.monitor_102.apk,droidmate,2,60,10,4,10,10,10.0
com.password.monitor_102.apk,droidmate,2,180,10,4,10,10,10.0
com.password.monitor_102.apk,droidmate,2,300,30,4,10,10,10.0
com.password.monitor_102.apk,droidmate,3,60,10,4,10,10,10.0
com.password.monitor_102.apk,droidmate,3,180,10,4,10,10,10.0
com.password.monitor_102.apk,droidmate,3,300,20,4,10,10,10.0
com.password.monitor_102.apk,humanoid,1,60,0,0,0,0,0
com.password.monitor_102.apk,humanoid,1,180,10,4,10,10,10.0
com.password.monitor_102.apk,humanoid,1,300,10,4,10,10,10.0
com.password.monitor_102.apk,humanoid,2,60,0,0,0,0,0
com.password.monitor_102.apk,humanoid,2,180,10,4,10,10,10.0
com.password.monitor_102.apk,humanoid,2,300,10,4,10,10,10.0
com.password.monitor_102.apk,humanoid,3,60,0,0,0,0,0
com.password.monitor_102.apk,humanoid,3,180,10,4,10,10,10.0
com.password.monitor_102.apk,humanoid,3,300,10,4,10,10,10.0
com.password.monitor_102.apk,ares,1,60,0,0,0,0,0
com.password.monitor_102.apk,ares,1,180,0,0,0,0,0
com.password.monitor_102.apk,ares,1,300,10,4,10,10,10.0
com.password.monitor_102.apk,ares,2,60,0,0,0,0,0
com.password.monitor_102.apk,ares,2,180,0,0,0,0,0
com.password.monitor_102.apk,ares,2,300,10,4,10,10,10.0
com.password.monitor_102.apk,ares,3,60,0,0,0,0,0
com.password.monitor_102.apk,ares,3,180,0,0,0,0,0
com.password.monitor_102.apk,ares,3,300,10,4,10,10,10.0
com.password.monitor_102.apk,fastbot,1,60,0,0,0,0,0
com.password.monitor_102.apk,fastbot,1,180,10,4,10,10,10.0
com.password.monitor_102.apk,fastbot,1,300,0,0,0,0,0
com.password.monitor_102.apk,fastbot,2,60,0,0,0,0,0
com.password.monitor_102.apk,fastbot,2,180,10,4,10,10,10.0
com.password.monitor_102.apk,fastbot,2,300,0,0,0,0,0
com.password.monitor_102.apk,fastbot,3,60,0,0,0,0,0
com.password.monitor_102.apk,fastbot,3,180,0,0,0,0,0
com.password.monitor_102.apk,fastbot,3,300,10,4,10,10,10.0
com.password.monitor_102.apk,qtesting,1,60,0,0,0,0,0
com.password.monitor_102.apk,qtesting,1,180,0,0,0,0,0
com.password.monitor_102.apk,qtesting,1,300,0,0,0,0,0
com.password.monitor_102.apk,qtesting,2,60,0,0,0,0,0
com.password.monitor_102.apk,qtesting,2,180,0,0,0,0,0
com.password.monitor_102.apk,qtesting,2,300,0,0,0,0,0
com.password.monitor_102.apk,qtesting,3,60,0,0,0,0,0
com.password.monitor_102.apk,qtesting,3,180,0,0,0,0,0
com.password.monitor_102.apk,qtesting,3,300,0,0,0,0,0
com.smartpack.packagemanager_79.apk,monkey,1,60,0,0,0,0,0
com.smartpack.packagemanager_79.apk,monkey,1,180,6,1,3,3,3.0
com.smartpack.packagemanager_79.apk,monkey,1,300,9,1,3,3,3.0
com.smartpack.packagemanager_79.apk,monkey,2,60,6,1,3,3,3.0
com.smartpack.packagemanager_79.apk,monkey,2,180,3,1,3,3,3.0
com.smartpack.packagemanager_79.apk,monkey,3,60,3,1,3,3,3.0
com.smartpack.packagemanager_79.apk,monkey,3,180,6,1,3,3,3.0
com.smartpack.packagemanager_79.apk,monkey,3,300,3,1,3,3,3.0
com.smartpack.packagemanager_79.apk,droidbot:dfs_greedy,1,60,0,0,0,0,0
com.smartpack.packagemanager_79.apk,droidbot:dfs_greedy,1,180,0,0,0,0,0
com.smartpack.packagemanager_79.apk,droidbot:dfs_greedy,1,300,3,1,3,3,3.0
com.smartpack.packagemanager_79.apk,droidbot:dfs_greedy,2,60,0,0,0,0,0
com.smartpack.packagemanager_79.apk,droidbot:dfs_greedy,2,180,3,1,3,3,3.0
com.smartpack.packagemanager_79.apk,droidbot:dfs_greedy,2,300,3,1,3,3,3.0
com.smartpack.packagemanager_79.apk,droidbot:dfs_greedy,3,60,0,0,0,0,0
com.smartpack.packagemanager_79.apk,droidbot:dfs_greedy,3,180,0,0,0,0,0
com.smartpack.packagemanager_79.apk,droidbot:dfs_greedy,3,300,3,1,3,3,3.0
com.smartpack.packagemanager_79.apk,droidbot:bfs_greedy,1,60,0,0,0,0,0
com.smartpack.packagemanager_79.apk,droidbot:bfs_greedy,1,180,0,0,0,0,0
com.smartpack.packagemanager_79.apk,droidbot:bfs_greedy,1,300,3,1,3,3,3.0
com.smartpack.packagemanager_79.apk,droidbot:bfs_greedy,2,60,0,0,0,0,0
com.smartpack.packagemanager_79.apk,droidbot:bfs_greedy,2,180,0,0,0,0,0
com.smartpack.packagemanager_79.apk,droidbot:bfs_greedy,2,300,3,1,3,3,3.0
com.smartpack.packagemanager_79.apk,droidbot:bfs_greedy,3,60,0,0,0,0,0
com.smartpack.packagemanager_79.apk,droidbot:bfs_greedy,3,180,0,0,0,0,0
com.smartpack.packagemanager_79.apk,droidbot:bfs_greedy,3,300,3,1,3,3,3.0
com.smartpack.packagemanager_79.apk,droidbot:dfs_naive,1,60,0,0,0,0,0
com.smartpack.packagemanager_79.apk,droidbot:dfs_naive,1,180,3,1,3,3,3.0
com.smartpack.packagemanager_79.apk,droidbot:dfs_naive,1,300,3,1,3,3,3.0
com.smartpack.packagemanager_79.apk,droidbot:dfs_naive,2,60,0,0,0,0,0
com.smartpack.packagemanager_79.apk,droidbot:dfs_naive,2,180,3,1,3,3,3.0
com.smartpack.packagemanager_79.apk,droidbot:dfs_naive,2,300,3,1,3,3,3.0
com.smartpack.packagemanager_79.apk,droidbot:dfs_naive,3,60,0,0,0,0,0
com.smartpack.packagemanager_79.apk,droidbot:dfs_naive,3,180,3,1,3,3,3.0
com.smartpack.packagemanager_79.apk,droidbot:dfs_naive,3,300,3,1,3,3,3.0
com.smartpack.packagemanager_79.apk,droidbot:bfs_naive,1,60,0,0,0,0,0
com.smartpack.packagemanager_79.apk,droidbot:bfs_naive,1,180,3,1,3,3,3.0
com.smartpack.packagemanager_79.apk,droidbot:bfs_naive,1,300,3,1,3,3,3.0
com.smartpack.packagemanager_79.apk,droidbot:bfs_naive,2,60,0,0,0,0,0
com.smartpack.packagemanager_79.apk,droidbot:bfs_naive,2,180,3,1,3,3,3.0
com.smartpack.packagemanager_79.apk,droidbot:bfs_naive,2,300,3,1,3,3,3.0
com.smartpack.packagemanager_79.apk,droidbot:bfs_naive,3,60,0,0,0,0,0
com.smartpack.packagemanager_79.apk,droidbot:bfs_naive,3,180,3,1,3,3,3.0
com.smartpack.packagemanager_79.apk,droidbot:bfs_naive,3,300,3,1,3,3,3.0
com.smartpack.packagemanager_79.apk,ape,1,60,3,1,3,3,3.0
com.smartpack.packagemanager_79.apk,ape,1,180,3,1,3,3,3.0
com.smartpack.packagemanager_79.apk,ape,1,300,6,1,3,3,3.0
com.smartpack.packagemanager_79.apk,ape,2,60,3,1,3,3,3.0
com.smartpack.packagemanager_79.apk,ape,2,180,3,1,3,3,3.0
com.smartpack.packagemanager_79.apk,ape,2,300,6,1,3,3,3.0
com.smartpack.packagemanager_79.apk,ape,3,60,3,1,3,3,3.0
com.smartpack.packagemanager_79.apk,ape,3,180,3,1,3,3,3.0
com.smartpack.packagemanager_79.apk,ape,3,300,9,1,3,3,3.0
com.smartpack.packagemanager_79.apk,droidmate,1,60,0,0,0,0,0
com.smartpack.packagemanager_79.apk,droidmate,1,180,3,1,3,3,3.0
com.smartpack.packagemanager_79.apk,droidmate,1,300,6,1,3,3,3.0
com.smartpack.packagemanager_79.apk,droidmate,2,60,0,0,0,0,0
com.smartpack.packagemanager_79.apk,droidmate,2,180,3,1,3,3,3.0
com.smartpack.packagemanager_79.apk,droidmate,2,300,6,1,3,3,3.0
com.smartpack.packagemanager_79.apk,droidmate,3,60,0,0,0,0,0
com.smartpack.packagemanager_79.apk,droidmate,3,180,3,1,3,3,3.0
com.smartpack.packagemanager_79.apk,droidmate,3,300,3,1,3,3,3.0
com.smartpack.packagemanager_79.apk,humanoid,1,60,3,1,3,3,3.0
com.smartpack.packagemanager_79.apk,humanoid,1,180,3,1,3,3,3.0
com.smartpack.packagemanager_79.apk,humanoid,1,300,3,1,3,3,3.0
com.smartpack.packagemanager_79.apk,humanoid,2,60,0,0,0,0,0
com.smartpack.packagemanager_79.apk,humanoid,2,180,3,1,3,3,3.0
com.smartpack.packagemanager_79.apk,humanoid,2,300,9,1,3,3,3.0
com.smartpack.packagemanager_79.apk,humanoid,3,60,3,1,3,3,3.0
com.smartpack.packagemanager_79.apk,humanoid,3,180,3,1,3,3,3.0
com.smartpack.packagemanager_79.apk,humanoid,3,300,3,1,3,3,3.0
com.smartpack.packagemanager_79.apk,ares,1,60,0,0,0,0,0
com.smartpack.packagemanager_79.apk,ares,1,180,0,0,0,0,0
com.smartpack.packagemanager_79.apk,ares,1,300,6,1,3,3,3.0
com.smartpack.packagemanager_79.apk,ares,2,60,0,0,0,0,0
com.smartpack.packagemanager_79.apk,ares,2,180,3,1,3,3,3.0
com.smartpack.packagemanager_79.apk,ares,2,300,6,1,3,3,3.0
com.smartpack.packagemanager_79.apk,ares,3,60,3,1,3,3,3.0
com.smartpack.packagemanager_79.apk,ares,3,180,3,1,3,3,3.0
com.smartpack.packagemanager_79.apk,ares,3,300,3,1,3,3,3.0
com.smartpack.packagemanager_79.apk,fastbot,1,60,0,0,0,0,0
com.smartpack.packagemanager_79.apk,fastbot,1,180,3,1,3,3,3.0
com.smartpack.packagemanager_79.apk,fastbot,1,300,3,1,3,3,3.0
com.smartpack.packagemanager_79.apk,fastbot,2,60,3,1,3,3,3.0
com.smartpack.packagemanager_79.apk,fastbot,2,180,3,1,3,3,3.0
com.smartpack.packagemanager_79.apk,fastbot,2,300,3,1,3,3,3.0
com.smartpack.packagemanager_79.apk,fastbot,3,60,3,1,3,3,3.0
com.smartpack.packagemanager_79.apk,fastbot,3,180,3,1,3,3,3.0
com.smartpack.packagemanager_79.apk,fastbot,3,300,3,1,3,3,3.0
com.smartpack.packagemanager_79.apk,qtesting,1,60,6,1,3,3,3.0
com.smartpack.packagemanager_79.apk,qtesting,1,180,6,1,3,3,3.0
com.smartpack.packagemanager_79.apk,qtesting,1,300,12,1,3,3,3.0
com.smartpack.packagemanager_79.apk,qtesting,2,60,3,1,3,3,3.0
com.smartpack.packagemanager_79.apk,qtesting,2,180,9,1,3,3,3.0
com.smartpack.packagemanager_79.apk,qtesting,2,300,12,1,3,3,3.0
com.smartpack.packagemanager_79.apk,qtesting,3,60,3,1,3,3,3.0
com.smartpack.packagemanager_79.apk,qtesting,3,180,12,1,3,3,3.0
com.smartpack.packagemanager_79.apk,qtesting,3,300,9,1,3,3,3.0
com.vrem.wifianalyzer_71.apk,monkey,1,60,10,2,10,10,10.0
com.vrem.wifianalyzer_71.apk,monkey,1,180,10,2,10,10,10.0
com.vrem.wifianalyzer_71.apk,monkey,1,300,10,2,10,10,10.0
com.vrem.wifianalyzer_71.apk,monkey,2,60,10,2,10,10,10.0
com.vrem.wifianalyzer_71.apk,monkey,2,180,10,2,10,10,10.0
com.vrem.wifianalyzer_71.apk,monkey,2,300,10,2,10,10,10.0
com.vrem.wifianalyzer_71.apk,monkey,3,60,10,2,10,10,10.0
com.vrem.wifianalyzer_71.apk,monkey,3,180,10,2,10,10,10.0
com.vrem.wifianalyzer_71.apk,monkey,3,300,10,2,10,10,10.0
com.vrem.wifianalyzer_71.apk,droidbot:dfs_greedy,1,60,5,1,5,5,5.0
com.vrem.wifianalyzer_71.apk,droidbot:dfs_greedy,1,180,5,1,5,5,5.0
com.vrem.wifianalyzer_71.apk,droidbot:dfs_greedy,1,300,5,1,5,5,5.0
com.vrem.wifianalyzer_71.apk,droidbot:dfs_greedy,2,60,5,1,5,5,5.0
com.vrem.wifianalyzer_71.apk,droidbot:dfs_greedy,2,180,5,1,5,5,5.0
com.vrem.wifianalyzer_71.apk,droidbot:dfs_greedy,2,300,10,2,10,10,10.0
com.vrem.wifianalyzer_71.apk,droidbot:dfs_greedy,3,60,5,1,5,5,5.0
com.vrem.wifianalyzer_71.apk,droidbot:dfs_greedy,3,180,5,1,5,5,5.0
com.vrem.wifianalyzer_71.apk,droidbot:dfs_greedy,3,300,10,2,10,10,10.0
com.vrem.wifianalyzer_71.apk,droidbot:bfs_greedy,1,60,5,1,5,5,5.0
com.vrem.wifianalyzer_71.apk,droidbot:bfs_greedy,1,180,5,1,5,5,5.0
com.vrem.wifianalyzer_71.apk,droidbot:bfs_greedy,1,300,10,2,10,10,10.0
com.vrem.wifianalyzer_71.apk,droidbot:bfs_greedy,2,60,5,1,5,5,5.0
com.vrem.wifianalyzer_71.apk,droidbot:bfs_greedy,2,180,5,1,5,5,5.0
com.vrem.wifianalyzer_71.apk,droidbot:bfs_greedy,2,300,10,2,10,10,10.0
com.vrem.wifianalyzer_71.apk,droidbot:bfs_greedy,3,60,5,1,5,5,5.0
com.vrem.wifianalyzer_71.apk,droidbot:bfs_greedy,3,180,5,1,5,5,5.0
com.vrem.wifianalyzer_71.apk,droidbot:bfs_greedy,3,300,10,2,10,10,10.0
com.vrem.wifianalyzer_71.apk,droidbot:dfs_naive,1,60,5,1,5,5,5.0
com.vrem.wifianalyzer_71.apk,droidbot:dfs_naive,1,180,5,1,5,5,5.0
com.vrem.wifianalyzer_71.apk,droidbot:dfs_naive,1,300,5,1,5,5,5.0
com.vrem.wifianalyzer_71.apk,droidbot:dfs_naive,2,60,5,1,5,5,5.0
com.vrem.wifianalyzer_71.apk,droidbot:dfs_naive,2,180,5,1,5,5,5.0
com.vrem.wifianalyzer_71.apk,droidbot:dfs_naive,2,300,5,1,5,5,5.0
com.vrem.wifianalyzer_71.apk,droidbot:dfs_naive,3,60,5,1,5,5,5.0
com.vrem.wifianalyzer_71.apk,droidbot:dfs_naive,3,180,5,1,5,5,5.0
com.vrem.wifianalyzer_71.apk,droidbot:dfs_naive,3,300,5,1,5,5,5.0
com.vrem.wifianalyzer_71.apk,droidbot:bfs_naive,1,60,5,1,5,5,5.0
com.vrem.wifianalyzer_71.apk,droidbot:bfs_naive,1,180,5,1,5,5,5.0
com.vrem.wifianalyzer_71.apk,droidbot:bfs_naive,1,300,5,1,5,5,5.0
com.vrem.wifianalyzer_71.apk,droidbot:bfs_naive,2,60,5,1,5,5,5.0
com.vrem.wifianalyzer_71.apk,droidbot:bfs_naive,2,180,5,1,5,5,5.0
com.vrem.wifianalyzer_71.apk,droidbot:bfs_naive,2,300,5,1,5,5,5.0
com.vrem.wifianalyzer_71.apk,droidbot:bfs_naive,3,60,5,1,5,5,5.0
com.vrem.wifianalyzer_71.apk,droidbot:bfs_naive,3,180,5,1,5,5,5.0
com.vrem.wifianalyzer_71.apk,droidbot:bfs_naive,3,300,5,1,5,5,5.0
com.vrem.wifianalyzer_71.apk,ape,1,60,10,2,10,10,10.0
com.vrem.wifianalyzer_71.apk,ape,1,180,10,2,10,10,10.0
com.vrem.wifianalyzer_71.apk,ape,1,300,35,2,10,10,10.0
com.vrem.wifianalyzer_71.apk,ape,2,60,10,2,10,10,10.0
com.vrem.wifianalyzer_71.apk,ape,2,180,10,2,10,10,10.0
com.vrem.wifianalyzer_71.apk,ape,2,300,30,2,10,10,10.0
com.vrem.wifianalyzer_71.apk,ape,3,60,20,2,10,10,10.0
com.vrem.wifianalyzer_71.apk,ape,3,180,15,2,10,10,10.0
com.vrem.wifianalyzer_71.apk,ape,3,300,20,2,10,10,10.0
com.vrem.wifianalyzer_71.apk,droidmate,1,60,5,1,5,5,5.0
com.vrem.wifianalyzer_71.apk,droidmate,1,180,25,1,5,5,5.0
com.vrem.wifianalyzer_71.apk,droidmate,1,300,45,1,5,5,5.0
com.vrem.wifianalyzer_71.apk,droidmate,2,60,5,1,5,5,5.0
com.vrem.wifianalyzer_71.apk,droidmate,2,180,25,1,5,5,5.0
com.vrem.wifianalyzer_71.apk,droidmate,2,300,45,1,5,5,5.0
com.vrem.wifianalyzer_71.apk,droidmate,3,60,5,1,5,5,5.0
com.vrem.wifianalyzer_71.apk,droidmate,3,180,25,1,5,5,5.0
com.vrem.wifianalyzer_71.apk,droidmate,3,300,45,1,5,5,5.0
com.vrem.wifianalyzer_71.apk,humanoid,1,60,10,2,10,10,10.0
com.vrem.wifianalyzer_71.apk,humanoid,1,180,10,2,10,10,10.0
com.vrem.wifianalyzer_71.apk,humanoid,1,300,10,2,10,10,10.0
com.vrem.wifianalyzer_71.apk,humanoid,2,60,5,1,5,5,5.0
com.vrem.wifianalyzer_71.apk,humanoid,2,180,10,2,10,10,10.0
com.vrem.wifianalyzer_71.apk,humanoid,2,300,10,2,10,10,10.0
com.vrem.wifianalyzer_71.apk,humanoid,3,60,10,2,10,10,10.0
com.vrem.wifianalyzer_71.apk,humanoid,3,180,10,2,10,10,10.0
com.vrem.wifianalyzer_71.apk,humanoid,3,300,10,2,10,10,10.0
com.vrem.wifianalyzer_71.apk,ares,1,60,10,1,5,5,5.0
com.vrem.wifianalyzer_71.apk,ares,1,180,15,2,10,10,10.0
com.vrem.wifianalyzer_71.apk,ares,1,300,15,2,10,10,10.0
com.vrem.wifianalyzer_71.apk,ares,2,60,10,1,5,5,5.0
com.vrem.wifianalyzer_71.apk,ares,2,180,15,2,10,10,10.0
com.vrem.wifianalyzer_71.apk,ares,2,300,15,2,10,10,10.0
com.vrem.wifianalyzer_71.apk,ares,3,60,10,1,5,5,5.0
com.vrem.wifianalyzer_71.apk,ares,3,180,15,2,10,10,10.0
com.vrem.wifianalyzer_71.apk,ares,3,300,15,2,10,10,10.0
com.vrem.wifianalyzer_71.apk,fastbot,1,60,10,2,10,10,10.0
com.vrem.wifianalyzer_71.apk,fastbot,1,180,10,2,10,10,10.0
com.vrem.wifianalyzer_71.apk,fastbot,1,300,10,2,10,10,10.0
com.vrem.wifianalyzer_71.apk,fastbot,2,60,10,2,10,10,10.0
com.vrem.wifianalyzer_71.apk,fastbot,2,180,10,2,10,10,10.0
com.vrem.wifianalyzer_71.apk,fastbot,3,60,10,2,10,10,10.0
com.vrem.wifianalyzer_71.apk,fastbot,3,180,5,1,5,5,5.0
com.vrem.wifianalyzer_71.apk,fastbot,3,300,9,2,9,9,9.0
com.vrem.wifianalyzer_71.apk,qtesting,1,60,15,2,10,10,10.0
com.vrem.wifianalyzer_71.apk,qtesting,1,180,45,2,10,10,10.0
com.vrem.wifianalyzer_71.apk,qtesting,1,300,65,2,10,10,10.0
com.vrem.wifianalyzer_71.apk,qtesting,2,60,20,2,10,10,10.0
com.vrem.wifianalyzer_71.apk,qtesting,2,180,60,2,10,10,10.0
com.vrem.wifianalyzer_71.apk,qtesting,2,300,100,2,10,10,10.0
com.vrem.wifianalyzer_71.apk,qtesting,3,60,15,2,10,10,10.0
com.vrem.wifianalyzer_71.apk,qtesting,3,180,55,2,10,10,10.0
com.vrem.wifianalyzer_71.apk,qtesting,3,300,90,2,10,10,10.0
dev.leonlatsch.photok_62.apk,monkey,1,60,0,0,0,0,0
dev.leonlatsch.photok_62.apk,monkey,1,180,0,0,0,0,0
dev.leonlatsch.photok_62.apk,monkey,1,300,8,8,8,8,8.0
dev.leonlatsch.photok_62.apk,monkey,2,60,0,0,0,0,0
dev.leonlatsch.photok_62.apk,monkey,2,180,0,0,0,0,0
dev.leonlatsch.photok_62.apk,monkey,3,60,0,0,0,0,0
dev.leonlatsch.photok_62.apk,monkey,3,180,0,0,0,0,0
dev.leonlatsch.photok_62.apk,monkey,3,300,0,0,0,0,0
dev.leonlatsch.photok_62.apk,droidbot:dfs_greedy,1,60,0,0,0,0,0
dev.leonlatsch.photok_62.apk,droidbot:dfs_greedy,1,180,8,8,8,8,8.0
dev.leonlatsch.photok_62.apk,droidbot:dfs_greedy,1,300,8,8,8,8,8.0
dev.leonlatsch.photok_62.apk,droidbot:dfs_greedy,2,60,0,0,0,0,0
dev.leonlatsch.photok_62.apk,droidbot:dfs_greedy,2,180,8,8,8,8,8.0
dev.leonlatsch.photok_62.apk,droidbot:dfs_greedy,2,300,8,8,8,8,8.0
dev.leonlatsch.photok_62.apk,droidbot:dfs_greedy,3,60,0,0,0,0,0
dev.leonlatsch.photok_62.apk,droidbot:dfs_greedy,3,180,8,8,8,8,8.0
dev.leonlatsch.photok_62.apk,droidbot:dfs_greedy,3,300,8,8,8,8,8.0
dev.leonlatsch.photok_62.apk,droidbot:bfs_greedy,1,60,0,0,0,0,0
dev.leonlatsch.photok_62.apk,droidbot:bfs_greedy,1,180,8,8,8,8,8.0
dev.leonlatsch.photok_62.apk,droidbot:bfs_greedy,1,300,8,8,8,8,8.0
dev.leonlatsch.photok_62.apk,droidbot:bfs_greedy,2,60,0,0,0,0,0
dev.leonlatsch.photok_62.apk,droidbot:bfs_greedy,2,180,8,8,8,8,8.0
dev.leonlatsch.photok_62.apk,droidbot:bfs_greedy,2,300,8,8,8,8,8.0
dev.leonlatsch.photok_62.apk,droidbot:bfs_greedy,3,60,0,0,0,0,0
dev.leonlatsch.photok_62.apk,droidbot:bfs_greedy,3,180,8,8,8,8,8.0
dev.leonlatsch.photok_62.apk,droidbot:bfs_greedy,3,300,8,8,8,8,8.0
dev.leonlatsch.photok_62.apk,droidbot:dfs_naive,1,60,0,0,0,0,0
dev.leonlatsch.photok_62.apk,droidbot:dfs_naive,1,180,0,0,0,0,0
dev.leonlatsch.photok_62.apk,droidbot:dfs_naive,1,300,8,8,8,8,8.0
dev.leonlatsch.photok_62.apk,droidbot:dfs_naive,2,60,0,0,0,0,0
dev.leonlatsch.photok_62.apk,droidbot:dfs_naive,2,180,8,8,8,8,8.0
dev.leonlatsch.photok_62.apk,droidbot:dfs_naive,2,300,8,8,8,8,8.0
dev.leonlatsch.photok_62.apk,droidbot:dfs_naive,3,60,0,0,0,0,0
dev.leonlatsch.photok_62.apk,droidbot:dfs_naive,3,180,8,8,8,8,8.0
dev.leonlatsch.photok_62.apk,droidbot:dfs_naive,3,300,8,8,8,8,8.0
dev.leonlatsch.photok_62.apk,droidbot:bfs_naive,1,60,0,0,0,0,0
dev.leonlatsch.photok_62.apk,droidbot:bfs_naive,1,180,0,0,0,0,0
dev.leonlatsch.photok_62.apk,droidbot:bfs_naive,1,300,8,8,8,8,8.0
dev.leonlatsch.photok_62.apk,droidbot:bfs_naive,2,60,0,0,0,0,0
dev.leonlatsch.photok_62.apk,droidbot:bfs_naive,2,180,8,8,8,8,8.0
dev.leonlatsch.photok_62.apk,droidbot:bfs_naive,2,300,0,0,0,0,0
dev.leonlatsch.photok_62.apk,droidbot:bfs_naive,3,60,0,0,0,0,0
dev.leonlatsch.photok_62.apk,droidbot:bfs_naive,3,180,8,8,8,8,8.0
dev.leonlatsch.photok_62.apk,droidbot:bfs_naive,3,300,8,8,8,8,8.0
dev.leonlatsch.photok_62.apk,ape,1,60,0,0,0,0,0
dev.leonlatsch.photok_62.apk,ape,1,180,8,8,8,8,8.0
dev.leonlatsch.photok_62.apk,ape,1,300,14,8,8,8,8.0
dev.leonlatsch.photok_62.apk,ape,2,60,8,8,8,8,8.0
dev.leonlatsch.photok_62.apk,ape,2,180,8,8,8,8,8.0
dev.leonlatsch.photok_62.apk,ape,2,300,14,8,8,8,8.0
dev.leonlatsch.photok_62.apk,ape,3,60,8,8,8,8,8.0
dev.leonlatsch.photok_62.apk,ape,3,180,0,0,0,0,0
dev.leonlatsch.photok_62.apk,ape,3,300,8,8,8,8,8.0
dev.leonlatsch.photok_62.apk,droidmate,1,60,0,0,0,0,0
dev.leonlatsch.photok_62.apk,droidmate,1,180,8,8,8,8,8.0
dev.leonlatsch.photok_62.apk,droidmate,1,300,8,8,8,8,8.0
dev.leonlatsch.photok_62.apk,droidmate,2,60,0,0,0,0,0
dev.leonlatsch.photok_62.apk,droidmate,2,180,8,8,8,8,8.0
dev.leonlatsch.photok_62.apk,droidmate,2,300,8,8,8,8,8.0
dev.leonlatsch.photok_62.apk,droidmate,3,60,0,0,0,0,0
dev.leonlatsch.photok_62.apk,droidmate,3,180,8,8,8,8,8.0
dev.leonlatsch.photok_62.apk,droidmate,3,300,8,8,8,8,8.0
dev.leonlatsch.photok_62.apk,humanoid,1,60,0,0,0,0,0
dev.leonlatsch.photok_62.apk,humanoid,1,180,0,0,0,0,0
dev.leonlatsch.photok_62.apk,humanoid,1,300,8,8,8,8,8.0
dev.leonlatsch.photok_62.apk,humanoid,2,60,0,0,0,0,0
dev.leonlatsch.photok_62.apk,humanoid,2,180,8,8,8,8,8.0
dev.leonlatsch.photok_62.apk,humanoid,2,300,14,8,8,8,8.0
dev.leonlatsch.photok_62.apk,humanoid,3,60,0,0,0,0,0
dev.leonlatsch.photok_62.apk,humanoid,3,180,8,8,8,8,8.0
dev.leonlatsch.photok_62.apk,humanoid,3,300,14,8,8,8,8.0
dev.leonlatsch.photok_62.apk,ares,1,60,0,0,0,0,0
dev.leonlatsch.photok_62.apk,ares,1,180,0,0,0,0,0
dev.leonlatsch.photok_62.apk,ares,1,300,0,0,0,0,0
dev.leonlatsch.photok_62.apk,ares,2,60,0,0,0,0,0
dev.leonlatsch.photok_62.apk,ares,2,180,0,0,0,0,0
dev.leonlatsch.photok_62.apk,ares,2,300,0,0,0,0,0
dev.leonlatsch.photok_62.apk,ares,3,60,0,0,0,0,0
dev.leonlatsch.photok_62.apk,ares,3,180,0,0,0,0,0
dev.leonlatsch.photok_62.apk,ares,3,300,0,0,0,0,0
dev.leonlatsch.photok_62.apk,fastbot,1,60,8,8,8,8,8.0
dev.leonlatsch.photok_62.apk,fastbot,1,180,0,0,0,0,0
dev.leonlatsch.photok_62.apk,fastbot,1,300,8,8,8,8,8.0
dev.leonlatsch.photok_62.apk,fastbot,2,60,0,0,0,0,0
dev.leonlatsch.photok_62.apk,fastbot,2,180,8,8,8,8,8.0
dev.leonlatsch.photok_62.apk,fastbot,2,300,8,8,8,8,8.0
dev.leonlatsch.photok_62.apk,fastbot,3,60,8,8,8,8,8.0
com.floflacards.app_14.apk,qtesting,2,180,0,0,0,0,0
com.password.monitor_102.apk,droidbot:dfs_greedy,3,180,0,0,0,0,0
com.smartpack.packagemanager_79.apk,monkey,2,300,12,1,3,3,3.0
com.vrem.wifianalyzer_71.apk,fastbot,2,300,10,2,10,10,10.0
dev.leonlatsch.photok_62.apk,monkey,2,300,0,0,0,0,0
dev.leonlatsch.photok_62.apk,fastbot,3,180,8,8,8,8,8.0
dev.leonlatsch.photok_62.apk,fastbot,3,300,8,8,8,8,8.0
dev.leonlatsch.photok_62.apk,qtesting,1,60,0,0,0,0,0
dev.leonlatsch.photok_62.apk,qtesting,1,180,0,0,0,0,0
dev.leonlatsch.photok_62.apk,qtesting,1,300,0,0,0,0,0
dev.leonlatsch.photok_62.apk,qtesting,2,60,0,0,0,0,0
dev.leonlatsch.photok_62.apk,qtesting,2,180,0,0,0,0,0
dev.leonlatsch.photok_62.apk,qtesting,2,300,0,0,0,0,0
dev.leonlatsch.photok_62.apk,qtesting,3,60,0,0,0,0,0
dev.leonlatsch.photok_62.apk,qtesting,3,180,0,0,0,0,0
dev.leonlatsch.photok_62.apk,qtesting,3,300,0,0,0,0,0
github.paroj.dsub2000_217.apk,monkey,1,60,12,3,6,6,6.0
github.paroj.dsub2000_217.apk,monkey,1,180,12,3,6,6,6.0
github.paroj.dsub2000_217.apk,monkey,1,300,18,3,6,6,6.0
github.paroj.dsub2000_217.apk,monkey,2,60,8,3,6,6,6.0
github.paroj.dsub2000_217.apk,monkey,2,180,12,3,6,6,6.0
github.paroj.dsub2000_217.apk,monkey,2,300,12,3,6,6,6.0
github.paroj.dsub2000_217.apk,monkey,3,60,12,3,6,6,6.0
github.paroj.dsub2000_217.apk,monkey,3,180,12,3,6,6,6.0
github.paroj.dsub2000_217.apk,monkey,3,300,12,3,6,6,6.0
github.paroj.dsub2000_217.apk,droidbot:dfs_greedy,1,60,12,3,6,6,6.0
github.paroj.dsub2000_217.apk,droidbot:dfs_greedy,1,180,24,3,6,6,6.0
github.paroj.dsub2000_217.apk,droidbot:dfs_greedy,1,300,20,3,6,6,6.0
github.paroj.dsub2000_217.apk,droidbot:dfs_greedy,2,60,18,3,6,6,6.0
github.paroj.dsub2000_217.apk,droidbot:dfs_greedy,2,180,30,3,6,6,6.0
github.paroj.dsub2000_217.apk,droidbot:dfs_greedy,2,300,42,3,6,6,6.0
github.paroj.dsub2000_217.apk,droidbot:dfs_greedy,3,60,18,3,6,6,6.0
github.paroj.dsub2000_217.apk,droidbot:dfs_greedy,3,180,14,3,6,6,6.0
github.paroj.dsub2000_217.apk,droidbot:dfs_greedy,3,300,18,3,6,6,6.0
github.paroj.dsub2000_217.apk,droidbot:bfs_greedy,1,60,12,3,6,6,6.0
github.paroj.dsub2000_217.apk,droidbot:bfs_greedy,1,180,12,3,6,6,6.0
github.paroj.dsub2000_217.apk,droidbot:bfs_greedy,1,300,12,3,6,6,6.0
github.paroj.dsub2000_217.apk,droidbot:bfs_greedy,2,60,12,3,6,6,6.0
github.paroj.dsub2000_217.apk,droidbot:bfs_greedy,2,180,12,3,6,6,6.0
github.paroj.dsub2000_217.apk,droidbot:bfs_greedy,2,300,12,3,6,6,6.0
github.paroj.dsub2000_217.apk,droidbot:bfs_greedy,3,60,12,3,6,6,6.0
github.paroj.dsub2000_217.apk,droidbot:bfs_greedy,3,180,12,3,6,6,6.0
github.paroj.dsub2000_217.apk,droidbot:bfs_greedy,3,300,12,3,6,6,6.0
github.paroj.dsub2000_217.apk,droidbot:dfs_naive,1,60,18,3,6,6,6.0
github.paroj.dsub2000_217.apk,droidbot:dfs_naive,1,180,18,3,6,6,6.0
github.paroj.dsub2000_217.apk,droidbot:dfs_naive,1,300,12,3,6,6,6.0
github.paroj.dsub2000_217.apk,droidbot:dfs_naive,2,60,12,3,6,6,6.0
github.paroj.dsub2000_217.apk,droidbot:dfs_naive,2,180,12,3,6,6,6.0
github.paroj.dsub2000_217.apk,droidbot:dfs_naive,2,300,18,3,6,6,6.0
github.paroj.dsub2000_217.apk,droidbot:dfs_naive,3,60,18,3,6,6,6.0
github.paroj.dsub2000_217.apk,droidbot:dfs_naive,3,180,18,3,6,6,6.0
github.paroj.dsub2000_217.apk,droidbot:dfs_naive,3,300,18,3,6,6,6.0
github.paroj.dsub2000_217.apk,droidbot:bfs_naive,1,60,18,3,6,6,6.0
github.paroj.dsub2000_217.apk,droidbot:bfs_naive,1,180,18,3,6,6,6.0
github.paroj.dsub2000_217.apk,droidbot:bfs_naive,1,300,18,3,6,6,6.0
github.paroj.dsub2000_217.apk,droidbot:bfs_naive,2,60,18,3,6,6,6.0
github.paroj.dsub2000_217.apk,droidbot:bfs_naive,2,180,14,3,6,6,6.0
github.paroj.dsub2000_217.apk,droidbot:bfs_naive,2,300,18,3,6,6,6.0
github.paroj.dsub2000_217.apk,droidbot:bfs_naive,3,60,18,3,6,6,6.0
github.paroj.dsub2000_217.apk,droidbot:bfs_naive,3,180,12,3,6,6,6.0
github.paroj.dsub2000_217.apk,droidbot:bfs_naive,3,300,18,3,6,6,6.0
github.paroj.dsub2000_217.apk,ape,1,60,18,3,6,6,6.0
github.paroj.dsub2000_217.apk,ape,1,180,30,3,6,6,6.0
github.paroj.dsub2000_217.apk,ape,1,300,47,3,6,6,6.0
github.paroj.dsub2000_217.apk,ape,2,60,30,3,6,6,6.0
github.paroj.dsub2000_217.apk,ape,2,180,40,3,6,6,6.0
github.paroj.dsub2000_217.apk,ape,2,300,26,3,6,6,6.0
github.paroj.dsub2000_217.apk,ape,3,60,20,3,6,6,6.0
github.paroj.dsub2000_217.apk,ape,3,180,12,3,6,6,6.0
github.paroj.dsub2000_217.apk,ape,3,300,21,3,6,6,6.0
github.paroj.dsub2000_217.apk,droidmate,1,60,12,3,6,6,6.0
github.paroj.dsub2000_217.apk,droidmate,1,180,12,3,6,6,6.0
github.paroj.dsub2000_217.apk,droidmate,1,300,12,3,6,6,6.0
github.paroj.dsub2000_217.apk,droidmate,2,60,12,3,6,6,6.0
github.paroj.dsub2000_217.apk,droidmate,2,180,12,3,6,6,6.0
github.paroj.dsub2000_217.apk,droidmate,2,300,24,3,6,6,6.0
github.paroj.dsub2000_217.apk,droidmate,3,60,12,3,6,6,6.0
github.paroj.dsub2000_217.apk,droidmate,3,180,18,3,6,6,6.0
github.paroj.dsub2000_217.apk,droidmate,3,300,18,3,6,6,6.0
github.paroj.dsub2000_217.apk,humanoid,1,60,12,3,6,6,6.0
github.paroj.dsub2000_217.apk,humanoid,1,180,12,3,6,6,6.0
github.paroj.dsub2000_217.apk,humanoid,1,300,8,3,6,6,6.0
github.paroj.dsub2000_217.apk,humanoid,2,60,12,3,6,6,6.0
github.paroj.dsub2000_217.apk,humanoid,2,180,12,3,6,6,6.0
github.paroj.dsub2000_217.apk,humanoid,2,300,8,3,6,6,6.0
github.paroj.dsub2000_217.apk,humanoid,3,60,12,3,6,6,6.0
github.paroj.dsub2000_217.apk,humanoid,3,180,12,3,6,6,6.0
github.paroj.dsub2000_217.apk,humanoid,3,300,12,3,6,6,6.0
github.paroj.dsub2000_217.apk,ares,1,60,18,3,6,6,6.0
github.paroj.dsub2000_217.apk,ares,1,180,20,3,6,6,6.0
github.paroj.dsub2000_217.apk,ares,1,300,14,3,6,6,6.0
github.paroj.dsub2000_217.apk,ares,2,60,18,3,6,6,6.0
github.paroj.dsub2000_217.apk,ares,2,180,30,3,6,6,6.0
github.paroj.dsub2000_217.apk,ares,2,300,26,3,6,6,6.0
github.paroj.dsub2000_217.apk,ares,3,60,18,3,6,6,6.0
github.paroj.dsub2000_217.apk,ares,3,180,26,3,6,6,6.0
github.paroj.dsub2000_217.apk,ares,3,300,26,3,6,6,6.0
github.paroj.dsub2000_217.apk,fastbot,1,60,8,3,6,6,6.0
github.paroj.dsub2000_217.apk,fastbot,1,180,12,3,6,6,6.0
github.paroj.dsub2000_217.apk,fastbot,1,300,18,3,6,6,6.0
github.paroj.dsub2000_217.apk,fastbot,2,60,12,3,6,6,6.0
github.paroj.dsub2000_217.apk,fastbot,2,180,12,3,6,6,6.0
github.paroj.dsub2000_217.apk,fastbot,2,300,18,3,6,6,6.0
github.paroj.dsub2000_217.apk,fastbot,3,60,8,3,6,6,6.0
github.paroj.dsub2000_217.apk,fastbot,3,180,18,3,6,6,6.0
github.paroj.dsub2000_217.apk,fastbot,3,300,18,3,6,6,6.0
github.paroj.dsub2000_217.apk,qtesting,1,60,12,3,6,6,6.0
github.paroj.dsub2000_217.apk,qtesting,1,180,30,3,6,6,6.0
github.paroj.dsub2000_217.apk,qtesting,1,300,30,3,6,6,6.0
github.paroj.dsub2000_217.apk,qtesting,2,60,18,3,6,6,6.0
github.paroj.dsub2000_217.apk,qtesting,2,180,32,3,6,6,6.0
github.paroj.dsub2000_217.apk,qtesting,2,300,30,3,6,6,6.0
github.paroj.dsub2000_217.apk,qtesting,3,60,18,3,6,6,6.0
github.paroj.dsub2000_217.apk,qtesting,3,180,36,3,6,6,6.0
github.paroj.dsub2000_217.apk,qtesting,3,300,24,3,6,6,6.0
me.hackerchick.sharetoinputstick_26.apk,monkey,1,60,0,0,0,0,0
me.hackerchick.sharetoinputstick_26.apk,monkey,1,180,0,0,0,0,0
me.hackerchick.sharetoinputstick_26.apk,monkey,1,300,0,0,0,0,0
me.hackerchick.sharetoinputstick_26.apk,monkey,2,60,0,0,0,0,0
me.hackerchick.sharetoinputstick_26.apk,monkey,2,180,0,0,0,0,0
me.hackerchick.sharetoinputstick_26.apk,monkey,2,300,0,0,0,0,0
me.hackerchick.sharetoinputstick_26.apk,monkey,3,60,0,0,0,0,0
me.hackerchick.sharetoinputstick_26.apk,monkey,3,180,0,0,0,0,0
me.hackerchick.sharetoinputstick_26.apk,monkey,3,300,0,0,0,0,0
me.hackerchick.sharetoinputstick_26.apk,droidbot:dfs_greedy,1,60,0,0,0,0,0
me.hackerchick.sharetoinputstick_26.apk,droidbot:dfs_greedy,1,180,0,0,0,0,0
me.hackerchick.sharetoinputstick_26.apk,droidbot:dfs_greedy,1,300,0,0,0,0,0
me.hackerchick.sharetoinputstick_26.apk,droidbot:dfs_greedy,2,60,0,0,0,0,0
me.hackerchick.sharetoinputstick_26.apk,droidbot:dfs_greedy,2,180,0,0,0,0,0
me.hackerchick.sharetoinputstick_26.apk,droidbot:dfs_greedy,2,300,0,0,0,0,0
me.hackerchick.sharetoinputstick_26.apk,droidbot:dfs_greedy,3,60,0,0,0,0,0
me.hackerchick.sharetoinputstick_26.apk,droidbot:dfs_greedy,3,180,0,0,0,0,0
me.hackerchick.sharetoinputstick_26.apk,droidbot:dfs_greedy,3,300,0,0,0,0,0
me.hackerchick.sharetoinputstick_26.apk,droidbot:bfs_greedy,1,60,0,0,0,0,0
me.hackerchick.sharetoinputstick_26.apk,droidbot:bfs_greedy,1,180,0,0,0,0,0
me.hackerchick.sharetoinputstick_26.apk,droidbot:bfs_greedy,1,300,0,0,0,0,0
me.hackerchick.sharetoinputstick_26.apk,droidbot:bfs_greedy,2,60,0,0,0,0,0
me.hackerchick.sharetoinputstick_26.apk,droidbot:bfs_greedy,2,180,0,0,0,0,0
me.hackerchick.sharetoinputstick_26.apk,droidbot:bfs_greedy,2,300,0,0,0,0,0
me.hackerchick.sharetoinputstick_26.apk,droidbot:bfs_greedy,3,60,0,0,0,0,0
me.hackerchick.sharetoinputstick_26.apk,droidbot:bfs_greedy,3,180,0,0,0,0,0
me.hackerchick.sharetoinputstick_26.apk,droidbot:bfs_greedy,3,300,0,0,0,0,0
me.hackerchick.sharetoinputstick_26.apk,droidbot:dfs_naive,1,60,0,0,0,0,0
me.hackerchick.sharetoinputstick_26.apk,droidbot:dfs_naive,1,180,0,0,0,0,0
me.hackerchick.sharetoinputstick_26.apk,droidbot:dfs_naive,1,300,0,0,0,0,0
me.hackerchick.sharetoinputstick_26.apk,droidbot:dfs_naive,2,60,0,0,0,0,0
me.hackerchick.sharetoinputstick_26.apk,droidbot:dfs_naive,2,180,0,0,0,0,0
me.hackerchick.sharetoinputstick_26.apk,droidbot:dfs_naive,2,300,0,0,0,0,0
me.hackerchick.sharetoinputstick_26.apk,droidbot:dfs_naive,3,60,0,0,0,0,0
me.hackerchick.sharetoinputstick_26.apk,droidbot:dfs_naive,3,180,0,0,0,0,0
me.hackerchick.sharetoinputstick_26.apk,droidbot:dfs_naive,3,300,0,0,0,0,0
me.hackerchick.sharetoinputstick_26.apk,droidbot:bfs_naive,1,60,0,0,0,0,0
me.hackerchick.sharetoinputstick_26.apk,droidbot:bfs_naive,1,180,0,0,0,0,0
me.hackerchick.sharetoinputstick_26.apk,droidbot:bfs_naive,1,300,0,0,0,0,0
me.hackerchick.sharetoinputstick_26.apk,droidbot:bfs_naive,2,60,0,0,0,0,0
me.hackerchick.sharetoinputstick_26.apk,droidbot:bfs_naive,2,180,0,0,0,0,0
me.hackerchick.sharetoinputstick_26.apk,droidbot:bfs_naive,2,300,0,0,0,0,0
me.hackerchick.sharetoinputstick_26.apk,droidbot:bfs_naive,3,60,0,0,0,0,0
me.hackerchick.sharetoinputstick_26.apk,droidbot:bfs_naive,3,180,0,0,0,0,0
me.hackerchick.sharetoinputstick_26.apk,droidbot:bfs_naive,3,300,0,0,0,0,0
me.hackerchick.sharetoinputstick_26.apk,ape,1,60,0,0,0,0,0
me.hackerchick.sharetoinputstick_26.apk,ape,1,300,0,0,0,0,0
me.hackerchick.sharetoinputstick_26.apk,ape,2,60,0,0,0,0,0
me.hackerchick.sharetoinputstick_26.apk,ape,2,180,0,0,0,0,0
me.hackerchick.sharetoinputstick_26.apk,ape,2,300,0,0,0,0,0
me.hackerchick.sharetoinputstick_26.apk,ape,3,60,0,0,0,0,0
me.hackerchick.sharetoinputstick_26.apk,ape,3,180,0,0,0,0,0
me.hackerchick.sharetoinputstick_26.apk,ape,3,300,0,0,0,0,0
me.hackerchick.sharetoinputstick_26.apk,droidmate,1,60,0,0,0,0,0
me.hackerchick.sharetoinputstick_26.apk,droidmate,1,180,0,0,0,0,0
me.hackerchick.sharetoinputstick_26.apk,droidmate,1,300,0,0,0,0,0
me.hackerchick.sharetoinputstick_26.apk,droidmate,2,60,0,0,0,0,0
me.hackerchick.sharetoinputstick_26.apk,droidmate,2,180,0,0,0,0,0
me.hackerchick.sharetoinputstick_26.apk,droidmate,2,300,0,0,0,0,0
me.hackerchick.sharetoinputstick_26.apk,droidmate,3,60,0,0,0,0,0
me.hackerchick.sharetoinputstick_26.apk,droidmate,3,180,0,0,0,0,0
me.hackerchick.sharetoinputstick_26.apk,droidmate,3,300,0,0,0,0,0
me.hackerchick.sharetoinputstick_26.apk,humanoid,1,60,0,0,0,0,0
me.hackerchick.sharetoinputstick_26.apk,humanoid,1,180,0,0,0,0,0
me.hackerchick.sharetoinputstick_26.apk,humanoid,1,300,0,0,0,0,0
me.hackerchick.sharetoinputstick_26.apk,humanoid,2,60,0,0,0,0,0
me.hackerchick.sharetoinputstick_26.apk,humanoid,2,300,0,0,0,0,0
me.hackerchick.sharetoinputstick_26.apk,humanoid,3,60,0,0,0,0,0
me.hackerchick.sharetoinputstick_26.apk,humanoid,3,180,0,0,0,0,0
me.hackerchick.sharetoinputstick_26.apk,humanoid,3,300,0,0,0,0,0
me.hackerchick.sharetoinputstick_26.apk,ares,1,60,0,0,0,0,0
me.hackerchick.sharetoinputstick_26.apk,ares,1,180,0,0,0,0,0
me.hackerchick.sharetoinputstick_26.apk,ares,1,300,0,0,0,0,0
me.hackerchick.sharetoinputstick_26.apk,ares,2,60,0,0,0,0,0
me.hackerchick.sharetoinputstick_26.apk,ares,2,180,0,0,0,0,0
me.hackerchick.sharetoinputstick_26.apk,ares,2,300,0,0,0,0,0
me.hackerchick.sharetoinputstick_26.apk,ares,3,60,0,0,0,0,0
me.hackerchick.sharetoinputstick_26.apk,ares,3,180,0,0,0,0,0
me.hackerchick.sharetoinputstick_26.apk,ares,3,300,0,0,0,0,0
me.hackerchick.sharetoinputstick_26.apk,fastbot,1,60,0,0,0,0,0
me.hackerchick.sharetoinputstick_26.apk,fastbot,1,180,0,0,0,0,0
me.hackerchick.sharetoinputstick_26.apk,fastbot,1,300,0,0,0,0,0
me.hackerchick.sharetoinputstick_26.apk,fastbot,2,60,0,0,0,0,0
me.hackerchick.sharetoinputstick_26.apk,fastbot,2,180,0,0,0,0,0
me.hackerchick.sharetoinputstick_26.apk,fastbot,2,300,0,0,0,0,0
me.hackerchick.sharetoinputstick_26.apk,fastbot,3,60,0,0,0,0,0
me.hackerchick.sharetoinputstick_26.apk,fastbot,3,180,0,0,0,0,0
me.hackerchick.sharetoinputstick_26.apk,fastbot,3,300,0,0,0,0,0
me.hackerchick.sharetoinputstick_26.apk,qtesting,1,60,0,0,0,0,0
me.hackerchick.sharetoinputstick_26.apk,qtesting,1,180,0,0,0,0,0
me.hackerchick.sharetoinputstick_26.apk,qtesting,1,300,0,0,0,0,0
me.hackerchick.sharetoinputstick_26.apk,qtesting,2,60,0,0,0,0,0
me.hackerchick.sharetoinputstick_26.apk,qtesting,2,180,0,0,0,0,0
me.hackerchick.sharetoinputstick_26.apk,qtesting,2,300,0,0,0,0,0
me.hackerchick.sharetoinputstick_26.apk,qtesting,3,60,0,0,0,0,0
me.hackerchick.sharetoinputstick_26.apk,qtesting,3,180,0,0,0,0,0
me.hackerchick.sharetoinputstick_26.apk,qtesting,3,300,0,0,0,0,0
net.pfiers.osmfocus_1009013.apk,monkey,1,60,7,2,7,7,7.0
net.pfiers.osmfocus_1009013.apk,monkey,1,180,7,2,7,7,7.0
net.pfiers.osmfocus_1009013.apk,monkey,1,300,7,2,7,7,7.0
net.pfiers.osmfocus_1009013.apk,monkey,2,60,7,2,7,7,7.0
net.pfiers.osmfocus_1009013.apk,monkey,2,180,7,2,7,7,7.0
net.pfiers.osmfocus_1009013.apk,monkey,2,300,7,2,7,7,7.0
net.pfiers.osmfocus_1009013.apk,monkey,3,60,7,2,7,7,7.0
net.pfiers.osmfocus_1009013.apk,monkey,3,180,7,2,7,7,7.0
net.pfiers.osmfocus_1009013.apk,monkey,3,300,7,2,7,7,7.0
net.pfiers.osmfocus_1009013.apk,droidbot:dfs_greedy,1,60,7,2,7,7,7.0
net.pfiers.osmfocus_1009013.apk,droidbot:dfs_greedy,1,180,7,2,7,7,7.0
net.pfiers.osmfocus_1009013.apk,droidbot:dfs_greedy,1,300,7,2,7,7,7.0
net.pfiers.osmfocus_1009013.apk,droidbot:dfs_greedy,2,60,7,2,7,7,7.0
net.pfiers.osmfocus_1009013.apk,droidbot:dfs_greedy,2,180,7,2,7,7,7.0
net.pfiers.osmfocus_1009013.apk,droidbot:dfs_greedy,2,300,7,2,7,7,7.0
net.pfiers.osmfocus_1009013.apk,droidbot:dfs_greedy,3,60,7,2,7,7,7.0
net.pfiers.osmfocus_1009013.apk,droidbot:dfs_greedy,3,180,7,2,7,7,7.0
net.pfiers.osmfocus_1009013.apk,droidbot:dfs_greedy,3,300,7,2,7,7,7.0
net.pfiers.osmfocus_1009013.apk,droidbot:bfs_greedy,1,60,7,2,7,7,7.0
net.pfiers.osmfocus_1009013.apk,droidbot:bfs_greedy,1,180,7,2,7,7,7.0
net.pfiers.osmfocus_1009013.apk,droidbot:bfs_greedy,1,300,7,2,7,7,7.0
net.pfiers.osmfocus_1009013.apk,droidbot:bfs_greedy,2,60,7,2,7,7,7.0
net.pfiers.osmfocus_1009013.apk,droidbot:bfs_greedy,2,180,7,2,7,7,7.0
net.pfiers.osmfocus_1009013.apk,droidbot:bfs_greedy,2,300,7,2,7,7,7.0
net.pfiers.osmfocus_1009013.apk,droidbot:bfs_greedy,3,60,7,2,7,7,7.0
net.pfiers.osmfocus_1009013.apk,droidbot:bfs_greedy,3,180,7,2,7,7,7.0
net.pfiers.osmfocus_1009013.apk,droidbot:bfs_greedy,3,300,7,2,7,7,7.0
net.pfiers.osmfocus_1009013.apk,droidbot:dfs_naive,1,60,7,2,7,7,7.0
net.pfiers.osmfocus_1009013.apk,droidbot:dfs_naive,1,180,7,2,7,7,7.0
net.pfiers.osmfocus_1009013.apk,droidbot:dfs_naive,1,300,7,2,7,7,7.0
net.pfiers.osmfocus_1009013.apk,droidbot:dfs_naive,2,60,7,2,7,7,7.0
net.pfiers.osmfocus_1009013.apk,droidbot:dfs_naive,2,180,7,2,7,7,7.0
net.pfiers.osmfocus_1009013.apk,droidbot:dfs_naive,2,300,7,2,7,7,7.0
net.pfiers.osmfocus_1009013.apk,droidbot:dfs_naive,3,60,7,2,7,7,7.0
net.pfiers.osmfocus_1009013.apk,droidbot:dfs_naive,3,180,7,2,7,7,7.0
net.pfiers.osmfocus_1009013.apk,droidbot:dfs_naive,3,300,7,2,7,7,7.0
net.pfiers.osmfocus_1009013.apk,droidbot:bfs_naive,1,60,7,2,7,7,7.0
net.pfiers.osmfocus_1009013.apk,droidbot:bfs_naive,1,180,7,2,7,7,7.0
net.pfiers.osmfocus_1009013.apk,droidbot:bfs_naive,2,60,7,2,7,7,7.0
net.pfiers.osmfocus_1009013.apk,droidbot:bfs_naive,2,180,7,2,7,7,7.0
net.pfiers.osmfocus_1009013.apk,droidbot:bfs_naive,2,300,7,2,7,7,7.0
net.pfiers.osmfocus_1009013.apk,droidbot:bfs_naive,3,60,7,2,7,7,7.0
net.pfiers.osmfocus_1009013.apk,droidbot:bfs_naive,3,180,7,2,7,7,7.0
net.pfiers.osmfocus_1009013.apk,droidbot:bfs_naive,3,300,7,2,7,7,7.0
net.pfiers.osmfocus_1009013.apk,ape,1,60,7,2,7,7,7.0
net.pfiers.osmfocus_1009013.apk,ape,1,180,7,2,7,7,7.0
net.pfiers.osmfocus_1009013.apk,ape,1,300,14,2,7,7,7.0
net.pfiers.osmfocus_1009013.apk,ape,2,60,7,2,7,7,7.0
net.pfiers.osmfocus_1009013.apk,ape,2,180,7,2,7,7,7.0
net.pfiers.osmfocus_1009013.apk,ape,2,300,14,2,7,7,7.0
net.pfiers.osmfocus_1009013.apk,ape,3,60,7,2,7,7,7.0
net.pfiers.osmfocus_1009013.apk,ape,3,180,7,2,7,7,7.0
net.pfiers.osmfocus_1009013.apk,ape,3,300,14,2,7,7,7.0
net.pfiers.osmfocus_1009013.apk,droidmate,1,60,7,2,7,7,7.0
net.pfiers.osmfocus_1009013.apk,droidmate,1,180,7,2,7,7,7.0
net.pfiers.osmfocus_1009013.apk,droidmate,1,300,14,2,7,7,7.0
net.pfiers.osmfocus_1009013.apk,droidmate,2,60,7,2,7,7,7.0
net.pfiers.osmfocus_1009013.apk,droidmate,2,180,7,2,7,7,7.0
net.pfiers.osmfocus_1009013.apk,droidmate,2,300,14,2,7,7,7.0
net.pfiers.osmfocus_1009013.apk,droidmate,3,60,7,2,7,7,7.0
net.pfiers.osmfocus_1009013.apk,droidmate,3,180,7,2,7,7,7.0
net.pfiers.osmfocus_1009013.apk,droidmate,3,300,14,2,7,7,7.0
net.pfiers.osmfocus_1009013.apk,humanoid,1,60,7,2,7,7,7.0
net.pfiers.osmfocus_1009013.apk,humanoid,1,180,7,2,7,7,7.0
net.pfiers.osmfocus_1009013.apk,humanoid,1,300,7,2,7,7,7.0
net.pfiers.osmfocus_1009013.apk,humanoid,2,60,7,2,7,7,7.0
net.pfiers.osmfocus_1009013.apk,humanoid,2,180,7,2,7,7,7.0
net.pfiers.osmfocus_1009013.apk,humanoid,2,300,7,2,7,7,7.0
net.pfiers.osmfocus_1009013.apk,humanoid,3,60,7,2,7,7,7.0
net.pfiers.osmfocus_1009013.apk,humanoid,3,180,7,2,7,7,7.0
net.pfiers.osmfocus_1009013.apk,humanoid,3,300,7,2,7,7,7.0
net.pfiers.osmfocus_1009013.apk,ares,1,60,14,2,7,7,7.0
net.pfiers.osmfocus_1009013.apk,ares,1,180,14,2,7,7,7.0
net.pfiers.osmfocus_1009013.apk,ares,1,300,14,2,7,7,7.0
net.pfiers.osmfocus_1009013.apk,ares,2,60,14,2,7,7,7.0
net.pfiers.osmfocus_1009013.apk,ares,2,180,14,2,7,7,7.0
net.pfiers.osmfocus_1009013.apk,ares,2,300,14,2,7,7,7.0
net.pfiers.osmfocus_1009013.apk,ares,3,60,14,2,7,7,7.0
net.pfiers.osmfocus_1009013.apk,ares,3,180,14,2,7,7,7.0
net.pfiers.osmfocus_1009013.apk,ares,3,300,14,2,7,7,7.0
net.pfiers.osmfocus_1009013.apk,fastbot,1,60,7,2,7,7,7.0
net.pfiers.osmfocus_1009013.apk,fastbot,1,180,7,2,7,7,7.0
net.pfiers.osmfocus_1009013.apk,fastbot,1,300,7,2,7,7,7.0
net.pfiers.osmfocus_1009013.apk,fastbot,2,60,7,2,7,7,7.0
net.pfiers.osmfocus_1009013.apk,fastbot,2,180,7,2,7,7,7.0
net.pfiers.osmfocus_1009013.apk,fastbot,2,300,7,2,7,7,7.0
net.pfiers.osmfocus_1009013.apk,fastbot,3,60,7,2,7,7,7.0
net.pfiers.osmfocus_1009013.apk,fastbot,3,180,7,2,7,7,7.0
net.pfiers.osmfocus_1009013.apk,fastbot,3,300,7,2,7,7,7.0
net.pfiers.osmfocus_1009013.apk,qtesting,1,60,28,2,7,7,7.0
net.pfiers.osmfocus_1009013.apk,qtesting,1,180,140,2,7,7,7.0
net.pfiers.osmfocus_1009013.apk,qtesting,1,300,230,2,7,7,7.0
net.pfiers.osmfocus_1009013.apk,qtesting,2,60,28,2,7,7,7.0
net.pfiers.osmfocus_1009013.apk,qtesting,2,180,147,2,7,7,7.0
net.pfiers.osmfocus_1009013.apk,qtesting,2,300,222,2,7,7,7.0
net.pfiers.osmfocus_1009013.apk,qtesting,3,60,28,2,7,7,7.0
net.pfiers.osmfocus_1009013.apk,qtesting,3,180,119,2,7,7,7.0
net.pfiers.osmfocus_1009013.apk,qtesting,3,300,235,2,7,7,7.0
org.fossify.musicplayer_14.apk,monkey,1,60,0,0,0,0,0
org.fossify.musicplayer_14.apk,monkey,1,180,0,0,0,0,0
org.fossify.musicplayer_14.apk,monkey,1,300,0,0,0,0,0
org.fossify.musicplayer_14.apk,monkey,2,60,0,0,0,0,0
org.fossify.musicplayer_14.apk,monkey,2,180,0,0,0,0,0
org.fossify.musicplayer_14.apk,monkey,2,300,0,0,0,0,0
org.fossify.musicplayer_14.apk,monkey,3,60,0,0,0,0,0
org.fossify.musicplayer_14.apk,monkey,3,180,0,0,0,0,0
org.fossify.musicplayer_14.apk,monkey,3,300,0,0,0,0,0
org.fossify.musicplayer_14.apk,droidbot:dfs_greedy,1,60,0,0,0,0,0
org.fossify.musicplayer_14.apk,droidbot:dfs_greedy,1,180,0,0,0,0,0
org.fossify.musicplayer_14.apk,droidbot:dfs_greedy,1,300,0,0,0,0,0
org.fossify.musicplayer_14.apk,droidbot:dfs_greedy,2,60,0,0,0,0,0
org.fossify.musicplayer_14.apk,droidbot:dfs_greedy,2,180,0,0,0,0,0
org.fossify.musicplayer_14.apk,droidbot:dfs_greedy,2,300,0,0,0,0,0
org.fossify.musicplayer_14.apk,droidbot:dfs_greedy,3,60,0,0,0,0,0
org.fossify.musicplayer_14.apk,droidbot:dfs_greedy,3,180,0,0,0,0,0
org.fossify.musicplayer_14.apk,droidbot:dfs_greedy,3,300,0,0,0,0,0
org.fossify.musicplayer_14.apk,droidbot:bfs_greedy,1,60,0,0,0,0,0
org.fossify.musicplayer_14.apk,droidbot:bfs_greedy,1,180,0,0,0,0,0
org.fossify.musicplayer_14.apk,droidbot:bfs_greedy,1,300,0,0,0,0,0
org.fossify.musicplayer_14.apk,droidbot:bfs_greedy,2,60,0,0,0,0,0
org.fossify.musicplayer_14.apk,droidbot:bfs_greedy,2,180,0,0,0,0,0
org.fossify.musicplayer_14.apk,droidbot:bfs_greedy,2,300,0,0,0,0,0
org.fossify.musicplayer_14.apk,droidbot:bfs_greedy,3,60,0,0,0,0,0
org.fossify.musicplayer_14.apk,droidbot:bfs_greedy,3,180,0,0,0,0,0
org.fossify.musicplayer_14.apk,droidbot:bfs_greedy,3,300,0,0,0,0,0
org.fossify.musicplayer_14.apk,droidbot:dfs_naive,1,60,0,0,0,0,0
org.fossify.musicplayer_14.apk,droidbot:dfs_naive,1,180,0,0,0,0,0
org.fossify.musicplayer_14.apk,droidbot:dfs_naive,1,300,0,0,0,0,0
org.fossify.musicplayer_14.apk,droidbot:dfs_naive,2,60,0,0,0,0,0
org.fossify.musicplayer_14.apk,droidbot:dfs_naive,2,180,0,0,0,0,0
org.fossify.musicplayer_14.apk,droidbot:dfs_naive,2,300,0,0,0,0,0
org.fossify.musicplayer_14.apk,droidbot:dfs_naive,3,60,0,0,0,0,0
org.fossify.musicplayer_14.apk,droidbot:dfs_naive,3,300,0,0,0,0,0
org.fossify.musicplayer_14.apk,droidbot:bfs_naive,1,60,0,0,0,0,0
org.fossify.musicplayer_14.apk,droidbot:bfs_naive,1,180,0,0,0,0,0
org.fossify.musicplayer_14.apk,droidbot:bfs_naive,1,300,0,0,0,0,0
org.fossify.musicplayer_14.apk,droidbot:bfs_naive,2,60,0,0,0,0,0
org.fossify.musicplayer_14.apk,droidbot:bfs_naive,2,180,0,0,0,0,0
org.fossify.musicplayer_14.apk,droidbot:bfs_naive,2,300,0,0,0,0,0
org.fossify.musicplayer_14.apk,droidbot:bfs_naive,3,60,0,0,0,0,0
org.fossify.musicplayer_14.apk,droidbot:bfs_naive,3,180,0,0,0,0,0
org.fossify.musicplayer_14.apk,droidbot:bfs_naive,3,300,0,0,0,0,0
org.fossify.musicplayer_14.apk,ape,1,60,0,0,0,0,0
org.fossify.musicplayer_14.apk,ape,1,180,0,0,0,0,0
org.fossify.musicplayer_14.apk,ape,1,300,0,0,0,0,0
org.fossify.musicplayer_14.apk,ape,2,60,0,0,0,0,0
org.fossify.musicplayer_14.apk,ape,2,180,0,0,0,0,0
org.fossify.musicplayer_14.apk,ape,2,300,0,0,0,0,0
org.fossify.musicplayer_14.apk,ape,3,60,0,0,0,0,0
org.fossify.musicplayer_14.apk,ape,3,180,0,0,0,0,0
org.fossify.musicplayer_14.apk,ape,3,300,0,0,0,0,0
org.fossify.musicplayer_14.apk,droidmate,1,60,0,0,0,0,0
org.fossify.musicplayer_14.apk,droidmate,1,180,0,0,0,0,0
org.fossify.musicplayer_14.apk,droidmate,1,300,0,0,0,0,0
org.fossify.musicplayer_14.apk,droidmate,2,60,0,0,0,0,0
org.fossify.musicplayer_14.apk,droidmate,2,180,0,0,0,0,0
org.fossify.musicplayer_14.apk,droidmate,2,300,0,0,0,0,0
org.fossify.musicplayer_14.apk,droidmate,3,60,0,0,0,0,0
org.fossify.musicplayer_14.apk,droidmate,3,180,0,0,0,0,0
org.fossify.musicplayer_14.apk,droidmate,3,300,0,0,0,0,0
org.fossify.musicplayer_14.apk,humanoid,1,60,0,0,0,0,0
org.fossify.musicplayer_14.apk,humanoid,1,180,0,0,0,0,0
org.fossify.musicplayer_14.apk,humanoid,1,300,0,0,0,0,0
org.fossify.musicplayer_14.apk,humanoid,2,60,0,0,0,0,0
org.fossify.musicplayer_14.apk,humanoid,2,180,0,0,0,0,0
org.fossify.musicplayer_14.apk,humanoid,2,300,0,0,0,0,0
org.fossify.musicplayer_14.apk,humanoid,3,60,0,0,0,0,0
org.fossify.musicplayer_14.apk,humanoid,3,180,0,0,0,0,0
org.fossify.musicplayer_14.apk,humanoid,3,300,0,0,0,0,0
org.fossify.musicplayer_14.apk,ares,1,60,0,0,0,0,0
org.fossify.musicplayer_14.apk,ares,1,180,0,0,0,0,0
org.fossify.musicplayer_14.apk,ares,1,300,0,0,0,0,0
org.fossify.musicplayer_14.apk,ares,2,60,0,0,0,0,0
org.fossify.musicplayer_14.apk,ares,2,180,0,0,0,0,0
org.fossify.musicplayer_14.apk,ares,2,300,0,0,0,0,0
org.fossify.musicplayer_14.apk,ares,3,60,0,0,0,0,0
org.fossify.musicplayer_14.apk,ares,3,180,0,0,0,0,0
org.fossify.musicplayer_14.apk,ares,3,300,0,0,0,0,0
org.fossify.musicplayer_14.apk,fastbot,1,60,0,0,0,0,0
org.fossify.musicplayer_14.apk,fastbot,1,180,0,0,0,0,0
org.fossify.musicplayer_14.apk,fastbot,1,300,0,0,0,0,0
org.fossify.musicplayer_14.apk,fastbot,2,60,0,0,0,0,0
org.fossify.musicplayer_14.apk,fastbot,2,180,0,0,0,0,0
org.fossify.musicplayer_14.apk,fastbot,2,300,0,0,0,0,0
org.fossify.musicplayer_14.apk,fastbot,3,60,0,0,0,0,0
org.fossify.musicplayer_14.apk,fastbot,3,180,0,0,0,0,0
org.fossify.musicplayer_14.apk,fastbot,3,300,0,0,0,0,0
org.fossify.musicplayer_14.apk,qtesting,1,60,0,0,0,0,0
org.fossify.musicplayer_14.apk,qtesting,1,180,0,0,0,0,0
org.fossify.musicplayer_14.apk,qtesting,1,300,0,0,0,0,0
org.fossify.musicplayer_14.apk,qtesting,2,60,0,0,0,0,0
org.fossify.musicplayer_14.apk,qtesting,2,180,0,0,0,0,0
org.fossify.musicplayer_14.apk,qtesting,2,300,0,0,0,0,0
org.fossify.musicplayer_14.apk,qtesting,3,60,0,0,0,0,0
org.fossify.musicplayer_14.apk,qtesting,3,180,0,0,0,0,0
org.fossify.musicplayer_14.apk,qtesting,3,300,0,0,0,0,0
org.nqmgaming.aneko_34.apk,monkey,1,60,7,2,7,7,7.0
org.nqmgaming.aneko_34.apk,monkey,1,180,5,1,5,5,5.0
org.nqmgaming.aneko_34.apk,monkey,1,300,36,3,12,12,12.0
org.nqmgaming.aneko_34.apk,monkey,2,60,12,3,12,12,12.0
org.nqmgaming.aneko_34.apk,monkey,2,180,12,3,12,12,12.0
org.nqmgaming.aneko_34.apk,monkey,2,300,24,3,12,12,12.0
org.nqmgaming.aneko_34.apk,monkey,3,60,12,3,12,12,12.0
org.nqmgaming.aneko_34.apk,monkey,3,180,12,3,12,12,12.0
org.nqmgaming.aneko_34.apk,monkey,3,300,24,3,12,12,12.0
org.nqmgaming.aneko_34.apk,droidbot:dfs_greedy,1,60,12,3,12,12,12.0
org.nqmgaming.aneko_34.apk,droidbot:dfs_greedy,1,180,12,3,12,12,12.0
org.nqmgaming.aneko_34.apk,droidbot:dfs_greedy,1,300,12,3,12,12,12.0
org.nqmgaming.aneko_34.apk,droidbot:dfs_greedy,2,60,12,3,12,12,12.0
org.nqmgaming.aneko_34.apk,droidbot:dfs_greedy,2,180,5,1,5,5,5.0
org.nqmgaming.aneko_34.apk,droidbot:dfs_greedy,2,300,12,3,12,12,12.0
org.nqmgaming.aneko_34.apk,droidbot:dfs_greedy,3,60,12,3,12,12,12.0
org.nqmgaming.aneko_34.apk,droidbot:dfs_greedy,3,180,12,3,12,12,12.0
org.nqmgaming.aneko_34.apk,droidbot:dfs_greedy,3,300,12,3,12,12,12.0
org.nqmgaming.aneko_34.apk,droidbot:bfs_greedy,1,60,12,3,12,12,12.0
org.nqmgaming.aneko_34.apk,droidbot:bfs_greedy,1,180,12,3,12,12,12.0
org.nqmgaming.aneko_34.apk,droidbot:bfs_greedy,1,300,12,3,12,12,12.0
org.nqmgaming.aneko_34.apk,droidbot:bfs_greedy,2,60,7,2,7,7,7.0
org.nqmgaming.aneko_34.apk,droidbot:bfs_greedy,2,180,12,3,12,12,12.0
org.nqmgaming.aneko_34.apk,droidbot:bfs_greedy,2,300,12,3,12,12,12.0
org.nqmgaming.aneko_34.apk,droidbot:bfs_greedy,3,60,7,2,7,7,7.0
org.nqmgaming.aneko_34.apk,droidbot:bfs_greedy,3,180,12,3,12,12,12.0
org.nqmgaming.aneko_34.apk,droidbot:bfs_greedy,3,300,12,3,12,12,12.0
org.nqmgaming.aneko_34.apk,droidbot:dfs_naive,1,60,7,2,7,7,7.0
org.nqmgaming.aneko_34.apk,droidbot:dfs_naive,1,180,12,3,12,12,12.0
org.nqmgaming.aneko_34.apk,droidbot:dfs_naive,1,300,12,3,12,12,12.0
org.nqmgaming.aneko_34.apk,droidbot:dfs_naive,2,60,7,2,7,7,7.0
org.nqmgaming.aneko_34.apk,droidbot:dfs_naive,2,180,12,3,12,12,12.0
org.nqmgaming.aneko_34.apk,droidbot:dfs_naive,2,300,12,3,12,12,12.0
org.nqmgaming.aneko_34.apk,droidbot:dfs_naive,3,60,12,3,12,12,12.0
org.nqmgaming.aneko_34.apk,droidbot:dfs_naive,3,180,12,3,12,12,12.0
org.nqmgaming.aneko_34.apk,droidbot:dfs_naive,3,300,12,3,12,12,12.0
org.nqmgaming.aneko_34.apk,droidbot:bfs_naive,1,60,7,2,7,7,7.0
org.nqmgaming.aneko_34.apk,droidbot:bfs_naive,1,180,12,3,12,12,12.0
org.nqmgaming.aneko_34.apk,droidbot:bfs_naive,1,300,12,3,12,12,12.0
org.nqmgaming.aneko_34.apk,droidbot:bfs_naive,2,60,7,2,7,7,7.0
org.nqmgaming.aneko_34.apk,droidbot:bfs_naive,2,180,12,3,12,12,12.0
org.nqmgaming.aneko_34.apk,droidbot:bfs_naive,2,300,12,3,12,12,12.0
org.nqmgaming.aneko_34.apk,droidbot:bfs_naive,3,60,12,3,12,12,12.0
org.nqmgaming.aneko_34.apk,droidbot:bfs_naive,3,300,12,3,12,12,12.0
org.nqmgaming.aneko_34.apk,ape,1,60,7,2,7,7,7.0
org.nqmgaming.aneko_34.apk,ape,1,180,12,3,12,12,12.0
org.nqmgaming.aneko_34.apk,ape,1,300,12,3,12,12,12.0
org.nqmgaming.aneko_34.apk,ape,2,60,7,2,7,7,7.0
org.nqmgaming.aneko_34.apk,ape,2,180,12,3,12,12,12.0
org.nqmgaming.aneko_34.apk,ape,2,300,19,3,12,12,12.0
org.nqmgaming.aneko_34.apk,ape,3,60,12,3,12,12,12.0
org.nqmgaming.aneko_34.apk,ape,3,180,12,3,12,12,12.0
org.nqmgaming.aneko_34.apk,ape,3,300,12,3,12,12,12.0
org.nqmgaming.aneko_34.apk,droidmate,1,60,12,3,12,12,12.0
org.nqmgaming.aneko_34.apk,droidmate,1,180,12,3,12,12,12.0
org.nqmgaming.aneko_34.apk,droidmate,1,300,12,3,12,12,12.0
org.nqmgaming.aneko_34.apk,droidmate,2,60,12,3,12,12,12.0
org.nqmgaming.aneko_34.apk,droidmate,2,180,12,3,12,12,12.0
org.nqmgaming.aneko_34.apk,droidmate,2,300,12,3,12,12,12.0
org.nqmgaming.aneko_34.apk,droidmate,3,60,12,3,12,12,12.0
org.nqmgaming.aneko_34.apk,droidmate,3,180,12,3,12,12,12.0
org.nqmgaming.aneko_34.apk,droidmate,3,300,12,3,12,12,12.0
org.nqmgaming.aneko_34.apk,humanoid,1,60,7,2,7,7,7.0
org.nqmgaming.aneko_34.apk,humanoid,1,180,7,2,7,7,7.0
org.nqmgaming.aneko_34.apk,humanoid,1,300,12,3,12,12,12.0
org.nqmgaming.aneko_34.apk,humanoid,2,60,7,2,7,7,7.0
org.nqmgaming.aneko_34.apk,humanoid,2,180,7,2,7,7,7.0
org.nqmgaming.aneko_34.apk,humanoid,2,300,12,3,12,12,12.0
org.nqmgaming.aneko_34.apk,humanoid,3,60,12,3,12,12,12.0
org.nqmgaming.aneko_34.apk,humanoid,3,180,7,2,7,7,7.0
org.nqmgaming.aneko_34.apk,humanoid,3,300,12,3,12,12,12.0
org.nqmgaming.aneko_34.apk,ares,1,60,19,3,12,12,12.0
org.nqmgaming.aneko_34.apk,ares,1,180,19,3,12,12,12.0
org.nqmgaming.aneko_34.apk,ares,1,300,31,3,12,12,12.0
org.nqmgaming.aneko_34.apk,ares,2,60,19,3,12,12,12.0
org.nqmgaming.aneko_34.apk,ares,2,180,19,3,12,12,12.0
org.nqmgaming.aneko_34.apk,ares,2,300,19,3,12,12,12.0
org.nqmgaming.aneko_34.apk,ares,3,60,19,3,12,12,12.0
org.nqmgaming.aneko_34.apk,ares,3,180,19,3,12,12,12.0
org.nqmgaming.aneko_34.apk,ares,3,300,19,3,12,12,12.0
org.nqmgaming.aneko_34.apk,fastbot,1,60,12,3,12,12,12.0
org.nqmgaming.aneko_34.apk,fastbot,1,180,12,3,12,12,12.0
org.nqmgaming.aneko_34.apk,fastbot,1,300,12,3,12,12,12.0
org.nqmgaming.aneko_34.apk,fastbot,2,60,12,3,12,12,12.0
org.nqmgaming.aneko_34.apk,fastbot,2,180,12,3,12,12,12.0
org.nqmgaming.aneko_34.apk,fastbot,2,300,12,3,12,12,12.0
org.nqmgaming.aneko_34.apk,fastbot,3,60,12,3,12,12,12.0
org.nqmgaming.aneko_34.apk,fastbot,3,180,12,3,12,12,12.0
org.nqmgaming.aneko_34.apk,fastbot,3,300,12,3,12,12,12.0
org.nqmgaming.aneko_34.apk,qtesting,1,60,7,2,7,7,7.0
org.nqmgaming.aneko_34.apk,qtesting,1,180,26,3,12,12,12.0
org.nqmgaming.aneko_34.apk,qtesting,1,300,43,3,12,12,12.0
org.nqmgaming.aneko_34.apk,qtesting,2,60,7,2,7,7,7.0
org.nqmgaming.aneko_34.apk,qtesting,2,180,19,3,12,12,12.0
org.nqmgaming.aneko_34.apk,qtesting,2,300,31,3,12,12,12.0
org.nqmgaming.aneko_34.apk,qtesting,3,60,12,3,12,12,12.0
org.nqmgaming.aneko_34.apk,qtesting,3,180,36,3,12,12,12.0
org.nqmgaming.aneko_34.apk,qtesting,3,300,21,2,7,7,7.0
se.arctosoft.vault_41.apk,monkey,1,60,0,0,0,0,0
se.arctosoft.vault_41.apk,monkey,1,180,4,2,2,2,2.0
me.hackerchick.sharetoinputstick_26.apk,ape,1,180,0,0,0,0,0
me.hackerchick.sharetoinputstick_26.apk,humanoid,2,180,0,0,0,0,0
net.pfiers.osmfocus_1009013.apk,droidbot:bfs_naive,1,300,7,2,7,7,7.0
org.fossify.musicplayer_14.apk,droidbot:dfs_naive,3,180,0,0,0,0,0
org.nqmgaming.aneko_34.apk,droidbot:bfs_naive,3,180,12,3,12,12,12.0
se.arctosoft.vault_41.apk,monkey,1,300,4,2,2,2,2.0
se.arctosoft.vault_41.apk,monkey,2,60,0,0,0,0,0
se.arctosoft.vault_41.apk,monkey,2,180,5,2,2,2,2.0
se.arctosoft.vault_41.apk,monkey,2,300,10,2,2,2,2.0
se.arctosoft.vault_41.apk,monkey,3,60,0,0,0,0,0
se.arctosoft.vault_41.apk,monkey,3,180,8,2,2,2,2.0
se.arctosoft.vault_41.apk,monkey,3,300,6,2,2,2,2.0
se.arctosoft.vault_41.apk,droidbot:dfs_greedy,1,60,0,0,0,0,0
se.arctosoft.vault_41.apk,droidbot:dfs_greedy,1,180,0,0,0,0,0
se.arctosoft.vault_41.apk,droidbot:dfs_greedy,1,300,0,0,0,0,0
se.arctosoft.vault_41.apk,droidbot:dfs_greedy,2,60,0,0,0,0,0
se.arctosoft.vault_41.apk,droidbot:dfs_greedy,2,180,0,0,0,0,0
se.arctosoft.vault_41.apk,droidbot:dfs_greedy,2,300,0,0,0,0,0
se.arctosoft.vault_41.apk,droidbot:dfs_greedy,3,60,0,0,0,0,0
se.arctosoft.vault_41.apk,droidbot:dfs_greedy,3,180,0,0,0,0,0
se.arctosoft.vault_41.apk,droidbot:bfs_greedy,1,60,0,0,0,0,0
se.arctosoft.vault_41.apk,droidbot:bfs_greedy,1,180,0,0,0,0,0
se.arctosoft.vault_41.apk,droidbot:bfs_greedy,1,300,0,0,0,0,0
se.arctosoft.vault_41.apk,droidbot:bfs_greedy,2,60,0,0,0,0,0
se.arctosoft.vault_41.apk,droidbot:bfs_greedy,2,180,0,0,0,0,0
se.arctosoft.vault_41.apk,droidbot:bfs_greedy,2,300,0,0,0,0,0
se.arctosoft.vault_41.apk,droidbot:bfs_greedy,3,60,0,0,0,0,0
se.arctosoft.vault_41.apk,droidbot:bfs_greedy,3,180,0,0,0,0,0
se.arctosoft.vault_41.apk,droidbot:bfs_greedy,3,300,0,0,0,0,0
se.arctosoft.vault_41.apk,droidbot:dfs_naive,1,60,0,0,0,0,0
se.arctosoft.vault_41.apk,droidbot:dfs_naive,1,180,0,0,0,0,0
se.arctosoft.vault_41.apk,droidbot:dfs_naive,1,300,0,0,0,0,0
se.arctosoft.vault_41.apk,droidbot:dfs_naive,2,60,0,0,0,0,0
se.arctosoft.vault_41.apk,droidbot:dfs_naive,2,180,0,0,0,0,0
se.arctosoft.vault_41.apk,droidbot:dfs_naive,2,300,0,0,0,0,0
se.arctosoft.vault_41.apk,droidbot:dfs_naive,3,60,0,0,0,0,0
se.arctosoft.vault_41.apk,droidbot:dfs_naive,3,180,0,0,0,0,0
se.arctosoft.vault_41.apk,droidbot:dfs_naive,3,300,0,0,0,0,0
se.arctosoft.vault_41.apk,droidbot:bfs_naive,1,60,0,0,0,0,0
se.arctosoft.vault_41.apk,droidbot:bfs_naive,1,180,0,0,0,0,0
se.arctosoft.vault_41.apk,droidbot:bfs_naive,1,300,0,0,0,0,0
se.arctosoft.vault_41.apk,droidbot:bfs_naive,2,60,0,0,0,0,0
se.arctosoft.vault_41.apk,droidbot:bfs_naive,2,180,0,0,0,0,0
se.arctosoft.vault_41.apk,droidbot:bfs_naive,2,300,0,0,0,0,0
se.arctosoft.vault_41.apk,droidbot:bfs_naive,3,60,0,0,0,0,0
se.arctosoft.vault_41.apk,droidbot:bfs_naive,3,180,0,0,0,0,0
se.arctosoft.vault_41.apk,droidbot:bfs_naive,3,300,0,0,0,0,0
se.arctosoft.vault_41.apk,ape,1,60,0,0,0,0,0
se.arctosoft.vault_41.apk,ape,1,180,0,0,0,0,0
se.arctosoft.vault_41.apk,ape,1,300,4,2,2,2,2.0
se.arctosoft.vault_41.apk,ape,2,60,0,0,0,0,0
se.arctosoft.vault_41.apk,ape,2,180,0,0,0,0,0
se.arctosoft.vault_41.apk,ape,2,300,2,2,2,2,2.0
se.arctosoft.vault_41.apk,ape,3,60,0,0,0,0,0
se.arctosoft.vault_41.apk,ape,3,180,2,2,2,2,2.0
se.arctosoft.vault_41.apk,ape,3,300,2,2,2,2,2.0
se.arctosoft.vault_41.apk,droidmate,1,60,0,0,0,0,0
se.arctosoft.vault_41.apk,droidmate,1,180,0,0,0,0,0
se.arctosoft.vault_41.apk,droidmate,1,300,0,0,0,0,0
se.arctosoft.vault_41.apk,droidmate,2,60,0,0,0,0,0
se.arctosoft.vault_41.apk,droidmate,2,180,0,0,0,0,0
se.arctosoft.vault_41.apk,droidmate,2,300,0,0,0,0,0
se.arctosoft.vault_41.apk,droidmate,3,60,0,0,0,0,0
se.arctosoft.vault_41.apk,droidmate,3,180,0,0,0,0,0
se.arctosoft.vault_41.apk,droidmate,3,300,0,0,0,0,0
se.arctosoft.vault_41.apk,humanoid,1,60,0,0,0,0,0
se.arctosoft.vault_41.apk,humanoid,1,180,0,0,0,0,0
se.arctosoft.vault_41.apk,humanoid,1,300,0,0,0,0,0
se.arctosoft.vault_41.apk,humanoid,2,60,0,0,0,0,0
se.arctosoft.vault_41.apk,humanoid,2,180,0,0,0,0,0
se.arctosoft.vault_41.apk,humanoid,2,300,0,0,0,0,0
se.arctosoft.vault_41.apk,humanoid,3,60,0,0,0,0,0
se.arctosoft.vault_41.apk,humanoid,3,180,0,0,0,0,0
se.arctosoft.vault_41.apk,humanoid,3,300,0,0,0,0,0
se.arctosoft.vault_41.apk,ares,1,60,0,0,0,0,0
se.arctosoft.vault_41.apk,ares,1,180,0,0,0,0,0
se.arctosoft.vault_41.apk,ares,1,300,0,0,0,0,0
se.arctosoft.vault_41.apk,ares,2,60,0,0,0,0,0
se.arctosoft.vault_41.apk,ares,2,180,0,0,0,0,0
se.arctosoft.vault_41.apk,ares,2,300,0,0,0,0,0
se.arctosoft.vault_41.apk,ares,3,60,0,0,0,0,0
se.arctosoft.vault_41.apk,ares,3,180,0,0,0,0,0
se.arctosoft.vault_41.apk,ares,3,300,0,0,0,0,0
se.arctosoft.vault_41.apk,fastbot,1,60,0,0,0,0,0
se.arctosoft.vault_41.apk,fastbot,1,180,0,0,0,0,0
se.arctosoft.vault_41.apk,fastbot,1,300,0,0,0,0,0
se.arctosoft.vault_41.apk,fastbot,2,60,0,0,0,0,0
se.arctosoft.vault_41.apk,fastbot,2,180,0,0,0,0,0
se.arctosoft.vault_41.apk,fastbot,2,300,0,0,0,0,0
se.arctosoft.vault_41.apk,fastbot,3,60,0,0,0,0,0
se.arctosoft.vault_41.apk,fastbot,3,180,0,0,0,0,0
se.arctosoft.vault_41.apk,fastbot,3,300,0,0,0,0,0
se.arctosoft.vault_41.apk,qtesting,1,60,0,0,0,0,0
se.arctosoft.vault_41.apk,qtesting,1,180,0,0,0,0,0
se.arctosoft.vault_41.apk,qtesting,1,300,0,0,0,0,0
se.arctosoft.vault_41.apk,qtesting,2,60,0,0,0,0,0
se.arctosoft.vault_41.apk,qtesting,2,180,0,0,0,0,0
se.arctosoft.vault_41.apk,qtesting,2,300,0,0,0,0,0
se.arctosoft.vault_41.apk,qtesting,3,60,0,0,0,0,0
se.arctosoft.vault_41.apk,qtesting,3,180,0,0,0,0,0
se.arctosoft.vault_41.apk,qtesting,3,300,0,0,0,0,0
se.arctosoft.vault_41.apk,droidbot:dfs_greedy,3,300,0,0,0,0,0
at.techbee.jtx_216000015.apk,droidbot:dfs_greedy,1,60,0,0,0,0,0
at.techbee.jtx_216000015.apk,droidbot:dfs_greedy,1,180,0,0,0,0,0
at.techbee.jtx_216000015.apk,droidbot:dfs_greedy,1,300,0,0,0,0,0
at.techbee.jtx_216000015.apk,droidbot:dfs_greedy,2,60,0,0,0,0,0
at.techbee.jtx_216000015.apk,droidbot:dfs_greedy,2,180,0,0,0,0,0
at.techbee.jtx_216000015.apk,droidbot:dfs_greedy,2,300,0,0,0,0,0
at.techbee.jtx_216000015.apk,droidbot:dfs_greedy,3,60,0,0,0,0,0
at.techbee.jtx_216000015.apk,droidbot:dfs_greedy,3,180,0,0,0,0,0
at.techbee.jtx_216000015.apk,droidbot:dfs_greedy,3,300,0,0,0,0,0
at.techbee.jtx_216000015.apk,droidbot:bfs_greedy,1,60,0,0,0,0,0
at.techbee.jtx_216000015.apk,droidbot:bfs_greedy,1,180,0,0,0,0,0
at.techbee.jtx_216000015.apk,droidbot:bfs_greedy,1,300,0,0,0,0,0
at.techbee.jtx_216000015.apk,droidbot:bfs_greedy,2,60,0,0,0,0,0
at.techbee.jtx_216000015.apk,droidbot:bfs_greedy,2,180,0,0,0,0,0
at.techbee.jtx_216000015.apk,droidbot:bfs_greedy,2,300,0,0,0,0,0
at.techbee.jtx_216000015.apk,droidbot:bfs_greedy,3,60,0,0,0,0,0
at.techbee.jtx_216000015.apk,droidbot:bfs_greedy,3,180,0,0,0,0,0
at.techbee.jtx_216000015.apk,droidbot:bfs_greedy,3,300,0,0,0,0,0
at.techbee.jtx_216000015.apk,droidbot:dfs_naive,1,60,0,0,0,0,0
at.techbee.jtx_216000015.apk,droidbot:dfs_naive,1,180,0,0,0,0,0
at.techbee.jtx_216000015.apk,droidbot:dfs_naive,1,300,0,0,0,0,0
at.techbee.jtx_216000015.apk,droidbot:dfs_naive,2,60,0,0,0,0,0
at.techbee.jtx_216000015.apk,droidbot:dfs_naive,2,180,0,0,0,0,0
at.techbee.jtx_216000015.apk,droidbot:dfs_naive,2,300,0,0,0,0,0
at.techbee.jtx_216000015.apk,droidbot:dfs_naive,3,60,0,0,0,0,0
at.techbee.jtx_216000015.apk,droidbot:dfs_naive,3,180,0,0,0,0,0
at.techbee.jtx_216000015.apk,droidbot:dfs_naive,3,300,0,0,0,0,0
at.techbee.jtx_216000015.apk,droidbot:bfs_naive,1,60,0,0,0,0,0
at.techbee.jtx_216000015.apk,droidbot:bfs_naive,1,180,0,0,0,0,0
at.techbee.jtx_216000015.apk,droidbot:bfs_naive,1,300,0,0,0,0,0
at.techbee.jtx_216000015.apk,droidbot:bfs_naive,2,60,0,0,0,0,0
at.techbee.jtx_216000015.apk,droidbot:bfs_naive,2,180,0,0,0,0,0
at.techbee.jtx_216000015.apk,droidbot:bfs_naive,2,300,0,0,0,0,0
at.techbee.jtx_216000015.apk,droidbot:bfs_naive,3,60,0,0,0,0,0
at.techbee.jtx_216000015.apk,droidbot:bfs_naive,3,180,0,0,0,0,0
at.techbee.jtx_216000015.apk,droidbot:bfs_naive,3,300,0,0,0,0,0
at.techbee.jtx_216000015.apk,ape,1,60,0,0,0,0,0
at.techbee.jtx_216000015.apk,ape,1,180,0,0,0,0,0
at.techbee.jtx_216000015.apk,ape,1,300,0,0,0,0,0
at.techbee.jtx_216000015.apk,ape,2,60,0,0,0,0,0
at.techbee.jtx_216000015.apk,ape,2,180,0,0,0,0,0
at.techbee.jtx_216000015.apk,ape,2,300,0,0,0,0,0
at.techbee.jtx_216000015.apk,ape,3,60,0,0,0,0,0
at.techbee.jtx_216000015.apk,ape,3,180,0,0,0,0,0
at.techbee.jtx_216000015.apk,ape,3,300,0,0,0,0,0
at.techbee.jtx_216000015.apk,droidmate,1,60,0,0,0,0,0
at.techbee.jtx_216000015.apk,droidmate,1,180,0,0,0,0,0
at.techbee.jtx_216000015.apk,droidmate,1,300,0,0,0,0,0
at.techbee.jtx_216000015.apk,droidmate,2,60,0,0,0,0,0
at.techbee.jtx_216000015.apk,droidmate,2,180,0,0,0,0,0
at.techbee.jtx_216000015.apk,droidmate,2,300,0,0,0,0,0
at.techbee.jtx_216000015.apk,droidmate,3,60,0,0,0,0,0
at.techbee.jtx_216000015.apk,droidmate,3,180,0,0,0,0,0
at.techbee.jtx_216000015.apk,droidmate,3,300,0,0,0,0,0
at.techbee.jtx_216000015.apk,humanoid,1,60,0,0,0,0,0
at.techbee.jtx_216000015.apk,humanoid,1,180,0,0,0,0,0
at.techbee.jtx_216000015.apk,humanoid,1,300,0,0,0,0,0
at.techbee.jtx_216000015.apk,humanoid,2,60,0,0,0,0,0
at.techbee.jtx_216000015.apk,humanoid,2,180,0,0,0,0,0
at.techbee.jtx_216000015.apk,humanoid,2,300,0,0,0,0,0
at.techbee.jtx_216000015.apk,humanoid,3,60,0,0,0,0,0
at.techbee.jtx_216000015.apk,humanoid,3,180,0,0,0,0,0
at.techbee.jtx_216000015.apk,humanoid,3,300,0,0,0,0,0
at.techbee.jtx_216000015.apk,ares,1,60,0,0,0,0,0
at.techbee.jtx_216000015.apk,ares,1,180,0,0,0,0,0
at.techbee.jtx_216000015.apk,ares,1,300,0,0,0,0,0
at.techbee.jtx_216000015.apk,ares,2,60,0,0,0,0,0
at.techbee.jtx_216000015.apk,ares,2,300,0,0,0,0,0
at.techbee.jtx_216000015.apk,ares,3,180,0,0,0,0,0
at.techbee.jtx_216000015.apk,ares,3,300,0,0,0,0,0
at.techbee.jtx_216000015.apk,fastbot,1,60,0,0,0,0,0
at.techbee.jtx_216000015.apk,fastbot,1,180,0,0,0,0,0
at.techbee.jtx_216000015.apk,fastbot,1,300,0,0,0,0,0
at.techbee.jtx_216000015.apk,fastbot,2,60,0,0,0,0,0
at.techbee.jtx_216000015.apk,fastbot,2,180,0,0,0,0,0
at.techbee.jtx_216000015.apk,fastbot,2,300,0,0,0,0,0
at.techbee.jtx_216000015.apk,fastbot,3,60,0,0,0,0,0
at.techbee.jtx_216000015.apk,fastbot,3,180,0,0,0,0,0
at.techbee.jtx_216000015.apk,fastbot,3,300,0,0,0,0,0
at.techbee.jtx_216000015.apk,qtesting,1,60,0,0,0,0,0
at.techbee.jtx_216000015.apk,qtesting,1,180,0,0,0,0,0
at.techbee.jtx_216000015.apk,qtesting,1,300,0,0,0,0,0
at.techbee.jtx_216000015.apk,qtesting,2,60,0,0,0,0,0
at.techbee.jtx_216000015.apk,qtesting,2,180,0,0,0,0,0
at.techbee.jtx_216000015.apk,qtesting,2,300,0,0,0,0,0
at.techbee.jtx_216000015.apk,qtesting,3,60,0,0,0,0,0
at.techbee.jtx_216000015.apk,qtesting,3,180,0,0,0,0,0
at.techbee.jtx_216000015.apk,qtesting,3,300,0,0,0,0,0
com.antony.muzei.pixiv_327.apk,monkey,1,60,7,2,7,7,7.0
com.antony.muzei.pixiv_327.apk,droidbot:dfs_greedy,1,60,7,2,7,7,7.0
com.antony.muzei.pixiv_327.apk,droidbot:dfs_greedy,1,180,7,2,7,7,7.0
com.antony.muzei.pixiv_327.apk,droidbot:dfs_greedy,1,300,7,2,7,7,7.0
com.antony.muzei.pixiv_327.apk,droidbot:dfs_greedy,2,60,7,2,7,7,7.0
com.antony.muzei.pixiv_327.apk,droidbot:dfs_greedy,2,180,7,2,7,7,7.0
com.antony.muzei.pixiv_327.apk,droidbot:dfs_greedy,2,300,7,2,7,7,7.0
com.antony.muzei.pixiv_327.apk,droidbot:dfs_greedy,3,60,7,2,7,7,7.0
com.antony.muzei.pixiv_327.apk,droidbot:dfs_greedy,3,180,7,2,7,7,7.0
com.antony.muzei.pixiv_327.apk,droidbot:dfs_greedy,3,300,7,2,7,7,7.0
com.antony.muzei.pixiv_327.apk,droidbot:bfs_greedy,1,60,7,2,7,7,7.0
com.antony.muzei.pixiv_327.apk,droidbot:bfs_greedy,1,180,7,2,7,7,7.0
com.antony.muzei.pixiv_327.apk,droidbot:bfs_greedy,1,300,7,2,7,7,7.0
com.antony.muzei.pixiv_327.apk,droidbot:bfs_greedy,2,60,7,2,7,7,7.0
com.antony.muzei.pixiv_327.apk,droidbot:bfs_greedy,2,180,7,2,7,7,7.0
com.antony.muzei.pixiv_327.apk,droidbot:bfs_greedy,2,300,7,2,7,7,7.0
com.antony.muzei.pixiv_327.apk,droidbot:bfs_greedy,3,60,7,2,7,7,7.0
com.antony.muzei.pixiv_327.apk,droidbot:bfs_greedy,3,180,7,2,7,7,7.0
com.antony.muzei.pixiv_327.apk,droidbot:bfs_greedy,3,300,7,2,7,7,7.0
com.antony.muzei.pixiv_327.apk,droidbot:dfs_naive,1,60,0,0,0,0,0
com.antony.muzei.pixiv_327.apk,droidbot:dfs_naive,1,180,7,2,7,7,7.0
com.antony.muzei.pixiv_327.apk,droidbot:dfs_naive,1,300,7,2,7,7,7.0
com.antony.muzei.pixiv_327.apk,droidbot:dfs_naive,2,60,0,0,0,0,0
com.antony.muzei.pixiv_327.apk,droidbot:dfs_naive,2,180,7,2,7,7,7.0
com.antony.muzei.pixiv_327.apk,droidbot:dfs_naive,2,300,7,2,7,7,7.0
com.antony.muzei.pixiv_327.apk,droidbot:dfs_naive,3,60,0,0,0,0,0
com.antony.muzei.pixiv_327.apk,droidbot:dfs_naive,3,180,7,2,7,7,7.0
com.antony.muzei.pixiv_327.apk,droidbot:dfs_naive,3,300,7,2,7,7,7.0
com.antony.muzei.pixiv_327.apk,droidbot:bfs_naive,1,60,0,0,0,0,0
com.antony.muzei.pixiv_327.apk,droidbot:bfs_naive,1,180,7,2,7,7,7.0
com.antony.muzei.pixiv_327.apk,droidbot:bfs_naive,1,300,7,2,7,7,7.0
com.antony.muzei.pixiv_327.apk,droidbot:bfs_naive,2,60,0,0,0,0,0
com.antony.muzei.pixiv_327.apk,droidbot:bfs_naive,2,180,7,2,7,7,7.0
com.antony.muzei.pixiv_327.apk,droidbot:bfs_naive,2,300,7,2,7,7,7.0
com.antony.muzei.pixiv_327.apk,droidbot:bfs_naive,3,60,7,2,7,7,7.0
com.antony.muzei.pixiv_327.apk,droidbot:bfs_naive,3,180,7,2,7,7,7.0
com.antony.muzei.pixiv_327.apk,droidbot:bfs_naive,3,300,7,2,7,7,7.0
com.antony.muzei.pixiv_327.apk,ape,1,60,7,2,7,7,7.0
com.antony.muzei.pixiv_327.apk,ape,1,180,7,2,7,7,7.0
com.antony.muzei.pixiv_327.apk,ape,1,300,14,2,7,7,7.0
com.antony.muzei.pixiv_327.apk,ape,2,60,7,2,7,7,7.0
com.antony.muzei.pixiv_327.apk,ape,2,180,7,2,7,7,7.0
com.antony.muzei.pixiv_327.apk,ape,2,300,7,2,7,7,7.0
com.antony.muzei.pixiv_327.apk,ape,3,60,7,2,7,7,7.0
com.antony.muzei.pixiv_327.apk,ape,3,180,7,2,7,7,7.0
com.antony.muzei.pixiv_327.apk,ape,3,300,7,2,7,7,7.0
com.antony.muzei.pixiv_327.apk,droidmate,1,60,7,2,7,7,7.0
com.antony.muzei.pixiv_327.apk,droidmate,1,180,7,2,7,7,7.0
com.antony.muzei.pixiv_327.apk,droidmate,1,300,14,2,7,7,7.0
com.antony.muzei.pixiv_327.apk,droidmate,2,60,7,2,7,7,7.0
com.antony.muzei.pixiv_327.apk,droidmate,2,180,7,2,7,7,7.0
com.antony.muzei.pixiv_327.apk,droidmate,2,300,7,2,7,7,7.0
com.antony.muzei.pixiv_327.apk,droidmate,3,60,7,2,7,7,7.0
com.antony.muzei.pixiv_327.apk,droidmate,3,180,14,2,7,7,7.0
com.antony.muzei.pixiv_327.apk,droidmate,3,300,7,2,7,7,7.0
com.antony.muzei.pixiv_327.apk,humanoid,1,60,7,2,7,7,7.0
com.antony.muzei.pixiv_327.apk,humanoid,1,180,7,2,7,7,7.0
com.antony.muzei.pixiv_327.apk,humanoid,1,300,7,2,7,7,7.0
com.antony.muzei.pixiv_327.apk,humanoid,2,60,7,2,7,7,7.0
com.antony.muzei.pixiv_327.apk,humanoid,2,180,7,2,7,7,7.0
com.antony.muzei.pixiv_327.apk,humanoid,2,300,7,2,7,7,7.0
com.antony.muzei.pixiv_327.apk,humanoid,3,60,0,0,0,0,0
com.antony.muzei.pixiv_327.apk,humanoid,3,180,7,2,7,7,7.0
com.antony.muzei.pixiv_327.apk,humanoid,3,300,7,2,7,7,7.0
com.antony.muzei.pixiv_327.apk,ares,1,60,7,2,7,7,7.0
com.antony.muzei.pixiv_327.apk,ares,1,180,7,2,7,7,7.0
com.antony.muzei.pixiv_327.apk,ares,1,300,28,2,7,7,7.0
com.antony.muzei.pixiv_327.apk,ares,2,60,7,2,7,7,7.0
com.antony.muzei.pixiv_327.apk,ares,2,180,21,2,7,7,7.0
com.antony.muzei.pixiv_327.apk,ares,2,300,14,2,7,7,7.0
com.antony.muzei.pixiv_327.apk,ares,3,60,7,2,7,7,7.0
com.antony.muzei.pixiv_327.apk,ares,3,180,7,2,7,7,7.0
com.antony.muzei.pixiv_327.apk,ares,3,300,21,2,7,7,7.0
com.antony.muzei.pixiv_327.apk,fastbot,1,60,7,2,7,7,7.0
com.antony.muzei.pixiv_327.apk,fastbot,1,180,7,2,7,7,7.0
com.antony.muzei.pixiv_327.apk,fastbot,1,300,7,2,7,7,7.0
com.antony.muzei.pixiv_327.apk,fastbot,2,60,7,2,7,7,7.0
com.antony.muzei.pixiv_327.apk,fastbot,2,180,7,2,7,7,7.0
com.antony.muzei.pixiv_327.apk,fastbot,2,300,7,2,7,7,7.0
com.antony.muzei.pixiv_327.apk,fastbot,3,60,7,2,7,7,7.0
com.antony.muzei.pixiv_327.apk,fastbot,3,180,7,2,7,7,7.0
com.antony.muzei.pixiv_327.apk,fastbot,3,300,7,2,7,7,7.0
com.antony.muzei.pixiv_327.apk,qtesting,1,60,7,2,7,7,7.0
com.antony.muzei.pixiv_327.apk,qtesting,1,180,14,2,7,7,7.0
com.antony.muzei.pixiv_327.apk,qtesting,1,300,28,2,7,7,7.0
com.antony.muzei.pixiv_327.apk,qtesting,2,60,7,2,7,7,7.0
com.antony.muzei.pixiv_327.apk,qtesting,2,180,21,2,7,7,7.0
com.antony.muzei.pixiv_327.apk,qtesting,2,300,49,2,7,7,7.0
com.antony.muzei.pixiv_327.apk,qtesting,3,60,14,2,7,7,7.0
com.antony.muzei.pixiv_327.apk,qtesting,3,180,21,2,7,7,7.0
com.antony.muzei.pixiv_327.apk,qtesting,3,300,35,2,7,7,7.0
com.darkrockstudios.apps.fasttrack_40.apk,monkey,1,60,0,0,0,0,0
com.darkrockstudios.apps.fasttrack_40.apk,monkey,2,60,0,0,0,0,0
com.darkrockstudios.apps.fasttrack_40.apk,monkey,3,60,0,0,0,0,0
com.darkrockstudios.apps.fasttrack_40.apk,droidbot:dfs_greedy,1,60,0,0,0,0,0
com.darkrockstudios.apps.fasttrack_40.apk,droidbot:dfs_greedy,1,180,0,0,0,0,0
com.darkrockstudios.apps.fasttrack_40.apk,droidbot:dfs_greedy,1,300,0,0,0,0,0
com.darkrockstudios.apps.fasttrack_40.apk,droidbot:dfs_greedy,2,60,0,0,0,0,0
com.darkrockstudios.apps.fasttrack_40.apk,droidbot:dfs_greedy,2,180,0,0,0,0,0
com.darkrockstudios.apps.fasttrack_40.apk,droidbot:dfs_greedy,2,300,0,0,0,0,0
com.darkrockstudios.apps.fasttrack_40.apk,droidbot:dfs_greedy,3,60,0,0,0,0,0
com.darkrockstudios.apps.fasttrack_40.apk,droidbot:dfs_greedy,3,180,0,0,0,0,0
com.darkrockstudios.apps.fasttrack_40.apk,droidbot:dfs_greedy,3,300,0,0,0,0,0
com.darkrockstudios.apps.fasttrack_40.apk,droidbot:bfs_greedy,1,60,0,0,0,0,0
at.techbee.jtx_216000015.apk,monkey,1,60,0,0,0,0,0
at.techbee.jtx_216000015.apk,monkey,1,180,0,0,0,0,0
at.techbee.jtx_216000015.apk,monkey,1,300,0,0,0,0,0
at.techbee.jtx_216000015.apk,monkey,2,60,0,0,0,0,0
at.techbee.jtx_216000015.apk,monkey,2,180,0,0,0,0,0
at.techbee.jtx_216000015.apk,monkey,2,300,0,0,0,0,0
at.techbee.jtx_216000015.apk,monkey,3,60,0,0,0,0,0
at.techbee.jtx_216000015.apk,monkey,3,180,0,0,0,0,0
at.techbee.jtx_216000015.apk,monkey,3,300,0,0,0,0,0
at.techbee.jtx_216000015.apk,ares,2,180,0,0,0,0,0
at.techbee.jtx_216000015.apk,ares,3,60,0,0,0,0,0
com.antony.muzei.pixiv_327.apk,monkey,1,180,7,2,7,7,7.0
com.antony.muzei.pixiv_327.apk,monkey,1,300,7,2,7,7,7.0
com.antony.muzei.pixiv_327.apk,monkey,2,60,7,2,7,7,7.0
com.antony.muzei.pixiv_327.apk,monkey,2,180,14,2,7,7,7.0
com.antony.muzei.pixiv_327.apk,monkey,2,300,7,2,7,7,7.0
com.antony.muzei.pixiv_327.apk,monkey,3,60,7,2,7,7,7.0
com.antony.muzei.pixiv_327.apk,monkey,3,180,7,2,7,7,7.0
com.antony.muzei.pixiv_327.apk,monkey,3,300,7,2,7,7,7.0
com.darkrockstudios.apps.fasttrack_40.apk,monkey,1,180,0,0,0,0,0
com.darkrockstudios.apps.fasttrack_40.apk,monkey,1,300,0,0,0,0,0
com.darkrockstudios.apps.fasttrack_40.apk,monkey,2,180,0,0,0,0,0
com.darkrockstudios.apps.fasttrack_40.apk,monkey,2,300,0,0,0,0,0
com.darkrockstudios.apps.fasttrack_40.apk,monkey,3,180,0,0,0,0,0
com.darkrockstudios.apps.fasttrack_40.apk,monkey,3,300,0,0,0,0,0
com.darkrockstudios.apps.fasttrack_40.apk,droidbot:bfs_greedy,1,180,0,0,0,0,0
com.darkrockstudios.apps.fasttrack_40.apk,droidbot:bfs_greedy,1,300,0,0,0,0,0
com.darkrockstudios.apps.fasttrack_40.apk,droidbot:bfs_greedy,2,60,0,0,0,0,0
com.darkrockstudios.apps.fasttrack_40.apk,droidbot:bfs_greedy,2,180,0,0,0,0,0
com.darkrockstudios.apps.fasttrack_40.apk,droidbot:bfs_greedy,2,300,0,0,0,0,0
com.darkrockstudios.apps.fasttrack_40.apk,droidbot:bfs_greedy,3,60,0,0,0,0,0
com.darkrockstudios.apps.fasttrack_40.apk,droidbot:bfs_greedy,3,180,0,0,0,0,0
com.darkrockstudios.apps.fasttrack_40.apk,droidbot:bfs_greedy,3,300,0,0,0,0,0
com.darkrockstudios.apps.fasttrack_40.apk,droidbot:dfs_naive,1,60,0,0,0,0,0
com.darkrockstudios.apps.fasttrack_40.apk,droidbot:dfs_naive,1,180,0,0,0,0,0
com.darkrockstudios.apps.fasttrack_40.apk,droidbot:dfs_naive,1,300,0,0,0,0,0
com.darkrockstudios.apps.fasttrack_40.apk,droidbot:dfs_naive,2,60,0,0,0,0,0
com.darkrockstudios.apps.fasttrack_40.apk,droidbot:dfs_naive,2,180,0,0,0,0,0
com.darkrockstudios.apps.fasttrack_40.apk,droidbot:dfs_naive,2,300,0,0,0,0,0
com.darkrockstudios.apps.fasttrack_40.apk,droidbot:dfs_naive,3,60,0,0,0,0,0
com.darkrockstudios.apps.fasttrack_40.apk,droidbot:dfs_naive,3,180,0,0,0,0,0
com.darkrockstudios.apps.fasttrack_40.apk,droidbot:dfs_naive,3,300,0,0,0,0,0
com.darkrockstudios.apps.fasttrack_40.apk,droidbot:bfs_naive,1,60,0,0,0,0,0
com.darkrockstudios.apps.fasttrack_40.apk,droidbot:bfs_naive,1,180,0,0,0,0,0
com.darkrockstudios.apps.fasttrack_40.apk,droidbot:bfs_naive,1,300,0,0,0,0,0
com.darkrockstudios.apps.fasttrack_40.apk,droidbot:bfs_naive,2,60,0,0,0,0,0
com.darkrockstudios.apps.fasttrack_40.apk,droidbot:bfs_naive,2,180,0,0,0,0,0
com.darkrockstudios.apps.fasttrack_40.apk,droidbot:bfs_naive,2,300,0,0,0,0,0
com.darkrockstudios.apps.fasttrack_40.apk,droidbot:bfs_naive,3,60,0,0,0,0,0
com.darkrockstudios.apps.fasttrack_40.apk,droidbot:bfs_naive,3,180,0,0,0,0,0
com.darkrockstudios.apps.fasttrack_40.apk,droidbot:bfs_naive,3,300,0,0,0,0,0
com.darkrockstudios.apps.fasttrack_40.apk,ape,1,60,0,0,0,0,0
com.darkrockstudios.apps.fasttrack_40.apk,ape,1,180,0,0,0,0,0
com.darkrockstudios.apps.fasttrack_40.apk,ape,1,300,0,0,0,0,0
com.darkrockstudios.apps.fasttrack_40.apk,ape,2,60,0,0,0,0,0
com.darkrockstudios.apps.fasttrack_40.apk,ape,2,180,0,0,0,0,0
com.darkrockstudios.apps.fasttrack_40.apk,ape,2,300,0,0,0,0,0
com.darkrockstudios.apps.fasttrack_40.apk,ape,3,60,0,0,0,0,0
com.darkrockstudios.apps.fasttrack_40.apk,ape,3,180,0,0,0,0,0
com.darkrockstudios.apps.fasttrack_40.apk,ape,3,300,0,0,0,0,0
com.darkrockstudios.apps.fasttrack_40.apk,droidmate,1,60,0,0,0,0,0
com.darkrockstudios.apps.fasttrack_40.apk,droidmate,1,180,0,0,0,0,0
com.darkrockstudios.apps.fasttrack_40.apk,droidmate,1,300,0,0,0,0,0
com.darkrockstudios.apps.fasttrack_40.apk,droidmate,2,60,0,0,0,0,0
com.darkrockstudios.apps.fasttrack_40.apk,droidmate,2,180,0,0,0,0,0
com.darkrockstudios.apps.fasttrack_40.apk,droidmate,2,300,0,0,0,0,0
com.darkrockstudios.apps.fasttrack_40.apk,droidmate,3,60,0,0,0,0,0
com.darkrockstudios.apps.fasttrack_40.apk,droidmate,3,180,0,0,0,0,0
com.darkrockstudios.apps.fasttrack_40.apk,droidmate,3,300,0,0,0,0,0
com.darkrockstudios.apps.fasttrack_40.apk,humanoid,1,60,0,0,0,0,0
com.darkrockstudios.apps.fasttrack_40.apk,humanoid,1,180,0,0,0,0,0
com.darkrockstudios.apps.fasttrack_40.apk,humanoid,1,300,0,0,0,0,0
com.darkrockstudios.apps.fasttrack_40.apk,humanoid,2,60,0,0,0,0,0
com.darkrockstudios.apps.fasttrack_40.apk,humanoid,2,180,0,0,0,0,0
com.darkrockstudios.apps.fasttrack_40.apk,humanoid,2,300,0,0,0,0,0
com.darkrockstudios.apps.fasttrack_40.apk,humanoid,3,60,0,0,0,0,0
com.darkrockstudios.apps.fasttrack_40.apk,humanoid,3,180,0,0,0,0,0
com.darkrockstudios.apps.fasttrack_40.apk,humanoid,3,300,0,0,0,0,0
com.darkrockstudios.apps.fasttrack_40.apk,ares,1,60,0,0,0,0,0
com.darkrockstudios.apps.fasttrack_40.apk,ares,1,180,0,0,0,0,0
com.darkrockstudios.apps.fasttrack_40.apk,ares,1,300,0,0,0,0,0
com.darkrockstudios.apps.fasttrack_40.apk,ares,2,60,0,0,0,0,0
com.darkrockstudios.apps.fasttrack_40.apk,ares,2,180,0,0,0,0,0
com.darkrockstudios.apps.fasttrack_40.apk,ares,2,300,0,0,0,0,0
com.darkrockstudios.apps.fasttrack_40.apk,ares,3,60,0,0,0,0,0
com.darkrockstudios.apps.fasttrack_40.apk,ares,3,180,0,0,0,0,0
com.darkrockstudios.apps.fasttrack_40.apk,ares,3,300,0,0,0,0,0
com.darkrockstudios.apps.fasttrack_40.apk,fastbot,1,60,0,0,0,0,0
com.darkrockstudios.apps.fasttrack_40.apk,fastbot,1,180,0,0,0,0,0
com.darkrockstudios.apps.fasttrack_40.apk,fastbot,1,300,0,0,0,0,0
com.darkrockstudios.apps.fasttrack_40.apk,fastbot,2,60,0,0,0,0,0
com.darkrockstudios.apps.fasttrack_40.apk,fastbot,2,180,0,0,0,0,0
com.darkrockstudios.apps.fasttrack_40.apk,fastbot,2,300,0,0,0,0,0
com.darkrockstudios.apps.fasttrack_40.apk,fastbot,3,60,0,0,0,0,0
com.darkrockstudios.apps.fasttrack_40.apk,fastbot,3,180,0,0,0,0,0
com.darkrockstudios.apps.fasttrack_40.apk,fastbot,3,300,0,0,0,0,0
com.darkrockstudios.apps.fasttrack_40.apk,qtesting,1,60,0,0,0,0,0
com.darkrockstudios.apps.fasttrack_40.apk,qtesting,1,180,0,0,0,0,0
com.darkrockstudios.apps.fasttrack_40.apk,qtesting,1,300,0,0,0,0,0
com.darkrockstudios.apps.fasttrack_40.apk,qtesting,2,60,0,0,0,0,0
com.darkrockstudios.apps.fasttrack_40.apk,qtesting,2,180,0,0,0,0,0
com.darkrockstudios.apps.fasttrack_40.apk,qtesting,2,300,0,0,0,0,0
com.darkrockstudios.apps.fasttrack_40.apk,qtesting,3,60,0,0,0,0,0
com.darkrockstudios.apps.fasttrack_40.apk,qtesting,3,180,0,0,0,0,0
com.darkrockstudios.apps.fasttrack_40.apk,qtesting,3,300,0,0,0,0,0
com.flxrs.dankchat_40038.apk,monkey,1,60,18,4,16,16,16.0
com.flxrs.dankchat_40038.apk,monkey,1,180,36,4,16,16,16.0
com.flxrs.dankchat_40038.apk,monkey,1,300,90,4,16,16,16.0
com.flxrs.dankchat_40038.apk,monkey,2,60,18,4,16,16,16.0
com.flxrs.dankchat_40038.apk,monkey,2,180,18,4,16,16,16.0
com.flxrs.dankchat_40038.apk,monkey,2,300,18,4,16,16,16.0
com.flxrs.dankchat_40038.apk,monkey,3,60,18,4,16,16,16.0
com.flxrs.dankchat_40038.apk,monkey,3,180,18,4,16,16,16.0
com.flxrs.dankchat_40038.apk,monkey,3,300,90,4,16,16,16.0
com.flxrs.dankchat_40038.apk,droidbot:dfs_greedy,1,60,24,4,16,16,16.0
com.flxrs.dankchat_40038.apk,droidbot:dfs_greedy,1,180,54,4,16,16,16.0
com.flxrs.dankchat_40038.apk,droidbot:dfs_greedy,1,300,169,4,16,16,16.0
com.flxrs.dankchat_40038.apk,droidbot:dfs_greedy,2,60,18,4,16,16,16.0
com.flxrs.dankchat_40038.apk,droidbot:dfs_greedy,2,180,14,3,12,12,12.0
com.flxrs.dankchat_40038.apk,droidbot:dfs_greedy,2,300,54,4,16,16,16.0
com.flxrs.dankchat_40038.apk,droidbot:dfs_greedy,3,60,18,4,16,16,16.0
com.flxrs.dankchat_40038.apk,droidbot:dfs_greedy,3,180,26,4,16,16,16.0
com.flxrs.dankchat_40038.apk,droidbot:dfs_greedy,3,300,65,4,16,16,16.0
com.flxrs.dankchat_40038.apk,droidbot:bfs_greedy,1,60,54,4,16,16,16.0
com.flxrs.dankchat_40038.apk,droidbot:bfs_greedy,1,180,193,4,16,16,16.0
com.flxrs.dankchat_40038.apk,droidbot:bfs_greedy,1,300,182,4,16,16,16.0
com.flxrs.dankchat_40038.apk,droidbot:bfs_greedy,2,60,49,4,16,16,16.0
com.flxrs.dankchat_40038.apk,droidbot:bfs_greedy,2,180,160,4,16,16,16.0
com.flxrs.dankchat_40038.apk,droidbot:bfs_greedy,2,300,108,4,16,16,16.0
com.flxrs.dankchat_40038.apk,droidbot:bfs_greedy,3,60,61,4,16,16,16.0
com.flxrs.dankchat_40038.apk,droidbot:bfs_greedy,3,180,124,4,16,16,16.0
com.flxrs.dankchat_40038.apk,droidbot:bfs_greedy,3,300,203,4,16,16,16.0
com.flxrs.dankchat_40038.apk,droidbot:dfs_naive,1,60,18,4,16,16,16.0
com.flxrs.dankchat_40038.apk,droidbot:dfs_naive,1,180,36,4,16,16,16.0
com.flxrs.dankchat_40038.apk,droidbot:dfs_naive,1,300,58,4,16,16,16.0
com.flxrs.dankchat_40038.apk,droidbot:dfs_naive,2,60,18,4,16,16,16.0
com.flxrs.dankchat_40038.apk,droidbot:dfs_naive,2,180,121,4,16,16,16.0
com.flxrs.dankchat_40038.apk,droidbot:dfs_naive,2,300,18,4,16,16,16.0
com.flxrs.dankchat_40038.apk,droidbot:dfs_naive,3,60,54,4,16,16,16.0
com.flxrs.dankchat_40038.apk,droidbot:dfs_naive,3,180,18,4,16,16,16.0
com.flxrs.dankchat_40038.apk,droidbot:dfs_naive,3,300,18,4,16,16,16.0
com.flxrs.dankchat_40038.apk,droidbot:bfs_naive,1,60,72,4,16,16,16.0
com.flxrs.dankchat_40038.apk,droidbot:bfs_naive,1,180,116,4,16,16,16.0
com.flxrs.dankchat_40038.apk,droidbot:bfs_naive,1,300,180,4,16,16,16.0
com.flxrs.dankchat_40038.apk,droidbot:bfs_naive,2,60,66,4,16,16,16.0
com.flxrs.dankchat_40038.apk,droidbot:bfs_naive,2,180,25,4,16,16,16.0
com.flxrs.dankchat_40038.apk,droidbot:bfs_naive,2,300,72,4,16,16,16.0
com.flxrs.dankchat_40038.apk,droidbot:bfs_naive,3,60,48,4,16,16,16.0
com.flxrs.dankchat_40038.apk,droidbot:bfs_naive,3,180,71,4,16,16,16.0
com.flxrs.dankchat_40038.apk,droidbot:bfs_naive,3,300,72,4,16,16,16.0
com.flxrs.dankchat_40038.apk,ape,1,60,53,4,16,16,16.0
com.flxrs.dankchat_40038.apk,ape,1,180,481,4,16,16,16.0
com.flxrs.dankchat_40038.apk,ape,1,300,872,4,16,16,16.0
com.flxrs.dankchat_40038.apk,ape,2,60,94,4,16,16,16.0
com.flxrs.dankchat_40038.apk,ape,2,180,424,4,16,16,16.0
com.flxrs.dankchat_40038.apk,ape,2,300,638,4,16,16,16.0
com.flxrs.dankchat_40038.apk,ape,3,60,101,4,16,16,16.0
com.flxrs.dankchat_40038.apk,ape,3,180,555,4,16,16,16.0
com.flxrs.dankchat_40038.apk,ape,3,300,627,4,16,16,16.0
com.flxrs.dankchat_40038.apk,droidmate,1,60,18,4,16,16,16.0
com.flxrs.dankchat_40038.apk,droidmate,1,180,18,4,16,16,16.0
com.flxrs.dankchat_40038.apk,droidmate,1,300,36,4,16,16,16.0
com.flxrs.dankchat_40038.apk,droidmate,2,60,18,4,16,16,16.0
com.flxrs.dankchat_40038.apk,droidmate,2,180,13,3,11,11,11.0
com.flxrs.dankchat_40038.apk,droidmate,2,300,36,4,16,16,16.0
com.flxrs.dankchat_40038.apk,droidmate,3,60,18,4,16,16,16.0
com.flxrs.dankchat_40038.apk,droidmate,3,180,18,4,16,16,16.0
com.flxrs.dankchat_40038.apk,droidmate,3,300,36,4,16,16,16.0
com.flxrs.dankchat_40038.apk,humanoid,1,60,13,4,13,13,13.0
com.flxrs.dankchat_40038.apk,humanoid,1,180,53,4,16,16,16.0
com.flxrs.dankchat_40038.apk,humanoid,1,300,13,4,13,13,13.0
com.flxrs.dankchat_40038.apk,humanoid,2,60,18,4,16,16,16.0
com.flxrs.dankchat_40038.apk,humanoid,2,180,49,4,16,16,16.0
com.flxrs.dankchat_40038.apk,humanoid,2,300,18,4,16,16,16.0
com.flxrs.dankchat_40038.apk,humanoid,3,60,18,4,16,16,16.0
com.flxrs.dankchat_40038.apk,humanoid,3,180,38,4,16,16,16.0
com.flxrs.dankchat_40038.apk,humanoid,3,300,43,4,16,16,16.0
com.flxrs.dankchat_40038.apk,ares,1,60,36,4,16,16,16.0
com.flxrs.dankchat_40038.apk,ares,1,180,36,4,16,16,16.0
com.flxrs.dankchat_40038.apk,ares,1,300,36,4,16,16,16.0
com.flxrs.dankchat_40038.apk,ares,2,60,36,4,16,16,16.0
com.flxrs.dankchat_40038.apk,ares,2,180,36,4,16,16,16.0
com.flxrs.dankchat_40038.apk,ares,2,300,36,4,16,16,16.0
com.flxrs.dankchat_40038.apk,ares,3,60,36,4,16,16,16.0
com.flxrs.dankchat_40038.apk,ares,3,180,30,4,16,16,16.0
com.flxrs.dankchat_40038.apk,ares,3,300,36,4,16,16,16.0
com.flxrs.dankchat_40038.apk,fastbot,1,60,54,4,16,16,16.0
com.flxrs.dankchat_40038.apk,fastbot,1,180,450,4,16,16,16.0
com.flxrs.dankchat_40038.apk,fastbot,1,300,827,4,16,16,16.0
com.flxrs.dankchat_40038.apk,fastbot,2,60,54,4,16,16,16.0
com.flxrs.dankchat_40038.apk,fastbot,2,180,493,4,16,16,16.0
com.flxrs.dankchat_40038.apk,fastbot,2,300,742,4,16,16,16.0
com.flxrs.dankchat_40038.apk,fastbot,3,60,54,4,16,16,16.0
com.flxrs.dankchat_40038.apk,fastbot,3,180,376,4,16,16,16.0
com.flxrs.dankchat_40038.apk,fastbot,3,300,881,4,16,16,16.0
com.flxrs.dankchat_40038.apk,qtesting,1,60,71,4,16,16,16.0
com.flxrs.dankchat_40038.apk,qtesting,1,180,90,4,16,16,16.0
com.flxrs.dankchat_40038.apk,qtesting,1,300,101,4,16,16,16.0
com.flxrs.dankchat_40038.apk,qtesting,2,60,72,4,16,16,16.0
com.flxrs.dankchat_40038.apk,qtesting,2,180,126,4,16,16,16.0
com.flxrs.dankchat_40038.apk,qtesting,2,300,132,4,16,16,16.0
com.flxrs.dankchat_40038.apk,qtesting,3,60,42,4,16,16,16.0
com.flxrs.dankchat_40038.apk,qtesting,3,180,67,4,16,16,16.0
com.flxrs.dankchat_40038.apk,qtesting,3,300,90,4,16,16,16.0
com.ivanovsky.passnotes_11700.apk,monkey,1,60,0,0,0,0,0
com.ivanovsky.passnotes_11700.apk,monkey,1,180,7,2,7,7,7.0
com.ivanovsky.passnotes_11700.apk,monkey,1,300,7,2,7,7,7.0
com.ivanovsky.passnotes_11700.apk,monkey,2,60,0,0,0,0,0
com.ivanovsky.passnotes_11700.apk,monkey,2,180,0,0,0,0,0
com.ivanovsky.passnotes_11700.apk,monkey,2,300,7,2,7,7,7.0
com.ivanovsky.passnotes_11700.apk,monkey,3,60,0,0,0,0,0
com.ivanovsky.passnotes_11700.apk,monkey,3,180,0,0,0,0,0
com.ivanovsky.passnotes_11700.apk,monkey,3,300,3,2,3,3,3.0
com.ivanovsky.passnotes_11700.apk,droidbot:dfs_greedy,1,60,0,0,0,0,0
com.ivanovsky.passnotes_11700.apk,droidbot:dfs_greedy,1,180,0,0,0,0,0
com.ivanovsky.passnotes_11700.apk,droidbot:dfs_greedy,1,300,0,0,0,0,0
com.ivanovsky.passnotes_11700.apk,droidbot:dfs_greedy,2,60,0,0,0,0,0
com.ivanovsky.passnotes_11700.apk,droidbot:dfs_greedy,2,180,0,0,0,0,0
com.ivanovsky.passnotes_11700.apk,droidbot:dfs_greedy,2,300,0,0,0,0,0
com.ivanovsky.passnotes_11700.apk,droidbot:dfs_greedy,3,60,0,0,0,0,0
com.ivanovsky.passnotes_11700.apk,droidbot:dfs_greedy,3,180,0,0,0,0,0
com.ivanovsky.passnotes_11700.apk,droidbot:dfs_greedy,3,300,0,0,0,0,0
com.ivanovsky.passnotes_11700.apk,droidbot:bfs_greedy,1,60,0,0,0,0,0
com.ivanovsky.passnotes_11700.apk,droidbot:bfs_greedy,1,180,0,0,0,0,0
com.ivanovsky.passnotes_11700.apk,droidbot:bfs_greedy,1,300,0,0,0,0,0
com.ivanovsky.passnotes_11700.apk,droidbot:bfs_greedy,2,60,0,0,0,0,0
com.ivanovsky.passnotes_11700.apk,droidbot:bfs_greedy,2,180,0,0,0,0,0
com.ivanovsky.passnotes_11700.apk,droidbot:bfs_greedy,2,300,0,0,0,0,0
com.ivanovsky.passnotes_11700.apk,droidbot:bfs_greedy,3,60,0,0,0,0,0
com.ivanovsky.passnotes_11700.apk,droidbot:bfs_greedy,3,180,0,0,0,0,0
com.ivanovsky.passnotes_11700.apk,droidbot:bfs_greedy,3,300,0,0,0,0,0
com.ivanovsky.passnotes_11700.apk,droidbot:dfs_naive,1,60,0,0,0,0,0
com.ivanovsky.passnotes_11700.apk,droidbot:dfs_naive,1,180,0,0,0,0,0
com.ivanovsky.passnotes_11700.apk,droidbot:dfs_naive,1,300,0,0,0,0,0
com.ivanovsky.passnotes_11700.apk,droidbot:dfs_naive,2,180,0,0,0,0,0
com.ivanovsky.passnotes_11700.apk,droidbot:dfs_naive,2,300,0,0,0,0,0
com.ivanovsky.passnotes_11700.apk,droidbot:dfs_naive,3,60,0,0,0,0,0
com.ivanovsky.passnotes_11700.apk,droidbot:dfs_naive,3,180,0,0,0,0,0
com.ivanovsky.passnotes_11700.apk,droidbot:dfs_naive,3,300,0,0,0,0,0
com.ivanovsky.passnotes_11700.apk,droidbot:bfs_naive,1,60,0,0,0,0,0
com.ivanovsky.passnotes_11700.apk,droidbot:bfs_naive,1,180,0,0,0,0,0
com.ivanovsky.passnotes_11700.apk,droidbot:bfs_naive,1,300,0,0,0,0,0
com.ivanovsky.passnotes_11700.apk,droidbot:bfs_naive,2,60,0,0,0,0,0
com.ivanovsky.passnotes_11700.apk,droidbot:bfs_naive,2,180,0,0,0,0,0
com.ivanovsky.passnotes_11700.apk,droidbot:bfs_naive,2,300,0,0,0,0,0
com.ivanovsky.passnotes_11700.apk,droidbot:bfs_naive,3,60,0,0,0,0,0
com.ivanovsky.passnotes_11700.apk,droidbot:bfs_naive,3,180,0,0,0,0,0
com.ivanovsky.passnotes_11700.apk,droidbot:bfs_naive,3,300,0,0,0,0,0
com.ivanovsky.passnotes_11700.apk,ape,1,60,0,0,0,0,0
com.ivanovsky.passnotes_11700.apk,ape,1,180,0,0,0,0,0
com.ivanovsky.passnotes_11700.apk,ape,1,300,0,0,0,0,0
com.ivanovsky.passnotes_11700.apk,ape,2,60,0,0,0,0,0
com.ivanovsky.passnotes_11700.apk,ape,2,180,0,0,0,0,0
com.ivanovsky.passnotes_11700.apk,ape,2,300,0,0,0,0,0
com.ivanovsky.passnotes_11700.apk,ape,3,60,0,0,0,0,0
com.ivanovsky.passnotes_11700.apk,ape,3,180,9,3,9,9,9.0
com.ivanovsky.passnotes_11700.apk,ape,3,300,3,2,3,3,3.0
com.ivanovsky.passnotes_11700.apk,droidmate,1,60,0,0,0,0,0
com.ivanovsky.passnotes_11700.apk,droidmate,1,180,0,0,0,0,0
com.ivanovsky.passnotes_11700.apk,droidmate,1,300,0,0,0,0,0
com.ivanovsky.passnotes_11700.apk,droidmate,2,60,0,0,0,0,0
com.ivanovsky.passnotes_11700.apk,droidmate,2,180,0,0,0,0,0
com.ivanovsky.passnotes_11700.apk,droidmate,2,300,0,0,0,0,0
com.ivanovsky.passnotes_11700.apk,droidmate,3,180,0,0,0,0,0
com.ivanovsky.passnotes_11700.apk,droidmate,3,300,0,0,0,0,0
com.ivanovsky.passnotes_11700.apk,humanoid,1,60,0,0,0,0,0
com.ivanovsky.passnotes_11700.apk,humanoid,1,180,0,0,0,0,0
com.ivanovsky.passnotes_11700.apk,humanoid,1,300,0,0,0,0,0
com.ivanovsky.passnotes_11700.apk,humanoid,2,60,0,0,0,0,0
com.ivanovsky.passnotes_11700.apk,humanoid,2,180,0,0,0,0,0
com.ivanovsky.passnotes_11700.apk,humanoid,2,300,0,0,0,0,0
com.ivanovsky.passnotes_11700.apk,humanoid,3,60,0,0,0,0,0
com.ivanovsky.passnotes_11700.apk,humanoid,3,180,0,0,0,0,0
com.ivanovsky.passnotes_11700.apk,humanoid,3,300,0,0,0,0,0
com.ivanovsky.passnotes_11700.apk,ares,1,60,0,0,0,0,0
com.ivanovsky.passnotes_11700.apk,ares,1,180,3,2,3,3,3.0
com.ivanovsky.passnotes_11700.apk,ares,1,300,0,0,0,0,0
com.ivanovsky.passnotes_11700.apk,ares,2,60,0,0,0,0,0
com.ivanovsky.passnotes_11700.apk,ares,2,180,0,0,0,0,0
com.ivanovsky.passnotes_11700.apk,ares,2,300,0,0,0,0,0
com.ivanovsky.passnotes_11700.apk,ares,3,60,0,0,0,0,0
com.ivanovsky.passnotes_11700.apk,ares,3,180,3,2,3,3,3.0
com.ivanovsky.passnotes_11700.apk,ares,3,300,3,2,3,3,3.0
com.ivanovsky.passnotes_11700.apk,fastbot,1,60,0,0,0,0,0
com.ivanovsky.passnotes_11700.apk,fastbot,1,180,0,0,0,0,0
com.ivanovsky.passnotes_11700.apk,fastbot,1,300,0,0,0,0,0
com.ivanovsky.passnotes_11700.apk,fastbot,2,60,0,0,0,0,0
com.ivanovsky.passnotes_11700.apk,fastbot,2,180,0,0,0,0,0
com.ivanovsky.passnotes_11700.apk,fastbot,2,300,0,0,0,0,0
com.ivanovsky.passnotes_11700.apk,fastbot,3,60,0,0,0,0,0
com.ivanovsky.passnotes_11700.apk,fastbot,3,180,0,0,0,0,0
com.ivanovsky.passnotes_11700.apk,fastbot,3,300,0,0,0,0,0
com.ivanovsky.passnotes_11700.apk,qtesting,1,60,0,0,0,0,0
com.ivanovsky.passnotes_11700.apk,qtesting,1,180,0,0,0,0,0
com.ivanovsky.passnotes_11700.apk,qtesting,1,300,0,0,0,0,0
com.ivanovsky.passnotes_11700.apk,qtesting,2,60,0,0,0,0,0
com.ivanovsky.passnotes_11700.apk,qtesting,2,180,0,0,0,0,0
com.ivanovsky.passnotes_11700.apk,qtesting,2,300,0,0,0,0,0
com.ivanovsky.passnotes_11700.apk,qtesting,3,60,0,0,0,0,0
com.ivanovsky.passnotes_11700.apk,qtesting,3,180,0,0,0,0,0
com.ivanovsky.passnotes_11700.apk,qtesting,3,300,0,0,0,0,0
com.manimarank.spell4wiki_21.apk,monkey,1,60,7,2,7,7,7.0
com.manimarank.spell4wiki_21.apk,monkey,1,180,7,2,7,7,7.0
com.manimarank.spell4wiki_21.apk,monkey,1,300,7,2,7,7,7.0
com.manimarank.spell4wiki_21.apk,monkey,2,60,7,2,7,7,7.0
com.manimarank.spell4wiki_21.apk,monkey,2,180,7,2,7,7,7.0
com.manimarank.spell4wiki_21.apk,monkey,3,60,7,2,7,7,7.0
com.manimarank.spell4wiki_21.apk,monkey,3,180,7,2,7,7,7.0
com.manimarank.spell4wiki_21.apk,monkey,3,300,7,2,7,7,7.0
com.manimarank.spell4wiki_21.apk,droidbot:dfs_greedy,1,60,7,2,7,7,7.0
com.manimarank.spell4wiki_21.apk,droidbot:dfs_greedy,1,180,7,2,7,7,7.0
com.manimarank.spell4wiki_21.apk,droidbot:dfs_greedy,1,300,7,2,7,7,7.0
com.manimarank.spell4wiki_21.apk,droidbot:dfs_greedy,2,60,7,2,7,7,7.0
com.manimarank.spell4wiki_21.apk,droidbot:dfs_greedy,2,180,7,2,7,7,7.0
com.manimarank.spell4wiki_21.apk,droidbot:dfs_greedy,2,300,7,2,7,7,7.0
com.manimarank.spell4wiki_21.apk,droidbot:dfs_greedy,3,60,7,2,7,7,7.0
com.manimarank.spell4wiki_21.apk,droidbot:dfs_greedy,3,180,7,2,7,7,7.0
com.manimarank.spell4wiki_21.apk,droidbot:dfs_greedy,3,300,7,2,7,7,7.0
com.manimarank.spell4wiki_21.apk,droidbot:bfs_greedy,1,60,7,2,7,7,7.0
com.manimarank.spell4wiki_21.apk,droidbot:bfs_greedy,1,180,7,2,7,7,7.0
com.manimarank.spell4wiki_21.apk,droidbot:bfs_greedy,1,300,7,2,7,7,7.0
com.manimarank.spell4wiki_21.apk,droidbot:bfs_greedy,2,60,7,2,7,7,7.0
com.manimarank.spell4wiki_21.apk,droidbot:bfs_greedy,2,180,7,2,7,7,7.0
com.manimarank.spell4wiki_21.apk,droidbot:bfs_greedy,2,300,7,2,7,7,7.0
com.manimarank.spell4wiki_21.apk,droidbot:bfs_greedy,3,60,7,2,7,7,7.0
com.manimarank.spell4wiki_21.apk,droidbot:bfs_greedy,3,180,7,2,7,7,7.0
com.manimarank.spell4wiki_21.apk,droidbot:bfs_greedy,3,300,7,2,7,7,7.0
com.manimarank.spell4wiki_21.apk,droidbot:dfs_naive,1,60,7,2,7,7,7.0
com.manimarank.spell4wiki_21.apk,droidbot:dfs_naive,1,180,7,2,7,7,7.0
com.manimarank.spell4wiki_21.apk,droidbot:dfs_naive,1,300,7,2,7,7,7.0
com.manimarank.spell4wiki_21.apk,droidbot:dfs_naive,2,60,7,2,7,7,7.0
com.manimarank.spell4wiki_21.apk,droidbot:dfs_naive,2,180,7,2,7,7,7.0
com.manimarank.spell4wiki_21.apk,droidbot:dfs_naive,2,300,7,2,7,7,7.0
com.manimarank.spell4wiki_21.apk,droidbot:dfs_naive,3,60,7,2,7,7,7.0
com.manimarank.spell4wiki_21.apk,droidbot:dfs_naive,3,180,7,2,7,7,7.0
com.manimarank.spell4wiki_21.apk,droidbot:dfs_naive,3,300,7,2,7,7,7.0
com.manimarank.spell4wiki_21.apk,droidbot:bfs_naive,1,60,7,2,7,7,7.0
com.manimarank.spell4wiki_21.apk,droidbot:bfs_naive,1,180,7,2,7,7,7.0
com.manimarank.spell4wiki_21.apk,droidbot:bfs_naive,1,300,7,2,7,7,7.0
com.manimarank.spell4wiki_21.apk,droidbot:bfs_naive,2,60,7,2,7,7,7.0
com.manimarank.spell4wiki_21.apk,droidbot:bfs_naive,2,180,7,2,7,7,7.0
com.manimarank.spell4wiki_21.apk,droidbot:bfs_naive,2,300,7,2,7,7,7.0
com.manimarank.spell4wiki_21.apk,droidbot:bfs_naive,3,60,7,2,7,7,7.0
com.manimarank.spell4wiki_21.apk,droidbot:bfs_naive,3,180,7,2,7,7,7.0
com.manimarank.spell4wiki_21.apk,droidbot:bfs_naive,3,300,7,2,7,7,7.0
com.manimarank.spell4wiki_21.apk,ape,1,60,7,2,7,7,7.0
com.manimarank.spell4wiki_21.apk,ape,1,180,7,2,7,7,7.0
com.manimarank.spell4wiki_21.apk,ape,1,300,7,2,7,7,7.0
com.manimarank.spell4wiki_21.apk,ape,2,60,7,2,7,7,7.0
com.manimarank.spell4wiki_21.apk,ape,2,180,7,2,7,7,7.0
com.manimarank.spell4wiki_21.apk,ape,2,300,14,2,7,7,7.0
com.manimarank.spell4wiki_21.apk,ape,3,60,7,2,7,7,7.0
com.manimarank.spell4wiki_21.apk,ape,3,180,7,2,7,7,7.0
com.manimarank.spell4wiki_21.apk,ape,3,300,14,2,7,7,7.0
com.manimarank.spell4wiki_21.apk,droidmate,1,60,7,2,7,7,7.0
com.manimarank.spell4wiki_21.apk,droidmate,1,180,7,2,7,7,7.0
com.manimarank.spell4wiki_21.apk,droidmate,1,300,7,2,7,7,7.0
com.manimarank.spell4wiki_21.apk,droidmate,2,60,7,2,7,7,7.0
com.manimarank.spell4wiki_21.apk,droidmate,2,300,7,2,7,7,7.0
com.manimarank.spell4wiki_21.apk,droidmate,3,60,7,2,7,7,7.0
com.ivanovsky.passnotes_11700.apk,droidbot:dfs_naive,2,60,0,0,0,0,0
com.ivanovsky.passnotes_11700.apk,droidmate,3,60,0,0,0,0,0
com.manimarank.spell4wiki_21.apk,monkey,2,300,7,2,7,7,7.0
com.manimarank.spell4wiki_21.apk,droidmate,2,180,7,2,7,7,7.0
com.manimarank.spell4wiki_21.apk,droidmate,3,180,7,2,7,7,7.0
com.manimarank.spell4wiki_21.apk,droidmate,3,300,4,1,4,4,4.0
com.manimarank.spell4wiki_21.apk,humanoid,1,60,7,2,7,7,7.0
com.manimarank.spell4wiki_21.apk,humanoid,1,180,7,2,7,7,7.0
com.manimarank.spell4wiki_21.apk,humanoid,1,300,7,2,7,7,7.0
com.manimarank.spell4wiki_21.apk,humanoid,2,60,7,2,7,7,7.0
com.manimarank.spell4wiki_21.apk,humanoid,2,180,7,2,7,7,7.0
com.manimarank.spell4wiki_21.apk,humanoid,2,300,7,2,7,7,7.0
com.manimarank.spell4wiki_21.apk,humanoid,3,60,7,2,7,7,7.0
com.manimarank.spell4wiki_21.apk,humanoid,3,180,7,2,7,7,7.0
com.manimarank.spell4wiki_21.apk,humanoid,3,300,7,2,7,7,7.0
com.manimarank.spell4wiki_21.apk,ares,1,60,14,2,7,7,7.0
com.manimarank.spell4wiki_21.apk,ares,1,180,14,2,7,7,7.0
com.manimarank.spell4wiki_21.apk,ares,1,300,14,2,7,7,7.0
com.manimarank.spell4wiki_21.apk,ares,2,60,14,2,7,7,7.0
com.manimarank.spell4wiki_21.apk,ares,2,180,21,2,7,7,7.0
com.manimarank.spell4wiki_21.apk,ares,2,300,14,2,7,7,7.0
com.manimarank.spell4wiki_21.apk,ares,3,60,14,2,7,7,7.0
com.manimarank.spell4wiki_21.apk,ares,3,180,9,2,7,7,7.0
com.manimarank.spell4wiki_21.apk,ares,3,300,14,2,7,7,7.0
com.manimarank.spell4wiki_21.apk,fastbot,1,60,7,2,7,7,7.0
com.manimarank.spell4wiki_21.apk,fastbot,1,180,7,2,7,7,7.0
com.manimarank.spell4wiki_21.apk,fastbot,1,300,7,2,7,7,7.0
com.manimarank.spell4wiki_21.apk,fastbot,2,60,7,2,7,7,7.0
com.manimarank.spell4wiki_21.apk,fastbot,2,180,7,2,7,7,7.0
com.manimarank.spell4wiki_21.apk,fastbot,2,300,7,2,7,7,7.0
com.manimarank.spell4wiki_21.apk,fastbot,3,60,7,2,7,7,7.0
com.manimarank.spell4wiki_21.apk,fastbot,3,180,7,2,7,7,7.0
com.manimarank.spell4wiki_21.apk,fastbot,3,300,7,2,7,7,7.0
com.manimarank.spell4wiki_21.apk,qtesting,1,60,28,2,7,7,7.0
com.manimarank.spell4wiki_21.apk,qtesting,1,180,56,2,7,7,7.0
com.manimarank.spell4wiki_21.apk,qtesting,1,300,91,2,7,7,7.0
com.manimarank.spell4wiki_21.apk,qtesting,2,60,28,2,7,7,7.0
com.manimarank.spell4wiki_21.apk,qtesting,2,180,49,2,7,7,7.0
com.manimarank.spell4wiki_21.apk,qtesting,2,300,70,2,7,7,7.0
com.manimarank.spell4wiki_21.apk,qtesting,3,60,21,2,7,7,7.0
com.manimarank.spell4wiki_21.apk,qtesting,3,180,49,2,7,7,7.0
com.manimarank.spell4wiki_21.apk,qtesting,3,300,63,2,7,7,7.0
com.quantum_prof.phantalandwaittimes_5.apk,monkey,1,60,7,2,7,7,7.0
com.quantum_prof.phantalandwaittimes_5.apk,monkey,1,180,7,2,7,7,7.0
com.quantum_prof.phantalandwaittimes_5.apk,monkey,1,300,7,2,7,7,7.0
com.quantum_prof.phantalandwaittimes_5.apk,monkey,2,60,7,2,7,7,7.0
com.quantum_prof.phantalandwaittimes_5.apk,monkey,2,180,7,2,7,7,7.0
com.quantum_prof.phantalandwaittimes_5.apk,monkey,2,300,7,2,7,7,7.0
com.quantum_prof.phantalandwaittimes_5.apk,monkey,3,60,7,2,7,7,7.0
com.quantum_prof.phantalandwaittimes_5.apk,monkey,3,180,7,2,7,7,7.0
com.quantum_prof.phantalandwaittimes_5.apk,monkey,3,300,7,2,7,7,7.0
com.quantum_prof.phantalandwaittimes_5.apk,droidbot:dfs_greedy,1,60,7,2,7,7,7.0
com.quantum_prof.phantalandwaittimes_5.apk,droidbot:dfs_greedy,1,180,7,2,7,7,7.0
com.quantum_prof.phantalandwaittimes_5.apk,droidbot:dfs_greedy,1,300,7,2,7,7,7.0
com.quantum_prof.phantalandwaittimes_5.apk,droidbot:dfs_greedy,2,60,7,2,7,7,7.0
com.quantum_prof.phantalandwaittimes_5.apk,droidbot:dfs_greedy,2,180,7,2,7,7,7.0
com.quantum_prof.phantalandwaittimes_5.apk,droidbot:dfs_greedy,2,300,7,2,7,7,7.0
com.quantum_prof.phantalandwaittimes_5.apk,droidbot:dfs_greedy,3,60,7,2,7,7,7.0
com.quantum_prof.phantalandwaittimes_5.apk,droidbot:dfs_greedy,3,180,7,2,7,7,7.0
com.quantum_prof.phantalandwaittimes_5.apk,droidbot:dfs_greedy,3,300,7,2,7,7,7.0
com.quantum_prof.phantalandwaittimes_5.apk,droidbot:bfs_greedy,1,60,7,2,7,7,7.0
com.quantum_prof.phantalandwaittimes_5.apk,droidbot:bfs_greedy,1,180,7,2,7,7,7.0
com.quantum_prof.phantalandwaittimes_5.apk,droidbot:bfs_greedy,1,300,7,2,7,7,7.0
com.quantum_prof.phantalandwaittimes_5.apk,droidbot:bfs_greedy,2,60,7,2,7,7,7.0
com.quantum_prof.phantalandwaittimes_5.apk,droidbot:bfs_greedy,2,180,7,2,7,7,7.0
com.quantum_prof.phantalandwaittimes_5.apk,droidbot:bfs_greedy,2,300,7,2,7,7,7.0
com.quantum_prof.phantalandwaittimes_5.apk,droidbot:bfs_greedy,3,60,7,2,7,7,7.0
com.quantum_prof.phantalandwaittimes_5.apk,droidbot:bfs_greedy,3,180,7,2,7,7,7.0
com.quantum_prof.phantalandwaittimes_5.apk,droidbot:bfs_greedy,3,300,7,2,7,7,7.0
com.quantum_prof.phantalandwaittimes_5.apk,droidbot:dfs_naive,1,60,7,2,7,7,7.0
com.quantum_prof.phantalandwaittimes_5.apk,droidbot:dfs_naive,1,180,7,2,7,7,7.0
com.quantum_prof.phantalandwaittimes_5.apk,droidbot:dfs_naive,1,300,7,2,7,7,7.0
com.quantum_prof.phantalandwaittimes_5.apk,droidbot:dfs_naive,2,60,7,2,7,7,7.0
com.quantum_prof.phantalandwaittimes_5.apk,droidbot:dfs_naive,2,180,7,2,7,7,7.0
com.quantum_prof.phantalandwaittimes_5.apk,droidbot:dfs_naive,2,300,7,2,7,7,7.0
com.quantum_prof.phantalandwaittimes_5.apk,droidbot:dfs_naive,3,60,7,2,7,7,7.0
com.quantum_prof.phantalandwaittimes_5.apk,droidbot:dfs_naive,3,180,7,2,7,7,7.0
com.quantum_prof.phantalandwaittimes_5.apk,droidbot:dfs_naive,3,300,7,2,7,7,7.0
com.quantum_prof.phantalandwaittimes_5.apk,droidbot:bfs_naive,1,60,7,2,7,7,7.0
com.quantum_prof.phantalandwaittimes_5.apk,droidbot:bfs_naive,1,180,7,2,7,7,7.0
com.quantum_prof.phantalandwaittimes_5.apk,droidbot:bfs_naive,1,300,7,2,7,7,7.0
com.quantum_prof.phantalandwaittimes_5.apk,droidbot:bfs_naive,2,60,7,2,7,7,7.0
com.quantum_prof.phantalandwaittimes_5.apk,droidbot:bfs_naive,2,180,7,2,7,7,7.0
com.quantum_prof.phantalandwaittimes_5.apk,droidbot:bfs_naive,2,300,7,2,7,7,7.0
com.quantum_prof.phantalandwaittimes_5.apk,droidbot:bfs_naive,3,60,7,2,7,7,7.0
com.quantum_prof.phantalandwaittimes_5.apk,droidbot:bfs_naive,3,180,7,2,7,7,7.0
com.quantum_prof.phantalandwaittimes_5.apk,droidbot:bfs_naive,3,300,7,2,7,7,7.0
com.quantum_prof.phantalandwaittimes_5.apk,ape,1,60,7,2,7,7,7.0
com.quantum_prof.phantalandwaittimes_5.apk,ape,1,180,7,2,7,7,7.0
com.quantum_prof.phantalandwaittimes_5.apk,ape,1,300,35,2,7,7,7.0
com.quantum_prof.phantalandwaittimes_5.apk,ape,2,60,14,2,7,7,7.0
com.quantum_prof.phantalandwaittimes_5.apk,ape,2,180,7,2,7,7,7.0
com.quantum_prof.phantalandwaittimes_5.apk,ape,2,300,14,2,7,7,7.0
com.quantum_prof.phantalandwaittimes_5.apk,ape,3,60,7,2,7,7,7.0
com.quantum_prof.phantalandwaittimes_5.apk,ape,3,180,7,2,7,7,7.0
com.quantum_prof.phantalandwaittimes_5.apk,ape,3,300,14,2,7,7,7.0
com.quantum_prof.phantalandwaittimes_5.apk,droidmate,1,60,7,2,7,7,7.0
com.quantum_prof.phantalandwaittimes_5.apk,droidmate,1,180,7,2,7,7,7.0
com.quantum_prof.phantalandwaittimes_5.apk,droidmate,1,300,14,2,7,7,7.0
com.quantum_prof.phantalandwaittimes_5.apk,droidmate,2,60,7,2,7,7,7.0
com.quantum_prof.phantalandwaittimes_5.apk,droidmate,2,180,7,2,7,7,7.0
com.quantum_prof.phantalandwaittimes_5.apk,droidmate,2,300,14,2,7,7,7.0
com.quantum_prof.phantalandwaittimes_5.apk,droidmate,3,60,7,2,7,7,7.0
com.quantum_prof.phantalandwaittimes_5.apk,droidmate,3,180,7,2,7,7,7.0
com.quantum_prof.phantalandwaittimes_5.apk,droidmate,3,300,14,2,7,7,7.0
com.quantum_prof.phantalandwaittimes_5.apk,humanoid,1,60,7,2,7,7,7.0
com.quantum_prof.phantalandwaittimes_5.apk,humanoid,1,180,7,2,7,7,7.0
com.quantum_prof.phantalandwaittimes_5.apk,humanoid,1,300,7,2,7,7,7.0
com.quantum_prof.phantalandwaittimes_5.apk,humanoid,2,60,7,2,7,7,7.0
com.quantum_prof.phantalandwaittimes_5.apk,humanoid,2,180,7,2,7,7,7.0
com.quantum_prof.phantalandwaittimes_5.apk,humanoid,2,300,7,2,7,7,7.0
com.quantum_prof.phantalandwaittimes_5.apk,humanoid,3,60,7,2,7,7,7.0
com.quantum_prof.phantalandwaittimes_5.apk,humanoid,3,180,7,2,7,7,7.0
com.quantum_prof.phantalandwaittimes_5.apk,humanoid,3,300,7,2,7,7,7.0
com.quantum_prof.phantalandwaittimes_5.apk,ares,1,60,14,2,7,7,7.0
com.quantum_prof.phantalandwaittimes_5.apk,ares,1,180,14,2,7,7,7.0
com.quantum_prof.phantalandwaittimes_5.apk,ares,1,300,14,2,7,7,7.0
com.quantum_prof.phantalandwaittimes_5.apk,ares,2,60,14,2,7,7,7.0
com.quantum_prof.phantalandwaittimes_5.apk,ares,2,180,14,2,7,7,7.0
com.quantum_prof.phantalandwaittimes_5.apk,ares,2,300,10,2,7,7,7.0
com.quantum_prof.phantalandwaittimes_5.apk,ares,3,60,14,2,7,7,7.0
com.quantum_prof.phantalandwaittimes_5.apk,ares,3,180,14,2,7,7,7.0
com.quantum_prof.phantalandwaittimes_5.apk,ares,3,300,14,2,7,7,7.0
com.quantum_prof.phantalandwaittimes_5.apk,fastbot,1,60,7,2,7,7,7.0
com.quantum_prof.phantalandwaittimes_5.apk,fastbot,1,180,14,2,7,7,7.0
com.quantum_prof.phantalandwaittimes_5.apk,fastbot,1,300,13,2,7,7,7.0
com.quantum_prof.phantalandwaittimes_5.apk,fastbot,2,60,14,2,7,7,7.0
com.quantum_prof.phantalandwaittimes_5.apk,fastbot,2,180,7,2,7,7,7.0
com.quantum_prof.phantalandwaittimes_5.apk,fastbot,2,300,266,2,7,7,7.0
com.quantum_prof.phantalandwaittimes_5.apk,fastbot,3,60,21,2,7,7,7.0
com.quantum_prof.phantalandwaittimes_5.apk,fastbot,3,180,7,2,7,7,7.0
com.quantum_prof.phantalandwaittimes_5.apk,fastbot,3,300,7,2,7,7,7.0
com.quantum_prof.phantalandwaittimes_5.apk,qtesting,1,180,84,2,7,7,7.0
com.quantum_prof.phantalandwaittimes_5.apk,qtesting,1,300,77,2,7,7,7.0
com.quantum_prof.phantalandwaittimes_5.apk,qtesting,2,60,21,2,7,7,7.0
com.quantum_prof.phantalandwaittimes_5.apk,qtesting,2,180,56,2,7,7,7.0
com.quantum_prof.phantalandwaittimes_5.apk,qtesting,2,300,91,2,7,7,7.0
com.quantum_prof.phantalandwaittimes_5.apk,qtesting,3,60,14,2,7,7,7.0
com.quantum_prof.phantalandwaittimes_5.apk,qtesting,3,180,56,2,7,7,7.0
com.quantum_prof.phantalandwaittimes_5.apk,qtesting,3,300,77,2,7,7,7.0
com.sshborg_18.apk,monkey,1,60,0,0,0,0,0
com.sshborg_18.apk,monkey,1,180,0,0,0,0,0
com.sshborg_18.apk,monkey,1,300,0,0,0,0,0
com.sshborg_18.apk,monkey,2,60,0,0,0,0,0
com.sshborg_18.apk,monkey,2,180,0,0,0,0,0
com.sshborg_18.apk,monkey,2,300,0,0,0,0,0
com.sshborg_18.apk,monkey,3,60,0,0,0,0,0
com.sshborg_18.apk,monkey,3,180,0,0,0,0,0
com.sshborg_18.apk,monkey,3,300,0,0,0,0,0
com.sshborg_18.apk,droidbot:dfs_greedy,1,60,0,0,0,0,0
com.sshborg_18.apk,droidbot:dfs_greedy,1,180,0,0,0,0,0
com.sshborg_18.apk,droidbot:dfs_greedy,1,300,0,0,0,0,0
com.sshborg_18.apk,droidbot:dfs_greedy,2,60,0,0,0,0,0
com.sshborg_18.apk,droidbot:dfs_greedy,2,180,0,0,0,0,0
com.sshborg_18.apk,droidbot:dfs_greedy,2,300,0,0,0,0,0
com.sshborg_18.apk,droidbot:dfs_greedy,3,60,0,0,0,0,0
com.sshborg_18.apk,droidbot:dfs_greedy,3,180,0,0,0,0,0
com.sshborg_18.apk,droidbot:dfs_greedy,3,300,0,0,0,0,0
com.sshborg_18.apk,droidbot:bfs_greedy,1,60,0,0,0,0,0
com.sshborg_18.apk,droidbot:bfs_greedy,1,180,0,0,0,0,0
com.sshborg_18.apk,droidbot:bfs_greedy,1,300,0,0,0,0,0
com.sshborg_18.apk,droidbot:bfs_greedy,2,60,0,0,0,0,0
com.sshborg_18.apk,droidbot:bfs_greedy,2,180,0,0,0,0,0
com.sshborg_18.apk,droidbot:bfs_greedy,2,300,0,0,0,0,0
com.sshborg_18.apk,droidbot:bfs_greedy,3,60,0,0,0,0,0
com.sshborg_18.apk,droidbot:bfs_greedy,3,180,0,0,0,0,0
com.sshborg_18.apk,droidbot:bfs_greedy,3,300,0,0,0,0,0
com.sshborg_18.apk,droidbot:dfs_naive,1,60,0,0,0,0,0
com.sshborg_18.apk,droidbot:dfs_naive,1,180,0,0,0,0,0
com.sshborg_18.apk,droidbot:dfs_naive,1,300,0,0,0,0,0
com.sshborg_18.apk,droidbot:dfs_naive,2,60,0,0,0,0,0
com.sshborg_18.apk,droidbot:dfs_naive,2,180,0,0,0,0,0
com.sshborg_18.apk,droidbot:dfs_naive,2,300,0,0,0,0,0
com.sshborg_18.apk,droidbot:dfs_naive,3,60,0,0,0,0,0
com.sshborg_18.apk,droidbot:dfs_naive,3,180,0,0,0,0,0
com.sshborg_18.apk,droidbot:dfs_naive,3,300,0,0,0,0,0
com.sshborg_18.apk,droidbot:bfs_naive,1,60,0,0,0,0,0
com.sshborg_18.apk,droidbot:bfs_naive,1,180,0,0,0,0,0
com.sshborg_18.apk,droidbot:bfs_naive,1,300,0,0,0,0,0
com.sshborg_18.apk,droidbot:bfs_naive,2,60,0,0,0,0,0
com.sshborg_18.apk,droidbot:bfs_naive,2,180,0,0,0,0,0
com.sshborg_18.apk,droidbot:bfs_naive,2,300,0,0,0,0,0
com.sshborg_18.apk,droidbot:bfs_naive,3,60,0,0,0,0,0
com.sshborg_18.apk,droidbot:bfs_naive,3,180,0,0,0,0,0
com.sshborg_18.apk,droidbot:bfs_naive,3,300,0,0,0,0,0
com.sshborg_18.apk,ape,1,60,0,0,0,0,0
com.sshborg_18.apk,ape,1,180,0,0,0,0,0
com.sshborg_18.apk,ape,1,300,0,0,0,0,0
com.sshborg_18.apk,ape,2,60,0,0,0,0,0
com.sshborg_18.apk,ape,2,180,0,0,0,0,0
com.sshborg_18.apk,ape,2,300,0,0,0,0,0
com.sshborg_18.apk,ape,3,60,0,0,0,0,0
com.sshborg_18.apk,ape,3,180,0,0,0,0,0
com.sshborg_18.apk,ape,3,300,0,0,0,0,0
com.sshborg_18.apk,droidmate,1,60,0,0,0,0,0
com.sshborg_18.apk,droidmate,1,180,0,0,0,0,0
com.sshborg_18.apk,droidmate,1,300,0,0,0,0,0
com.sshborg_18.apk,droidmate,2,60,0,0,0,0,0
com.sshborg_18.apk,droidmate,2,180,0,0,0,0,0
com.sshborg_18.apk,droidmate,2,300,0,0,0,0,0
com.sshborg_18.apk,droidmate,3,60,0,0,0,0,0
com.sshborg_18.apk,droidmate,3,180,0,0,0,0,0
com.sshborg_18.apk,droidmate,3,300,0,0,0,0,0
com.sshborg_18.apk,humanoid,1,60,0,0,0,0,0
com.sshborg_18.apk,humanoid,1,180,0,0,0,0,0
com.sshborg_18.apk,humanoid,1,300,0,0,0,0,0
com.sshborg_18.apk,humanoid,2,60,0,0,0,0,0
com.sshborg_18.apk,humanoid,2,180,0,0,0,0,0
com.sshborg_18.apk,humanoid,2,300,0,0,0,0,0
com.sshborg_18.apk,humanoid,3,60,0,0,0,0,0
com.sshborg_18.apk,humanoid,3,180,0,0,0,0,0
com.sshborg_18.apk,humanoid,3,300,0,0,0,0,0
com.sshborg_18.apk,ares,1,60,0,0,0,0,0
com.sshborg_18.apk,ares,1,180,0,0,0,0,0
com.sshborg_18.apk,ares,1,300,0,0,0,0,0
com.sshborg_18.apk,ares,2,60,0,0,0,0,0
com.sshborg_18.apk,ares,2,180,0,0,0,0,0
com.sshborg_18.apk,ares,2,300,0,0,0,0,0
com.sshborg_18.apk,ares,3,60,0,0,0,0,0
com.sshborg_18.apk,ares,3,180,0,0,0,0,0
com.sshborg_18.apk,ares,3,300,0,0,0,0,0
com.sshborg_18.apk,fastbot,1,60,0,0,0,0,0
com.sshborg_18.apk,fastbot,1,180,0,0,0,0,0
com.sshborg_18.apk,fastbot,1,300,0,0,0,0,0
com.sshborg_18.apk,fastbot,2,60,0,0,0,0,0
com.sshborg_18.apk,fastbot,2,180,0,0,0,0,0
com.sshborg_18.apk,fastbot,2,300,0,0,0,0,0
com.sshborg_18.apk,fastbot,3,60,0,0,0,0,0
com.sshborg_18.apk,fastbot,3,180,0,0,0,0,0
com.sshborg_18.apk,fastbot,3,300,0,0,0,0,0
com.sshborg_18.apk,qtesting,1,60,0,0,0,0,0
com.sshborg_18.apk,qtesting,1,180,0,0,0,0,0
com.sshborg_18.apk,qtesting,1,300,0,0,0,0,0
com.sshborg_18.apk,qtesting,2,60,0,0,0,0,0
com.sshborg_18.apk,qtesting,2,180,0,0,0,0,0
com.sshborg_18.apk,qtesting,2,300,0,0,0,0,0
com.sshborg_18.apk,qtesting,3,60,0,0,0,0,0
com.sshborg_18.apk,qtesting,3,180,0,0,0,0,0
com.sshborg_18.apk,qtesting,3,300,0,0,0,0,0
com.yogeshpaliyal.deepr_28.apk,monkey,1,60,0,0,0,0,0
com.yogeshpaliyal.deepr_28.apk,monkey,1,180,0,0,0,0,0
com.yogeshpaliyal.deepr_28.apk,monkey,1,300,0,0,0,0,0
com.yogeshpaliyal.deepr_28.apk,monkey,2,60,0,0,0,0,0
com.yogeshpaliyal.deepr_28.apk,monkey,2,180,0,0,0,0,0
com.yogeshpaliyal.deepr_28.apk,monkey,2,300,0,0,0,0,0
com.yogeshpaliyal.deepr_28.apk,monkey,3,60,0,0,0,0,0
com.yogeshpaliyal.deepr_28.apk,monkey,3,180,0,0,0,0,0
com.yogeshpaliyal.deepr_28.apk,monkey,3,300,0,0,0,0,0
com.yogeshpaliyal.deepr_28.apk,droidbot:dfs_greedy,1,60,0,0,0,0,0
com.yogeshpaliyal.deepr_28.apk,droidbot:dfs_greedy,1,180,0,0,0,0,0
com.yogeshpaliyal.deepr_28.apk,droidbot:dfs_greedy,1,300,0,0,0,0,0
com.yogeshpaliyal.deepr_28.apk,droidbot:dfs_greedy,2,60,0,0,0,0,0
com.yogeshpaliyal.deepr_28.apk,droidbot:dfs_greedy,2,180,0,0,0,0,0
com.yogeshpaliyal.deepr_28.apk,droidbot:dfs_greedy,2,300,0,0,0,0,0
com.yogeshpaliyal.deepr_28.apk,droidbot:dfs_greedy,3,60,0,0,0,0,0
com.yogeshpaliyal.deepr_28.apk,droidbot:dfs_greedy,3,180,0,0,0,0,0
com.yogeshpaliyal.deepr_28.apk,droidbot:dfs_greedy,3,300,0,0,0,0,0
com.yogeshpaliyal.deepr_28.apk,droidbot:bfs_greedy,1,60,0,0,0,0,0
com.yogeshpaliyal.deepr_28.apk,droidbot:bfs_greedy,1,180,0,0,0,0,0
com.yogeshpaliyal.deepr_28.apk,droidbot:bfs_greedy,1,300,0,0,0,0,0
com.yogeshpaliyal.deepr_28.apk,droidbot:bfs_greedy,2,60,0,0,0,0,0
com.yogeshpaliyal.deepr_28.apk,droidbot:bfs_greedy,2,180,0,0,0,0,0
com.yogeshpaliyal.deepr_28.apk,droidbot:bfs_greedy,2,300,0,0,0,0,0
com.yogeshpaliyal.deepr_28.apk,droidbot:bfs_greedy,3,60,0,0,0,0,0
com.yogeshpaliyal.deepr_28.apk,droidbot:bfs_greedy,3,180,0,0,0,0,0
com.yogeshpaliyal.deepr_28.apk,droidbot:bfs_greedy,3,300,0,0,0,0,0
com.yogeshpaliyal.deepr_28.apk,droidbot:dfs_naive,1,60,0,0,0,0,0
com.yogeshpaliyal.deepr_28.apk,droidbot:dfs_naive,1,180,0,0,0,0,0
com.yogeshpaliyal.deepr_28.apk,droidbot:dfs_naive,1,300,0,0,0,0,0
com.yogeshpaliyal.deepr_28.apk,droidbot:dfs_naive,2,60,0,0,0,0,0
com.yogeshpaliyal.deepr_28.apk,droidbot:dfs_naive,2,180,0,0,0,0,0
com.yogeshpaliyal.deepr_28.apk,droidbot:dfs_naive,2,300,0,0,0,0,0
com.yogeshpaliyal.deepr_28.apk,droidbot:dfs_naive,3,60,0,0,0,0,0
com.yogeshpaliyal.deepr_28.apk,droidbot:dfs_naive,3,180,0,0,0,0,0
com.yogeshpaliyal.deepr_28.apk,droidbot:dfs_naive,3,300,0,0,0,0,0
com.yogeshpaliyal.deepr_28.apk,droidbot:bfs_naive,1,60,0,0,0,0,0
com.yogeshpaliyal.deepr_28.apk,droidbot:bfs_naive,1,180,0,0,0,0,0
com.yogeshpaliyal.deepr_28.apk,droidbot:bfs_naive,1,300,0,0,0,0,0
com.yogeshpaliyal.deepr_28.apk,droidbot:bfs_naive,2,60,0,0,0,0,0
com.yogeshpaliyal.deepr_28.apk,droidbot:bfs_naive,2,180,0,0,0,0,0
com.yogeshpaliyal.deepr_28.apk,droidbot:bfs_naive,2,300,0,0,0,0,0
com.yogeshpaliyal.deepr_28.apk,droidbot:bfs_naive,3,60,0,0,0,0,0
com.yogeshpaliyal.deepr_28.apk,droidbot:bfs_naive,3,180,0,0,0,0,0
com.yogeshpaliyal.deepr_28.apk,droidbot:bfs_naive,3,300,0,0,0,0,0
com.yogeshpaliyal.deepr_28.apk,ape,1,60,0,0,0,0,0
com.yogeshpaliyal.deepr_28.apk,ape,1,180,0,0,0,0,0
com.yogeshpaliyal.deepr_28.apk,ape,1,300,0,0,0,0,0
com.yogeshpaliyal.deepr_28.apk,ape,2,60,0,0,0,0,0
com.yogeshpaliyal.deepr_28.apk,ape,2,180,0,0,0,0,0
com.yogeshpaliyal.deepr_28.apk,ape,2,300,0,0,0,0,0
com.yogeshpaliyal.deepr_28.apk,ape,3,60,0,0,0,0,0
com.yogeshpaliyal.deepr_28.apk,ape,3,180,0,0,0,0,0
com.yogeshpaliyal.deepr_28.apk,ape,3,300,0,0,0,0,0
com.yogeshpaliyal.deepr_28.apk,droidmate,1,60,0,0,0,0,0
com.yogeshpaliyal.deepr_28.apk,droidmate,1,180,0,0,0,0,0
com.yogeshpaliyal.deepr_28.apk,droidmate,1,300,0,0,0,0,0
com.yogeshpaliyal.deepr_28.apk,droidmate,2,60,0,0,0,0,0
com.yogeshpaliyal.deepr_28.apk,droidmate,2,180,0,0,0,0,0
com.yogeshpaliyal.deepr_28.apk,droidmate,2,300,0,0,0,0,0
com.yogeshpaliyal.deepr_28.apk,droidmate,3,60,0,0,0,0,0
com.yogeshpaliyal.deepr_28.apk,droidmate,3,180,0,0,0,0,0
com.yogeshpaliyal.deepr_28.apk,droidmate,3,300,0,0,0,0,0
com.yogeshpaliyal.deepr_28.apk,humanoid,1,60,0,0,0,0,0
com.yogeshpaliyal.deepr_28.apk,humanoid,1,180,0,0,0,0,0
com.yogeshpaliyal.deepr_28.apk,humanoid,1,300,0,0,0,0,0
com.yogeshpaliyal.deepr_28.apk,humanoid,2,60,0,0,0,0,0
com.yogeshpaliyal.deepr_28.apk,humanoid,2,180,0,0,0,0,0
com.yogeshpaliyal.deepr_28.apk,humanoid,2,300,0,0,0,0,0
com.yogeshpaliyal.deepr_28.apk,humanoid,3,60,0,0,0,0,0
com.yogeshpaliyal.deepr_28.apk,humanoid,3,180,0,0,0,0,0
com.yogeshpaliyal.deepr_28.apk,humanoid,3,300,0,0,0,0,0
com.yogeshpaliyal.deepr_28.apk,ares,1,60,0,0,0,0,0
com.yogeshpaliyal.deepr_28.apk,ares,1,180,0,0,0,0,0
com.yogeshpaliyal.deepr_28.apk,ares,1,300,0,0,0,0,0
com.yogeshpaliyal.deepr_28.apk,ares,2,60,0,0,0,0,0
com.yogeshpaliyal.deepr_28.apk,ares,2,180,0,0,0,0,0
com.yogeshpaliyal.deepr_28.apk,ares,2,300,0,0,0,0,0
com.yogeshpaliyal.deepr_28.apk,ares,3,60,0,0,0,0,0
com.yogeshpaliyal.deepr_28.apk,ares,3,180,0,0,0,0,0
com.yogeshpaliyal.deepr_28.apk,ares,3,300,0,0,0,0,0
com.yogeshpaliyal.deepr_28.apk,fastbot,1,60,0,0,0,0,0
com.yogeshpaliyal.deepr_28.apk,fastbot,1,180,0,0,0,0,0
com.yogeshpaliyal.deepr_28.apk,fastbot,1,300,0,0,0,0,0
com.yogeshpaliyal.deepr_28.apk,fastbot,2,60,0,0,0,0,0
com.yogeshpaliyal.deepr_28.apk,fastbot,2,180,0,0,0,0,0
com.yogeshpaliyal.deepr_28.apk,fastbot,2,300,0,0,0,0,0
com.yogeshpaliyal.deepr_28.apk,fastbot,3,60,0,0,0,0,0
com.yogeshpaliyal.deepr_28.apk,fastbot,3,180,0,0,0,0,0
com.yogeshpaliyal.deepr_28.apk,fastbot,3,300,0,0,0,0,0
com.yogeshpaliyal.deepr_28.apk,qtesting,1,60,0,0,0,0,0
com.yogeshpaliyal.deepr_28.apk,qtesting,1,300,0,0,0,0,0
com.yogeshpaliyal.deepr_28.apk,qtesting,2,60,0,0,0,0,0
com.yogeshpaliyal.deepr_28.apk,qtesting,2,180,0,0,0,0,0
com.yogeshpaliyal.deepr_28.apk,qtesting,2,300,0,0,0,0,0
com.yogeshpaliyal.deepr_28.apk,qtesting,3,60,0,0,0,0,0
com.yogeshpaliyal.deepr_28.apk,qtesting,3,180,0,0,0,0,0
com.yogeshpaliyal.deepr_28.apk,qtesting,3,300,0,0,0,0,0
dev.patri9ck.a2ln_25.apk,monkey,1,60,0,0,0,0,0
dev.patri9ck.a2ln_25.apk,monkey,1,180,0,0,0,0,0
dev.patri9ck.a2ln_25.apk,monkey,1,300,0,0,0,0,0
dev.patri9ck.a2ln_25.apk,monkey,2,60,0,0,0,0,0
dev.patri9ck.a2ln_25.apk,monkey,2,180,0,0,0,0,0
dev.patri9ck.a2ln_25.apk,monkey,2,300,0,0,0,0,0
dev.patri9ck.a2ln_25.apk,monkey,3,60,0,0,0,0,0
dev.patri9ck.a2ln_25.apk,monkey,3,180,0,0,0,0,0
dev.patri9ck.a2ln_25.apk,monkey,3,300,0,0,0,0,0
dev.patri9ck.a2ln_25.apk,droidbot:dfs_greedy,1,60,0,0,0,0,0
dev.patri9ck.a2ln_25.apk,droidbot:dfs_greedy,1,180,0,0,0,0,0
dev.patri9ck.a2ln_25.apk,droidbot:dfs_greedy,1,300,0,0,0,0,0
dev.patri9ck.a2ln_25.apk,droidbot:dfs_greedy,2,60,0,0,0,0,0
dev.patri9ck.a2ln_25.apk,droidbot:dfs_greedy,2,180,0,0,0,0,0
dev.patri9ck.a2ln_25.apk,droidbot:dfs_greedy,2,300,0,0,0,0,0
dev.patri9ck.a2ln_25.apk,droidbot:dfs_greedy,3,60,0,0,0,0,0
dev.patri9ck.a2ln_25.apk,droidbot:dfs_greedy,3,180,0,0,0,0,0
dev.patri9ck.a2ln_25.apk,droidbot:dfs_greedy,3,300,0,0,0,0,0
dev.patri9ck.a2ln_25.apk,droidbot:bfs_greedy,1,60,0,0,0,0,0
dev.patri9ck.a2ln_25.apk,droidbot:bfs_greedy,1,180,0,0,0,0,0
dev.patri9ck.a2ln_25.apk,droidbot:bfs_greedy,1,300,0,0,0,0,0
dev.patri9ck.a2ln_25.apk,droidbot:bfs_greedy,2,60,0,0,0,0,0
dev.patri9ck.a2ln_25.apk,droidbot:bfs_greedy,2,180,0,0,0,0,0
dev.patri9ck.a2ln_25.apk,droidbot:bfs_greedy,2,300,0,0,0,0,0
dev.patri9ck.a2ln_25.apk,droidbot:bfs_greedy,3,60,0,0,0,0,0
dev.patri9ck.a2ln_25.apk,droidbot:bfs_greedy,3,180,0,0,0,0,0
dev.patri9ck.a2ln_25.apk,droidbot:bfs_greedy,3,300,0,0,0,0,0
dev.patri9ck.a2ln_25.apk,droidbot:dfs_naive,1,60,0,0,0,0,0
dev.patri9ck.a2ln_25.apk,droidbot:dfs_naive,1,180,0,0,0,0,0
dev.patri9ck.a2ln_25.apk,droidbot:dfs_naive,1,300,0,0,0,0,0
dev.patri9ck.a2ln_25.apk,droidbot:dfs_naive,2,60,0,0,0,0,0
dev.patri9ck.a2ln_25.apk,droidbot:dfs_naive,2,180,0,0,0,0,0
dev.patri9ck.a2ln_25.apk,droidbot:dfs_naive,2,300,0,0,0,0,0
dev.patri9ck.a2ln_25.apk,droidbot:dfs_naive,3,60,0,0,0,0,0
dev.patri9ck.a2ln_25.apk,droidbot:dfs_naive,3,180,0,0,0,0,0
dev.patri9ck.a2ln_25.apk,droidbot:dfs_naive,3,300,0,0,0,0,0
dev.patri9ck.a2ln_25.apk,droidbot:bfs_naive,1,60,0,0,0,0,0
dev.patri9ck.a2ln_25.apk,droidbot:bfs_naive,1,180,0,0,0,0,0
dev.patri9ck.a2ln_25.apk,droidbot:bfs_naive,1,300,0,0,0,0,0
dev.patri9ck.a2ln_25.apk,droidbot:bfs_naive,2,60,0,0,0,0,0
dev.patri9ck.a2ln_25.apk,droidbot:bfs_naive,2,180,0,0,0,0,0
dev.patri9ck.a2ln_25.apk,droidbot:bfs_naive,2,300,0,0,0,0,0
dev.patri9ck.a2ln_25.apk,droidbot:bfs_naive,3,60,0,0,0,0,0
dev.patri9ck.a2ln_25.apk,droidbot:bfs_naive,3,180,0,0,0,0,0
dev.patri9ck.a2ln_25.apk,droidbot:bfs_naive,3,300,0,0,0,0,0
dev.patri9ck.a2ln_25.apk,ape,1,60,0,0,0,0,0
dev.patri9ck.a2ln_25.apk,ape,1,180,0,0,0,0,0
dev.patri9ck.a2ln_25.apk,ape,1,300,0,0,0,0,0
dev.patri9ck.a2ln_25.apk,ape,2,60,0,0,0,0,0
dev.patri9ck.a2ln_25.apk,ape,2,180,0,0,0,0,0
dev.patri9ck.a2ln_25.apk,ape,2,300,0,0,0,0,0
dev.patri9ck.a2ln_25.apk,ape,3,60,0,0,0,0,0
dev.patri9ck.a2ln_25.apk,ape,3,180,0,0,0,0,0
dev.patri9ck.a2ln_25.apk,ape,3,300,0,0,0,0,0
dev.patri9ck.a2ln_25.apk,droidmate,1,60,0,0,0,0,0
dev.patri9ck.a2ln_25.apk,droidmate,1,180,0,0,0,0,0
dev.patri9ck.a2ln_25.apk,droidmate,1,300,0,0,0,0,0
dev.patri9ck.a2ln_25.apk,droidmate,2,60,0,0,0,0,0
dev.patri9ck.a2ln_25.apk,droidmate,2,180,0,0,0,0,0
dev.patri9ck.a2ln_25.apk,droidmate,2,300,0,0,0,0,0
dev.patri9ck.a2ln_25.apk,droidmate,3,60,0,0,0,0,0
dev.patri9ck.a2ln_25.apk,droidmate,3,180,0,0,0,0,0
dev.patri9ck.a2ln_25.apk,droidmate,3,300,0,0,0,0,0
dev.patri9ck.a2ln_25.apk,humanoid,1,60,0,0,0,0,0
dev.patri9ck.a2ln_25.apk,humanoid,1,180,0,0,0,0,0
dev.patri9ck.a2ln_25.apk,humanoid,1,300,0,0,0,0,0
dev.patri9ck.a2ln_25.apk,humanoid,2,60,0,0,0,0,0
dev.patri9ck.a2ln_25.apk,humanoid,2,180,0,0,0,0,0
dev.patri9ck.a2ln_25.apk,humanoid,2,300,0,0,0,0,0
dev.patri9ck.a2ln_25.apk,humanoid,3,60,0,0,0,0,0
dev.patri9ck.a2ln_25.apk,humanoid,3,180,0,0,0,0,0
dev.patri9ck.a2ln_25.apk,humanoid,3,300,0,0,0,0,0
dev.patri9ck.a2ln_25.apk,ares,1,60,0,0,0,0,0
dev.patri9ck.a2ln_25.apk,ares,1,180,0,0,0,0,0
dev.patri9ck.a2ln_25.apk,ares,1,300,0,0,0,0,0
dev.patri9ck.a2ln_25.apk,ares,2,60,0,0,0,0,0
dev.patri9ck.a2ln_25.apk,ares,2,180,0,0,0,0,0
dev.patri9ck.a2ln_25.apk,ares,2,300,0,0,0,0,0
dev.patri9ck.a2ln_25.apk,ares,3,60,0,0,0,0,0
dev.patri9ck.a2ln_25.apk,ares,3,180,0,0,0,0,0
dev.patri9ck.a2ln_25.apk,ares,3,300,0,0,0,0,0
dev.patri9ck.a2ln_25.apk,fastbot,1,60,0,0,0,0,0
dev.patri9ck.a2ln_25.apk,fastbot,1,180,0,0,0,0,0
dev.patri9ck.a2ln_25.apk,fastbot,1,300,0,0,0,0,0
dev.patri9ck.a2ln_25.apk,fastbot,2,60,0,0,0,0,0
dev.patri9ck.a2ln_25.apk,fastbot,2,180,0,0,0,0,0
dev.patri9ck.a2ln_25.apk,fastbot,2,300,0,0,0,0,0
dev.patri9ck.a2ln_25.apk,fastbot,3,60,0,0,0,0,0
dev.patri9ck.a2ln_25.apk,fastbot,3,180,0,0,0,0,0
dev.patri9ck.a2ln_25.apk,fastbot,3,300,0,0,0,0,0
dev.patri9ck.a2ln_25.apk,qtesting,1,60,0,0,0,0,0
dev.patri9ck.a2ln_25.apk,qtesting,1,180,0,0,0,0,0
dev.patri9ck.a2ln_25.apk,qtesting,1,300,0,0,0,0,0
dev.patri9ck.a2ln_25.apk,qtesting,2,60,0,0,0,0,0
dev.patri9ck.a2ln_25.apk,qtesting,2,180,0,0,0,0,0
dev.patri9ck.a2ln_25.apk,qtesting,2,300,0,0,0,0,0
dev.patri9ck.a2ln_25.apk,qtesting,3,60,0,0,0,0,0
dev.patri9ck.a2ln_25.apk,qtesting,3,180,0,0,0,0,0
io.github.garemat.lunachron_23201.apk,monkey,1,60,0,0,0,0,0
io.github.garemat.lunachron_23201.apk,monkey,1,180,0,0,0,0,0
io.github.garemat.lunachron_23201.apk,monkey,1,300,0,0,0,0,0
io.github.garemat.lunachron_23201.apk,monkey,2,60,0,0,0,0,0
io.github.garemat.lunachron_23201.apk,monkey,2,180,7,2,7,7,7.0
io.github.garemat.lunachron_23201.apk,monkey,2,300,0,0,0,0,0
io.github.garemat.lunachron_23201.apk,monkey,3,60,7,2,7,7,7.0
io.github.garemat.lunachron_23201.apk,monkey,3,180,0,0,0,0,0
io.github.garemat.lunachron_23201.apk,monkey,3,300,0,0,0,0,0
io.github.garemat.lunachron_23201.apk,droidbot:dfs_greedy,1,60,7,2,7,7,7.0
io.github.garemat.lunachron_23201.apk,droidbot:dfs_greedy,1,180,7,2,7,7,7.0
io.github.garemat.lunachron_23201.apk,droidbot:dfs_greedy,1,300,7,2,7,7,7.0
io.github.garemat.lunachron_23201.apk,droidbot:dfs_greedy,2,60,0,0,0,0,0
io.github.garemat.lunachron_23201.apk,droidbot:dfs_greedy,2,180,7,2,7,7,7.0
io.github.garemat.lunachron_23201.apk,droidbot:dfs_greedy,2,300,7,2,7,7,7.0
io.github.garemat.lunachron_23201.apk,droidbot:dfs_greedy,3,60,0,0,0,0,0
io.github.garemat.lunachron_23201.apk,droidbot:dfs_greedy,3,180,7,2,7,7,7.0
com.quantum_prof.phantalandwaittimes_5.apk,qtesting,1,60,20,2,7,7,7.0
com.yogeshpaliyal.deepr_28.apk,qtesting,1,180,0,0,0,0,0
dev.patri9ck.a2ln_25.apk,qtesting,3,300,0,0,0,0,0
io.github.garemat.lunachron_23201.apk,droidbot:dfs_greedy,3,300,7,2,7,7,7.0
io.github.garemat.lunachron_23201.apk,droidbot:bfs_greedy,1,60,0,0,0,0,0
io.github.garemat.lunachron_23201.apk,droidbot:bfs_greedy,1,180,7,2,7,7,7.0
io.github.garemat.lunachron_23201.apk,droidbot:bfs_greedy,1,300,7,2,7,7,7.0
io.github.garemat.lunachron_23201.apk,droidbot:bfs_greedy,2,60,0,0,0,0,0
io.github.garemat.lunachron_23201.apk,droidbot:bfs_greedy,2,180,7,2,7,7,7.0
io.github.garemat.lunachron_23201.apk,droidbot:bfs_greedy,2,300,7,2,7,7,7.0
io.github.garemat.lunachron_23201.apk,droidbot:bfs_greedy,3,60,0,0,0,0,0
io.github.garemat.lunachron_23201.apk,droidbot:bfs_greedy,3,180,7,2,7,7,7.0
io.github.garemat.lunachron_23201.apk,droidbot:bfs_greedy,3,300,7,2,7,7,7.0
io.github.garemat.lunachron_23201.apk,droidbot:dfs_naive,1,60,0,0,0,0,0
io.github.garemat.lunachron_23201.apk,droidbot:dfs_naive,1,180,7,2,7,7,7.0
io.github.garemat.lunachron_23201.apk,droidbot:dfs_naive,1,300,7,2,7,7,7.0
io.github.garemat.lunachron_23201.apk,droidbot:dfs_naive,2,60,0,0,0,0,0
io.github.garemat.lunachron_23201.apk,droidbot:dfs_naive,2,180,7,2,7,7,7.0
io.github.garemat.lunachron_23201.apk,droidbot:dfs_naive,2,300,7,2,7,7,7.0
io.github.garemat.lunachron_23201.apk,droidbot:dfs_naive,3,60,0,0,0,0,0
io.github.garemat.lunachron_23201.apk,droidbot:dfs_naive,3,180,7,2,7,7,7.0
io.github.garemat.lunachron_23201.apk,droidbot:dfs_naive,3,300,7,2,7,7,7.0
io.github.garemat.lunachron_23201.apk,droidbot:bfs_naive,1,60,0,0,0,0,0
io.github.garemat.lunachron_23201.apk,droidbot:bfs_naive,1,180,7,2,7,7,7.0
io.github.garemat.lunachron_23201.apk,droidbot:bfs_naive,1,300,7,2,7,7,7.0
io.github.garemat.lunachron_23201.apk,droidbot:bfs_naive,2,60,0,0,0,0,0
io.github.garemat.lunachron_23201.apk,droidbot:bfs_naive,2,180,7,2,7,7,7.0
io.github.garemat.lunachron_23201.apk,droidbot:bfs_naive,2,300,7,2,7,7,7.0
io.github.garemat.lunachron_23201.apk,droidbot:bfs_naive,3,60,0,0,0,0,0
io.github.garemat.lunachron_23201.apk,droidbot:bfs_naive,3,180,7,2,7,7,7.0
io.github.garemat.lunachron_23201.apk,droidbot:bfs_naive,3,300,7,2,7,7,7.0
io.github.garemat.lunachron_23201.apk,ape,1,60,0,0,0,0,0
io.github.garemat.lunachron_23201.apk,ape,1,180,7,2,7,7,7.0
io.github.garemat.lunachron_23201.apk,ape,1,300,7,2,7,7,7.0
io.github.garemat.lunachron_23201.apk,ape,2,60,0,0,0,0,0
io.github.garemat.lunachron_23201.apk,ape,2,180,7,2,7,7,7.0
io.github.garemat.lunachron_23201.apk,ape,2,300,14,2,7,7,7.0
io.github.garemat.lunachron_23201.apk,ape,3,60,0,0,0,0,0
io.github.garemat.lunachron_23201.apk,ape,3,180,0,0,0,0,0
io.github.garemat.lunachron_23201.apk,ape,3,300,14,2,7,7,7.0
io.github.garemat.lunachron_23201.apk,droidmate,1,60,0,0,0,0,0
io.github.garemat.lunachron_23201.apk,droidmate,1,180,7,2,7,7,7.0
io.github.garemat.lunachron_23201.apk,droidmate,1,300,14,2,7,7,7.0
io.github.garemat.lunachron_23201.apk,droidmate,2,60,0,0,0,0,0
io.github.garemat.lunachron_23201.apk,droidmate,2,180,0,0,0,0,0
io.github.garemat.lunachron_23201.apk,droidmate,2,300,14,2,7,7,7.0
io.github.garemat.lunachron_23201.apk,droidmate,3,60,0,0,0,0,0
io.github.garemat.lunachron_23201.apk,droidmate,3,180,7,2,7,7,7.0
io.github.garemat.lunachron_23201.apk,droidmate,3,300,14,2,7,7,7.0
io.github.garemat.lunachron_23201.apk,humanoid,1,60,0,0,0,0,0
io.github.garemat.lunachron_23201.apk,humanoid,1,180,0,0,0,0,0
io.github.garemat.lunachron_23201.apk,humanoid,1,300,0,0,0,0,0
io.github.garemat.lunachron_23201.apk,humanoid,2,60,0,0,0,0,0
io.github.garemat.lunachron_23201.apk,humanoid,2,180,0,0,0,0,0
io.github.garemat.lunachron_23201.apk,humanoid,2,300,7,2,7,7,7.0
io.github.garemat.lunachron_23201.apk,humanoid,3,60,0,0,0,0,0
io.github.garemat.lunachron_23201.apk,humanoid,3,180,0,0,0,0,0
io.github.garemat.lunachron_23201.apk,humanoid,3,300,7,2,7,7,7.0
io.github.garemat.lunachron_23201.apk,ares,1,60,0,0,0,0,0
io.github.garemat.lunachron_23201.apk,ares,1,180,7,2,7,7,7.0
io.github.garemat.lunachron_23201.apk,ares,1,300,7,2,7,7,7.0
io.github.garemat.lunachron_23201.apk,ares,2,60,0,0,0,0,0
io.github.garemat.lunachron_23201.apk,ares,2,180,0,0,0,0,0
io.github.garemat.lunachron_23201.apk,ares,2,300,7,2,7,7,7.0
io.github.garemat.lunachron_23201.apk,ares,3,60,0,0,0,0,0
io.github.garemat.lunachron_23201.apk,ares,3,180,0,0,0,0,0
io.github.garemat.lunachron_23201.apk,ares,3,300,0,0,0,0,0
io.github.garemat.lunachron_23201.apk,fastbot,1,60,0,0,0,0,0
io.github.garemat.lunachron_23201.apk,fastbot,1,180,0,0,0,0,0
io.github.garemat.lunachron_23201.apk,fastbot,1,300,7,2,7,7,7.0
io.github.garemat.lunachron_23201.apk,fastbot,2,60,0,0,0,0,0
io.github.garemat.lunachron_23201.apk,fastbot,2,180,0,0,0,0,0
io.github.garemat.lunachron_23201.apk,fastbot,2,300,7,2,7,7,7.0
io.github.garemat.lunachron_23201.apk,fastbot,3,60,0,0,0,0,0
io.github.garemat.lunachron_23201.apk,fastbot,3,180,0,0,0,0,0
io.github.garemat.lunachron_23201.apk,fastbot,3,300,7,2,7,7,7.0
io.github.garemat.lunachron_23201.apk,qtesting,1,60,0,0,0,0,0
io.github.garemat.lunachron_23201.apk,qtesting,1,180,7,2,7,7,7.0
io.github.garemat.lunachron_23201.apk,qtesting,1,300,7,2,7,7,7.0
io.github.garemat.lunachron_23201.apk,qtesting,2,60,0,0,0,0,0
io.github.garemat.lunachron_23201.apk,qtesting,2,180,14,2,7,7,7.0
io.github.garemat.lunachron_23201.apk,qtesting,2,300,14,2,7,7,7.0
io.github.garemat.lunachron_23201.apk,qtesting,3,60,0,0,0,0,0
io.github.garemat.lunachron_23201.apk,qtesting,3,180,7,2,7,7,7.0
io.github.garemat.lunachron_23201.apk,qtesting,3,300,7,2,7,7,7.0
me.mudkip.moememos_48.apk,monkey,1,60,7,2,7,7,7.0
me.mudkip.moememos_48.apk,monkey,1,180,7,2,7,7,7.0
me.mudkip.moememos_48.apk,monkey,1,300,7,2,7,7,7.0
me.mudkip.moememos_48.apk,monkey,2,60,7,2,7,7,7.0
me.mudkip.moememos_48.apk,monkey,2,180,7,2,7,7,7.0
me.mudkip.moememos_48.apk,monkey,2,300,7,2,7,7,7.0
me.mudkip.moememos_48.apk,monkey,3,60,7,2,7,7,7.0
me.mudkip.moememos_48.apk,monkey,3,180,7,2,7,7,7.0
me.mudkip.moememos_48.apk,monkey,3,300,7,2,7,7,7.0
me.mudkip.moememos_48.apk,droidbot:dfs_greedy,1,60,7,2,7,7,7.0
me.mudkip.moememos_48.apk,droidbot:dfs_greedy,1,180,7,2,7,7,7.0
me.mudkip.moememos_48.apk,droidbot:dfs_greedy,1,300,7,2,7,7,7.0
me.mudkip.moememos_48.apk,droidbot:dfs_greedy,2,60,7,2,7,7,7.0
me.mudkip.moememos_48.apk,droidbot:dfs_greedy,2,180,7,2,7,7,7.0
me.mudkip.moememos_48.apk,droidbot:dfs_greedy,2,300,7,2,7,7,7.0
me.mudkip.moememos_48.apk,droidbot:dfs_greedy,3,60,7,2,7,7,7.0
me.mudkip.moememos_48.apk,droidbot:dfs_greedy,3,180,7,2,7,7,7.0
me.mudkip.moememos_48.apk,droidbot:dfs_greedy,3,300,7,2,7,7,7.0
me.mudkip.moememos_48.apk,droidbot:bfs_greedy,1,60,7,2,7,7,7.0
me.mudkip.moememos_48.apk,droidbot:bfs_greedy,1,180,7,2,7,7,7.0
me.mudkip.moememos_48.apk,droidbot:bfs_greedy,1,300,7,2,7,7,7.0
me.mudkip.moememos_48.apk,droidbot:bfs_greedy,2,60,7,2,7,7,7.0
me.mudkip.moememos_48.apk,droidbot:bfs_greedy,2,180,7,2,7,7,7.0
me.mudkip.moememos_48.apk,droidbot:bfs_greedy,2,300,7,2,7,7,7.0
me.mudkip.moememos_48.apk,droidbot:bfs_greedy,3,60,7,2,7,7,7.0
me.mudkip.moememos_48.apk,droidbot:bfs_greedy,3,180,7,2,7,7,7.0
me.mudkip.moememos_48.apk,droidbot:bfs_greedy,3,300,7,2,7,7,7.0
me.mudkip.moememos_48.apk,droidbot:dfs_naive,1,60,7,2,7,7,7.0
me.mudkip.moememos_48.apk,droidbot:dfs_naive,1,180,7,2,7,7,7.0
me.mudkip.moememos_48.apk,droidbot:dfs_naive,1,300,7,2,7,7,7.0
me.mudkip.moememos_48.apk,droidbot:dfs_naive,2,60,7,2,7,7,7.0
me.mudkip.moememos_48.apk,droidbot:dfs_naive,2,180,7,2,7,7,7.0
me.mudkip.moememos_48.apk,droidbot:dfs_naive,2,300,7,2,7,7,7.0
me.mudkip.moememos_48.apk,droidbot:dfs_naive,3,60,7,2,7,7,7.0
me.mudkip.moememos_48.apk,droidbot:dfs_naive,3,180,7,2,7,7,7.0
me.mudkip.moememos_48.apk,droidbot:dfs_naive,3,300,7,2,7,7,7.0
me.mudkip.moememos_48.apk,droidbot:bfs_naive,1,60,7,2,7,7,7.0
me.mudkip.moememos_48.apk,droidbot:bfs_naive,1,180,7,2,7,7,7.0
me.mudkip.moememos_48.apk,droidbot:bfs_naive,1,300,7,2,7,7,7.0
me.mudkip.moememos_48.apk,droidbot:bfs_naive,2,60,7,2,7,7,7.0
me.mudkip.moememos_48.apk,droidbot:bfs_naive,2,180,7,2,7,7,7.0
me.mudkip.moememos_48.apk,droidbot:bfs_naive,2,300,7,2,7,7,7.0
me.mudkip.moememos_48.apk,droidbot:bfs_naive,3,60,7,2,7,7,7.0
me.mudkip.moememos_48.apk,droidbot:bfs_naive,3,180,7,2,7,7,7.0
me.mudkip.moememos_48.apk,droidbot:bfs_naive,3,300,7,2,7,7,7.0
me.mudkip.moememos_48.apk,ape,1,60,7,2,7,7,7.0
me.mudkip.moememos_48.apk,ape,1,180,7,2,7,7,7.0
me.mudkip.moememos_48.apk,ape,1,300,7,2,7,7,7.0
me.mudkip.moememos_48.apk,ape,2,60,7,2,7,7,7.0
me.mudkip.moememos_48.apk,ape,2,180,7,2,7,7,7.0
me.mudkip.moememos_48.apk,ape,2,300,14,2,7,7,7.0
me.mudkip.moememos_48.apk,ape,3,60,7,2,7,7,7.0
me.mudkip.moememos_48.apk,ape,3,180,14,2,7,7,7.0
me.mudkip.moememos_48.apk,ape,3,300,14,2,7,7,7.0
me.mudkip.moememos_48.apk,droidmate,1,60,7,2,7,7,7.0
me.mudkip.moememos_48.apk,droidmate,1,180,7,2,7,7,7.0
me.mudkip.moememos_48.apk,droidmate,1,300,7,2,7,7,7.0
me.mudkip.moememos_48.apk,droidmate,2,60,7,2,7,7,7.0
me.mudkip.moememos_48.apk,droidmate,2,180,7,2,7,7,7.0
me.mudkip.moememos_48.apk,droidmate,2,300,14,2,7,7,7.0
me.mudkip.moememos_48.apk,droidmate,3,60,7,2,7,7,7.0
me.mudkip.moememos_48.apk,droidmate,3,180,7,2,7,7,7.0
me.mudkip.moememos_48.apk,droidmate,3,300,7,2,7,7,7.0
me.mudkip.moememos_48.apk,humanoid,1,60,7,2,7,7,7.0
me.mudkip.moememos_48.apk,humanoid,1,180,7,2,7,7,7.0
me.mudkip.moememos_48.apk,humanoid,1,300,7,2,7,7,7.0
me.mudkip.moememos_48.apk,humanoid,2,60,7,2,7,7,7.0
me.mudkip.moememos_48.apk,humanoid,2,180,7,2,7,7,7.0
me.mudkip.moememos_48.apk,humanoid,2,300,7,2,7,7,7.0
me.mudkip.moememos_48.apk,humanoid,3,60,7,2,7,7,7.0
me.mudkip.moememos_48.apk,humanoid,3,180,7,2,7,7,7.0
me.mudkip.moememos_48.apk,humanoid,3,300,7,2,7,7,7.0
me.mudkip.moememos_48.apk,ares,1,60,7,2,7,7,7.0
me.mudkip.moememos_48.apk,ares,1,180,14,2,7,7,7.0
me.mudkip.moememos_48.apk,ares,1,300,14,2,7,7,7.0
me.mudkip.moememos_48.apk,ares,2,60,14,2,7,7,7.0
me.mudkip.moememos_48.apk,ares,2,180,14,2,7,7,7.0
me.mudkip.moememos_48.apk,ares,2,300,14,2,7,7,7.0
me.mudkip.moememos_48.apk,ares,3,60,14,2,7,7,7.0
me.mudkip.moememos_48.apk,ares,3,180,7,2,7,7,7.0
me.mudkip.moememos_48.apk,ares,3,300,14,2,7,7,7.0
me.mudkip.moememos_48.apk,fastbot,1,60,7,2,7,7,7.0
me.mudkip.moememos_48.apk,fastbot,1,180,14,2,7,7,7.0
me.mudkip.moememos_48.apk,fastbot,1,300,7,2,7,7,7.0
me.mudkip.moememos_48.apk,fastbot,2,60,7,2,7,7,7.0
me.mudkip.moememos_48.apk,fastbot,2,180,7,2,7,7,7.0
me.mudkip.moememos_48.apk,fastbot,2,300,14,2,7,7,7.0
me.mudkip.moememos_48.apk,fastbot,3,60,7,2,7,7,7.0
me.mudkip.moememos_48.apk,fastbot,3,180,7,2,7,7,7.0
me.mudkip.moememos_48.apk,fastbot,3,300,7,2,7,7,7.0
me.mudkip.moememos_48.apk,qtesting,1,60,14,2,7,7,7.0
me.mudkip.moememos_48.apk,qtesting,1,180,119,2,7,7,7.0
me.mudkip.moememos_48.apk,qtesting,1,300,266,2,7,7,7.0
me.mudkip.moememos_48.apk,qtesting,2,60,14,2,7,7,7.0
me.mudkip.moememos_48.apk,qtesting,2,180,147,2,7,7,7.0
me.mudkip.moememos_48.apk,qtesting,2,300,210,2,7,7,7.0
me.mudkip.moememos_48.apk,qtesting,3,60,14,2,7,7,7.0
me.mudkip.moememos_48.apk,qtesting,3,180,84,2,7,7,7.0
me.mudkip.moememos_48.apk,qtesting,3,300,217,2,7,7,8.0
net.phbwt.paperwork_1003007.apk,monkey,1,60,12,4,12,12,12.0
net.phbwt.paperwork_1003007.apk,monkey,1,180,12,4,12,12,12.0
net.phbwt.paperwork_1003007.apk,monkey,1,300,12,4,12,12,12.0
net.phbwt.paperwork_1003007.apk,monkey,2,60,12,4,12,12,12.0
net.phbwt.paperwork_1003007.apk,monkey,2,180,12,4,12,12,12.0
net.phbwt.paperwork_1003007.apk,monkey,2,300,12,4,12,12,12.0
net.phbwt.paperwork_1003007.apk,monkey,3,60,12,4,12,12,12.0
net.phbwt.paperwork_1003007.apk,monkey,3,180,12,4,12,12,12.0
net.phbwt.paperwork_1003007.apk,monkey,3,300,12,4,12,12,12.0
net.phbwt.paperwork_1003007.apk,droidbot:dfs_greedy,1,60,12,4,12,12,12.0
net.phbwt.paperwork_1003007.apk,droidbot:dfs_greedy,1,180,12,4,12,12,12.0
net.phbwt.paperwork_1003007.apk,droidbot:dfs_greedy,1,300,9,4,9,9,9.0
net.phbwt.paperwork_1003007.apk,droidbot:dfs_greedy,2,60,12,4,12,12,12.0
net.phbwt.paperwork_1003007.apk,droidbot:dfs_greedy,2,180,12,4,12,12,12.0
net.phbwt.paperwork_1003007.apk,droidbot:dfs_greedy,2,300,12,4,12,12,12.0
net.phbwt.paperwork_1003007.apk,droidbot:dfs_greedy,3,60,12,4,12,12,12.0
net.phbwt.paperwork_1003007.apk,droidbot:dfs_greedy,3,180,12,4,12,12,12.0
net.phbwt.paperwork_1003007.apk,droidbot:dfs_greedy,3,300,12,4,12,12,12.0
net.phbwt.paperwork_1003007.apk,droidbot:bfs_greedy,1,60,12,4,12,12,12.0
net.phbwt.paperwork_1003007.apk,droidbot:bfs_greedy,1,180,12,4,12,12,12.0
net.phbwt.paperwork_1003007.apk,droidbot:bfs_greedy,1,300,12,4,12,12,12.0
net.phbwt.paperwork_1003007.apk,droidbot:bfs_greedy,2,60,12,4,12,12,12.0
net.phbwt.paperwork_1003007.apk,droidbot:bfs_greedy,2,180,12,4,12,12,12.0
net.phbwt.paperwork_1003007.apk,droidbot:bfs_greedy,2,300,12,4,12,12,12.0
net.phbwt.paperwork_1003007.apk,droidbot:bfs_greedy,3,60,12,4,12,12,12.0
net.phbwt.paperwork_1003007.apk,droidbot:bfs_greedy,3,180,12,4,12,12,12.0
net.phbwt.paperwork_1003007.apk,droidbot:bfs_greedy,3,300,12,4,12,12,12.0
net.phbwt.paperwork_1003007.apk,droidbot:dfs_naive,1,60,12,4,12,12,12.0
net.phbwt.paperwork_1003007.apk,droidbot:dfs_naive,1,180,12,4,12,12,12.0
net.phbwt.paperwork_1003007.apk,droidbot:dfs_naive,1,300,12,4,12,12,12.0
net.phbwt.paperwork_1003007.apk,droidbot:dfs_naive,2,60,12,4,12,12,12.0
net.phbwt.paperwork_1003007.apk,droidbot:dfs_naive,2,180,12,4,12,12,12.0
net.phbwt.paperwork_1003007.apk,droidbot:dfs_naive,2,300,12,4,12,12,12.0
net.phbwt.paperwork_1003007.apk,droidbot:dfs_naive,3,60,12,4,12,12,12.0
net.phbwt.paperwork_1003007.apk,droidbot:dfs_naive,3,180,9,4,9,9,9.0
net.phbwt.paperwork_1003007.apk,droidbot:dfs_naive,3,300,12,4,12,12,12.0
net.phbwt.paperwork_1003007.apk,droidbot:bfs_naive,1,60,12,4,12,12,12.0
net.phbwt.paperwork_1003007.apk,droidbot:bfs_naive,1,180,17,5,17,17,17.0
net.phbwt.paperwork_1003007.apk,droidbot:bfs_naive,1,300,17,5,17,17,17.0
net.phbwt.paperwork_1003007.apk,droidbot:bfs_naive,2,60,12,4,12,12,12.0
net.phbwt.paperwork_1003007.apk,droidbot:bfs_naive,2,180,17,5,17,17,17.0
net.phbwt.paperwork_1003007.apk,droidbot:bfs_naive,2,300,17,5,17,17,17.0
net.phbwt.paperwork_1003007.apk,droidbot:bfs_naive,3,60,12,4,12,12,12.0
net.phbwt.paperwork_1003007.apk,droidbot:bfs_naive,3,180,17,5,17,17,17.0
net.phbwt.paperwork_1003007.apk,droidbot:bfs_naive,3,300,17,5,17,17,17.0
net.phbwt.paperwork_1003007.apk,ape,1,60,31,5,17,17,17.0
net.phbwt.paperwork_1003007.apk,ape,1,180,12,4,12,12,12.0
net.phbwt.paperwork_1003007.apk,ape,1,300,79,5,17,17,17.0
net.phbwt.paperwork_1003007.apk,ape,2,60,34,5,17,17,17.0
net.phbwt.paperwork_1003007.apk,ape,2,180,24,4,12,12,12.0
net.phbwt.paperwork_1003007.apk,ape,2,300,24,4,12,12,12.0
net.phbwt.paperwork_1003007.apk,ape,3,60,34,5,17,17,17.0
net.phbwt.paperwork_1003007.apk,ape,3,180,24,4,12,12,12.0
net.phbwt.paperwork_1003007.apk,ape,3,300,12,4,12,12,12.0
net.phbwt.paperwork_1003007.apk,droidmate,1,60,17,5,17,17,17.0
net.phbwt.paperwork_1003007.apk,droidmate,1,180,17,5,17,17,17.0
net.phbwt.paperwork_1003007.apk,droidmate,1,300,29,5,17,17,17.0
net.phbwt.paperwork_1003007.apk,droidmate,2,60,17,5,17,17,17.0
net.phbwt.paperwork_1003007.apk,droidmate,2,180,17,5,17,17,17.0
net.phbwt.paperwork_1003007.apk,droidmate,2,300,29,5,17,17,17.0
net.phbwt.paperwork_1003007.apk,droidmate,3,60,17,5,17,17,17.0
net.phbwt.paperwork_1003007.apk,droidmate,3,180,17,5,17,17,17.0
net.phbwt.paperwork_1003007.apk,droidmate,3,300,24,4,12,12,12.0
net.phbwt.paperwork_1003007.apk,humanoid,1,60,12,4,12,12,12.0
net.phbwt.paperwork_1003007.apk,humanoid,1,180,17,5,17,17,17.0
net.phbwt.paperwork_1003007.apk,humanoid,1,300,12,4,12,12,12.0
net.phbwt.paperwork_1003007.apk,humanoid,2,60,17,5,17,17,17.0
net.phbwt.paperwork_1003007.apk,humanoid,2,180,12,4,12,12,12.0
net.phbwt.paperwork_1003007.apk,humanoid,2,300,12,4,12,12,12.0
net.phbwt.paperwork_1003007.apk,humanoid,3,60,12,4,12,12,12.0
net.phbwt.paperwork_1003007.apk,humanoid,3,180,12,4,12,12,12.0
net.phbwt.paperwork_1003007.apk,humanoid,3,300,12,4,12,12,12.0
net.phbwt.paperwork_1003007.apk,ares,1,60,24,4,12,12,12.0
net.phbwt.paperwork_1003007.apk,ares,1,180,24,4,12,12,12.0
net.phbwt.paperwork_1003007.apk,ares,1,300,29,5,17,17,17.0
net.phbwt.paperwork_1003007.apk,ares,2,60,46,5,17,17,17.0
net.phbwt.paperwork_1003007.apk,ares,2,180,29,5,17,17,17.0
net.phbwt.paperwork_1003007.apk,ares,2,300,24,4,12,12,12.0
net.phbwt.paperwork_1003007.apk,ares,3,60,24,4,12,12,12.0
net.phbwt.paperwork_1003007.apk,ares,3,180,29,5,17,17,17.0
net.phbwt.paperwork_1003007.apk,ares,3,300,58,5,17,17,17.0
net.phbwt.paperwork_1003007.apk,fastbot,1,60,12,4,12,12,12.0
net.phbwt.paperwork_1003007.apk,fastbot,1,180,12,4,12,12,12.0
net.phbwt.paperwork_1003007.apk,fastbot,1,300,12,4,12,12,12.0
net.phbwt.paperwork_1003007.apk,fastbot,2,60,12,4,12,12,12.0
net.phbwt.paperwork_1003007.apk,fastbot,2,180,12,4,12,12,12.0
net.phbwt.paperwork_1003007.apk,fastbot,2,300,12,4,12,12,12.0
net.phbwt.paperwork_1003007.apk,fastbot,3,60,12,4,12,12,12.0
net.phbwt.paperwork_1003007.apk,fastbot,3,180,12,4,12,12,12.0
net.phbwt.paperwork_1003007.apk,fastbot,3,300,12,4,12,12,12.0
net.phbwt.paperwork_1003007.apk,qtesting,1,60,41,5,17,17,17.0
net.phbwt.paperwork_1003007.apk,qtesting,1,180,42,5,17,17,17.0
net.phbwt.paperwork_1003007.apk,qtesting,1,300,24,4,12,12,12.0
net.phbwt.paperwork_1003007.apk,qtesting,2,60,24,4,12,12,12.0
net.phbwt.paperwork_1003007.apk,qtesting,2,180,82,5,17,17,17.0
net.phbwt.paperwork_1003007.apk,qtesting,2,300,80,5,17,17,17.0
net.phbwt.paperwork_1003007.apk,qtesting,3,60,41,5,17,17,17.0
net.phbwt.paperwork_1003007.apk,qtesting,3,180,63,5,17,17,17.0
net.phbwt.paperwork_1003007.apk,qtesting,3,300,58,5,17,17,17.0
org.fossify.notes_13.apk,monkey,1,60,0,0,0,0,0
org.fossify.notes_13.apk,monkey,1,180,0,0,0,0,0
org.fossify.notes_13.apk,monkey,1,300,0,0,0,0,0
org.fossify.notes_13.apk,monkey,2,60,0,0,0,0,0
org.fossify.notes_13.apk,monkey,2,180,0,0,0,0,0
org.fossify.notes_13.apk,monkey,2,300,0,0,0,0,0
org.fossify.notes_13.apk,monkey,3,60,0,0,0,0,0
org.fossify.notes_13.apk,monkey,3,180,0,0,0,0,0
org.fossify.notes_13.apk,monkey,3,300,0,0,0,0,0
org.fossify.notes_13.apk,droidbot:dfs_greedy,1,60,0,0,0,0,0
org.fossify.notes_13.apk,droidbot:dfs_greedy,1,180,0,0,0,0,0
org.fossify.notes_13.apk,droidbot:dfs_greedy,1,300,0,0,0,0,0
org.fossify.notes_13.apk,droidbot:dfs_greedy,2,60,0,0,0,0,0
org.fossify.notes_13.apk,droidbot:dfs_greedy,2,180,0,0,0,0,0
org.fossify.notes_13.apk,droidbot:dfs_greedy,2,300,0,0,0,0,0
org.fossify.notes_13.apk,droidbot:dfs_greedy,3,60,0,0,0,0,0
org.fossify.notes_13.apk,droidbot:dfs_greedy,3,180,0,0,0,0,0
org.fossify.notes_13.apk,droidbot:dfs_greedy,3,300,0,0,0,0,0
org.fossify.notes_13.apk,droidbot:bfs_greedy,1,60,0,0,0,0,0
org.fossify.notes_13.apk,droidbot:bfs_greedy,1,180,0,0,0,0,0
org.fossify.notes_13.apk,droidbot:bfs_greedy,1,300,0,0,0,0,0
org.fossify.notes_13.apk,droidbot:bfs_greedy,2,60,0,0,0,0,0
org.fossify.notes_13.apk,droidbot:bfs_greedy,2,180,0,0,0,0,0
org.fossify.notes_13.apk,droidbot:bfs_greedy,2,300,0,0,0,0,0
org.fossify.notes_13.apk,droidbot:bfs_greedy,3,60,0,0,0,0,0
org.fossify.notes_13.apk,droidbot:bfs_greedy,3,180,0,0,0,0,0
org.fossify.notes_13.apk,droidbot:bfs_greedy,3,300,0,0,0,0,0
org.fossify.notes_13.apk,droidbot:dfs_naive,1,60,0,0,0,0,0
org.fossify.notes_13.apk,droidbot:dfs_naive,1,180,0,0,0,0,0
org.fossify.notes_13.apk,droidbot:dfs_naive,1,300,0,0,0,0,0
org.fossify.notes_13.apk,droidbot:dfs_naive,2,60,0,0,0,0,0
org.fossify.notes_13.apk,droidbot:dfs_naive,2,180,0,0,0,0,0
org.fossify.notes_13.apk,droidbot:dfs_naive,2,300,0,0,0,0,0
org.fossify.notes_13.apk,droidbot:dfs_naive,3,60,0,0,0,0,0
org.fossify.notes_13.apk,droidbot:dfs_naive,3,180,0,0,0,0,0
org.fossify.notes_13.apk,droidbot:dfs_naive,3,300,0,0,0,0,0
org.fossify.notes_13.apk,droidbot:bfs_naive,1,60,0,0,0,0,0
org.fossify.notes_13.apk,droidbot:bfs_naive,1,180,0,0,0,0,0
org.fossify.notes_13.apk,droidbot:bfs_naive,1,300,0,0,0,0,0
org.fossify.notes_13.apk,droidbot:bfs_naive,2,60,0,0,0,0,0
org.fossify.notes_13.apk,droidbot:bfs_naive,2,180,0,0,0,0,0
org.fossify.notes_13.apk,droidbot:bfs_naive,2,300,0,0,0,0,0
org.fossify.notes_13.apk,droidbot:bfs_naive,3,60,0,0,0,0,0
org.fossify.notes_13.apk,droidbot:bfs_naive,3,180,0,0,0,0,0
org.fossify.notes_13.apk,droidbot:bfs_naive,3,300,0,0,0,0,0
org.fossify.notes_13.apk,ape,1,60,0,0,0,0,0
org.fossify.notes_13.apk,ape,1,180,5,1,5,5,5.0
org.fossify.notes_13.apk,ape,1,300,10,2,10,10,10.0
org.fossify.notes_13.apk,ape,2,60,0,0,0,0,0
org.fossify.notes_13.apk,ape,2,180,5,1,5,5,5.0
org.fossify.notes_13.apk,ape,2,300,10,2,10,10,10.0
org.fossify.notes_13.apk,ape,3,60,0,0,0,0,0
org.fossify.notes_13.apk,ape,3,180,0,0,0,0,0
org.fossify.notes_13.apk,ape,3,300,5,1,5,5,5.0
org.fossify.notes_13.apk,droidmate,1,60,0,0,0,0,0
org.fossify.notes_13.apk,droidmate,1,180,0,0,0,0,0
org.fossify.notes_13.apk,droidmate,1,300,0,0,0,0,0
org.fossify.notes_13.apk,droidmate,2,60,0,0,0,0,0
org.fossify.notes_13.apk,droidmate,2,180,0,0,0,0,0
org.fossify.notes_13.apk,droidmate,2,300,0,0,0,0,0
org.fossify.notes_13.apk,droidmate,3,60,0,0,0,0,0
org.fossify.notes_13.apk,droidmate,3,180,0,0,0,0,0
org.fossify.notes_13.apk,droidmate,3,300,0,0,0,0,0
org.fossify.notes_13.apk,humanoid,1,60,0,0,0,0,0
org.fossify.notes_13.apk,humanoid,1,180,0,0,0,0,0
org.fossify.notes_13.apk,humanoid,1,300,0,0,0,0,0
org.fossify.notes_13.apk,humanoid,2,60,0,0,0,0,0
org.fossify.notes_13.apk,humanoid,2,180,5,1,5,5,5.0
org.fossify.notes_13.apk,humanoid,2,300,0,0,0,0,0
org.fossify.notes_13.apk,humanoid,3,60,0,0,0,0,0
org.fossify.notes_13.apk,humanoid,3,180,0,0,0,0,0
org.fossify.notes_13.apk,humanoid,3,300,0,0,0,0,0
org.fossify.notes_13.apk,ares,1,60,0,0,0,0,0
org.fossify.notes_13.apk,ares,1,180,0,0,0,0,0
org.fossify.notes_13.apk,ares,1,300,5,1,5,5,5.0
org.fossify.notes_13.apk,ares,2,60,0,0,0,0,0
org.fossify.notes_13.apk,ares,2,180,0,0,0,0,0
org.fossify.notes_13.apk,ares,2,300,0,0,0,0,0
org.fossify.notes_13.apk,ares,3,60,0,0,0,0,0
org.fossify.notes_13.apk,ares,3,180,0,0,0,0,0
org.fossify.notes_13.apk,ares,3,300,0,0,0,0,0
org.fossify.notes_13.apk,fastbot,1,60,0,0,0,0,0
org.fossify.notes_13.apk,fastbot,1,180,0,0,0,0,0
org.fossify.notes_13.apk,fastbot,1,300,0,0,0,0,0
org.fossify.notes_13.apk,fastbot,2,60,0,0,0,0,0
org.fossify.notes_13.apk,fastbot,2,180,0,0,0,0,0
org.fossify.notes_13.apk,fastbot,2,300,0,0,0,0,0
org.fossify.notes_13.apk,fastbot,3,60,0,0,0,0,0
org.fossify.notes_13.apk,fastbot,3,180,0,0,0,0,0
org.fossify.notes_13.apk,fastbot,3,300,0,0,0,0,0
org.fossify.notes_13.apk,qtesting,1,60,0,0,0,0,0
org.fossify.notes_13.apk,qtesting,1,180,0,0,0,0,0
org.fossify.notes_13.apk,qtesting,1,300,0,0,0,0,0
org.fossify.notes_13.apk,qtesting,2,60,0,0,0,0,0
org.fossify.notes_13.apk,qtesting,2,180,0,0,0,0,0
org.fossify.notes_13.apk,qtesting,2,300,0,0,0,0,0
org.fossify.notes_13.apk,qtesting,3,60,0,0,0,0,0
org.fossify.notes_13.apk,qtesting,3,180,0,0,0,0,0
org.fossify.notes_13.apk,qtesting,3,300,0,0,0,0,0
org.nsh07.pomodoro_34.apk,monkey,1,60,0,0,0,0,0
org.nsh07.pomodoro_34.apk,monkey,1,180,0,0,0,0,0
org.nsh07.pomodoro_34.apk,monkey,1,300,0,0,0,0,0
org.nsh07.pomodoro_34.apk,monkey,2,60,0,0,0,0,0
org.nsh07.pomodoro_34.apk,monkey,2,180,0,0,0,0,0
org.nsh07.pomodoro_34.apk,monkey,2,300,0,0,0,0,0
org.nsh07.pomodoro_34.apk,monkey,3,60,0,0,0,0,0
org.nsh07.pomodoro_34.apk,monkey,3,180,0,0,0,0,0
org.nsh07.pomodoro_34.apk,monkey,3,300,0,0,0,0,0
org.nsh07.pomodoro_34.apk,droidbot:dfs_greedy,1,60,0,0,0,0,0
org.nsh07.pomodoro_34.apk,droidbot:dfs_greedy,1,180,0,0,0,0,0
org.nsh07.pomodoro_34.apk,droidbot:dfs_greedy,1,300,0,0,0,0,0
org.nsh07.pomodoro_34.apk,droidbot:dfs_greedy,2,60,0,0,0,0,0
org.nsh07.pomodoro_34.apk,droidbot:dfs_greedy,2,180,0,0,0,0,0
org.nsh07.pomodoro_34.apk,droidbot:dfs_greedy,2,300,0,0,0,0,0
org.nsh07.pomodoro_34.apk,droidbot:dfs_greedy,3,60,0,0,0,0,0
org.nsh07.pomodoro_34.apk,droidbot:dfs_greedy,3,180,0,0,0,0,0
org.nsh07.pomodoro_34.apk,droidbot:dfs_greedy,3,300,0,0,0,0,0
org.nsh07.pomodoro_34.apk,droidbot:bfs_greedy,1,60,0,0,0,0,0
org.nsh07.pomodoro_34.apk,droidbot:bfs_greedy,1,180,0,0,0,0,0
org.nsh07.pomodoro_34.apk,droidbot:bfs_greedy,1,300,0,0,0,0,0
org.nsh07.pomodoro_34.apk,droidbot:bfs_greedy,2,60,0,0,0,0,0
org.nsh07.pomodoro_34.apk,droidbot:bfs_greedy,2,180,0,0,0,0,0
org.nsh07.pomodoro_34.apk,droidbot:bfs_greedy,2,300,0,0,0,0,0
org.nsh07.pomodoro_34.apk,droidbot:bfs_greedy,3,60,0,0,0,0,0
org.nsh07.pomodoro_34.apk,droidbot:bfs_greedy,3,180,0,0,0,0,0
org.nsh07.pomodoro_34.apk,droidbot:bfs_greedy,3,300,0,0,0,0,0
org.nsh07.pomodoro_34.apk,droidbot:dfs_naive,1,60,0,0,0,0,0
org.nsh07.pomodoro_34.apk,droidbot:dfs_naive,1,180,0,0,0,0,0
org.nsh07.pomodoro_34.apk,droidbot:dfs_naive,1,300,0,0,0,0,0
org.nsh07.pomodoro_34.apk,droidbot:dfs_naive,2,60,0,0,0,0,0
org.nsh07.pomodoro_34.apk,droidbot:dfs_naive,2,180,0,0,0,0,0
org.nsh07.pomodoro_34.apk,droidbot:dfs_naive,2,300,0,0,0,0,0
org.nsh07.pomodoro_34.apk,droidbot:dfs_naive,3,60,0,0,0,0,0
org.nsh07.pomodoro_34.apk,droidbot:dfs_naive,3,180,0,0,0,0,0
org.nsh07.pomodoro_34.apk,droidbot:dfs_naive,3,300,0,0,0,0,0
org.nsh07.pomodoro_34.apk,droidbot:bfs_naive,1,60,0,0,0,0,0
org.nsh07.pomodoro_34.apk,droidbot:bfs_naive,1,180,0,0,0,0,0
org.nsh07.pomodoro_34.apk,droidbot:bfs_naive,1,300,0,0,0,0,0
org.nsh07.pomodoro_34.apk,droidbot:bfs_naive,2,60,0,0,0,0,0
org.nsh07.pomodoro_34.apk,droidbot:bfs_naive,2,180,0,0,0,0,0
org.nsh07.pomodoro_34.apk,droidbot:bfs_naive,2,300,0,0,0,0,0
org.nsh07.pomodoro_34.apk,droidbot:bfs_naive,3,60,0,0,0,0,0
org.nsh07.pomodoro_34.apk,droidbot:bfs_naive,3,180,0,0,0,0,0
org.nsh07.pomodoro_34.apk,droidbot:bfs_naive,3,300,0,0,0,0,0
org.nsh07.pomodoro_34.apk,ape,1,60,0,0,0,0,0
org.nsh07.pomodoro_34.apk,ape,1,180,0,0,0,0,0
org.nsh07.pomodoro_34.apk,ape,1,300,0,0,0,0,0
org.nsh07.pomodoro_34.apk,ape,2,60,0,0,0,0,0
org.nsh07.pomodoro_34.apk,ape,2,180,0,0,0,0,0
org.nsh07.pomodoro_34.apk,ape,2,300,0,0,0,0,0
org.nsh07.pomodoro_34.apk,ape,3,60,0,0,0,0,0
org.nsh07.pomodoro_34.apk,ape,3,180,0,0,0,0,0
org.nsh07.pomodoro_34.apk,ape,3,300,0,0,0,0,0
org.nsh07.pomodoro_34.apk,droidmate,1,60,0,0,0,0,0
org.nsh07.pomodoro_34.apk,droidmate,1,180,0,0,0,0,0
org.nsh07.pomodoro_34.apk,droidmate,1,300,0,0,0,0,0
org.nsh07.pomodoro_34.apk,droidmate,2,60,0,0,0,0,0
org.nsh07.pomodoro_34.apk,droidmate,2,180,0,0,0,0,0
org.nsh07.pomodoro_34.apk,droidmate,2,300,0,0,0,0,0
org.nsh07.pomodoro_34.apk,droidmate,3,60,0,0,0,0,0
org.nsh07.pomodoro_34.apk,droidmate,3,180,0,0,0,0,0
org.nsh07.pomodoro_34.apk,droidmate,3,300,0,0,0,0,0
org.nsh07.pomodoro_34.apk,humanoid,1,60,0,0,0,0,0
org.nsh07.pomodoro_34.apk,humanoid,1,180,0,0,0,0,0
org.nsh07.pomodoro_34.apk,humanoid,1,300,0,0,0,0,0
org.nsh07.pomodoro_34.apk,humanoid,2,60,0,0,0,0,0
org.nsh07.pomodoro_34.apk,humanoid,2,180,0,0,0,0,0
org.nsh07.pomodoro_34.apk,humanoid,2,300,0,0,0,0,0
org.nsh07.pomodoro_34.apk,humanoid,3,60,0,0,0,0,0
org.nsh07.pomodoro_34.apk,humanoid,3,180,0,0,0,0,0
org.nsh07.pomodoro_34.apk,humanoid,3,300,0,0,0,0,0
org.nsh07.pomodoro_34.apk,ares,1,60,0,0,0,0,0
org.nsh07.pomodoro_34.apk,ares,1,180,0,0,0,0,0
org.nsh07.pomodoro_34.apk,ares,1,300,0,0,0,0,0
org.nsh07.pomodoro_34.apk,ares,2,60,0,0,0,0,0
org.nsh07.pomodoro_34.apk,ares,2,180,0,0,0,0,0
org.nsh07.pomodoro_34.apk,ares,2,300,0,0,0,0,0
org.nsh07.pomodoro_34.apk,ares,3,60,0,0,0,0,0
org.nsh07.pomodoro_34.apk,ares,3,180,0,0,0,0,0
org.nsh07.pomodoro_34.apk,ares,3,300,0,0,0,0,0
org.nsh07.pomodoro_34.apk,fastbot,1,60,0,0,0,0,0
org.nsh07.pomodoro_34.apk,fastbot,1,180,0,0,0,0,0
org.nsh07.pomodoro_34.apk,fastbot,1,300,0,0,0,0,0
org.nsh07.pomodoro_34.apk,fastbot,2,60,0,0,0,0,0
org.nsh07.pomodoro_34.apk,fastbot,2,180,0,0,0,0,0
org.nsh07.pomodoro_34.apk,fastbot,2,300,0,0,0,0,0
org.nsh07.pomodoro_34.apk,fastbot,3,60,0,0,0,0,0
org.nsh07.pomodoro_34.apk,fastbot,3,180,0,0,0,0,0
org.nsh07.pomodoro_34.apk,fastbot,3,300,0,0,0,0,0
org.nsh07.pomodoro_34.apk,qtesting,1,60,0,0,0,0,0
org.nsh07.pomodoro_34.apk,qtesting,1,180,0,0,0,0,0
org.nsh07.pomodoro_34.apk,qtesting,1,300,0,0,0,0,0
org.nsh07.pomodoro_34.apk,qtesting,2,60,0,0,0,0,0
org.nsh07.pomodoro_34.apk,qtesting,2,180,0,0,0,0,0
org.nsh07.pomodoro_34.apk,qtesting,2,300,0,0,0,0,0
org.nsh07.pomodoro_34.apk,qtesting,3,60,0,0,0,0,0
org.nsh07.pomodoro_34.apk,qtesting,3,180,0,0,0,0,0
org.nsh07.pomodoro_34.apk,qtesting,3,300,0,0,0,0,0
swati4star.createpdf_110.apk,monkey,1,60,0,0,0,0,0
swati4star.createpdf_110.apk,monkey,1,180,0,0,0,0,0
swati4star.createpdf_110.apk,monkey,1,300,0,0,0,0,0
swati4star.createpdf_110.apk,monkey,2,60,0,0,0,0,0
swati4star.createpdf_110.apk,monkey,2,180,0,0,0,0,0
swati4star.createpdf_110.apk,monkey,2,300,0,0,0,0,0
swati4star.createpdf_110.apk,monkey,3,60,0,0,0,0,0
swati4star.createpdf_110.apk,monkey,3,180,0,0,0,0,0
swati4star.createpdf_110.apk,monkey,3,300,0,0,0,0,0
swati4star.createpdf_110.apk,droidbot:dfs_greedy,1,60,0,0,0,0,0
swati4star.createpdf_110.apk,droidbot:dfs_greedy,1,180,0,0,0,0,0
swati4star.createpdf_110.apk,droidbot:dfs_greedy,1,300,0,0,0,0,0
swati4star.createpdf_110.apk,droidbot:dfs_greedy,2,60,0,0,0,0,0
swati4star.createpdf_110.apk,droidbot:dfs_greedy,2,180,0,0,0,0,0
swati4star.createpdf_110.apk,droidbot:dfs_greedy,2,300,0,0,0,0,0
swati4star.createpdf_110.apk,droidbot:dfs_greedy,3,60,0,0,0,0,0
swati4star.createpdf_110.apk,droidbot:dfs_greedy,3,180,0,0,0,0,0
swati4star.createpdf_110.apk,droidbot:dfs_greedy,3,300,0,0,0,0,0
swati4star.createpdf_110.apk,droidbot:bfs_greedy,1,60,0,0,0,0,0
swati4star.createpdf_110.apk,droidbot:bfs_greedy,1,180,0,0,0,0,0
swati4star.createpdf_110.apk,droidbot:bfs_greedy,1,300,0,0,0,0,0
swati4star.createpdf_110.apk,droidbot:bfs_greedy,2,60,0,0,0,0,0
swati4star.createpdf_110.apk,droidbot:bfs_greedy,2,300,0,0,0,0,0
swati4star.createpdf_110.apk,droidbot:bfs_greedy,3,60,0,0,0,0,0
swati4star.createpdf_110.apk,droidbot:bfs_greedy,3,180,0,0,0,0,0
swati4star.createpdf_110.apk,droidbot:bfs_greedy,3,300,0,0,0,0,0
swati4star.createpdf_110.apk,droidbot:dfs_naive,1,60,0,0,0,0,0
swati4star.createpdf_110.apk,droidbot:dfs_naive,1,180,0,0,0,0,0
swati4star.createpdf_110.apk,droidbot:dfs_naive,1,300,0,0,0,0,0
swati4star.createpdf_110.apk,droidbot:dfs_naive,2,60,0,0,0,0,0
swati4star.createpdf_110.apk,droidbot:dfs_naive,2,180,0,0,0,0,0
swati4star.createpdf_110.apk,droidbot:dfs_naive,2,300,0,0,0,0,0
swati4star.createpdf_110.apk,droidbot:dfs_naive,3,60,0,0,0,0,0
swati4star.createpdf_110.apk,droidbot:dfs_naive,3,180,0,0,0,0,0
swati4star.createpdf_110.apk,droidbot:dfs_naive,3,300,0,0,0,0,0
swati4star.createpdf_110.apk,droidbot:bfs_naive,1,60,0,0,0,0,0
swati4star.createpdf_110.apk,droidbot:bfs_naive,1,180,0,0,0,0,0
swati4star.createpdf_110.apk,droidbot:bfs_naive,1,300,0,0,0,0,0
swati4star.createpdf_110.apk,droidbot:bfs_naive,2,60,0,0,0,0,0
swati4star.createpdf_110.apk,droidbot:bfs_naive,2,180,0,0,0,0,0
swati4star.createpdf_110.apk,droidbot:bfs_naive,2,300,0,0,0,0,0
swati4star.createpdf_110.apk,droidbot:bfs_naive,3,60,0,0,0,0,0
swati4star.createpdf_110.apk,droidbot:bfs_naive,3,180,0,0,0,0,0
swati4star.createpdf_110.apk,droidbot:bfs_naive,3,300,0,0,0,0,0
swati4star.createpdf_110.apk,ape,1,60,0,0,0,0,0
swati4star.createpdf_110.apk,ape,1,180,0,0,0,0,0
swati4star.createpdf_110.apk,ape,1,300,0,0,0,0,0
swati4star.createpdf_110.apk,ape,2,60,0,0,0,0,0
swati4star.createpdf_110.apk,ape,2,180,0,0,0,0,0
swati4star.createpdf_110.apk,ape,2,300,0,0,0,0,0
swati4star.createpdf_110.apk,ape,3,60,0,0,0,0,0
swati4star.createpdf_110.apk,ape,3,180,0,0,0,0,0
swati4star.createpdf_110.apk,ape,3,300,0,0,0,0,0
swati4star.createpdf_110.apk,droidmate,1,60,0,0,0,0,0
swati4star.createpdf_110.apk,droidmate,1,180,0,0,0,0,0
swati4star.createpdf_110.apk,droidmate,1,300,0,0,0,0,0
swati4star.createpdf_110.apk,droidmate,2,60,0,0,0,0,0
swati4star.createpdf_110.apk,droidmate,2,180,0,0,0,0,0
swati4star.createpdf_110.apk,droidmate,2,300,0,0,0,0,0
swati4star.createpdf_110.apk,droidmate,3,60,0,0,0,0,0
swati4star.createpdf_110.apk,droidmate,3,180,0,0,0,0,0
swati4star.createpdf_110.apk,droidmate,3,300,0,0,0,0,0
swati4star.createpdf_110.apk,humanoid,1,60,0,0,0,0,0
swati4star.createpdf_110.apk,humanoid,1,180,0,0,0,0,0
swati4star.createpdf_110.apk,humanoid,1,300,0,0,0,0,0
swati4star.createpdf_110.apk,humanoid,2,60,0,0,0,0,0
swati4star.createpdf_110.apk,humanoid,2,180,0,0,0,0,0
swati4star.createpdf_110.apk,humanoid,2,300,0,0,0,0,0
swati4star.createpdf_110.apk,humanoid,3,60,0,0,0,0,0
swati4star.createpdf_110.apk,humanoid,3,180,0,0,0,0,0
swati4star.createpdf_110.apk,humanoid,3,300,0,0,0,0,0
swati4star.createpdf_110.apk,ares,1,60,0,0,0,0,0
swati4star.createpdf_110.apk,ares,1,180,0,0,0,0,0
swati4star.createpdf_110.apk,ares,1,300,0,0,0,0,0
swati4star.createpdf_110.apk,ares,2,60,0,0,0,0,0
swati4star.createpdf_110.apk,ares,2,180,0,0,0,0,0
swati4star.createpdf_110.apk,ares,2,300,0,0,0,0,0
swati4star.createpdf_110.apk,ares,3,60,0,0,0,0,0
swati4star.createpdf_110.apk,ares,3,180,0,0,0,0,0
swati4star.createpdf_110.apk,ares,3,300,0,0,0,0,0
swati4star.createpdf_110.apk,fastbot,1,60,0,0,0,0,0
swati4star.createpdf_110.apk,fastbot,1,180,0,0,0,0,0
swati4star.createpdf_110.apk,fastbot,1,300,0,0,0,0,0
swati4star.createpdf_110.apk,fastbot,2,60,0,0,0,0,0
swati4star.createpdf_110.apk,fastbot,2,180,0,0,0,0,0
swati4star.createpdf_110.apk,fastbot,2,300,0,0,0,0,0
swati4star.createpdf_110.apk,fastbot,3,60,0,0,0,0,0
swati4star.createpdf_110.apk,fastbot,3,180,0,0,0,0,0
swati4star.createpdf_110.apk,fastbot,3,300,0,0,0,0,0
swati4star.createpdf_110.apk,qtesting,1,60,0,0,0,0,0
swati4star.createpdf_110.apk,qtesting,1,180,0,0,0,0,0
swati4star.createpdf_110.apk,qtesting,1,300,0,0,0,0,0
swati4star.createpdf_110.apk,qtesting,2,60,0,0,0,0,0
swati4star.createpdf_110.apk,qtesting,2,180,0,0,0,0,0
swati4star.createpdf_110.apk,qtesting,2,300,0,0,0,0,0
swati4star.createpdf_110.apk,qtesting,3,60,0,0,0,0,0
swati4star.createpdf_110.apk,qtesting,3,180,0,0,0,0,0
swati4star.createpdf_110.apk,qtesting,3,300,0,0,0,0,0
swati4star.createpdf_110.apk,droidbot:bfs_greedy,2,180,0,0,0,0,0
be.digitalia.fosdem_2300230.apk,monkey,1,60,7,2,7,7,7.0
be.digitalia.fosdem_2300230.apk,monkey,1,180,7,2,7,7,7.0
be.digitalia.fosdem_2300230.apk,monkey,2,60,7,2,7,7,7.0
be.digitalia.fosdem_2300230.apk,droidbot:dfs_greedy,1,60,7,2,7,7,7.0
be.digitalia.fosdem_2300230.apk,droidbot:dfs_greedy,1,180,7,2,7,7,7.0
be.digitalia.fosdem_2300230.apk,droidbot:dfs_greedy,1,300,7,2,7,7,7.0
be.digitalia.fosdem_2300230.apk,droidbot:dfs_greedy,2,60,7,2,7,7,7.0
be.digitalia.fosdem_2300230.apk,droidbot:dfs_greedy,2,180,7,2,7,7,7.0
be.digitalia.fosdem_2300230.apk,droidbot:dfs_greedy,2,300,7,2,7,7,7.0
be.digitalia.fosdem_2300230.apk,droidbot:dfs_greedy,3,60,7,2,7,7,7.0
be.digitalia.fosdem_2300230.apk,droidbot:dfs_greedy,3,180,7,2,7,7,7.0
be.digitalia.fosdem_2300230.apk,droidbot:dfs_greedy,3,300,7,2,7,7,7.0
be.digitalia.fosdem_2300230.apk,droidbot:bfs_greedy,1,60,7,2,7,7,7.0
be.digitalia.fosdem_2300230.apk,droidbot:bfs_greedy,1,180,7,2,7,7,7.0
be.digitalia.fosdem_2300230.apk,droidbot:bfs_greedy,1,300,7,2,7,7,7.0
be.digitalia.fosdem_2300230.apk,droidbot:bfs_greedy,2,60,7,2,7,7,7.0
be.digitalia.fosdem_2300230.apk,droidbot:bfs_greedy,2,180,0,0,0,0,0
be.digitalia.fosdem_2300230.apk,droidbot:bfs_greedy,2,300,7,2,7,7,7.0
be.digitalia.fosdem_2300230.apk,droidbot:bfs_greedy,3,60,7,2,7,7,7.0
be.digitalia.fosdem_2300230.apk,droidbot:bfs_greedy,3,180,7,2,7,7,7.0
be.digitalia.fosdem_2300230.apk,droidbot:bfs_greedy,3,300,7,2,7,7,7.0
be.digitalia.fosdem_2300230.apk,droidbot:dfs_naive,1,60,7,2,7,7,7.0
be.digitalia.fosdem_2300230.apk,droidbot:dfs_naive,1,180,7,2,7,7,7.0
be.digitalia.fosdem_2300230.apk,droidbot:dfs_naive,1,300,7,2,7,7,7.0
be.digitalia.fosdem_2300230.apk,droidbot:dfs_naive,2,60,7,2,7,7,7.0
be.digitalia.fosdem_2300230.apk,droidbot:dfs_naive,2,180,7,2,7,7,7.0
be.digitalia.fosdem_2300230.apk,droidbot:dfs_naive,2,300,7,2,7,7,7.0
be.digitalia.fosdem_2300230.apk,droidbot:dfs_naive,3,60,7,2,7,7,7.0
be.digitalia.fosdem_2300230.apk,droidbot:dfs_naive,3,180,7,2,7,7,7.0
be.digitalia.fosdem_2300230.apk,droidbot:dfs_naive,3,300,7,2,7,7,7.0
be.digitalia.fosdem_2300230.apk,droidbot:bfs_naive,1,60,7,2,7,7,7.0
be.digitalia.fosdem_2300230.apk,droidbot:bfs_naive,1,180,7,2,7,7,7.0
be.digitalia.fosdem_2300230.apk,droidbot:bfs_naive,1,300,7,2,7,7,7.0
be.digitalia.fosdem_2300230.apk,droidbot:bfs_naive,2,60,7,2,7,7,7.0
be.digitalia.fosdem_2300230.apk,droidbot:bfs_naive,2,180,7,2,7,7,7.0
be.digitalia.fosdem_2300230.apk,droidbot:bfs_naive,2,300,7,2,7,7,7.0
be.digitalia.fosdem_2300230.apk,droidbot:bfs_naive,3,60,7,2,7,7,7.0
be.digitalia.fosdem_2300230.apk,droidbot:bfs_naive,3,180,7,2,7,7,7.0
be.digitalia.fosdem_2300230.apk,droidbot:bfs_naive,3,300,7,2,7,7,7.0
be.digitalia.fosdem_2300230.apk,ape,1,60,7,2,7,7,7.0
be.digitalia.fosdem_2300230.apk,ape,1,180,7,2,7,7,7.0
be.digitalia.fosdem_2300230.apk,ape,1,300,7,2,7,7,7.0
be.digitalia.fosdem_2300230.apk,ape,2,60,7,2,7,7,7.0
be.digitalia.fosdem_2300230.apk,ape,2,180,7,2,7,7,7.0
be.digitalia.fosdem_2300230.apk,ape,2,300,14,2,7,7,7.0
be.digitalia.fosdem_2300230.apk,ape,3,60,7,2,7,7,7.0
be.digitalia.fosdem_2300230.apk,ape,3,180,7,2,7,7,7.0
be.digitalia.fosdem_2300230.apk,ape,3,300,14,2,7,7,7.0
be.digitalia.fosdem_2300230.apk,droidmate,1,60,7,2,7,7,7.0
be.digitalia.fosdem_2300230.apk,droidmate,1,180,14,2,7,7,7.0
be.digitalia.fosdem_2300230.apk,droidmate,1,300,14,2,7,7,7.0
be.digitalia.fosdem_2300230.apk,droidmate,2,60,7,2,7,7,7.0
be.digitalia.fosdem_2300230.apk,droidmate,2,180,14,2,7,7,7.0
be.digitalia.fosdem_2300230.apk,droidmate,2,300,14,2,7,7,7.0
be.digitalia.fosdem_2300230.apk,droidmate,3,60,7,2,7,7,7.0
be.digitalia.fosdem_2300230.apk,droidmate,3,180,14,2,7,7,7.0
be.digitalia.fosdem_2300230.apk,droidmate,3,300,14,2,7,7,7.0
be.digitalia.fosdem_2300230.apk,humanoid,1,60,7,2,7,7,7.0
be.digitalia.fosdem_2300230.apk,humanoid,1,180,7,2,7,7,7.0
be.digitalia.fosdem_2300230.apk,humanoid,1,300,7,2,7,7,7.0
be.digitalia.fosdem_2300230.apk,humanoid,2,60,7,2,7,7,7.0
be.digitalia.fosdem_2300230.apk,humanoid,2,180,7,2,7,7,7.0
be.digitalia.fosdem_2300230.apk,humanoid,2,300,7,2,7,7,7.0
be.digitalia.fosdem_2300230.apk,humanoid,3,60,7,2,7,7,7.0
be.digitalia.fosdem_2300230.apk,humanoid,3,180,7,2,7,7,7.0
be.digitalia.fosdem_2300230.apk,humanoid,3,300,7,2,7,7,7.0
be.digitalia.fosdem_2300230.apk,ares,1,60,14,2,7,7,7.0
be.digitalia.fosdem_2300230.apk,ares,1,180,14,2,7,7,7.0
be.digitalia.fosdem_2300230.apk,ares,1,300,14,2,7,7,7.0
be.digitalia.fosdem_2300230.apk,ares,2,60,14,2,7,7,7.0
be.digitalia.fosdem_2300230.apk,ares,2,180,14,2,7,7,7.0
be.digitalia.fosdem_2300230.apk,ares,2,300,14,2,7,7,7.0
be.digitalia.fosdem_2300230.apk,ares,3,60,14,2,7,7,7.0
be.digitalia.fosdem_2300230.apk,ares,3,180,14,2,7,7,7.0
be.digitalia.fosdem_2300230.apk,ares,3,300,14,2,7,7,7.0
be.digitalia.fosdem_2300230.apk,fastbot,1,60,7,2,7,7,7.0
be.digitalia.fosdem_2300230.apk,fastbot,1,180,7,2,7,7,7.0
be.digitalia.fosdem_2300230.apk,fastbot,1,300,7,2,7,7,7.0
be.digitalia.fosdem_2300230.apk,fastbot,2,60,7,2,7,7,7.0
be.digitalia.fosdem_2300230.apk,fastbot,2,180,7,2,7,7,7.0
be.digitalia.fosdem_2300230.apk,fastbot,2,300,7,2,7,7,7.0
be.digitalia.fosdem_2300230.apk,fastbot,3,60,7,2,7,7,7.0
be.digitalia.fosdem_2300230.apk,fastbot,3,180,7,2,7,7,7.0
be.digitalia.fosdem_2300230.apk,fastbot,3,300,7,2,7,7,7.0
be.digitalia.fosdem_2300230.apk,qtesting,1,60,14,2,7,7,7.0
be.digitalia.fosdem_2300230.apk,qtesting,1,180,28,2,7,7,7.0
be.digitalia.fosdem_2300230.apk,qtesting,1,300,63,2,7,7,7.0
be.digitalia.fosdem_2300230.apk,qtesting,2,60,14,2,7,7,7.0
be.digitalia.fosdem_2300230.apk,qtesting,2,180,35,2,7,7,7.0
be.digitalia.fosdem_2300230.apk,qtesting,2,300,56,2,7,7,7.0
be.digitalia.fosdem_2300230.apk,qtesting,3,60,14,2,7,7,7.0
be.digitalia.fosdem_2300230.apk,qtesting,3,180,14,2,7,7,7.0
be.digitalia.fosdem_2300230.apk,qtesting,3,300,56,2,7,7,7.0
com.apps.adrcotfas.goodtime_348.apk,monkey,1,60,0,0,0,0,0
com.apps.adrcotfas.goodtime_348.apk,monkey,2,60,0,0,0,0,0
com.apps.adrcotfas.goodtime_348.apk,monkey,2,180,0,0,0,0,0
com.apps.adrcotfas.goodtime_348.apk,monkey,3,60,0,0,0,0,0
com.apps.adrcotfas.goodtime_348.apk,droidbot:dfs_greedy,1,60,0,0,0,0,0
com.apps.adrcotfas.goodtime_348.apk,droidbot:dfs_greedy,1,180,0,0,0,0,0
com.apps.adrcotfas.goodtime_348.apk,droidbot:dfs_greedy,1,300,0,0,0,0,0
com.apps.adrcotfas.goodtime_348.apk,droidbot:dfs_greedy,2,60,0,0,0,0,0
com.apps.adrcotfas.goodtime_348.apk,droidbot:dfs_greedy,2,180,0,0,0,0,0
com.apps.adrcotfas.goodtime_348.apk,droidbot:dfs_greedy,2,300,0,0,0,0,0
com.apps.adrcotfas.goodtime_348.apk,droidbot:dfs_greedy,3,60,0,0,0,0,0
com.apps.adrcotfas.goodtime_348.apk,droidbot:dfs_greedy,3,180,0,0,0,0,0
com.apps.adrcotfas.goodtime_348.apk,droidbot:dfs_greedy,3,300,0,0,0,0,0
com.apps.adrcotfas.goodtime_348.apk,droidbot:bfs_greedy,1,60,0,0,0,0,0
com.apps.adrcotfas.goodtime_348.apk,droidbot:bfs_greedy,1,180,0,0,0,0,0
com.apps.adrcotfas.goodtime_348.apk,droidbot:bfs_greedy,1,300,0,0,0,0,0
com.apps.adrcotfas.goodtime_348.apk,droidbot:bfs_greedy,2,60,0,0,0,0,0
com.apps.adrcotfas.goodtime_348.apk,droidbot:bfs_greedy,2,180,0,0,0,0,0
com.apps.adrcotfas.goodtime_348.apk,droidbot:bfs_greedy,2,300,0,0,0,0,0
com.apps.adrcotfas.goodtime_348.apk,droidbot:bfs_greedy,3,60,0,0,0,0,0
com.apps.adrcotfas.goodtime_348.apk,droidbot:bfs_greedy,3,180,0,0,0,0,0
com.apps.adrcotfas.goodtime_348.apk,droidbot:bfs_greedy,3,300,0,0,0,0,0
com.apps.adrcotfas.goodtime_348.apk,droidbot:dfs_naive,1,60,0,0,0,0,0
com.apps.adrcotfas.goodtime_348.apk,droidbot:dfs_naive,1,180,0,0,0,0,0
com.apps.adrcotfas.goodtime_348.apk,droidbot:dfs_naive,1,300,0,0,0,0,0
com.apps.adrcotfas.goodtime_348.apk,droidbot:dfs_naive,2,60,0,0,0,0,0
com.apps.adrcotfas.goodtime_348.apk,droidbot:dfs_naive,2,180,0,0,0,0,0
com.apps.adrcotfas.goodtime_348.apk,droidbot:dfs_naive,2,300,0,0,0,0,0
com.apps.adrcotfas.goodtime_348.apk,droidbot:dfs_naive,3,60,0,0,0,0,0
com.apps.adrcotfas.goodtime_348.apk,droidbot:dfs_naive,3,300,0,0,0,0,0
com.apps.adrcotfas.goodtime_348.apk,droidbot:bfs_naive,1,60,0,0,0,0,0
com.apps.adrcotfas.goodtime_348.apk,droidbot:bfs_naive,1,180,0,0,0,0,0
com.apps.adrcotfas.goodtime_348.apk,droidbot:bfs_naive,1,300,0,0,0,0,0
com.apps.adrcotfas.goodtime_348.apk,droidbot:bfs_naive,2,60,0,0,0,0,0
com.apps.adrcotfas.goodtime_348.apk,droidbot:bfs_naive,2,180,0,0,0,0,0
com.apps.adrcotfas.goodtime_348.apk,droidbot:bfs_naive,2,300,0,0,0,0,0
com.apps.adrcotfas.goodtime_348.apk,droidbot:bfs_naive,3,60,0,0,0,0,0
com.apps.adrcotfas.goodtime_348.apk,droidbot:bfs_naive,3,180,0,0,0,0,0
com.apps.adrcotfas.goodtime_348.apk,droidbot:bfs_naive,3,300,0,0,0,0,0
com.apps.adrcotfas.goodtime_348.apk,ape,1,60,0,0,0,0,0
com.apps.adrcotfas.goodtime_348.apk,ape,1,180,0,0,0,0,0
com.apps.adrcotfas.goodtime_348.apk,ape,1,300,0,0,0,0,0
com.apps.adrcotfas.goodtime_348.apk,ape,2,60,0,0,0,0,0
com.apps.adrcotfas.goodtime_348.apk,ape,2,180,0,0,0,0,0
com.apps.adrcotfas.goodtime_348.apk,ape,2,300,0,0,0,0,0
com.apps.adrcotfas.goodtime_348.apk,ape,3,60,0,0,0,0,0
com.apps.adrcotfas.goodtime_348.apk,ape,3,180,0,0,0,0,0
com.apps.adrcotfas.goodtime_348.apk,ape,3,300,0,0,0,0,0
com.apps.adrcotfas.goodtime_348.apk,droidmate,1,60,0,0,0,0,0
com.apps.adrcotfas.goodtime_348.apk,droidmate,1,180,0,0,0,0,0
com.apps.adrcotfas.goodtime_348.apk,droidmate,1,300,0,0,0,0,0
com.apps.adrcotfas.goodtime_348.apk,droidmate,2,60,0,0,0,0,0
com.apps.adrcotfas.goodtime_348.apk,droidmate,2,180,0,0,0,0,0
com.apps.adrcotfas.goodtime_348.apk,droidmate,2,300,0,0,0,0,0
com.apps.adrcotfas.goodtime_348.apk,droidmate,3,60,0,0,0,0,0
com.apps.adrcotfas.goodtime_348.apk,droidmate,3,180,0,0,0,0,0
com.apps.adrcotfas.goodtime_348.apk,droidmate,3,300,0,0,0,0,0
com.apps.adrcotfas.goodtime_348.apk,humanoid,1,60,0,0,0,0,0
com.apps.adrcotfas.goodtime_348.apk,humanoid,1,180,0,0,0,0,0
com.apps.adrcotfas.goodtime_348.apk,humanoid,1,300,0,0,0,0,0
com.apps.adrcotfas.goodtime_348.apk,humanoid,2,60,0,0,0,0,0
com.apps.adrcotfas.goodtime_348.apk,humanoid,2,180,0,0,0,0,0
com.apps.adrcotfas.goodtime_348.apk,humanoid,2,300,0,0,0,0,0
com.apps.adrcotfas.goodtime_348.apk,humanoid,3,60,0,0,0,0,0
com.apps.adrcotfas.goodtime_348.apk,humanoid,3,180,0,0,0,0,0
com.apps.adrcotfas.goodtime_348.apk,humanoid,3,300,0,0,0,0,0
com.apps.adrcotfas.goodtime_348.apk,ares,1,60,0,0,0,0,0
com.apps.adrcotfas.goodtime_348.apk,ares,1,180,0,0,0,0,0
com.apps.adrcotfas.goodtime_348.apk,ares,1,300,0,0,0,0,0
com.apps.adrcotfas.goodtime_348.apk,ares,2,60,0,0,0,0,0
com.apps.adrcotfas.goodtime_348.apk,ares,2,180,0,0,0,0,0
com.apps.adrcotfas.goodtime_348.apk,ares,2,300,0,0,0,0,0
com.apps.adrcotfas.goodtime_348.apk,ares,3,60,0,0,0,0,0
com.apps.adrcotfas.goodtime_348.apk,ares,3,180,0,0,0,0,0
com.apps.adrcotfas.goodtime_348.apk,ares,3,300,0,0,0,0,0
com.apps.adrcotfas.goodtime_348.apk,fastbot,1,60,0,0,0,0,0
com.apps.adrcotfas.goodtime_348.apk,fastbot,1,180,0,0,0,0,0
com.apps.adrcotfas.goodtime_348.apk,fastbot,1,300,0,0,0,0,0
com.apps.adrcotfas.goodtime_348.apk,fastbot,2,60,0,0,0,0,0
com.apps.adrcotfas.goodtime_348.apk,fastbot,2,180,0,0,0,0,0
com.apps.adrcotfas.goodtime_348.apk,fastbot,2,300,0,0,0,0,0
com.apps.adrcotfas.goodtime_348.apk,fastbot,3,60,0,0,0,0,0
com.apps.adrcotfas.goodtime_348.apk,fastbot,3,180,0,0,0,0,0
com.apps.adrcotfas.goodtime_348.apk,fastbot,3,300,0,0,0,0,0
com.apps.adrcotfas.goodtime_348.apk,qtesting,1,60,0,0,0,0,0
com.apps.adrcotfas.goodtime_348.apk,qtesting,1,180,0,0,0,0,0
com.apps.adrcotfas.goodtime_348.apk,qtesting,1,300,0,0,0,0,0
com.apps.adrcotfas.goodtime_348.apk,qtesting,2,60,0,0,0,0,0
com.apps.adrcotfas.goodtime_348.apk,qtesting,2,180,0,0,0,0,0
com.apps.adrcotfas.goodtime_348.apk,qtesting,2,300,0,0,0,0,0
com.apps.adrcotfas.goodtime_348.apk,qtesting,3,60,0,0,0,0,0
com.apps.adrcotfas.goodtime_348.apk,qtesting,3,180,0,0,0,0,0
com.apps.adrcotfas.goodtime_348.apk,qtesting,3,300,0,0,0,0,0
com.defname.localshare_14.apk,monkey,3,60,0,0,0,0,0
com.defname.localshare_14.apk,monkey,3,180,0,0,0,0,0
com.defname.localshare_14.apk,droidbot:dfs_greedy,1,60,0,0,0,0,0
com.defname.localshare_14.apk,droidbot:dfs_greedy,1,180,0,0,0,0,0
com.defname.localshare_14.apk,droidbot:dfs_greedy,1,300,0,0,0,0,0
com.defname.localshare_14.apk,droidbot:dfs_greedy,2,60,0,0,0,0,0
com.defname.localshare_14.apk,droidbot:dfs_greedy,2,180,0,0,0,0,0
com.defname.localshare_14.apk,droidbot:dfs_greedy,2,300,0,0,0,0,0
com.defname.localshare_14.apk,droidbot:dfs_greedy,3,60,0,0,0,0,0
com.defname.localshare_14.apk,droidbot:dfs_greedy,3,180,0,0,0,0,0
com.defname.localshare_14.apk,droidbot:dfs_greedy,3,300,0,0,0,0,0
com.defname.localshare_14.apk,droidbot:bfs_greedy,1,60,0,0,0,0,0
com.defname.localshare_14.apk,droidbot:bfs_greedy,1,180,0,0,0,0,0
com.defname.localshare_14.apk,droidbot:bfs_greedy,1,300,0,0,0,0,0
com.defname.localshare_14.apk,droidbot:bfs_greedy,2,60,0,0,0,0,0
com.defname.localshare_14.apk,droidbot:bfs_greedy,2,180,0,0,0,0,0
com.defname.localshare_14.apk,droidbot:bfs_greedy,2,300,0,0,0,0,0
com.defname.localshare_14.apk,droidbot:bfs_greedy,3,60,0,0,0,0,0
com.defname.localshare_14.apk,droidbot:bfs_greedy,3,180,0,0,0,0,0
com.defname.localshare_14.apk,droidbot:bfs_greedy,3,300,0,0,0,0,0
com.defname.localshare_14.apk,droidbot:dfs_naive,1,60,0,0,0,0,0
com.defname.localshare_14.apk,droidbot:dfs_naive,1,180,0,0,0,0,0
com.defname.localshare_14.apk,droidbot:dfs_naive,1,300,0,0,0,0,0
com.defname.localshare_14.apk,droidbot:dfs_naive,2,60,0,0,0,0,0
com.defname.localshare_14.apk,droidbot:dfs_naive,2,180,0,0,0,0,0
com.defname.localshare_14.apk,droidbot:dfs_naive,2,300,0,0,0,0,0
com.defname.localshare_14.apk,droidbot:dfs_naive,3,60,0,0,0,0,0
com.defname.localshare_14.apk,droidbot:dfs_naive,3,180,0,0,0,0,0
com.defname.localshare_14.apk,droidbot:dfs_naive,3,300,0,0,0,0,0
com.defname.localshare_14.apk,droidbot:bfs_naive,1,60,0,0,0,0,0
com.defname.localshare_14.apk,droidbot:bfs_naive,1,180,0,0,0,0,0
com.defname.localshare_14.apk,droidbot:bfs_naive,1,300,0,0,0,0,0
com.defname.localshare_14.apk,droidbot:bfs_naive,2,60,0,0,0,0,0
com.defname.localshare_14.apk,droidbot:bfs_naive,2,180,0,0,0,0,0
com.defname.localshare_14.apk,droidbot:bfs_naive,2,300,0,0,0,0,0
com.defname.localshare_14.apk,droidbot:bfs_naive,3,60,0,0,0,0,0
com.defname.localshare_14.apk,droidbot:bfs_naive,3,180,0,0,0,0,0
com.defname.localshare_14.apk,droidbot:bfs_naive,3,300,0,0,0,0,0
com.defname.localshare_14.apk,ape,1,60,0,0,0,0,0
com.defname.localshare_14.apk,ape,1,180,0,0,0,0,0
com.defname.localshare_14.apk,ape,1,300,0,0,0,0,0
com.defname.localshare_14.apk,ape,2,60,0,0,0,0,0
com.defname.localshare_14.apk,ape,2,180,0,0,0,0,0
com.defname.localshare_14.apk,ape,2,300,0,0,0,0,0
com.defname.localshare_14.apk,ape,3,60,0,0,0,0,0
com.defname.localshare_14.apk,ape,3,180,0,0,0,0,0
com.defname.localshare_14.apk,ape,3,300,0,0,0,0,0
com.defname.localshare_14.apk,droidmate,1,60,0,0,0,0,0
be.digitalia.fosdem_2300230.apk,monkey,1,300,7,2,7,7,7.0
be.digitalia.fosdem_2300230.apk,monkey,2,180,7,2,7,7,7.0
be.digitalia.fosdem_2300230.apk,monkey,3,60,7,2,7,7,7.0
com.apps.adrcotfas.goodtime_348.apk,monkey,3,180,0,0,0,0,0
com.apps.adrcotfas.goodtime_348.apk,droidbot:dfs_naive,3,180,0,0,0,0,0
com.defname.localshare_14.apk,monkey,3,300,0,0,0,0,0
com.defname.localshare_14.apk,droidmate,1,180,0,0,0,0,0
com.defname.localshare_14.apk,droidmate,1,300,0,0,0,0,0
com.defname.localshare_14.apk,droidmate,2,60,0,0,0,0,0
com.defname.localshare_14.apk,droidmate,2,180,0,0,0,0,0
com.defname.localshare_14.apk,droidmate,2,300,0,0,0,0,0
com.defname.localshare_14.apk,droidmate,3,60,0,0,0,0,0
com.defname.localshare_14.apk,droidmate,3,180,0,0,0,0,0
com.defname.localshare_14.apk,droidmate,3,300,0,0,0,0,0
com.defname.localshare_14.apk,humanoid,1,60,0,0,0,0,0
com.defname.localshare_14.apk,humanoid,1,180,0,0,0,0,0
com.defname.localshare_14.apk,humanoid,1,300,0,0,0,0,0
com.defname.localshare_14.apk,humanoid,2,60,0,0,0,0,0
com.defname.localshare_14.apk,humanoid,2,180,0,0,0,0,0
com.defname.localshare_14.apk,humanoid,2,300,0,0,0,0,0
com.defname.localshare_14.apk,humanoid,3,60,0,0,0,0,0
com.defname.localshare_14.apk,humanoid,3,180,0,0,0,0,0
com.defname.localshare_14.apk,humanoid,3,300,0,0,0,0,0
com.defname.localshare_14.apk,ares,1,60,0,0,0,0,0
com.defname.localshare_14.apk,ares,1,180,0,0,0,0,0
com.defname.localshare_14.apk,ares,1,300,0,0,0,0,0
com.defname.localshare_14.apk,ares,2,60,0,0,0,0,0
com.defname.localshare_14.apk,ares,2,180,0,0,0,0,0
com.defname.localshare_14.apk,ares,2,300,0,0,0,0,0
com.defname.localshare_14.apk,ares,3,60,0,0,0,0,0
com.defname.localshare_14.apk,ares,3,180,0,0,0,0,0
com.defname.localshare_14.apk,ares,3,300,0,0,0,0,0
com.defname.localshare_14.apk,fastbot,1,60,0,0,0,0,0
com.defname.localshare_14.apk,fastbot,1,180,0,0,0,0,0
com.defname.localshare_14.apk,fastbot,1,300,0,0,0,0,0
com.defname.localshare_14.apk,fastbot,2,60,0,0,0,0,0
com.defname.localshare_14.apk,fastbot,2,180,0,0,0,0,0
com.defname.localshare_14.apk,fastbot,2,300,0,0,0,0,0
com.defname.localshare_14.apk,fastbot,3,60,0,0,0,0,0
com.defname.localshare_14.apk,fastbot,3,180,0,0,0,0,0
com.defname.localshare_14.apk,fastbot,3,300,0,0,0,0,0
com.defname.localshare_14.apk,qtesting,1,60,0,0,0,0,0
com.defname.localshare_14.apk,qtesting,1,180,0,0,0,0,0
com.defname.localshare_14.apk,qtesting,1,300,0,0,0,0,0
com.defname.localshare_14.apk,qtesting,2,60,0,0,0,0,0
com.defname.localshare_14.apk,qtesting,2,180,0,0,0,0,0
com.defname.localshare_14.apk,qtesting,2,300,0,0,0,0,0
com.defname.localshare_14.apk,qtesting,3,60,0,0,0,0,0
com.defname.localshare_14.apk,qtesting,3,180,0,0,0,0,0
com.defname.localshare_14.apk,qtesting,3,300,0,0,0,0,0
com.fredhappyface.ewesticker_20250217.apk,monkey,1,60,0,0,0,0,0
com.fredhappyface.ewesticker_20250217.apk,droidbot:dfs_greedy,1,60,0,0,0,0,0
com.fredhappyface.ewesticker_20250217.apk,droidbot:dfs_greedy,1,180,0,0,0,0,0
com.fredhappyface.ewesticker_20250217.apk,droidbot:dfs_greedy,1,300,0,0,0,0,0
com.fredhappyface.ewesticker_20250217.apk,droidbot:dfs_greedy,2,60,0,0,0,0,0
com.fredhappyface.ewesticker_20250217.apk,droidbot:dfs_greedy,2,180,0,0,0,0,0
com.fredhappyface.ewesticker_20250217.apk,droidbot:dfs_greedy,2,300,0,0,0,0,0
com.fredhappyface.ewesticker_20250217.apk,droidbot:dfs_greedy,3,60,0,0,0,0,0
com.fredhappyface.ewesticker_20250217.apk,droidbot:dfs_greedy,3,180,0,0,0,0,0
com.fredhappyface.ewesticker_20250217.apk,droidbot:dfs_greedy,3,300,0,0,0,0,0
com.fredhappyface.ewesticker_20250217.apk,droidbot:bfs_greedy,1,60,0,0,0,0,0
com.fredhappyface.ewesticker_20250217.apk,droidbot:bfs_greedy,1,180,0,0,0,0,0
com.fredhappyface.ewesticker_20250217.apk,droidbot:bfs_greedy,1,300,0,0,0,0,0
com.fredhappyface.ewesticker_20250217.apk,droidbot:bfs_greedy,2,60,0,0,0,0,0
com.fredhappyface.ewesticker_20250217.apk,droidbot:bfs_greedy,2,180,0,0,0,0,0
com.fredhappyface.ewesticker_20250217.apk,droidbot:bfs_greedy,2,300,0,0,0,0,0
com.fredhappyface.ewesticker_20250217.apk,droidbot:bfs_greedy,3,60,0,0,0,0,0
com.fredhappyface.ewesticker_20250217.apk,droidbot:bfs_greedy,3,180,0,0,0,0,0
com.fredhappyface.ewesticker_20250217.apk,droidbot:bfs_greedy,3,300,0,0,0,0,0
com.fredhappyface.ewesticker_20250217.apk,droidbot:dfs_naive,1,60,0,0,0,0,0
com.fredhappyface.ewesticker_20250217.apk,droidbot:dfs_naive,1,180,0,0,0,0,0
com.fredhappyface.ewesticker_20250217.apk,droidbot:dfs_naive,1,300,0,0,0,0,0
com.fredhappyface.ewesticker_20250217.apk,droidbot:dfs_naive,2,60,0,0,0,0,0
com.fredhappyface.ewesticker_20250217.apk,droidbot:dfs_naive,2,180,0,0,0,0,0
com.fredhappyface.ewesticker_20250217.apk,droidbot:dfs_naive,2,300,0,0,0,0,0
com.fredhappyface.ewesticker_20250217.apk,droidbot:dfs_naive,3,60,0,0,0,0,0
com.fredhappyface.ewesticker_20250217.apk,droidbot:dfs_naive,3,180,0,0,0,0,0
com.fredhappyface.ewesticker_20250217.apk,droidbot:dfs_naive,3,300,0,0,0,0,0
com.fredhappyface.ewesticker_20250217.apk,droidbot:bfs_naive,1,60,0,0,0,0,0
com.fredhappyface.ewesticker_20250217.apk,droidbot:bfs_naive,1,180,0,0,0,0,0
com.fredhappyface.ewesticker_20250217.apk,droidbot:bfs_naive,1,300,0,0,0,0,0
com.fredhappyface.ewesticker_20250217.apk,droidbot:bfs_naive,2,60,0,0,0,0,0
com.fredhappyface.ewesticker_20250217.apk,droidbot:bfs_naive,2,180,0,0,0,0,0
com.fredhappyface.ewesticker_20250217.apk,droidbot:bfs_naive,2,300,0,0,0,0,0
com.fredhappyface.ewesticker_20250217.apk,droidbot:bfs_naive,3,60,0,0,0,0,0
com.fredhappyface.ewesticker_20250217.apk,droidbot:bfs_naive,3,180,0,0,0,0,0
com.fredhappyface.ewesticker_20250217.apk,droidbot:bfs_naive,3,300,0,0,0,0,0
com.fredhappyface.ewesticker_20250217.apk,ape,1,60,0,0,0,0,0
com.fredhappyface.ewesticker_20250217.apk,ape,1,300,0,0,0,0,0
com.fredhappyface.ewesticker_20250217.apk,ape,2,60,0,0,0,0,0
com.fredhappyface.ewesticker_20250217.apk,ape,2,180,0,0,0,0,0
com.fredhappyface.ewesticker_20250217.apk,ape,2,300,0,0,0,0,0
com.fredhappyface.ewesticker_20250217.apk,ape,3,60,0,0,0,0,0
com.fredhappyface.ewesticker_20250217.apk,ape,3,180,0,0,0,0,0
com.fredhappyface.ewesticker_20250217.apk,ape,3,300,0,0,0,0,0
com.fredhappyface.ewesticker_20250217.apk,droidmate,1,60,0,0,0,0,0
com.fredhappyface.ewesticker_20250217.apk,droidmate,1,180,0,0,0,0,0
com.fredhappyface.ewesticker_20250217.apk,droidmate,1,300,0,0,0,0,0
com.fredhappyface.ewesticker_20250217.apk,droidmate,2,60,0,0,0,0,0
com.fredhappyface.ewesticker_20250217.apk,droidmate,2,180,0,0,0,0,0
com.fredhappyface.ewesticker_20250217.apk,droidmate,2,300,0,0,0,0,0
com.fredhappyface.ewesticker_20250217.apk,droidmate,3,60,0,0,0,0,0
com.fredhappyface.ewesticker_20250217.apk,droidmate,3,180,0,0,0,0,0
com.fredhappyface.ewesticker_20250217.apk,droidmate,3,300,0,0,0,0,0
com.fredhappyface.ewesticker_20250217.apk,humanoid,1,60,0,0,0,0,0
com.fredhappyface.ewesticker_20250217.apk,humanoid,1,180,0,0,0,0,0
com.fredhappyface.ewesticker_20250217.apk,humanoid,1,300,0,0,0,0,0
com.fredhappyface.ewesticker_20250217.apk,humanoid,2,60,0,0,0,0,0
com.fredhappyface.ewesticker_20250217.apk,humanoid,2,180,0,0,0,0,0
com.fredhappyface.ewesticker_20250217.apk,humanoid,2,300,0,0,0,0,0
com.fredhappyface.ewesticker_20250217.apk,humanoid,3,60,0,0,0,0,0
com.fredhappyface.ewesticker_20250217.apk,humanoid,3,180,0,0,0,0,0
com.fredhappyface.ewesticker_20250217.apk,humanoid,3,300,0,0,0,0,0
com.fredhappyface.ewesticker_20250217.apk,ares,1,60,0,0,0,0,0
com.fredhappyface.ewesticker_20250217.apk,ares,1,180,0,0,0,0,0
com.fredhappyface.ewesticker_20250217.apk,ares,1,300,0,0,0,0,0
com.fredhappyface.ewesticker_20250217.apk,ares,2,60,0,0,0,0,0
com.fredhappyface.ewesticker_20250217.apk,ares,2,180,0,0,0,0,0
com.fredhappyface.ewesticker_20250217.apk,ares,2,300,0,0,0,0,0
com.fredhappyface.ewesticker_20250217.apk,ares,3,60,0,0,0,0,0
com.fredhappyface.ewesticker_20250217.apk,ares,3,180,0,0,0,0,0
com.fredhappyface.ewesticker_20250217.apk,ares,3,300,0,0,0,0,0
com.fredhappyface.ewesticker_20250217.apk,fastbot,1,60,0,0,0,0,0
com.fredhappyface.ewesticker_20250217.apk,fastbot,1,180,0,0,0,0,0
com.fredhappyface.ewesticker_20250217.apk,fastbot,1,300,0,0,0,0,0
com.fredhappyface.ewesticker_20250217.apk,fastbot,2,60,0,0,0,0,0
com.fredhappyface.ewesticker_20250217.apk,fastbot,2,180,0,0,0,0,0
com.fredhappyface.ewesticker_20250217.apk,fastbot,2,300,0,0,0,0,0
com.fredhappyface.ewesticker_20250217.apk,fastbot,3,60,0,0,0,0,0
be.digitalia.fosdem_2300230.apk,monkey,2,300,7,2,7,7,7.0
be.digitalia.fosdem_2300230.apk,monkey,3,180,7,2,7,7,7.0
be.digitalia.fosdem_2300230.apk,monkey,3,300,7,2,7,7,7.0
com.apps.adrcotfas.goodtime_348.apk,monkey,1,180,0,0,0,0,0
com.apps.adrcotfas.goodtime_348.apk,monkey,1,300,0,0,0,0,0
com.apps.adrcotfas.goodtime_348.apk,monkey,3,300,0,0,0,0,0
com.defname.localshare_14.apk,monkey,1,60,0,0,0,0,0
com.defname.localshare_14.apk,monkey,1,180,0,0,0,0,0
com.defname.localshare_14.apk,monkey,1,300,0,0,0,0,0
com.defname.localshare_14.apk,monkey,2,180,0,0,0,0,0
com.defname.localshare_14.apk,monkey,2,300,0,0,0,0,0
com.fredhappyface.ewesticker_20250217.apk,monkey,1,180,0,0,0,0,0
com.fredhappyface.ewesticker_20250217.apk,monkey,1,300,0,0,0,0,0
com.fredhappyface.ewesticker_20250217.apk,monkey,2,60,0,0,0,0,0
com.fredhappyface.ewesticker_20250217.apk,monkey,2,180,0,0,0,0,0
com.fredhappyface.ewesticker_20250217.apk,monkey,2,300,0,0,0,0,0
com.fredhappyface.ewesticker_20250217.apk,monkey,3,60,0,0,0,0,0
com.fredhappyface.ewesticker_20250217.apk,monkey,3,180,0,0,0,0,0
com.fredhappyface.ewesticker_20250217.apk,monkey,3,300,0,0,0,0,0
com.fredhappyface.ewesticker_20250217.apk,ape,1,180,0,0,0,0,0
com.fredhappyface.ewesticker_20250217.apk,fastbot,3,180,0,0,0,0,0
com.fredhappyface.ewesticker_20250217.apk,fastbot,3,300,0,0,0,0,0
com.fredhappyface.ewesticker_20250217.apk,qtesting,1,60,0,0,0,0,0
com.fredhappyface.ewesticker_20250217.apk,qtesting,1,180,0,0,0,0,0
com.fredhappyface.ewesticker_20250217.apk,qtesting,1,300,0,0,0,0,0
com.fredhappyface.ewesticker_20250217.apk,qtesting,2,60,0,0,0,0,0
com.fredhappyface.ewesticker_20250217.apk,qtesting,2,180,0,0,0,0,0
com.fredhappyface.ewesticker_20250217.apk,qtesting,2,300,0,0,0,0,0
com.fredhappyface.ewesticker_20250217.apk,qtesting,3,60,0,0,0,0,0
com.fredhappyface.ewesticker_20250217.apk,qtesting,3,180,0,0,0,0,0
com.fredhappyface.ewesticker_20250217.apk,qtesting,3,300,0,0,0,0,0
com.iyps_158.apk,monkey,1,60,0,0,0,0,0
com.iyps_158.apk,monkey,1,180,0,0,0,0,0
com.iyps_158.apk,monkey,1,300,0,0,0,0,0
com.iyps_158.apk,monkey,2,60,0,0,0,0,0
com.iyps_158.apk,monkey,2,180,0,0,0,0,0
com.iyps_158.apk,monkey,2,300,0,0,0,0,0
com.iyps_158.apk,monkey,3,60,0,0,0,0,0
com.iyps_158.apk,monkey,3,180,0,0,0,0,0
com.iyps_158.apk,monkey,3,300,0,0,0,0,0
com.iyps_158.apk,droidbot:dfs_greedy,1,60,0,0,0,0,0
com.iyps_158.apk,droidbot:dfs_greedy,1,180,0,0,0,0,0
com.iyps_158.apk,droidbot:dfs_greedy,1,300,0,0,0,0,0
com.iyps_158.apk,droidbot:dfs_greedy,2,60,0,0,0,0,0
com.iyps_158.apk,droidbot:dfs_greedy,2,180,0,0,0,0,0
com.iyps_158.apk,droidbot:dfs_greedy,2,300,0,0,0,0,0
com.iyps_158.apk,droidbot:dfs_greedy,3,60,0,0,0,0,0
com.iyps_158.apk,droidbot:dfs_greedy,3,180,0,0,0,0,0
com.iyps_158.apk,droidbot:dfs_greedy,3,300,0,0,0,0,0
com.iyps_158.apk,droidbot:bfs_greedy,1,60,0,0,0,0,0
com.iyps_158.apk,droidbot:bfs_greedy,1,180,0,0,0,0,0
com.iyps_158.apk,droidbot:bfs_greedy,1,300,0,0,0,0,0
com.iyps_158.apk,droidbot:bfs_greedy,2,60,0,0,0,0,0
com.iyps_158.apk,droidbot:bfs_greedy,2,180,0,0,0,0,0
com.iyps_158.apk,droidbot:bfs_greedy,2,300,0,0,0,0,0
com.iyps_158.apk,droidbot:bfs_greedy,3,60,0,0,0,0,0
com.iyps_158.apk,droidbot:bfs_greedy,3,180,0,0,0,0,0
com.iyps_158.apk,droidbot:bfs_greedy,3,300,0,0,0,0,0
com.iyps_158.apk,droidbot:dfs_naive,1,60,0,0,0,0,0
com.iyps_158.apk,droidbot:dfs_naive,1,180,0,0,0,0,0
com.iyps_158.apk,droidbot:dfs_naive,1,300,0,0,0,0,0
com.iyps_158.apk,droidbot:dfs_naive,2,60,0,0,0,0,0
com.iyps_158.apk,droidbot:dfs_naive,2,180,0,0,0,0,0
com.iyps_158.apk,droidbot:dfs_naive,2,300,0,0,0,0,0
com.iyps_158.apk,droidbot:dfs_naive,3,60,0,0,0,0,0
com.iyps_158.apk,droidbot:dfs_naive,3,180,0,0,0,0,0
com.iyps_158.apk,droidbot:dfs_naive,3,300,0,0,0,0,0
com.iyps_158.apk,droidbot:bfs_naive,1,60,0,0,0,0,0
com.iyps_158.apk,droidbot:bfs_naive,1,180,0,0,0,0,0
com.iyps_158.apk,droidbot:bfs_naive,1,300,0,0,0,0,0
com.iyps_158.apk,droidbot:bfs_naive,2,60,0,0,0,0,0
com.iyps_158.apk,droidbot:bfs_naive,2,180,0,0,0,0,0
com.iyps_158.apk,droidbot:bfs_naive,2,300,0,0,0,0,0
com.iyps_158.apk,droidbot:bfs_naive,3,60,0,0,0,0,0
com.iyps_158.apk,droidbot:bfs_naive,3,180,0,0,0,0,0
com.iyps_158.apk,droidbot:bfs_naive,3,300,0,0,0,0,0
com.iyps_158.apk,ape,1,60,0,0,0,0,0
com.iyps_158.apk,ape,1,180,0,0,0,0,0
com.iyps_158.apk,ape,1,300,0,0,0,0,0
com.iyps_158.apk,ape,2,60,0,0,0,0,0
com.iyps_158.apk,ape,2,180,0,0,0,0,0
com.iyps_158.apk,ape,2,300,0,0,0,0,0
com.iyps_158.apk,ape,3,60,0,0,0,0,0
com.iyps_158.apk,ape,3,180,0,0,0,0,0
com.iyps_158.apk,ape,3,300,0,0,0,0,0
com.iyps_158.apk,droidmate,1,60,0,0,0,0,0
com.iyps_158.apk,droidmate,1,180,0,0,0,0,0
com.iyps_158.apk,droidmate,1,300,0,0,0,0,0
com.iyps_158.apk,droidmate,2,60,0,0,0,0,0
com.iyps_158.apk,droidmate,2,180,0,0,0,0,0
com.iyps_158.apk,droidmate,2,300,0,0,0,0,0
com.iyps_158.apk,droidmate,3,60,0,0,0,0,0
com.iyps_158.apk,droidmate,3,180,0,0,0,0,0
com.iyps_158.apk,droidmate,3,300,0,0,0,0,0
com.iyps_158.apk,humanoid,1,60,0,0,0,0,0
com.iyps_158.apk,humanoid,1,180,0,0,0,0,0
com.iyps_158.apk,humanoid,1,300,0,0,0,0,0
com.iyps_158.apk,humanoid,2,60,0,0,0,0,0
com.iyps_158.apk,humanoid,2,180,0,0,0,0,0
com.iyps_158.apk,humanoid,2,300,0,0,0,0,0
com.iyps_158.apk,humanoid,3,60,0,0,0,0,0
com.iyps_158.apk,humanoid,3,180,0,0,0,0,0
com.iyps_158.apk,humanoid,3,300,0,0,0,0,0
com.iyps_158.apk,ares,1,60,0,0,0,0,0
com.iyps_158.apk,ares,1,180,0,0,0,0,0
com.iyps_158.apk,ares,1,300,0,0,0,0,0
com.iyps_158.apk,ares,2,60,0,0,0,0,0
com.iyps_158.apk,ares,2,180,0,0,0,0,0
com.iyps_158.apk,ares,2,300,0,0,0,0,0
com.iyps_158.apk,ares,3,60,0,0,0,0,0
com.iyps_158.apk,ares,3,180,0,0,0,0,0
com.iyps_158.apk,ares,3,300,0,0,0,0,0
com.iyps_158.apk,fastbot,1,60,0,0,0,0,0
com.iyps_158.apk,fastbot,1,180,0,0,0,0,0
com.iyps_158.apk,fastbot,1,300,0,0,0,0,0
com.iyps_158.apk,fastbot,2,60,0,0,0,0,0
com.iyps_158.apk,fastbot,2,180,0,0,0,0,0
com.iyps_158.apk,fastbot,2,300,0,0,0,0,0
com.iyps_158.apk,fastbot,3,60,0,0,0,0,0
com.iyps_158.apk,fastbot,3,180,0,0,0,0,0
com.iyps_158.apk,fastbot,3,300,0,0,0,0,0
com.iyps_158.apk,qtesting,1,60,0,0,0,0,0
com.iyps_158.apk,qtesting,1,180,0,0,0,0,0
com.iyps_158.apk,qtesting,1,300,0,0,0,0,0
com.iyps_158.apk,qtesting,2,60,0,0,0,0,0
com.iyps_158.apk,qtesting,2,180,0,0,0,0,0
com.iyps_158.apk,qtesting,2,300,0,0,0,0,0
com.iyps_158.apk,qtesting,3,60,0,0,0,0,0
com.iyps_158.apk,qtesting,3,180,0,0,0,0,0
com.iyps_158.apk,qtesting,3,300,0,0,0,0,0
com.matedroid_178120864.apk,monkey,1,60,7,2,7,7,7.0
com.matedroid_178120864.apk,monkey,1,180,21,2,7,7,7.0
com.matedroid_178120864.apk,monkey,1,300,0,0,0,0,0
com.matedroid_178120864.apk,monkey,2,60,7,2,7,7,7.0
com.matedroid_178120864.apk,monkey,2,180,42,2,7,7,7.0
com.matedroid_178120864.apk,monkey,2,300,98,2,7,7,7.0
com.matedroid_178120864.apk,monkey,3,60,21,2,7,7,7.0
com.matedroid_178120864.apk,monkey,3,180,7,2,7,7,7.0
com.matedroid_178120864.apk,monkey,3,300,14,2,7,7,7.0
com.matedroid_178120864.apk,droidbot:dfs_greedy,1,60,7,2,7,7,7.0
com.matedroid_178120864.apk,droidbot:dfs_greedy,1,180,7,2,7,7,7.0
com.matedroid_178120864.apk,droidbot:dfs_greedy,1,300,7,2,7,7,7.0
com.matedroid_178120864.apk,droidbot:dfs_greedy,2,60,7,2,7,7,7.0
com.matedroid_178120864.apk,droidbot:dfs_greedy,2,180,7,2,7,7,7.0
com.matedroid_178120864.apk,droidbot:dfs_greedy,2,300,7,2,7,7,7.0
com.matedroid_178120864.apk,droidbot:dfs_greedy,3,60,7,2,7,7,7.0
com.matedroid_178120864.apk,droidbot:dfs_greedy,3,180,7,2,7,7,7.0
com.matedroid_178120864.apk,droidbot:dfs_greedy,3,300,7,2,7,7,7.0
com.matedroid_178120864.apk,droidbot:bfs_greedy,1,60,7,2,7,7,7.0
com.matedroid_178120864.apk,droidbot:bfs_greedy,1,180,7,2,7,7,7.0
com.matedroid_178120864.apk,droidbot:bfs_greedy,1,300,7,2,7,7,7.0
com.matedroid_178120864.apk,droidbot:bfs_greedy,2,60,7,2,7,7,7.0
com.matedroid_178120864.apk,droidbot:bfs_greedy,2,180,7,2,7,7,7.0
com.matedroid_178120864.apk,droidbot:bfs_greedy,2,300,7,2,7,7,7.0
com.matedroid_178120864.apk,droidbot:bfs_greedy,3,60,7,2,7,7,7.0
com.matedroid_178120864.apk,droidbot:bfs_greedy,3,180,7,2,7,7,7.0
com.matedroid_178120864.apk,droidbot:bfs_greedy,3,300,7,2,7,7,7.0
com.matedroid_178120864.apk,droidbot:dfs_naive,1,60,7,2,7,7,7.0
com.matedroid_178120864.apk,droidbot:dfs_naive,1,180,7,2,7,7,7.0
com.matedroid_178120864.apk,droidbot:dfs_naive,1,300,7,2,7,7,7.0
com.matedroid_178120864.apk,droidbot:dfs_naive,2,60,7,2,7,7,7.0
com.matedroid_178120864.apk,droidbot:dfs_naive,2,180,7,2,7,7,7.0
com.matedroid_178120864.apk,droidbot:dfs_naive,2,300,7,2,7,7,7.0
com.matedroid_178120864.apk,droidbot:dfs_naive,3,60,7,2,7,7,7.0
com.matedroid_178120864.apk,droidbot:dfs_naive,3,180,7,2,7,7,7.0
com.matedroid_178120864.apk,droidbot:dfs_naive,3,300,7,2,7,7,7.0
com.matedroid_178120864.apk,droidbot:bfs_naive,1,60,7,2,7,7,7.0
com.matedroid_178120864.apk,droidbot:bfs_naive,1,180,7,2,7,7,7.0
com.matedroid_178120864.apk,droidbot:bfs_naive,1,300,7,2,7,7,7.0
com.matedroid_178120864.apk,droidbot:bfs_naive,2,60,7,2,7,7,7.0
com.matedroid_178120864.apk,droidbot:bfs_naive,2,180,7,2,7,7,7.0
com.matedroid_178120864.apk,droidbot:bfs_naive,2,300,7,2,7,7,7.0
com.matedroid_178120864.apk,droidbot:bfs_naive,3,60,7,2,7,7,7.0
com.matedroid_178120864.apk,droidbot:bfs_naive,3,180,7,2,7,7,7.0
com.matedroid_178120864.apk,droidbot:bfs_naive,3,300,7,2,7,7,7.0
com.matedroid_178120864.apk,ape,1,60,14,2,7,7,7.0
com.matedroid_178120864.apk,ape,1,180,21,2,7,7,7.0
com.matedroid_178120864.apk,ape,1,300,21,2,7,7,7.0
com.matedroid_178120864.apk,ape,2,60,7,2,7,7,7.0
com.matedroid_178120864.apk,ape,2,180,7,2,7,7,7.0
com.matedroid_178120864.apk,ape,2,300,14,2,7,7,7.0
com.matedroid_178120864.apk,ape,3,60,7,2,7,7,7.0
com.matedroid_178120864.apk,ape,3,180,0,0,0,0,0
com.matedroid_178120864.apk,ape,3,300,42,2,7,7,7.0
com.matedroid_178120864.apk,droidmate,1,60,7,2,7,7,7.0
com.matedroid_178120864.apk,droidmate,1,180,42,2,7,7,7.0
com.matedroid_178120864.apk,droidmate,1,300,63,2,7,7,7.0
com.matedroid_178120864.apk,droidmate,2,60,14,2,7,7,7.0
com.matedroid_178120864.apk,droidmate,2,180,35,2,7,7,7.0
com.matedroid_178120864.apk,droidmate,2,300,63,2,7,7,7.0
com.matedroid_178120864.apk,droidmate,3,60,14,2,7,7,7.0
com.matedroid_178120864.apk,droidmate,3,180,35,2,7,7,7.0
com.matedroid_178120864.apk,droidmate,3,300,56,2,7,7,7.0
com.matedroid_178120864.apk,humanoid,1,60,7,2,7,7,7.0
com.matedroid_178120864.apk,humanoid,1,180,7,2,7,7,7.0
com.matedroid_178120864.apk,humanoid,1,300,7,2,7,7,7.0
com.matedroid_178120864.apk,humanoid,2,60,7,2,7,7,7.0
com.matedroid_178120864.apk,humanoid,2,180,7,2,7,7,7.0
com.matedroid_178120864.apk,humanoid,2,300,7,2,7,7,7.0
com.matedroid_178120864.apk,humanoid,3,60,7,2,7,7,7.0
com.matedroid_178120864.apk,humanoid,3,180,7,2,7,7,7.0
com.matedroid_178120864.apk,humanoid,3,300,7,2,7,7,7.0
com.matedroid_178120864.apk,ares,1,60,14,2,7,7,7.0
com.matedroid_178120864.apk,ares,1,180,14,2,7,7,7.0
com.matedroid_178120864.apk,ares,1,300,35,2,7,7,7.0
com.matedroid_178120864.apk,ares,2,60,14,2,7,7,7.0
com.matedroid_178120864.apk,ares,2,180,21,2,7,7,7.0
com.matedroid_178120864.apk,ares,2,300,23,3,9,9,9.0
com.matedroid_178120864.apk,ares,3,60,14,2,7,7,7.0
com.matedroid_178120864.apk,ares,3,180,21,2,7,7,7.0
com.matedroid_178120864.apk,ares,3,300,21,2,7,7,7.0
com.matedroid_178120864.apk,fastbot,1,60,7,2,7,7,7.0
com.matedroid_178120864.apk,fastbot,1,180,7,2,7,7,7.0
com.matedroid_178120864.apk,fastbot,1,300,7,2,7,7,7.0
com.matedroid_178120864.apk,fastbot,2,60,7,2,7,7,7.0
com.apps.adrcotfas.goodtime_348.apk,monkey,2,300,0,0,0,0,0
com.defname.localshare_14.apk,monkey,2,60,0,0,0,0,0
com.matedroid_178120864.apk,fastbot,2,180,7,2,7,7,7.0
com.matedroid_178120864.apk,fastbot,2,300,7,2,7,7,7.0
com.matedroid_178120864.apk,fastbot,3,60,7,2,7,7,7.0
com.matedroid_178120864.apk,fastbot,3,180,7,2,7,7,7.0
com.matedroid_178120864.apk,fastbot,3,300,7,2,7,7,7.0
com.matedroid_178120864.apk,qtesting,1,60,7,2,7,7,7.0
com.matedroid_178120864.apk,qtesting,1,180,35,2,7,7,7.0
com.matedroid_178120864.apk,qtesting,1,300,112,2,7,7,7.0
com.matedroid_178120864.apk,qtesting,2,60,14,2,7,7,7.0
com.matedroid_178120864.apk,qtesting,2,180,35,2,7,7,7.0
com.matedroid_178120864.apk,qtesting,2,300,42,2,7,7,7.0
com.matedroid_178120864.apk,qtesting,3,60,7,2,7,7,7.0
com.matedroid_178120864.apk,qtesting,3,180,35,2,7,7,7.0
com.matedroid_178120864.apk,qtesting,3,300,77,2,7,7,7.0
com.rastislavkish.vscan_24.apk,monkey,1,60,0,0,0,0,0
com.rastislavkish.vscan_24.apk,monkey,1,180,0,0,0,0,0
com.rastislavkish.vscan_24.apk,monkey,1,300,0,0,0,0,0
com.rastislavkish.vscan_24.apk,monkey,2,60,0,0,0,0,0
com.rastislavkish.vscan_24.apk,monkey,2,180,0,0,0,0,0
com.rastislavkish.vscan_24.apk,monkey,2,300,0,0,0,0,0
com.rastislavkish.vscan_24.apk,monkey,3,60,0,0,0,0,0
com.rastislavkish.vscan_24.apk,monkey,3,180,0,0,0,0,0
com.rastislavkish.vscan_24.apk,monkey,3,300,0,0,0,0,0
com.rastislavkish.vscan_24.apk,droidbot:dfs_greedy,1,60,0,0,0,0,0
com.rastislavkish.vscan_24.apk,droidbot:dfs_greedy,1,180,0,0,0,0,0
com.rastislavkish.vscan_24.apk,droidbot:dfs_greedy,1,300,0,0,0,0,0
com.rastislavkish.vscan_24.apk,droidbot:dfs_greedy,2,60,0,0,0,0,0
com.rastislavkish.vscan_24.apk,droidbot:dfs_greedy,2,180,0,0,0,0,0
com.rastislavkish.vscan_24.apk,droidbot:dfs_greedy,2,300,0,0,0,0,0
com.rastislavkish.vscan_24.apk,droidbot:dfs_greedy,3,60,0,0,0,0,0
com.rastislavkish.vscan_24.apk,droidbot:dfs_greedy,3,180,0,0,0,0,0
com.rastislavkish.vscan_24.apk,droidbot:dfs_greedy,3,300,0,0,0,0,0
com.rastislavkish.vscan_24.apk,droidbot:bfs_greedy,1,60,0,0,0,0,0
com.rastislavkish.vscan_24.apk,droidbot:bfs_greedy,1,180,0,0,0,0,0
com.rastislavkish.vscan_24.apk,droidbot:bfs_greedy,1,300,0,0,0,0,0
com.rastislavkish.vscan_24.apk,droidbot:bfs_greedy,2,60,0,0,0,0,0
com.rastislavkish.vscan_24.apk,droidbot:bfs_greedy,2,180,0,0,0,0,0
com.rastislavkish.vscan_24.apk,droidbot:bfs_greedy,2,300,0,0,0,0,0
com.rastislavkish.vscan_24.apk,droidbot:bfs_greedy,3,60,0,0,0,0,0
com.rastislavkish.vscan_24.apk,droidbot:bfs_greedy,3,180,0,0,0,0,0
com.rastislavkish.vscan_24.apk,droidbot:bfs_greedy,3,300,0,0,0,0,0
com.rastislavkish.vscan_24.apk,droidbot:dfs_naive,1,60,0,0,0,0,0
com.rastislavkish.vscan_24.apk,droidbot:dfs_naive,1,180,0,0,0,0,0
com.rastislavkish.vscan_24.apk,droidbot:dfs_naive,1,300,0,0,0,0,0
com.rastislavkish.vscan_24.apk,droidbot:dfs_naive,2,60,0,0,0,0,0
com.rastislavkish.vscan_24.apk,droidbot:dfs_naive,2,180,0,0,0,0,0
com.rastislavkish.vscan_24.apk,droidbot:dfs_naive,2,300,0,0,0,0,0
com.rastislavkish.vscan_24.apk,droidbot:dfs_naive,3,60,0,0,0,0,0
com.rastislavkish.vscan_24.apk,droidbot:dfs_naive,3,180,0,0,0,0,0
com.rastislavkish.vscan_24.apk,droidbot:dfs_naive,3,300,0,0,0,0,0
com.rastislavkish.vscan_24.apk,droidbot:bfs_naive,1,60,0,0,0,0,0
com.rastislavkish.vscan_24.apk,droidbot:bfs_naive,1,180,0,0,0,0,0
com.rastislavkish.vscan_24.apk,droidbot:bfs_naive,1,300,0,0,0,0,0
com.rastislavkish.vscan_24.apk,droidbot:bfs_naive,2,60,0,0,0,0,0
com.rastislavkish.vscan_24.apk,droidbot:bfs_naive,2,180,0,0,0,0,0
com.rastislavkish.vscan_24.apk,droidbot:bfs_naive,2,300,0,0,0,0,0
com.rastislavkish.vscan_24.apk,droidbot:bfs_naive,3,60,0,0,0,0,0
com.rastislavkish.vscan_24.apk,droidbot:bfs_naive,3,180,0,0,0,0,0
com.rastislavkish.vscan_24.apk,droidbot:bfs_naive,3,300,0,0,0,0,0
com.rastislavkish.vscan_24.apk,ape,1,60,0,0,0,0,0
com.rastislavkish.vscan_24.apk,ape,1,300,0,0,0,0,0
com.rastislavkish.vscan_24.apk,ape,2,60,0,0,0,0,0
com.rastislavkish.vscan_24.apk,ape,2,180,0,0,0,0,0
com.rastislavkish.vscan_24.apk,ape,2,300,0,0,0,0,0
com.rastislavkish.vscan_24.apk,ape,3,60,0,0,0,0,0
com.rastislavkish.vscan_24.apk,ape,3,180,0,0,0,0,0
com.rastislavkish.vscan_24.apk,ape,3,300,0,0,0,0,0
com.rastislavkish.vscan_24.apk,droidmate,1,60,0,0,0,0,0
com.rastislavkish.vscan_24.apk,droidmate,1,180,0,0,0,0,0
com.rastislavkish.vscan_24.apk,droidmate,1,300,0,0,0,0,0
com.rastislavkish.vscan_24.apk,droidmate,2,60,0,0,0,0,0
com.rastislavkish.vscan_24.apk,droidmate,2,180,0,0,0,0,0
com.rastislavkish.vscan_24.apk,droidmate,2,300,0,0,0,0,0
com.rastislavkish.vscan_24.apk,droidmate,3,60,0,0,0,0,0
com.rastislavkish.vscan_24.apk,droidmate,3,180,0,0,0,0,0
com.rastislavkish.vscan_24.apk,droidmate,3,300,0,0,0,0,0
com.rastislavkish.vscan_24.apk,humanoid,1,60,0,0,0,0,0
com.rastislavkish.vscan_24.apk,humanoid,1,180,0,0,0,0,0
com.rastislavkish.vscan_24.apk,humanoid,1,300,0,0,0,0,0
com.rastislavkish.vscan_24.apk,humanoid,2,60,0,0,0,0,0
com.rastislavkish.vscan_24.apk,humanoid,2,180,0,0,0,0,0
com.rastislavkish.vscan_24.apk,humanoid,3,60,0,0,0,0,0
com.rastislavkish.vscan_24.apk,humanoid,3,180,0,0,0,0,0
com.rastislavkish.vscan_24.apk,humanoid,3,300,0,0,0,0,0
com.rastislavkish.vscan_24.apk,ares,1,60,0,0,0,0,0
com.rastislavkish.vscan_24.apk,ares,1,180,0,0,0,0,0
com.rastislavkish.vscan_24.apk,ares,1,300,0,0,0,0,0
com.rastislavkish.vscan_24.apk,ares,2,60,0,0,0,0,0
com.rastislavkish.vscan_24.apk,ares,2,180,0,0,0,0,0
com.rastislavkish.vscan_24.apk,ares,2,300,0,0,0,0,0
com.rastislavkish.vscan_24.apk,ares,3,60,0,0,0,0,0
com.rastislavkish.vscan_24.apk,ares,3,180,0,0,0,0,0
com.rastislavkish.vscan_24.apk,ares,3,300,0,0,0,0,0
com.rastislavkish.vscan_24.apk,fastbot,1,60,0,0,0,0,0
com.rastislavkish.vscan_24.apk,fastbot,1,300,0,0,0,0,0
com.rastislavkish.vscan_24.apk,fastbot,2,60,0,0,0,0,0
com.rastislavkish.vscan_24.apk,fastbot,2,180,0,0,0,0,0
com.rastislavkish.vscan_24.apk,fastbot,2,300,0,0,0,0,0
com.rastislavkish.vscan_24.apk,fastbot,3,60,0,0,0,0,0
com.rastislavkish.vscan_24.apk,fastbot,3,180,0,0,0,0,0
com.rastislavkish.vscan_24.apk,fastbot,3,300,0,0,0,0,0
com.rastislavkish.vscan_24.apk,qtesting,1,60,0,0,0,0,0
com.rastislavkish.vscan_24.apk,qtesting,1,180,0,0,0,0,0
com.rastislavkish.vscan_24.apk,qtesting,1,300,0,0,0,0,0
com.rastislavkish.vscan_24.apk,qtesting,2,60,0,0,0,0,0
com.rastislavkish.vscan_24.apk,qtesting,2,180,0,0,0,0,0
com.rastislavkish.vscan_24.apk,qtesting,2,300,0,0,0,0,0
com.rastislavkish.vscan_24.apk,qtesting,3,60,0,0,0,0,0
com.rastislavkish.vscan_24.apk,qtesting,3,180,0,0,0,0,0
com.rastislavkish.vscan_24.apk,qtesting,3,300,0,0,0,0,0
com.starry.greenstash_440.apk,monkey,1,60,0,0,0,0,0
com.starry.greenstash_440.apk,monkey,1,180,0,0,0,0,0
com.starry.greenstash_440.apk,monkey,1,300,0,0,0,0,0
com.starry.greenstash_440.apk,monkey,2,60,0,0,0,0,0
com.starry.greenstash_440.apk,monkey,2,180,0,0,0,0,0
com.starry.greenstash_440.apk,monkey,2,300,0,0,0,0,0
com.starry.greenstash_440.apk,monkey,3,60,0,0,0,0,0
com.starry.greenstash_440.apk,monkey,3,180,0,0,0,0,0
com.starry.greenstash_440.apk,monkey,3,300,0,0,0,0,0
com.starry.greenstash_440.apk,droidbot:dfs_greedy,1,60,0,0,0,0,0
com.starry.greenstash_440.apk,droidbot:dfs_greedy,1,180,0,0,0,0,0
com.starry.greenstash_440.apk,droidbot:dfs_greedy,1,300,0,0,0,0,0
com.starry.greenstash_440.apk,droidbot:dfs_greedy,2,60,0,0,0,0,0
com.starry.greenstash_440.apk,droidbot:dfs_greedy,2,180,0,0,0,0,0
com.starry.greenstash_440.apk,droidbot:dfs_greedy,2,300,0,0,0,0,0
com.starry.greenstash_440.apk,droidbot:dfs_greedy,3,60,0,0,0,0,0
com.starry.greenstash_440.apk,droidbot:dfs_greedy,3,180,0,0,0,0,0
com.starry.greenstash_440.apk,droidbot:dfs_greedy,3,300,0,0,0,0,0
com.starry.greenstash_440.apk,droidbot:bfs_greedy,1,60,0,0,0,0,0
com.starry.greenstash_440.apk,droidbot:bfs_greedy,1,180,0,0,0,0,0
com.starry.greenstash_440.apk,droidbot:bfs_greedy,1,300,0,0,0,0,0
com.starry.greenstash_440.apk,droidbot:bfs_greedy,2,60,0,0,0,0,0
com.starry.greenstash_440.apk,droidbot:bfs_greedy,2,180,0,0,0,0,0
com.starry.greenstash_440.apk,droidbot:bfs_greedy,2,300,0,0,0,0,0
com.starry.greenstash_440.apk,droidbot:bfs_greedy,3,60,0,0,0,0,0
com.starry.greenstash_440.apk,droidbot:bfs_greedy,3,180,0,0,0,0,0
com.starry.greenstash_440.apk,droidbot:bfs_greedy,3,300,0,0,0,0,0
com.starry.greenstash_440.apk,droidbot:dfs_naive,1,60,0,0,0,0,0
com.starry.greenstash_440.apk,droidbot:dfs_naive,1,180,0,0,0,0,0
com.starry.greenstash_440.apk,droidbot:dfs_naive,1,300,0,0,0,0,0
com.starry.greenstash_440.apk,droidbot:dfs_naive,2,60,0,0,0,0,0
com.starry.greenstash_440.apk,droidbot:dfs_naive,2,180,0,0,0,0,0
com.starry.greenstash_440.apk,droidbot:dfs_naive,2,300,0,0,0,0,0
com.starry.greenstash_440.apk,droidbot:dfs_naive,3,60,0,0,0,0,0
com.starry.greenstash_440.apk,droidbot:dfs_naive,3,180,0,0,0,0,0
com.starry.greenstash_440.apk,droidbot:dfs_naive,3,300,0,0,0,0,0
com.starry.greenstash_440.apk,droidbot:bfs_naive,1,60,0,0,0,0,0
com.starry.greenstash_440.apk,droidbot:bfs_naive,1,180,0,0,0,0,0
com.starry.greenstash_440.apk,droidbot:bfs_naive,1,300,0,0,0,0,0
com.starry.greenstash_440.apk,droidbot:bfs_naive,2,60,0,0,0,0,0
com.starry.greenstash_440.apk,droidbot:bfs_naive,2,180,0,0,0,0,0
com.starry.greenstash_440.apk,droidbot:bfs_naive,2,300,0,0,0,0,0
com.starry.greenstash_440.apk,droidbot:bfs_naive,3,60,0,0,0,0,0
com.starry.greenstash_440.apk,droidbot:bfs_naive,3,180,0,0,0,0,0
com.starry.greenstash_440.apk,droidbot:bfs_naive,3,300,0,0,0,0,0
com.starry.greenstash_440.apk,ape,1,60,0,0,0,0,0
com.starry.greenstash_440.apk,ape,1,180,0,0,0,0,0
com.starry.greenstash_440.apk,ape,1,300,0,0,0,0,0
com.starry.greenstash_440.apk,ape,2,60,0,0,0,0,0
com.starry.greenstash_440.apk,ape,2,180,0,0,0,0,0
com.starry.greenstash_440.apk,ape,2,300,0,0,0,0,0
com.starry.greenstash_440.apk,ape,3,60,0,0,0,0,0
com.starry.greenstash_440.apk,ape,3,180,0,0,0,0,0
com.starry.greenstash_440.apk,ape,3,300,0,0,0,0,0
com.starry.greenstash_440.apk,droidmate,1,60,0,0,0,0,0
com.starry.greenstash_440.apk,droidmate,1,180,0,0,0,0,0
com.starry.greenstash_440.apk,droidmate,1,300,0,0,0,0,0
com.starry.greenstash_440.apk,droidmate,2,60,0,0,0,0,0
com.starry.greenstash_440.apk,droidmate,2,180,0,0,0,0,0
com.starry.greenstash_440.apk,droidmate,2,300,0,0,0,0,0
com.starry.greenstash_440.apk,droidmate,3,60,0,0,0,0,0
com.starry.greenstash_440.apk,droidmate,3,180,0,0,0,0,0
com.starry.greenstash_440.apk,droidmate,3,300,0,0,0,0,0
com.starry.greenstash_440.apk,humanoid,1,60,0,0,0,0,0
com.starry.greenstash_440.apk,humanoid,1,180,0,0,0,0,0
com.starry.greenstash_440.apk,humanoid,1,300,0,0,0,0,0
com.starry.greenstash_440.apk,humanoid,2,60,0,0,0,0,0
com.starry.greenstash_440.apk,humanoid,2,180,0,0,0,0,0
com.starry.greenstash_440.apk,humanoid,2,300,0,0,0,0,0
com.starry.greenstash_440.apk,humanoid,3,60,0,0,0,0,0
com.starry.greenstash_440.apk,humanoid,3,180,0,0,0,0,0
com.starry.greenstash_440.apk,humanoid,3,300,0,0,0,0,0
com.starry.greenstash_440.apk,ares,1,60,0,0,0,0,0
com.starry.greenstash_440.apk,ares,1,180,0,0,0,0,0
com.starry.greenstash_440.apk,ares,1,300,0,0,0,0,0
com.starry.greenstash_440.apk,ares,2,60,0,0,0,0,0
com.starry.greenstash_440.apk,ares,2,180,0,0,0,0,0
com.starry.greenstash_440.apk,ares,2,300,0,0,0,0,0
com.starry.greenstash_440.apk,ares,3,60,0,0,0,0,0
com.starry.greenstash_440.apk,ares,3,180,0,0,0,0,0
com.starry.greenstash_440.apk,ares,3,300,0,0,0,0,0
com.starry.greenstash_440.apk,fastbot,1,60,0,0,0,0,0
com.starry.greenstash_440.apk,fastbot,1,180,0,0,0,0,0
com.starry.greenstash_440.apk,fastbot,1,300,0,0,0,0,0
com.starry.greenstash_440.apk,fastbot,2,60,0,0,0,0,0
com.starry.greenstash_440.apk,fastbot,2,180,0,0,0,0,0
com.starry.greenstash_440.apk,fastbot,2,300,0,0,0,0,0
com.starry.greenstash_440.apk,fastbot,3,60,0,0,0,0,0
com.starry.greenstash_440.apk,fastbot,3,180,0,0,0,0,0
com.starry.greenstash_440.apk,fastbot,3,300,0,0,0,0,0
com.starry.greenstash_440.apk,qtesting,1,60,0,0,0,0,0
com.starry.greenstash_440.apk,qtesting,1,180,0,0,0,0,0
com.starry.greenstash_440.apk,qtesting,1,300,0,0,0,0,0
com.starry.greenstash_440.apk,qtesting,2,60,0,0,0,0,0
com.starry.greenstash_440.apk,qtesting,2,180,0,0,0,0,0
com.starry.greenstash_440.apk,qtesting,2,300,0,0,0,0,0
com.starry.greenstash_440.apk,qtesting,3,60,0,0,0,0,0
com.starry.greenstash_440.apk,qtesting,3,180,0,0,0,0,0
com.starry.greenstash_440.apk,qtesting,3,300,0,0,0,0,0
de.luhmer.owncloudnewsreader_196.apk,monkey,1,60,4,1,4,4,4.0
de.luhmer.owncloudnewsreader_196.apk,monkey,1,180,4,1,4,4,4.0
de.luhmer.owncloudnewsreader_196.apk,monkey,1,300,4,1,4,4,4.0
de.luhmer.owncloudnewsreader_196.apk,monkey,2,60,4,1,4,4,4.0
de.luhmer.owncloudnewsreader_196.apk,monkey,2,180,4,1,4,4,4.0
de.luhmer.owncloudnewsreader_196.apk,monkey,2,300,4,1,4,4,4.0
de.luhmer.owncloudnewsreader_196.apk,monkey,3,60,4,1,4,4,4.0
de.luhmer.owncloudnewsreader_196.apk,monkey,3,180,4,1,4,4,4.0
de.luhmer.owncloudnewsreader_196.apk,monkey,3,300,4,1,4,4,4.0
de.luhmer.owncloudnewsreader_196.apk,droidbot:dfs_greedy,1,60,4,1,4,4,4.0
de.luhmer.owncloudnewsreader_196.apk,droidbot:dfs_greedy,1,180,4,1,4,4,4.0
de.luhmer.owncloudnewsreader_196.apk,droidbot:dfs_greedy,1,300,4,1,4,4,4.0
de.luhmer.owncloudnewsreader_196.apk,droidbot:dfs_greedy,2,60,4,1,4,4,4.0
de.luhmer.owncloudnewsreader_196.apk,droidbot:dfs_greedy,2,180,4,1,4,4,4.0
de.luhmer.owncloudnewsreader_196.apk,droidbot:dfs_greedy,2,300,4,1,4,4,4.0
de.luhmer.owncloudnewsreader_196.apk,droidbot:dfs_greedy,3,60,4,1,4,4,4.0
de.luhmer.owncloudnewsreader_196.apk,droidbot:dfs_greedy,3,180,4,1,4,4,4.0
de.luhmer.owncloudnewsreader_196.apk,droidbot:dfs_greedy,3,300,4,1,4,4,4.0
de.luhmer.owncloudnewsreader_196.apk,droidbot:bfs_greedy,1,60,4,1,4,4,4.0
de.luhmer.owncloudnewsreader_196.apk,droidbot:bfs_greedy,1,180,4,1,4,4,4.0
de.luhmer.owncloudnewsreader_196.apk,droidbot:bfs_greedy,1,300,4,1,4,4,4.0
de.luhmer.owncloudnewsreader_196.apk,droidbot:bfs_greedy,2,60,4,1,4,4,4.0
de.luhmer.owncloudnewsreader_196.apk,droidbot:bfs_greedy,2,180,4,1,4,4,4.0
de.luhmer.owncloudnewsreader_196.apk,droidbot:bfs_greedy,2,300,4,1,4,4,4.0
de.luhmer.owncloudnewsreader_196.apk,droidbot:bfs_greedy,3,60,4,1,4,4,4.0
de.luhmer.owncloudnewsreader_196.apk,droidbot:bfs_greedy,3,180,4,1,4,4,4.0
de.luhmer.owncloudnewsreader_196.apk,droidbot:bfs_greedy,3,300,4,1,4,4,4.0
de.luhmer.owncloudnewsreader_196.apk,droidbot:dfs_naive,1,60,4,1,4,4,4.0
de.luhmer.owncloudnewsreader_196.apk,droidbot:dfs_naive,1,180,4,1,4,4,4.0
de.luhmer.owncloudnewsreader_196.apk,droidbot:dfs_naive,1,300,4,1,4,4,4.0
de.luhmer.owncloudnewsreader_196.apk,droidbot:dfs_naive,2,60,4,1,4,4,4.0
de.luhmer.owncloudnewsreader_196.apk,droidbot:dfs_naive,2,180,4,1,4,4,4.0
de.luhmer.owncloudnewsreader_196.apk,droidbot:dfs_naive,2,300,4,1,4,4,4.0
de.luhmer.owncloudnewsreader_196.apk,droidbot:dfs_naive,3,60,4,1,4,4,4.0
de.luhmer.owncloudnewsreader_196.apk,droidbot:dfs_naive,3,180,4,1,4,4,4.0
de.luhmer.owncloudnewsreader_196.apk,droidbot:dfs_naive,3,300,4,1,4,4,4.0
de.luhmer.owncloudnewsreader_196.apk,droidbot:bfs_naive,1,60,4,1,4,4,4.0
de.luhmer.owncloudnewsreader_196.apk,droidbot:bfs_naive,1,180,4,1,4,4,4.0
de.luhmer.owncloudnewsreader_196.apk,droidbot:bfs_naive,1,300,4,1,4,4,4.0
de.luhmer.owncloudnewsreader_196.apk,droidbot:bfs_naive,2,60,4,1,4,4,4.0
de.luhmer.owncloudnewsreader_196.apk,droidbot:bfs_naive,2,180,4,1,4,4,4.0
de.luhmer.owncloudnewsreader_196.apk,droidbot:bfs_naive,2,300,4,1,4,4,4.0
de.luhmer.owncloudnewsreader_196.apk,droidbot:bfs_naive,3,60,4,1,4,4,4.0
de.luhmer.owncloudnewsreader_196.apk,droidbot:bfs_naive,3,180,4,1,4,4,4.0
de.luhmer.owncloudnewsreader_196.apk,droidbot:bfs_naive,3,300,4,1,4,4,4.0
de.luhmer.owncloudnewsreader_196.apk,ape,1,60,16,1,4,4,4.0
de.luhmer.owncloudnewsreader_196.apk,ape,1,180,24,1,4,4,4.0
de.luhmer.owncloudnewsreader_196.apk,ape,1,300,24,1,4,4,4.0
de.luhmer.owncloudnewsreader_196.apk,ape,2,60,12,1,4,4,4.0
de.luhmer.owncloudnewsreader_196.apk,ape,2,180,16,1,4,4,4.0
de.luhmer.owncloudnewsreader_196.apk,ape,2,300,12,1,4,4,4.0
de.luhmer.owncloudnewsreader_196.apk,ape,3,60,4,1,4,4,4.0
de.luhmer.owncloudnewsreader_196.apk,ape,3,180,4,1,4,4,4.0
de.luhmer.owncloudnewsreader_196.apk,ape,3,300,8,1,4,4,4.0
de.luhmer.owncloudnewsreader_196.apk,droidmate,1,60,4,1,4,4,4.0
de.luhmer.owncloudnewsreader_196.apk,droidmate,1,180,4,1,4,4,4.0
de.luhmer.owncloudnewsreader_196.apk,droidmate,1,300,12,1,4,4,4.0
de.luhmer.owncloudnewsreader_196.apk,droidmate,2,60,4,1,4,4,4.0
de.luhmer.owncloudnewsreader_196.apk,droidmate,2,180,4,1,4,4,4.0
de.luhmer.owncloudnewsreader_196.apk,droidmate,2,300,8,1,4,4,4.0
de.luhmer.owncloudnewsreader_196.apk,droidmate,3,60,4,1,4,4,4.0
de.luhmer.owncloudnewsreader_196.apk,droidmate,3,180,8,1,4,4,4.0
de.luhmer.owncloudnewsreader_196.apk,droidmate,3,300,8,1,4,4,4.0
de.luhmer.owncloudnewsreader_196.apk,humanoid,1,60,4,1,4,4,4.0
de.luhmer.owncloudnewsreader_196.apk,humanoid,1,180,4,1,4,4,4.0
de.luhmer.owncloudnewsreader_196.apk,humanoid,1,300,4,1,4,4,4.0
de.luhmer.owncloudnewsreader_196.apk,humanoid,2,60,4,1,4,4,4.0
de.luhmer.owncloudnewsreader_196.apk,humanoid,2,180,4,1,4,4,4.0
de.luhmer.owncloudnewsreader_196.apk,humanoid,2,300,4,1,4,4,4.0
de.luhmer.owncloudnewsreader_196.apk,humanoid,3,60,4,1,4,4,4.0
de.luhmer.owncloudnewsreader_196.apk,humanoid,3,180,4,1,4,4,4.0
de.luhmer.owncloudnewsreader_196.apk,humanoid,3,300,16,1,4,4,4.0
de.luhmer.owncloudnewsreader_196.apk,ares,1,60,8,1,4,4,4.0
de.luhmer.owncloudnewsreader_196.apk,ares,1,180,8,1,4,4,4.0
de.luhmer.owncloudnewsreader_196.apk,ares,1,300,8,1,4,4,4.0
de.luhmer.owncloudnewsreader_196.apk,ares,2,60,8,1,4,4,4.0
de.luhmer.owncloudnewsreader_196.apk,ares,2,180,8,1,4,4,4.0
de.luhmer.owncloudnewsreader_196.apk,ares,2,300,8,1,4,4,4.0
de.luhmer.owncloudnewsreader_196.apk,ares,3,60,8,1,4,4,4.0
de.luhmer.owncloudnewsreader_196.apk,ares,3,180,8,1,4,4,4.0
de.luhmer.owncloudnewsreader_196.apk,ares,3,300,12,1,4,4,4.0
de.luhmer.owncloudnewsreader_196.apk,fastbot,1,60,4,1,4,4,4.0
de.luhmer.owncloudnewsreader_196.apk,fastbot,1,180,4,1,4,4,4.0
de.luhmer.owncloudnewsreader_196.apk,fastbot,1,300,4,1,4,4,4.0
de.luhmer.owncloudnewsreader_196.apk,fastbot,2,60,4,1,4,4,4.0
de.luhmer.owncloudnewsreader_196.apk,fastbot,2,180,4,1,4,4,4.0
de.luhmer.owncloudnewsreader_196.apk,fastbot,2,300,4,1,4,4,4.0
de.luhmer.owncloudnewsreader_196.apk,fastbot,3,60,4,1,4,4,4.0
de.luhmer.owncloudnewsreader_196.apk,fastbot,3,180,4,1,4,4,4.0
de.luhmer.owncloudnewsreader_196.apk,fastbot,3,300,4,1,4,4,4.0
de.luhmer.owncloudnewsreader_196.apk,qtesting,1,60,12,1,4,4,4.0
de.luhmer.owncloudnewsreader_196.apk,qtesting,1,180,24,1,4,4,4.0
de.luhmer.owncloudnewsreader_196.apk,qtesting,1,300,56,1,4,4,4.0
de.luhmer.owncloudnewsreader_196.apk,qtesting,2,60,12,1,4,4,4.0
de.luhmer.owncloudnewsreader_196.apk,qtesting,2,180,28,1,4,4,4.0
de.luhmer.owncloudnewsreader_196.apk,qtesting,2,300,44,1,4,4,4.0
de.luhmer.owncloudnewsreader_196.apk,qtesting,3,60,12,1,4,4,4.0
de.luhmer.owncloudnewsreader_196.apk,qtesting,3,180,24,1,4,4,4.0
de.luhmer.owncloudnewsreader_196.apk,qtesting,3,300,48,1,4,4,4.0
dev.sebaubuntu.athena_17.apk,monkey,1,60,7,2,7,7,7.0
dev.sebaubuntu.athena_17.apk,monkey,1,180,7,2,7,7,7.0
dev.sebaubuntu.athena_17.apk,monkey,1,300,21,2,7,7,7.0
dev.sebaubuntu.athena_17.apk,monkey,2,60,7,2,7,7,7.0
dev.sebaubuntu.athena_17.apk,monkey,2,180,14,2,7,7,7.0
dev.sebaubuntu.athena_17.apk,monkey,2,300,14,2,7,7,7.0
dev.sebaubuntu.athena_17.apk,monkey,3,60,7,2,7,7,7.0
dev.sebaubuntu.athena_17.apk,monkey,3,180,14,2,7,7,7.0
dev.sebaubuntu.athena_17.apk,monkey,3,300,21,2,7,7,7.0
dev.sebaubuntu.athena_17.apk,droidbot:dfs_greedy,1,60,7,2,7,7,7.0
dev.sebaubuntu.athena_17.apk,droidbot:dfs_greedy,1,180,7,2,7,7,7.0
dev.sebaubuntu.athena_17.apk,droidbot:dfs_greedy,1,300,7,2,7,7,7.0
dev.sebaubuntu.athena_17.apk,droidbot:dfs_greedy,2,60,7,2,7,7,7.0
dev.sebaubuntu.athena_17.apk,droidbot:dfs_greedy,2,180,7,2,7,7,7.0
dev.sebaubuntu.athena_17.apk,droidbot:dfs_greedy,2,300,7,2,7,7,7.0
dev.sebaubuntu.athena_17.apk,droidbot:dfs_greedy,3,60,7,2,7,7,7.0
dev.sebaubuntu.athena_17.apk,droidbot:dfs_greedy,3,180,7,2,7,7,7.0
dev.sebaubuntu.athena_17.apk,droidbot:dfs_greedy,3,300,7,2,7,7,7.0
dev.sebaubuntu.athena_17.apk,droidbot:bfs_greedy,1,60,7,2,7,7,7.0
dev.sebaubuntu.athena_17.apk,droidbot:bfs_greedy,1,180,7,2,7,7,7.0
dev.sebaubuntu.athena_17.apk,droidbot:bfs_greedy,1,300,7,2,7,7,7.0
dev.sebaubuntu.athena_17.apk,droidbot:bfs_greedy,2,60,7,2,7,7,7.0
dev.sebaubuntu.athena_17.apk,droidbot:bfs_greedy,2,180,7,2,7,7,7.0
dev.sebaubuntu.athena_17.apk,droidbot:bfs_greedy,2,300,7,2,7,7,7.0
dev.sebaubuntu.athena_17.apk,droidbot:bfs_greedy,3,60,7,2,7,7,7.0
dev.sebaubuntu.athena_17.apk,droidbot:bfs_greedy,3,180,7,2,7,7,7.0
dev.sebaubuntu.athena_17.apk,droidbot:bfs_greedy,3,300,7,2,7,7,7.0
dev.sebaubuntu.athena_17.apk,droidbot:dfs_naive,1,60,7,2,7,7,7.0
dev.sebaubuntu.athena_17.apk,droidbot:dfs_naive,1,180,7,2,7,7,7.0
dev.sebaubuntu.athena_17.apk,droidbot:dfs_naive,1,300,7,2,7,7,7.0
dev.sebaubuntu.athena_17.apk,droidbot:dfs_naive,2,60,0,0,0,0,0
dev.sebaubuntu.athena_17.apk,droidbot:dfs_naive,2,180,7,2,7,7,7.0
dev.sebaubuntu.athena_17.apk,droidbot:dfs_naive,2,300,7,2,7,7,7.0
dev.sebaubuntu.athena_17.apk,droidbot:dfs_naive,3,60,7,2,7,7,7.0
dev.sebaubuntu.athena_17.apk,droidbot:dfs_naive,3,180,7,2,7,7,7.0
dev.sebaubuntu.athena_17.apk,droidbot:dfs_naive,3,300,7,2,7,7,7.0
dev.sebaubuntu.athena_17.apk,droidbot:bfs_naive,1,60,7,2,7,7,7.0
dev.sebaubuntu.athena_17.apk,droidbot:bfs_naive,1,180,7,2,7,7,7.0
dev.sebaubuntu.athena_17.apk,droidbot:bfs_naive,1,300,7,2,7,7,7.0
dev.sebaubuntu.athena_17.apk,droidbot:bfs_naive,2,60,7,2,7,7,7.0
dev.sebaubuntu.athena_17.apk,droidbot:bfs_naive,2,180,7,2,7,7,7.0
dev.sebaubuntu.athena_17.apk,droidbot:bfs_naive,2,300,7,2,7,7,7.0
dev.sebaubuntu.athena_17.apk,droidbot:bfs_naive,3,60,7,2,7,7,7.0
dev.sebaubuntu.athena_17.apk,droidbot:bfs_naive,3,180,7,2,7,7,7.0
dev.sebaubuntu.athena_17.apk,droidbot:bfs_naive,3,300,7,2,7,7,7.0
dev.sebaubuntu.athena_17.apk,ape,1,60,7,2,7,7,7.0
dev.sebaubuntu.athena_17.apk,ape,1,180,35,2,7,7,7.0
dev.sebaubuntu.athena_17.apk,ape,1,300,28,2,7,7,7.0
dev.sebaubuntu.athena_17.apk,ape,2,60,7,2,7,7,7.0
dev.sebaubuntu.athena_17.apk,ape,2,180,7,2,7,7,7.0
dev.sebaubuntu.athena_17.apk,ape,2,300,21,2,7,7,7.0
dev.sebaubuntu.athena_17.apk,ape,3,180,7,2,7,7,7.0
dev.sebaubuntu.athena_17.apk,ape,3,300,35,2,7,7,7.0
dev.sebaubuntu.athena_17.apk,droidmate,1,60,7,2,7,7,7.0
dev.sebaubuntu.athena_17.apk,droidmate,1,180,7,2,7,7,7.0
dev.sebaubuntu.athena_17.apk,droidmate,1,300,14,2,7,7,7.0
dev.sebaubuntu.athena_17.apk,droidmate,2,60,7,2,7,7,7.0
dev.sebaubuntu.athena_17.apk,droidmate,2,180,7,2,7,7,7.0
dev.sebaubuntu.athena_17.apk,droidmate,2,300,14,2,7,7,7.0
dev.sebaubuntu.athena_17.apk,droidmate,3,60,7,2,7,7,7.0
dev.sebaubuntu.athena_17.apk,droidmate,3,180,7,2,7,7,7.0
dev.sebaubuntu.athena_17.apk,droidmate,3,300,14,2,7,7,7.0
dev.sebaubuntu.athena_17.apk,humanoid,1,60,7,2,7,7,7.0
dev.sebaubuntu.athena_17.apk,humanoid,1,180,7,2,7,7,7.0
dev.sebaubuntu.athena_17.apk,humanoid,1,300,7,2,7,7,7.0
dev.sebaubuntu.athena_17.apk,humanoid,2,60,7,2,7,7,7.0
dev.sebaubuntu.athena_17.apk,humanoid,2,180,7,2,7,7,7.0
dev.sebaubuntu.athena_17.apk,humanoid,2,300,7,2,7,7,7.0
dev.sebaubuntu.athena_17.apk,humanoid,3,60,7,2,7,7,7.0
dev.sebaubuntu.athena_17.apk,humanoid,3,180,7,2,7,7,7.0
dev.sebaubuntu.athena_17.apk,humanoid,3,300,7,2,7,7,7.0
dev.sebaubuntu.athena_17.apk,ares,1,60,14,2,7,7,7.0
dev.sebaubuntu.athena_17.apk,ares,1,180,14,2,7,7,7.0
dev.sebaubuntu.athena_17.apk,ares,1,300,21,2,7,7,7.0
dev.sebaubuntu.athena_17.apk,ares,2,60,14,2,7,7,7.0
dev.sebaubuntu.athena_17.apk,ares,2,180,14,2,7,7,7.0
dev.sebaubuntu.athena_17.apk,ares,2,300,14,2,7,7,7.0
dev.sebaubuntu.athena_17.apk,ares,3,60,14,2,7,7,7.0
dev.sebaubuntu.athena_17.apk,ares,3,180,14,2,7,7,7.0
dev.sebaubuntu.athena_17.apk,ares,3,300,14,2,7,7,7.0
dev.sebaubuntu.athena_17.apk,fastbot,1,60,7,2,7,7,7.0
dev.sebaubuntu.athena_17.apk,fastbot,1,180,14,2,7,7,7.0
dev.sebaubuntu.athena_17.apk,fastbot,1,300,7,2,7,7,7.0
dev.sebaubuntu.athena_17.apk,fastbot,2,60,7,2,7,7,7.0
dev.sebaubuntu.athena_17.apk,fastbot,2,180,7,2,7,7,7.0
dev.sebaubuntu.athena_17.apk,fastbot,2,300,7,2,7,7,7.0
dev.sebaubuntu.athena_17.apk,fastbot,3,60,7,2,7,7,7.0
dev.sebaubuntu.athena_17.apk,fastbot,3,180,0,0,0,0,0
dev.sebaubuntu.athena_17.apk,fastbot,3,300,14,2,7,7,7.0
dev.sebaubuntu.athena_17.apk,qtesting,1,60,14,2,7,7,7.0
dev.sebaubuntu.athena_17.apk,qtesting,1,300,21,2,7,7,7.0
dev.sebaubuntu.athena_17.apk,qtesting,2,60,7,2,7,7,7.0
dev.sebaubuntu.athena_17.apk,qtesting,2,180,21,2,7,7,7.0
dev.sebaubuntu.athena_17.apk,qtesting,2,300,21,2,7,7,7.0
dev.sebaubuntu.athena_17.apk,qtesting,3,60,7,2,7,7,7.0
dev.sebaubuntu.athena_17.apk,qtesting,3,180,21,2,7,7,7.0
dev.sebaubuntu.athena_17.apk,qtesting,3,300,21,2,7,7,7.0
io.github.jd1378.otphelper_52000.apk,monkey,1,60,0,0,0,0,0
io.github.jd1378.otphelper_52000.apk,monkey,1,180,0,0,0,0,0
io.github.jd1378.otphelper_52000.apk,monkey,1,300,0,0,0,0,0
io.github.jd1378.otphelper_52000.apk,monkey,2,60,0,0,0,0,0
io.github.jd1378.otphelper_52000.apk,monkey,2,180,0,0,0,0,0
com.rastislavkish.vscan_24.apk,ape,1,180,0,0,0,0,0
com.rastislavkish.vscan_24.apk,humanoid,2,300,0,0,0,0,0
com.rastislavkish.vscan_24.apk,fastbot,1,180,0,0,0,0,0
dev.sebaubuntu.athena_17.apk,ape,3,60,14,2,7,7,7.0
dev.sebaubuntu.athena_17.apk,qtesting,1,180,28,2,7,7,7.0
io.github.jd1378.otphelper_52000.apk,monkey,2,300,0,0,0,0,0
io.github.jd1378.otphelper_52000.apk,monkey,3,60,0,0,0,0,0
io.github.jd1378.otphelper_52000.apk,monkey,3,180,0,0,0,0,0
io.github.jd1378.otphelper_52000.apk,monkey,3,300,0,0,0,0,0
io.github.jd1378.otphelper_52000.apk,droidbot:dfs_greedy,1,60,0,0,0,0,0
io.github.jd1378.otphelper_52000.apk,droidbot:dfs_greedy,1,180,0,0,0,0,0
io.github.jd1378.otphelper_52000.apk,droidbot:dfs_greedy,1,300,0,0,0,0,0
io.github.jd1378.otphelper_52000.apk,droidbot:dfs_greedy,2,60,0,0,0,0,0
io.github.jd1378.otphelper_52000.apk,droidbot:dfs_greedy,2,180,0,0,0,0,0
io.github.jd1378.otphelper_52000.apk,droidbot:dfs_greedy,2,300,0,0,0,0,0
io.github.jd1378.otphelper_52000.apk,droidbot:dfs_greedy,3,60,0,0,0,0,0
io.github.jd1378.otphelper_52000.apk,droidbot:dfs_greedy,3,180,0,0,0,0,0
io.github.jd1378.otphelper_52000.apk,droidbot:dfs_greedy,3,300,0,0,0,0,0
io.github.jd1378.otphelper_52000.apk,droidbot:bfs_greedy,1,60,0,0,0,0,0
io.github.jd1378.otphelper_52000.apk,droidbot:bfs_greedy,1,180,0,0,0,0,0
io.github.jd1378.otphelper_52000.apk,droidbot:bfs_greedy,1,300,0,0,0,0,0
io.github.jd1378.otphelper_52000.apk,droidbot:bfs_greedy,2,60,0,0,0,0,0
io.github.jd1378.otphelper_52000.apk,droidbot:bfs_greedy,2,180,0,0,0,0,0
io.github.jd1378.otphelper_52000.apk,droidbot:bfs_greedy,2,300,0,0,0,0,0
io.github.jd1378.otphelper_52000.apk,droidbot:bfs_greedy,3,60,0,0,0,0,0
io.github.jd1378.otphelper_52000.apk,droidbot:bfs_greedy,3,180,0,0,0,0,0
io.github.jd1378.otphelper_52000.apk,droidbot:bfs_greedy,3,300,0,0,0,0,0
io.github.jd1378.otphelper_52000.apk,droidbot:dfs_naive,1,60,0,0,0,0,0
io.github.jd1378.otphelper_52000.apk,droidbot:dfs_naive,1,180,0,0,0,0,0
io.github.jd1378.otphelper_52000.apk,droidbot:dfs_naive,1,300,0,0,0,0,0
io.github.jd1378.otphelper_52000.apk,droidbot:dfs_naive,2,60,0,0,0,0,0
io.github.jd1378.otphelper_52000.apk,droidbot:dfs_naive,2,180,0,0,0,0,0
io.github.jd1378.otphelper_52000.apk,droidbot:dfs_naive,2,300,0,0,0,0,0
io.github.jd1378.otphelper_52000.apk,droidbot:dfs_naive,3,60,0,0,0,0,0
io.github.jd1378.otphelper_52000.apk,droidbot:dfs_naive,3,180,0,0,0,0,0
io.github.jd1378.otphelper_52000.apk,droidbot:dfs_naive,3,300,0,0,0,0,0
io.github.jd1378.otphelper_52000.apk,droidbot:bfs_naive,1,60,0,0,0,0,0
io.github.jd1378.otphelper_52000.apk,droidbot:bfs_naive,1,180,0,0,0,0,0
io.github.jd1378.otphelper_52000.apk,droidbot:bfs_naive,1,300,0,0,0,0,0
io.github.jd1378.otphelper_52000.apk,droidbot:bfs_naive,2,60,0,0,0,0,0
io.github.jd1378.otphelper_52000.apk,droidbot:bfs_naive,2,180,0,0,0,0,0
io.github.jd1378.otphelper_52000.apk,droidbot:bfs_naive,2,300,0,0,0,0,0
io.github.jd1378.otphelper_52000.apk,droidbot:bfs_naive,3,60,0,0,0,0,0
io.github.jd1378.otphelper_52000.apk,droidbot:bfs_naive,3,180,0,0,0,0,0
io.github.jd1378.otphelper_52000.apk,droidbot:bfs_naive,3,300,0,0,0,0,0
io.github.jd1378.otphelper_52000.apk,ape,1,60,0,0,0,0,0
io.github.jd1378.otphelper_52000.apk,ape,1,180,0,0,0,0,0
io.github.jd1378.otphelper_52000.apk,ape,1,300,0,0,0,0,0
io.github.jd1378.otphelper_52000.apk,ape,2,60,0,0,0,0,0
io.github.jd1378.otphelper_52000.apk,ape,2,180,0,0,0,0,0
io.github.jd1378.otphelper_52000.apk,ape,2,300,0,0,0,0,0
io.github.jd1378.otphelper_52000.apk,ape,3,60,0,0,0,0,0
io.github.jd1378.otphelper_52000.apk,ape,3,180,0,0,0,0,0
io.github.jd1378.otphelper_52000.apk,ape,3,300,0,0,0,0,0
io.github.jd1378.otphelper_52000.apk,droidmate,1,60,0,0,0,0,0
io.github.jd1378.otphelper_52000.apk,droidmate,1,180,0,0,0,0,0
io.github.jd1378.otphelper_52000.apk,droidmate,1,300,0,0,0,0,0
io.github.jd1378.otphelper_52000.apk,droidmate,2,60,0,0,0,0,0
io.github.jd1378.otphelper_52000.apk,droidmate,2,180,0,0,0,0,0
io.github.jd1378.otphelper_52000.apk,droidmate,2,300,0,0,0,0,0
io.github.jd1378.otphelper_52000.apk,droidmate,3,60,0,0,0,0,0
io.github.jd1378.otphelper_52000.apk,droidmate,3,180,0,0,0,0,0
io.github.jd1378.otphelper_52000.apk,droidmate,3,300,0,0,0,0,0
io.github.jd1378.otphelper_52000.apk,humanoid,1,60,0,0,0,0,0
io.github.jd1378.otphelper_52000.apk,humanoid,1,180,0,0,0,0,0
io.github.jd1378.otphelper_52000.apk,humanoid,1,300,0,0,0,0,0
io.github.jd1378.otphelper_52000.apk,humanoid,2,60,0,0,0,0,0
io.github.jd1378.otphelper_52000.apk,humanoid,2,180,0,0,0,0,0
io.github.jd1378.otphelper_52000.apk,humanoid,2,300,0,0,0,0,0
io.github.jd1378.otphelper_52000.apk,humanoid,3,60,0,0,0,0,0
io.github.jd1378.otphelper_52000.apk,humanoid,3,180,0,0,0,0,0
io.github.jd1378.otphelper_52000.apk,humanoid,3,300,0,0,0,0,0
io.github.jd1378.otphelper_52000.apk,ares,1,60,0,0,0,0,0
io.github.jd1378.otphelper_52000.apk,ares,1,180,0,0,0,0,0
io.github.jd1378.otphelper_52000.apk,ares,1,300,0,0,0,0,0
io.github.jd1378.otphelper_52000.apk,ares,2,60,0,0,0,0,0
io.github.jd1378.otphelper_52000.apk,ares,2,180,0,0,0,0,0
io.github.jd1378.otphelper_52000.apk,ares,2,300,0,0,0,0,0
io.github.jd1378.otphelper_52000.apk,ares,3,60,0,0,0,0,0
io.github.jd1378.otphelper_52000.apk,ares,3,300,0,0,0,0,0
io.github.jd1378.otphelper_52000.apk,fastbot,1,60,0,0,0,0,0
io.github.jd1378.otphelper_52000.apk,fastbot,1,180,0,0,0,0,0
io.github.jd1378.otphelper_52000.apk,fastbot,1,300,0,0,0,0,0
io.github.jd1378.otphelper_52000.apk,fastbot,2,60,0,0,0,0,0
io.github.jd1378.otphelper_52000.apk,fastbot,2,180,0,0,0,0,0
io.github.jd1378.otphelper_52000.apk,fastbot,2,300,0,0,0,0,0
io.github.jd1378.otphelper_52000.apk,fastbot,3,60,0,0,0,0,0
io.github.jd1378.otphelper_52000.apk,fastbot,3,180,0,0,0,0,0
io.github.jd1378.otphelper_52000.apk,fastbot,3,300,0,0,0,0,0
io.github.jd1378.otphelper_52000.apk,qtesting,1,60,0,0,0,0,0
io.github.jd1378.otphelper_52000.apk,qtesting,1,180,0,0,0,0,0
io.github.jd1378.otphelper_52000.apk,qtesting,1,300,0,0,0,0,0
io.github.jd1378.otphelper_52000.apk,qtesting,2,60,0,0,0,0,0
io.github.jd1378.otphelper_52000.apk,qtesting,2,180,0,0,0,0,0
io.github.jd1378.otphelper_52000.apk,qtesting,2,300,0,0,0,0,0
io.github.jd1378.otphelper_52000.apk,qtesting,3,60,0,0,0,0,0
io.github.jd1378.otphelper_52000.apk,qtesting,3,180,0,0,0,0,0
io.github.jd1378.otphelper_52000.apk,qtesting,3,300,0,0,0,0,0
me.rosuh.easywatermark_21000.apk,monkey,1,60,0,0,0,0,0
me.rosuh.easywatermark_21000.apk,monkey,1,180,0,0,0,0,0
me.rosuh.easywatermark_21000.apk,monkey,1,300,0,0,0,0,0
me.rosuh.easywatermark_21000.apk,monkey,2,60,0,0,0,0,0
me.rosuh.easywatermark_21000.apk,monkey,2,180,0,0,0,0,0
me.rosuh.easywatermark_21000.apk,monkey,2,300,0,0,0,0,0
me.rosuh.easywatermark_21000.apk,monkey,3,60,0,0,0,0,0
me.rosuh.easywatermark_21000.apk,monkey,3,180,0,0,0,0,0
me.rosuh.easywatermark_21000.apk,monkey,3,300,0,0,0,0,0
me.rosuh.easywatermark_21000.apk,droidbot:dfs_greedy,1,60,0,0,0,0,0
me.rosuh.easywatermark_21000.apk,droidbot:dfs_greedy,1,180,0,0,0,0,0
me.rosuh.easywatermark_21000.apk,droidbot:dfs_greedy,1,300,0,0,0,0,0
me.rosuh.easywatermark_21000.apk,droidbot:dfs_greedy,2,60,0,0,0,0,0
me.rosuh.easywatermark_21000.apk,droidbot:dfs_greedy,2,180,0,0,0,0,0
me.rosuh.easywatermark_21000.apk,droidbot:dfs_greedy,2,300,0,0,0,0,0
me.rosuh.easywatermark_21000.apk,droidbot:dfs_greedy,3,60,0,0,0,0,0
me.rosuh.easywatermark_21000.apk,droidbot:dfs_greedy,3,180,0,0,0,0,0
me.rosuh.easywatermark_21000.apk,droidbot:dfs_greedy,3,300,0,0,0,0,0
me.rosuh.easywatermark_21000.apk,droidbot:bfs_greedy,1,60,0,0,0,0,0
me.rosuh.easywatermark_21000.apk,droidbot:bfs_greedy,1,180,0,0,0,0,0
me.rosuh.easywatermark_21000.apk,droidbot:bfs_greedy,1,300,0,0,0,0,0
me.rosuh.easywatermark_21000.apk,droidbot:bfs_greedy,2,60,0,0,0,0,0
me.rosuh.easywatermark_21000.apk,droidbot:bfs_greedy,2,180,0,0,0,0,0
me.rosuh.easywatermark_21000.apk,droidbot:bfs_greedy,2,300,0,0,0,0,0
me.rosuh.easywatermark_21000.apk,droidbot:bfs_greedy,3,60,0,0,0,0,0
me.rosuh.easywatermark_21000.apk,droidbot:bfs_greedy,3,180,0,0,0,0,0
me.rosuh.easywatermark_21000.apk,droidbot:bfs_greedy,3,300,0,0,0,0,0
me.rosuh.easywatermark_21000.apk,droidbot:dfs_naive,1,60,0,0,0,0,0
me.rosuh.easywatermark_21000.apk,droidbot:dfs_naive,1,180,0,0,0,0,0
me.rosuh.easywatermark_21000.apk,droidbot:dfs_naive,1,300,0,0,0,0,0
me.rosuh.easywatermark_21000.apk,droidbot:dfs_naive,2,60,0,0,0,0,0
me.rosuh.easywatermark_21000.apk,droidbot:dfs_naive,2,180,0,0,0,0,0
me.rosuh.easywatermark_21000.apk,droidbot:dfs_naive,2,300,0,0,0,0,0
me.rosuh.easywatermark_21000.apk,droidbot:dfs_naive,3,60,0,0,0,0,0
me.rosuh.easywatermark_21000.apk,droidbot:dfs_naive,3,180,0,0,0,0,0
me.rosuh.easywatermark_21000.apk,droidbot:dfs_naive,3,300,0,0,0,0,0
me.rosuh.easywatermark_21000.apk,droidbot:bfs_naive,1,60,0,0,0,0,0
me.rosuh.easywatermark_21000.apk,droidbot:bfs_naive,1,180,0,0,0,0,0
me.rosuh.easywatermark_21000.apk,droidbot:bfs_naive,1,300,0,0,0,0,0
me.rosuh.easywatermark_21000.apk,droidbot:bfs_naive,2,180,0,0,0,0,0
me.rosuh.easywatermark_21000.apk,droidbot:bfs_naive,2,300,0,0,0,0,0
me.rosuh.easywatermark_21000.apk,droidbot:bfs_naive,3,60,0,0,0,0,0
me.rosuh.easywatermark_21000.apk,droidbot:bfs_naive,3,180,0,0,0,0,0
me.rosuh.easywatermark_21000.apk,droidbot:bfs_naive,3,300,0,0,0,0,0
me.rosuh.easywatermark_21000.apk,ape,1,60,0,0,0,0,0
me.rosuh.easywatermark_21000.apk,ape,1,300,0,0,0,0,0
me.rosuh.easywatermark_21000.apk,ape,2,60,0,0,0,0,0
me.rosuh.easywatermark_21000.apk,ape,2,180,0,0,0,0,0
me.rosuh.easywatermark_21000.apk,ape,2,300,0,0,0,0,0
me.rosuh.easywatermark_21000.apk,ape,3,60,0,0,0,0,0
me.rosuh.easywatermark_21000.apk,ape,3,180,0,0,0,0,0
me.rosuh.easywatermark_21000.apk,ape,3,300,0,0,0,0,0
me.rosuh.easywatermark_21000.apk,droidmate,1,60,0,0,0,0,0
me.rosuh.easywatermark_21000.apk,droidmate,1,180,0,0,0,0,0
me.rosuh.easywatermark_21000.apk,droidmate,1,300,0,0,0,0,0
me.rosuh.easywatermark_21000.apk,droidmate,2,60,0,0,0,0,0
me.rosuh.easywatermark_21000.apk,droidmate,2,180,0,0,0,0,0
me.rosuh.easywatermark_21000.apk,droidmate,2,300,0,0,0,0,0
me.rosuh.easywatermark_21000.apk,droidmate,3,60,0,0,0,0,0
me.rosuh.easywatermark_21000.apk,droidmate,3,180,0,0,0,0,0
me.rosuh.easywatermark_21000.apk,droidmate,3,300,0,0,0,0,0
me.rosuh.easywatermark_21000.apk,humanoid,1,60,0,0,0,0,0
me.rosuh.easywatermark_21000.apk,humanoid,1,180,0,0,0,0,0
me.rosuh.easywatermark_21000.apk,humanoid,1,300,0,0,0,0,0
me.rosuh.easywatermark_21000.apk,humanoid,2,60,0,0,0,0,0
me.rosuh.easywatermark_21000.apk,humanoid,2,180,0,0,0,0,0
me.rosuh.easywatermark_21000.apk,humanoid,2,300,0,0,0,0,0
me.rosuh.easywatermark_21000.apk,humanoid,3,60,0,0,0,0,0
me.rosuh.easywatermark_21000.apk,humanoid,3,180,0,0,0,0,0
me.rosuh.easywatermark_21000.apk,humanoid,3,300,0,0,0,0,0
me.rosuh.easywatermark_21000.apk,ares,1,60,0,0,0,0,0
me.rosuh.easywatermark_21000.apk,ares,1,180,0,0,0,0,0
me.rosuh.easywatermark_21000.apk,ares,1,300,0,0,0,0,0
me.rosuh.easywatermark_21000.apk,ares,2,180,0,0,0,0,0
me.rosuh.easywatermark_21000.apk,ares,2,300,0,0,0,0,0
me.rosuh.easywatermark_21000.apk,ares,3,60,0,0,0,0,0
me.rosuh.easywatermark_21000.apk,ares,3,180,0,0,0,0,0
me.rosuh.easywatermark_21000.apk,ares,3,300,0,0,0,0,0
me.rosuh.easywatermark_21000.apk,fastbot,1,60,0,0,0,0,0
me.rosuh.easywatermark_21000.apk,fastbot,1,180,0,0,0,0,0
me.rosuh.easywatermark_21000.apk,fastbot,1,300,0,0,0,0,0
me.rosuh.easywatermark_21000.apk,fastbot,2,60,0,0,0,0,0
me.rosuh.easywatermark_21000.apk,fastbot,2,180,0,0,0,0,0
me.rosuh.easywatermark_21000.apk,fastbot,2,300,0,0,0,0,0
me.rosuh.easywatermark_21000.apk,fastbot,3,60,0,0,0,0,0
me.rosuh.easywatermark_21000.apk,fastbot,3,180,0,0,0,0,0
me.rosuh.easywatermark_21000.apk,fastbot,3,300,0,0,0,0,0
me.rosuh.easywatermark_21000.apk,qtesting,1,60,0,0,0,0,0
me.rosuh.easywatermark_21000.apk,qtesting,1,180,0,0,0,0,0
me.rosuh.easywatermark_21000.apk,qtesting,1,300,0,0,0,0,0
me.rosuh.easywatermark_21000.apk,qtesting,2,60,0,0,0,0,0
me.rosuh.easywatermark_21000.apk,qtesting,2,180,0,0,0,0,0
me.rosuh.easywatermark_21000.apk,qtesting,3,60,0,0,0,0,0
me.rosuh.easywatermark_21000.apk,qtesting,3,180,0,0,0,0,0
me.rosuh.easywatermark_21000.apk,qtesting,3,300,0,0,0,0,0
nz.eloque.foss_wallet_111.apk,monkey,1,60,0,0,0,0,0
nz.eloque.foss_wallet_111.apk,monkey,1,180,0,0,0,0,0
nz.eloque.foss_wallet_111.apk,monkey,1,300,0,0,0,0,0
nz.eloque.foss_wallet_111.apk,monkey,2,60,0,0,0,0,0
nz.eloque.foss_wallet_111.apk,monkey,2,180,0,0,0,0,0
nz.eloque.foss_wallet_111.apk,monkey,2,300,0,0,0,0,0
nz.eloque.foss_wallet_111.apk,monkey,3,60,0,0,0,0,0
nz.eloque.foss_wallet_111.apk,monkey,3,180,0,0,0,0,0
nz.eloque.foss_wallet_111.apk,monkey,3,300,0,0,0,0,0
nz.eloque.foss_wallet_111.apk,droidbot:dfs_greedy,1,60,0,0,0,0,0
nz.eloque.foss_wallet_111.apk,droidbot:dfs_greedy,1,180,0,0,0,0,0
nz.eloque.foss_wallet_111.apk,droidbot:dfs_greedy,1,300,0,0,0,0,0
nz.eloque.foss_wallet_111.apk,droidbot:dfs_greedy,2,60,0,0,0,0,0
nz.eloque.foss_wallet_111.apk,droidbot:dfs_greedy,2,180,0,0,0,0,0
nz.eloque.foss_wallet_111.apk,droidbot:dfs_greedy,2,300,0,0,0,0,0
nz.eloque.foss_wallet_111.apk,droidbot:dfs_greedy,3,60,0,0,0,0,0
nz.eloque.foss_wallet_111.apk,droidbot:dfs_greedy,3,180,0,0,0,0,0
nz.eloque.foss_wallet_111.apk,droidbot:dfs_greedy,3,300,0,0,0,0,0
nz.eloque.foss_wallet_111.apk,droidbot:bfs_greedy,1,60,0,0,0,0,0
nz.eloque.foss_wallet_111.apk,droidbot:bfs_greedy,1,180,0,0,0,0,0
nz.eloque.foss_wallet_111.apk,droidbot:bfs_greedy,1,300,0,0,0,0,0
nz.eloque.foss_wallet_111.apk,droidbot:bfs_greedy,2,60,0,0,0,0,0
nz.eloque.foss_wallet_111.apk,droidbot:bfs_greedy,2,180,0,0,0,0,0
nz.eloque.foss_wallet_111.apk,droidbot:bfs_greedy,2,300,0,0,0,0,0
nz.eloque.foss_wallet_111.apk,droidbot:bfs_greedy,3,60,0,0,0,0,0
nz.eloque.foss_wallet_111.apk,droidbot:bfs_greedy,3,180,0,0,0,0,0
nz.eloque.foss_wallet_111.apk,droidbot:bfs_greedy,3,300,0,0,0,0,0
nz.eloque.foss_wallet_111.apk,droidbot:dfs_naive,1,60,0,0,0,0,0
nz.eloque.foss_wallet_111.apk,droidbot:dfs_naive,1,180,0,0,0,0,0
nz.eloque.foss_wallet_111.apk,droidbot:dfs_naive,1,300,0,0,0,0,0
nz.eloque.foss_wallet_111.apk,droidbot:dfs_naive,2,60,0,0,0,0,0
nz.eloque.foss_wallet_111.apk,droidbot:dfs_naive,2,180,0,0,0,0,0
nz.eloque.foss_wallet_111.apk,droidbot:dfs_naive,2,300,0,0,0,0,0
nz.eloque.foss_wallet_111.apk,droidbot:dfs_naive,3,60,0,0,0,0,0
nz.eloque.foss_wallet_111.apk,droidbot:dfs_naive,3,180,0,0,0,0,0
nz.eloque.foss_wallet_111.apk,droidbot:dfs_naive,3,300,0,0,0,0,0
nz.eloque.foss_wallet_111.apk,droidbot:bfs_naive,1,60,0,0,0,0,0
nz.eloque.foss_wallet_111.apk,droidbot:bfs_naive,1,180,0,0,0,0,0
nz.eloque.foss_wallet_111.apk,droidbot:bfs_naive,1,300,0,0,0,0,0
nz.eloque.foss_wallet_111.apk,droidbot:bfs_naive,2,60,0,0,0,0,0
nz.eloque.foss_wallet_111.apk,droidbot:bfs_naive,2,180,0,0,0,0,0
nz.eloque.foss_wallet_111.apk,droidbot:bfs_naive,2,300,0,0,0,0,0
nz.eloque.foss_wallet_111.apk,droidbot:bfs_naive,3,60,0,0,0,0,0
nz.eloque.foss_wallet_111.apk,droidbot:bfs_naive,3,180,0,0,0,0,0
nz.eloque.foss_wallet_111.apk,droidbot:bfs_naive,3,300,0,0,0,0,0
nz.eloque.foss_wallet_111.apk,ape,1,60,0,0,0,0,0
nz.eloque.foss_wallet_111.apk,ape,1,180,0,0,0,0,0
nz.eloque.foss_wallet_111.apk,ape,1,300,0,0,0,0,0
nz.eloque.foss_wallet_111.apk,ape,2,60,0,0,0,0,0
nz.eloque.foss_wallet_111.apk,ape,2,180,0,0,0,0,0
nz.eloque.foss_wallet_111.apk,ape,2,300,0,0,0,0,0
nz.eloque.foss_wallet_111.apk,ape,3,60,0,0,0,0,0
nz.eloque.foss_wallet_111.apk,ape,3,180,0,0,0,0,0
nz.eloque.foss_wallet_111.apk,ape,3,300,0,0,0,0,0
nz.eloque.foss_wallet_111.apk,droidmate,1,60,0,0,0,0,0
nz.eloque.foss_wallet_111.apk,droidmate,1,180,0,0,0,0,0
nz.eloque.foss_wallet_111.apk,droidmate,1,300,0,0,0,0,0
nz.eloque.foss_wallet_111.apk,droidmate,2,60,0,0,0,0,0
nz.eloque.foss_wallet_111.apk,droidmate,2,180,0,0,0,0,0
nz.eloque.foss_wallet_111.apk,droidmate,2,300,0,0,0,0,0
nz.eloque.foss_wallet_111.apk,droidmate,3,60,0,0,0,0,0
nz.eloque.foss_wallet_111.apk,droidmate,3,180,0,0,0,0,0
nz.eloque.foss_wallet_111.apk,droidmate,3,300,0,0,0,0,0
nz.eloque.foss_wallet_111.apk,humanoid,1,60,0,0,0,0,0
nz.eloque.foss_wallet_111.apk,humanoid,1,180,0,0,0,0,0
nz.eloque.foss_wallet_111.apk,humanoid,1,300,0,0,0,0,0
nz.eloque.foss_wallet_111.apk,humanoid,2,60,0,0,0,0,0
nz.eloque.foss_wallet_111.apk,humanoid,2,180,0,0,0,0,0
nz.eloque.foss_wallet_111.apk,humanoid,2,300,0,0,0,0,0
nz.eloque.foss_wallet_111.apk,humanoid,3,60,0,0,0,0,0
nz.eloque.foss_wallet_111.apk,humanoid,3,180,0,0,0,0,0
nz.eloque.foss_wallet_111.apk,humanoid,3,300,0,0,0,0,0
nz.eloque.foss_wallet_111.apk,ares,1,60,0,0,0,0,0
nz.eloque.foss_wallet_111.apk,ares,1,180,0,0,0,0,0
nz.eloque.foss_wallet_111.apk,ares,1,300,0,0,0,0,0
nz.eloque.foss_wallet_111.apk,ares,2,60,0,0,0,0,0
nz.eloque.foss_wallet_111.apk,ares,2,180,0,0,0,0,0
nz.eloque.foss_wallet_111.apk,ares,2,300,0,0,0,0,0
nz.eloque.foss_wallet_111.apk,ares,3,60,0,0,0,0,0
nz.eloque.foss_wallet_111.apk,ares,3,180,0,0,0,0,0
nz.eloque.foss_wallet_111.apk,ares,3,300,0,0,0,0,0
nz.eloque.foss_wallet_111.apk,fastbot,1,60,0,0,0,0,0
nz.eloque.foss_wallet_111.apk,fastbot,1,180,0,0,0,0,0
nz.eloque.foss_wallet_111.apk,fastbot,1,300,0,0,0,0,0
nz.eloque.foss_wallet_111.apk,fastbot,2,60,0,0,0,0,0
nz.eloque.foss_wallet_111.apk,fastbot,2,180,0,0,0,0,0
nz.eloque.foss_wallet_111.apk,fastbot,3,60,0,0,0,0,0
nz.eloque.foss_wallet_111.apk,fastbot,3,180,0,0,0,0,0
nz.eloque.foss_wallet_111.apk,fastbot,3,300,0,0,0,0,0
nz.eloque.foss_wallet_111.apk,qtesting,1,60,0,0,0,0,0
nz.eloque.foss_wallet_111.apk,qtesting,1,180,0,0,0,0,0
nz.eloque.foss_wallet_111.apk,qtesting,1,300,0,0,0,0,0
nz.eloque.foss_wallet_111.apk,qtesting,2,60,0,0,0,0,0
nz.eloque.foss_wallet_111.apk,qtesting,2,180,0,0,0,0,0
nz.eloque.foss_wallet_111.apk,qtesting,2,300,0,0,0,0,0
nz.eloque.foss_wallet_111.apk,qtesting,3,60,0,0,0,0,0
nz.eloque.foss_wallet_111.apk,qtesting,3,180,0,0,0,0,0
nz.eloque.foss_wallet_111.apk,qtesting,3,300,0,0,0,0,0
org.fossify.paint_7.apk,monkey,1,60,0,0,0,0,0
org.fossify.paint_7.apk,monkey,1,180,0,0,0,0,0
org.fossify.paint_7.apk,monkey,1,300,0,0,0,0,0
org.fossify.paint_7.apk,monkey,2,60,0,0,0,0,0
org.fossify.paint_7.apk,monkey,2,180,0,0,0,0,0
org.fossify.paint_7.apk,monkey,2,300,0,0,0,0,0
org.fossify.paint_7.apk,monkey,3,60,0,0,0,0,0
org.fossify.paint_7.apk,monkey,3,180,0,0,0,0,0
org.fossify.paint_7.apk,monkey,3,300,0,0,0,0,0
org.fossify.paint_7.apk,droidbot:dfs_greedy,1,60,0,0,0,0,0
org.fossify.paint_7.apk,droidbot:dfs_greedy,1,180,0,0,0,0,0
org.fossify.paint_7.apk,droidbot:dfs_greedy,1,300,0,0,0,0,0
org.fossify.paint_7.apk,droidbot:dfs_greedy,2,60,0,0,0,0,0
org.fossify.paint_7.apk,droidbot:dfs_greedy,2,180,0,0,0,0,0
org.fossify.paint_7.apk,droidbot:dfs_greedy,2,300,0,0,0,0,0
org.fossify.paint_7.apk,droidbot:dfs_greedy,3,60,0,0,0,0,0
org.fossify.paint_7.apk,droidbot:dfs_greedy,3,180,0,0,0,0,0
org.fossify.paint_7.apk,droidbot:dfs_greedy,3,300,0,0,0,0,0
org.fossify.paint_7.apk,droidbot:bfs_greedy,1,60,0,0,0,0,0
org.fossify.paint_7.apk,droidbot:bfs_greedy,1,180,0,0,0,0,0
org.fossify.paint_7.apk,droidbot:bfs_greedy,1,300,0,0,0,0,0
org.fossify.paint_7.apk,droidbot:bfs_greedy,2,60,0,0,0,0,0
org.fossify.paint_7.apk,droidbot:bfs_greedy,2,180,0,0,0,0,0
org.fossify.paint_7.apk,droidbot:bfs_greedy,2,300,0,0,0,0,0
org.fossify.paint_7.apk,droidbot:bfs_greedy,3,60,0,0,0,0,0
org.fossify.paint_7.apk,droidbot:bfs_greedy,3,180,0,0,0,0,0
org.fossify.paint_7.apk,droidbot:bfs_greedy,3,300,0,0,0,0,0
org.fossify.paint_7.apk,droidbot:dfs_naive,1,60,0,0,0,0,0
org.fossify.paint_7.apk,droidbot:dfs_naive,1,180,0,0,0,0,0
org.fossify.paint_7.apk,droidbot:dfs_naive,1,300,0,0,0,0,0
org.fossify.paint_7.apk,droidbot:dfs_naive,2,60,0,0,0,0,0
org.fossify.paint_7.apk,droidbot:dfs_naive,2,180,0,0,0,0,0
org.fossify.paint_7.apk,droidbot:dfs_naive,2,300,0,0,0,0,0
org.fossify.paint_7.apk,droidbot:dfs_naive,3,60,0,0,0,0,0
org.fossify.paint_7.apk,droidbot:dfs_naive,3,180,0,0,0,0,0
org.fossify.paint_7.apk,droidbot:dfs_naive,3,300,0,0,0,0,0
org.fossify.paint_7.apk,droidbot:bfs_naive,1,60,0,0,0,0,0
org.fossify.paint_7.apk,droidbot:bfs_naive,1,180,0,0,0,0,0
org.fossify.paint_7.apk,droidbot:bfs_naive,1,300,0,0,0,0,0
org.fossify.paint_7.apk,droidbot:bfs_naive,2,60,0,0,0,0,0
org.fossify.paint_7.apk,droidbot:bfs_naive,2,180,0,0,0,0,0
org.fossify.paint_7.apk,droidbot:bfs_naive,2,300,0,0,0,0,0
org.fossify.paint_7.apk,droidbot:bfs_naive,3,60,0,0,0,0,0
org.fossify.paint_7.apk,droidbot:bfs_naive,3,180,0,0,0,0,0
org.fossify.paint_7.apk,droidbot:bfs_naive,3,300,0,0,0,0,0
org.fossify.paint_7.apk,ape,1,60,0,0,0,0,0
org.fossify.paint_7.apk,ape,1,180,0,0,0,0,0
org.fossify.paint_7.apk,ape,1,300,0,0,0,0,0
org.fossify.paint_7.apk,ape,2,60,0,0,0,0,0
org.fossify.paint_7.apk,ape,2,180,0,0,0,0,0
org.fossify.paint_7.apk,ape,2,300,0,0,0,0,0
org.fossify.paint_7.apk,ape,3,60,0,0,0,0,0
org.fossify.paint_7.apk,ape,3,180,0,0,0,0,0
org.fossify.paint_7.apk,ape,3,300,0,0,0,0,0
org.fossify.paint_7.apk,droidmate,1,60,0,0,0,0,0
org.fossify.paint_7.apk,droidmate,1,180,0,0,0,0,0
org.fossify.paint_7.apk,droidmate,1,300,0,0,0,0,0
org.fossify.paint_7.apk,droidmate,2,60,0,0,0,0,0
org.fossify.paint_7.apk,droidmate,2,180,0,0,0,0,0
org.fossify.paint_7.apk,droidmate,2,300,0,0,0,0,0
org.fossify.paint_7.apk,droidmate,3,60,0,0,0,0,0
org.fossify.paint_7.apk,droidmate,3,180,0,0,0,0,0
org.fossify.paint_7.apk,droidmate,3,300,0,0,0,0,0
org.fossify.paint_7.apk,humanoid,1,60,0,0,0,0,0
org.fossify.paint_7.apk,humanoid,1,180,0,0,0,0,0
org.fossify.paint_7.apk,humanoid,1,300,0,0,0,0,0
org.fossify.paint_7.apk,humanoid,2,60,0,0,0,0,0
org.fossify.paint_7.apk,humanoid,2,180,0,0,0,0,0
org.fossify.paint_7.apk,humanoid,2,300,0,0,0,0,0
org.fossify.paint_7.apk,humanoid,3,60,0,0,0,0,0
org.fossify.paint_7.apk,humanoid,3,180,0,0,0,0,0
org.fossify.paint_7.apk,humanoid,3,300,0,0,0,0,0
org.fossify.paint_7.apk,ares,1,60,0,0,0,0,0
org.fossify.paint_7.apk,ares,1,180,0,0,0,0,0
org.fossify.paint_7.apk,ares,1,300,0,0,0,0,0
org.fossify.paint_7.apk,ares,2,60,0,0,0,0,0
org.fossify.paint_7.apk,ares,2,180,0,0,0,0,0
org.fossify.paint_7.apk,ares,2,300,0,0,0,0,0
org.fossify.paint_7.apk,ares,3,60,0,0,0,0,0
org.fossify.paint_7.apk,ares,3,180,0,0,0,0,0
org.fossify.paint_7.apk,ares,3,300,0,0,0,0,0
org.fossify.paint_7.apk,fastbot,1,60,0,0,0,0,0
org.fossify.paint_7.apk,fastbot,1,180,0,0,0,0,0
org.fossify.paint_7.apk,fastbot,1,300,0,0,0,0,0
org.fossify.paint_7.apk,fastbot,2,60,0,0,0,0,0
org.fossify.paint_7.apk,fastbot,2,180,0,0,0,0,0
org.fossify.paint_7.apk,fastbot,2,300,0,0,0,0,0
org.fossify.paint_7.apk,fastbot,3,60,0,0,0,0,0
org.fossify.paint_7.apk,fastbot,3,180,0,0,0,0,0
org.fossify.paint_7.apk,fastbot,3,300,0,0,0,0,0
org.fossify.paint_7.apk,qtesting,1,60,0,0,0,0,0
org.fossify.paint_7.apk,qtesting,1,180,0,0,0,0,0
org.fossify.paint_7.apk,qtesting,1,300,0,0,0,0,0
org.fossify.paint_7.apk,qtesting,2,60,0,0,0,0,0
org.fossify.paint_7.apk,qtesting,2,180,0,0,0,0,0
org.fossify.paint_7.apk,qtesting,2,300,0,0,0,0,0
org.fossify.paint_7.apk,qtesting,3,60,0,0,0,0,0
org.fossify.paint_7.apk,qtesting,3,180,0,0,0,0,0
org.fossify.paint_7.apk,qtesting,3,300,0,0,0,0,0
org.openhab.habdroid_589.apk,monkey,1,60,25,10,25,25,25.0
org.openhab.habdroid_589.apk,monkey,1,180,75,10,25,25,25.0
org.openhab.habdroid_589.apk,monkey,1,300,25,10,25,25,25.0
org.openhab.habdroid_589.apk,monkey,2,60,25,10,25,25,25.0
org.openhab.habdroid_589.apk,monkey,2,180,75,10,25,25,25.0
org.openhab.habdroid_589.apk,monkey,2,300,102,11,30,30,30.0
org.openhab.habdroid_589.apk,monkey,3,60,25,10,25,25,25.0
org.openhab.habdroid_589.apk,monkey,3,180,47,10,25,25,25.0
org.openhab.habdroid_589.apk,monkey,3,300,30,11,30,30,30.0
org.openhab.habdroid_589.apk,droidbot:dfs_greedy,1,60,25,10,25,25,25.0
org.openhab.habdroid_589.apk,droidbot:dfs_greedy,1,180,25,10,25,25,25.0
org.openhab.habdroid_589.apk,droidbot:dfs_greedy,1,300,25,10,25,25,25.0
org.openhab.habdroid_589.apk,droidbot:dfs_greedy,2,60,15,7,15,15,15.0
org.openhab.habdroid_589.apk,droidbot:dfs_greedy,2,180,30,11,30,30,30.0
org.openhab.habdroid_589.apk,droidbot:dfs_greedy,2,300,25,10,25,25,25.0
org.openhab.habdroid_589.apk,droidbot:dfs_greedy,3,60,25,10,25,25,25.0
org.openhab.habdroid_589.apk,droidbot:dfs_greedy,3,180,30,11,30,30,30.0
org.openhab.habdroid_589.apk,droidbot:dfs_greedy,3,300,55,11,30,30,30.0
org.openhab.habdroid_589.apk,droidbot:bfs_greedy,1,60,25,10,25,25,25.0
org.openhab.habdroid_589.apk,droidbot:bfs_greedy,1,180,28,11,28,28,28.0
org.openhab.habdroid_589.apk,droidbot:bfs_greedy,1,300,55,11,30,30,30.0
org.openhab.habdroid_589.apk,droidbot:bfs_greedy,2,60,25,10,25,25,25.0
org.openhab.habdroid_589.apk,droidbot:bfs_greedy,2,180,25,10,25,25,25.0
org.openhab.habdroid_589.apk,droidbot:bfs_greedy,2,300,46,10,25,25,25.0
org.openhab.habdroid_589.apk,droidbot:bfs_greedy,3,60,25,10,25,25,25.0
org.openhab.habdroid_589.apk,droidbot:bfs_greedy,3,180,47,10,25,25,25.0
org.openhab.habdroid_589.apk,droidbot:bfs_greedy,3,300,25,10,25,25,25.0
org.openhab.habdroid_589.apk,droidbot:dfs_naive,1,60,25,10,25,25,25.0
org.openhab.habdroid_589.apk,droidbot:dfs_naive,1,180,25,10,25,25,25.0
org.openhab.habdroid_589.apk,droidbot:dfs_naive,1,300,25,10,25,25,25.0
org.openhab.habdroid_589.apk,droidbot:dfs_naive,2,60,25,10,25,25,25.0
org.openhab.habdroid_589.apk,droidbot:dfs_naive,2,180,25,10,25,25,25.0
org.openhab.habdroid_589.apk,droidbot:dfs_naive,2,300,25,10,25,25,25.0
org.openhab.habdroid_589.apk,droidbot:dfs_naive,3,60,25,10,25,25,25.0
org.openhab.habdroid_589.apk,droidbot:dfs_naive,3,180,25,10,25,25,25.0
org.openhab.habdroid_589.apk,droidbot:dfs_naive,3,300,25,10,25,25,25.0
org.openhab.habdroid_589.apk,droidbot:bfs_naive,1,60,25,10,25,25,25.0
org.openhab.habdroid_589.apk,droidbot:bfs_naive,1,180,25,10,25,25,25.0
org.openhab.habdroid_589.apk,droidbot:bfs_naive,1,300,25,10,25,25,25.0
org.openhab.habdroid_589.apk,droidbot:bfs_naive,2,60,25,10,25,25,25.0
org.openhab.habdroid_589.apk,droidbot:bfs_naive,2,180,25,10,25,25,25.0
org.openhab.habdroid_589.apk,droidbot:bfs_naive,2,300,25,10,25,25,25.0
org.openhab.habdroid_589.apk,droidbot:bfs_naive,3,60,25,10,25,25,25.0
org.openhab.habdroid_589.apk,droidbot:bfs_naive,3,180,25,10,25,25,25.0
org.openhab.habdroid_589.apk,droidbot:bfs_naive,3,300,25,10,25,25,25.0
org.openhab.habdroid_589.apk,ape,1,60,25,10,25,25,25.0
org.openhab.habdroid_589.apk,ape,1,180,100,10,25,25,25.0
org.openhab.habdroid_589.apk,ape,1,300,75,11,30,30,30.0
org.openhab.habdroid_589.apk,ape,2,60,47,10,25,25,25.0
io.github.jd1378.otphelper_52000.apk,ares,3,180,0,0,0,0,0
me.rosuh.easywatermark_21000.apk,droidbot:bfs_naive,2,60,0,0,0,0,0
me.rosuh.easywatermark_21000.apk,ape,1,180,0,0,0,0,0
me.rosuh.easywatermark_21000.apk,ares,2,60,0,0,0,0,0
me.rosuh.easywatermark_21000.apk,qtesting,2,300,0,0,0,0,0
nz.eloque.foss_wallet_111.apk,fastbot,2,300,0,0,0,0,0
org.openhab.habdroid_589.apk,ape,2,180,105,11,30,30,30.0
org.openhab.habdroid_589.apk,ape,2,300,47,10,25,25,25.0
org.openhab.habdroid_589.apk,ape,3,60,25,10,25,25,25.0
org.openhab.habdroid_589.apk,ape,3,180,50,10,25,25,25.0
org.openhab.habdroid_589.apk,ape,3,300,50,10,25,25,25.0
org.openhab.habdroid_589.apk,droidmate,1,60,25,10,25,25,25.0
org.openhab.habdroid_589.apk,droidmate,1,180,75,10,25,25,25.0
org.openhab.habdroid_589.apk,droidmate,1,300,87,16,36,36,36.0
org.openhab.habdroid_589.apk,droidmate,2,60,25,10,25,25,25.0
org.openhab.habdroid_589.apk,droidmate,2,180,71,10,25,25,25.0
org.openhab.habdroid_589.apk,droidmate,2,300,100,10,25,25,25.0
org.openhab.habdroid_589.apk,droidmate,3,60,15,7,15,15,15.0
org.openhab.habdroid_589.apk,droidmate,3,180,55,11,30,30,30.0
org.openhab.habdroid_589.apk,droidmate,3,300,80,11,30,30,30.0
org.openhab.habdroid_589.apk,humanoid,1,60,25,10,25,25,25.0
org.openhab.habdroid_589.apk,humanoid,1,180,75,10,25,25,25.0
org.openhab.habdroid_589.apk,humanoid,1,300,25,10,25,25,25.0
org.openhab.habdroid_589.apk,humanoid,2,60,25,10,25,25,25.0
org.openhab.habdroid_589.apk,humanoid,2,180,50,10,25,25,25.0
org.openhab.habdroid_589.apk,humanoid,2,300,50,10,25,25,25.0
org.openhab.habdroid_589.apk,humanoid,3,60,25,10,25,25,25.0
org.openhab.habdroid_589.apk,humanoid,3,180,50,10,25,25,25.0
org.openhab.habdroid_589.apk,humanoid,3,300,25,10,25,25,25.0
org.openhab.habdroid_589.apk,ares,1,60,50,10,25,25,25.0
org.openhab.habdroid_589.apk,ares,1,180,71,10,25,25,25.0
org.openhab.habdroid_589.apk,ares,1,300,175,10,25,25,25.0
org.openhab.habdroid_589.apk,ares,2,60,40,10,25,25,25.0
org.openhab.habdroid_589.apk,ares,2,180,100,10,25,25,25.0
org.openhab.habdroid_589.apk,ares,2,300,105,11,30,30,30.0
org.openhab.habdroid_589.apk,ares,3,60,50,10,25,25,25.0
org.openhab.habdroid_589.apk,ares,3,180,125,10,25,25,25.0
org.openhab.habdroid_589.apk,ares,3,300,140,10,25,25,25.0
org.openhab.habdroid_589.apk,fastbot,1,60,25,10,25,25,25.0
org.openhab.habdroid_589.apk,fastbot,1,180,25,10,25,25,25.0
org.openhab.habdroid_589.apk,fastbot,1,300,30,11,30,30,30.0
org.openhab.habdroid_589.apk,fastbot,2,60,25,10,25,25,25.0
org.openhab.habdroid_589.apk,fastbot,2,180,25,10,25,25,25.0
org.openhab.habdroid_589.apk,fastbot,2,300,30,11,30,30,30.0
org.openhab.habdroid_589.apk,fastbot,3,60,30,11,30,30,30.0
org.openhab.habdroid_589.apk,fastbot,3,180,28,9,28,28,28.0
org.openhab.habdroid_589.apk,fastbot,3,300,30,11,30,30,30.0
org.openhab.habdroid_589.apk,qtesting,1,60,47,10,25,25,25.0
org.openhab.habdroid_589.apk,qtesting,1,180,105,11,30,30,30.0
org.openhab.habdroid_589.apk,qtesting,1,300,400,10,25,25,25.0
org.openhab.habdroid_589.apk,qtesting,2,60,50,10,25,25,25.0
org.openhab.habdroid_589.apk,qtesting,2,180,125,10,25,25,25.0
org.openhab.habdroid_589.apk,qtesting,2,300,325,10,25,25,25.0
org.openhab.habdroid_589.apk,qtesting,3,60,50,10,25,25,25.0
org.openhab.habdroid_589.apk,qtesting,3,180,118,11,30,30,30.0
systems.sieber.droid_scep_7.apk,monkey,1,60,0,0,0,0,0
systems.sieber.droid_scep_7.apk,monkey,1,180,0,0,0,0,0
systems.sieber.droid_scep_7.apk,monkey,1,300,0,0,0,0,0
systems.sieber.droid_scep_7.apk,monkey,2,60,0,0,0,0,0
systems.sieber.droid_scep_7.apk,monkey,2,180,0,0,0,0,0
systems.sieber.droid_scep_7.apk,monkey,2,300,0,0,0,0,0
systems.sieber.droid_scep_7.apk,monkey,3,60,0,0,0,0,0
systems.sieber.droid_scep_7.apk,monkey,3,180,0,0,0,0,0
systems.sieber.droid_scep_7.apk,monkey,3,300,0,0,0,0,0
systems.sieber.droid_scep_7.apk,droidbot:dfs_greedy,1,60,0,0,0,0,0
systems.sieber.droid_scep_7.apk,droidbot:dfs_greedy,1,180,0,0,0,0,0
systems.sieber.droid_scep_7.apk,droidbot:dfs_greedy,1,300,0,0,0,0,0
systems.sieber.droid_scep_7.apk,droidbot:dfs_greedy,2,60,0,0,0,0,0
systems.sieber.droid_scep_7.apk,droidbot:dfs_greedy,2,180,0,0,0,0,0
systems.sieber.droid_scep_7.apk,droidbot:dfs_greedy,2,300,0,0,0,0,0
systems.sieber.droid_scep_7.apk,droidbot:dfs_greedy,3,60,0,0,0,0,0
systems.sieber.droid_scep_7.apk,droidbot:dfs_greedy,3,180,0,0,0,0,0
systems.sieber.droid_scep_7.apk,droidbot:dfs_greedy,3,300,0,0,0,0,0
systems.sieber.droid_scep_7.apk,droidbot:bfs_greedy,1,60,0,0,0,0,0
systems.sieber.droid_scep_7.apk,droidbot:bfs_greedy,1,180,0,0,0,0,0
systems.sieber.droid_scep_7.apk,droidbot:bfs_greedy,1,300,0,0,0,0,0
systems.sieber.droid_scep_7.apk,droidbot:bfs_greedy,2,60,0,0,0,0,0
systems.sieber.droid_scep_7.apk,droidbot:bfs_greedy,2,180,0,0,0,0,0
systems.sieber.droid_scep_7.apk,droidbot:bfs_greedy,2,300,0,0,0,0,0
systems.sieber.droid_scep_7.apk,droidbot:bfs_greedy,3,60,0,0,0,0,0
systems.sieber.droid_scep_7.apk,droidbot:bfs_greedy,3,180,0,0,0,0,0
systems.sieber.droid_scep_7.apk,droidbot:bfs_greedy,3,300,0,0,0,0,0
systems.sieber.droid_scep_7.apk,droidbot:dfs_naive,1,60,0,0,0,0,0
systems.sieber.droid_scep_7.apk,droidbot:dfs_naive,1,180,0,0,0,0,0
systems.sieber.droid_scep_7.apk,droidbot:dfs_naive,1,300,0,0,0,0,0
systems.sieber.droid_scep_7.apk,droidbot:dfs_naive,2,60,0,0,0,0,0
systems.sieber.droid_scep_7.apk,droidbot:dfs_naive,2,180,0,0,0,0,0
systems.sieber.droid_scep_7.apk,droidbot:dfs_naive,2,300,0,0,0,0,0
systems.sieber.droid_scep_7.apk,droidbot:dfs_naive,3,60,0,0,0,0,0
systems.sieber.droid_scep_7.apk,droidbot:dfs_naive,3,180,0,0,0,0,0
systems.sieber.droid_scep_7.apk,droidbot:dfs_naive,3,300,0,0,0,0,0
systems.sieber.droid_scep_7.apk,droidbot:bfs_naive,1,60,0,0,0,0,0
systems.sieber.droid_scep_7.apk,droidbot:bfs_naive,1,180,0,0,0,0,0
systems.sieber.droid_scep_7.apk,droidbot:bfs_naive,1,300,0,0,0,0,0
systems.sieber.droid_scep_7.apk,droidbot:bfs_naive,2,60,0,0,0,0,0
systems.sieber.droid_scep_7.apk,droidbot:bfs_naive,2,180,0,0,0,0,0
systems.sieber.droid_scep_7.apk,droidbot:bfs_naive,2,300,0,0,0,0,0
systems.sieber.droid_scep_7.apk,droidbot:bfs_naive,3,60,0,0,0,0,0
systems.sieber.droid_scep_7.apk,droidbot:bfs_naive,3,180,0,0,0,0,0
systems.sieber.droid_scep_7.apk,droidbot:bfs_naive,3,300,0,0,0,0,0
systems.sieber.droid_scep_7.apk,ape,1,60,0,0,0,0,0
systems.sieber.droid_scep_7.apk,ape,1,180,0,0,0,0,0
systems.sieber.droid_scep_7.apk,ape,1,300,0,0,0,0,0
systems.sieber.droid_scep_7.apk,ape,2,60,0,0,0,0,0
systems.sieber.droid_scep_7.apk,ape,2,180,0,0,0,0,0
systems.sieber.droid_scep_7.apk,ape,2,300,0,0,0,0,0
systems.sieber.droid_scep_7.apk,ape,3,60,0,0,0,0,0
systems.sieber.droid_scep_7.apk,ape,3,180,0,0,0,0,0
systems.sieber.droid_scep_7.apk,ape,3,300,0,0,0,0,0
systems.sieber.droid_scep_7.apk,droidmate,1,60,0,0,0,0,0
systems.sieber.droid_scep_7.apk,droidmate,1,180,0,0,0,0,0
systems.sieber.droid_scep_7.apk,droidmate,1,300,0,0,0,0,0
systems.sieber.droid_scep_7.apk,droidmate,2,60,0,0,0,0,0
systems.sieber.droid_scep_7.apk,droidmate,2,180,0,0,0,0,0
systems.sieber.droid_scep_7.apk,droidmate,2,300,0,0,0,0,0
systems.sieber.droid_scep_7.apk,droidmate,3,60,0,0,0,0,0
systems.sieber.droid_scep_7.apk,droidmate,3,180,0,0,0,0,0
systems.sieber.droid_scep_7.apk,droidmate,3,300,0,0,0,0,0
systems.sieber.droid_scep_7.apk,humanoid,1,60,0,0,0,0,0
systems.sieber.droid_scep_7.apk,humanoid,1,180,0,0,0,0,0
systems.sieber.droid_scep_7.apk,humanoid,1,300,0,0,0,0,0
systems.sieber.droid_scep_7.apk,humanoid,2,60,0,0,0,0,0
systems.sieber.droid_scep_7.apk,humanoid,2,180,0,0,0,0,0
systems.sieber.droid_scep_7.apk,humanoid,2,300,0,0,0,0,0
systems.sieber.droid_scep_7.apk,humanoid,3,60,0,0,0,0,0
systems.sieber.droid_scep_7.apk,humanoid,3,180,0,0,0,0,0
systems.sieber.droid_scep_7.apk,humanoid,3,300,0,0,0,0,0
systems.sieber.droid_scep_7.apk,ares,1,60,0,0,0,0,0
systems.sieber.droid_scep_7.apk,ares,1,180,0,0,0,0,0
systems.sieber.droid_scep_7.apk,ares,1,300,0,0,0,0,0
systems.sieber.droid_scep_7.apk,ares,2,60,0,0,0,0,0
systems.sieber.droid_scep_7.apk,ares,2,180,0,0,0,0,0
systems.sieber.droid_scep_7.apk,ares,2,300,0,0,0,0,0
systems.sieber.droid_scep_7.apk,ares,3,60,0,0,0,0,0
systems.sieber.droid_scep_7.apk,ares,3,180,0,0,0,0,0
systems.sieber.droid_scep_7.apk,ares,3,300,0,0,0,0,0
systems.sieber.droid_scep_7.apk,fastbot,1,60,0,0,0,0,0
systems.sieber.droid_scep_7.apk,fastbot,1,180,0,0,0,0,0
systems.sieber.droid_scep_7.apk,fastbot,1,300,10,5,7,7,7.0
systems.sieber.droid_scep_7.apk,fastbot,2,60,0,0,0,0,0
systems.sieber.droid_scep_7.apk,fastbot,2,180,0,0,0,0,0
systems.sieber.droid_scep_7.apk,fastbot,2,300,0,0,0,0,0
systems.sieber.droid_scep_7.apk,fastbot,3,60,0,0,0,0,0
systems.sieber.droid_scep_7.apk,fastbot,3,180,0,0,0,0,0
systems.sieber.droid_scep_7.apk,fastbot,3,300,0,0,0,0,0
systems.sieber.droid_scep_7.apk,qtesting,1,60,0,0,0,0,0
systems.sieber.droid_scep_7.apk,qtesting,1,180,0,0,0,0,0
systems.sieber.droid_scep_7.apk,qtesting,1,300,0,0,0,0,0
systems.sieber.droid_scep_7.apk,qtesting,2,60,0,0,0,0,0
systems.sieber.droid_scep_7.apk,qtesting,2,180,0,0,0,0,0
systems.sieber.droid_scep_7.apk,qtesting,2,300,0,0,0,0,0
systems.sieber.droid_scep_7.apk,qtesting,3,60,0,0,0,0,0
systems.sieber.droid_scep_7.apk,qtesting,3,180,0,0,0,0,0
systems.sieber.droid_scep_7.apk,qtesting,3,300,0,0,0,0,0
org.openhab.habdroid_589.apk,qtesting,3,300,198,10,25,25,25
br.com.colman.petals_3040000.apk,monkey,3,60,0,0,0,0,0
br.com.colman.petals_3040000.apk,droidbot:dfs_greedy,1,60,0,0,0,0,0
br.com.colman.petals_3040000.apk,droidbot:dfs_greedy,1,180,0,0,0,0,0
br.com.colman.petals_3040000.apk,droidbot:dfs_greedy,1,300,0,0,0,0,0
br.com.colman.petals_3040000.apk,droidbot:dfs_greedy,2,60,0,0,0,0,0
br.com.colman.petals_3040000.apk,droidbot:dfs_greedy,2,180,0,0,0,0,0
br.com.colman.petals_3040000.apk,droidbot:dfs_greedy,2,300,0,0,0,0,0
br.com.colman.petals_3040000.apk,droidbot:dfs_greedy,3,60,0,0,0,0,0
br.com.colman.petals_3040000.apk,droidbot:dfs_greedy,3,180,0,0,0,0,0
br.com.colman.petals_3040000.apk,droidbot:dfs_greedy,3,300,0,0,0,0,0
br.com.colman.petals_3040000.apk,droidbot:bfs_greedy,1,60,0,0,0,0,0
br.com.colman.petals_3040000.apk,droidbot:bfs_greedy,1,180,0,0,0,0,0
br.com.colman.petals_3040000.apk,droidbot:bfs_greedy,1,300,0,0,0,0,0
br.com.colman.petals_3040000.apk,droidbot:bfs_greedy,2,60,0,0,0,0,0
br.com.colman.petals_3040000.apk,droidbot:bfs_greedy,2,180,0,0,0,0,0
br.com.colman.petals_3040000.apk,droidbot:bfs_greedy,2,300,0,0,0,0,0
br.com.colman.petals_3040000.apk,droidbot:bfs_greedy,3,60,0,0,0,0,0
br.com.colman.petals_3040000.apk,droidbot:bfs_greedy,3,180,0,0,0,0,0
br.com.colman.petals_3040000.apk,droidbot:bfs_greedy,3,300,0,0,0,0,0
br.com.colman.petals_3040000.apk,droidbot:dfs_naive,1,60,0,0,0,0,0
br.com.colman.petals_3040000.apk,droidbot:dfs_naive,1,180,0,0,0,0,0
br.com.colman.petals_3040000.apk,droidbot:dfs_naive,1,300,0,0,0,0,0
br.com.colman.petals_3040000.apk,droidbot:dfs_naive,2,60,0,0,0,0,0
br.com.colman.petals_3040000.apk,droidbot:dfs_naive,2,180,0,0,0,0,0
br.com.colman.petals_3040000.apk,droidbot:dfs_naive,2,300,0,0,0,0,0
br.com.colman.petals_3040000.apk,droidbot:dfs_naive,3,60,0,0,0,0,0
br.com.colman.petals_3040000.apk,droidbot:dfs_naive,3,180,0,0,0,0,0
br.com.colman.petals_3040000.apk,droidbot:dfs_naive,3,300,0,0,0,0,0
br.com.colman.petals_3040000.apk,droidbot:bfs_naive,1,60,0,0,0,0,0
br.com.colman.petals_3040000.apk,droidbot:bfs_naive,1,180,0,0,0,0,0
br.com.colman.petals_3040000.apk,droidbot:bfs_naive,1,300,0,0,0,0,0
br.com.colman.petals_3040000.apk,droidbot:bfs_naive,2,60,0,0,0,0,0
br.com.colman.petals_3040000.apk,droidbot:bfs_naive,2,180,0,0,0,0,0
br.com.colman.petals_3040000.apk,droidbot:bfs_naive,2,300,0,0,0,0,0
br.com.colman.petals_3040000.apk,droidbot:bfs_naive,3,60,0,0,0,0,0
br.com.colman.petals_3040000.apk,droidbot:bfs_naive,3,180,0,0,0,0,0
br.com.colman.petals_3040000.apk,droidbot:bfs_naive,3,300,0,0,0,0,0
br.com.colman.petals_3040000.apk,ape,1,60,0,0,0,0,0
br.com.colman.petals_3040000.apk,ape,1,180,0,0,0,0,0
br.com.colman.petals_3040000.apk,ape,1,300,0,0,0,0,0
br.com.colman.petals_3040000.apk,ape,2,60,0,0,0,0,0
br.com.colman.petals_3040000.apk,ape,2,180,0,0,0,0,0
br.com.colman.petals_3040000.apk,ape,2,300,0,0,0,0,0
br.com.colman.petals_3040000.apk,ape,3,60,0,0,0,0,0
br.com.colman.petals_3040000.apk,ape,3,180,0,0,0,0,0
br.com.colman.petals_3040000.apk,ape,3,300,0,0,0,0,0
br.com.colman.petals_3040000.apk,droidmate,1,60,0,0,0,0,0
br.com.colman.petals_3040000.apk,droidmate,1,180,0,0,0,0,0
br.com.colman.petals_3040000.apk,droidmate,1,300,0,0,0,0,0
br.com.colman.petals_3040000.apk,droidmate,2,60,0,0,0,0,0
br.com.colman.petals_3040000.apk,droidmate,2,300,0,0,0,0,0
br.com.colman.petals_3040000.apk,droidmate,3,60,0,0,0,0,0
br.com.colman.petals_3040000.apk,droidmate,3,180,0,0,0,0,0
br.com.colman.petals_3040000.apk,droidmate,3,300,0,0,0,0,0
br.com.colman.petals_3040000.apk,humanoid,1,60,0,0,0,0,0
br.com.colman.petals_3040000.apk,humanoid,1,180,0,0,0,0,0
br.com.colman.petals_3040000.apk,humanoid,1,300,0,0,0,0,0
br.com.colman.petals_3040000.apk,humanoid,2,60,0,0,0,0,0
br.com.colman.petals_3040000.apk,humanoid,2,180,0,0,0,0,0
br.com.colman.petals_3040000.apk,humanoid,2,300,0,0,0,0,0
br.com.colman.petals_3040000.apk,humanoid,3,60,0,0,0,0,0
br.com.colman.petals_3040000.apk,humanoid,3,180,0,0,0,0,0
br.com.colman.petals_3040000.apk,humanoid,3,300,0,0,0,0,0
br.com.colman.petals_3040000.apk,ares,1,60,0,0,0,0,0
br.com.colman.petals_3040000.apk,ares,1,180,0,0,0,0,0
br.com.colman.petals_3040000.apk,ares,1,300,0,0,0,0,0
br.com.colman.petals_3040000.apk,ares,2,60,0,0,0,0,0
br.com.colman.petals_3040000.apk,ares,2,180,0,0,0,0,0
br.com.colman.petals_3040000.apk,ares,2,300,0,0,0,0,0
br.com.colman.petals_3040000.apk,ares,3,60,0,0,0,0,0
br.com.colman.petals_3040000.apk,ares,3,180,0,0,0,0,0
br.com.colman.petals_3040000.apk,ares,3,300,0,0,0,0,0
br.com.colman.petals_3040000.apk,fastbot,1,60,0,0,0,0,0
br.com.colman.petals_3040000.apk,fastbot,1,180,0,0,0,0,0
br.com.colman.petals_3040000.apk,fastbot,1,300,0,0,0,0,0
br.com.colman.petals_3040000.apk,fastbot,2,60,0,0,0,0,0
br.com.colman.petals_3040000.apk,fastbot,2,180,0,0,0,0,0
br.com.colman.petals_3040000.apk,fastbot,2,300,0,0,0,0,0
br.com.colman.petals_3040000.apk,fastbot,3,60,0,0,0,0,0
br.com.colman.petals_3040000.apk,fastbot,3,180,0,0,0,0,0
br.com.colman.petals_3040000.apk,fastbot,3,300,0,0,0,0,0
br.com.colman.petals_3040000.apk,qtesting,1,60,0,0,0,0,0
br.com.colman.petals_3040000.apk,qtesting,1,180,0,0,0,0,0
br.com.colman.petals_3040000.apk,qtesting,1,300,0,0,0,0,0
br.com.colman.petals_3040000.apk,qtesting,2,60,0,0,0,0,0
br.com.colman.petals_3040000.apk,qtesting,2,180,0,0,0,0,0
br.com.colman.petals_3040000.apk,qtesting,2,300,0,0,0,0,0
br.com.colman.petals_3040000.apk,qtesting,3,60,0,0,0,0,0
br.com.colman.petals_3040000.apk,qtesting,3,180,0,0,0,0,0
br.com.colman.petals_3040000.apk,qtesting,3,300,0,0,0,0,0
com.arslan.shizuwall_40.apk,monkey,1,60,0,0,0,0,0
com.arslan.shizuwall_40.apk,monkey,2,180,0,0,0,0,0
com.arslan.shizuwall_40.apk,monkey,3,60,0,0,0,0,0
com.arslan.shizuwall_40.apk,droidbot:dfs_greedy,1,60,0,0,0,0,0
com.arslan.shizuwall_40.apk,droidbot:dfs_greedy,1,180,0,0,0,0,0
com.arslan.shizuwall_40.apk,droidbot:dfs_greedy,1,300,0,0,0,0,0
com.arslan.shizuwall_40.apk,droidbot:dfs_greedy,2,60,0,0,0,0,0
com.arslan.shizuwall_40.apk,droidbot:dfs_greedy,2,180,0,0,0,0,0
com.arslan.shizuwall_40.apk,droidbot:dfs_greedy,2,300,0,0,0,0,0
com.arslan.shizuwall_40.apk,droidbot:dfs_greedy,3,60,0,0,0,0,0
com.arslan.shizuwall_40.apk,droidbot:dfs_greedy,3,180,0,0,0,0,0
com.arslan.shizuwall_40.apk,droidbot:dfs_greedy,3,300,0,0,0,0,0
com.arslan.shizuwall_40.apk,droidbot:bfs_greedy,1,60,0,0,0,0,0
com.arslan.shizuwall_40.apk,droidbot:bfs_greedy,1,180,0,0,0,0,0
com.arslan.shizuwall_40.apk,droidbot:bfs_greedy,1,300,0,0,0,0,0
com.arslan.shizuwall_40.apk,droidbot:bfs_greedy,2,60,0,0,0,0,0
com.arslan.shizuwall_40.apk,droidbot:bfs_greedy,2,180,0,0,0,0,0
com.arslan.shizuwall_40.apk,droidbot:bfs_greedy,2,300,0,0,0,0,0
com.arslan.shizuwall_40.apk,droidbot:bfs_greedy,3,60,0,0,0,0,0
com.arslan.shizuwall_40.apk,droidbot:bfs_greedy,3,180,0,0,0,0,0
com.arslan.shizuwall_40.apk,droidbot:bfs_greedy,3,300,0,0,0,0,0
com.arslan.shizuwall_40.apk,droidbot:dfs_naive,1,60,0,0,0,0,0
com.arslan.shizuwall_40.apk,droidbot:dfs_naive,1,180,0,0,0,0,0
com.arslan.shizuwall_40.apk,droidbot:dfs_naive,1,300,0,0,0,0,0
com.arslan.shizuwall_40.apk,droidbot:dfs_naive,2,60,0,0,0,0,0
com.arslan.shizuwall_40.apk,droidbot:dfs_naive,2,180,0,0,0,0,0
com.arslan.shizuwall_40.apk,droidbot:dfs_naive,2,300,0,0,0,0,0
com.arslan.shizuwall_40.apk,droidbot:dfs_naive,3,60,0,0,0,0,0
com.arslan.shizuwall_40.apk,droidbot:dfs_naive,3,180,0,0,0,0,0
com.arslan.shizuwall_40.apk,droidbot:dfs_naive,3,300,0,0,0,0,0
com.arslan.shizuwall_40.apk,droidbot:bfs_naive,1,60,0,0,0,0,0
com.arslan.shizuwall_40.apk,droidbot:bfs_naive,1,180,0,0,0,0,0
com.arslan.shizuwall_40.apk,droidbot:bfs_naive,1,300,0,0,0,0,0
com.arslan.shizuwall_40.apk,droidbot:bfs_naive,2,60,0,0,0,0,0
com.arslan.shizuwall_40.apk,droidbot:bfs_naive,2,180,0,0,0,0,0
com.arslan.shizuwall_40.apk,droidbot:bfs_naive,2,300,0,0,0,0,0
com.arslan.shizuwall_40.apk,droidbot:bfs_naive,3,60,0,0,0,0,0
com.arslan.shizuwall_40.apk,droidbot:bfs_naive,3,180,0,0,0,0,0
com.arslan.shizuwall_40.apk,droidbot:bfs_naive,3,300,0,0,0,0,0
com.arslan.shizuwall_40.apk,ape,1,60,0,0,0,0,0
com.arslan.shizuwall_40.apk,ape,1,180,0,0,0,0,0
com.arslan.shizuwall_40.apk,ape,1,300,0,0,0,0,0
com.arslan.shizuwall_40.apk,ape,2,60,0,0,0,0,0
com.arslan.shizuwall_40.apk,ape,2,180,0,0,0,0,0
com.arslan.shizuwall_40.apk,ape,2,300,0,0,0,0,0
com.arslan.shizuwall_40.apk,ape,3,60,0,0,0,0,0
com.arslan.shizuwall_40.apk,ape,3,180,0,0,0,0,0
com.arslan.shizuwall_40.apk,ape,3,300,0,0,0,0,0
com.arslan.shizuwall_40.apk,droidmate,1,60,0,0,0,0,0
com.arslan.shizuwall_40.apk,droidmate,1,180,0,0,0,0,0
com.arslan.shizuwall_40.apk,droidmate,1,300,0,0,0,0,0
com.arslan.shizuwall_40.apk,droidmate,2,60,0,0,0,0,0
com.arslan.shizuwall_40.apk,droidmate,2,180,0,0,0,0,0
com.arslan.shizuwall_40.apk,droidmate,2,300,0,0,0,0,0
com.arslan.shizuwall_40.apk,droidmate,3,60,0,0,0,0,0
com.arslan.shizuwall_40.apk,droidmate,3,180,0,0,0,0,0
com.arslan.shizuwall_40.apk,droidmate,3,300,0,0,0,0,0
com.arslan.shizuwall_40.apk,humanoid,1,60,0,0,0,0,0
com.arslan.shizuwall_40.apk,humanoid,1,180,0,0,0,0,0
com.arslan.shizuwall_40.apk,humanoid,1,300,0,0,0,0,0
com.arslan.shizuwall_40.apk,humanoid,2,60,0,0,0,0,0
com.arslan.shizuwall_40.apk,humanoid,2,180,0,0,0,0,0
com.arslan.shizuwall_40.apk,humanoid,2,300,0,0,0,0,0
com.arslan.shizuwall_40.apk,humanoid,3,60,0,0,0,0,0
com.arslan.shizuwall_40.apk,humanoid,3,180,0,0,0,0,0
com.arslan.shizuwall_40.apk,humanoid,3,300,0,0,0,0,0
com.arslan.shizuwall_40.apk,ares,1,60,0,0,0,0,0
com.arslan.shizuwall_40.apk,ares,1,180,0,0,0,0,0
com.arslan.shizuwall_40.apk,ares,1,300,0,0,0,0,0
com.arslan.shizuwall_40.apk,ares,2,60,0,0,0,0,0
com.arslan.shizuwall_40.apk,ares,2,180,0,0,0,0,0
com.arslan.shizuwall_40.apk,ares,2,300,0,0,0,0,0
com.arslan.shizuwall_40.apk,ares,3,60,0,0,0,0,0
com.arslan.shizuwall_40.apk,ares,3,180,0,0,0,0,0
com.arslan.shizuwall_40.apk,ares,3,300,0,0,0,0,0
com.arslan.shizuwall_40.apk,fastbot,1,60,0,0,0,0,0
com.arslan.shizuwall_40.apk,fastbot,1,180,0,0,0,0,0
com.arslan.shizuwall_40.apk,fastbot,1,300,0,0,0,0,0
com.arslan.shizuwall_40.apk,fastbot,2,60,0,0,0,0,0
com.arslan.shizuwall_40.apk,fastbot,2,180,0,0,0,0,0
com.arslan.shizuwall_40.apk,fastbot,2,300,0,0,0,0,0
com.arslan.shizuwall_40.apk,fastbot,3,60,0,0,0,0,0
com.arslan.shizuwall_40.apk,fastbot,3,180,0,0,0,0,0
com.arslan.shizuwall_40.apk,fastbot,3,300,0,0,0,0,0
com.arslan.shizuwall_40.apk,qtesting,1,60,0,0,0,0,0
com.arslan.shizuwall_40.apk,qtesting,1,180,0,0,0,0,0
com.arslan.shizuwall_40.apk,qtesting,1,300,0,0,0,0,0
com.arslan.shizuwall_40.apk,qtesting,2,60,0,0,0,0,0
com.arslan.shizuwall_40.apk,qtesting,2,180,0,0,0,0,0
com.arslan.shizuwall_40.apk,qtesting,2,300,0,0,0,0,0
com.arslan.shizuwall_40.apk,qtesting,3,60,0,0,0,0,0
com.arslan.shizuwall_40.apk,qtesting,3,180,0,0,0,0,0
com.arslan.shizuwall_40.apk,qtesting,3,300,0,0,0,0,0
com.dessalines.habitmaker_5501.apk,droidbot:dfs_greedy,1,60,0,0,0,0,0
com.dessalines.habitmaker_5501.apk,droidbot:dfs_greedy,1,180,0,0,0,0,0
com.dessalines.habitmaker_5501.apk,droidbot:dfs_greedy,1,300,0,0,0,0,0
com.dessalines.habitmaker_5501.apk,droidbot:dfs_greedy,2,60,0,0,0,0,0
com.dessalines.habitmaker_5501.apk,droidbot:dfs_greedy,2,180,0,0,0,0,0
com.dessalines.habitmaker_5501.apk,droidbot:dfs_greedy,2,300,0,0,0,0,0
com.dessalines.habitmaker_5501.apk,droidbot:dfs_greedy,3,60,0,0,0,0,0
com.dessalines.habitmaker_5501.apk,droidbot:dfs_greedy,3,180,0,0,0,0,0
com.dessalines.habitmaker_5501.apk,droidbot:dfs_greedy,3,300,0,0,0,0,0
com.dessalines.habitmaker_5501.apk,droidbot:bfs_greedy,1,60,0,0,0,0,0
com.dessalines.habitmaker_5501.apk,droidbot:bfs_greedy,1,180,0,0,0,0,0
com.dessalines.habitmaker_5501.apk,droidbot:bfs_greedy,1,300,0,0,0,0,0
com.dessalines.habitmaker_5501.apk,droidbot:bfs_greedy,2,60,0,0,0,0,0
com.dessalines.habitmaker_5501.apk,droidbot:bfs_greedy,2,180,0,0,0,0,0
com.dessalines.habitmaker_5501.apk,droidbot:bfs_greedy,2,300,0,0,0,0,0
com.dessalines.habitmaker_5501.apk,droidbot:bfs_greedy,3,60,0,0,0,0,0
com.dessalines.habitmaker_5501.apk,droidbot:bfs_greedy,3,180,0,0,0,0,0
com.dessalines.habitmaker_5501.apk,droidbot:bfs_greedy,3,300,0,0,0,0,0
com.dessalines.habitmaker_5501.apk,droidbot:dfs_naive,1,60,0,0,0,0,0
com.dessalines.habitmaker_5501.apk,droidbot:dfs_naive,1,180,0,0,0,0,0
com.dessalines.habitmaker_5501.apk,droidbot:dfs_naive,1,300,0,0,0,0,0
com.dessalines.habitmaker_5501.apk,droidbot:dfs_naive,2,60,0,0,0,0,0
com.dessalines.habitmaker_5501.apk,droidbot:dfs_naive,2,180,0,0,0,0,0
com.dessalines.habitmaker_5501.apk,droidbot:dfs_naive,2,300,0,0,0,0,0
com.dessalines.habitmaker_5501.apk,droidbot:dfs_naive,3,60,0,0,0,0,0
com.dessalines.habitmaker_5501.apk,droidbot:dfs_naive,3,180,0,0,0,0,0
com.dessalines.habitmaker_5501.apk,droidbot:dfs_naive,3,300,0,0,0,0,0
com.dessalines.habitmaker_5501.apk,droidbot:bfs_naive,1,60,0,0,0,0,0
com.dessalines.habitmaker_5501.apk,droidbot:bfs_naive,1,180,0,0,0,0,0
com.dessalines.habitmaker_5501.apk,droidbot:bfs_naive,1,300,0,0,0,0,0
com.dessalines.habitmaker_5501.apk,droidbot:bfs_naive,2,60,0,0,0,0,0
com.dessalines.habitmaker_5501.apk,droidbot:bfs_naive,2,180,0,0,0,0,0
com.dessalines.habitmaker_5501.apk,droidbot:bfs_naive,3,60,0,0,0,0,0
com.dessalines.habitmaker_5501.apk,droidbot:bfs_naive,3,180,0,0,0,0,0
com.dessalines.habitmaker_5501.apk,droidbot:bfs_naive,3,300,0,0,0,0,0
com.dessalines.habitmaker_5501.apk,ape,1,60,0,0,0,0,0
com.dessalines.habitmaker_5501.apk,ape,1,180,0,0,0,0,0
com.dessalines.habitmaker_5501.apk,ape,1,300,0,0,0,0,0
com.dessalines.habitmaker_5501.apk,ape,2,60,0,0,0,0,0
com.dessalines.habitmaker_5501.apk,ape,2,180,0,0,0,0,0
com.dessalines.habitmaker_5501.apk,ape,2,300,0,0,0,0,0
com.dessalines.habitmaker_5501.apk,ape,3,60,0,0,0,0,0
com.dessalines.habitmaker_5501.apk,ape,3,180,0,0,0,0,0
com.dessalines.habitmaker_5501.apk,ape,3,300,0,0,0,0,0
com.dessalines.habitmaker_5501.apk,droidmate,1,60,0,0,0,0,0
com.dessalines.habitmaker_5501.apk,droidmate,1,180,0,0,0,0,0
com.dessalines.habitmaker_5501.apk,droidmate,1,300,0,0,0,0,0
com.dessalines.habitmaker_5501.apk,droidmate,2,60,0,0,0,0,0
com.dessalines.habitmaker_5501.apk,droidmate,2,180,0,0,0,0,0
com.dessalines.habitmaker_5501.apk,droidmate,2,300,0,0,0,0,0
com.dessalines.habitmaker_5501.apk,droidmate,3,180,0,0,0,0,0
com.dessalines.habitmaker_5501.apk,droidmate,3,300,0,0,0,0,0
com.dessalines.habitmaker_5501.apk,humanoid,1,60,0,0,0,0,0
com.dessalines.habitmaker_5501.apk,humanoid,1,180,0,0,0,0,0
com.dessalines.habitmaker_5501.apk,humanoid,1,300,0,0,0,0,0
com.dessalines.habitmaker_5501.apk,humanoid,2,60,0,0,0,0,0
com.dessalines.habitmaker_5501.apk,humanoid,2,180,0,0,0,0,0
com.dessalines.habitmaker_5501.apk,humanoid,2,300,0,0,0,0,0
com.dessalines.habitmaker_5501.apk,humanoid,3,60,0,0,0,0,0
com.dessalines.habitmaker_5501.apk,humanoid,3,180,0,0,0,0,0
com.dessalines.habitmaker_5501.apk,humanoid,3,300,0,0,0,0,0
com.dessalines.habitmaker_5501.apk,ares,1,60,0,0,0,0,0
com.dessalines.habitmaker_5501.apk,ares,1,180,0,0,0,0,0
com.dessalines.habitmaker_5501.apk,ares,1,300,0,0,0,0,0
com.dessalines.habitmaker_5501.apk,ares,2,60,0,0,0,0,0
com.dessalines.habitmaker_5501.apk,ares,2,180,0,0,0,0,0
com.dessalines.habitmaker_5501.apk,ares,2,300,0,0,0,0,0
com.dessalines.habitmaker_5501.apk,ares,3,60,0,0,0,0,0
com.dessalines.habitmaker_5501.apk,ares,3,180,0,0,0,0,0
com.dessalines.habitmaker_5501.apk,ares,3,300,0,0,0,0,0
com.dessalines.habitmaker_5501.apk,fastbot,1,60,0,0,0,0,0
com.dessalines.habitmaker_5501.apk,fastbot,1,180,0,0,0,0,0
com.dessalines.habitmaker_5501.apk,fastbot,1,300,0,0,0,0,0
com.dessalines.habitmaker_5501.apk,fastbot,2,60,0,0,0,0,0
com.dessalines.habitmaker_5501.apk,fastbot,2,180,0,0,0,0,0
com.dessalines.habitmaker_5501.apk,fastbot,2,300,0,0,0,0,0
com.dessalines.habitmaker_5501.apk,fastbot,3,60,0,0,0,0,0
com.dessalines.habitmaker_5501.apk,fastbot,3,180,0,0,0,0,0
com.dessalines.habitmaker_5501.apk,fastbot,3,300,0,0,0,0,0
com.dessalines.habitmaker_5501.apk,qtesting,1,60,0,0,0,0,0
com.dessalines.habitmaker_5501.apk,qtesting,1,180,0,0,0,0,0
com.dessalines.habitmaker_5501.apk,qtesting,1,300,0,0,0,0,0
com.dessalines.habitmaker_5501.apk,qtesting,2,180,0,0,0,0,0
com.dessalines.habitmaker_5501.apk,qtesting,2,300,0,0,0,0,0
com.dessalines.habitmaker_5501.apk,qtesting,3,60,0,0,0,0,0
com.dessalines.habitmaker_5501.apk,qtesting,3,180,0,0,0,0,0
com.dessalines.habitmaker_5501.apk,qtesting,3,300,0,0,0,0,0
com.gasperpintar.smokingtracker_12.apk,monkey,1,60,0,0,0,0,0
com.gasperpintar.smokingtracker_12.apk,monkey,2,60,0,0,0,0,0
com.gasperpintar.smokingtracker_12.apk,droidbot:dfs_greedy,1,60,0,0,0,0,0
com.gasperpintar.smokingtracker_12.apk,droidbot:dfs_greedy,1,180,0,0,0,0,0
com.gasperpintar.smokingtracker_12.apk,droidbot:dfs_greedy,1,300,0,0,0,0,0
com.gasperpintar.smokingtracker_12.apk,droidbot:dfs_greedy,2,60,0,0,0,0,0
com.gasperpintar.smokingtracker_12.apk,droidbot:dfs_greedy,2,180,0,0,0,0,0
com.gasperpintar.smokingtracker_12.apk,droidbot:dfs_greedy,2,300,0,0,0,0,0
com.gasperpintar.smokingtracker_12.apk,droidbot:dfs_greedy,3,60,0,0,0,0,0
com.gasperpintar.smokingtracker_12.apk,droidbot:dfs_greedy,3,180,0,0,0,0,0
com.gasperpintar.smokingtracker_12.apk,droidbot:dfs_greedy,3,300,0,0,0,0,0
com.gasperpintar.smokingtracker_12.apk,droidbot:bfs_greedy,1,60,0,0,0,0,0
com.gasperpintar.smokingtracker_12.apk,droidbot:bfs_greedy,1,180,0,0,0,0,0
com.gasperpintar.smokingtracker_12.apk,droidbot:bfs_greedy,1,300,0,0,0,0,0
com.gasperpintar.smokingtracker_12.apk,droidbot:bfs_greedy,2,60,0,0,0,0,0
com.gasperpintar.smokingtracker_12.apk,droidbot:bfs_greedy,2,180,0,0,0,0,0
com.gasperpintar.smokingtracker_12.apk,droidbot:bfs_greedy,2,300,0,0,0,0,0
com.gasperpintar.smokingtracker_12.apk,droidbot:bfs_greedy,3,60,0,0,0,0,0
com.gasperpintar.smokingtracker_12.apk,droidbot:bfs_greedy,3,180,0,0,0,0,0
com.gasperpintar.smokingtracker_12.apk,droidbot:bfs_greedy,3,300,0,0,0,0,0
com.gasperpintar.smokingtracker_12.apk,droidbot:dfs_naive,1,60,0,0,0,0,0
com.gasperpintar.smokingtracker_12.apk,droidbot:dfs_naive,1,180,0,0,0,0,0
com.gasperpintar.smokingtracker_12.apk,droidbot:dfs_naive,1,300,0,0,0,0,0
com.gasperpintar.smokingtracker_12.apk,droidbot:dfs_naive,2,60,0,0,0,0,0
com.gasperpintar.smokingtracker_12.apk,droidbot:dfs_naive,2,180,0,0,0,0,0
com.gasperpintar.smokingtracker_12.apk,droidbot:dfs_naive,2,300,0,0,0,0,0
com.gasperpintar.smokingtracker_12.apk,droidbot:dfs_naive,3,60,0,0,0,0,0
com.gasperpintar.smokingtracker_12.apk,droidbot:dfs_naive,3,180,0,0,0,0,0
com.gasperpintar.smokingtracker_12.apk,droidbot:dfs_naive,3,300,0,0,0,0,0
com.gasperpintar.smokingtracker_12.apk,droidbot:bfs_naive,1,60,0,0,0,0,0
com.gasperpintar.smokingtracker_12.apk,droidbot:bfs_naive,1,180,0,0,0,0,0
com.gasperpintar.smokingtracker_12.apk,droidbot:bfs_naive,1,300,0,0,0,0,0
com.gasperpintar.smokingtracker_12.apk,droidbot:bfs_naive,2,60,0,0,0,0,0
com.gasperpintar.smokingtracker_12.apk,droidbot:bfs_naive,2,180,0,0,0,0,0
com.gasperpintar.smokingtracker_12.apk,droidbot:bfs_naive,2,300,0,0,0,0,0
com.gasperpintar.smokingtracker_12.apk,droidbot:bfs_naive,3,60,0,0,0,0,0
com.gasperpintar.smokingtracker_12.apk,droidbot:bfs_naive,3,180,0,0,0,0,0
com.gasperpintar.smokingtracker_12.apk,droidbot:bfs_naive,3,300,0,0,0,0,0
com.gasperpintar.smokingtracker_12.apk,ape,1,60,0,0,0,0,0
com.gasperpintar.smokingtracker_12.apk,ape,1,180,0,0,0,0,0
com.gasperpintar.smokingtracker_12.apk,ape,1,300,0,0,0,0,0
com.gasperpintar.smokingtracker_12.apk,ape,2,60,0,0,0,0,0
com.gasperpintar.smokingtracker_12.apk,ape,2,180,0,0,0,0,0
com.gasperpintar.smokingtracker_12.apk,ape,2,300,0,0,0,0,0
com.gasperpintar.smokingtracker_12.apk,ape,3,60,0,0,0,0,0
com.gasperpintar.smokingtracker_12.apk,ape,3,180,0,0,0,0,0
com.gasperpintar.smokingtracker_12.apk,ape,3,300,0,0,0,0,0
com.gasperpintar.smokingtracker_12.apk,droidmate,1,60,0,0,0,0,0
com.gasperpintar.smokingtracker_12.apk,droidmate,1,180,0,0,0,0,0
com.gasperpintar.smokingtracker_12.apk,droidmate,1,300,0,0,0,0,0
com.gasperpintar.smokingtracker_12.apk,droidmate,2,60,0,0,0,0,0
com.gasperpintar.smokingtracker_12.apk,droidmate,2,180,0,0,0,0,0
com.gasperpintar.smokingtracker_12.apk,droidmate,2,300,0,0,0,0,0
com.gasperpintar.smokingtracker_12.apk,droidmate,3,60,0,0,0,0,0
com.gasperpintar.smokingtracker_12.apk,droidmate,3,180,0,0,0,0,0
com.gasperpintar.smokingtracker_12.apk,droidmate,3,300,0,0,0,0,0
com.gasperpintar.smokingtracker_12.apk,humanoid,1,60,0,0,0,0,0
com.gasperpintar.smokingtracker_12.apk,humanoid,1,180,0,0,0,0,0
com.gasperpintar.smokingtracker_12.apk,humanoid,1,300,0,0,0,0,0
com.gasperpintar.smokingtracker_12.apk,humanoid,2,60,0,0,0,0,0
com.gasperpintar.smokingtracker_12.apk,humanoid,2,180,0,0,0,0,0
com.gasperpintar.smokingtracker_12.apk,humanoid,2,300,0,0,0,0,0
com.gasperpintar.smokingtracker_12.apk,humanoid,3,60,0,0,0,0,0
com.gasperpintar.smokingtracker_12.apk,humanoid,3,180,0,0,0,0,0
com.gasperpintar.smokingtracker_12.apk,humanoid,3,300,0,0,0,0,0
com.gasperpintar.smokingtracker_12.apk,ares,1,60,0,0,0,0,0
com.gasperpintar.smokingtracker_12.apk,ares,1,180,0,0,0,0,0
com.gasperpintar.smokingtracker_12.apk,ares,1,300,0,0,0,0,0
com.gasperpintar.smokingtracker_12.apk,ares,2,60,0,0,0,0,0
com.gasperpintar.smokingtracker_12.apk,ares,2,180,0,0,0,0,0
com.gasperpintar.smokingtracker_12.apk,ares,2,300,0,0,0,0,0
com.gasperpintar.smokingtracker_12.apk,ares,3,60,0,0,0,0,0
com.gasperpintar.smokingtracker_12.apk,ares,3,180,0,0,0,0,0
com.gasperpintar.smokingtracker_12.apk,ares,3,300,0,0,0,0,0
com.gasperpintar.smokingtracker_12.apk,fastbot,1,60,0,0,0,0,0
com.gasperpintar.smokingtracker_12.apk,fastbot,1,180,0,0,0,0,0
com.gasperpintar.smokingtracker_12.apk,fastbot,1,300,0,0,0,0,0
com.gasperpintar.smokingtracker_12.apk,fastbot,2,60,0,0,0,0,0
com.gasperpintar.smokingtracker_12.apk,fastbot,2,180,0,0,0,0,0
com.gasperpintar.smokingtracker_12.apk,fastbot,2,300,0,0,0,0,0
com.gasperpintar.smokingtracker_12.apk,fastbot,3,60,0,0,0,0,0
com.gasperpintar.smokingtracker_12.apk,fastbot,3,180,0,0,0,0,0
com.gasperpintar.smokingtracker_12.apk,fastbot,3,300,0,0,0,0,0
com.gasperpintar.smokingtracker_12.apk,qtesting,1,60,0,0,0,0,0
com.gasperpintar.smokingtracker_12.apk,qtesting,1,180,0,0,0,0,0
com.gasperpintar.smokingtracker_12.apk,qtesting,1,300,0,0,0,0,0
com.gasperpintar.smokingtracker_12.apk,qtesting,2,60,0,0,0,0,0
com.gasperpintar.smokingtracker_12.apk,qtesting,2,180,0,0,0,0,0
com.gasperpintar.smokingtracker_12.apk,qtesting,2,300,0,0,0,0,0
com.gasperpintar.smokingtracker_12.apk,qtesting,3,60,0,0,0,0,0
com.gasperpintar.smokingtracker_12.apk,qtesting,3,180,0,0,0,0,0
com.gasperpintar.smokingtracker_12.apk,qtesting,3,300,0,0,0,0,0
com.jerboa_87.apk,droidbot:dfs_greedy,1,60,7,2,7,7,7.0
com.jerboa_87.apk,droidbot:dfs_greedy,1,180,7,2,7,7,7.0
com.jerboa_87.apk,droidbot:dfs_greedy,1,300,7,2,7,7,7.0
com.jerboa_87.apk,droidbot:dfs_greedy,2,60,7,2,7,7,7.0
com.jerboa_87.apk,droidbot:dfs_greedy,2,180,7,2,7,7,7.0
br.com.colman.petals_3040000.apk,monkey,1,60,0,0,0,0,0
br.com.colman.petals_3040000.apk,monkey,1,180,0,0,0,0,0
br.com.colman.petals_3040000.apk,monkey,1,300,0,0,0,0,0
br.com.colman.petals_3040000.apk,monkey,2,60,0,0,0,0,0
br.com.colman.petals_3040000.apk,monkey,2,180,0,0,0,0,0
br.com.colman.petals_3040000.apk,monkey,2,300,0,0,0,0,0
br.com.colman.petals_3040000.apk,monkey,3,180,0,0,0,0,0
br.com.colman.petals_3040000.apk,monkey,3,300,0,0,0,0,0
br.com.colman.petals_3040000.apk,droidmate,2,180,0,0,0,0,0
com.arslan.shizuwall_40.apk,monkey,1,180,0,0,0,0,0
com.arslan.shizuwall_40.apk,monkey,1,300,0,0,0,0,0
com.arslan.shizuwall_40.apk,monkey,2,60,0,0,0,0,0
com.arslan.shizuwall_40.apk,monkey,2,300,0,0,0,0,0
com.arslan.shizuwall_40.apk,monkey,3,180,0,0,0,0,0
com.arslan.shizuwall_40.apk,monkey,3,300,0,0,0,0,0
com.dessalines.habitmaker_5501.apk,monkey,1,60,0,0,0,0,0
com.dessalines.habitmaker_5501.apk,monkey,1,180,0,0,0,0,0
com.dessalines.habitmaker_5501.apk,monkey,1,300,0,0,0,0,0
com.dessalines.habitmaker_5501.apk,monkey,2,60,0,0,0,0,0
com.dessalines.habitmaker_5501.apk,monkey,2,180,0,0,0,0,0
com.dessalines.habitmaker_5501.apk,monkey,2,300,0,0,0,0,0
com.dessalines.habitmaker_5501.apk,monkey,3,60,0,0,0,0,0
com.dessalines.habitmaker_5501.apk,monkey,3,180,0,0,0,0,0
com.dessalines.habitmaker_5501.apk,monkey,3,300,0,0,0,0,0
com.dessalines.habitmaker_5501.apk,droidbot:bfs_naive,2,300,0,0,0,0,0
com.dessalines.habitmaker_5501.apk,droidmate,3,60,0,0,0,0,0
com.dessalines.habitmaker_5501.apk,qtesting,2,60,0,0,0,0,0
com.gasperpintar.smokingtracker_12.apk,monkey,1,180,0,0,0,0,0
com.gasperpintar.smokingtracker_12.apk,monkey,1,300,0,0,0,0,0
com.gasperpintar.smokingtracker_12.apk,monkey,2,180,0,0,0,0,0
com.gasperpintar.smokingtracker_12.apk,monkey,2,300,0,0,0,0,0
com.gasperpintar.smokingtracker_12.apk,monkey,3,60,0,0,0,0,0
com.gasperpintar.smokingtracker_12.apk,monkey,3,180,0,0,0,0,0
com.gasperpintar.smokingtracker_12.apk,monkey,3,300,0,0,0,0,0
com.jerboa_87.apk,monkey,1,60,7,2,7,7,7.0
com.jerboa_87.apk,monkey,1,180,7,2,7,7,7.0
com.jerboa_87.apk,monkey,1,300,7,2,7,7,7.0
com.jerboa_87.apk,monkey,2,60,7,2,7,7,7.0
com.jerboa_87.apk,monkey,2,180,7,2,7,7,7.0
com.jerboa_87.apk,monkey,2,300,7,2,7,7,7.0
com.jerboa_87.apk,monkey,3,60,7,2,7,7,7.0
com.jerboa_87.apk,monkey,3,180,7,2,7,7,7.0
com.jerboa_87.apk,monkey,3,300,7,2,7,7,7.0
com.jerboa_87.apk,droidbot:dfs_greedy,2,300,7,2,7,7,7.0
com.jerboa_87.apk,droidbot:dfs_greedy,3,60,7,2,7,7,7.0
com.jerboa_87.apk,droidbot:dfs_greedy,3,180,3,1,3,3,3.0
com.jerboa_87.apk,droidbot:dfs_greedy,3,300,7,2,7,7,7.0
com.jerboa_87.apk,droidbot:bfs_greedy,1,60,7,2,7,7,7.0
com.jerboa_87.apk,droidbot:bfs_greedy,1,180,7,2,7,7,7.0
com.jerboa_87.apk,droidbot:bfs_greedy,1,300,7,2,7,7,7.0
com.jerboa_87.apk,droidbot:bfs_greedy,2,60,7,2,7,7,7.0
com.jerboa_87.apk,droidbot:bfs_greedy,2,180,7,2,7,7,7.0
com.jerboa_87.apk,droidbot:bfs_greedy,2,300,7,2,7,7,7.0
com.jerboa_87.apk,droidbot:bfs_greedy,3,60,7,2,7,7,7.0
com.jerboa_87.apk,droidbot:bfs_greedy,3,180,7,2,7,7,7.0
com.jerboa_87.apk,droidbot:bfs_greedy,3,300,7,2,7,7,7.0
com.jerboa_87.apk,droidbot:dfs_naive,1,60,7,2,7,7,7.0
com.jerboa_87.apk,droidbot:dfs_naive,1,180,7,2,7,7,7.0
com.jerboa_87.apk,droidbot:dfs_naive,1,300,7,2,7,7,7.0
com.jerboa_87.apk,droidbot:dfs_naive,2,60,7,2,7,7,7.0
com.jerboa_87.apk,droidbot:dfs_naive,2,180,7,2,7,7,7.0
com.jerboa_87.apk,droidbot:dfs_naive,2,300,7,2,7,7,7.0
com.jerboa_87.apk,droidbot:dfs_naive,3,60,7,2,7,7,7.0
com.jerboa_87.apk,droidbot:dfs_naive,3,180,7,2,7,7,7.0
com.jerboa_87.apk,droidbot:dfs_naive,3,300,7,2,7,7,7.0
com.jerboa_87.apk,droidbot:bfs_naive,1,60,7,2,7,7,7.0
com.jerboa_87.apk,droidbot:bfs_naive,1,180,7,2,7,7,7.0
com.jerboa_87.apk,droidbot:bfs_naive,1,300,7,2,7,7,7.0
com.jerboa_87.apk,droidbot:bfs_naive,2,60,7,2,7,7,7.0
com.jerboa_87.apk,droidbot:bfs_naive,2,180,7,2,7,7,7.0
com.jerboa_87.apk,droidbot:bfs_naive,2,300,7,2,7,7,7.0
com.jerboa_87.apk,droidbot:bfs_naive,3,60,7,2,7,7,7.0
com.jerboa_87.apk,droidbot:bfs_naive,3,180,7,2,7,7,7.0
com.jerboa_87.apk,droidbot:bfs_naive,3,300,7,2,7,7,7.0
com.jerboa_87.apk,ape,1,60,14,2,7,7,7.0
com.jerboa_87.apk,ape,1,180,7,2,7,7,7.0
com.jerboa_87.apk,ape,1,300,21,2,7,7,7.0
com.jerboa_87.apk,ape,2,60,7,2,7,7,7.0
com.jerboa_87.apk,ape,2,180,14,2,7,7,7.0
com.jerboa_87.apk,ape,2,300,14,2,7,7,7.0
com.jerboa_87.apk,ape,3,60,14,2,7,7,7.0
com.jerboa_87.apk,ape,3,180,7,2,7,7,7.0
com.jerboa_87.apk,ape,3,300,14,2,7,7,7.0
com.jerboa_87.apk,droidmate,1,60,7,2,7,7,7.0
com.jerboa_87.apk,droidmate,1,180,7,2,7,7,7.0
com.jerboa_87.apk,droidmate,1,300,14,2,7,7,7.0
com.jerboa_87.apk,droidmate,2,60,7,2,7,7,7.0
com.jerboa_87.apk,droidmate,2,180,14,2,7,7,7.0
com.jerboa_87.apk,droidmate,2,300,14,2,7,7,7.0
com.jerboa_87.apk,droidmate,3,60,7,2,7,7,7.0
com.jerboa_87.apk,droidmate,3,180,7,2,7,7,7.0
com.jerboa_87.apk,droidmate,3,300,14,2,7,7,7.0
com.jerboa_87.apk,humanoid,1,60,7,2,7,7,7.0
com.jerboa_87.apk,humanoid,1,180,0,0,0,0,0
com.jerboa_87.apk,humanoid,1,300,7,2,7,7,7.0
com.jerboa_87.apk,humanoid,2,60,7,2,7,7,7.0
com.jerboa_87.apk,humanoid,2,180,7,2,7,7,7.0
com.jerboa_87.apk,humanoid,2,300,7,2,7,7,7.0
com.jerboa_87.apk,humanoid,3,60,7,2,7,7,7.0
com.jerboa_87.apk,humanoid,3,180,7,2,7,7,7.0
com.jerboa_87.apk,humanoid,3,300,7,2,7,7,7.0
com.jerboa_87.apk,ares,1,60,14,2,7,7,7.0
com.jerboa_87.apk,ares,1,180,14,2,7,7,7.0
com.jerboa_87.apk,ares,1,300,14,2,7,7,7.0
com.jerboa_87.apk,ares,2,60,14,2,7,7,7.0
com.jerboa_87.apk,ares,2,180,14,2,7,7,7.0
com.jerboa_87.apk,ares,2,300,14,2,7,7,7.0
com.jerboa_87.apk,ares,3,60,14,2,7,7,7.0
com.jerboa_87.apk,ares,3,180,14,2,7,7,7.0
com.jerboa_87.apk,ares,3,300,14,2,7,7,7.0
com.jerboa_87.apk,fastbot,1,60,14,2,7,7,7.0
com.jerboa_87.apk,fastbot,1,180,7,2,7,7,7.0
com.jerboa_87.apk,fastbot,1,300,26,3,12,12,12.0
com.jerboa_87.apk,fastbot,2,60,14,2,7,7,7.0
com.jerboa_87.apk,fastbot,2,180,14,2,7,7,7.0
com.jerboa_87.apk,fastbot,2,300,7,2,7,7,7.0
com.jerboa_87.apk,fastbot,3,60,7,2,7,7,7.0
com.jerboa_87.apk,fastbot,3,180,14,2,7,7,7.0
com.jerboa_87.apk,fastbot,3,300,7,2,7,7,7.0
com.jerboa_87.apk,qtesting,1,60,7,2,7,7,7.0
com.jerboa_87.apk,qtesting,1,180,7,2,7,7,7.0
com.jerboa_87.apk,qtesting,1,300,7,2,7,7,7.0
com.jerboa_87.apk,qtesting,2,60,14,2,7,7,7.0
com.jerboa_87.apk,qtesting,2,180,14,2,7,7,7.0
com.jerboa_87.apk,qtesting,2,300,21,2,7,7,7.0
com.jerboa_87.apk,qtesting,3,60,21,2,7,7,7.0
com.jerboa_87.apk,qtesting,3,180,14,2,7,7,7.0
com.mateusrodcosta.apps.share2storage_34.apk,monkey,1,60,0,0,0,0,0
com.mateusrodcosta.apps.share2storage_34.apk,monkey,1,180,0,0,0,0,0
com.mateusrodcosta.apps.share2storage_34.apk,monkey,1,300,0,0,0,0,0
com.mateusrodcosta.apps.share2storage_34.apk,monkey,2,60,0,0,0,0,0
com.mateusrodcosta.apps.share2storage_34.apk,monkey,2,180,0,0,0,0,0
com.mateusrodcosta.apps.share2storage_34.apk,monkey,2,300,0,0,0,0,0
com.mateusrodcosta.apps.share2storage_34.apk,monkey,3,60,0,0,0,0,0
com.mateusrodcosta.apps.share2storage_34.apk,monkey,3,180,0,0,0,0,0
com.mateusrodcosta.apps.share2storage_34.apk,monkey,3,300,0,0,0,0,0
com.mateusrodcosta.apps.share2storage_34.apk,droidbot:dfs_greedy,1,60,0,0,0,0,0
com.mateusrodcosta.apps.share2storage_34.apk,droidbot:dfs_greedy,1,180,0,0,0,0,0
com.mateusrodcosta.apps.share2storage_34.apk,droidbot:dfs_greedy,1,300,0,0,0,0,0
com.mateusrodcosta.apps.share2storage_34.apk,droidbot:dfs_greedy,2,60,0,0,0,0,0
com.mateusrodcosta.apps.share2storage_34.apk,droidbot:dfs_greedy,2,180,0,0,0,0,0
com.mateusrodcosta.apps.share2storage_34.apk,droidbot:dfs_greedy,2,300,0,0,0,0,0
com.mateusrodcosta.apps.share2storage_34.apk,droidbot:dfs_greedy,3,60,0,0,0,0,0
com.mateusrodcosta.apps.share2storage_34.apk,droidbot:dfs_greedy,3,180,0,0,0,0,0
com.mateusrodcosta.apps.share2storage_34.apk,droidbot:dfs_greedy,3,300,0,0,0,0,0
com.mateusrodcosta.apps.share2storage_34.apk,droidbot:bfs_greedy,1,60,0,0,0,0,0
com.mateusrodcosta.apps.share2storage_34.apk,droidbot:bfs_greedy,1,180,0,0,0,0,0
com.mateusrodcosta.apps.share2storage_34.apk,droidbot:bfs_greedy,1,300,0,0,0,0,0
com.mateusrodcosta.apps.share2storage_34.apk,droidbot:bfs_greedy,2,60,0,0,0,0,0
com.mateusrodcosta.apps.share2storage_34.apk,droidbot:bfs_greedy,2,180,0,0,0,0,0
com.mateusrodcosta.apps.share2storage_34.apk,droidbot:bfs_greedy,2,300,0,0,0,0,0
com.mateusrodcosta.apps.share2storage_34.apk,droidbot:bfs_greedy,3,60,0,0,0,0,0
com.mateusrodcosta.apps.share2storage_34.apk,droidbot:bfs_greedy,3,180,0,0,0,0,0
com.mateusrodcosta.apps.share2storage_34.apk,droidbot:bfs_greedy,3,300,0,0,0,0,0
com.mateusrodcosta.apps.share2storage_34.apk,droidbot:dfs_naive,1,60,0,0,0,0,0
com.mateusrodcosta.apps.share2storage_34.apk,droidbot:dfs_naive,1,180,0,0,0,0,0
com.mateusrodcosta.apps.share2storage_34.apk,droidbot:dfs_naive,1,300,0,0,0,0,0
com.mateusrodcosta.apps.share2storage_34.apk,droidbot:dfs_naive,2,180,0,0,0,0,0
com.mateusrodcosta.apps.share2storage_34.apk,droidbot:dfs_naive,2,300,0,0,0,0,0
com.mateusrodcosta.apps.share2storage_34.apk,droidbot:dfs_naive,3,60,0,0,0,0,0
com.mateusrodcosta.apps.share2storage_34.apk,droidbot:dfs_naive,3,180,0,0,0,0,0
com.mateusrodcosta.apps.share2storage_34.apk,droidbot:dfs_naive,3,300,0,0,0,0,0
com.mateusrodcosta.apps.share2storage_34.apk,droidbot:bfs_naive,1,60,0,0,0,0,0
com.mateusrodcosta.apps.share2storage_34.apk,droidbot:bfs_naive,1,180,0,0,0,0,0
com.mateusrodcosta.apps.share2storage_34.apk,droidbot:bfs_naive,1,300,0,0,0,0,0
com.mateusrodcosta.apps.share2storage_34.apk,droidbot:bfs_naive,2,60,0,0,0,0,0
com.mateusrodcosta.apps.share2storage_34.apk,droidbot:bfs_naive,2,180,0,0,0,0,0
com.mateusrodcosta.apps.share2storage_34.apk,droidbot:bfs_naive,2,300,0,0,0,0,0
com.mateusrodcosta.apps.share2storage_34.apk,droidbot:bfs_naive,3,60,0,0,0,0,0
com.mateusrodcosta.apps.share2storage_34.apk,droidbot:bfs_naive,3,180,0,0,0,0,0
com.mateusrodcosta.apps.share2storage_34.apk,droidbot:bfs_naive,3,300,0,0,0,0,0
com.mateusrodcosta.apps.share2storage_34.apk,ape,1,60,0,0,0,0,0
com.mateusrodcosta.apps.share2storage_34.apk,ape,1,180,0,0,0,0,0
com.mateusrodcosta.apps.share2storage_34.apk,ape,1,300,0,0,0,0,0
com.mateusrodcosta.apps.share2storage_34.apk,ape,2,60,0,0,0,0,0
com.mateusrodcosta.apps.share2storage_34.apk,ape,2,180,0,0,0,0,0
com.mateusrodcosta.apps.share2storage_34.apk,ape,2,300,0,0,0,0,0
com.mateusrodcosta.apps.share2storage_34.apk,ape,3,60,0,0,0,0,0
com.mateusrodcosta.apps.share2storage_34.apk,ape,3,180,0,0,0,0,0
com.mateusrodcosta.apps.share2storage_34.apk,ape,3,300,0,0,0,0,0
com.mateusrodcosta.apps.share2storage_34.apk,droidmate,1,60,0,0,0,0,0
com.mateusrodcosta.apps.share2storage_34.apk,droidmate,1,180,0,0,0,0,0
com.mateusrodcosta.apps.share2storage_34.apk,droidmate,1,300,0,0,0,0,0
com.mateusrodcosta.apps.share2storage_34.apk,droidmate,2,60,0,0,0,0,0
com.mateusrodcosta.apps.share2storage_34.apk,droidmate,2,180,0,0,0,0,0
com.mateusrodcosta.apps.share2storage_34.apk,droidmate,2,300,0,0,0,0,0
com.mateusrodcosta.apps.share2storage_34.apk,droidmate,3,60,0,0,0,0,0
com.mateusrodcosta.apps.share2storage_34.apk,droidmate,3,180,0,0,0,0,0
com.mateusrodcosta.apps.share2storage_34.apk,droidmate,3,300,0,0,0,0,0
com.mateusrodcosta.apps.share2storage_34.apk,humanoid,1,60,0,0,0,0,0
com.mateusrodcosta.apps.share2storage_34.apk,humanoid,1,180,0,0,0,0,0
com.mateusrodcosta.apps.share2storage_34.apk,humanoid,1,300,0,0,0,0,0
com.mateusrodcosta.apps.share2storage_34.apk,humanoid,2,60,0,0,0,0,0
com.mateusrodcosta.apps.share2storage_34.apk,humanoid,2,180,0,0,0,0,0
com.mateusrodcosta.apps.share2storage_34.apk,humanoid,2,300,0,0,0,0,0
com.mateusrodcosta.apps.share2storage_34.apk,humanoid,3,60,0,0,0,0,0
com.mateusrodcosta.apps.share2storage_34.apk,humanoid,3,180,0,0,0,0,0
com.mateusrodcosta.apps.share2storage_34.apk,humanoid,3,300,0,0,0,0,0
com.mateusrodcosta.apps.share2storage_34.apk,ares,1,60,0,0,0,0,0
com.mateusrodcosta.apps.share2storage_34.apk,ares,1,180,0,0,0,0,0
com.mateusrodcosta.apps.share2storage_34.apk,ares,1,300,0,0,0,0,0
com.mateusrodcosta.apps.share2storage_34.apk,ares,2,60,0,0,0,0,0
com.mateusrodcosta.apps.share2storage_34.apk,ares,2,180,0,0,0,0,0
com.mateusrodcosta.apps.share2storage_34.apk,ares,2,300,0,0,0,0,0
com.mateusrodcosta.apps.share2storage_34.apk,ares,3,60,0,0,0,0,0
com.mateusrodcosta.apps.share2storage_34.apk,ares,3,180,0,0,0,0,0
com.mateusrodcosta.apps.share2storage_34.apk,ares,3,300,0,0,0,0,0
com.mateusrodcosta.apps.share2storage_34.apk,fastbot,1,60,0,0,0,0,0
com.mateusrodcosta.apps.share2storage_34.apk,fastbot,1,180,0,0,0,0,0
com.mateusrodcosta.apps.share2storage_34.apk,fastbot,1,300,0,0,0,0,0
com.mateusrodcosta.apps.share2storage_34.apk,fastbot,2,60,0,0,0,0,0
com.mateusrodcosta.apps.share2storage_34.apk,fastbot,2,180,0,0,0,0,0
com.mateusrodcosta.apps.share2storage_34.apk,fastbot,2,300,0,0,0,0,0
com.mateusrodcosta.apps.share2storage_34.apk,fastbot,3,60,0,0,0,0,0
com.mateusrodcosta.apps.share2storage_34.apk,fastbot,3,180,0,0,0,0,0
com.mateusrodcosta.apps.share2storage_34.apk,fastbot,3,300,0,0,0,0,0
com.mateusrodcosta.apps.share2storage_34.apk,qtesting,1,60,0,0,0,0,0
com.mateusrodcosta.apps.share2storage_34.apk,qtesting,1,180,0,0,0,0,0
com.mateusrodcosta.apps.share2storage_34.apk,qtesting,1,300,0,0,0,0,0
com.mateusrodcosta.apps.share2storage_34.apk,qtesting,2,60,0,0,0,0,0
com.mateusrodcosta.apps.share2storage_34.apk,qtesting,2,180,0,0,0,0,0
com.mateusrodcosta.apps.share2storage_34.apk,qtesting,2,300,0,0,0,0,0
com.mateusrodcosta.apps.share2storage_34.apk,qtesting,3,60,0,0,0,0,0
com.mateusrodcosta.apps.share2storage_34.apk,qtesting,3,180,0,0,0,0,0
com.mateusrodcosta.apps.share2storage_34.apk,qtesting,3,300,0,0,0,0,0
com.rtbishop.look4sat_410.apk,monkey,1,60,7,2,7,7,7.0
com.rtbishop.look4sat_410.apk,monkey,1,180,7,2,7,7,7.0
com.rtbishop.look4sat_410.apk,monkey,1,300,7,2,7,7,7.0
com.rtbishop.look4sat_410.apk,monkey,2,60,7,2,7,7,7.0
com.rtbishop.look4sat_410.apk,monkey,2,180,14,2,7,7,7.0
com.jerboa_87.apk,qtesting,3,300,35,2,7,7,7.0
com.mateusrodcosta.apps.share2storage_34.apk,droidbot:dfs_naive,2,60,0,0,0,0,0
com.rtbishop.look4sat_410.apk,monkey,2,300,7,2,7,7,7.0
com.rtbishop.look4sat_410.apk,monkey,3,60,7,2,7,7,7.0
com.rtbishop.look4sat_410.apk,monkey,3,180,7,2,7,7,7.0
com.rtbishop.look4sat_410.apk,monkey,3,300,7,2,7,7,7.0
com.rtbishop.look4sat_410.apk,droidbot:dfs_greedy,1,60,7,2,7,7,7.0
com.rtbishop.look4sat_410.apk,droidbot:dfs_greedy,1,180,7,2,7,7,7.0
com.rtbishop.look4sat_410.apk,droidbot:dfs_greedy,1,300,7,2,7,7,7.0
com.rtbishop.look4sat_410.apk,droidbot:dfs_greedy,2,60,7,2,7,7,7.0
com.rtbishop.look4sat_410.apk,droidbot:dfs_greedy,2,180,7,2,7,7,7.0
com.rtbishop.look4sat_410.apk,droidbot:dfs_greedy,2,300,7,2,7,7,7.0
com.rtbishop.look4sat_410.apk,droidbot:dfs_greedy,3,60,7,2,7,7,7.0
com.rtbishop.look4sat_410.apk,droidbot:dfs_greedy,3,180,7,2,7,7,7.0
com.rtbishop.look4sat_410.apk,droidbot:dfs_greedy,3,300,7,2,7,7,7.0
com.rtbishop.look4sat_410.apk,droidbot:bfs_greedy,1,60,7,2,7,7,7.0
com.rtbishop.look4sat_410.apk,droidbot:bfs_greedy,1,180,7,2,7,7,7.0
com.rtbishop.look4sat_410.apk,droidbot:bfs_greedy,1,300,7,2,7,7,7.0
com.rtbishop.look4sat_410.apk,droidbot:bfs_greedy,2,60,7,2,7,7,7.0
com.rtbishop.look4sat_410.apk,droidbot:bfs_greedy,2,180,7,2,7,7,7.0
com.rtbishop.look4sat_410.apk,droidbot:bfs_greedy,2,300,7,2,7,7,7.0
com.rtbishop.look4sat_410.apk,droidbot:bfs_greedy,3,60,7,2,7,7,7.0
com.rtbishop.look4sat_410.apk,droidbot:bfs_greedy,3,180,7,2,7,7,7.0
com.rtbishop.look4sat_410.apk,droidbot:bfs_greedy,3,300,7,2,7,7,7.0
com.rtbishop.look4sat_410.apk,droidbot:dfs_naive,1,60,7,2,7,7,7.0
com.rtbishop.look4sat_410.apk,droidbot:dfs_naive,1,180,7,2,7,7,7.0
com.rtbishop.look4sat_410.apk,droidbot:dfs_naive,1,300,7,2,7,7,7.0
com.rtbishop.look4sat_410.apk,droidbot:dfs_naive,2,60,7,2,7,7,7.0
com.rtbishop.look4sat_410.apk,droidbot:dfs_naive,2,180,7,2,7,7,7.0
com.rtbishop.look4sat_410.apk,droidbot:dfs_naive,2,300,7,2,7,7,7.0
com.rtbishop.look4sat_410.apk,droidbot:dfs_naive,3,60,7,2,7,7,7.0
com.rtbishop.look4sat_410.apk,droidbot:dfs_naive,3,180,7,2,7,7,7.0
com.rtbishop.look4sat_410.apk,droidbot:dfs_naive,3,300,7,2,7,7,7.0
com.rtbishop.look4sat_410.apk,droidbot:bfs_naive,1,60,7,2,7,7,7.0
com.rtbishop.look4sat_410.apk,droidbot:bfs_naive,1,180,7,2,7,7,7.0
com.rtbishop.look4sat_410.apk,droidbot:bfs_naive,1,300,7,2,7,7,7.0
com.rtbishop.look4sat_410.apk,droidbot:bfs_naive,2,60,7,2,7,7,7.0
com.rtbishop.look4sat_410.apk,droidbot:bfs_naive,2,180,7,2,7,7,7.0
com.rtbishop.look4sat_410.apk,droidbot:bfs_naive,2,300,7,2,7,7,7.0
com.rtbishop.look4sat_410.apk,droidbot:bfs_naive,3,60,7,2,7,7,7.0
com.rtbishop.look4sat_410.apk,droidbot:bfs_naive,3,180,7,2,7,7,7.0
com.rtbishop.look4sat_410.apk,droidbot:bfs_naive,3,300,0,0,0,0,0
com.rtbishop.look4sat_410.apk,ape,1,180,14,2,7,7,7.0
com.rtbishop.look4sat_410.apk,ape,1,300,14,2,7,7,7.0
com.rtbishop.look4sat_410.apk,ape,2,60,7,2,7,7,7.0
com.rtbishop.look4sat_410.apk,ape,2,180,7,2,7,7,7.0
com.rtbishop.look4sat_410.apk,ape,2,300,21,2,7,7,7.0
com.rtbishop.look4sat_410.apk,ape,3,60,7,2,7,7,7.0
com.rtbishop.look4sat_410.apk,ape,3,180,7,2,7,7,7.0
com.rtbishop.look4sat_410.apk,ape,3,300,14,2,7,7,7.0
com.rtbishop.look4sat_410.apk,droidmate,1,60,7,2,7,7,7.0
com.rtbishop.look4sat_410.apk,droidmate,1,180,7,2,7,7,7.0
com.rtbishop.look4sat_410.apk,droidmate,1,300,14,2,7,7,7.0
com.rtbishop.look4sat_410.apk,droidmate,2,60,7,2,7,7,7.0
com.rtbishop.look4sat_410.apk,droidmate,2,180,7,2,7,7,7.0
com.rtbishop.look4sat_410.apk,droidmate,2,300,14,2,7,7,7.0
com.rtbishop.look4sat_410.apk,droidmate,3,60,7,2,7,7,7.0
com.rtbishop.look4sat_410.apk,droidmate,3,180,7,2,7,7,7.0
com.rtbishop.look4sat_410.apk,droidmate,3,300,14,2,7,7,7.0
com.rtbishop.look4sat_410.apk,humanoid,1,60,7,2,7,7,7.0
com.rtbishop.look4sat_410.apk,humanoid,1,180,7,2,7,7,7.0
com.rtbishop.look4sat_410.apk,humanoid,1,300,7,2,7,7,7.0
com.rtbishop.look4sat_410.apk,humanoid,2,60,7,2,7,7,7.0
com.rtbishop.look4sat_410.apk,humanoid,2,180,7,2,7,7,7.0
com.rtbishop.look4sat_410.apk,humanoid,2,300,7,2,7,7,7.0
com.rtbishop.look4sat_410.apk,humanoid,3,60,7,2,7,7,7.0
com.rtbishop.look4sat_410.apk,humanoid,3,180,7,2,7,7,7.0
com.rtbishop.look4sat_410.apk,humanoid,3,300,7,2,7,7,7.0
com.rtbishop.look4sat_410.apk,ares,1,60,14,2,7,7,7.0
com.rtbishop.look4sat_410.apk,ares,1,180,14,2,7,7,7.0
com.rtbishop.look4sat_410.apk,ares,1,300,14,2,7,7,7.0
com.rtbishop.look4sat_410.apk,ares,2,60,14,2,7,7,7.0
com.rtbishop.look4sat_410.apk,ares,2,180,14,2,7,7,7.0
com.rtbishop.look4sat_410.apk,ares,2,300,14,2,7,7,7.0
com.rtbishop.look4sat_410.apk,ares,3,60,14,2,7,7,7.0
com.rtbishop.look4sat_410.apk,ares,3,180,14,2,7,7,7.0
com.rtbishop.look4sat_410.apk,ares,3,300,14,2,7,7,7.0
com.rtbishop.look4sat_410.apk,fastbot,1,60,7,2,7,7,7.0
com.rtbishop.look4sat_410.apk,fastbot,1,180,7,2,7,7,7.0
com.rtbishop.look4sat_410.apk,fastbot,1,300,7,2,7,7,7.0
com.rtbishop.look4sat_410.apk,fastbot,2,60,7,2,7,7,7.0
com.rtbishop.look4sat_410.apk,fastbot,2,180,7,2,7,7,7.0
com.rtbishop.look4sat_410.apk,fastbot,2,300,7,2,7,7,7.0
com.rtbishop.look4sat_410.apk,fastbot,3,60,7,2,7,7,7.0
com.rtbishop.look4sat_410.apk,fastbot,3,180,7,2,7,7,7.0
com.rtbishop.look4sat_410.apk,fastbot,3,300,7,2,7,7,7.0
com.rtbishop.look4sat_410.apk,qtesting,1,60,21,2,7,7,7.0
com.rtbishop.look4sat_410.apk,qtesting,1,180,28,2,7,7,7.0
com.rtbishop.look4sat_410.apk,qtesting,1,300,56,2,7,7,7.0
com.rtbishop.look4sat_410.apk,qtesting,2,60,14,2,7,7,7.0
com.rtbishop.look4sat_410.apk,qtesting,2,180,21,2,7,7,7.0
com.rtbishop.look4sat_410.apk,qtesting,2,300,63,2,7,7,7.0
com.rtbishop.look4sat_410.apk,qtesting,3,60,7,2,7,7,7.0
com.rtbishop.look4sat_410.apk,qtesting,3,180,21,2,7,7,7.0
com.rtbishop.look4sat_410.apk,qtesting,3,300,49,2,7,7,7.0
com.starry.myne_500.apk,monkey,1,60,12,3,12,12,12.0
com.starry.myne_500.apk,monkey,1,180,12,3,12,12,12.0
com.starry.myne_500.apk,monkey,1,300,24,3,12,12,12.0
com.starry.myne_500.apk,monkey,2,60,12,3,12,12,12.0
com.starry.myne_500.apk,monkey,2,180,7,2,7,7,7.0
com.starry.myne_500.apk,monkey,2,300,36,3,12,12,12.0
com.starry.myne_500.apk,monkey,3,60,12,3,12,12,12.0
com.starry.myne_500.apk,monkey,3,180,19,3,12,12,12.0
com.starry.myne_500.apk,monkey,3,300,12,3,12,12,12.0
com.starry.myne_500.apk,droidbot:dfs_greedy,1,60,7,2,7,7,7.0
com.starry.myne_500.apk,droidbot:dfs_greedy,1,180,12,3,12,12,12.0
com.starry.myne_500.apk,droidbot:dfs_greedy,1,300,12,3,12,12,12.0
com.starry.myne_500.apk,droidbot:dfs_greedy,2,60,7,2,7,7,7.0
com.starry.myne_500.apk,droidbot:dfs_greedy,2,180,12,3,12,12,12.0
com.starry.myne_500.apk,droidbot:dfs_greedy,2,300,12,3,12,12,12.0
com.starry.myne_500.apk,droidbot:dfs_greedy,3,60,7,2,7,7,7.0
com.starry.myne_500.apk,droidbot:dfs_greedy,3,180,12,3,12,12,12.0
com.starry.myne_500.apk,droidbot:dfs_greedy,3,300,12,3,12,12,12.0
com.starry.myne_500.apk,droidbot:bfs_greedy,1,60,7,2,7,7,7.0
com.starry.myne_500.apk,droidbot:bfs_greedy,1,180,12,3,12,12,12.0
com.starry.myne_500.apk,droidbot:bfs_greedy,1,300,7,2,7,7,7.0
com.starry.myne_500.apk,droidbot:bfs_greedy,2,60,7,2,7,7,7.0
com.starry.myne_500.apk,droidbot:bfs_greedy,2,180,7,2,7,7,7.0
com.starry.myne_500.apk,droidbot:bfs_greedy,2,300,12,3,12,12,12.0
com.starry.myne_500.apk,droidbot:bfs_greedy,3,60,7,2,7,7,7.0
com.starry.myne_500.apk,droidbot:bfs_greedy,3,180,12,3,12,12,12.0
com.starry.myne_500.apk,droidbot:bfs_greedy,3,300,7,2,7,7,7.0
com.starry.myne_500.apk,droidbot:dfs_naive,1,60,7,2,7,7,7.0
com.starry.myne_500.apk,droidbot:dfs_naive,1,180,12,3,12,12,12.0
com.starry.myne_500.apk,droidbot:dfs_naive,1,300,12,3,12,12,12.0
com.starry.myne_500.apk,droidbot:dfs_naive,2,60,7,2,7,7,7.0
com.starry.myne_500.apk,droidbot:dfs_naive,2,180,12,3,12,12,12.0
com.starry.myne_500.apk,droidbot:dfs_naive,2,300,12,3,12,12,12.0
com.starry.myne_500.apk,droidbot:dfs_naive,3,60,7,2,7,7,7.0
com.starry.myne_500.apk,droidbot:dfs_naive,3,180,12,3,12,12,12.0
com.starry.myne_500.apk,droidbot:dfs_naive,3,300,12,3,12,12,12.0
com.starry.myne_500.apk,droidbot:bfs_naive,1,180,12,3,12,12,12.0
com.starry.myne_500.apk,droidbot:bfs_naive,1,300,12,3,12,12,12.0
com.starry.myne_500.apk,droidbot:bfs_naive,2,60,7,2,7,7,7.0
com.starry.myne_500.apk,droidbot:bfs_naive,2,180,12,3,12,12,12.0
com.starry.myne_500.apk,droidbot:bfs_naive,2,300,12,3,12,12,12.0
com.starry.myne_500.apk,droidbot:bfs_naive,3,60,7,2,7,7,7.0
com.starry.myne_500.apk,droidbot:bfs_naive,3,180,12,3,12,12,12.0
com.starry.myne_500.apk,droidbot:bfs_naive,3,300,12,3,12,12,12.0
com.starry.myne_500.apk,ape,1,60,28,2,7,7,7.0
com.starry.myne_500.apk,ape,1,180,14,2,7,7,7.0
com.starry.myne_500.apk,ape,1,300,21,2,7,7,7.0
com.starry.myne_500.apk,ape,2,60,40,3,12,12,12.0
com.starry.myne_500.apk,ape,2,180,49,2,7,7,7.0
com.starry.myne_500.apk,ape,2,300,42,2,7,7,7.0
com.starry.myne_500.apk,ape,3,60,21,2,7,7,7.0
com.starry.myne_500.apk,ape,3,180,14,2,7,7,7.0
com.starry.myne_500.apk,ape,3,300,7,2,7,7,7.0
com.starry.myne_500.apk,droidmate,1,60,12,3,12,12,12.0
com.starry.myne_500.apk,droidmate,1,180,12,3,12,12,12.0
com.starry.myne_500.apk,droidmate,1,300,24,3,12,12,12.0
com.starry.myne_500.apk,droidmate,2,60,12,3,12,12,12.0
com.starry.myne_500.apk,droidmate,2,180,12,3,12,12,12.0
com.starry.myne_500.apk,droidmate,2,300,24,3,12,12,12.0
com.starry.myne_500.apk,droidmate,3,60,12,3,12,12,12.0
com.starry.myne_500.apk,droidmate,3,180,12,3,12,12,12.0
com.starry.myne_500.apk,humanoid,1,60,1,1,1,1,1.0
com.starry.myne_500.apk,humanoid,1,180,12,3,12,12,12.0
com.starry.myne_500.apk,humanoid,1,300,12,3,12,12,12.0
com.starry.myne_500.apk,humanoid,2,60,12,3,12,12,12.0
com.starry.myne_500.apk,humanoid,2,180,12,3,12,12,12.0
com.starry.myne_500.apk,humanoid,2,300,12,3,12,12,12.0
com.starry.myne_500.apk,humanoid,3,60,12,3,12,12,12.0
com.starry.myne_500.apk,humanoid,3,180,12,3,12,12,12.0
com.starry.myne_500.apk,humanoid,3,300,12,3,12,12,12.0
com.starry.myne_500.apk,ares,1,60,19,3,12,12,12.0
com.starry.myne_500.apk,ares,1,180,19,3,12,12,12.0
com.starry.myne_500.apk,ares,1,300,26,3,12,12,12.0
com.starry.myne_500.apk,ares,2,60,19,3,12,12,12.0
com.starry.myne_500.apk,ares,2,180,19,3,12,12,12.0
com.starry.myne_500.apk,ares,2,300,19,3,12,12,12.0
com.starry.myne_500.apk,ares,3,60,14,2,7,7,7.0
com.starry.myne_500.apk,ares,3,180,19,3,12,12,12.0
com.starry.myne_500.apk,ares,3,300,19,3,12,12,12.0
com.starry.myne_500.apk,fastbot,1,60,7,2,7,7,7.0
com.starry.myne_500.apk,fastbot,1,180,7,2,7,7,7.0
com.starry.myne_500.apk,fastbot,1,300,12,3,12,12,12.0
com.starry.myne_500.apk,fastbot,2,60,14,2,7,7,7.0
com.starry.myne_500.apk,fastbot,2,180,12,3,12,12,12.0
com.starry.myne_500.apk,fastbot,2,300,7,2,7,7,7.0
com.starry.myne_500.apk,fastbot,3,60,7,2,7,7,7.0
com.starry.myne_500.apk,fastbot,3,180,7,2,7,7,7.0
com.starry.myne_500.apk,qtesting,1,60,26,3,12,12,12.0
com.starry.myne_500.apk,qtesting,1,180,50,3,12,12,12.0
com.starry.myne_500.apk,qtesting,1,300,31,3,12,12,12.0
com.starry.myne_500.apk,qtesting,2,60,19,3,12,12,12.0
com.starry.myne_500.apk,qtesting,2,180,36,3,12,12,12.0
com.starry.myne_500.apk,qtesting,2,300,84,3,12,12,12.0
com.starry.myne_500.apk,qtesting,3,60,43,3,12,12,12.0
com.starry.myne_500.apk,qtesting,3,180,52,3,12,12,12.0
com.starry.myne_500.apk,qtesting,3,300,55,3,12,12,12.0
de.lukasneugebauer.nextcloudcookbook_62.apk,monkey,1,60,7,2,7,7,7.0
de.lukasneugebauer.nextcloudcookbook_62.apk,monkey,1,180,7,2,7,7,7.0
de.lukasneugebauer.nextcloudcookbook_62.apk,monkey,1,300,7,2,7,7,7.0
de.lukasneugebauer.nextcloudcookbook_62.apk,monkey,2,60,7,2,7,7,7.0
de.lukasneugebauer.nextcloudcookbook_62.apk,monkey,2,180,7,2,7,7,7.0
de.lukasneugebauer.nextcloudcookbook_62.apk,monkey,2,300,10,3,10,10,10.0
de.lukasneugebauer.nextcloudcookbook_62.apk,monkey,3,60,7,2,7,7,7.0
de.lukasneugebauer.nextcloudcookbook_62.apk,monkey,3,180,7,2,7,7,7.0
de.lukasneugebauer.nextcloudcookbook_62.apk,monkey,3,300,10,3,10,10,10.0
de.lukasneugebauer.nextcloudcookbook_62.apk,droidbot:dfs_greedy,1,60,10,3,10,10,10.0
de.lukasneugebauer.nextcloudcookbook_62.apk,droidbot:dfs_greedy,1,180,10,3,10,10,10.0
de.lukasneugebauer.nextcloudcookbook_62.apk,droidbot:dfs_greedy,1,300,3,1,3,3,3.0
de.lukasneugebauer.nextcloudcookbook_62.apk,droidbot:dfs_greedy,2,60,10,3,10,10,10.0
de.lukasneugebauer.nextcloudcookbook_62.apk,droidbot:dfs_greedy,2,180,10,3,10,10,10.0
de.lukasneugebauer.nextcloudcookbook_62.apk,droidbot:dfs_greedy,2,300,10,3,10,10,10.0
de.lukasneugebauer.nextcloudcookbook_62.apk,droidbot:dfs_greedy,3,60,10,3,10,10,10.0
de.lukasneugebauer.nextcloudcookbook_62.apk,droidbot:dfs_greedy,3,180,10,3,10,10,10.0
de.lukasneugebauer.nextcloudcookbook_62.apk,droidbot:dfs_greedy,3,300,10,3,10,10,10.0
de.lukasneugebauer.nextcloudcookbook_62.apk,droidbot:bfs_greedy,1,60,10,3,10,10,10.0
de.lukasneugebauer.nextcloudcookbook_62.apk,droidbot:bfs_greedy,1,180,10,3,10,10,10.0
de.lukasneugebauer.nextcloudcookbook_62.apk,droidbot:bfs_greedy,1,300,10,3,10,10,10.0
de.lukasneugebauer.nextcloudcookbook_62.apk,droidbot:bfs_greedy,2,60,10,3,10,10,10.0
de.lukasneugebauer.nextcloudcookbook_62.apk,droidbot:bfs_greedy,2,180,10,3,10,10,10.0
de.lukasneugebauer.nextcloudcookbook_62.apk,droidbot:bfs_greedy,2,300,10,3,10,10,10.0
de.lukasneugebauer.nextcloudcookbook_62.apk,droidbot:bfs_greedy,3,60,7,2,7,7,7.0
de.lukasneugebauer.nextcloudcookbook_62.apk,droidbot:bfs_greedy,3,180,10,3,10,10,10.0
de.lukasneugebauer.nextcloudcookbook_62.apk,droidbot:bfs_greedy,3,300,10,3,10,10,10.0
de.lukasneugebauer.nextcloudcookbook_62.apk,droidbot:dfs_naive,1,60,10,3,10,10,10.0
de.lukasneugebauer.nextcloudcookbook_62.apk,droidbot:dfs_naive,1,180,10,3,10,10,10.0
de.lukasneugebauer.nextcloudcookbook_62.apk,droidbot:dfs_naive,1,300,10,3,10,10,10.0
de.lukasneugebauer.nextcloudcookbook_62.apk,droidbot:dfs_naive,2,60,10,3,10,10,10.0
de.lukasneugebauer.nextcloudcookbook_62.apk,droidbot:dfs_naive,2,180,10,3,10,10,10.0
de.lukasneugebauer.nextcloudcookbook_62.apk,droidbot:dfs_naive,2,300,10,3,10,10,10.0
de.lukasneugebauer.nextcloudcookbook_62.apk,droidbot:dfs_naive,3,60,10,3,10,10,10.0
de.lukasneugebauer.nextcloudcookbook_62.apk,droidbot:dfs_naive,3,180,10,3,10,10,10.0
de.lukasneugebauer.nextcloudcookbook_62.apk,droidbot:dfs_naive,3,300,10,3,10,10,10.0
de.lukasneugebauer.nextcloudcookbook_62.apk,droidbot:bfs_naive,1,60,10,3,10,10,10.0
de.lukasneugebauer.nextcloudcookbook_62.apk,droidbot:bfs_naive,1,180,10,3,10,10,10.0
de.lukasneugebauer.nextcloudcookbook_62.apk,droidbot:bfs_naive,1,300,10,3,10,10,10.0
de.lukasneugebauer.nextcloudcookbook_62.apk,droidbot:bfs_naive,2,60,10,3,10,10,10.0
de.lukasneugebauer.nextcloudcookbook_62.apk,droidbot:bfs_naive,2,180,10,3,10,10,10.0
de.lukasneugebauer.nextcloudcookbook_62.apk,droidbot:bfs_naive,2,300,10,3,10,10,10.0
de.lukasneugebauer.nextcloudcookbook_62.apk,droidbot:bfs_naive,3,60,10,3,10,10,10.0
de.lukasneugebauer.nextcloudcookbook_62.apk,droidbot:bfs_naive,3,180,10,3,10,10,10.0
de.lukasneugebauer.nextcloudcookbook_62.apk,droidbot:bfs_naive,3,300,10,3,10,10,10.0
de.lukasneugebauer.nextcloudcookbook_62.apk,ape,1,60,21,2,7,7,7.0
de.lukasneugebauer.nextcloudcookbook_62.apk,ape,1,180,10,3,10,10,10.0
de.lukasneugebauer.nextcloudcookbook_62.apk,ape,1,300,41,3,10,10,10.0
de.lukasneugebauer.nextcloudcookbook_62.apk,ape,2,60,10,3,10,10,10.0
de.lukasneugebauer.nextcloudcookbook_62.apk,ape,2,180,31,3,10,10,10.0
de.lukasneugebauer.nextcloudcookbook_62.apk,ape,2,300,37,3,10,10,10.0
de.lukasneugebauer.nextcloudcookbook_62.apk,ape,3,60,32,2,7,7,7.0
de.lukasneugebauer.nextcloudcookbook_62.apk,ape,3,180,10,3,10,10,10.0
de.lukasneugebauer.nextcloudcookbook_62.apk,ape,3,300,10,3,10,10,10.0
de.lukasneugebauer.nextcloudcookbook_62.apk,droidmate,1,60,10,3,10,10,10.0
de.lukasneugebauer.nextcloudcookbook_62.apk,droidmate,1,180,10,3,10,10,10.0
de.lukasneugebauer.nextcloudcookbook_62.apk,droidmate,1,300,20,3,10,10,10.0
de.lukasneugebauer.nextcloudcookbook_62.apk,droidmate,2,60,10,3,10,10,10.0
de.lukasneugebauer.nextcloudcookbook_62.apk,droidmate,2,180,10,3,10,10,10.0
de.lukasneugebauer.nextcloudcookbook_62.apk,droidmate,2,300,30,3,10,10,10.0
de.lukasneugebauer.nextcloudcookbook_62.apk,droidmate,3,60,10,3,10,10,10.0
de.lukasneugebauer.nextcloudcookbook_62.apk,droidmate,3,180,10,3,10,10,10.0
de.lukasneugebauer.nextcloudcookbook_62.apk,droidmate,3,300,20,3,10,10,10.0
de.lukasneugebauer.nextcloudcookbook_62.apk,humanoid,1,60,7,2,7,7,7.0
de.lukasneugebauer.nextcloudcookbook_62.apk,humanoid,1,180,7,2,7,7,7.0
de.lukasneugebauer.nextcloudcookbook_62.apk,humanoid,1,300,10,3,10,10,10.0
de.lukasneugebauer.nextcloudcookbook_62.apk,humanoid,2,60,7,2,7,7,7.0
de.lukasneugebauer.nextcloudcookbook_62.apk,humanoid,2,180,10,3,10,10,10.0
de.lukasneugebauer.nextcloudcookbook_62.apk,humanoid,2,300,7,2,7,7,7.0
de.lukasneugebauer.nextcloudcookbook_62.apk,humanoid,3,60,10,3,10,10,10.0
de.lukasneugebauer.nextcloudcookbook_62.apk,humanoid,3,180,7,2,7,7,7.0
de.lukasneugebauer.nextcloudcookbook_62.apk,humanoid,3,300,10,3,10,10,10.0
de.lukasneugebauer.nextcloudcookbook_62.apk,ares,1,60,14,2,7,7,7.0
de.lukasneugebauer.nextcloudcookbook_62.apk,ares,1,180,17,3,10,10,10.0
de.lukasneugebauer.nextcloudcookbook_62.apk,ares,1,300,17,3,10,10,10.0
de.lukasneugebauer.nextcloudcookbook_62.apk,ares,2,60,14,2,7,7,7.0
de.lukasneugebauer.nextcloudcookbook_62.apk,ares,2,180,17,3,10,10,10.0
de.lukasneugebauer.nextcloudcookbook_62.apk,ares,2,300,17,3,10,10,10.0
de.lukasneugebauer.nextcloudcookbook_62.apk,ares,3,60,14,2,7,7,7.0
de.lukasneugebauer.nextcloudcookbook_62.apk,ares,3,180,17,3,10,10,10.0
de.lukasneugebauer.nextcloudcookbook_62.apk,ares,3,300,17,3,10,10,10.0
de.lukasneugebauer.nextcloudcookbook_62.apk,fastbot,1,60,7,2,7,7,7.0
de.lukasneugebauer.nextcloudcookbook_62.apk,fastbot,1,180,7,2,7,7,7.0
de.lukasneugebauer.nextcloudcookbook_62.apk,fastbot,1,300,10,3,10,10,10.0
de.lukasneugebauer.nextcloudcookbook_62.apk,fastbot,2,60,7,2,7,7,7.0
de.lukasneugebauer.nextcloudcookbook_62.apk,fastbot,2,180,7,2,7,7,7.0
de.lukasneugebauer.nextcloudcookbook_62.apk,fastbot,2,300,10,3,10,10,10.0
de.lukasneugebauer.nextcloudcookbook_62.apk,fastbot,3,60,10,3,10,10,10.0
de.lukasneugebauer.nextcloudcookbook_62.apk,fastbot,3,180,10,3,10,10,10.0
de.lukasneugebauer.nextcloudcookbook_62.apk,fastbot,3,300,10,3,10,10,10.0
de.lukasneugebauer.nextcloudcookbook_62.apk,qtesting,1,60,34,3,10,10,10.0
de.lukasneugebauer.nextcloudcookbook_62.apk,qtesting,1,180,58,3,10,10,10.0
de.lukasneugebauer.nextcloudcookbook_62.apk,qtesting,1,300,56,3,10,10,10.0
de.lukasneugebauer.nextcloudcookbook_62.apk,qtesting,2,60,28,2,7,7,7.0
de.lukasneugebauer.nextcloudcookbook_62.apk,qtesting,2,180,47,3,10,10,10.0
de.lukasneugebauer.nextcloudcookbook_62.apk,qtesting,2,300,51,3,10,10,10.0
de.lukasneugebauer.nextcloudcookbook_62.apk,qtesting,3,60,21,2,7,7,7.0
de.lukasneugebauer.nextcloudcookbook_62.apk,qtesting,3,180,48,3,10,10,10.0
de.lukasneugebauer.nextcloudcookbook_62.apk,qtesting,3,300,68,3,10,10,10.0
dev.spiegl.flyingcarpet_21.apk,monkey,1,60,0,0,0,0,0
dev.spiegl.flyingcarpet_21.apk,monkey,1,180,0,0,0,0,0
dev.spiegl.flyingcarpet_21.apk,monkey,1,300,0,0,0,0,0
dev.spiegl.flyingcarpet_21.apk,monkey,2,60,0,0,0,0,0
com.rtbishop.look4sat_410.apk,ape,1,60,7,2,7,7,7.0
com.starry.myne_500.apk,droidbot:bfs_naive,1,60,7,2,7,7,7.0
com.starry.myne_500.apk,droidmate,3,300,24,3,12,12,12.0
com.starry.myne_500.apk,fastbot,3,300,7,2,7,7,7.0
dev.spiegl.flyingcarpet_21.apk,monkey,2,180,0,0,0,0,0
dev.spiegl.flyingcarpet_21.apk,monkey,2,300,0,0,0,0,0
dev.spiegl.flyingcarpet_21.apk,monkey,3,60,0,0,0,0,0
dev.spiegl.flyingcarpet_21.apk,monkey,3,180,0,0,0,0,0
dev.spiegl.flyingcarpet_21.apk,monkey,3,300,0,0,0,0,0
dev.spiegl.flyingcarpet_21.apk,droidbot:dfs_greedy,1,60,0,0,0,0,0
dev.spiegl.flyingcarpet_21.apk,droidbot:dfs_greedy,1,180,0,0,0,0,0
dev.spiegl.flyingcarpet_21.apk,droidbot:dfs_greedy,1,300,0,0,0,0,0
dev.spiegl.flyingcarpet_21.apk,droidbot:dfs_greedy,2,60,0,0,0,0,0
dev.spiegl.flyingcarpet_21.apk,droidbot:dfs_greedy,2,180,0,0,0,0,0
dev.spiegl.flyingcarpet_21.apk,droidbot:dfs_greedy,2,300,0,0,0,0,0
dev.spiegl.flyingcarpet_21.apk,droidbot:dfs_greedy,3,60,0,0,0,0,0
dev.spiegl.flyingcarpet_21.apk,droidbot:dfs_greedy,3,180,0,0,0,0,0
dev.spiegl.flyingcarpet_21.apk,droidbot:dfs_greedy,3,300,0,0,0,0,0
dev.spiegl.flyingcarpet_21.apk,droidbot:bfs_greedy,1,60,0,0,0,0,0
dev.spiegl.flyingcarpet_21.apk,droidbot:bfs_greedy,1,180,0,0,0,0,0
dev.spiegl.flyingcarpet_21.apk,droidbot:bfs_greedy,1,300,0,0,0,0,0
dev.spiegl.flyingcarpet_21.apk,droidbot:bfs_greedy,2,60,0,0,0,0,0
dev.spiegl.flyingcarpet_21.apk,droidbot:bfs_greedy,2,180,0,0,0,0,0
dev.spiegl.flyingcarpet_21.apk,droidbot:bfs_greedy,2,300,0,0,0,0,0
dev.spiegl.flyingcarpet_21.apk,droidbot:bfs_greedy,3,60,0,0,0,0,0
dev.spiegl.flyingcarpet_21.apk,droidbot:bfs_greedy,3,180,0,0,0,0,0
dev.spiegl.flyingcarpet_21.apk,droidbot:bfs_greedy,3,300,0,0,0,0,0
dev.spiegl.flyingcarpet_21.apk,droidbot:dfs_naive,1,60,0,0,0,0,0
dev.spiegl.flyingcarpet_21.apk,droidbot:dfs_naive,1,180,0,0,0,0,0
dev.spiegl.flyingcarpet_21.apk,droidbot:dfs_naive,1,300,0,0,0,0,0
dev.spiegl.flyingcarpet_21.apk,droidbot:dfs_naive,2,60,0,0,0,0,0
dev.spiegl.flyingcarpet_21.apk,droidbot:dfs_naive,2,180,0,0,0,0,0
dev.spiegl.flyingcarpet_21.apk,droidbot:dfs_naive,2,300,0,0,0,0,0
dev.spiegl.flyingcarpet_21.apk,droidbot:dfs_naive,3,60,0,0,0,0,0
dev.spiegl.flyingcarpet_21.apk,droidbot:dfs_naive,3,180,0,0,0,0,0
dev.spiegl.flyingcarpet_21.apk,droidbot:dfs_naive,3,300,0,0,0,0,0
dev.spiegl.flyingcarpet_21.apk,droidbot:bfs_naive,1,60,0,0,0,0,0
dev.spiegl.flyingcarpet_21.apk,droidbot:bfs_naive,1,180,0,0,0,0,0
dev.spiegl.flyingcarpet_21.apk,droidbot:bfs_naive,1,300,0,0,0,0,0
dev.spiegl.flyingcarpet_21.apk,droidbot:bfs_naive,2,60,0,0,0,0,0
dev.spiegl.flyingcarpet_21.apk,droidbot:bfs_naive,2,180,0,0,0,0,0
dev.spiegl.flyingcarpet_21.apk,droidbot:bfs_naive,2,300,0,0,0,0,0
dev.spiegl.flyingcarpet_21.apk,droidbot:bfs_naive,3,60,0,0,0,0,0
dev.spiegl.flyingcarpet_21.apk,droidbot:bfs_naive,3,180,0,0,0,0,0
dev.spiegl.flyingcarpet_21.apk,droidbot:bfs_naive,3,300,0,0,0,0,0
dev.spiegl.flyingcarpet_21.apk,ape,1,60,0,0,0,0,0
dev.spiegl.flyingcarpet_21.apk,ape,1,180,0,0,0,0,0
dev.spiegl.flyingcarpet_21.apk,ape,1,300,0,0,0,0,0
dev.spiegl.flyingcarpet_21.apk,ape,2,60,0,0,0,0,0
dev.spiegl.flyingcarpet_21.apk,ape,2,180,0,0,0,0,0
dev.spiegl.flyingcarpet_21.apk,ape,2,300,0,0,0,0,0
dev.spiegl.flyingcarpet_21.apk,ape,3,60,0,0,0,0,0
dev.spiegl.flyingcarpet_21.apk,ape,3,180,0,0,0,0,0
dev.spiegl.flyingcarpet_21.apk,ape,3,300,0,0,0,0,0
dev.spiegl.flyingcarpet_21.apk,droidmate,1,60,0,0,0,0,0
dev.spiegl.flyingcarpet_21.apk,droidmate,1,180,0,0,0,0,0
dev.spiegl.flyingcarpet_21.apk,droidmate,1,300,0,0,0,0,0
dev.spiegl.flyingcarpet_21.apk,droidmate,2,60,0,0,0,0,0
dev.spiegl.flyingcarpet_21.apk,droidmate,2,180,0,0,0,0,0
dev.spiegl.flyingcarpet_21.apk,droidmate,2,300,0,0,0,0,0
dev.spiegl.flyingcarpet_21.apk,droidmate,3,60,0,0,0,0,0
dev.spiegl.flyingcarpet_21.apk,droidmate,3,180,0,0,0,0,0
dev.spiegl.flyingcarpet_21.apk,droidmate,3,300,0,0,0,0,0
dev.spiegl.flyingcarpet_21.apk,humanoid,1,60,0,0,0,0,0
dev.spiegl.flyingcarpet_21.apk,humanoid,1,180,0,0,0,0,0
dev.spiegl.flyingcarpet_21.apk,humanoid,1,300,0,0,0,0,0
dev.spiegl.flyingcarpet_21.apk,humanoid,2,60,0,0,0,0,0
dev.spiegl.flyingcarpet_21.apk,humanoid,2,180,0,0,0,0,0
dev.spiegl.flyingcarpet_21.apk,humanoid,2,300,0,0,0,0,0
dev.spiegl.flyingcarpet_21.apk,humanoid,3,60,0,0,0,0,0
dev.spiegl.flyingcarpet_21.apk,humanoid,3,180,0,0,0,0,0
dev.spiegl.flyingcarpet_21.apk,humanoid,3,300,0,0,0,0,0
dev.spiegl.flyingcarpet_21.apk,ares,1,60,0,0,0,0,0
dev.spiegl.flyingcarpet_21.apk,ares,1,180,0,0,0,0,0
dev.spiegl.flyingcarpet_21.apk,ares,1,300,0,0,0,0,0
dev.spiegl.flyingcarpet_21.apk,ares,2,60,0,0,0,0,0
dev.spiegl.flyingcarpet_21.apk,ares,2,180,0,0,0,0,0
dev.spiegl.flyingcarpet_21.apk,ares,2,300,0,0,0,0,0
dev.spiegl.flyingcarpet_21.apk,ares,3,60,0,0,0,0,0
dev.spiegl.flyingcarpet_21.apk,ares,3,180,0,0,0,0,0
dev.spiegl.flyingcarpet_21.apk,ares,3,300,0,0,0,0,0
dev.spiegl.flyingcarpet_21.apk,fastbot,1,60,0,0,0,0,0
dev.spiegl.flyingcarpet_21.apk,fastbot,1,180,0,0,0,0,0
dev.spiegl.flyingcarpet_21.apk,fastbot,1,300,0,0,0,0,0
dev.spiegl.flyingcarpet_21.apk,fastbot,2,60,0,0,0,0,0
dev.spiegl.flyingcarpet_21.apk,fastbot,2,180,0,0,0,0,0
dev.spiegl.flyingcarpet_21.apk,fastbot,2,300,0,0,0,0,0
dev.spiegl.flyingcarpet_21.apk,fastbot,3,60,0,0,0,0,0
dev.spiegl.flyingcarpet_21.apk,fastbot,3,180,0,0,0,0,0
dev.spiegl.flyingcarpet_21.apk,fastbot,3,300,0,0,0,0,0
dev.spiegl.flyingcarpet_21.apk,qtesting,1,60,0,0,0,0,0
dev.spiegl.flyingcarpet_21.apk,qtesting,1,180,0,0,0,0,0
dev.spiegl.flyingcarpet_21.apk,qtesting,1,300,0,0,0,0,0
dev.spiegl.flyingcarpet_21.apk,qtesting,2,60,0,0,0,0,0
dev.spiegl.flyingcarpet_21.apk,qtesting,2,180,0,0,0,0,0
dev.spiegl.flyingcarpet_21.apk,qtesting,2,300,0,0,0,0,0
dev.spiegl.flyingcarpet_21.apk,qtesting,3,60,0,0,0,0,0
dev.spiegl.flyingcarpet_21.apk,qtesting,3,180,0,0,0,0,0
dev.spiegl.flyingcarpet_21.apk,qtesting,3,300,0,0,0,0,0
io.github.samolego.canta_225.apk,monkey,1,60,0,0,0,0,0
io.github.samolego.canta_225.apk,monkey,1,180,0,0,0,0,0
io.github.samolego.canta_225.apk,monkey,1,300,0,0,0,0,0
io.github.samolego.canta_225.apk,monkey,2,60,0,0,0,0,0
io.github.samolego.canta_225.apk,monkey,2,180,0,0,0,0,0
io.github.samolego.canta_225.apk,monkey,2,300,0,0,0,0,0
io.github.samolego.canta_225.apk,monkey,3,60,0,0,0,0,0
io.github.samolego.canta_225.apk,monkey,3,180,0,0,0,0,0
io.github.samolego.canta_225.apk,monkey,3,300,0,0,0,0,0
io.github.samolego.canta_225.apk,droidbot:dfs_greedy,1,60,0,0,0,0,0
io.github.samolego.canta_225.apk,droidbot:dfs_greedy,1,300,0,0,0,0,0
io.github.samolego.canta_225.apk,droidbot:dfs_greedy,2,60,0,0,0,0,0
io.github.samolego.canta_225.apk,droidbot:dfs_greedy,2,180,0,0,0,0,0
io.github.samolego.canta_225.apk,droidbot:dfs_greedy,2,300,0,0,0,0,0
io.github.samolego.canta_225.apk,droidbot:dfs_greedy,3,60,0,0,0,0,0
io.github.samolego.canta_225.apk,droidbot:dfs_greedy,3,180,0,0,0,0,0
io.github.samolego.canta_225.apk,droidbot:dfs_greedy,3,300,0,0,0,0,0
io.github.samolego.canta_225.apk,droidbot:bfs_greedy,1,60,0,0,0,0,0
io.github.samolego.canta_225.apk,droidbot:bfs_greedy,1,180,0,0,0,0,0
io.github.samolego.canta_225.apk,droidbot:bfs_greedy,1,300,0,0,0,0,0
io.github.samolego.canta_225.apk,droidbot:bfs_greedy,2,60,0,0,0,0,0
io.github.samolego.canta_225.apk,droidbot:bfs_greedy,2,180,0,0,0,0,0
io.github.samolego.canta_225.apk,droidbot:bfs_greedy,2,300,0,0,0,0,0
io.github.samolego.canta_225.apk,droidbot:bfs_greedy,3,60,0,0,0,0,0
io.github.samolego.canta_225.apk,droidbot:bfs_greedy,3,180,0,0,0,0,0
io.github.samolego.canta_225.apk,droidbot:bfs_greedy,3,300,0,0,0,0,0
io.github.samolego.canta_225.apk,droidbot:dfs_naive,1,60,0,0,0,0,0
io.github.samolego.canta_225.apk,droidbot:dfs_naive,1,180,0,0,0,0,0
io.github.samolego.canta_225.apk,droidbot:dfs_naive,1,300,0,0,0,0,0
io.github.samolego.canta_225.apk,droidbot:dfs_naive,2,180,0,0,0,0,0
io.github.samolego.canta_225.apk,droidbot:dfs_naive,2,300,0,0,0,0,0
io.github.samolego.canta_225.apk,droidbot:dfs_naive,3,60,0,0,0,0,0
io.github.samolego.canta_225.apk,droidbot:dfs_naive,3,180,0,0,0,0,0
io.github.samolego.canta_225.apk,droidbot:dfs_naive,3,300,0,0,0,0,0
io.github.samolego.canta_225.apk,droidbot:bfs_naive,1,60,0,0,0,0,0
io.github.samolego.canta_225.apk,droidbot:bfs_naive,1,180,0,0,0,0,0
io.github.samolego.canta_225.apk,droidbot:bfs_naive,1,300,0,0,0,0,0
io.github.samolego.canta_225.apk,droidbot:bfs_naive,2,60,0,0,0,0,0
io.github.samolego.canta_225.apk,droidbot:bfs_naive,2,180,0,0,0,0,0
io.github.samolego.canta_225.apk,droidbot:bfs_naive,2,300,0,0,0,0,0
io.github.samolego.canta_225.apk,droidbot:bfs_naive,3,60,0,0,0,0,0
io.github.samolego.canta_225.apk,droidbot:bfs_naive,3,180,0,0,0,0,0
io.github.samolego.canta_225.apk,droidbot:bfs_naive,3,300,0,0,0,0,0
io.github.samolego.canta_225.apk,ape,1,60,0,0,0,0,0
io.github.samolego.canta_225.apk,ape,1,180,0,0,0,0,0
io.github.samolego.canta_225.apk,ape,1,300,0,0,0,0,0
io.github.samolego.canta_225.apk,ape,2,60,0,0,0,0,0
io.github.samolego.canta_225.apk,ape,2,180,0,0,0,0,0
io.github.samolego.canta_225.apk,ape,2,300,0,0,0,0,0
io.github.samolego.canta_225.apk,ape,3,60,0,0,0,0,0
io.github.samolego.canta_225.apk,ape,3,180,0,0,0,0,0
io.github.samolego.canta_225.apk,ape,3,300,0,0,0,0,0
io.github.samolego.canta_225.apk,droidmate,1,60,0,0,0,0,0
io.github.samolego.canta_225.apk,droidmate,1,180,0,0,0,0,0
io.github.samolego.canta_225.apk,droidmate,1,300,0,0,0,0,0
io.github.samolego.canta_225.apk,droidmate,2,60,0,0,0,0,0
io.github.samolego.canta_225.apk,droidmate,2,180,0,0,0,0,0
io.github.samolego.canta_225.apk,droidmate,2,300,0,0,0,0,0
io.github.samolego.canta_225.apk,droidmate,3,60,0,0,0,0,0
io.github.samolego.canta_225.apk,droidmate,3,180,0,0,0,0,0
io.github.samolego.canta_225.apk,droidmate,3,300,0,0,0,0,0
io.github.samolego.canta_225.apk,humanoid,1,60,0,0,0,0,0
io.github.samolego.canta_225.apk,humanoid,1,180,0,0,0,0,0
io.github.samolego.canta_225.apk,humanoid,1,300,0,0,0,0,0
io.github.samolego.canta_225.apk,humanoid,2,60,0,0,0,0,0
io.github.samolego.canta_225.apk,humanoid,2,180,0,0,0,0,0
io.github.samolego.canta_225.apk,humanoid,2,300,0,0,0,0,0
io.github.samolego.canta_225.apk,humanoid,3,60,0,0,0,0,0
io.github.samolego.canta_225.apk,humanoid,3,180,0,0,0,0,0
io.github.samolego.canta_225.apk,humanoid,3,300,0,0,0,0,0
io.github.samolego.canta_225.apk,ares,1,60,0,0,0,0,0
io.github.samolego.canta_225.apk,ares,1,180,0,0,0,0,0
io.github.samolego.canta_225.apk,ares,1,300,0,0,0,0,0
io.github.samolego.canta_225.apk,ares,2,60,0,0,0,0,0
io.github.samolego.canta_225.apk,ares,2,180,0,0,0,0,0
io.github.samolego.canta_225.apk,ares,2,300,0,0,0,0,0
io.github.samolego.canta_225.apk,ares,3,60,0,0,0,0,0
io.github.samolego.canta_225.apk,ares,3,180,0,0,0,0,0
io.github.samolego.canta_225.apk,ares,3,300,0,0,0,0,0
io.github.samolego.canta_225.apk,fastbot,1,60,0,0,0,0,0
io.github.samolego.canta_225.apk,fastbot,1,180,0,0,0,0,0
io.github.samolego.canta_225.apk,fastbot,1,300,0,0,0,0,0
io.github.samolego.canta_225.apk,fastbot,2,60,0,0,0,0,0
io.github.samolego.canta_225.apk,fastbot,2,180,0,0,0,0,0
io.github.samolego.canta_225.apk,fastbot,2,300,0,0,0,0,0
io.github.samolego.canta_225.apk,fastbot,3,60,0,0,0,0,0
io.github.samolego.canta_225.apk,fastbot,3,180,0,0,0,0,0
io.github.samolego.canta_225.apk,fastbot,3,300,0,0,0,0,0
io.github.samolego.canta_225.apk,qtesting,1,60,0,0,0,0,0
io.github.samolego.canta_225.apk,qtesting,1,180,0,0,0,0,0
io.github.samolego.canta_225.apk,qtesting,1,300,0,0,0,0,0
io.github.samolego.canta_225.apk,qtesting,2,60,0,0,0,0,0
io.github.samolego.canta_225.apk,qtesting,2,180,0,0,0,0,0
io.github.samolego.canta_225.apk,qtesting,2,300,0,0,0,0,0
io.github.samolego.canta_225.apk,qtesting,3,60,0,0,0,0,0
io.github.samolego.canta_225.apk,qtesting,3,180,0,0,0,0,0
io.github.samolego.canta_225.apk,qtesting,3,300,0,0,0,0,0
me.testcase.ognarviewer_25.apk,monkey,1,60,0,0,0,0,0
me.testcase.ognarviewer_25.apk,monkey,1,180,0,0,0,0,0
me.testcase.ognarviewer_25.apk,monkey,1,300,0,0,0,0,0
me.testcase.ognarviewer_25.apk,monkey,2,60,0,0,0,0,0
me.testcase.ognarviewer_25.apk,monkey,2,180,0,0,0,0,0
me.testcase.ognarviewer_25.apk,monkey,2,300,0,0,0,0,0
me.testcase.ognarviewer_25.apk,monkey,3,60,0,0,0,0,0
me.testcase.ognarviewer_25.apk,monkey,3,180,0,0,0,0,0
me.testcase.ognarviewer_25.apk,monkey,3,300,0,0,0,0,0
me.testcase.ognarviewer_25.apk,droidbot:dfs_greedy,1,60,0,0,0,0,0
me.testcase.ognarviewer_25.apk,droidbot:dfs_greedy,1,180,0,0,0,0,0
me.testcase.ognarviewer_25.apk,droidbot:dfs_greedy,1,300,0,0,0,0,0
me.testcase.ognarviewer_25.apk,droidbot:dfs_greedy,2,60,0,0,0,0,0
me.testcase.ognarviewer_25.apk,droidbot:dfs_greedy,2,180,0,0,0,0,0
me.testcase.ognarviewer_25.apk,droidbot:dfs_greedy,2,300,0,0,0,0,0
me.testcase.ognarviewer_25.apk,droidbot:dfs_greedy,3,60,0,0,0,0,0
me.testcase.ognarviewer_25.apk,droidbot:dfs_greedy,3,180,0,0,0,0,0
me.testcase.ognarviewer_25.apk,droidbot:dfs_greedy,3,300,0,0,0,0,0
me.testcase.ognarviewer_25.apk,droidbot:bfs_greedy,1,60,0,0,0,0,0
me.testcase.ognarviewer_25.apk,droidbot:bfs_greedy,1,180,0,0,0,0,0
me.testcase.ognarviewer_25.apk,droidbot:bfs_greedy,1,300,0,0,0,0,0
me.testcase.ognarviewer_25.apk,droidbot:bfs_greedy,2,60,0,0,0,0,0
me.testcase.ognarviewer_25.apk,droidbot:bfs_greedy,2,180,0,0,0,0,0
me.testcase.ognarviewer_25.apk,droidbot:bfs_greedy,2,300,0,0,0,0,0
me.testcase.ognarviewer_25.apk,droidbot:bfs_greedy,3,60,0,0,0,0,0
me.testcase.ognarviewer_25.apk,droidbot:bfs_greedy,3,180,0,0,0,0,0
me.testcase.ognarviewer_25.apk,droidbot:bfs_greedy,3,300,0,0,0,0,0
me.testcase.ognarviewer_25.apk,droidbot:dfs_naive,1,60,0,0,0,0,0
me.testcase.ognarviewer_25.apk,droidbot:dfs_naive,1,180,0,0,0,0,0
me.testcase.ognarviewer_25.apk,droidbot:dfs_naive,1,300,0,0,0,0,0
me.testcase.ognarviewer_25.apk,droidbot:dfs_naive,2,60,0,0,0,0,0
me.testcase.ognarviewer_25.apk,droidbot:dfs_naive,2,180,0,0,0,0,0
me.testcase.ognarviewer_25.apk,droidbot:dfs_naive,2,300,0,0,0,0,0
me.testcase.ognarviewer_25.apk,droidbot:dfs_naive,3,60,0,0,0,0,0
me.testcase.ognarviewer_25.apk,droidbot:dfs_naive,3,180,0,0,0,0,0
me.testcase.ognarviewer_25.apk,droidbot:dfs_naive,3,300,0,0,0,0,0
me.testcase.ognarviewer_25.apk,droidbot:bfs_naive,1,60,0,0,0,0,0
me.testcase.ognarviewer_25.apk,droidbot:bfs_naive,1,180,0,0,0,0,0
me.testcase.ognarviewer_25.apk,droidbot:bfs_naive,1,300,0,0,0,0,0
me.testcase.ognarviewer_25.apk,droidbot:bfs_naive,2,60,0,0,0,0,0
me.testcase.ognarviewer_25.apk,droidbot:bfs_naive,2,180,0,0,0,0,0
me.testcase.ognarviewer_25.apk,droidbot:bfs_naive,2,300,0,0,0,0,0
me.testcase.ognarviewer_25.apk,droidbot:bfs_naive,3,60,0,0,0,0,0
me.testcase.ognarviewer_25.apk,droidbot:bfs_naive,3,180,0,0,0,0,0
me.testcase.ognarviewer_25.apk,droidbot:bfs_naive,3,300,0,0,0,0,0
me.testcase.ognarviewer_25.apk,ape,1,60,0,0,0,0,0
me.testcase.ognarviewer_25.apk,ape,1,180,0,0,0,0,0
me.testcase.ognarviewer_25.apk,ape,1,300,3,1,3,3,3.0
me.testcase.ognarviewer_25.apk,ape,2,60,0,0,0,0,0
me.testcase.ognarviewer_25.apk,ape,2,180,0,0,0,0,0
me.testcase.ognarviewer_25.apk,ape,2,300,0,0,0,0,0
me.testcase.ognarviewer_25.apk,ape,3,60,0,0,0,0,0
me.testcase.ognarviewer_25.apk,ape,3,180,0,0,0,0,0
me.testcase.ognarviewer_25.apk,ape,3,300,0,0,0,0,0
me.testcase.ognarviewer_25.apk,droidmate,1,60,0,0,0,0,0
me.testcase.ognarviewer_25.apk,droidmate,1,180,0,0,0,0,0
me.testcase.ognarviewer_25.apk,droidmate,1,300,0,0,0,0,0
me.testcase.ognarviewer_25.apk,droidmate,2,60,0,0,0,0,0
me.testcase.ognarviewer_25.apk,droidmate,2,180,0,0,0,0,0
me.testcase.ognarviewer_25.apk,droidmate,2,300,0,0,0,0,0
me.testcase.ognarviewer_25.apk,droidmate,3,60,0,0,0,0,0
me.testcase.ognarviewer_25.apk,droidmate,3,180,0,0,0,0,0
me.testcase.ognarviewer_25.apk,droidmate,3,300,0,0,0,0,0
me.testcase.ognarviewer_25.apk,humanoid,1,60,0,0,0,0,0
me.testcase.ognarviewer_25.apk,humanoid,1,180,0,0,0,0,0
me.testcase.ognarviewer_25.apk,humanoid,1,300,0,0,0,0,0
me.testcase.ognarviewer_25.apk,humanoid,2,60,0,0,0,0,0
me.testcase.ognarviewer_25.apk,humanoid,2,180,0,0,0,0,0
me.testcase.ognarviewer_25.apk,humanoid,2,300,0,0,0,0,0
me.testcase.ognarviewer_25.apk,humanoid,3,60,0,0,0,0,0
me.testcase.ognarviewer_25.apk,humanoid,3,180,0,0,0,0,0
me.testcase.ognarviewer_25.apk,humanoid,3,300,0,0,0,0,0
me.testcase.ognarviewer_25.apk,ares,1,60,0,0,0,0,0
me.testcase.ognarviewer_25.apk,ares,1,180,0,0,0,0,0
me.testcase.ognarviewer_25.apk,ares,1,300,0,0,0,0,0
me.testcase.ognarviewer_25.apk,ares,2,60,0,0,0,0,0
me.testcase.ognarviewer_25.apk,ares,2,180,0,0,0,0,0
me.testcase.ognarviewer_25.apk,ares,2,300,0,0,0,0,0
me.testcase.ognarviewer_25.apk,ares,3,60,0,0,0,0,0
me.testcase.ognarviewer_25.apk,ares,3,180,0,0,0,0,0
me.testcase.ognarviewer_25.apk,ares,3,300,0,0,0,0,0
me.testcase.ognarviewer_25.apk,fastbot,1,60,0,0,0,0,0
me.testcase.ognarviewer_25.apk,fastbot,1,180,0,0,0,0,0
me.testcase.ognarviewer_25.apk,fastbot,1,300,3,1,3,3,3.0
me.testcase.ognarviewer_25.apk,fastbot,2,60,0,0,0,0,0
me.testcase.ognarviewer_25.apk,fastbot,2,180,0,0,0,0,0
me.testcase.ognarviewer_25.apk,fastbot,2,300,3,1,3,3,3.0
me.testcase.ognarviewer_25.apk,fastbot,3,60,0,0,0,0,0
me.testcase.ognarviewer_25.apk,fastbot,3,180,0,0,0,0,0
me.testcase.ognarviewer_25.apk,fastbot,3,300,0,0,0,0,0
me.testcase.ognarviewer_25.apk,qtesting,1,60,0,0,0,0,0
me.testcase.ognarviewer_25.apk,qtesting,1,180,0,0,0,0,0
me.testcase.ognarviewer_25.apk,qtesting,1,300,0,0,0,0,0
me.testcase.ognarviewer_25.apk,qtesting,2,60,0,0,0,0,0
me.testcase.ognarviewer_25.apk,qtesting,2,180,0,0,0,0,0
me.testcase.ognarviewer_25.apk,qtesting,2,300,0,0,0,0,0
me.testcase.ognarviewer_25.apk,qtesting,3,60,0,0,0,0,0
me.testcase.ognarviewer_25.apk,qtesting,3,180,0,0,0,0,0
me.testcase.ognarviewer_25.apk,qtesting,3,300,0,0,0,0,0
org.cry.otp_31.apk,monkey,1,60,0,0,0,0,0
org.cry.otp_31.apk,monkey,1,180,0,0,0,0,0
org.cry.otp_31.apk,monkey,1,300,0,0,0,0,0
org.cry.otp_31.apk,monkey,2,60,0,0,0,0,0
org.cry.otp_31.apk,monkey,2,180,0,0,0,0,0
org.cry.otp_31.apk,monkey,2,300,0,0,0,0,0
org.cry.otp_31.apk,monkey,3,60,0,0,0,0,0
org.cry.otp_31.apk,monkey,3,180,0,0,0,0,0
org.cry.otp_31.apk,monkey,3,300,0,0,0,0,0
org.cry.otp_31.apk,droidbot:dfs_greedy,1,60,0,0,0,0,0
org.cry.otp_31.apk,droidbot:dfs_greedy,1,180,0,0,0,0,0
org.cry.otp_31.apk,droidbot:dfs_greedy,1,300,0,0,0,0,0
org.cry.otp_31.apk,droidbot:dfs_greedy,2,60,0,0,0,0,0
org.cry.otp_31.apk,droidbot:dfs_greedy,2,180,0,0,0,0,0
org.cry.otp_31.apk,droidbot:dfs_greedy,2,300,0,0,0,0,0
org.cry.otp_31.apk,droidbot:dfs_greedy,3,60,0,0,0,0,0
org.cry.otp_31.apk,droidbot:dfs_greedy,3,180,0,0,0,0,0
org.cry.otp_31.apk,droidbot:dfs_greedy,3,300,0,0,0,0,0
org.cry.otp_31.apk,droidbot:bfs_greedy,1,60,0,0,0,0,0
org.cry.otp_31.apk,droidbot:bfs_greedy,1,180,0,0,0,0,0
org.cry.otp_31.apk,droidbot:bfs_greedy,1,300,0,0,0,0,0
org.cry.otp_31.apk,droidbot:bfs_greedy,2,60,0,0,0,0,0
org.cry.otp_31.apk,droidbot:bfs_greedy,2,180,0,0,0,0,0
org.cry.otp_31.apk,droidbot:bfs_greedy,2,300,0,0,0,0,0
org.cry.otp_31.apk,droidbot:bfs_greedy,3,180,0,0,0,0,0
org.cry.otp_31.apk,droidbot:dfs_naive,1,60,0,0,0,0,0
org.cry.otp_31.apk,droidbot:dfs_naive,1,180,0,0,0,0,0
org.cry.otp_31.apk,droidbot:dfs_naive,1,300,0,0,0,0,0
org.cry.otp_31.apk,droidbot:dfs_naive,2,60,0,0,0,0,0
org.cry.otp_31.apk,droidbot:dfs_naive,2,180,0,0,0,0,0
org.cry.otp_31.apk,droidbot:dfs_naive,2,300,0,0,0,0,0
org.cry.otp_31.apk,droidbot:dfs_naive,3,60,0,0,0,0,0
org.cry.otp_31.apk,droidbot:dfs_naive,3,180,0,0,0,0,0
org.cry.otp_31.apk,droidbot:dfs_naive,3,300,0,0,0,0,0
org.cry.otp_31.apk,droidbot:bfs_naive,1,60,0,0,0,0,0
org.cry.otp_31.apk,droidbot:bfs_naive,1,180,0,0,0,0,0
org.cry.otp_31.apk,droidbot:bfs_naive,1,300,0,0,0,0,0
org.cry.otp_31.apk,droidbot:bfs_naive,2,60,0,0,0,0,0
org.cry.otp_31.apk,droidbot:bfs_naive,2,180,0,0,0,0,0
org.cry.otp_31.apk,droidbot:bfs_naive,2,300,0,0,0,0,0
org.cry.otp_31.apk,droidbot:bfs_naive,3,60,0,0,0,0,0
org.cry.otp_31.apk,droidbot:bfs_naive,3,180,0,0,0,0,0
org.cry.otp_31.apk,droidbot:bfs_naive,3,300,0,0,0,0,0
org.cry.otp_31.apk,ape,1,60,0,0,0,0,0
org.cry.otp_31.apk,ape,1,180,0,0,0,0,0
org.cry.otp_31.apk,ape,1,300,0,0,0,0,0
org.cry.otp_31.apk,ape,2,60,6,2,6,6,6.0
org.cry.otp_31.apk,ape,2,180,0,0,0,0,0
org.cry.otp_31.apk,ape,2,300,0,0,0,0,0
org.cry.otp_31.apk,ape,3,60,0,0,0,0,0
org.cry.otp_31.apk,ape,3,180,0,0,0,0,0
org.cry.otp_31.apk,ape,3,300,0,0,0,0,0
org.cry.otp_31.apk,droidmate,1,60,0,0,0,0,0
org.cry.otp_31.apk,droidmate,1,180,0,0,0,0,0
org.cry.otp_31.apk,droidmate,1,300,0,0,0,0,0
org.cry.otp_31.apk,droidmate,2,60,0,0,0,0,0
org.cry.otp_31.apk,droidmate,2,180,0,0,0,0,0
org.cry.otp_31.apk,droidmate,2,300,6,2,6,6,6.0
org.cry.otp_31.apk,droidmate,3,60,0,0,0,0,0
org.cry.otp_31.apk,droidmate,3,180,0,0,0,0,0
org.cry.otp_31.apk,droidmate,3,300,6,2,6,6,6.0
org.cry.otp_31.apk,humanoid,1,60,0,0,0,0,0
org.cry.otp_31.apk,humanoid,1,180,0,0,0,0,0
org.cry.otp_31.apk,humanoid,1,300,0,0,0,0,0
org.cry.otp_31.apk,humanoid,2,60,0,0,0,0,0
org.cry.otp_31.apk,humanoid,2,180,0,0,0,0,0
org.cry.otp_31.apk,humanoid,2,300,6,2,6,6,6.0
org.cry.otp_31.apk,humanoid,3,60,0,0,0,0,0
org.cry.otp_31.apk,humanoid,3,180,0,0,0,0,0
org.cry.otp_31.apk,humanoid,3,300,0,0,0,0,0
org.cry.otp_31.apk,ares,1,60,0,0,0,0,0
org.cry.otp_31.apk,ares,1,180,0,0,0,0,0
org.cry.otp_31.apk,ares,1,300,0,0,0,0,0
org.cry.otp_31.apk,ares,2,60,0,0,0,0,0
org.cry.otp_31.apk,ares,2,180,0,0,0,0,0
org.cry.otp_31.apk,ares,2,300,0,0,0,0,0
org.cry.otp_31.apk,ares,3,60,0,0,0,0,0
org.cry.otp_31.apk,ares,3,180,0,0,0,0,0
org.cry.otp_31.apk,ares,3,300,0,0,0,0,0
org.cry.otp_31.apk,fastbot,1,60,0,0,0,0,0
org.cry.otp_31.apk,fastbot,1,180,0,0,0,0,0
org.cry.otp_31.apk,fastbot,1,300,0,0,0,0,0
org.cry.otp_31.apk,fastbot,2,60,0,0,0,0,0
org.cry.otp_31.apk,fastbot,2,180,0,0,0,0,0
org.cry.otp_31.apk,fastbot,2,300,0,0,0,0,0
org.cry.otp_31.apk,fastbot,3,60,0,0,0,0,0
org.cry.otp_31.apk,fastbot,3,180,0,0,0,0,0
org.cry.otp_31.apk,fastbot,3,300,0,0,0,0,0
org.cry.otp_31.apk,qtesting,1,60,0,0,0,0,0
org.cry.otp_31.apk,qtesting,1,180,0,0,0,0,0
org.cry.otp_31.apk,qtesting,1,300,0,0,0,0,0
org.cry.otp_31.apk,qtesting,2,60,0,0,0,0,0
org.cry.otp_31.apk,qtesting,2,180,0,0,0,0,0
org.cry.otp_31.apk,qtesting,2,300,0,0,0,0,0
org.cry.otp_31.apk,qtesting,3,60,0,0,0,0,0
org.cry.otp_31.apk,qtesting,3,180,0,0,0,0,0
org.cry.otp_31.apk,qtesting,3,300,0,0,0,0,0
org.fossify.voicerecorder_18.apk,monkey,1,60,0,0,0,0,0
org.fossify.voicerecorder_18.apk,monkey,1,180,0,0,0,0,0
org.fossify.voicerecorder_18.apk,monkey,1,300,0,0,0,0,0
org.fossify.voicerecorder_18.apk,monkey,2,60,0,0,0,0,0
org.fossify.voicerecorder_18.apk,monkey,2,180,0,0,0,0,0
org.fossify.voicerecorder_18.apk,monkey,2,300,0,0,0,0,0
org.fossify.voicerecorder_18.apk,monkey,3,60,0,0,0,0,0
org.fossify.voicerecorder_18.apk,monkey,3,180,0,0,0,0,0
org.fossify.voicerecorder_18.apk,monkey,3,300,0,0,0,0,0
org.fossify.voicerecorder_18.apk,droidbot:dfs_greedy,1,60,0,0,0,0,0
org.fossify.voicerecorder_18.apk,droidbot:dfs_greedy,1,180,0,0,0,0,0
org.fossify.voicerecorder_18.apk,droidbot:dfs_greedy,1,300,0,0,0,0,0
org.fossify.voicerecorder_18.apk,droidbot:dfs_greedy,2,60,0,0,0,0,0
org.fossify.voicerecorder_18.apk,droidbot:dfs_greedy,2,180,0,0,0,0,0
org.fossify.voicerecorder_18.apk,droidbot:dfs_greedy,2,300,0,0,0,0,0
org.fossify.voicerecorder_18.apk,droidbot:dfs_greedy,3,60,0,0,0,0,0
org.fossify.voicerecorder_18.apk,droidbot:dfs_greedy,3,180,0,0,0,0,0
org.fossify.voicerecorder_18.apk,droidbot:dfs_greedy,3,300,0,0,0,0,0
org.fossify.voicerecorder_18.apk,droidbot:bfs_greedy,1,60,0,0,0,0,0
org.fossify.voicerecorder_18.apk,droidbot:bfs_greedy,1,180,0,0,0,0,0
org.fossify.voicerecorder_18.apk,droidbot:bfs_greedy,1,300,0,0,0,0,0
org.fossify.voicerecorder_18.apk,droidbot:bfs_greedy,2,60,0,0,0,0,0
org.fossify.voicerecorder_18.apk,droidbot:bfs_greedy,2,180,0,0,0,0,0
org.fossify.voicerecorder_18.apk,droidbot:bfs_greedy,2,300,0,0,0,0,0
org.fossify.voicerecorder_18.apk,droidbot:bfs_greedy,3,60,0,0,0,0,0
org.fossify.voicerecorder_18.apk,droidbot:bfs_greedy,3,180,0,0,0,0,0
org.fossify.voicerecorder_18.apk,droidbot:bfs_greedy,3,300,0,0,0,0,0
org.fossify.voicerecorder_18.apk,droidbot:dfs_naive,1,60,0,0,0,0,0
org.fossify.voicerecorder_18.apk,droidbot:dfs_naive,1,180,0,0,0,0,0
org.fossify.voicerecorder_18.apk,droidbot:dfs_naive,2,60,0,0,0,0,0
org.fossify.voicerecorder_18.apk,droidbot:dfs_naive,2,180,0,0,0,0,0
org.fossify.voicerecorder_18.apk,droidbot:dfs_naive,2,300,0,0,0,0,0
org.fossify.voicerecorder_18.apk,droidbot:dfs_naive,3,60,0,0,0,0,0
org.fossify.voicerecorder_18.apk,droidbot:dfs_naive,3,180,0,0,0,0,0
org.fossify.voicerecorder_18.apk,droidbot:dfs_naive,3,300,0,0,0,0,0
org.fossify.voicerecorder_18.apk,droidbot:bfs_naive,1,60,0,0,0,0,0
org.fossify.voicerecorder_18.apk,droidbot:bfs_naive,1,180,0,0,0,0,0
org.fossify.voicerecorder_18.apk,droidbot:bfs_naive,1,300,0,0,0,0,0
org.fossify.voicerecorder_18.apk,droidbot:bfs_naive,2,60,0,0,0,0,0
org.fossify.voicerecorder_18.apk,droidbot:bfs_naive,2,180,0,0,0,0,0
org.fossify.voicerecorder_18.apk,droidbot:bfs_naive,2,300,0,0,0,0,0
org.fossify.voicerecorder_18.apk,droidbot:bfs_naive,3,60,0,0,0,0,0
org.fossify.voicerecorder_18.apk,droidbot:bfs_naive,3,180,0,0,0,0,0
org.fossify.voicerecorder_18.apk,droidbot:bfs_naive,3,300,0,0,0,0,0
org.fossify.voicerecorder_18.apk,ape,1,60,0,0,0,0,0
org.fossify.voicerecorder_18.apk,ape,1,180,0,0,0,0,0
org.fossify.voicerecorder_18.apk,ape,1,300,0,0,0,0,0
org.fossify.voicerecorder_18.apk,ape,2,60,0,0,0,0,0
org.fossify.voicerecorder_18.apk,ape,2,180,0,0,0,0,0
org.fossify.voicerecorder_18.apk,ape,2,300,0,0,0,0,0
org.fossify.voicerecorder_18.apk,ape,3,60,0,0,0,0,0
org.fossify.voicerecorder_18.apk,ape,3,180,0,0,0,0,0
org.fossify.voicerecorder_18.apk,ape,3,300,0,0,0,0,0
org.fossify.voicerecorder_18.apk,droidmate,1,60,0,0,0,0,0
org.fossify.voicerecorder_18.apk,droidmate,1,180,0,0,0,0,0
org.fossify.voicerecorder_18.apk,droidmate,1,300,0,0,0,0,0
org.fossify.voicerecorder_18.apk,droidmate,2,60,0,0,0,0,0
org.fossify.voicerecorder_18.apk,droidmate,2,180,0,0,0,0,0
org.fossify.voicerecorder_18.apk,droidmate,2,300,0,0,0,0,0
org.fossify.voicerecorder_18.apk,droidmate,3,60,0,0,0,0,0
org.fossify.voicerecorder_18.apk,droidmate,3,180,0,0,0,0,0
org.fossify.voicerecorder_18.apk,droidmate,3,300,0,0,0,0,0
org.fossify.voicerecorder_18.apk,humanoid,1,60,0,0,0,0,0
org.fossify.voicerecorder_18.apk,humanoid,1,180,0,0,0,0,0
org.fossify.voicerecorder_18.apk,humanoid,1,300,0,0,0,0,0
org.fossify.voicerecorder_18.apk,humanoid,2,60,0,0,0,0,0
org.fossify.voicerecorder_18.apk,humanoid,2,180,0,0,0,0,0
org.fossify.voicerecorder_18.apk,humanoid,2,300,0,0,0,0,0
org.fossify.voicerecorder_18.apk,humanoid,3,60,0,0,0,0,0
org.fossify.voicerecorder_18.apk,humanoid,3,180,0,0,0,0,0
org.fossify.voicerecorder_18.apk,humanoid,3,300,0,0,0,0,0
org.fossify.voicerecorder_18.apk,ares,1,60,0,0,0,0,0
org.fossify.voicerecorder_18.apk,ares,1,180,0,0,0,0,0
org.fossify.voicerecorder_18.apk,ares,1,300,0,0,0,0,0
org.fossify.voicerecorder_18.apk,ares,2,60,0,0,0,0,0
org.fossify.voicerecorder_18.apk,ares,2,180,0,0,0,0,0
org.fossify.voicerecorder_18.apk,ares,2,300,0,0,0,0,0
org.fossify.voicerecorder_18.apk,ares,3,60,0,0,0,0,0
org.fossify.voicerecorder_18.apk,ares,3,180,0,0,0,0,0
org.fossify.voicerecorder_18.apk,ares,3,300,0,0,0,0,0
org.fossify.voicerecorder_18.apk,fastbot,1,60,0,0,0,0,0
org.fossify.voicerecorder_18.apk,fastbot,1,180,0,0,0,0,0
org.fossify.voicerecorder_18.apk,fastbot,1,300,0,0,0,0,0
org.fossify.voicerecorder_18.apk,fastbot,2,60,0,0,0,0,0
org.fossify.voicerecorder_18.apk,fastbot,2,180,0,0,0,0,0
org.fossify.voicerecorder_18.apk,fastbot,2,300,0,0,0,0,0
org.fossify.voicerecorder_18.apk,fastbot,3,60,0,0,0,0,0
org.fossify.voicerecorder_18.apk,fastbot,3,180,0,0,0,0,0
org.fossify.voicerecorder_18.apk,fastbot,3,300,0,0,0,0,0
org.fossify.voicerecorder_18.apk,qtesting,1,60,0,0,0,0,0
org.fossify.voicerecorder_18.apk,qtesting,1,180,0,0,0,0,0
org.fossify.voicerecorder_18.apk,qtesting,1,300,0,0,0,0,0
org.fossify.voicerecorder_18.apk,qtesting,2,60,0,0,0,0,0
org.fossify.voicerecorder_18.apk,qtesting,2,180,0,0,0,0,0
org.fossify.voicerecorder_18.apk,qtesting,2,300,0,0,0,0,0
org.fossify.voicerecorder_18.apk,qtesting,3,60,0,0,0,0,0
org.fossify.voicerecorder_18.apk,qtesting,3,180,0,0,0,0,0
org.fossify.voicerecorder_18.apk,qtesting,3,300,0,0,0,0,0
org.piepmeyer.gauguin_75.apk,monkey,1,60,0,0,0,0,0
org.piepmeyer.gauguin_75.apk,monkey,1,180,0,0,0,0,0
org.piepmeyer.gauguin_75.apk,monkey,1,300,0,0,0,0,0
org.piepmeyer.gauguin_75.apk,monkey,2,60,0,0,0,0,0
org.piepmeyer.gauguin_75.apk,monkey,2,180,0,0,0,0,0
org.piepmeyer.gauguin_75.apk,monkey,2,300,0,0,0,0,0
org.piepmeyer.gauguin_75.apk,monkey,3,60,0,0,0,0,0
org.piepmeyer.gauguin_75.apk,monkey,3,180,0,0,0,0,0
org.piepmeyer.gauguin_75.apk,monkey,3,300,0,0,0,0,0
org.piepmeyer.gauguin_75.apk,droidbot:dfs_greedy,1,60,0,0,0,0,0
org.piepmeyer.gauguin_75.apk,droidbot:dfs_greedy,1,180,0,0,0,0,0
org.piepmeyer.gauguin_75.apk,droidbot:dfs_greedy,1,300,0,0,0,0,0
org.piepmeyer.gauguin_75.apk,droidbot:dfs_greedy,2,60,0,0,0,0,0
org.piepmeyer.gauguin_75.apk,droidbot:dfs_greedy,2,180,0,0,0,0,0
org.piepmeyer.gauguin_75.apk,droidbot:dfs_greedy,2,300,0,0,0,0,0
org.piepmeyer.gauguin_75.apk,droidbot:dfs_greedy,3,60,0,0,0,0,0
org.piepmeyer.gauguin_75.apk,droidbot:dfs_greedy,3,180,0,0,0,0,0
org.piepmeyer.gauguin_75.apk,droidbot:dfs_greedy,3,300,0,0,0,0,0
org.piepmeyer.gauguin_75.apk,droidbot:bfs_greedy,1,60,0,0,0,0,0
org.piepmeyer.gauguin_75.apk,droidbot:bfs_greedy,1,180,0,0,0,0,0
org.piepmeyer.gauguin_75.apk,droidbot:bfs_greedy,1,300,0,0,0,0,0
org.piepmeyer.gauguin_75.apk,droidbot:bfs_greedy,2,60,0,0,0,0,0
org.piepmeyer.gauguin_75.apk,droidbot:bfs_greedy,2,180,0,0,0,0,0
org.piepmeyer.gauguin_75.apk,droidbot:bfs_greedy,2,300,0,0,0,0,0
org.piepmeyer.gauguin_75.apk,droidbot:bfs_greedy,3,60,0,0,0,0,0
org.piepmeyer.gauguin_75.apk,droidbot:bfs_greedy,3,180,0,0,0,0,0
org.piepmeyer.gauguin_75.apk,droidbot:bfs_greedy,3,300,0,0,0,0,0
org.piepmeyer.gauguin_75.apk,droidbot:dfs_naive,1,60,0,0,0,0,0
org.piepmeyer.gauguin_75.apk,droidbot:dfs_naive,1,180,0,0,0,0,0
org.piepmeyer.gauguin_75.apk,droidbot:dfs_naive,1,300,0,0,0,0,0
org.piepmeyer.gauguin_75.apk,droidbot:dfs_naive,2,60,0,0,0,0,0
org.piepmeyer.gauguin_75.apk,droidbot:dfs_naive,2,180,0,0,0,0,0
org.piepmeyer.gauguin_75.apk,droidbot:dfs_naive,2,300,0,0,0,0,0
org.piepmeyer.gauguin_75.apk,droidbot:dfs_naive,3,60,0,0,0,0,0
org.piepmeyer.gauguin_75.apk,droidbot:dfs_naive,3,180,0,0,0,0,0
org.piepmeyer.gauguin_75.apk,droidbot:bfs_naive,1,60,0,0,0,0,0
org.piepmeyer.gauguin_75.apk,droidbot:bfs_naive,1,180,0,0,0,0,0
org.piepmeyer.gauguin_75.apk,droidbot:bfs_naive,1,300,0,0,0,0,0
org.piepmeyer.gauguin_75.apk,droidbot:bfs_naive,2,60,0,0,0,0,0
org.piepmeyer.gauguin_75.apk,droidbot:bfs_naive,2,180,0,0,0,0,0
org.piepmeyer.gauguin_75.apk,droidbot:bfs_naive,2,300,0,0,0,0,0
org.piepmeyer.gauguin_75.apk,droidbot:bfs_naive,3,60,0,0,0,0,0
org.piepmeyer.gauguin_75.apk,droidbot:bfs_naive,3,180,0,0,0,0,0
org.piepmeyer.gauguin_75.apk,droidbot:bfs_naive,3,300,0,0,0,0,0
org.piepmeyer.gauguin_75.apk,ape,1,60,0,0,0,0,0
org.piepmeyer.gauguin_75.apk,ape,1,180,0,0,0,0,0
org.piepmeyer.gauguin_75.apk,ape,1,300,0,0,0,0,0
org.piepmeyer.gauguin_75.apk,ape,2,60,0,0,0,0,0
org.piepmeyer.gauguin_75.apk,ape,2,180,0,0,0,0,0
org.piepmeyer.gauguin_75.apk,ape,2,300,0,0,0,0,0
org.piepmeyer.gauguin_75.apk,ape,3,60,0,0,0,0,0
org.piepmeyer.gauguin_75.apk,ape,3,180,0,0,0,0,0
org.piepmeyer.gauguin_75.apk,ape,3,300,0,0,0,0,0
org.piepmeyer.gauguin_75.apk,droidmate,1,60,0,0,0,0,0
org.piepmeyer.gauguin_75.apk,droidmate,1,180,0,0,0,0,0
org.piepmeyer.gauguin_75.apk,droidmate,1,300,0,0,0,0,0
org.piepmeyer.gauguin_75.apk,droidmate,2,60,0,0,0,0,0
org.piepmeyer.gauguin_75.apk,droidmate,2,180,0,0,0,0,0
org.piepmeyer.gauguin_75.apk,droidmate,2,300,0,0,0,0,0
org.piepmeyer.gauguin_75.apk,droidmate,3,60,0,0,0,0,0
org.piepmeyer.gauguin_75.apk,droidmate,3,180,0,0,0,0,0
org.piepmeyer.gauguin_75.apk,droidmate,3,300,0,0,0,0,0
org.piepmeyer.gauguin_75.apk,humanoid,1,60,0,0,0,0,0
org.piepmeyer.gauguin_75.apk,humanoid,1,180,0,0,0,0,0
org.piepmeyer.gauguin_75.apk,humanoid,1,300,0,0,0,0,0
org.piepmeyer.gauguin_75.apk,humanoid,2,60,0,0,0,0,0
org.piepmeyer.gauguin_75.apk,humanoid,2,180,0,0,0,0,0
org.piepmeyer.gauguin_75.apk,humanoid,2,300,0,0,0,0,0
org.piepmeyer.gauguin_75.apk,humanoid,3,60,0,0,0,0,0
org.piepmeyer.gauguin_75.apk,humanoid,3,180,0,0,0,0,0
org.piepmeyer.gauguin_75.apk,humanoid,3,300,0,0,0,0,0
org.piepmeyer.gauguin_75.apk,ares,1,60,0,0,0,0,0
org.piepmeyer.gauguin_75.apk,ares,1,180,0,0,0,0,0
org.piepmeyer.gauguin_75.apk,ares,1,300,0,0,0,0,0
org.piepmeyer.gauguin_75.apk,ares,2,60,0,0,0,0,0
org.piepmeyer.gauguin_75.apk,ares,2,180,0,0,0,0,0
org.piepmeyer.gauguin_75.apk,ares,2,300,0,0,0,0,0
org.piepmeyer.gauguin_75.apk,ares,3,60,0,0,0,0,0
org.piepmeyer.gauguin_75.apk,ares,3,180,0,0,0,0,0
org.piepmeyer.gauguin_75.apk,ares,3,300,0,0,0,0,0
org.piepmeyer.gauguin_75.apk,fastbot,1,60,0,0,0,0,0
org.piepmeyer.gauguin_75.apk,fastbot,1,180,0,0,0,0,0
org.piepmeyer.gauguin_75.apk,fastbot,1,300,0,0,0,0,0
org.piepmeyer.gauguin_75.apk,fastbot,2,60,0,0,0,0,0
org.piepmeyer.gauguin_75.apk,fastbot,2,180,0,0,0,0,0
org.piepmeyer.gauguin_75.apk,fastbot,2,300,0,0,0,0,0
org.piepmeyer.gauguin_75.apk,fastbot,3,60,0,0,0,0,0
org.piepmeyer.gauguin_75.apk,fastbot,3,180,0,0,0,0,0
org.piepmeyer.gauguin_75.apk,fastbot,3,300,0,0,0,0,0
org.piepmeyer.gauguin_75.apk,qtesting,1,60,0,0,0,0,0
org.piepmeyer.gauguin_75.apk,qtesting,1,180,0,0,0,0,0
org.piepmeyer.gauguin_75.apk,qtesting,1,300,0,0,0,0,0
org.piepmeyer.gauguin_75.apk,qtesting,2,60,0,0,0,0,0
org.piepmeyer.gauguin_75.apk,qtesting,2,180,0,0,0,0,0
org.piepmeyer.gauguin_75.apk,qtesting,2,300,0,0,0,0,0
org.piepmeyer.gauguin_75.apk,qtesting,3,60,0,0,0,0,0
org.piepmeyer.gauguin_75.apk,qtesting,3,180,0,0,0,0,0
org.piepmeyer.gauguin_75.apk,qtesting,3,300,0,0,0,0,0
ua.acclorite.book_story_14.apk,monkey,1,60,0,0,0,0,0
ua.acclorite.book_story_14.apk,monkey,1,180,0,0,0,0,0
ua.acclorite.book_story_14.apk,monkey,1,300,0,0,0,0,0
ua.acclorite.book_story_14.apk,monkey,2,60,0,0,0,0,0
ua.acclorite.book_story_14.apk,monkey,2,180,0,0,0,0,0
ua.acclorite.book_story_14.apk,monkey,2,300,0,0,0,0,0
ua.acclorite.book_story_14.apk,monkey,3,60,0,0,0,0,0
ua.acclorite.book_story_14.apk,monkey,3,180,0,0,0,0,0
ua.acclorite.book_story_14.apk,monkey,3,300,0,0,0,0,0
ua.acclorite.book_story_14.apk,droidbot:dfs_greedy,1,60,0,0,0,0,0
ua.acclorite.book_story_14.apk,droidbot:dfs_greedy,1,180,0,0,0,0,0
ua.acclorite.book_story_14.apk,droidbot:dfs_greedy,1,300,0,0,0,0,0
ua.acclorite.book_story_14.apk,droidbot:dfs_greedy,2,60,0,0,0,0,0
ua.acclorite.book_story_14.apk,droidbot:dfs_greedy,2,180,0,0,0,0,0
ua.acclorite.book_story_14.apk,droidbot:dfs_greedy,2,300,0,0,0,0,0
ua.acclorite.book_story_14.apk,droidbot:dfs_greedy,3,60,0,0,0,0,0
ua.acclorite.book_story_14.apk,droidbot:dfs_greedy,3,180,0,0,0,0,0
ua.acclorite.book_story_14.apk,droidbot:dfs_greedy,3,300,0,0,0,0,0
ua.acclorite.book_story_14.apk,droidbot:bfs_greedy,1,60,0,0,0,0,0
ua.acclorite.book_story_14.apk,droidbot:bfs_greedy,1,180,0,0,0,0,0
ua.acclorite.book_story_14.apk,droidbot:bfs_greedy,1,300,0,0,0,0,0
ua.acclorite.book_story_14.apk,droidbot:bfs_greedy,2,60,0,0,0,0,0
ua.acclorite.book_story_14.apk,droidbot:bfs_greedy,2,180,0,0,0,0,0
ua.acclorite.book_story_14.apk,droidbot:bfs_greedy,2,300,0,0,0,0,0
ua.acclorite.book_story_14.apk,droidbot:bfs_greedy,3,60,0,0,0,0,0
ua.acclorite.book_story_14.apk,droidbot:bfs_greedy,3,180,0,0,0,0,0
ua.acclorite.book_story_14.apk,droidbot:bfs_greedy,3,300,0,0,0,0,0
ua.acclorite.book_story_14.apk,droidbot:dfs_naive,1,60,0,0,0,0,0
ua.acclorite.book_story_14.apk,droidbot:dfs_naive,1,180,0,0,0,0,0
ua.acclorite.book_story_14.apk,droidbot:dfs_naive,1,300,0,0,0,0,0
ua.acclorite.book_story_14.apk,droidbot:dfs_naive,2,60,0,0,0,0,0
ua.acclorite.book_story_14.apk,droidbot:dfs_naive,2,180,0,0,0,0,0
ua.acclorite.book_story_14.apk,droidbot:dfs_naive,2,300,0,0,0,0,0
ua.acclorite.book_story_14.apk,droidbot:dfs_naive,3,60,0,0,0,0,0
ua.acclorite.book_story_14.apk,droidbot:dfs_naive,3,180,0,0,0,0,0
ua.acclorite.book_story_14.apk,droidbot:dfs_naive,3,300,0,0,0,0,0
ua.acclorite.book_story_14.apk,droidbot:bfs_naive,1,60,0,0,0,0,0
ua.acclorite.book_story_14.apk,droidbot:bfs_naive,1,180,0,0,0,0,0
ua.acclorite.book_story_14.apk,droidbot:bfs_naive,1,300,0,0,0,0,0
ua.acclorite.book_story_14.apk,droidbot:bfs_naive,2,60,0,0,0,0,0
ua.acclorite.book_story_14.apk,droidbot:bfs_naive,2,180,0,0,0,0,0
ua.acclorite.book_story_14.apk,droidbot:bfs_naive,2,300,0,0,0,0,0
ua.acclorite.book_story_14.apk,droidbot:bfs_naive,3,60,0,0,0,0,0
ua.acclorite.book_story_14.apk,droidbot:bfs_naive,3,180,0,0,0,0,0
ua.acclorite.book_story_14.apk,droidbot:bfs_naive,3,300,0,0,0,0,0
ua.acclorite.book_story_14.apk,ape,1,60,0,0,0,0,0
ua.acclorite.book_story_14.apk,ape,1,180,0,0,0,0,0
ua.acclorite.book_story_14.apk,ape,1,300,0,0,0,0,0
ua.acclorite.book_story_14.apk,ape,2,60,0,0,0,0,0
ua.acclorite.book_story_14.apk,ape,2,180,0,0,0,0,0
ua.acclorite.book_story_14.apk,ape,2,300,0,0,0,0,0
ua.acclorite.book_story_14.apk,ape,3,60,0,0,0,0,0
ua.acclorite.book_story_14.apk,ape,3,180,0,0,0,0,0
ua.acclorite.book_story_14.apk,ape,3,300,0,0,0,0,0
ua.acclorite.book_story_14.apk,droidmate,1,60,0,0,0,0,0
io.github.samolego.canta_225.apk,droidbot:dfs_greedy,1,180,0,0,0,0,0
io.github.samolego.canta_225.apk,droidbot:dfs_naive,2,60,0,0,0,0,0
org.cry.otp_31.apk,droidbot:bfs_greedy,3,60,0,0,0,0,0
org.cry.otp_31.apk,droidbot:bfs_greedy,3,300,0,0,0,0,0
org.fossify.voicerecorder_18.apk,droidbot:dfs_naive,1,300,0,0,0,0,0
org.piepmeyer.gauguin_75.apk,droidbot:dfs_naive,3,300,0,0,0,0,0
ua.acclorite.book_story_14.apk,droidmate,1,180,0,0,0,0,0
ua.acclorite.book_story_14.apk,droidmate,1,300,0,0,0,0,0
ua.acclorite.book_story_14.apk,droidmate,2,60,0,0,0,0,0
ua.acclorite.book_story_14.apk,droidmate,2,180,0,0,0,0,0
ua.acclorite.book_story_14.apk,droidmate,2,300,0,0,0,0,0
ua.acclorite.book_story_14.apk,droidmate,3,60,0,0,0,0,0
ua.acclorite.book_story_14.apk,droidmate,3,180,0,0,0,0,0
ua.acclorite.book_story_14.apk,droidmate,3,300,0,0,0,0,0
ua.acclorite.book_story_14.apk,humanoid,1,60,0,0,0,0,0
ua.acclorite.book_story_14.apk,humanoid,1,180,0,0,0,0,0
ua.acclorite.book_story_14.apk,humanoid,1,300,0,0,0,0,0
ua.acclorite.book_story_14.apk,humanoid,2,60,0,0,0,0,0
ua.acclorite.book_story_14.apk,humanoid,2,180,0,0,0,0,0
ua.acclorite.book_story_14.apk,humanoid,2,300,0,0,0,0,0
ua.acclorite.book_story_14.apk,humanoid,3,60,0,0,0,0,0
ua.acclorite.book_story_14.apk,humanoid,3,180,0,0,0,0,0
ua.acclorite.book_story_14.apk,humanoid,3,300,0,0,0,0,0
ua.acclorite.book_story_14.apk,ares,1,60,0,0,0,0,0
ua.acclorite.book_story_14.apk,ares,1,180,0,0,0,0,0
ua.acclorite.book_story_14.apk,ares,1,300,0,0,0,0,0
ua.acclorite.book_story_14.apk,ares,2,60,0,0,0,0,0
ua.acclorite.book_story_14.apk,ares,2,180,0,0,0,0,0
ua.acclorite.book_story_14.apk,ares,2,300,0,0,0,0,0
ua.acclorite.book_story_14.apk,ares,3,60,0,0,0,0,0
ua.acclorite.book_story_14.apk,ares,3,180,0,0,0,0,0
ua.acclorite.book_story_14.apk,ares,3,300,0,0,0,0,0
ua.acclorite.book_story_14.apk,fastbot,1,60,0,0,0,0,0
ua.acclorite.book_story_14.apk,fastbot,1,180,0,0,0,0,0
ua.acclorite.book_story_14.apk,fastbot,1,300,0,0,0,0,0
ua.acclorite.book_story_14.apk,fastbot,2,60,0,0,0,0,0
ua.acclorite.book_story_14.apk,fastbot,2,180,0,0,0,0,0
ua.acclorite.book_story_14.apk,fastbot,2,300,0,0,0,0,0
ua.acclorite.book_story_14.apk,fastbot,3,60,0,0,0,0,0
ua.acclorite.book_story_14.apk,fastbot,3,180,0,0,0,0,0
ua.acclorite.book_story_14.apk,fastbot,3,300,0,0,0,0,0
ua.acclorite.book_story_14.apk,qtesting,1,60,0,0,0,0,0
ua.acclorite.book_story_14.apk,qtesting,1,180,0,0,0,0,0
ua.acclorite.book_story_14.apk,qtesting,1,300,0,0,0,0,0
ua.acclorite.book_story_14.apk,qtesting,2,60,0,0,0,0,0
ua.acclorite.book_story_14.apk,qtesting,2,180,0,0,0,0,0
ua.acclorite.book_story_14.apk,qtesting,2,300,0,0,0,0,0
ua.acclorite.book_story_14.apk,qtesting,3,60,0,0,0,0,0
ua.acclorite.book_story_14.apk,qtesting,3,180,0,0,0,0,0
ua.acclorite.book_story_14.apk,qtesting,3,300,0,0,0,0,0
cc.sovellus.vrcaa_300007.apk,monkey,1,180,7,2,7,7,7.0
cc.sovellus.vrcaa_300007.apk,monkey,2,60,0,0,0,0,0
cc.sovellus.vrcaa_300007.apk,monkey,3,60,0,0,0,0,0
cc.sovellus.vrcaa_300007.apk,droidbot:dfs_greedy,1,60,7,2,7,7,7.0
cc.sovellus.vrcaa_300007.apk,droidbot:dfs_greedy,1,180,7,2,7,7,7.0
cc.sovellus.vrcaa_300007.apk,droidbot:dfs_greedy,1,300,21,2,7,7,7.0
cc.sovellus.vrcaa_300007.apk,droidbot:dfs_greedy,2,60,0,0,0,0,0
cc.sovellus.vrcaa_300007.apk,droidbot:dfs_greedy,2,180,7,2,7,7,7.0
cc.sovellus.vrcaa_300007.apk,droidbot:dfs_greedy,2,300,21,2,7,7,7.0
cc.sovellus.vrcaa_300007.apk,droidbot:dfs_greedy,3,60,7,2,7,7,7.0
cc.sovellus.vrcaa_300007.apk,droidbot:dfs_greedy,3,180,7,2,7,7,7.0
cc.sovellus.vrcaa_300007.apk,droidbot:dfs_greedy,3,300,21,2,7,7,7.0
cc.sovellus.vrcaa_300007.apk,droidbot:bfs_greedy,1,60,0,0,0,0,0
cc.sovellus.vrcaa_300007.apk,droidbot:bfs_greedy,1,180,7,2,7,7,7.0
cc.sovellus.vrcaa_300007.apk,droidbot:bfs_greedy,1,300,14,2,7,7,7.0
cc.sovellus.vrcaa_300007.apk,droidbot:bfs_greedy,2,60,0,0,0,0,0
cc.sovellus.vrcaa_300007.apk,droidbot:bfs_greedy,2,180,0,0,0,0,0
cc.sovellus.vrcaa_300007.apk,droidbot:bfs_greedy,2,300,21,2,7,7,7.0
cc.sovellus.vrcaa_300007.apk,droidbot:bfs_greedy,3,60,0,0,0,0,0
cc.sovellus.vrcaa_300007.apk,droidbot:bfs_greedy,3,180,0,0,0,0,0
cc.sovellus.vrcaa_300007.apk,droidbot:bfs_greedy,3,300,7,2,7,7,7.0
cc.sovellus.vrcaa_300007.apk,droidbot:dfs_naive,1,60,0,0,0,0,0
cc.sovellus.vrcaa_300007.apk,droidbot:dfs_naive,1,180,7,2,7,7,7.0
cc.sovellus.vrcaa_300007.apk,droidbot:dfs_naive,1,300,0,0,0,0,0
cc.sovellus.vrcaa_300007.apk,droidbot:dfs_naive,2,60,0,0,0,0,0
cc.sovellus.vrcaa_300007.apk,droidbot:dfs_naive,2,180,7,2,7,7,7.0
cc.sovellus.vrcaa_300007.apk,droidbot:dfs_naive,2,300,7,2,7,7,7.0
cc.sovellus.vrcaa_300007.apk,droidbot:dfs_naive,3,60,0,0,0,0,0
cc.sovellus.vrcaa_300007.apk,droidbot:dfs_naive,3,180,0,0,0,0,0
cc.sovellus.vrcaa_300007.apk,droidbot:dfs_naive,3,300,7,2,7,7,7.0
cc.sovellus.vrcaa_300007.apk,droidbot:bfs_naive,1,60,0,0,0,0,0
cc.sovellus.vrcaa_300007.apk,droidbot:bfs_naive,1,180,0,0,0,0,0
cc.sovellus.vrcaa_300007.apk,droidbot:bfs_naive,1,300,0,0,0,0,0
cc.sovellus.vrcaa_300007.apk,droidbot:bfs_naive,2,60,0,0,0,0,0
cc.sovellus.vrcaa_300007.apk,droidbot:bfs_naive,2,180,0,0,0,0,0
cc.sovellus.vrcaa_300007.apk,droidbot:bfs_naive,2,300,0,0,0,0,0
cc.sovellus.vrcaa_300007.apk,droidbot:bfs_naive,3,60,0,0,0,0,0
cc.sovellus.vrcaa_300007.apk,droidbot:bfs_naive,3,180,0,0,0,0,0
cc.sovellus.vrcaa_300007.apk,droidbot:bfs_naive,3,300,0,0,0,0,0
cc.sovellus.vrcaa_300007.apk,ape,1,60,7,2,7,7,7.0
cc.sovellus.vrcaa_300007.apk,ape,1,180,7,2,7,7,7.0
cc.sovellus.vrcaa_300007.apk,ape,1,300,14,2,7,7,7.0
cc.sovellus.vrcaa_300007.apk,ape,2,60,7,2,7,7,7.0
cc.sovellus.vrcaa_300007.apk,ape,2,180,7,2,7,7,7.0
cc.sovellus.vrcaa_300007.apk,ape,2,300,21,2,7,7,7.0
cc.sovellus.vrcaa_300007.apk,ape,3,60,7,2,7,7,7.0
cc.sovellus.vrcaa_300007.apk,ape,3,180,7,2,7,7,7.0
cc.sovellus.vrcaa_300007.apk,ape,3,300,14,2,7,7,7.0
cc.sovellus.vrcaa_300007.apk,droidmate,1,60,0,0,0,0,0
cc.sovellus.vrcaa_300007.apk,droidmate,1,180,0,0,0,0,0
cc.sovellus.vrcaa_300007.apk,droidmate,1,300,0,0,0,0,0
cc.sovellus.vrcaa_300007.apk,droidmate,2,60,0,0,0,0,0
cc.sovellus.vrcaa_300007.apk,droidmate,2,180,0,0,0,0,0
cc.sovellus.vrcaa_300007.apk,droidmate,2,300,0,0,0,0,0
cc.sovellus.vrcaa_300007.apk,droidmate,3,60,0,0,0,0,0
cc.sovellus.vrcaa_300007.apk,droidmate,3,180,0,0,0,0,0
cc.sovellus.vrcaa_300007.apk,droidmate,3,300,0,0,0,0,0
cc.sovellus.vrcaa_300007.apk,humanoid,1,60,0,0,0,0,0
cc.sovellus.vrcaa_300007.apk,humanoid,1,180,7,2,7,7,7.0
cc.sovellus.vrcaa_300007.apk,humanoid,1,300,7,2,7,7,7.0
cc.sovellus.vrcaa_300007.apk,humanoid,2,60,7,2,7,7,7.0
cc.sovellus.vrcaa_300007.apk,humanoid,2,180,7,2,7,7,7.0
cc.sovellus.vrcaa_300007.apk,humanoid,2,300,7,2,7,7,7.0
cc.sovellus.vrcaa_300007.apk,humanoid,3,60,7,2,7,7,7.0
cc.sovellus.vrcaa_300007.apk,humanoid,3,180,7,2,7,7,7.0
cc.sovellus.vrcaa_300007.apk,humanoid,3,300,7,2,7,7,7.0
cc.sovellus.vrcaa_300007.apk,ares,1,60,0,0,0,0,0
cc.sovellus.vrcaa_300007.apk,ares,1,180,7,2,7,7,7.0
cc.sovellus.vrcaa_300007.apk,ares,1,300,0,0,0,0,0
cc.sovellus.vrcaa_300007.apk,ares,2,60,7,2,7,7,7.0
cc.sovellus.vrcaa_300007.apk,ares,2,180,7,2,7,7,7.0
cc.sovellus.vrcaa_300007.apk,ares,2,300,7,2,7,7,7.0
cc.sovellus.vrcaa_300007.apk,ares,3,60,7,2,7,7,7.0
cc.sovellus.vrcaa_300007.apk,ares,3,180,0,0,0,0,0
cc.sovellus.vrcaa_300007.apk,ares,3,300,7,2,7,7,7.0
cc.sovellus.vrcaa_300007.apk,fastbot,1,60,7,2,7,7,7.0
cc.sovellus.vrcaa_300007.apk,fastbot,1,180,0,0,0,0,0
cc.sovellus.vrcaa_300007.apk,fastbot,1,300,7,2,7,7,7.0
cc.sovellus.vrcaa_300007.apk,fastbot,2,60,0,0,0,0,0
cc.sovellus.vrcaa_300007.apk,fastbot,2,180,7,2,7,7,7.0
cc.sovellus.vrcaa_300007.apk,fastbot,2,300,0,0,0,0,0
cc.sovellus.vrcaa_300007.apk,fastbot,3,60,0,0,0,0,0
cc.sovellus.vrcaa_300007.apk,fastbot,3,180,0,0,0,0,0
cc.sovellus.vrcaa_300007.apk,fastbot,3,300,0,0,0,0,0
cc.sovellus.vrcaa_300007.apk,qtesting,1,60,0,0,0,0,0
cc.sovellus.vrcaa_300007.apk,qtesting,1,180,0,0,0,0,0
cc.sovellus.vrcaa_300007.apk,qtesting,1,300,0,0,0,0,0
cc.sovellus.vrcaa_300007.apk,qtesting,2,60,0,0,0,0,0
cc.sovellus.vrcaa_300007.apk,qtesting,2,180,0,0,0,0,0
cc.sovellus.vrcaa_300007.apk,qtesting,2,300,0,0,0,0,0
cc.sovellus.vrcaa_300007.apk,qtesting,3,60,0,0,0,0,0
cc.sovellus.vrcaa_300007.apk,qtesting,3,180,0,0,0,0,0
cc.sovellus.vrcaa_300007.apk,qtesting,3,300,0,0,0,0,0
com.beemdevelopment.aegis_81.apk,monkey,2,60,0,0,0,0,0
com.beemdevelopment.aegis_81.apk,monkey,3,60,0,0,0,0,0
com.beemdevelopment.aegis_81.apk,droidbot:dfs_greedy,1,60,0,0,0,0,0
com.beemdevelopment.aegis_81.apk,droidbot:dfs_greedy,1,180,0,0,0,0,0
com.beemdevelopment.aegis_81.apk,droidbot:dfs_greedy,1,300,2,2,2,2,2.0
com.beemdevelopment.aegis_81.apk,droidbot:dfs_greedy,2,60,0,0,0,0,0
com.beemdevelopment.aegis_81.apk,droidbot:dfs_greedy,2,180,0,0,0,0,0
com.beemdevelopment.aegis_81.apk,droidbot:dfs_greedy,2,300,5,5,5,5,5.0
com.beemdevelopment.aegis_81.apk,droidbot:dfs_greedy,3,60,0,0,0,0,0
com.beemdevelopment.aegis_81.apk,droidbot:dfs_greedy,3,180,0,0,0,0,0
com.beemdevelopment.aegis_81.apk,droidbot:dfs_greedy,3,300,2,2,2,2,2.0
com.beemdevelopment.aegis_81.apk,droidbot:bfs_greedy,1,60,0,0,0,0,0
com.beemdevelopment.aegis_81.apk,droidbot:bfs_greedy,1,180,0,0,0,0,0
com.beemdevelopment.aegis_81.apk,droidbot:bfs_greedy,2,60,0,0,0,0,0
com.beemdevelopment.aegis_81.apk,droidbot:bfs_greedy,2,180,0,0,0,0,0
com.beemdevelopment.aegis_81.apk,droidbot:bfs_greedy,2,300,5,5,5,5,5.0
com.beemdevelopment.aegis_81.apk,droidbot:bfs_greedy,3,60,0,0,0,0,0
com.beemdevelopment.aegis_81.apk,droidbot:bfs_greedy,3,180,0,0,0,0,0
com.beemdevelopment.aegis_81.apk,droidbot:bfs_greedy,3,300,0,0,0,0,0
com.beemdevelopment.aegis_81.apk,droidbot:dfs_naive,1,60,0,0,0,0,0
com.beemdevelopment.aegis_81.apk,droidbot:dfs_naive,1,180,0,0,0,0,0
com.beemdevelopment.aegis_81.apk,droidbot:dfs_naive,1,300,0,0,0,0,0
com.beemdevelopment.aegis_81.apk,droidbot:dfs_naive,2,60,0,0,0,0,0
com.beemdevelopment.aegis_81.apk,droidbot:dfs_naive,2,180,0,0,0,0,0
com.beemdevelopment.aegis_81.apk,droidbot:dfs_naive,2,300,0,0,0,0,0
com.beemdevelopment.aegis_81.apk,droidbot:dfs_naive,3,60,0,0,0,0,0
com.beemdevelopment.aegis_81.apk,droidbot:dfs_naive,3,180,0,0,0,0,0
com.beemdevelopment.aegis_81.apk,droidbot:dfs_naive,3,300,0,0,0,0,0
com.beemdevelopment.aegis_81.apk,droidbot:bfs_naive,1,60,0,0,0,0,0
com.beemdevelopment.aegis_81.apk,droidbot:bfs_naive,1,180,0,0,0,0,0
com.beemdevelopment.aegis_81.apk,droidbot:bfs_naive,1,300,0,0,0,0,0
com.beemdevelopment.aegis_81.apk,droidbot:bfs_naive,2,60,0,0,0,0,0
com.beemdevelopment.aegis_81.apk,droidbot:bfs_naive,2,180,0,0,0,0,0
com.beemdevelopment.aegis_81.apk,droidbot:bfs_naive,2,300,0,0,0,0,0
com.beemdevelopment.aegis_81.apk,droidbot:bfs_naive,3,180,0,0,0,0,0
com.beemdevelopment.aegis_81.apk,droidbot:bfs_naive,3,300,0,0,0,0,0
com.beemdevelopment.aegis_81.apk,ape,1,60,0,0,0,0,0
com.beemdevelopment.aegis_81.apk,ape,1,180,6,2,6,6,6.0
com.beemdevelopment.aegis_81.apk,ape,1,300,0,0,0,0,0
com.beemdevelopment.aegis_81.apk,ape,2,60,0,0,0,0,0
com.beemdevelopment.aegis_81.apk,ape,2,180,0,0,0,0,0
com.beemdevelopment.aegis_81.apk,ape,2,300,0,0,0,0,0
com.beemdevelopment.aegis_81.apk,ape,3,60,0,0,0,0,0
com.beemdevelopment.aegis_81.apk,ape,3,180,0,0,0,0,0
com.beemdevelopment.aegis_81.apk,ape,3,300,6,2,6,6,6.0
com.beemdevelopment.aegis_81.apk,droidmate,1,60,0,0,0,0,0
com.beemdevelopment.aegis_81.apk,droidmate,1,180,0,0,0,0,0
com.beemdevelopment.aegis_81.apk,droidmate,1,300,0,0,0,0,0
com.beemdevelopment.aegis_81.apk,droidmate,2,60,0,0,0,0,0
com.beemdevelopment.aegis_81.apk,droidmate,2,180,0,0,0,0,0
com.beemdevelopment.aegis_81.apk,droidmate,2,300,0,0,0,0,0
com.beemdevelopment.aegis_81.apk,droidmate,3,60,0,0,0,0,0
com.beemdevelopment.aegis_81.apk,droidmate,3,180,0,0,0,0,0
com.beemdevelopment.aegis_81.apk,droidmate,3,300,0,0,0,0,0
com.beemdevelopment.aegis_81.apk,humanoid,1,60,0,0,0,0,0
com.beemdevelopment.aegis_81.apk,humanoid,1,180,0,0,0,0,0
com.beemdevelopment.aegis_81.apk,humanoid,1,300,2,2,2,2,2.0
com.beemdevelopment.aegis_81.apk,humanoid,2,60,0,0,0,0,0
com.beemdevelopment.aegis_81.apk,humanoid,2,180,0,0,0,0,0
com.beemdevelopment.aegis_81.apk,humanoid,2,300,2,2,2,2,2.0
com.beemdevelopment.aegis_81.apk,humanoid,3,60,0,0,0,0,0
com.beemdevelopment.aegis_81.apk,humanoid,3,180,0,0,0,0,0
com.beemdevelopment.aegis_81.apk,humanoid,3,300,0,0,0,0,0
com.beemdevelopment.aegis_81.apk,ares,1,60,0,0,0,0,0
com.beemdevelopment.aegis_81.apk,ares,1,180,0,0,0,0,0
cc.sovellus.vrcaa_300007.apk,monkey,1,60,0,0,0,0,0
cc.sovellus.vrcaa_300007.apk,monkey,2,300,7,2,7,7,7.0
com.beemdevelopment.aegis_81.apk,monkey,1,60,0,0,0,0,0
com.beemdevelopment.aegis_81.apk,droidbot:bfs_greedy,1,300,0,0,0,0,0
com.beemdevelopment.aegis_81.apk,droidbot:bfs_naive,3,60,0,0,0,0,0
com.beemdevelopment.aegis_81.apk,ares,1,300,0,0,0,0,0
com.beemdevelopment.aegis_81.apk,ares,2,60,0,0,0,0,0
com.beemdevelopment.aegis_81.apk,ares,2,180,0,0,0,0,0
com.beemdevelopment.aegis_81.apk,ares,2,300,0,0,0,0,0
com.beemdevelopment.aegis_81.apk,ares,3,60,0,0,0,0,0
com.beemdevelopment.aegis_81.apk,ares,3,180,0,0,0,0,0
com.beemdevelopment.aegis_81.apk,ares,3,300,0,0,0,0,0
com.beemdevelopment.aegis_81.apk,fastbot,1,60,0,0,0,0,0
com.beemdevelopment.aegis_81.apk,fastbot,1,180,0,0,0,0,0
com.beemdevelopment.aegis_81.apk,fastbot,1,300,0,0,0,0,0
com.beemdevelopment.aegis_81.apk,fastbot,2,60,0,0,0,0,0
com.beemdevelopment.aegis_81.apk,fastbot,2,180,0,0,0,0,0
com.beemdevelopment.aegis_81.apk,fastbot,2,300,0,0,0,0,0
com.beemdevelopment.aegis_81.apk,fastbot,3,60,0,0,0,0,0
com.beemdevelopment.aegis_81.apk,fastbot,3,180,0,0,0,0,0
com.beemdevelopment.aegis_81.apk,fastbot,3,300,0,0,0,0,0
com.beemdevelopment.aegis_81.apk,qtesting,1,60,0,0,0,0,0
com.beemdevelopment.aegis_81.apk,qtesting,1,180,0,0,0,0,0
com.beemdevelopment.aegis_81.apk,qtesting,1,300,0,0,0,0,0
com.beemdevelopment.aegis_81.apk,qtesting,2,60,0,0,0,0,0
com.beemdevelopment.aegis_81.apk,qtesting,2,180,0,0,0,0,0
com.beemdevelopment.aegis_81.apk,qtesting,2,300,0,0,0,0,0
com.beemdevelopment.aegis_81.apk,qtesting,3,60,0,0,0,0,0
com.beemdevelopment.aegis_81.apk,qtesting,3,180,0,0,0,0,0
com.beemdevelopment.aegis_81.apk,qtesting,3,300,0,0,0,0,0
com.dessalines.rankmyfavs_44.apk,monkey,1,60,0,0,0,0,0
com.dessalines.rankmyfavs_44.apk,monkey,1,180,0,0,0,0,0
com.dessalines.rankmyfavs_44.apk,droidbot:dfs_greedy,1,60,0,0,0,0,0
com.dessalines.rankmyfavs_44.apk,droidbot:dfs_greedy,1,180,0,0,0,0,0
com.dessalines.rankmyfavs_44.apk,droidbot:dfs_greedy,1,300,0,0,0,0,0
com.dessalines.rankmyfavs_44.apk,droidbot:dfs_greedy,2,60,0,0,0,0,0
com.dessalines.rankmyfavs_44.apk,droidbot:dfs_greedy,2,180,0,0,0,0,0
com.dessalines.rankmyfavs_44.apk,droidbot:dfs_greedy,2,300,0,0,0,0,0
com.dessalines.rankmyfavs_44.apk,droidbot:dfs_greedy,3,60,0,0,0,0,0
com.dessalines.rankmyfavs_44.apk,droidbot:dfs_greedy,3,180,0,0,0,0,0
com.dessalines.rankmyfavs_44.apk,droidbot:dfs_greedy,3,300,0,0,0,0,0
com.dessalines.rankmyfavs_44.apk,droidbot:bfs_greedy,1,60,0,0,0,0,0
com.dessalines.rankmyfavs_44.apk,droidbot:bfs_greedy,1,180,0,0,0,0,0
com.dessalines.rankmyfavs_44.apk,droidbot:bfs_greedy,1,300,0,0,0,0,0
com.dessalines.rankmyfavs_44.apk,droidbot:bfs_greedy,2,60,0,0,0,0,0
com.dessalines.rankmyfavs_44.apk,droidbot:bfs_greedy,2,180,0,0,0,0,0
com.dessalines.rankmyfavs_44.apk,droidbot:bfs_greedy,2,300,0,0,0,0,0
com.dessalines.rankmyfavs_44.apk,droidbot:bfs_greedy,3,60,0,0,0,0,0
com.dessalines.rankmyfavs_44.apk,droidbot:bfs_greedy,3,180,0,0,0,0,0
com.dessalines.rankmyfavs_44.apk,droidbot:bfs_greedy,3,300,0,0,0,0,0
com.dessalines.rankmyfavs_44.apk,droidbot:dfs_naive,1,60,0,0,0,0,0
com.dessalines.rankmyfavs_44.apk,droidbot:dfs_naive,1,180,0,0,0,0,0
com.dessalines.rankmyfavs_44.apk,droidbot:dfs_naive,1,300,0,0,0,0,0
com.dessalines.rankmyfavs_44.apk,droidbot:dfs_naive,2,60,0,0,0,0,0
com.dessalines.rankmyfavs_44.apk,droidbot:dfs_naive,2,180,0,0,0,0,0
com.dessalines.rankmyfavs_44.apk,droidbot:dfs_naive,2,300,0,0,0,0,0
com.dessalines.rankmyfavs_44.apk,droidbot:dfs_naive,3,60,0,0,0,0,0
com.dessalines.rankmyfavs_44.apk,droidbot:dfs_naive,3,180,0,0,0,0,0
com.dessalines.rankmyfavs_44.apk,droidbot:dfs_naive,3,300,0,0,0,0,0
com.dessalines.rankmyfavs_44.apk,droidbot:bfs_naive,1,60,0,0,0,0,0
com.dessalines.rankmyfavs_44.apk,droidbot:bfs_naive,1,180,0,0,0,0,0
com.dessalines.rankmyfavs_44.apk,droidbot:bfs_naive,1,300,0,0,0,0,0
com.dessalines.rankmyfavs_44.apk,droidbot:bfs_naive,2,60,0,0,0,0,0
com.dessalines.rankmyfavs_44.apk,droidbot:bfs_naive,2,180,0,0,0,0,0
com.dessalines.rankmyfavs_44.apk,droidbot:bfs_naive,2,300,0,0,0,0,0
com.dessalines.rankmyfavs_44.apk,droidbot:bfs_naive,3,60,0,0,0,0,0
com.dessalines.rankmyfavs_44.apk,droidbot:bfs_naive,3,180,0,0,0,0,0
com.dessalines.rankmyfavs_44.apk,droidbot:bfs_naive,3,300,0,0,0,0,0
com.dessalines.rankmyfavs_44.apk,ape,1,60,0,0,0,0,0
com.dessalines.rankmyfavs_44.apk,ape,1,180,0,0,0,0,0
com.dessalines.rankmyfavs_44.apk,ape,1,300,0,0,0,0,0
com.dessalines.rankmyfavs_44.apk,ape,2,60,0,0,0,0,0
com.dessalines.rankmyfavs_44.apk,ape,2,180,0,0,0,0,0
com.dessalines.rankmyfavs_44.apk,ape,2,300,0,0,0,0,0
com.dessalines.rankmyfavs_44.apk,ape,3,60,0,0,0,0,0
com.dessalines.rankmyfavs_44.apk,ape,3,180,0,0,0,0,0
com.dessalines.rankmyfavs_44.apk,ape,3,300,0,0,0,0,0
com.dessalines.rankmyfavs_44.apk,droidmate,1,60,0,0,0,0,0
com.dessalines.rankmyfavs_44.apk,droidmate,1,180,0,0,0,0,0
com.dessalines.rankmyfavs_44.apk,droidmate,1,300,0,0,0,0,0
com.dessalines.rankmyfavs_44.apk,droidmate,2,60,0,0,0,0,0
com.dessalines.rankmyfavs_44.apk,droidmate,2,180,0,0,0,0,0
com.dessalines.rankmyfavs_44.apk,droidmate,2,300,0,0,0,0,0
com.dessalines.rankmyfavs_44.apk,droidmate,3,60,0,0,0,0,0
com.dessalines.rankmyfavs_44.apk,droidmate,3,180,0,0,0,0,0
com.dessalines.rankmyfavs_44.apk,droidmate,3,300,0,0,0,0,0
com.dessalines.rankmyfavs_44.apk,humanoid,1,60,0,0,0,0,0
com.dessalines.rankmyfavs_44.apk,humanoid,1,180,0,0,0,0,0
com.dessalines.rankmyfavs_44.apk,humanoid,1,300,0,0,0,0,0
com.dessalines.rankmyfavs_44.apk,humanoid,2,60,0,0,0,0,0
com.dessalines.rankmyfavs_44.apk,humanoid,2,180,0,0,0,0,0
com.dessalines.rankmyfavs_44.apk,humanoid,2,300,0,0,0,0,0
com.dessalines.rankmyfavs_44.apk,humanoid,3,60,0,0,0,0,0
com.dessalines.rankmyfavs_44.apk,humanoid,3,180,0,0,0,0,0
com.dessalines.rankmyfavs_44.apk,humanoid,3,300,0,0,0,0,0
com.dessalines.rankmyfavs_44.apk,ares,1,60,0,0,0,0,0
com.dessalines.rankmyfavs_44.apk,ares,1,180,0,0,0,0,0
com.dessalines.rankmyfavs_44.apk,ares,1,300,0,0,0,0,0
com.dessalines.rankmyfavs_44.apk,ares,2,60,0,0,0,0,0
com.dessalines.rankmyfavs_44.apk,ares,2,180,0,0,0,0,0
com.dessalines.rankmyfavs_44.apk,ares,2,300,0,0,0,0,0
com.dessalines.rankmyfavs_44.apk,ares,3,60,0,0,0,0,0
com.dessalines.rankmyfavs_44.apk,ares,3,180,0,0,0,0,0
com.dessalines.rankmyfavs_44.apk,ares,3,300,0,0,0,0,0
com.dessalines.rankmyfavs_44.apk,fastbot,1,60,0,0,0,0,0
com.dessalines.rankmyfavs_44.apk,fastbot,1,180,0,0,0,0,0
com.dessalines.rankmyfavs_44.apk,fastbot,1,300,0,0,0,0,0
com.dessalines.rankmyfavs_44.apk,fastbot,2,60,0,0,0,0,0
com.dessalines.rankmyfavs_44.apk,fastbot,2,180,0,0,0,0,0
com.dessalines.rankmyfavs_44.apk,fastbot,2,300,0,0,0,0,0
com.dessalines.rankmyfavs_44.apk,fastbot,3,60,0,0,0,0,0
com.dessalines.rankmyfavs_44.apk,fastbot,3,180,0,0,0,0,0
com.dessalines.rankmyfavs_44.apk,fastbot,3,300,0,0,0,0,0
com.dessalines.rankmyfavs_44.apk,qtesting,1,60,0,0,0,0,0
com.dessalines.rankmyfavs_44.apk,qtesting,1,180,0,0,0,0,0
com.dessalines.rankmyfavs_44.apk,qtesting,1,300,0,0,0,0,0
com.dessalines.rankmyfavs_44.apk,qtesting,2,60,0,0,0,0,0
com.dessalines.rankmyfavs_44.apk,qtesting,2,180,0,0,0,0,0
com.dessalines.rankmyfavs_44.apk,qtesting,2,300,0,0,0,0,0
com.dessalines.rankmyfavs_44.apk,qtesting,3,60,0,0,0,0,0
com.dessalines.rankmyfavs_44.apk,qtesting,3,180,0,0,0,0,0
com.dessalines.rankmyfavs_44.apk,qtesting,3,300,0,0,0,0,0
com.gaurav.avnc_51.apk,monkey,1,60,0,0,0,0,0
com.gaurav.avnc_51.apk,monkey,2,60,0,0,0,0,0
com.gaurav.avnc_51.apk,monkey,3,60,0,0,0,0,0
com.gaurav.avnc_51.apk,droidbot:dfs_greedy,1,60,0,0,0,0,0
com.gaurav.avnc_51.apk,droidbot:dfs_greedy,1,180,0,0,0,0,0
com.gaurav.avnc_51.apk,droidbot:dfs_greedy,1,300,0,0,0,0,0
com.gaurav.avnc_51.apk,droidbot:dfs_greedy,2,60,0,0,0,0,0
com.gaurav.avnc_51.apk,droidbot:dfs_greedy,2,180,0,0,0,0,0
com.gaurav.avnc_51.apk,droidbot:dfs_greedy,2,300,0,0,0,0,0
com.gaurav.avnc_51.apk,droidbot:dfs_greedy,3,60,0,0,0,0,0
cc.sovellus.vrcaa_300007.apk,monkey,1,300,7,2,7,7,7.0
cc.sovellus.vrcaa_300007.apk,monkey,2,180,7,2,7,7,7.0
cc.sovellus.vrcaa_300007.apk,monkey,3,180,7,2,7,7,7.0
cc.sovellus.vrcaa_300007.apk,monkey,3,300,7,2,7,7,7.0
com.beemdevelopment.aegis_81.apk,monkey,1,180,0,0,0,0,0
com.beemdevelopment.aegis_81.apk,monkey,1,300,0,0,0,0,0
com.beemdevelopment.aegis_81.apk,monkey,2,180,0,0,0,0,0
com.beemdevelopment.aegis_81.apk,monkey,2,300,0,0,0,0,0
com.beemdevelopment.aegis_81.apk,monkey,3,180,0,0,0,0,0
com.beemdevelopment.aegis_81.apk,monkey,3,300,0,0,0,0,0
com.dessalines.rankmyfavs_44.apk,monkey,1,300,0,0,0,0,0
com.dessalines.rankmyfavs_44.apk,monkey,2,60,0,0,0,0,0
com.dessalines.rankmyfavs_44.apk,monkey,2,180,0,0,0,0,0
com.dessalines.rankmyfavs_44.apk,monkey,2,300,0,0,0,0,0
com.dessalines.rankmyfavs_44.apk,monkey,3,60,0,0,0,0,0
com.dessalines.rankmyfavs_44.apk,monkey,3,180,0,0,0,0,0
com.dessalines.rankmyfavs_44.apk,monkey,3,300,0,0,0,0,0
com.gaurav.avnc_51.apk,monkey,1,180,0,0,0,0,0
com.gaurav.avnc_51.apk,monkey,1,300,0,0,0,0,0
com.gaurav.avnc_51.apk,monkey,2,180,0,0,0,0,0
com.gaurav.avnc_51.apk,monkey,2,300,0,0,0,0,0
com.gaurav.avnc_51.apk,monkey,3,180,0,0,0,0,0
com.gaurav.avnc_51.apk,monkey,3,300,0,0,0,0,0
com.gaurav.avnc_51.apk,droidbot:dfs_greedy,3,180,0,0,0,0,0
com.gaurav.avnc_51.apk,droidbot:dfs_greedy,3,300,0,0,0,0,0
com.gaurav.avnc_51.apk,droidbot:bfs_greedy,1,60,0,0,0,0,0
com.gaurav.avnc_51.apk,droidbot:bfs_greedy,1,180,0,0,0,0,0
com.gaurav.avnc_51.apk,droidbot:bfs_greedy,1,300,0,0,0,0,0
com.gaurav.avnc_51.apk,droidbot:bfs_greedy,2,60,0,0,0,0,0
com.gaurav.avnc_51.apk,droidbot:bfs_greedy,2,180,0,0,0,0,0
com.gaurav.avnc_51.apk,droidbot:bfs_greedy,2,300,0,0,0,0,0
com.gaurav.avnc_51.apk,droidbot:bfs_greedy,3,60,0,0,0,0,0
com.gaurav.avnc_51.apk,droidbot:bfs_greedy,3,180,0,0,0,0,0
com.gaurav.avnc_51.apk,droidbot:bfs_greedy,3,300,0,0,0,0,0
com.gaurav.avnc_51.apk,droidbot:dfs_naive,1,60,0,0,0,0,0
com.gaurav.avnc_51.apk,droidbot:dfs_naive,1,180,0,0,0,0,0
com.gaurav.avnc_51.apk,droidbot:dfs_naive,2,60,0,0,0,0,0
com.gaurav.avnc_51.apk,droidbot:dfs_naive,2,180,0,0,0,0,0
com.gaurav.avnc_51.apk,droidbot:dfs_naive,2,300,0,0,0,0,0
com.gaurav.avnc_51.apk,droidbot:dfs_naive,3,60,0,0,0,0,0
com.gaurav.avnc_51.apk,droidbot:dfs_naive,3,180,0,0,0,0,0
com.gaurav.avnc_51.apk,droidbot:dfs_naive,3,300,0,0,0,0,0
com.gaurav.avnc_51.apk,droidbot:bfs_naive,1,60,0,0,0,0,0
com.gaurav.avnc_51.apk,droidbot:bfs_naive,1,180,0,0,0,0,0
com.gaurav.avnc_51.apk,droidbot:bfs_naive,1,300,0,0,0,0,0
com.gaurav.avnc_51.apk,droidbot:bfs_naive,2,60,0,0,0,0,0
com.gaurav.avnc_51.apk,droidbot:bfs_naive,2,180,0,0,0,0,0
com.gaurav.avnc_51.apk,droidbot:bfs_naive,2,300,0,0,0,0,0
com.gaurav.avnc_51.apk,droidbot:bfs_naive,3,60,0,0,0,0,0
com.gaurav.avnc_51.apk,droidbot:bfs_naive,3,180,0,0,0,0,0
com.gaurav.avnc_51.apk,droidbot:bfs_naive,3,300,0,0,0,0,0
com.gaurav.avnc_51.apk,ape,1,60,0,0,0,0,0
com.gaurav.avnc_51.apk,ape,1,180,0,0,0,0,0
com.gaurav.avnc_51.apk,ape,1,300,0,0,0,0,0
com.gaurav.avnc_51.apk,ape,2,60,0,0,0,0,0
com.gaurav.avnc_51.apk,ape,2,180,0,0,0,0,0
com.gaurav.avnc_51.apk,ape,2,300,0,0,0,0,0
com.gaurav.avnc_51.apk,ape,3,60,0,0,0,0,0
com.gaurav.avnc_51.apk,ape,3,180,0,0,0,0,0
com.gaurav.avnc_51.apk,ape,3,300,0,0,0,0,0
com.gaurav.avnc_51.apk,droidmate,1,60,0,0,0,0,0
com.gaurav.avnc_51.apk,droidmate,1,180,0,0,0,0,0
com.gaurav.avnc_51.apk,droidmate,1,300,0,0,0,0,0
com.gaurav.avnc_51.apk,droidmate,2,60,0,0,0,0,0
com.gaurav.avnc_51.apk,droidmate,2,180,0,0,0,0,0
com.gaurav.avnc_51.apk,droidmate,2,300,0,0,0,0,0
com.gaurav.avnc_51.apk,droidmate,3,60,0,0,0,0,0
com.gaurav.avnc_51.apk,droidmate,3,180,0,0,0,0,0
com.gaurav.avnc_51.apk,droidmate,3,300,0,0,0,0,0
com.gaurav.avnc_51.apk,humanoid,1,60,0,0,0,0,0
com.gaurav.avnc_51.apk,humanoid,1,180,0,0,0,0,0
com.gaurav.avnc_51.apk,humanoid,1,300,0,0,0,0,0
com.gaurav.avnc_51.apk,humanoid,2,60,0,0,0,0,0
com.gaurav.avnc_51.apk,humanoid,2,180,0,0,0,0,0
com.gaurav.avnc_51.apk,humanoid,2,300,0,0,0,0,0
com.gaurav.avnc_51.apk,humanoid,3,60,0,0,0,0,0
com.gaurav.avnc_51.apk,humanoid,3,180,0,0,0,0,0
com.gaurav.avnc_51.apk,humanoid,3,300,0,0,0,0,0
com.gaurav.avnc_51.apk,ares,1,60,0,0,0,0,0
com.gaurav.avnc_51.apk,ares,1,180,0,0,0,0,0
com.gaurav.avnc_51.apk,ares,1,300,0,0,0,0,0
com.gaurav.avnc_51.apk,ares,2,60,0,0,0,0,0
com.gaurav.avnc_51.apk,ares,2,180,0,0,0,0,0
com.gaurav.avnc_51.apk,ares,2,300,0,0,0,0,0
com.gaurav.avnc_51.apk,ares,3,60,0,0,0,0,0
com.gaurav.avnc_51.apk,ares,3,180,0,0,0,0,0
com.gaurav.avnc_51.apk,ares,3,300,0,0,0,0,0
com.gaurav.avnc_51.apk,fastbot,1,60,0,0,0,0,0
com.gaurav.avnc_51.apk,fastbot,1,180,0,0,0,0,0
com.gaurav.avnc_51.apk,fastbot,1,300,0,0,0,0,0
com.gaurav.avnc_51.apk,fastbot,2,60,0,0,0,0,0
com.gaurav.avnc_51.apk,fastbot,2,180,0,0,0,0,0
com.gaurav.avnc_51.apk,fastbot,2,300,0,0,0,0,0
com.gaurav.avnc_51.apk,fastbot,3,60,0,0,0,0,0
com.gaurav.avnc_51.apk,fastbot,3,180,0,0,0,0,0
com.gaurav.avnc_51.apk,fastbot,3,300,0,0,0,0,0
com.gaurav.avnc_51.apk,qtesting,1,60,0,0,0,0,0
com.gaurav.avnc_51.apk,qtesting,1,180,0,0,0,0,0
com.gaurav.avnc_51.apk,qtesting,1,300,0,0,0,0,0
com.gaurav.avnc_51.apk,qtesting,2,60,0,0,0,0,0
com.gaurav.avnc_51.apk,qtesting,2,180,0,0,0,0,0
com.gaurav.avnc_51.apk,qtesting,2,300,0,0,0,0,0
com.gaurav.avnc_51.apk,qtesting,3,60,0,0,0,0,0
com.gaurav.avnc_51.apk,qtesting,3,180,0,0,0,0,0
com.gaurav.avnc_51.apk,qtesting,3,300,0,0,0,0,0
com.js.nowakelock_87.apk,monkey,1,60,0,0,0,0,0
com.js.nowakelock_87.apk,monkey,1,180,0,0,0,0,0
com.js.nowakelock_87.apk,monkey,1,300,0,0,0,0,0
com.js.nowakelock_87.apk,monkey,2,60,0,0,0,0,0
com.js.nowakelock_87.apk,monkey,2,180,0,0,0,0,0
com.js.nowakelock_87.apk,monkey,2,300,0,0,0,0,0
com.js.nowakelock_87.apk,monkey,3,60,0,0,0,0,0
com.js.nowakelock_87.apk,monkey,3,180,0,0,0,0,0
com.js.nowakelock_87.apk,monkey,3,300,0,0,0,0,0
com.js.nowakelock_87.apk,droidbot:dfs_greedy,1,60,0,0,0,0,0
com.js.nowakelock_87.apk,droidbot:dfs_greedy,1,180,0,0,0,0,0
com.js.nowakelock_87.apk,droidbot:dfs_greedy,1,300,0,0,0,0,0
com.js.nowakelock_87.apk,droidbot:dfs_greedy,2,60,0,0,0,0,0
com.js.nowakelock_87.apk,droidbot:dfs_greedy,2,180,0,0,0,0,0
com.js.nowakelock_87.apk,droidbot:dfs_greedy,2,300,0,0,0,0,0
com.js.nowakelock_87.apk,droidbot:dfs_greedy,3,60,0,0,0,0,0
com.js.nowakelock_87.apk,droidbot:dfs_greedy,3,180,0,0,0,0,0
com.js.nowakelock_87.apk,droidbot:dfs_greedy,3,300,0,0,0,0,0
com.js.nowakelock_87.apk,droidbot:bfs_greedy,1,60,0,0,0,0,0
com.js.nowakelock_87.apk,droidbot:bfs_greedy,1,180,0,0,0,0,0
com.js.nowakelock_87.apk,droidbot:bfs_greedy,1,300,0,0,0,0,0
com.js.nowakelock_87.apk,droidbot:bfs_greedy,2,60,0,0,0,0,0
com.js.nowakelock_87.apk,droidbot:bfs_greedy,2,180,0,0,0,0,0
com.js.nowakelock_87.apk,droidbot:bfs_greedy,2,300,0,0,0,0,0
com.js.nowakelock_87.apk,droidbot:bfs_greedy,3,60,0,0,0,0,0
com.js.nowakelock_87.apk,droidbot:bfs_greedy,3,180,0,0,0,0,0
com.js.nowakelock_87.apk,droidbot:bfs_greedy,3,300,0,0,0,0,0
com.js.nowakelock_87.apk,droidbot:dfs_naive,1,60,0,0,0,0,0
com.js.nowakelock_87.apk,droidbot:dfs_naive,1,180,0,0,0,0,0
com.js.nowakelock_87.apk,droidbot:dfs_naive,1,300,0,0,0,0,0
com.js.nowakelock_87.apk,droidbot:dfs_naive,2,60,0,0,0,0,0
com.js.nowakelock_87.apk,droidbot:dfs_naive,2,180,0,0,0,0,0
com.js.nowakelock_87.apk,droidbot:dfs_naive,2,300,0,0,0,0,0
com.js.nowakelock_87.apk,droidbot:dfs_naive,3,60,0,0,0,0,0
com.js.nowakelock_87.apk,droidbot:dfs_naive,3,180,0,0,0,0,0
com.js.nowakelock_87.apk,droidbot:dfs_naive,3,300,0,0,0,0,0
com.js.nowakelock_87.apk,droidbot:bfs_naive,1,60,0,0,0,0,0
com.js.nowakelock_87.apk,droidbot:bfs_naive,1,180,0,0,0,0,0
com.js.nowakelock_87.apk,droidbot:bfs_naive,1,300,0,0,0,0,0
com.js.nowakelock_87.apk,droidbot:bfs_naive,2,60,0,0,0,0,0
com.js.nowakelock_87.apk,droidbot:bfs_naive,2,180,0,0,0,0,0
com.js.nowakelock_87.apk,droidbot:bfs_naive,2,300,0,0,0,0,0
com.js.nowakelock_87.apk,droidbot:bfs_naive,3,60,0,0,0,0,0
com.js.nowakelock_87.apk,droidbot:bfs_naive,3,180,0,0,0,0,0
com.js.nowakelock_87.apk,droidbot:bfs_naive,3,300,0,0,0,0,0
com.js.nowakelock_87.apk,ape,1,60,0,0,0,0,0
com.js.nowakelock_87.apk,ape,1,180,0,0,0,0,0
com.js.nowakelock_87.apk,ape,1,300,0,0,0,0,0
com.js.nowakelock_87.apk,ape,2,60,0,0,0,0,0
com.js.nowakelock_87.apk,ape,2,180,0,0,0,0,0
com.js.nowakelock_87.apk,ape,2,300,0,0,0,0,0
com.js.nowakelock_87.apk,ape,3,60,0,0,0,0,0
com.js.nowakelock_87.apk,ape,3,180,0,0,0,0,0
com.js.nowakelock_87.apk,ape,3,300,0,0,0,0,0
com.js.nowakelock_87.apk,droidmate,1,60,0,0,0,0,0
com.js.nowakelock_87.apk,droidmate,1,180,0,0,0,0,0
com.js.nowakelock_87.apk,droidmate,1,300,0,0,0,0,0
com.js.nowakelock_87.apk,droidmate,2,60,0,0,0,0,0
com.js.nowakelock_87.apk,droidmate,2,180,0,0,0,0,0
com.js.nowakelock_87.apk,droidmate,2,300,0,0,0,0,0
com.js.nowakelock_87.apk,droidmate,3,60,0,0,0,0,0
com.js.nowakelock_87.apk,droidmate,3,180,0,0,0,0,0
com.js.nowakelock_87.apk,droidmate,3,300,0,0,0,0,0
com.js.nowakelock_87.apk,humanoid,1,60,0,0,0,0,0
com.js.nowakelock_87.apk,humanoid,1,180,0,0,0,0,0
com.js.nowakelock_87.apk,humanoid,1,300,0,0,0,0,0
com.js.nowakelock_87.apk,humanoid,2,60,0,0,0,0,0
com.js.nowakelock_87.apk,humanoid,2,180,0,0,0,0,0
com.js.nowakelock_87.apk,humanoid,2,300,0,0,0,0,0
com.js.nowakelock_87.apk,humanoid,3,60,0,0,0,0,0
com.js.nowakelock_87.apk,humanoid,3,180,0,0,0,0,0
com.js.nowakelock_87.apk,humanoid,3,300,0,0,0,0,0
com.js.nowakelock_87.apk,ares,1,60,0,0,0,0,0
com.js.nowakelock_87.apk,ares,1,180,0,0,0,0,0
com.js.nowakelock_87.apk,ares,1,300,0,0,0,0,0
com.js.nowakelock_87.apk,ares,2,60,0,0,0,0,0
com.js.nowakelock_87.apk,ares,2,180,0,0,0,0,0
com.js.nowakelock_87.apk,ares,2,300,0,0,0,0,0
com.js.nowakelock_87.apk,ares,3,60,0,0,0,0,0
com.js.nowakelock_87.apk,ares,3,180,0,0,0,0,0
com.js.nowakelock_87.apk,ares,3,300,0,0,0,0,0
com.js.nowakelock_87.apk,fastbot,1,60,0,0,0,0,0
com.js.nowakelock_87.apk,fastbot,1,180,0,0,0,0,0
com.js.nowakelock_87.apk,fastbot,1,300,0,0,0,0,0
com.js.nowakelock_87.apk,fastbot,2,60,0,0,0,0,0
com.js.nowakelock_87.apk,fastbot,2,180,0,0,0,0,0
com.js.nowakelock_87.apk,fastbot,2,300,0,0,0,0,0
com.js.nowakelock_87.apk,fastbot,3,60,0,0,0,0,0
com.js.nowakelock_87.apk,fastbot,3,180,0,0,0,0,0
com.js.nowakelock_87.apk,fastbot,3,300,0,0,0,0,0
com.js.nowakelock_87.apk,qtesting,1,60,0,0,0,0,0
com.js.nowakelock_87.apk,qtesting,1,180,0,0,0,0,0
com.js.nowakelock_87.apk,qtesting,1,300,0,0,0,0,0
com.js.nowakelock_87.apk,qtesting,2,60,0,0,0,0,0
com.js.nowakelock_87.apk,qtesting,2,180,0,0,0,0,0
com.js.nowakelock_87.apk,qtesting,2,300,0,0,0,0,0
com.js.nowakelock_87.apk,qtesting,3,60,0,0,0,0,0
com.js.nowakelock_87.apk,qtesting,3,180,0,0,0,0,0
com.js.nowakelock_87.apk,qtesting,3,300,0,0,0,0,0
com.mateusrodcosta.apps.vidyamusic_2200.apk,monkey,1,60,28,15,22,22,22.0
com.mateusrodcosta.apps.vidyamusic_2200.apk,monkey,1,180,28,15,22,22,22.0
com.mateusrodcosta.apps.vidyamusic_2200.apk,monkey,1,300,28,15,22,22,22.0
com.mateusrodcosta.apps.vidyamusic_2200.apk,monkey,2,60,28,15,22,22,22.0
com.mateusrodcosta.apps.vidyamusic_2200.apk,monkey,2,180,28,15,22,22,22.0
com.mateusrodcosta.apps.vidyamusic_2200.apk,monkey,2,300,28,15,22,22,22.0
com.mateusrodcosta.apps.vidyamusic_2200.apk,monkey,3,60,28,15,22,22,22.0
com.mateusrodcosta.apps.vidyamusic_2200.apk,monkey,3,180,28,15,22,22,22.0
com.mateusrodcosta.apps.vidyamusic_2200.apk,monkey,3,300,28,15,22,22,22.0
com.mateusrodcosta.apps.vidyamusic_2200.apk,droidbot:dfs_greedy,1,60,28,15,22,22,22.0
com.mateusrodcosta.apps.vidyamusic_2200.apk,droidbot:dfs_greedy,1,180,28,15,22,22,22.0
com.mateusrodcosta.apps.vidyamusic_2200.apk,droidbot:dfs_greedy,1,300,28,15,22,22,22.0
com.mateusrodcosta.apps.vidyamusic_2200.apk,droidbot:dfs_greedy,2,60,28,15,22,22,22.0
com.mateusrodcosta.apps.vidyamusic_2200.apk,droidbot:dfs_greedy,2,180,28,15,22,22,22.0
com.mateusrodcosta.apps.vidyamusic_2200.apk,droidbot:dfs_greedy,2,300,28,15,22,22,22.0
com.mateusrodcosta.apps.vidyamusic_2200.apk,droidbot:dfs_greedy,3,60,28,15,22,22,22.0
com.mateusrodcosta.apps.vidyamusic_2200.apk,droidbot:dfs_greedy,3,180,28,15,22,22,22.0
com.mateusrodcosta.apps.vidyamusic_2200.apk,droidbot:dfs_greedy,3,300,28,15,22,22,22.0
com.mateusrodcosta.apps.vidyamusic_2200.apk,droidbot:bfs_greedy,1,60,28,15,22,22,22.0
com.mateusrodcosta.apps.vidyamusic_2200.apk,droidbot:bfs_greedy,1,180,28,15,22,22,22.0
com.mateusrodcosta.apps.vidyamusic_2200.apk,droidbot:bfs_greedy,1,300,28,15,22,22,22.0
com.mateusrodcosta.apps.vidyamusic_2200.apk,droidbot:bfs_greedy,2,60,28,15,22,22,22.0
com.mateusrodcosta.apps.vidyamusic_2200.apk,droidbot:bfs_greedy,2,180,28,15,22,22,22.0
com.mateusrodcosta.apps.vidyamusic_2200.apk,droidbot:bfs_greedy,2,300,28,15,22,22,22.0
com.mateusrodcosta.apps.vidyamusic_2200.apk,droidbot:bfs_greedy,3,60,28,15,22,22,22.0
com.mateusrodcosta.apps.vidyamusic_2200.apk,droidbot:bfs_greedy,3,180,28,15,22,22,22.0
com.mateusrodcosta.apps.vidyamusic_2200.apk,droidbot:bfs_greedy,3,300,28,15,22,22,22.0
com.mateusrodcosta.apps.vidyamusic_2200.apk,droidbot:dfs_naive,1,60,28,15,22,22,22.0
com.mateusrodcosta.apps.vidyamusic_2200.apk,droidbot:dfs_naive,1,180,28,15,22,22,22.0
com.mateusrodcosta.apps.vidyamusic_2200.apk,droidbot:dfs_naive,1,300,28,15,22,22,22.0
com.mateusrodcosta.apps.vidyamusic_2200.apk,droidbot:dfs_naive,2,60,28,15,22,22,22.0
com.mateusrodcosta.apps.vidyamusic_2200.apk,droidbot:dfs_naive,2,180,28,15,22,22,22.0
com.mateusrodcosta.apps.vidyamusic_2200.apk,droidbot:dfs_naive,2,300,28,15,22,22,22.0
com.mateusrodcosta.apps.vidyamusic_2200.apk,droidbot:dfs_naive,3,60,28,15,22,22,22.0
com.mateusrodcosta.apps.vidyamusic_2200.apk,droidbot:dfs_naive,3,180,28,15,22,22,22.0
com.mateusrodcosta.apps.vidyamusic_2200.apk,droidbot:dfs_naive,3,300,28,15,22,22,22.0
com.mateusrodcosta.apps.vidyamusic_2200.apk,droidbot:bfs_naive,1,60,28,15,22,22,22.0
com.mateusrodcosta.apps.vidyamusic_2200.apk,droidbot:bfs_naive,1,180,28,15,22,22,22.0
com.mateusrodcosta.apps.vidyamusic_2200.apk,droidbot:bfs_naive,1,300,28,15,22,22,22.0
com.mateusrodcosta.apps.vidyamusic_2200.apk,droidbot:bfs_naive,2,60,28,15,22,22,22.0
com.mateusrodcosta.apps.vidyamusic_2200.apk,droidbot:bfs_naive,2,180,28,15,22,22,22.0
com.mateusrodcosta.apps.vidyamusic_2200.apk,droidbot:bfs_naive,2,300,28,15,22,22,22.0
com.mateusrodcosta.apps.vidyamusic_2200.apk,droidbot:bfs_naive,3,60,28,15,22,22,22.0
com.mateusrodcosta.apps.vidyamusic_2200.apk,droidbot:bfs_naive,3,180,28,15,22,22,22.0
com.mateusrodcosta.apps.vidyamusic_2200.apk,droidbot:bfs_naive,3,300,28,15,22,22,22.0
com.mateusrodcosta.apps.vidyamusic_2200.apk,ape,1,60,28,15,22,22,22.0
com.mateusrodcosta.apps.vidyamusic_2200.apk,ape,1,300,56,15,22,22,22.0
com.mateusrodcosta.apps.vidyamusic_2200.apk,ape,2,60,28,15,22,22,22.0
com.mateusrodcosta.apps.vidyamusic_2200.apk,ape,2,180,28,15,22,22,22.0
com.mateusrodcosta.apps.vidyamusic_2200.apk,ape,2,300,56,15,22,22,22.0
com.mateusrodcosta.apps.vidyamusic_2200.apk,ape,3,60,28,15,22,22,22.0
com.mateusrodcosta.apps.vidyamusic_2200.apk,ape,3,180,28,15,22,22,22.0
com.mateusrodcosta.apps.vidyamusic_2200.apk,ape,3,300,56,15,22,22,22.0
com.mateusrodcosta.apps.vidyamusic_2200.apk,droidmate,1,60,28,15,22,22,22.0
com.mateusrodcosta.apps.vidyamusic_2200.apk,droidmate,1,180,28,15,22,22,22.0
com.mateusrodcosta.apps.vidyamusic_2200.apk,droidmate,1,300,56,15,22,22,22.0
com.mateusrodcosta.apps.vidyamusic_2200.apk,droidmate,2,60,28,15,22,22,22.0
com.mateusrodcosta.apps.vidyamusic_2200.apk,droidmate,2,180,28,15,22,22,22.0
com.mateusrodcosta.apps.vidyamusic_2200.apk,droidmate,2,300,56,15,22,22,22.0
com.mateusrodcosta.apps.vidyamusic_2200.apk,droidmate,3,60,28,15,22,22,22.0
com.mateusrodcosta.apps.vidyamusic_2200.apk,droidmate,3,180,28,15,22,22,22.0
com.mateusrodcosta.apps.vidyamusic_2200.apk,droidmate,3,300,28,15,22,22,22.0
com.mateusrodcosta.apps.vidyamusic_2200.apk,humanoid,1,60,28,15,22,22,22.0
com.mateusrodcosta.apps.vidyamusic_2200.apk,humanoid,1,180,28,15,22,22,22.0
com.mateusrodcosta.apps.vidyamusic_2200.apk,humanoid,1,300,28,15,22,22,22.0
com.mateusrodcosta.apps.vidyamusic_2200.apk,humanoid,2,60,28,15,22,22,22.0
com.mateusrodcosta.apps.vidyamusic_2200.apk,humanoid,2,180,28,15,22,22,22.0
com.mateusrodcosta.apps.vidyamusic_2200.apk,humanoid,2,300,28,15,22,22,22.0
com.mateusrodcosta.apps.vidyamusic_2200.apk,humanoid,3,60,28,15,22,22,22.0
com.mateusrodcosta.apps.vidyamusic_2200.apk,humanoid,3,180,28,15,22,22,22.0
com.mateusrodcosta.apps.vidyamusic_2200.apk,humanoid,3,300,28,15,22,22,22.0
com.mateusrodcosta.apps.vidyamusic_2200.apk,ares,1,60,56,15,22,22,22.0
com.mateusrodcosta.apps.vidyamusic_2200.apk,ares,1,180,56,15,22,22,22.0
com.mateusrodcosta.apps.vidyamusic_2200.apk,ares,1,300,56,15,22,22,22.0
com.mateusrodcosta.apps.vidyamusic_2200.apk,ares,2,60,28,15,22,22,22.0
com.mateusrodcosta.apps.vidyamusic_2200.apk,ares,2,180,56,15,22,22,22.0
com.mateusrodcosta.apps.vidyamusic_2200.apk,ares,2,300,56,15,22,22,22.0
com.mateusrodcosta.apps.vidyamusic_2200.apk,ares,3,60,56,15,22,22,22.0
com.mateusrodcosta.apps.vidyamusic_2200.apk,ares,3,180,56,15,22,22,22.0
com.mateusrodcosta.apps.vidyamusic_2200.apk,ares,3,300,56,15,22,22,22.0
com.mateusrodcosta.apps.vidyamusic_2200.apk,fastbot,1,180,28,15,22,22,22.0
com.mateusrodcosta.apps.vidyamusic_2200.apk,fastbot,1,300,28,15,22,22,22.0
com.mateusrodcosta.apps.vidyamusic_2200.apk,fastbot,2,60,28,15,22,22,22.0
com.mateusrodcosta.apps.vidyamusic_2200.apk,fastbot,2,180,28,15,22,22,22.0
com.mateusrodcosta.apps.vidyamusic_2200.apk,fastbot,2,300,28,15,22,22,22.0
com.mateusrodcosta.apps.vidyamusic_2200.apk,fastbot,3,60,28,15,22,22,22.0
com.mateusrodcosta.apps.vidyamusic_2200.apk,fastbot,3,180,56,15,22,22,22.0
com.mateusrodcosta.apps.vidyamusic_2200.apk,fastbot,3,300,28,15,22,22,22.0
com.mateusrodcosta.apps.vidyamusic_2200.apk,qtesting,1,60,56,15,22,22,22.0
com.mateusrodcosta.apps.vidyamusic_2200.apk,qtesting,1,180,160,15,22,22,22.0
com.mateusrodcosta.apps.vidyamusic_2200.apk,qtesting,1,300,168,15,22,22,22.0
com.mateusrodcosta.apps.vidyamusic_2200.apk,qtesting,2,60,28,15,22,22,22.0
com.mateusrodcosta.apps.vidyamusic_2200.apk,qtesting,2,180,84,15,22,22,22.0
com.mateusrodcosta.apps.vidyamusic_2200.apk,qtesting,2,300,168,15,22,22,22.0
com.mateusrodcosta.apps.vidyamusic_2200.apk,qtesting,3,60,28,15,22,22,22.0
com.mateusrodcosta.apps.vidyamusic_2200.apk,qtesting,3,180,140,15,22,22,22.0
com.mateusrodcosta.apps.vidyamusic_2200.apk,qtesting,3,300,140,15,22,22,22.0
com.sakethh.linkora_50.apk,monkey,1,60,7,2,7,7,7.0
com.sakethh.linkora_50.apk,monkey,1,180,7,2,7,7,7.0
com.sakethh.linkora_50.apk,monkey,1,300,7,2,7,7,7.0
com.sakethh.linkora_50.apk,monkey,2,60,7,2,7,7,7.0
com.sakethh.linkora_50.apk,monkey,2,180,7,2,7,7,7.0
com.sakethh.linkora_50.apk,monkey,2,300,7,2,7,7,7.0
com.sakethh.linkora_50.apk,monkey,3,60,7,2,7,7,7.0
com.sakethh.linkora_50.apk,monkey,3,180,7,2,7,7,7.0
com.sakethh.linkora_50.apk,monkey,3,300,7,2,7,7,7.0
com.sakethh.linkora_50.apk,droidbot:dfs_greedy,1,60,7,2,7,7,7.0
com.sakethh.linkora_50.apk,droidbot:dfs_greedy,1,180,7,2,7,7,7.0
com.sakethh.linkora_50.apk,droidbot:dfs_greedy,1,300,7,2,7,7,7.0
com.sakethh.linkora_50.apk,droidbot:dfs_greedy,2,60,7,2,7,7,7.0
com.sakethh.linkora_50.apk,droidbot:dfs_greedy,2,180,7,2,7,7,7.0
com.sakethh.linkora_50.apk,droidbot:dfs_greedy,2,300,7,2,7,7,7.0
com.sakethh.linkora_50.apk,droidbot:dfs_greedy,3,60,7,2,7,7,7.0
com.sakethh.linkora_50.apk,droidbot:dfs_greedy,3,180,7,2,7,7,7.0
com.sakethh.linkora_50.apk,droidbot:dfs_greedy,3,300,7,2,7,7,7.0
com.sakethh.linkora_50.apk,droidbot:bfs_greedy,1,60,7,2,7,7,7.0
com.sakethh.linkora_50.apk,droidbot:bfs_greedy,1,180,7,2,7,7,7.0
com.sakethh.linkora_50.apk,droidbot:bfs_greedy,1,300,7,2,7,7,7.0
com.sakethh.linkora_50.apk,droidbot:bfs_greedy,2,60,7,2,7,7,7.0
com.sakethh.linkora_50.apk,droidbot:bfs_greedy,2,180,7,2,7,7,7.0
com.sakethh.linkora_50.apk,droidbot:bfs_greedy,2,300,7,2,7,7,7.0
com.sakethh.linkora_50.apk,droidbot:bfs_greedy,3,60,7,2,7,7,7.0
com.sakethh.linkora_50.apk,droidbot:bfs_greedy,3,180,7,2,7,7,7.0
com.gaurav.avnc_51.apk,droidbot:dfs_naive,1,300,0,0,0,0,0
com.mateusrodcosta.apps.vidyamusic_2200.apk,ape,1,180,28,15,22,22,22.0
com.mateusrodcosta.apps.vidyamusic_2200.apk,fastbot,1,60,28,15,22,22,22.0
com.sakethh.linkora_50.apk,droidbot:bfs_greedy,3,300,7,2,7,7,7.0
com.sakethh.linkora_50.apk,droidbot:dfs_naive,1,60,7,2,7,7,7.0
com.sakethh.linkora_50.apk,droidbot:dfs_naive,1,180,7,2,7,7,7.0
com.sakethh.linkora_50.apk,droidbot:dfs_naive,1,300,7,2,7,7,7.0
com.sakethh.linkora_50.apk,droidbot:dfs_naive,2,60,7,2,7,7,7.0
com.sakethh.linkora_50.apk,droidbot:dfs_naive,2,180,7,2,7,7,7.0
com.sakethh.linkora_50.apk,droidbot:dfs_naive,2,300,7,2,7,7,7.0
com.sakethh.linkora_50.apk,droidbot:dfs_naive,3,60,7,2,7,7,7.0
com.sakethh.linkora_50.apk,droidbot:dfs_naive,3,180,7,2,7,7,7.0
com.sakethh.linkora_50.apk,droidbot:dfs_naive,3,300,7,2,7,7,7.0
com.sakethh.linkora_50.apk,droidbot:bfs_naive,1,60,7,2,7,7,7.0
com.sakethh.linkora_50.apk,droidbot:bfs_naive,1,180,7,2,7,7,7.0
com.sakethh.linkora_50.apk,droidbot:bfs_naive,1,300,7,2,7,7,7.0
com.sakethh.linkora_50.apk,droidbot:bfs_naive,2,60,7,2,7,7,7.0
com.sakethh.linkora_50.apk,droidbot:bfs_naive,2,180,7,2,7,7,7.0
com.sakethh.linkora_50.apk,droidbot:bfs_naive,2,300,7,2,7,7,7.0
com.sakethh.linkora_50.apk,droidbot:bfs_naive,3,60,7,2,7,7,7.0
com.sakethh.linkora_50.apk,droidbot:bfs_naive,3,180,7,2,7,7,7.0
com.sakethh.linkora_50.apk,droidbot:bfs_naive,3,300,7,2,7,7,7.0
com.sakethh.linkora_50.apk,ape,1,60,7,2,7,7,7.0
com.sakethh.linkora_50.apk,ape,1,180,7,2,7,7,7.0
com.sakethh.linkora_50.apk,ape,1,300,14,2,7,7,7.0
com.sakethh.linkora_50.apk,ape,2,60,7,2,7,7,7.0
com.sakethh.linkora_50.apk,ape,2,180,14,2,7,7,7.0
com.sakethh.linkora_50.apk,ape,2,300,14,2,7,7,7.0
com.sakethh.linkora_50.apk,ape,3,60,7,2,7,7,7.0
com.sakethh.linkora_50.apk,ape,3,180,7,2,7,7,7.0
com.sakethh.linkora_50.apk,ape,3,300,7,2,7,7,7.0
com.sakethh.linkora_50.apk,droidmate,1,60,0,0,0,0,0
com.sakethh.linkora_50.apk,droidmate,1,180,7,2,7,7,7.0
com.sakethh.linkora_50.apk,droidmate,1,300,14,2,7,7,7.0
com.sakethh.linkora_50.apk,droidmate,2,60,7,2,7,7,7.0
com.sakethh.linkora_50.apk,droidmate,2,180,7,2,7,7,7.0
com.sakethh.linkora_50.apk,droidmate,2,300,14,2,7,7,7.0
com.sakethh.linkora_50.apk,droidmate,3,60,7,2,7,7,7.0
com.sakethh.linkora_50.apk,droidmate,3,180,7,2,7,7,7.0
com.sakethh.linkora_50.apk,droidmate,3,300,14,2,7,7,7.0
com.sakethh.linkora_50.apk,humanoid,1,60,7,2,7,7,7.0
com.sakethh.linkora_50.apk,humanoid,1,180,7,2,7,7,7.0
com.sakethh.linkora_50.apk,humanoid,1,300,7,2,7,7,7.0
com.sakethh.linkora_50.apk,humanoid,2,60,7,2,7,7,7.0
com.sakethh.linkora_50.apk,humanoid,2,180,7,2,7,7,7.0
com.sakethh.linkora_50.apk,humanoid,2,300,7,2,7,7,7.0
com.sakethh.linkora_50.apk,humanoid,3,60,0,0,0,0,0
com.sakethh.linkora_50.apk,humanoid,3,180,7,2,7,7,7.0
com.sakethh.linkora_50.apk,humanoid,3,300,7,2,7,7,7.0
com.sakethh.linkora_50.apk,ares,1,60,0,0,0,0,0
com.sakethh.linkora_50.apk,ares,1,180,0,0,0,0,0
com.sakethh.linkora_50.apk,ares,1,300,0,0,0,0,0
com.sakethh.linkora_50.apk,ares,2,60,0,0,0,0,0
com.sakethh.linkora_50.apk,ares,2,180,0,0,0,0,0
com.sakethh.linkora_50.apk,ares,2,300,0,0,0,0,0
com.sakethh.linkora_50.apk,ares,3,60,0,0,0,0,0
com.sakethh.linkora_50.apk,ares,3,180,0,0,0,0,0
com.sakethh.linkora_50.apk,ares,3,300,0,0,0,0,0
com.sakethh.linkora_50.apk,fastbot,1,60,7,2,7,7,7.0
com.sakethh.linkora_50.apk,fastbot,1,180,7,2,7,7,7.0
com.sakethh.linkora_50.apk,fastbot,1,300,7,2,7,7,7.0
com.sakethh.linkora_50.apk,fastbot,2,60,7,2,7,7,7.0
com.sakethh.linkora_50.apk,fastbot,2,180,7,2,7,7,7.0
com.sakethh.linkora_50.apk,fastbot,2,300,7,2,7,7,7.0
com.sakethh.linkora_50.apk,fastbot,3,60,7,2,7,7,7.0
com.sakethh.linkora_50.apk,fastbot,3,180,7,2,7,7,7.0
com.sakethh.linkora_50.apk,fastbot,3,300,7,2,7,7,7.0
com.sakethh.linkora_50.apk,qtesting,1,60,0,0,0,0,0
com.sakethh.linkora_50.apk,qtesting,1,180,0,0,0,0,0
com.sakethh.linkora_50.apk,qtesting,1,300,0,0,0,0,0
com.sakethh.linkora_50.apk,qtesting,2,60,0,0,0,0,0
com.sakethh.linkora_50.apk,qtesting,2,180,0,0,0,0,0
com.sakethh.linkora_50.apk,qtesting,2,300,0,0,0,0,0
com.sakethh.linkora_50.apk,qtesting,3,60,0,0,0,0,0
com.sakethh.linkora_50.apk,qtesting,3,180,0,0,0,0,0
com.sakethh.linkora_50.apk,qtesting,3,300,0,0,0,0,0
com.surfaceocean.nexttraceroute_16.apk,monkey,1,60,0,0,0,0,0
com.surfaceocean.nexttraceroute_16.apk,monkey,1,180,0,0,0,0,0
com.surfaceocean.nexttraceroute_16.apk,monkey,1,300,0,0,0,0,0
com.surfaceocean.nexttraceroute_16.apk,monkey,2,60,0,0,0,0,0
com.surfaceocean.nexttraceroute_16.apk,monkey,2,180,0,0,0,0,0
com.surfaceocean.nexttraceroute_16.apk,monkey,2,300,0,0,0,0,0
com.surfaceocean.nexttraceroute_16.apk,monkey,3,60,0,0,0,0,0
com.surfaceocean.nexttraceroute_16.apk,monkey,3,180,0,0,0,0,0
com.surfaceocean.nexttraceroute_16.apk,monkey,3,300,0,0,0,0,0
com.surfaceocean.nexttraceroute_16.apk,droidbot:dfs_greedy,1,60,0,0,0,0,0
com.surfaceocean.nexttraceroute_16.apk,droidbot:dfs_greedy,1,180,0,0,0,0,0
com.surfaceocean.nexttraceroute_16.apk,droidbot:dfs_greedy,1,300,0,0,0,0,0
com.surfaceocean.nexttraceroute_16.apk,droidbot:dfs_greedy,2,60,0,0,0,0,0
com.surfaceocean.nexttraceroute_16.apk,droidbot:dfs_greedy,2,180,0,0,0,0,0
com.surfaceocean.nexttraceroute_16.apk,droidbot:dfs_greedy,2,300,0,0,0,0,0
com.surfaceocean.nexttraceroute_16.apk,droidbot:dfs_greedy,3,60,0,0,0,0,0
com.surfaceocean.nexttraceroute_16.apk,droidbot:dfs_greedy,3,180,0,0,0,0,0
com.surfaceocean.nexttraceroute_16.apk,droidbot:dfs_greedy,3,300,0,0,0,0,0
com.surfaceocean.nexttraceroute_16.apk,droidbot:bfs_greedy,1,60,0,0,0,0,0
com.surfaceocean.nexttraceroute_16.apk,droidbot:bfs_greedy,1,180,0,0,0,0,0
com.surfaceocean.nexttraceroute_16.apk,droidbot:bfs_greedy,1,300,0,0,0,0,0
com.surfaceocean.nexttraceroute_16.apk,droidbot:bfs_greedy,2,60,0,0,0,0,0
com.surfaceocean.nexttraceroute_16.apk,droidbot:bfs_greedy,2,180,0,0,0,0,0
com.surfaceocean.nexttraceroute_16.apk,droidbot:bfs_greedy,2,300,0,0,0,0,0
com.surfaceocean.nexttraceroute_16.apk,droidbot:bfs_greedy,3,60,0,0,0,0,0
com.surfaceocean.nexttraceroute_16.apk,droidbot:bfs_greedy,3,180,0,0,0,0,0
com.surfaceocean.nexttraceroute_16.apk,droidbot:bfs_greedy,3,300,0,0,0,0,0
com.surfaceocean.nexttraceroute_16.apk,droidbot:dfs_naive,1,60,0,0,0,0,0
com.surfaceocean.nexttraceroute_16.apk,droidbot:dfs_naive,1,180,0,0,0,0,0
com.surfaceocean.nexttraceroute_16.apk,droidbot:dfs_naive,1,300,0,0,0,0,0
com.surfaceocean.nexttraceroute_16.apk,droidbot:dfs_naive,2,60,0,0,0,0,0
com.surfaceocean.nexttraceroute_16.apk,droidbot:dfs_naive,2,180,0,0,0,0,0
com.surfaceocean.nexttraceroute_16.apk,droidbot:dfs_naive,2,300,0,0,0,0,0
com.surfaceocean.nexttraceroute_16.apk,droidbot:dfs_naive,3,60,0,0,0,0,0
com.surfaceocean.nexttraceroute_16.apk,droidbot:dfs_naive,3,180,0,0,0,0,0
com.surfaceocean.nexttraceroute_16.apk,droidbot:dfs_naive,3,300,0,0,0,0,0
com.surfaceocean.nexttraceroute_16.apk,droidbot:bfs_naive,1,60,0,0,0,0,0
com.surfaceocean.nexttraceroute_16.apk,droidbot:bfs_naive,1,180,0,0,0,0,0
com.surfaceocean.nexttraceroute_16.apk,droidbot:bfs_naive,1,300,0,0,0,0,0
com.surfaceocean.nexttraceroute_16.apk,droidbot:bfs_naive,2,60,0,0,0,0,0
com.surfaceocean.nexttraceroute_16.apk,droidbot:bfs_naive,2,180,0,0,0,0,0
com.surfaceocean.nexttraceroute_16.apk,droidbot:bfs_naive,2,300,0,0,0,0,0
com.surfaceocean.nexttraceroute_16.apk,droidbot:bfs_naive,3,60,0,0,0,0,0
com.surfaceocean.nexttraceroute_16.apk,droidbot:bfs_naive,3,180,0,0,0,0,0
com.surfaceocean.nexttraceroute_16.apk,droidbot:bfs_naive,3,300,0,0,0,0,0
com.surfaceocean.nexttraceroute_16.apk,ape,1,60,0,0,0,0,0
com.surfaceocean.nexttraceroute_16.apk,ape,1,180,0,0,0,0,0
com.surfaceocean.nexttraceroute_16.apk,ape,1,300,0,0,0,0,0
com.surfaceocean.nexttraceroute_16.apk,ape,2,60,0,0,0,0,0
com.surfaceocean.nexttraceroute_16.apk,ape,2,180,0,0,0,0,0
com.surfaceocean.nexttraceroute_16.apk,ape,2,300,0,0,0,0,0
com.surfaceocean.nexttraceroute_16.apk,ape,3,60,0,0,0,0,0
com.surfaceocean.nexttraceroute_16.apk,ape,3,180,0,0,0,0,0
com.surfaceocean.nexttraceroute_16.apk,ape,3,300,0,0,0,0,0
com.surfaceocean.nexttraceroute_16.apk,droidmate,1,60,0,0,0,0,0
com.surfaceocean.nexttraceroute_16.apk,droidmate,1,180,0,0,0,0,0
com.surfaceocean.nexttraceroute_16.apk,droidmate,1,300,0,0,0,0,0
com.surfaceocean.nexttraceroute_16.apk,droidmate,2,60,0,0,0,0,0
com.surfaceocean.nexttraceroute_16.apk,droidmate,2,180,0,0,0,0,0
com.surfaceocean.nexttraceroute_16.apk,droidmate,2,300,0,0,0,0,0
com.surfaceocean.nexttraceroute_16.apk,droidmate,3,60,0,0,0,0,0
com.surfaceocean.nexttraceroute_16.apk,droidmate,3,180,0,0,0,0,0
com.surfaceocean.nexttraceroute_16.apk,droidmate,3,300,0,0,0,0,0
com.surfaceocean.nexttraceroute_16.apk,humanoid,1,60,0,0,0,0,0
com.surfaceocean.nexttraceroute_16.apk,humanoid,1,180,0,0,0,0,0
com.surfaceocean.nexttraceroute_16.apk,humanoid,1,300,0,0,0,0,0
com.surfaceocean.nexttraceroute_16.apk,humanoid,2,60,0,0,0,0,0
com.surfaceocean.nexttraceroute_16.apk,humanoid,2,180,0,0,0,0,0
com.surfaceocean.nexttraceroute_16.apk,humanoid,2,300,0,0,0,0,0
com.surfaceocean.nexttraceroute_16.apk,humanoid,3,60,0,0,0,0,0
com.surfaceocean.nexttraceroute_16.apk,humanoid,3,180,0,0,0,0,0
com.surfaceocean.nexttraceroute_16.apk,humanoid,3,300,0,0,0,0,0
com.surfaceocean.nexttraceroute_16.apk,ares,1,60,0,0,0,0,0
com.surfaceocean.nexttraceroute_16.apk,ares,1,180,0,0,0,0,0
com.surfaceocean.nexttraceroute_16.apk,ares,1,300,0,0,0,0,0
com.surfaceocean.nexttraceroute_16.apk,ares,2,60,0,0,0,0,0
com.surfaceocean.nexttraceroute_16.apk,ares,2,180,0,0,0,0,0
com.surfaceocean.nexttraceroute_16.apk,ares,2,300,0,0,0,0,0
com.surfaceocean.nexttraceroute_16.apk,ares,3,60,0,0,0,0,0
com.surfaceocean.nexttraceroute_16.apk,ares,3,180,0,0,0,0,0
com.surfaceocean.nexttraceroute_16.apk,ares,3,300,0,0,0,0,0
com.surfaceocean.nexttraceroute_16.apk,fastbot,1,60,0,0,0,0,0
com.surfaceocean.nexttraceroute_16.apk,fastbot,1,180,0,0,0,0,0
com.surfaceocean.nexttraceroute_16.apk,fastbot,1,300,0,0,0,0,0
com.surfaceocean.nexttraceroute_16.apk,fastbot,2,60,0,0,0,0,0
com.surfaceocean.nexttraceroute_16.apk,fastbot,2,180,0,0,0,0,0
com.surfaceocean.nexttraceroute_16.apk,fastbot,2,300,0,0,0,0,0
com.surfaceocean.nexttraceroute_16.apk,fastbot,3,60,0,0,0,0,0
com.surfaceocean.nexttraceroute_16.apk,fastbot,3,180,0,0,0,0,0
com.surfaceocean.nexttraceroute_16.apk,fastbot,3,300,0,0,0,0,0
com.surfaceocean.nexttraceroute_16.apk,qtesting,1,60,0,0,0,0,0
com.surfaceocean.nexttraceroute_16.apk,qtesting,1,180,0,0,0,0,0
com.surfaceocean.nexttraceroute_16.apk,qtesting,1,300,0,0,0,0,0
com.surfaceocean.nexttraceroute_16.apk,qtesting,2,60,0,0,0,0,0
com.surfaceocean.nexttraceroute_16.apk,qtesting,2,180,0,0,0,0,0
com.surfaceocean.nexttraceroute_16.apk,qtesting,2,300,0,0,0,0,0
com.surfaceocean.nexttraceroute_16.apk,qtesting,3,60,0,0,0,0,0
com.surfaceocean.nexttraceroute_16.apk,qtesting,3,180,0,0,0,0,0
com.surfaceocean.nexttraceroute_16.apk,qtesting,3,300,0,0,0,0,0
de.markusfisch.android.binaryeye_174.apk,monkey,1,60,0,0,0,0,0
de.markusfisch.android.binaryeye_174.apk,monkey,1,180,0,0,0,0,0
de.markusfisch.android.binaryeye_174.apk,monkey,1,300,0,0,0,0,0
de.markusfisch.android.binaryeye_174.apk,monkey,2,60,0,0,0,0,0
de.markusfisch.android.binaryeye_174.apk,monkey,2,180,0,0,0,0,0
de.markusfisch.android.binaryeye_174.apk,monkey,3,60,0,0,0,0,0
de.markusfisch.android.binaryeye_174.apk,monkey,3,180,0,0,0,0,0
de.markusfisch.android.binaryeye_174.apk,monkey,3,300,0,0,0,0,0
de.markusfisch.android.binaryeye_174.apk,droidbot:dfs_greedy,1,60,0,0,0,0,0
de.markusfisch.android.binaryeye_174.apk,droidbot:dfs_greedy,1,180,0,0,0,0,0
de.markusfisch.android.binaryeye_174.apk,droidbot:dfs_greedy,1,300,0,0,0,0,0
de.markusfisch.android.binaryeye_174.apk,droidbot:dfs_greedy,2,60,0,0,0,0,0
de.markusfisch.android.binaryeye_174.apk,droidbot:dfs_greedy,2,180,0,0,0,0,0
de.markusfisch.android.binaryeye_174.apk,droidbot:dfs_greedy,2,300,0,0,0,0,0
de.markusfisch.android.binaryeye_174.apk,droidbot:dfs_greedy,3,60,0,0,0,0,0
de.markusfisch.android.binaryeye_174.apk,droidbot:dfs_greedy,3,180,0,0,0,0,0
de.markusfisch.android.binaryeye_174.apk,droidbot:dfs_greedy,3,300,0,0,0,0,0
de.markusfisch.android.binaryeye_174.apk,droidbot:bfs_greedy,1,60,0,0,0,0,0
de.markusfisch.android.binaryeye_174.apk,droidbot:bfs_greedy,1,180,0,0,0,0,0
de.markusfisch.android.binaryeye_174.apk,droidbot:bfs_greedy,1,300,0,0,0,0,0
de.markusfisch.android.binaryeye_174.apk,droidbot:bfs_greedy,2,60,0,0,0,0,0
de.markusfisch.android.binaryeye_174.apk,droidbot:bfs_greedy,2,180,0,0,0,0,0
de.markusfisch.android.binaryeye_174.apk,droidbot:bfs_greedy,2,300,0,0,0,0,0
de.markusfisch.android.binaryeye_174.apk,droidbot:bfs_greedy,3,60,0,0,0,0,0
de.markusfisch.android.binaryeye_174.apk,droidbot:bfs_greedy,3,180,0,0,0,0,0
de.markusfisch.android.binaryeye_174.apk,droidbot:bfs_greedy,3,300,0,0,0,0,0
de.markusfisch.android.binaryeye_174.apk,droidbot:dfs_naive,1,60,0,0,0,0,0
de.markusfisch.android.binaryeye_174.apk,droidbot:dfs_naive,1,180,0,0,0,0,0
de.markusfisch.android.binaryeye_174.apk,droidbot:dfs_naive,1,300,0,0,0,0,0
de.markusfisch.android.binaryeye_174.apk,droidbot:dfs_naive,2,60,0,0,0,0,0
de.markusfisch.android.binaryeye_174.apk,droidbot:dfs_naive,2,180,0,0,0,0,0
de.markusfisch.android.binaryeye_174.apk,droidbot:dfs_naive,2,300,0,0,0,0,0
de.markusfisch.android.binaryeye_174.apk,droidbot:dfs_naive,3,60,0,0,0,0,0
de.markusfisch.android.binaryeye_174.apk,droidbot:dfs_naive,3,180,0,0,0,0,0
de.markusfisch.android.binaryeye_174.apk,droidbot:dfs_naive,3,300,0,0,0,0,0
de.markusfisch.android.binaryeye_174.apk,droidbot:bfs_naive,1,60,0,0,0,0,0
de.markusfisch.android.binaryeye_174.apk,droidbot:bfs_naive,1,180,0,0,0,0,0
de.markusfisch.android.binaryeye_174.apk,droidbot:bfs_naive,1,300,0,0,0,0,0
de.markusfisch.android.binaryeye_174.apk,droidbot:bfs_naive,2,60,0,0,0,0,0
de.markusfisch.android.binaryeye_174.apk,droidbot:bfs_naive,2,180,0,0,0,0,0
de.markusfisch.android.binaryeye_174.apk,droidbot:bfs_naive,2,300,0,0,0,0,0
de.markusfisch.android.binaryeye_174.apk,droidbot:bfs_naive,3,60,0,0,0,0,0
de.markusfisch.android.binaryeye_174.apk,droidbot:bfs_naive,3,180,0,0,0,0,0
de.markusfisch.android.binaryeye_174.apk,droidbot:bfs_naive,3,300,0,0,0,0,0
de.markusfisch.android.binaryeye_174.apk,ape,1,60,0,0,0,0,0
de.markusfisch.android.binaryeye_174.apk,ape,1,180,0,0,0,0,0
de.markusfisch.android.binaryeye_174.apk,ape,1,300,0,0,0,0,0
de.markusfisch.android.binaryeye_174.apk,ape,2,60,0,0,0,0,0
de.markusfisch.android.binaryeye_174.apk,ape,2,180,0,0,0,0,0
de.markusfisch.android.binaryeye_174.apk,ape,2,300,0,0,0,0,0
de.markusfisch.android.binaryeye_174.apk,ape,3,60,0,0,0,0,0
de.markusfisch.android.binaryeye_174.apk,ape,3,180,0,0,0,0,0
de.markusfisch.android.binaryeye_174.apk,ape,3,300,0,0,0,0,0
de.markusfisch.android.binaryeye_174.apk,droidmate,1,60,0,0,0,0,0
de.markusfisch.android.binaryeye_174.apk,droidmate,1,180,0,0,0,0,0
de.markusfisch.android.binaryeye_174.apk,droidmate,1,300,0,0,0,0,0
de.markusfisch.android.binaryeye_174.apk,droidmate,2,60,0,0,0,0,0
de.markusfisch.android.binaryeye_174.apk,droidmate,2,180,0,0,0,0,0
de.markusfisch.android.binaryeye_174.apk,droidmate,2,300,0,0,0,0,0
de.markusfisch.android.binaryeye_174.apk,droidmate,3,60,0,0,0,0,0
de.markusfisch.android.binaryeye_174.apk,droidmate,3,180,0,0,0,0,0
de.markusfisch.android.binaryeye_174.apk,droidmate,3,300,0,0,0,0,0
de.markusfisch.android.binaryeye_174.apk,humanoid,1,60,0,0,0,0,0
de.markusfisch.android.binaryeye_174.apk,humanoid,1,180,0,0,0,0,0
de.markusfisch.android.binaryeye_174.apk,humanoid,1,300,0,0,0,0,0
de.markusfisch.android.binaryeye_174.apk,humanoid,2,60,0,0,0,0,0
de.markusfisch.android.binaryeye_174.apk,humanoid,2,180,0,0,0,0,0
de.markusfisch.android.binaryeye_174.apk,humanoid,2,300,0,0,0,0,0
de.markusfisch.android.binaryeye_174.apk,humanoid,3,60,0,0,0,0,0
de.markusfisch.android.binaryeye_174.apk,humanoid,3,180,0,0,0,0,0
de.markusfisch.android.binaryeye_174.apk,humanoid,3,300,0,0,0,0,0
de.markusfisch.android.binaryeye_174.apk,ares,1,180,0,0,0,0,0
de.markusfisch.android.binaryeye_174.apk,ares,1,300,0,0,0,0,0
de.markusfisch.android.binaryeye_174.apk,ares,2,60,0,0,0,0,0
de.markusfisch.android.binaryeye_174.apk,ares,2,180,0,0,0,0,0
de.markusfisch.android.binaryeye_174.apk,ares,2,300,0,0,0,0,0
de.markusfisch.android.binaryeye_174.apk,ares,3,60,0,0,0,0,0
de.markusfisch.android.binaryeye_174.apk,ares,3,180,0,0,0,0,0
de.markusfisch.android.binaryeye_174.apk,ares,3,300,0,0,0,0,0
de.markusfisch.android.binaryeye_174.apk,fastbot,1,60,0,0,0,0,0
de.markusfisch.android.binaryeye_174.apk,fastbot,1,180,0,0,0,0,0
de.markusfisch.android.binaryeye_174.apk,fastbot,1,300,0,0,0,0,0
de.markusfisch.android.binaryeye_174.apk,fastbot,2,60,0,0,0,0,0
de.markusfisch.android.binaryeye_174.apk,fastbot,2,180,0,0,0,0,0
de.markusfisch.android.binaryeye_174.apk,fastbot,2,300,0,0,0,0,0
de.markusfisch.android.binaryeye_174.apk,fastbot,3,60,0,0,0,0,0
de.markusfisch.android.binaryeye_174.apk,fastbot,3,180,0,0,0,0,0
de.markusfisch.android.binaryeye_174.apk,fastbot,3,300,0,0,0,0,0
de.markusfisch.android.binaryeye_174.apk,qtesting,1,60,0,0,0,0,0
de.markusfisch.android.binaryeye_174.apk,qtesting,1,180,0,0,0,0,0
de.markusfisch.android.binaryeye_174.apk,qtesting,1,300,0,0,0,0,0
de.markusfisch.android.binaryeye_174.apk,qtesting,2,60,0,0,0,0,0
de.markusfisch.android.binaryeye_174.apk,qtesting,2,180,0,0,0,0,0
de.markusfisch.android.binaryeye_174.apk,qtesting,2,300,0,0,0,0,0
de.markusfisch.android.binaryeye_174.apk,qtesting,3,60,0,0,0,0,0
de.markusfisch.android.binaryeye_174.apk,qtesting,3,180,0,0,0,0,0
de.markusfisch.android.binaryeye_174.apk,qtesting,3,300,0,0,0,0,0
dev.ukanth.ufirewall_20260301.apk,monkey,1,60,0,0,0,0,0
dev.ukanth.ufirewall_20260301.apk,monkey,1,180,0,0,0,0,0
dev.ukanth.ufirewall_20260301.apk,monkey,1,300,0,0,0,0,0
dev.ukanth.ufirewall_20260301.apk,monkey,2,60,0,0,0,0,0
dev.ukanth.ufirewall_20260301.apk,monkey,2,300,0,0,0,0,0
dev.ukanth.ufirewall_20260301.apk,monkey,3,60,0,0,0,0,0
dev.ukanth.ufirewall_20260301.apk,monkey,3,180,0,0,0,0,0
dev.ukanth.ufirewall_20260301.apk,monkey,3,300,0,0,0,0,0
dev.ukanth.ufirewall_20260301.apk,droidbot:dfs_greedy,1,60,0,0,0,0,0
dev.ukanth.ufirewall_20260301.apk,droidbot:dfs_greedy,1,180,0,0,0,0,0
dev.ukanth.ufirewall_20260301.apk,droidbot:dfs_greedy,1,300,0,0,0,0,0
dev.ukanth.ufirewall_20260301.apk,droidbot:dfs_greedy,2,60,0,0,0,0,0
dev.ukanth.ufirewall_20260301.apk,droidbot:dfs_greedy,2,180,0,0,0,0,0
dev.ukanth.ufirewall_20260301.apk,droidbot:dfs_greedy,2,300,0,0,0,0,0
dev.ukanth.ufirewall_20260301.apk,droidbot:dfs_greedy,3,60,0,0,0,0,0
dev.ukanth.ufirewall_20260301.apk,droidbot:dfs_greedy,3,180,0,0,0,0,0
dev.ukanth.ufirewall_20260301.apk,droidbot:dfs_greedy,3,300,0,0,0,0,0
dev.ukanth.ufirewall_20260301.apk,droidbot:bfs_greedy,1,60,0,0,0,0,0
dev.ukanth.ufirewall_20260301.apk,droidbot:bfs_greedy,1,180,0,0,0,0,0
dev.ukanth.ufirewall_20260301.apk,droidbot:bfs_greedy,1,300,0,0,0,0,0
dev.ukanth.ufirewall_20260301.apk,droidbot:bfs_greedy,2,60,0,0,0,0,0
dev.ukanth.ufirewall_20260301.apk,droidbot:bfs_greedy,2,180,0,0,0,0,0
dev.ukanth.ufirewall_20260301.apk,droidbot:bfs_greedy,2,300,0,0,0,0,0
dev.ukanth.ufirewall_20260301.apk,droidbot:bfs_greedy,3,60,0,0,0,0,0
dev.ukanth.ufirewall_20260301.apk,droidbot:bfs_greedy,3,180,0,0,0,0,0
dev.ukanth.ufirewall_20260301.apk,droidbot:bfs_greedy,3,300,0,0,0,0,0
dev.ukanth.ufirewall_20260301.apk,droidbot:dfs_naive,1,60,0,0,0,0,0
dev.ukanth.ufirewall_20260301.apk,droidbot:dfs_naive,1,180,0,0,0,0,0
dev.ukanth.ufirewall_20260301.apk,droidbot:dfs_naive,1,300,0,0,0,0,0
dev.ukanth.ufirewall_20260301.apk,droidbot:dfs_naive,2,60,0,0,0,0,0
dev.ukanth.ufirewall_20260301.apk,droidbot:dfs_naive,2,300,0,0,0,0,0
dev.ukanth.ufirewall_20260301.apk,droidbot:dfs_naive,3,60,0,0,0,0,0
dev.ukanth.ufirewall_20260301.apk,droidbot:dfs_naive,3,180,0,0,0,0,0
dev.ukanth.ufirewall_20260301.apk,droidbot:dfs_naive,3,300,0,0,0,0,0
dev.ukanth.ufirewall_20260301.apk,droidbot:bfs_naive,1,60,0,0,0,0,0
dev.ukanth.ufirewall_20260301.apk,droidbot:bfs_naive,1,180,0,0,0,0,0
dev.ukanth.ufirewall_20260301.apk,droidbot:bfs_naive,1,300,0,0,0,0,0
dev.ukanth.ufirewall_20260301.apk,droidbot:bfs_naive,2,60,0,0,0,0,0
dev.ukanth.ufirewall_20260301.apk,droidbot:bfs_naive,2,180,0,0,0,0,0
dev.ukanth.ufirewall_20260301.apk,droidbot:bfs_naive,2,300,0,0,0,0,0
dev.ukanth.ufirewall_20260301.apk,droidbot:bfs_naive,3,60,0,0,0,0,0
dev.ukanth.ufirewall_20260301.apk,droidbot:bfs_naive,3,180,0,0,0,0,0
dev.ukanth.ufirewall_20260301.apk,droidbot:bfs_naive,3,300,0,0,0,0,0
dev.ukanth.ufirewall_20260301.apk,ape,1,60,0,0,0,0,0
dev.ukanth.ufirewall_20260301.apk,ape,1,180,0,0,0,0,0
dev.ukanth.ufirewall_20260301.apk,ape,1,300,0,0,0,0,0
dev.ukanth.ufirewall_20260301.apk,ape,2,60,0,0,0,0,0
dev.ukanth.ufirewall_20260301.apk,ape,2,180,0,0,0,0,0
dev.ukanth.ufirewall_20260301.apk,ape,2,300,0,0,0,0,0
dev.ukanth.ufirewall_20260301.apk,ape,3,60,0,0,0,0,0
dev.ukanth.ufirewall_20260301.apk,ape,3,180,0,0,0,0,0
dev.ukanth.ufirewall_20260301.apk,ape,3,300,0,0,0,0,0
dev.ukanth.ufirewall_20260301.apk,droidmate,1,60,0,0,0,0,0
dev.ukanth.ufirewall_20260301.apk,droidmate,1,180,0,0,0,0,0
dev.ukanth.ufirewall_20260301.apk,droidmate,1,300,0,0,0,0,0
dev.ukanth.ufirewall_20260301.apk,droidmate,2,60,0,0,0,0,0
dev.ukanth.ufirewall_20260301.apk,droidmate,2,180,0,0,0,0,0
dev.ukanth.ufirewall_20260301.apk,droidmate,2,300,0,0,0,0,0
dev.ukanth.ufirewall_20260301.apk,droidmate,3,60,0,0,0,0,0
dev.ukanth.ufirewall_20260301.apk,droidmate,3,180,0,0,0,0,0
dev.ukanth.ufirewall_20260301.apk,droidmate,3,300,0,0,0,0,0
dev.ukanth.ufirewall_20260301.apk,humanoid,1,60,0,0,0,0,0
dev.ukanth.ufirewall_20260301.apk,humanoid,1,180,0,0,0,0,0
dev.ukanth.ufirewall_20260301.apk,humanoid,1,300,0,0,0,0,0
dev.ukanth.ufirewall_20260301.apk,humanoid,2,60,0,0,0,0,0
dev.ukanth.ufirewall_20260301.apk,humanoid,2,180,0,0,0,0,0
dev.ukanth.ufirewall_20260301.apk,humanoid,2,300,0,0,0,0,0
dev.ukanth.ufirewall_20260301.apk,humanoid,3,60,0,0,0,0,0
dev.ukanth.ufirewall_20260301.apk,humanoid,3,180,0,0,0,0,0
dev.ukanth.ufirewall_20260301.apk,humanoid,3,300,0,0,0,0,0
dev.ukanth.ufirewall_20260301.apk,ares,1,60,0,0,0,0,0
dev.ukanth.ufirewall_20260301.apk,ares,1,180,0,0,0,0,0
dev.ukanth.ufirewall_20260301.apk,ares,1,300,0,0,0,0,0
dev.ukanth.ufirewall_20260301.apk,ares,2,60,0,0,0,0,0
dev.ukanth.ufirewall_20260301.apk,ares,2,180,0,0,0,0,0
dev.ukanth.ufirewall_20260301.apk,ares,2,300,0,0,0,0,0
dev.ukanth.ufirewall_20260301.apk,ares,3,60,0,0,0,0,0
dev.ukanth.ufirewall_20260301.apk,ares,3,180,0,0,0,0,0
dev.ukanth.ufirewall_20260301.apk,ares,3,300,0,0,0,0,0
dev.ukanth.ufirewall_20260301.apk,fastbot,1,60,0,0,0,0,0
dev.ukanth.ufirewall_20260301.apk,fastbot,1,180,0,0,0,0,0
dev.ukanth.ufirewall_20260301.apk,fastbot,1,300,0,0,0,0,0
dev.ukanth.ufirewall_20260301.apk,fastbot,2,60,0,0,0,0,0
dev.ukanth.ufirewall_20260301.apk,fastbot,2,180,0,0,0,0,0
dev.ukanth.ufirewall_20260301.apk,fastbot,2,300,0,0,0,0,0
dev.ukanth.ufirewall_20260301.apk,fastbot,3,60,0,0,0,0,0
dev.ukanth.ufirewall_20260301.apk,fastbot,3,180,0,0,0,0,0
dev.ukanth.ufirewall_20260301.apk,fastbot,3,300,0,0,0,0,0
dev.ukanth.ufirewall_20260301.apk,qtesting,1,60,0,0,0,0,0
dev.ukanth.ufirewall_20260301.apk,qtesting,1,180,0,0,0,0,0
dev.ukanth.ufirewall_20260301.apk,qtesting,1,300,0,0,0,0,0
dev.ukanth.ufirewall_20260301.apk,qtesting,2,60,0,0,0,0,0
dev.ukanth.ufirewall_20260301.apk,qtesting,2,180,0,0,0,0,0
dev.ukanth.ufirewall_20260301.apk,qtesting,2,300,0,0,0,0,0
dev.ukanth.ufirewall_20260301.apk,qtesting,3,60,0,0,0,0,0
dev.ukanth.ufirewall_20260301.apk,qtesting,3,180,0,0,0,0,0
dev.ukanth.ufirewall_20260301.apk,qtesting,3,300,0,0,0,0,0
io.keepalive.android_133.apk,monkey,1,60,0,0,0,0,0
io.keepalive.android_133.apk,monkey,1,180,0,0,0,0,0
io.keepalive.android_133.apk,monkey,1,300,0,0,0,0,0
io.keepalive.android_133.apk,monkey,2,60,0,0,0,0,0
io.keepalive.android_133.apk,monkey,2,180,0,0,0,0,0
io.keepalive.android_133.apk,monkey,2,300,0,0,0,0,0
io.keepalive.android_133.apk,monkey,3,60,0,0,0,0,0
io.keepalive.android_133.apk,monkey,3,180,0,0,0,0,0
io.keepalive.android_133.apk,monkey,3,300,0,0,0,0,0
io.keepalive.android_133.apk,droidbot:dfs_greedy,1,60,0,0,0,0,0
io.keepalive.android_133.apk,droidbot:dfs_greedy,1,180,0,0,0,0,0
io.keepalive.android_133.apk,droidbot:dfs_greedy,1,300,0,0,0,0,0
io.keepalive.android_133.apk,droidbot:dfs_greedy,2,60,0,0,0,0,0
io.keepalive.android_133.apk,droidbot:dfs_greedy,2,180,0,0,0,0,0
io.keepalive.android_133.apk,droidbot:dfs_greedy,2,300,0,0,0,0,0
io.keepalive.android_133.apk,droidbot:dfs_greedy,3,60,0,0,0,0,0
io.keepalive.android_133.apk,droidbot:dfs_greedy,3,180,0,0,0,0,0
io.keepalive.android_133.apk,droidbot:dfs_greedy,3,300,0,0,0,0,0
io.keepalive.android_133.apk,droidbot:bfs_greedy,1,60,0,0,0,0,0
io.keepalive.android_133.apk,droidbot:bfs_greedy,1,180,0,0,0,0,0
io.keepalive.android_133.apk,droidbot:bfs_greedy,1,300,0,0,0,0,0
io.keepalive.android_133.apk,droidbot:bfs_greedy,2,60,0,0,0,0,0
io.keepalive.android_133.apk,droidbot:bfs_greedy,2,180,0,0,0,0,0
io.keepalive.android_133.apk,droidbot:bfs_greedy,2,300,0,0,0,0,0
io.keepalive.android_133.apk,droidbot:bfs_greedy,3,60,0,0,0,0,0
io.keepalive.android_133.apk,droidbot:bfs_greedy,3,180,0,0,0,0,0
io.keepalive.android_133.apk,droidbot:bfs_greedy,3,300,0,0,0,0,0
io.keepalive.android_133.apk,droidbot:dfs_naive,1,60,0,0,0,0,0
io.keepalive.android_133.apk,droidbot:dfs_naive,1,180,0,0,0,0,0
io.keepalive.android_133.apk,droidbot:dfs_naive,1,300,0,0,0,0,0
io.keepalive.android_133.apk,droidbot:dfs_naive,2,60,0,0,0,0,0
io.keepalive.android_133.apk,droidbot:dfs_naive,2,180,0,0,0,0,0
io.keepalive.android_133.apk,droidbot:dfs_naive,2,300,0,0,0,0,0
io.keepalive.android_133.apk,droidbot:dfs_naive,3,60,0,0,0,0,0
io.keepalive.android_133.apk,droidbot:dfs_naive,3,180,0,0,0,0,0
io.keepalive.android_133.apk,droidbot:dfs_naive,3,300,0,0,0,0,0
io.keepalive.android_133.apk,droidbot:bfs_naive,1,60,0,0,0,0,0
io.keepalive.android_133.apk,droidbot:bfs_naive,1,180,0,0,0,0,0
io.keepalive.android_133.apk,droidbot:bfs_naive,1,300,0,0,0,0,0
io.keepalive.android_133.apk,droidbot:bfs_naive,2,60,0,0,0,0,0
io.keepalive.android_133.apk,droidbot:bfs_naive,2,180,0,0,0,0,0
io.keepalive.android_133.apk,droidbot:bfs_naive,2,300,0,0,0,0,0
io.keepalive.android_133.apk,droidbot:bfs_naive,3,60,0,0,0,0,0
io.keepalive.android_133.apk,droidbot:bfs_naive,3,180,0,0,0,0,0
io.keepalive.android_133.apk,droidbot:bfs_naive,3,300,0,0,0,0,0
io.keepalive.android_133.apk,ape,1,60,0,0,0,0,0
io.keepalive.android_133.apk,ape,1,180,0,0,0,0,0
io.keepalive.android_133.apk,ape,1,300,0,0,0,0,0
io.keepalive.android_133.apk,ape,2,60,0,0,0,0,0
io.keepalive.android_133.apk,ape,2,180,0,0,0,0,0
io.keepalive.android_133.apk,ape,2,300,0,0,0,0,0
io.keepalive.android_133.apk,ape,3,60,0,0,0,0,0
io.keepalive.android_133.apk,ape,3,180,0,0,0,0,0
io.keepalive.android_133.apk,ape,3,300,0,0,0,0,0
io.keepalive.android_133.apk,droidmate,1,60,0,0,0,0,0
io.keepalive.android_133.apk,droidmate,1,180,0,0,0,0,0
io.keepalive.android_133.apk,droidmate,1,300,0,0,0,0,0
io.keepalive.android_133.apk,droidmate,2,60,0,0,0,0,0
io.keepalive.android_133.apk,droidmate,2,180,0,0,0,0,0
io.keepalive.android_133.apk,droidmate,2,300,0,0,0,0,0
io.keepalive.android_133.apk,droidmate,3,60,0,0,0,0,0
io.keepalive.android_133.apk,droidmate,3,180,0,0,0,0,0
io.keepalive.android_133.apk,droidmate,3,300,0,0,0,0,0
io.keepalive.android_133.apk,humanoid,1,60,0,0,0,0,0
io.keepalive.android_133.apk,humanoid,1,180,0,0,0,0,0
io.keepalive.android_133.apk,humanoid,1,300,0,0,0,0,0
io.keepalive.android_133.apk,humanoid,2,60,0,0,0,0,0
io.keepalive.android_133.apk,humanoid,2,180,0,0,0,0,0
io.keepalive.android_133.apk,humanoid,2,300,0,0,0,0,0
io.keepalive.android_133.apk,humanoid,3,60,0,0,0,0,0
io.keepalive.android_133.apk,humanoid,3,180,0,0,0,0,0
io.keepalive.android_133.apk,humanoid,3,300,0,0,0,0,0
io.keepalive.android_133.apk,ares,1,60,0,0,0,0,0
io.keepalive.android_133.apk,ares,1,180,0,0,0,0,0
io.keepalive.android_133.apk,ares,1,300,0,0,0,0,0
io.keepalive.android_133.apk,ares,2,60,0,0,0,0,0
io.keepalive.android_133.apk,ares,2,180,0,0,0,0,0
io.keepalive.android_133.apk,ares,2,300,0,0,0,0,0
io.keepalive.android_133.apk,ares,3,60,0,0,0,0,0
io.keepalive.android_133.apk,ares,3,180,0,0,0,0,0
io.keepalive.android_133.apk,ares,3,300,0,0,0,0,0
io.keepalive.android_133.apk,fastbot,1,60,0,0,0,0,0
io.keepalive.android_133.apk,fastbot,1,180,0,0,0,0,0
io.keepalive.android_133.apk,fastbot,1,300,0,0,0,0,0
io.keepalive.android_133.apk,fastbot,2,60,0,0,0,0,0
io.keepalive.android_133.apk,fastbot,2,180,0,0,0,0,0
io.keepalive.android_133.apk,fastbot,2,300,0,0,0,0,0
io.keepalive.android_133.apk,fastbot,3,60,0,0,0,0,0
io.keepalive.android_133.apk,fastbot,3,180,0,0,0,0,0
io.keepalive.android_133.apk,fastbot,3,300,0,0,0,0,0
io.keepalive.android_133.apk,qtesting,1,60,0,0,0,0,0
io.keepalive.android_133.apk,qtesting,1,180,0,0,0,0,0
io.keepalive.android_133.apk,qtesting,1,300,0,0,0,0,0
io.keepalive.android_133.apk,qtesting,2,60,0,0,0,0,0
io.keepalive.android_133.apk,qtesting,2,180,0,0,0,0,0
io.keepalive.android_133.apk,qtesting,2,300,0,0,0,0,0
io.keepalive.android_133.apk,qtesting,3,60,0,0,0,0,0
io.keepalive.android_133.apk,qtesting,3,180,0,0,0,0,0
io.keepalive.android_133.apk,qtesting,3,300,0,0,0,0,0
me.timschneeberger.rootlessjamesdsp_51.apk,monkey,1,60,0,0,0,0,0
me.timschneeberger.rootlessjamesdsp_51.apk,monkey,1,180,0,0,0,0,0
me.timschneeberger.rootlessjamesdsp_51.apk,monkey,1,300,10,3,10,10,10.0
me.timschneeberger.rootlessjamesdsp_51.apk,monkey,2,60,0,0,0,0,0
me.timschneeberger.rootlessjamesdsp_51.apk,monkey,2,180,0,0,0,0,0
me.timschneeberger.rootlessjamesdsp_51.apk,monkey,2,300,0,0,0,0,0
me.timschneeberger.rootlessjamesdsp_51.apk,monkey,3,60,0,0,0,0,0
me.timschneeberger.rootlessjamesdsp_51.apk,monkey,3,180,0,0,0,0,0
me.timschneeberger.rootlessjamesdsp_51.apk,monkey,3,300,0,0,0,0,0
me.timschneeberger.rootlessjamesdsp_51.apk,droidbot:dfs_greedy,1,60,0,0,0,0,0
me.timschneeberger.rootlessjamesdsp_51.apk,droidbot:dfs_greedy,1,180,0,0,0,0,0
me.timschneeberger.rootlessjamesdsp_51.apk,droidbot:dfs_greedy,1,300,0,0,0,0,0
me.timschneeberger.rootlessjamesdsp_51.apk,droidbot:dfs_greedy,2,60,0,0,0,0,0
me.timschneeberger.rootlessjamesdsp_51.apk,droidbot:dfs_greedy,2,180,0,0,0,0,0
me.timschneeberger.rootlessjamesdsp_51.apk,droidbot:dfs_greedy,2,300,5,1,5,5,5.0
me.timschneeberger.rootlessjamesdsp_51.apk,droidbot:dfs_greedy,3,60,0,0,0,0,0
me.timschneeberger.rootlessjamesdsp_51.apk,droidbot:dfs_greedy,3,180,0,0,0,0,0
me.timschneeberger.rootlessjamesdsp_51.apk,droidbot:dfs_greedy,3,300,0,0,0,0,0
me.timschneeberger.rootlessjamesdsp_51.apk,droidbot:bfs_greedy,1,60,0,0,0,0,0
me.timschneeberger.rootlessjamesdsp_51.apk,droidbot:bfs_greedy,1,180,0,0,0,0,0
me.timschneeberger.rootlessjamesdsp_51.apk,droidbot:bfs_greedy,1,300,0,0,0,0,0
me.timschneeberger.rootlessjamesdsp_51.apk,droidbot:bfs_greedy,2,60,0,0,0,0,0
me.timschneeberger.rootlessjamesdsp_51.apk,droidbot:bfs_greedy,2,180,0,0,0,0,0
me.timschneeberger.rootlessjamesdsp_51.apk,droidbot:bfs_greedy,2,300,0,0,0,0,0
me.timschneeberger.rootlessjamesdsp_51.apk,droidbot:bfs_greedy,3,60,0,0,0,0,0
me.timschneeberger.rootlessjamesdsp_51.apk,droidbot:bfs_greedy,3,180,0,0,0,0,0
me.timschneeberger.rootlessjamesdsp_51.apk,droidbot:bfs_greedy,3,300,0,0,0,0,0
me.timschneeberger.rootlessjamesdsp_51.apk,droidbot:dfs_naive,1,60,0,0,0,0,0
me.timschneeberger.rootlessjamesdsp_51.apk,droidbot:dfs_naive,1,180,0,0,0,0,0
me.timschneeberger.rootlessjamesdsp_51.apk,droidbot:dfs_naive,1,300,0,0,0,0,0
me.timschneeberger.rootlessjamesdsp_51.apk,droidbot:dfs_naive,2,60,0,0,0,0,0
me.timschneeberger.rootlessjamesdsp_51.apk,droidbot:dfs_naive,2,180,0,0,0,0,0
me.timschneeberger.rootlessjamesdsp_51.apk,droidbot:dfs_naive,2,300,0,0,0,0,0
me.timschneeberger.rootlessjamesdsp_51.apk,droidbot:dfs_naive,3,60,0,0,0,0,0
me.timschneeberger.rootlessjamesdsp_51.apk,droidbot:dfs_naive,3,180,0,0,0,0,0
me.timschneeberger.rootlessjamesdsp_51.apk,droidbot:dfs_naive,3,300,0,0,0,0,0
me.timschneeberger.rootlessjamesdsp_51.apk,droidbot:bfs_naive,1,60,0,0,0,0,0
me.timschneeberger.rootlessjamesdsp_51.apk,droidbot:bfs_naive,1,180,0,0,0,0,0
me.timschneeberger.rootlessjamesdsp_51.apk,droidbot:bfs_naive,1,300,0,0,0,0,0
me.timschneeberger.rootlessjamesdsp_51.apk,droidbot:bfs_naive,2,60,0,0,0,0,0
me.timschneeberger.rootlessjamesdsp_51.apk,droidbot:bfs_naive,2,180,0,0,0,0,0
me.timschneeberger.rootlessjamesdsp_51.apk,droidbot:bfs_naive,2,300,0,0,0,0,0
me.timschneeberger.rootlessjamesdsp_51.apk,droidbot:bfs_naive,3,60,0,0,0,0,0
me.timschneeberger.rootlessjamesdsp_51.apk,droidbot:bfs_naive,3,180,0,0,0,0,0
me.timschneeberger.rootlessjamesdsp_51.apk,droidbot:bfs_naive,3,300,0,0,0,0,0
me.timschneeberger.rootlessjamesdsp_51.apk,ape,1,60,0,0,0,0,0
me.timschneeberger.rootlessjamesdsp_51.apk,ape,1,180,7,2,7,7,7.0
me.timschneeberger.rootlessjamesdsp_51.apk,ape,1,300,7,2,7,7,7.0
me.timschneeberger.rootlessjamesdsp_51.apk,ape,2,60,0,0,0,0,0
me.timschneeberger.rootlessjamesdsp_51.apk,ape,2,180,0,0,0,0,0
me.timschneeberger.rootlessjamesdsp_51.apk,ape,2,300,0,0,0,0,0
me.timschneeberger.rootlessjamesdsp_51.apk,ape,3,60,0,0,0,0,0
me.timschneeberger.rootlessjamesdsp_51.apk,ape,3,180,7,2,7,7,7.0
me.timschneeberger.rootlessjamesdsp_51.apk,ape,3,300,0,0,0,0,0
me.timschneeberger.rootlessjamesdsp_51.apk,droidmate,1,60,0,0,0,0,0
me.timschneeberger.rootlessjamesdsp_51.apk,droidmate,1,180,0,0,0,0,0
me.timschneeberger.rootlessjamesdsp_51.apk,droidmate,1,300,0,0,0,0,0
me.timschneeberger.rootlessjamesdsp_51.apk,droidmate,2,60,0,0,0,0,0
me.timschneeberger.rootlessjamesdsp_51.apk,droidmate,2,180,0,0,0,0,0
me.timschneeberger.rootlessjamesdsp_51.apk,droidmate,2,300,0,0,0,0,0
me.timschneeberger.rootlessjamesdsp_51.apk,droidmate,3,60,0,0,0,0,0
me.timschneeberger.rootlessjamesdsp_51.apk,droidmate,3,180,0,0,0,0,0
me.timschneeberger.rootlessjamesdsp_51.apk,droidmate,3,300,0,0,0,0,0
me.timschneeberger.rootlessjamesdsp_51.apk,humanoid,1,60,0,0,0,0,0
me.timschneeberger.rootlessjamesdsp_51.apk,humanoid,1,180,0,0,0,0,0
me.timschneeberger.rootlessjamesdsp_51.apk,humanoid,1,300,5,1,5,5,5.0
me.timschneeberger.rootlessjamesdsp_51.apk,humanoid,2,60,0,0,0,0,0
me.timschneeberger.rootlessjamesdsp_51.apk,humanoid,2,180,0,0,0,0,0
me.timschneeberger.rootlessjamesdsp_51.apk,humanoid,2,300,0,0,0,0,0
me.timschneeberger.rootlessjamesdsp_51.apk,humanoid,3,60,0,0,0,0,0
me.timschneeberger.rootlessjamesdsp_51.apk,humanoid,3,180,0,0,0,0,0
me.timschneeberger.rootlessjamesdsp_51.apk,humanoid,3,300,0,0,0,0,0
me.timschneeberger.rootlessjamesdsp_51.apk,ares,1,60,0,0,0,0,0
me.timschneeberger.rootlessjamesdsp_51.apk,ares,1,180,0,0,0,0,0
me.timschneeberger.rootlessjamesdsp_51.apk,ares,1,300,5,1,5,5,5.0
me.timschneeberger.rootlessjamesdsp_51.apk,ares,2,60,0,0,0,0,0
me.timschneeberger.rootlessjamesdsp_51.apk,ares,2,180,0,0,0,0,0
me.timschneeberger.rootlessjamesdsp_51.apk,ares,2,300,0,0,0,0,0
me.timschneeberger.rootlessjamesdsp_51.apk,ares,3,60,0,0,0,0,0
me.timschneeberger.rootlessjamesdsp_51.apk,ares,3,180,0,0,0,0,0
me.timschneeberger.rootlessjamesdsp_51.apk,ares,3,300,0,0,0,0,0
me.timschneeberger.rootlessjamesdsp_51.apk,fastbot,1,60,0,0,0,0,0
me.timschneeberger.rootlessjamesdsp_51.apk,fastbot,1,180,0,0,0,0,0
me.timschneeberger.rootlessjamesdsp_51.apk,fastbot,1,300,0,0,0,0,0
me.timschneeberger.rootlessjamesdsp_51.apk,fastbot,2,60,0,0,0,0,0
me.timschneeberger.rootlessjamesdsp_51.apk,fastbot,2,180,0,0,0,0,0
me.timschneeberger.rootlessjamesdsp_51.apk,fastbot,2,300,0,0,0,0,0
me.timschneeberger.rootlessjamesdsp_51.apk,fastbot,3,60,0,0,0,0,0
me.timschneeberger.rootlessjamesdsp_51.apk,fastbot,3,180,0,0,0,0,0
me.timschneeberger.rootlessjamesdsp_51.apk,fastbot,3,300,7,2,7,7,7.0
me.timschneeberger.rootlessjamesdsp_51.apk,qtesting,1,60,0,0,0,0,0
me.timschneeberger.rootlessjamesdsp_51.apk,qtesting,1,180,0,0,0,0,0
me.timschneeberger.rootlessjamesdsp_51.apk,qtesting,1,300,0,0,0,0,0
me.timschneeberger.rootlessjamesdsp_51.apk,qtesting,2,60,0,0,0,0,0
me.timschneeberger.rootlessjamesdsp_51.apk,qtesting,2,180,0,0,0,0,0
me.timschneeberger.rootlessjamesdsp_51.apk,qtesting,2,300,0,0,0,0,0
me.timschneeberger.rootlessjamesdsp_51.apk,qtesting,3,60,0,0,0,0,0
me.timschneeberger.rootlessjamesdsp_51.apk,qtesting,3,180,0,0,0,0,0
me.timschneeberger.rootlessjamesdsp_51.apk,qtesting,3,300,0,0,0,0,0
org.css_apps_m3.password_manager_16.apk,monkey,1,60,38,20,34,34,34.0
org.css_apps_m3.password_manager_16.apk,monkey,1,180,38,20,34,34,34.0
org.css_apps_m3.password_manager_16.apk,monkey,1,300,38,20,34,34,34.0
org.css_apps_m3.password_manager_16.apk,monkey,2,60,0,0,0,0,0
org.css_apps_m3.password_manager_16.apk,monkey,2,180,40,22,36,36,36.0
org.css_apps_m3.password_manager_16.apk,monkey,2,300,38,20,34,34,34.0
org.css_apps_m3.password_manager_16.apk,monkey,3,60,0,0,0,0,0
org.css_apps_m3.password_manager_16.apk,monkey,3,180,38,20,34,34,34.0
org.css_apps_m3.password_manager_16.apk,monkey,3,300,38,20,34,34,34.0
org.css_apps_m3.password_manager_16.apk,droidbot:dfs_greedy,1,60,0,0,0,0,0
org.css_apps_m3.password_manager_16.apk,droidbot:dfs_greedy,1,180,40,22,36,36,36.0
org.css_apps_m3.password_manager_16.apk,droidbot:dfs_greedy,1,300,40,22,36,36,36.0
org.css_apps_m3.password_manager_16.apk,droidbot:dfs_greedy,2,60,0,0,0,0,0
org.css_apps_m3.password_manager_16.apk,droidbot:dfs_greedy,2,180,40,22,36,36,36.0
org.css_apps_m3.password_manager_16.apk,droidbot:dfs_greedy,2,300,40,22,36,36,36.0
org.css_apps_m3.password_manager_16.apk,droidbot:dfs_greedy,3,60,0,0,0,0,0
org.css_apps_m3.password_manager_16.apk,droidbot:dfs_greedy,3,180,40,22,36,36,36.0
org.css_apps_m3.password_manager_16.apk,droidbot:bfs_greedy,1,60,0,0,0,0,0
org.css_apps_m3.password_manager_16.apk,droidbot:bfs_greedy,1,180,40,22,36,36,36.0
org.css_apps_m3.password_manager_16.apk,droidbot:bfs_greedy,1,300,40,22,36,36,36.0
org.css_apps_m3.password_manager_16.apk,droidbot:bfs_greedy,2,60,0,0,0,0,0
org.css_apps_m3.password_manager_16.apk,droidbot:bfs_greedy,2,180,40,22,36,36,36.0
org.css_apps_m3.password_manager_16.apk,droidbot:bfs_greedy,2,300,40,22,36,36,36.0
org.css_apps_m3.password_manager_16.apk,droidbot:bfs_greedy,3,180,40,22,36,36,36.0
org.css_apps_m3.password_manager_16.apk,droidbot:bfs_greedy,3,300,40,22,36,36,36.0
org.css_apps_m3.password_manager_16.apk,droidbot:dfs_naive,1,60,0,0,0,0,0
org.css_apps_m3.password_manager_16.apk,droidbot:dfs_naive,1,180,0,0,0,0,0
org.css_apps_m3.password_manager_16.apk,droidbot:dfs_naive,1,300,0,0,0,0,0
org.css_apps_m3.password_manager_16.apk,droidbot:dfs_naive,2,60,0,0,0,0,0
org.css_apps_m3.password_manager_16.apk,droidbot:dfs_naive,2,180,0,0,0,0,0
org.css_apps_m3.password_manager_16.apk,droidbot:dfs_naive,2,300,0,0,0,0,0
org.css_apps_m3.password_manager_16.apk,droidbot:dfs_naive,3,60,0,0,0,0,0
org.css_apps_m3.password_manager_16.apk,droidbot:dfs_naive,3,180,0,0,0,0,0
org.css_apps_m3.password_manager_16.apk,droidbot:dfs_naive,3,300,0,0,0,0,0
org.css_apps_m3.password_manager_16.apk,droidbot:bfs_naive,1,60,0,0,0,0,0
org.css_apps_m3.password_manager_16.apk,droidbot:bfs_naive,1,180,0,0,0,0,0
org.css_apps_m3.password_manager_16.apk,droidbot:bfs_naive,1,300,0,0,0,0,0
org.css_apps_m3.password_manager_16.apk,droidbot:bfs_naive,2,60,0,0,0,0,0
org.css_apps_m3.password_manager_16.apk,droidbot:bfs_naive,2,180,0,0,0,0,0
org.css_apps_m3.password_manager_16.apk,droidbot:bfs_naive,2,300,0,0,0,0,0
org.css_apps_m3.password_manager_16.apk,droidbot:bfs_naive,3,60,0,0,0,0,0
org.css_apps_m3.password_manager_16.apk,droidbot:bfs_naive,3,180,0,0,0,0,0
org.css_apps_m3.password_manager_16.apk,droidbot:bfs_naive,3,300,0,0,0,0,0
org.css_apps_m3.password_manager_16.apk,ape,1,60,0,0,0,0,0
org.css_apps_m3.password_manager_16.apk,ape,1,180,38,20,34,34,34.0
org.css_apps_m3.password_manager_16.apk,ape,1,300,38,20,34,34,34.0
org.css_apps_m3.password_manager_16.apk,ape,2,60,0,0,0,0,0
org.css_apps_m3.password_manager_16.apk,ape,2,180,38,20,34,34,34.0
org.css_apps_m3.password_manager_16.apk,ape,2,300,38,20,34,34,34.0
org.css_apps_m3.password_manager_16.apk,ape,3,60,0,0,0,0,0
org.css_apps_m3.password_manager_16.apk,ape,3,180,38,20,34,34,34.0
org.css_apps_m3.password_manager_16.apk,ape,3,300,60,20,34,34,34.0
org.css_apps_m3.password_manager_16.apk,droidmate,1,60,0,0,0,0,0
org.css_apps_m3.password_manager_16.apk,droidmate,1,180,0,0,0,0,0
org.css_apps_m3.password_manager_16.apk,droidmate,1,300,0,0,0,0,0
org.css_apps_m3.password_manager_16.apk,droidmate,2,60,0,0,0,0,0
org.css_apps_m3.password_manager_16.apk,droidmate,2,180,0,0,0,0,0
org.css_apps_m3.password_manager_16.apk,droidmate,2,300,38,20,34,34,34.0
org.css_apps_m3.password_manager_16.apk,droidmate,3,60,0,0,0,0,0
org.css_apps_m3.password_manager_16.apk,droidmate,3,300,0,0,0,0,0
org.css_apps_m3.password_manager_16.apk,humanoid,1,60,0,0,0,0,0
org.css_apps_m3.password_manager_16.apk,humanoid,1,180,60,20,34,34,34.0
org.css_apps_m3.password_manager_16.apk,humanoid,1,300,60,20,34,34,34.0
org.css_apps_m3.password_manager_16.apk,humanoid,2,60,0,0,0,0,0
org.css_apps_m3.password_manager_16.apk,humanoid,2,180,0,0,0,0,0
org.css_apps_m3.password_manager_16.apk,humanoid,2,300,0,0,0,0,0
org.css_apps_m3.password_manager_16.apk,humanoid,3,60,0,0,0,0,0
org.css_apps_m3.password_manager_16.apk,humanoid,3,180,0,0,0,0,0
org.css_apps_m3.password_manager_16.apk,humanoid,3,300,0,0,0,0,0
org.css_apps_m3.password_manager_16.apk,ares,1,60,33,17,29,29,29.0
org.css_apps_m3.password_manager_16.apk,ares,1,180,38,20,34,34,34.0
org.css_apps_m3.password_manager_16.apk,ares,1,300,40,22,36,36,36.0
org.css_apps_m3.password_manager_16.apk,ares,2,60,0,0,0,0,0
org.css_apps_m3.password_manager_16.apk,ares,2,180,0,0,0,0,0
org.css_apps_m3.password_manager_16.apk,ares,2,300,38,20,34,34,34.0
org.css_apps_m3.password_manager_16.apk,ares,3,60,33,17,29,29,29.0
org.css_apps_m3.password_manager_16.apk,ares,3,180,38,20,34,34,34.0
org.css_apps_m3.password_manager_16.apk,ares,3,300,0,0,0,0,0
org.css_apps_m3.password_manager_16.apk,fastbot,1,60,0,0,0,0,0
org.css_apps_m3.password_manager_16.apk,fastbot,1,180,0,0,0,0,0
org.css_apps_m3.password_manager_16.apk,fastbot,1,300,0,0,0,0,0
org.css_apps_m3.password_manager_16.apk,fastbot,2,60,0,0,0,0,0
org.css_apps_m3.password_manager_16.apk,fastbot,2,180,0,0,0,0,0
org.css_apps_m3.password_manager_16.apk,fastbot,2,300,0,0,0,0,0
org.css_apps_m3.password_manager_16.apk,fastbot,3,60,0,0,0,0,0
org.css_apps_m3.password_manager_16.apk,fastbot,3,180,0,0,0,0,0
org.css_apps_m3.password_manager_16.apk,fastbot,3,300,0,0,0,0,0
org.css_apps_m3.password_manager_16.apk,qtesting,1,60,0,0,0,0,0
org.css_apps_m3.password_manager_16.apk,qtesting,1,180,0,0,0,0,0
org.css_apps_m3.password_manager_16.apk,qtesting,1,300,0,0,0,0,0
org.css_apps_m3.password_manager_16.apk,qtesting,2,60,0,0,0,0,0
org.css_apps_m3.password_manager_16.apk,qtesting,2,180,0,0,0,0,0
org.css_apps_m3.password_manager_16.apk,qtesting,2,300,0,0,0,0,0
org.css_apps_m3.password_manager_16.apk,qtesting,3,60,0,0,0,0,0
org.css_apps_m3.password_manager_16.apk,qtesting,3,180,0,0,0,0,0
org.css_apps_m3.password_manager_16.apk,qtesting,3,300,0,0,0,0,0
org.glpi.inventory.agent_39469.apk,monkey,1,60,19,9,19,19,19.0
org.glpi.inventory.agent_39469.apk,monkey,1,180,19,9,19,19,19.0
org.glpi.inventory.agent_39469.apk,monkey,1,300,19,9,19,19,19.0
org.glpi.inventory.agent_39469.apk,monkey,2,60,19,9,19,19,19.0
org.glpi.inventory.agent_39469.apk,monkey,2,180,19,9,19,19,19.0
org.glpi.inventory.agent_39469.apk,monkey,2,300,11,5,11,11,11.0
org.glpi.inventory.agent_39469.apk,monkey,3,60,19,9,19,19,19.0
org.glpi.inventory.agent_39469.apk,monkey,3,180,19,9,19,19,19.0
org.glpi.inventory.agent_39469.apk,monkey,3,300,35,9,19,19,19.0
org.glpi.inventory.agent_39469.apk,droidbot:dfs_greedy,1,60,19,9,19,19,19.0
org.glpi.inventory.agent_39469.apk,droidbot:dfs_greedy,1,180,19,9,19,19,19.0
org.glpi.inventory.agent_39469.apk,droidbot:dfs_greedy,1,300,19,9,19,19,19.0
org.glpi.inventory.agent_39469.apk,droidbot:dfs_greedy,2,60,19,9,19,19,19.0
org.glpi.inventory.agent_39469.apk,droidbot:dfs_greedy,2,180,19,9,19,19,19.0
org.glpi.inventory.agent_39469.apk,droidbot:dfs_greedy,2,300,19,9,19,19,19.0
org.glpi.inventory.agent_39469.apk,droidbot:dfs_greedy,3,60,11,5,11,11,11.0
org.glpi.inventory.agent_39469.apk,droidbot:dfs_greedy,3,300,19,9,19,19,19.0
org.glpi.inventory.agent_39469.apk,droidbot:bfs_greedy,1,60,11,5,11,11,11.0
org.glpi.inventory.agent_39469.apk,droidbot:bfs_greedy,1,180,19,9,19,19,19.0
org.glpi.inventory.agent_39469.apk,droidbot:bfs_greedy,1,300,19,9,19,19,19.0
org.glpi.inventory.agent_39469.apk,droidbot:bfs_greedy,2,60,11,5,11,11,11.0
org.glpi.inventory.agent_39469.apk,droidbot:bfs_greedy,2,180,19,9,19,19,19.0
org.glpi.inventory.agent_39469.apk,droidbot:bfs_greedy,2,300,19,9,19,19,19.0
org.glpi.inventory.agent_39469.apk,droidbot:bfs_greedy,3,60,11,5,11,11,11.0
org.glpi.inventory.agent_39469.apk,droidbot:bfs_greedy,3,180,19,9,19,19,19.0
org.glpi.inventory.agent_39469.apk,droidbot:bfs_greedy,3,300,27,9,19,19,19.0
org.glpi.inventory.agent_39469.apk,droidbot:dfs_naive,1,60,11,5,11,11,11.0
org.glpi.inventory.agent_39469.apk,droidbot:dfs_naive,1,180,19,9,19,19,19.0
org.glpi.inventory.agent_39469.apk,droidbot:dfs_naive,1,300,19,9,19,19,19.0
org.glpi.inventory.agent_39469.apk,droidbot:dfs_naive,2,60,11,5,11,11,11.0
org.glpi.inventory.agent_39469.apk,droidbot:dfs_naive,2,180,19,9,19,19,19.0
org.glpi.inventory.agent_39469.apk,droidbot:dfs_naive,2,300,19,9,19,19,19.0
org.glpi.inventory.agent_39469.apk,droidbot:dfs_naive,3,60,11,5,11,11,11.0
org.glpi.inventory.agent_39469.apk,droidbot:dfs_naive,3,180,19,9,19,19,19.0
org.glpi.inventory.agent_39469.apk,droidbot:dfs_naive,3,300,19,9,19,19,19.0
org.glpi.inventory.agent_39469.apk,droidbot:bfs_naive,1,60,11,5,11,11,11.0
org.glpi.inventory.agent_39469.apk,droidbot:bfs_naive,1,180,19,9,19,19,19.0
org.glpi.inventory.agent_39469.apk,droidbot:bfs_naive,1,300,19,9,19,19,19.0
org.glpi.inventory.agent_39469.apk,droidbot:bfs_naive,2,60,11,5,11,11,11.0
org.glpi.inventory.agent_39469.apk,droidbot:bfs_naive,2,180,19,9,19,19,19.0
org.glpi.inventory.agent_39469.apk,droidbot:bfs_naive,2,300,19,9,19,19,19.0
org.glpi.inventory.agent_39469.apk,droidbot:bfs_naive,3,60,11,5,11,11,11.0
org.glpi.inventory.agent_39469.apk,droidbot:bfs_naive,3,180,19,9,19,19,19.0
org.glpi.inventory.agent_39469.apk,droidbot:bfs_naive,3,300,19,9,19,19,19.0
org.glpi.inventory.agent_39469.apk,ape,1,60,11,5,11,11,11.0
org.glpi.inventory.agent_39469.apk,ape,1,180,19,9,19,19,19.0
org.glpi.inventory.agent_39469.apk,ape,1,300,35,9,19,19,19.0
org.glpi.inventory.agent_39469.apk,ape,2,60,19,9,19,19,19.0
org.glpi.inventory.agent_39469.apk,ape,2,180,35,9,19,19,19.0
org.glpi.inventory.agent_39469.apk,ape,2,300,27,9,19,19,19.0
org.glpi.inventory.agent_39469.apk,ape,3,60,19,9,19,19,19.0
org.glpi.inventory.agent_39469.apk,ape,3,180,19,9,19,19,19.0
org.glpi.inventory.agent_39469.apk,ape,3,300,30,9,19,19,19.0
org.glpi.inventory.agent_39469.apk,droidmate,1,60,11,5,11,11,11.0
org.glpi.inventory.agent_39469.apk,droidmate,1,180,19,9,19,19,19.0
org.glpi.inventory.agent_39469.apk,droidmate,1,300,30,9,19,19,19.0
org.glpi.inventory.agent_39469.apk,droidmate,2,60,11,5,11,11,11.0
org.glpi.inventory.agent_39469.apk,droidmate,2,180,19,9,19,19,19.0
org.glpi.inventory.agent_39469.apk,droidmate,2,300,129,9,19,19,19.0
org.glpi.inventory.agent_39469.apk,droidmate,3,60,11,5,11,11,11.0
org.glpi.inventory.agent_39469.apk,droidmate,3,180,44,5,11,11,11.0
org.glpi.inventory.agent_39469.apk,droidmate,3,300,30,9,19,19,19.0
org.glpi.inventory.agent_39469.apk,humanoid,1,60,19,9,19,19,19.0
org.glpi.inventory.agent_39469.apk,humanoid,1,180,19,9,19,19,19.0
org.glpi.inventory.agent_39469.apk,humanoid,1,300,19,9,19,19,19.0
org.glpi.inventory.agent_39469.apk,humanoid,2,60,19,9,19,19,19.0
org.glpi.inventory.agent_39469.apk,humanoid,2,180,19,9,19,19,19.0
org.glpi.inventory.agent_39469.apk,humanoid,2,300,19,9,19,19,19.0
org.glpi.inventory.agent_39469.apk,humanoid,3,60,19,9,19,19,19.0
org.glpi.inventory.agent_39469.apk,humanoid,3,180,11,5,11,11,11.0
org.glpi.inventory.agent_39469.apk,humanoid,3,300,19,9,19,19,19.0
org.glpi.inventory.agent_39469.apk,ares,1,60,22,5,11,11,11.0
org.glpi.inventory.agent_39469.apk,ares,1,180,30,9,19,19,19.0
org.glpi.inventory.agent_39469.apk,ares,1,300,30,9,19,19,19.0
org.glpi.inventory.agent_39469.apk,ares,2,60,30,9,19,19,19.0
org.glpi.inventory.agent_39469.apk,ares,2,180,22,5,11,11,11.0
org.glpi.inventory.agent_39469.apk,ares,2,300,30,9,19,19,19.0
org.glpi.inventory.agent_39469.apk,ares,3,60,30,9,19,19,19.0
org.glpi.inventory.agent_39469.apk,ares,3,180,30,9,19,19,19.0
org.glpi.inventory.agent_39469.apk,ares,3,300,30,9,19,19,19.0
org.glpi.inventory.agent_39469.apk,fastbot,1,60,19,9,19,19,19.0
org.glpi.inventory.agent_39469.apk,fastbot,1,180,27,9,19,19,19.0
org.glpi.inventory.agent_39469.apk,fastbot,1,300,19,9,19,19,19.0
org.glpi.inventory.agent_39469.apk,fastbot,2,60,19,9,19,19,19.0
org.glpi.inventory.agent_39469.apk,fastbot,2,180,19,9,19,19,19.0
org.glpi.inventory.agent_39469.apk,fastbot,2,300,19,9,19,19,19.0
org.glpi.inventory.agent_39469.apk,fastbot,3,60,19,9,19,19,19.0
org.glpi.inventory.agent_39469.apk,fastbot,3,180,19,9,19,19,19.0
org.glpi.inventory.agent_39469.apk,fastbot,3,300,19,9,19,19,19.0
org.glpi.inventory.agent_39469.apk,qtesting,1,60,35,9,19,19,19.0
org.glpi.inventory.agent_39469.apk,qtesting,1,180,59,9,19,19,19.0
org.glpi.inventory.agent_39469.apk,qtesting,1,300,75,9,19,19,19.0
org.glpi.inventory.agent_39469.apk,qtesting,2,60,27,9,19,19,19.0
org.glpi.inventory.agent_39469.apk,qtesting,2,180,59,9,19,19,19.0
org.glpi.inventory.agent_39469.apk,qtesting,2,300,83,9,19,19,19.0
org.glpi.inventory.agent_39469.apk,qtesting,3,60,27,9,19,19,19.0
org.glpi.inventory.agent_39469.apk,qtesting,3,180,51,9,19,19,19.0
org.glpi.inventory.agent_39469.apk,qtesting,3,300,99,9,19,19,19.0
org.prauga.messages_8.apk,monkey,1,60,0,0,0,0,0
org.prauga.messages_8.apk,monkey,1,180,0,0,0,0,0
org.prauga.messages_8.apk,monkey,1,300,0,0,0,0,0
org.prauga.messages_8.apk,monkey,2,60,0,0,0,0,0
org.prauga.messages_8.apk,monkey,2,180,0,0,0,0,0
org.prauga.messages_8.apk,monkey,2,300,0,0,0,0,0
org.prauga.messages_8.apk,monkey,3,60,0,0,0,0,0
org.prauga.messages_8.apk,monkey,3,180,0,0,0,0,0
de.markusfisch.android.binaryeye_174.apk,monkey,2,300,0,0,0,0,0
de.markusfisch.android.binaryeye_174.apk,ares,1,60,0,0,0,0,0
dev.ukanth.ufirewall_20260301.apk,monkey,2,180,0,0,0,0,0
dev.ukanth.ufirewall_20260301.apk,droidbot:dfs_naive,2,180,0,0,0,0,0
org.css_apps_m3.password_manager_16.apk,droidbot:dfs_greedy,3,300,40,22,36,36,36.0
org.css_apps_m3.password_manager_16.apk,droidbot:bfs_greedy,3,60,0,0,0,0,0
org.css_apps_m3.password_manager_16.apk,droidmate,3,180,0,0,0,0,0
org.glpi.inventory.agent_39469.apk,droidbot:dfs_greedy,3,180,19,9,19,19,19.0
org.prauga.messages_8.apk,monkey,3,300,0,0,0,0,0
org.prauga.messages_8.apk,droidbot:dfs_greedy,1,60,0,0,0,0,0
org.prauga.messages_8.apk,droidbot:dfs_greedy,1,180,0,0,0,0,0
org.prauga.messages_8.apk,droidbot:dfs_greedy,1,300,0,0,0,0,0
org.prauga.messages_8.apk,droidbot:dfs_greedy,2,60,0,0,0,0,0
org.prauga.messages_8.apk,droidbot:dfs_greedy,2,180,0,0,0,0,0
org.prauga.messages_8.apk,droidbot:dfs_greedy,2,300,0,0,0,0,0
org.prauga.messages_8.apk,droidbot:dfs_greedy,3,60,0,0,0,0,0
org.prauga.messages_8.apk,droidbot:dfs_greedy,3,180,0,0,0,0,0
org.prauga.messages_8.apk,droidbot:dfs_greedy,3,300,0,0,0,0,0
org.prauga.messages_8.apk,droidbot:bfs_greedy,1,60,0,0,0,0,0
org.prauga.messages_8.apk,droidbot:bfs_greedy,1,180,0,0,0,0,0
org.prauga.messages_8.apk,droidbot:bfs_greedy,1,300,0,0,0,0,0
org.prauga.messages_8.apk,droidbot:bfs_greedy,2,60,0,0,0,0,0
org.prauga.messages_8.apk,droidbot:bfs_greedy,2,180,0,0,0,0,0
org.prauga.messages_8.apk,droidbot:bfs_greedy,2,300,0,0,0,0,0
org.prauga.messages_8.apk,droidbot:bfs_greedy,3,60,0,0,0,0,0
org.prauga.messages_8.apk,droidbot:bfs_greedy,3,180,0,0,0,0,0
org.prauga.messages_8.apk,droidbot:bfs_greedy,3,300,0,0,0,0,0
org.prauga.messages_8.apk,droidbot:dfs_naive,1,60,0,0,0,0,0
org.prauga.messages_8.apk,droidbot:dfs_naive,1,180,0,0,0,0,0
org.prauga.messages_8.apk,droidbot:dfs_naive,1,300,0,0,0,0,0
org.prauga.messages_8.apk,droidbot:dfs_naive,2,60,0,0,0,0,0
org.prauga.messages_8.apk,droidbot:dfs_naive,2,180,0,0,0,0,0
org.prauga.messages_8.apk,droidbot:dfs_naive,2,300,0,0,0,0,0
org.prauga.messages_8.apk,droidbot:dfs_naive,3,60,0,0,0,0,0
org.prauga.messages_8.apk,droidbot:dfs_naive,3,180,0,0,0,0,0
org.prauga.messages_8.apk,droidbot:dfs_naive,3,300,0,0,0,0,0
org.prauga.messages_8.apk,droidbot:bfs_naive,1,60,0,0,0,0,0
org.prauga.messages_8.apk,droidbot:bfs_naive,1,180,0,0,0,0,0
org.prauga.messages_8.apk,droidbot:bfs_naive,1,300,0,0,0,0,0
org.prauga.messages_8.apk,droidbot:bfs_naive,2,60,0,0,0,0,0
org.prauga.messages_8.apk,droidbot:bfs_naive,2,180,0,0,0,0,0
org.prauga.messages_8.apk,droidbot:bfs_naive,2,300,0,0,0,0,0
org.prauga.messages_8.apk,droidbot:bfs_naive,3,60,0,0,0,0,0
org.prauga.messages_8.apk,droidbot:bfs_naive,3,180,0,0,0,0,0
org.prauga.messages_8.apk,droidbot:bfs_naive,3,300,0,0,0,0,0
org.prauga.messages_8.apk,ape,1,60,0,0,0,0,0
org.prauga.messages_8.apk,ape,1,180,0,0,0,0,0
org.prauga.messages_8.apk,ape,1,300,0,0,0,0,0
org.prauga.messages_8.apk,ape,2,60,0,0,0,0,0
org.prauga.messages_8.apk,ape,2,180,0,0,0,0,0
org.prauga.messages_8.apk,ape,2,300,0,0,0,0,0
org.prauga.messages_8.apk,ape,3,60,0,0,0,0,0
org.prauga.messages_8.apk,ape,3,180,0,0,0,0,0
org.prauga.messages_8.apk,droidmate,1,60,0,0,0,0,0
org.prauga.messages_8.apk,droidmate,1,180,0,0,0,0,0
org.prauga.messages_8.apk,droidmate,1,300,0,0,0,0,0
org.prauga.messages_8.apk,droidmate,2,60,0,0,0,0,0
org.prauga.messages_8.apk,droidmate,2,180,0,0,0,0,0
org.prauga.messages_8.apk,droidmate,2,300,0,0,0,0,0
org.prauga.messages_8.apk,droidmate,3,60,0,0,0,0,0
org.prauga.messages_8.apk,droidmate,3,180,0,0,0,0,0
org.prauga.messages_8.apk,droidmate,3,300,0,0,0,0,0
org.prauga.messages_8.apk,humanoid,1,60,0,0,0,0,0
org.prauga.messages_8.apk,humanoid,1,180,0,0,0,0,0
org.prauga.messages_8.apk,humanoid,1,300,0,0,0,0,0
org.prauga.messages_8.apk,humanoid,2,60,0,0,0,0,0
org.prauga.messages_8.apk,humanoid,2,180,0,0,0,0,0
org.prauga.messages_8.apk,humanoid,2,300,0,0,0,0,0
org.prauga.messages_8.apk,humanoid,3,60,0,0,0,0,0
org.prauga.messages_8.apk,humanoid,3,180,0,0,0,0,0
org.prauga.messages_8.apk,ape,3,300,0,0,0,0,0
org.prauga.messages_8.apk,humanoid,3,300,0,0,0,0,0
org.prauga.messages_8.apk,ares,1,60,0,0,0,0,0
org.prauga.messages_8.apk,ares,1,180,0,0,0,0,0
org.prauga.messages_8.apk,ares,1,300,0,0,0,0,0
org.prauga.messages_8.apk,ares,2,60,0,0,0,0,0
org.prauga.messages_8.apk,ares,2,180,0,0,0,0,0
org.prauga.messages_8.apk,ares,2,300,0,0,0,0,0
org.prauga.messages_8.apk,ares,3,60,0,0,0,0,0
org.prauga.messages_8.apk,ares,3,180,0,0,0,0,0
org.prauga.messages_8.apk,ares,3,300,0,0,0,0,0
org.prauga.messages_8.apk,fastbot,1,60,0,0,0,0,0
org.prauga.messages_8.apk,fastbot,1,180,0,0,0,0,0
org.prauga.messages_8.apk,fastbot,1,300,0,0,0,0,0
org.prauga.messages_8.apk,fastbot,2,60,0,0,0,0,0
org.prauga.messages_8.apk,fastbot,2,180,0,0,0,0,0
org.prauga.messages_8.apk,fastbot,2,300,0,0,0,0,0
org.prauga.messages_8.apk,fastbot,3,60,0,0,0,0,0
org.prauga.messages_8.apk,fastbot,3,180,0,0,0,0,0
org.prauga.messages_8.apk,fastbot,3,300,0,0,0,0,0
org.prauga.messages_8.apk,qtesting,1,60,0,0,0,0,0
org.prauga.messages_8.apk,qtesting,1,180,0,0,0,0,0
org.prauga.messages_8.apk,qtesting,1,300,0,0,0,0,0
org.prauga.messages_8.apk,qtesting,2,60,0,0,0,0,0
org.prauga.messages_8.apk,qtesting,2,180,0,0,0,0,0
org.prauga.messages_8.apk,qtesting,2,300,0,0,0,0,0
org.prauga.messages_8.apk,qtesting,3,60,0,0,0,0,0
org.prauga.messages_8.apk,qtesting,3,180,0,0,0,0,0
org.prauga.messages_8.apk,qtesting,3,300,0,0,0,0,0
ua.com.radiokot.lnaddr2invoice_8.apk,monkey,1,60,7,2,7,7,7.0
ua.com.radiokot.lnaddr2invoice_8.apk,monkey,1,180,7,2,7,7,7.0
ua.com.radiokot.lnaddr2invoice_8.apk,monkey,1,300,6,2,6,6,6.0
ua.com.radiokot.lnaddr2invoice_8.apk,monkey,2,60,7,2,7,7,7.0
ua.com.radiokot.lnaddr2invoice_8.apk,monkey,2,180,7,2,7,7,7.0
ua.com.radiokot.lnaddr2invoice_8.apk,monkey,2,300,7,2,7,7,7.0
ua.com.radiokot.lnaddr2invoice_8.apk,monkey,3,60,7,2,7,7,7.0
ua.com.radiokot.lnaddr2invoice_8.apk,monkey,3,180,7,2,7,7,7.0
ua.com.radiokot.lnaddr2invoice_8.apk,droidbot:dfs_greedy,1,60,0,0,0,0,0
ua.com.radiokot.lnaddr2invoice_8.apk,droidbot:dfs_greedy,1,180,0,0,0,0,0
ua.com.radiokot.lnaddr2invoice_8.apk,droidbot:dfs_greedy,1,300,0,0,0,0,0
ua.com.radiokot.lnaddr2invoice_8.apk,droidbot:dfs_greedy,2,60,0,0,0,0,0
ua.com.radiokot.lnaddr2invoice_8.apk,droidbot:dfs_greedy,2,180,0,0,0,0,0
ua.com.radiokot.lnaddr2invoice_8.apk,droidbot:dfs_greedy,2,300,0,0,0,0,0
ua.com.radiokot.lnaddr2invoice_8.apk,droidbot:dfs_greedy,3,60,0,0,0,0,0
ua.com.radiokot.lnaddr2invoice_8.apk,droidbot:dfs_greedy,3,180,0,0,0,0,0
ua.com.radiokot.lnaddr2invoice_8.apk,droidbot:dfs_greedy,3,300,0,0,0,0,0
ua.com.radiokot.lnaddr2invoice_8.apk,droidbot:bfs_greedy,1,60,0,0,0,0,0
ua.com.radiokot.lnaddr2invoice_8.apk,droidbot:bfs_greedy,1,180,0,0,0,0,0
ua.com.radiokot.lnaddr2invoice_8.apk,droidbot:bfs_greedy,1,300,0,0,0,0,0
ua.com.radiokot.lnaddr2invoice_8.apk,droidbot:bfs_greedy,2,60,0,0,0,0,0
ua.com.radiokot.lnaddr2invoice_8.apk,droidbot:bfs_greedy,2,180,0,0,0,0,0
ua.com.radiokot.lnaddr2invoice_8.apk,droidbot:bfs_greedy,2,300,0,0,0,0,0
ua.com.radiokot.lnaddr2invoice_8.apk,droidbot:bfs_greedy,3,60,0,0,0,0,0
ua.com.radiokot.lnaddr2invoice_8.apk,droidbot:bfs_greedy,3,180,0,0,0,0,0
ua.com.radiokot.lnaddr2invoice_8.apk,droidbot:bfs_greedy,3,300,0,0,0,0,0
ua.com.radiokot.lnaddr2invoice_8.apk,droidbot:dfs_naive,1,60,0,0,0,0,0
ua.com.radiokot.lnaddr2invoice_8.apk,droidbot:dfs_naive,1,180,0,0,0,0,0
ua.com.radiokot.lnaddr2invoice_8.apk,droidbot:dfs_naive,1,300,0,0,0,0,0
ua.com.radiokot.lnaddr2invoice_8.apk,droidbot:dfs_naive,2,60,0,0,0,0,0
ua.com.radiokot.lnaddr2invoice_8.apk,droidbot:dfs_naive,2,180,0,0,0,0,0
ua.com.radiokot.lnaddr2invoice_8.apk,droidbot:dfs_naive,2,300,0,0,0,0,0
ua.com.radiokot.lnaddr2invoice_8.apk,droidbot:dfs_naive,3,60,0,0,0,0,0
ua.com.radiokot.lnaddr2invoice_8.apk,droidbot:dfs_naive,3,180,0,0,0,0,0
ua.com.radiokot.lnaddr2invoice_8.apk,droidbot:dfs_naive,3,300,0,0,0,0,0
ua.com.radiokot.lnaddr2invoice_8.apk,droidbot:bfs_naive,1,60,0,0,0,0,0
ua.com.radiokot.lnaddr2invoice_8.apk,droidbot:bfs_naive,1,180,0,0,0,0,0
ua.com.radiokot.lnaddr2invoice_8.apk,droidbot:bfs_naive,1,300,0,0,0,0,0
ua.com.radiokot.lnaddr2invoice_8.apk,droidbot:bfs_naive,2,60,0,0,0,0,0
ua.com.radiokot.lnaddr2invoice_8.apk,droidbot:bfs_naive,2,180,0,0,0,0,0
ua.com.radiokot.lnaddr2invoice_8.apk,droidbot:bfs_naive,2,300,0,0,0,0,0
ua.com.radiokot.lnaddr2invoice_8.apk,droidbot:bfs_naive,3,60,0,0,0,0,0
ua.com.radiokot.lnaddr2invoice_8.apk,droidbot:bfs_naive,3,180,0,0,0,0,0
ua.com.radiokot.lnaddr2invoice_8.apk,droidbot:bfs_naive,3,300,0,0,0,0,0
ua.com.radiokot.lnaddr2invoice_8.apk,ape,1,60,0,0,0,0,0
ua.com.radiokot.lnaddr2invoice_8.apk,ape,1,180,0,0,0,0,0
ua.com.radiokot.lnaddr2invoice_8.apk,ape,1,300,0,0,0,0,0
ua.com.radiokot.lnaddr2invoice_8.apk,ape,2,60,0,0,0,0,0
ua.com.radiokot.lnaddr2invoice_8.apk,ape,2,180,0,0,0,0,0
ua.com.radiokot.lnaddr2invoice_8.apk,ape,2,300,7,2,7,7,7.0
ua.com.radiokot.lnaddr2invoice_8.apk,ape,3,60,0,0,0,0,0
ua.com.radiokot.lnaddr2invoice_8.apk,ape,3,180,0,0,0,0,0
ua.com.radiokot.lnaddr2invoice_8.apk,ape,3,300,14,2,7,7,7.0
ua.com.radiokot.lnaddr2invoice_8.apk,droidmate,1,60,0,0,0,0,0
ua.com.radiokot.lnaddr2invoice_8.apk,droidmate,1,180,0,0,0,0,0
ua.com.radiokot.lnaddr2invoice_8.apk,droidmate,1,300,0,0,0,0,0
ua.com.radiokot.lnaddr2invoice_8.apk,droidmate,2,60,0,0,0,0,0
ua.com.radiokot.lnaddr2invoice_8.apk,droidmate,2,180,0,0,0,0,0
ua.com.radiokot.lnaddr2invoice_8.apk,droidmate,2,300,0,0,0,0,0
ua.com.radiokot.lnaddr2invoice_8.apk,droidmate,3,60,0,0,0,0,0
ua.com.radiokot.lnaddr2invoice_8.apk,droidmate,3,180,0,0,0,0,0
ua.com.radiokot.lnaddr2invoice_8.apk,droidmate,3,300,0,0,0,0,0
ua.com.radiokot.lnaddr2invoice_8.apk,humanoid,1,60,0,0,0,0,0
ua.com.radiokot.lnaddr2invoice_8.apk,humanoid,1,180,0,0,0,0,0
ua.com.radiokot.lnaddr2invoice_8.apk,humanoid,1,300,0,0,0,0,0
ua.com.radiokot.lnaddr2invoice_8.apk,humanoid,2,60,0,0,0,0,0
ua.com.radiokot.lnaddr2invoice_8.apk,humanoid,2,180,0,0,0,0,0
ua.com.radiokot.lnaddr2invoice_8.apk,humanoid,2,300,0,0,0,0,0
ua.com.radiokot.lnaddr2invoice_8.apk,humanoid,3,60,0,0,0,0,0
ua.com.radiokot.lnaddr2invoice_8.apk,humanoid,3,180,0,0,0,0,0
ua.com.radiokot.lnaddr2invoice_8.apk,humanoid,3,300,0,0,0,0,0
ua.com.radiokot.lnaddr2invoice_8.apk,ares,1,60,0,0,0,0,0
ua.com.radiokot.lnaddr2invoice_8.apk,ares,1,180,0,0,0,0,0
ua.com.radiokot.lnaddr2invoice_8.apk,ares,1,300,0,0,0,0,0
ua.com.radiokot.lnaddr2invoice_8.apk,ares,2,60,0,0,0,0,0
ua.com.radiokot.lnaddr2invoice_8.apk,ares,2,180,0,0,0,0,0
ua.com.radiokot.lnaddr2invoice_8.apk,ares,2,300,0,0,0,0,0
ua.com.radiokot.lnaddr2invoice_8.apk,ares,3,60,0,0,0,0,0
ua.com.radiokot.lnaddr2invoice_8.apk,ares,3,180,0,0,0,0,0
ua.com.radiokot.lnaddr2invoice_8.apk,ares,3,300,0,0,0,0,0
ua.com.radiokot.lnaddr2invoice_8.apk,fastbot,1,60,0,0,0,0,0
ua.com.radiokot.lnaddr2invoice_8.apk,fastbot,1,180,0,0,0,0,0
ua.com.radiokot.lnaddr2invoice_8.apk,fastbot,1,300,0,0,0,0,0
ua.com.radiokot.lnaddr2invoice_8.apk,fastbot,2,60,0,0,0,0,0
ua.com.radiokot.lnaddr2invoice_8.apk,fastbot,2,180,0,0,0,0,0
ua.com.radiokot.lnaddr2invoice_8.apk,fastbot,2,300,7,2,7,7,7.0
ua.com.radiokot.lnaddr2invoice_8.apk,fastbot,3,60,7,2,7,7,7.0
ua.com.radiokot.lnaddr2invoice_8.apk,fastbot,3,180,7,2,7,7,7.0
ua.com.radiokot.lnaddr2invoice_8.apk,fastbot,3,300,0,0,0,0,0
ua.com.radiokot.lnaddr2invoice_8.apk,qtesting,1,60,0,0,0,0,0
ua.com.radiokot.lnaddr2invoice_8.apk,qtesting,1,180,0,0,0,0,0
ua.com.radiokot.lnaddr2invoice_8.apk,qtesting,1,300,0,0,0,0,0
ua.com.radiokot.lnaddr2invoice_8.apk,qtesting,2,60,0,0,0,0,0
ua.com.radiokot.lnaddr2invoice_8.apk,qtesting,2,180,0,0,0,0,0
ua.com.radiokot.lnaddr2invoice_8.apk,qtesting,2,300,0,0,0,0,0
ua.com.radiokot.lnaddr2invoice_8.apk,qtesting,3,60,0,0,0,0,0
ua.com.radiokot.lnaddr2invoice_8.apk,qtesting,3,180,0,0,0,0,0
ua.com.radiokot.lnaddr2invoice_8.apk,qtesting,3,300,0,0,0,0,0
ua.com.radiokot.lnaddr2invoice_8.apk,monkey,3,300,7,2,7,7,7
